rel_path,file_name,ext,size_bytes,status,searchable,programmatic,text_extractable,is_structured,page_or_sheet_count,attachment_count,estimated_entities,estimate_truncated,bde_person_count,bde_confirmed,entity_bucket,entities_found,value_signal,pi_categories,is_bde,complexity_bucket,ambiguity,llm_consulted,llm_responsive,llm_tokens,suggested_lane,detail,ocr_attempted,ocr,ocr_pages,img_ocr_qualifying,img_ocr_calls,img_ocr_ok,img_decode_failed,di_calls,elapsed_s,nr_stage1,bde_stage1,s2_ran,s2_skip_reason,s2_llm_consulted,s2_llm_responsiveness,s2_llm_responsive,s2_llm_tokens,s2_is_bde,s2_lane,s2_nr,s2_detail,llm_tokens_total
CNG_Data2k/files/Q00897.01-0000787579.0004.PDF,Q00897.01-0000787579.0004.PDF,.pdf,36383,ok,True,False,text,False,1,0,5,False,0,False,0-10,Name | Address | Phone | Card Expiry/CVV | Money/Amount,True,Contact Information | Financial Account Information,False,,ambiguous,True,yes,4382,standard,,False,False,0,0,0,0,0,0,2.448,False,False,True,,True,likely_no,no,4454,False,likely_non_responsive,True,,8836
CNG_Data2k/files/Q00897.01-0000408362.0001.0013.XLSX,Q00897.01-0000408362.0001.0013.XLSX,.xlsx,160316,ok,True,True,text,True,15,0,83,False,0,False,50-100,Phone | Payment Card | Bank/Account Number | Money/Amount,True,Contact Information | Financial Account Information,False,,ambiguous,True,no,9219,likely_non_responsive,bde_llm_count,False,False,0,0,0,0,0,0,2.459,True,False,False,stage1_nr,False,,,0,False,,False,,9219
CNG_Data2k/files/Q00897.01-0000909722.PDF,Q00897.01-0000909722.PDF,.pdf,34882,ok,True,False,text,False,3,0,30,False,30,False,20-50,Name | Address | Phone | Money/Amount,True,Contact Information | Financial Account Information,False,,ambiguous,True,yes,14889,standard,bde_llm_count_roster,False,False,0,0,0,0,0,0,72.49,False,False,True,,True,clear_yes,yes,7946,False,standard,False,,22835
CNG_Data2k/files/Q00897.01-0000790745.MSG,Q00897.01-0000790745.MSG,.msg,53760,ok,True,False,text,False,0,1,4,False,0,False,0-10,Name | Address | Email | Phone | Health,True,Contact Information | Health-Related Information,False,,ambiguous,True,no,4151,likely_non_responsive,,False,False,0,0,0,0,0,0,1.855,True,False,False,stage1_nr,False,,,0,False,,False,,4151
CNG_Data2k/files/Q00897.01-0000704751.MSG,Q00897.01-0000704751.MSG,.msg,133120,ok,True,False,text,False,0,0,0,False,0,False,0-10,,False,,False,,clear_non_responsive,False,,0,likely_non_responsive,,False,False,0,0,0,0,0,0,0.084,True,False,False,stage1_nr,False,,,0,False,,False,,0
CNG_Data2k/files/Q00897.01-0000307404.MSG,Q00897.01-0000307404.MSG,.msg,146432,ok,True,False,text,False,0,2,8,False,6,False,0-10,Name | Address | Email | Phone | Card/Transaction | Money/Amount,True,Contact Information | Financial Account Information,False,,ambiguous,True,yes,13964,standard,bde_llm_count,False,False,0,0,0,0,0,0,5.863,False,False,True,,True,likely_yes,yes,7458,False,standard,False,,21422
CNG_Data2k/files/Q00897.01-0000870336.PDF,Q00897.01-0000870336.PDF,.pdf,242570,ok,True,False,text,False,1,0,2,False,0,False,0-10,Name | Address | Email | Phone | Health,True,Contact Information | Health-Related Information,False,,ambiguous,True,yes,4222,standard,,True,True,1,0,0,0,0,1,7.843,False,False,True,,True,clear_yes,yes,4267,False,standard,False,,8489
CNG_Data2k\files\Q00897.01-0000851575.XLS,Q00897.01-0000851575.XLS,.xls,22238,ok,True,True,text,True,1,0,66,False,0,False,50-100,,False,,False,,ambiguous,True,no,3759,likely_non_responsive,roster_by_rowcount bde_llm_count,False,False,0,0,0,0,0,0,2.265,True,False,False,stage1_nr,False,,,0,False,,False,,3759
CNG_Data2k/files/Q00897.01-0000675605.MSG,Q00897.01-0000675605.MSG,.msg,1460736,ok,True,False,text,False,0,4,3,False,0,False,0-10,Name | Address | Email | Phone | Card/Transaction | Money/Amount,True,Contact Information | Financial Account Information,False,,ambiguous,True,yes,4769,standard,,False,False,0,0,0,0,0,0,63.236,False,False,True,,True,clear_no,no,4830,False,likely_non_responsive,True,,9599
CNG_Data2k/files/Q00897.01-0000819605.MSG,Q00897.01-0000819605.MSG,.msg,37376,error,False,False,,False,0,0,0,False,0,False,,,False,,False,,,False,,0,review_error,KeyError,False,False,0,0,0,0,0,0,0.255,False,False,False,extract_error,False,,,0,False,,False,,0
CNG_Data2k\files\Q00897.01-0000724795.0001.XLS,Q00897.01-0000724795.0001.XLS,.xls,9633,ok,True,True,text,True,1,0,3,False,0,False,0-10,Name | Address,True,Contact Information,False,,ambiguous,True,yes,3463,standard,bde_llm_count,False,False,0,0,0,0,0,0,5.898,False,False,True,,True,clear_no,no,2315,False,likely_non_responsive,True,,5778
CNG_Data2k/files/Q00897.01-0000001916.PDF,Q00897.01-0000001916.PDF,.pdf,935464,ok,True,False,text,False,2,0,4,False,0,False,0-10,Name | Address | SSN | Date of Birth | Money/Amount,True,Contact Information | Government-Issued Identification | Birth Information | Financial Account Information,False,,clear_responsive,False,,0,standard,,True,True,2,0,0,0,0,1,8.652,False,False,True,,True,clear_yes,yes,4647,False,standard,False,,4647
CNG_Data2k/files/Q00897.01-0000007805.PDF,Q00897.01-0000007805.PDF,.pdf,44850,ok,True,False,text,False,9,0,50,False,50,False,20-50,Name | Address,True,Contact Information,False,,ambiguous,True,yes,21276,standard,bde_llm_count_roster,False,False,0,0,0,0,0,0,17.274,False,False,True,,True,clear_yes,yes,11328,False,standard,False,,32604
CNG_Data2k/files/Q00897.01-0000894193.PDF,Q00897.01-0000894193.PDF,.pdf,7614,ok,True,False,text,False,1,0,0,False,0,False,0-10,,False,,False,,clear_non_responsive,False,,0,likely_non_responsive,,False,False,0,0,0,0,0,0,0.057,True,False,False,stage1_nr,False,,,0,False,,False,,0
CNG_Data2k/files/Q00897.01-0000616747.MSG,Q00897.01-0000616747.MSG,.msg,266752,ok,True,False,text,False,0,3,6,False,0,False,0-10,Name | Address | Email | Phone,True,Contact Information,False,,ambiguous,True,yes,6723,standard,,False,False,0,0,0,0,0,0,5.017,False,False,True,,True,likely_no,no,6734,False,likely_non_responsive,True,,13457
CNG_Data2k/files/Q00897.01-0000884048.XLSX,Q00897.01-0000884048.XLSX,.xlsx,54234,ok,True,True,text,True,5,0,58,False,58,True,50-100,Name | Address | Phone,True,Contact Information,True,,ambiguous,True,yes,8148,structured_bde,bde_llm_count_roster,False,False,0,0,0,0,0,0,3.969,False,True,True,,True,clear_no,no,4516,True,likely_non_responsive,True,,12664
CNG_Data2k/files/Q00897.01-0000669864.MSG,Q00897.01-0000669864.MSG,.msg,213504,ok,True,False,text,False,0,2,3,False,0,False,0-10,Name | Phone,True,Contact Information,False,,ambiguous,True,no,3729,likely_non_responsive,,False,False,0,0,0,0,0,0,1.303,True,False,False,stage1_nr,False,,,0,False,,False,,3729
CNG_Data2k/files/Q00897.01-0000907300.PDF,Q00897.01-0000907300.PDF,.pdf,821323,ok,True,False,text,False,114,0,30,False,30,False,20-50,Name | Address | Phone | Money/Amount,True,Contact Information | Financial Account Information,False,,ambiguous,True,yes,36284,standard,bde_llm_count_roster,False,False,0,0,0,0,0,0,25.037,False,False,True,,True,clear_yes,yes,18586,False,standard,False,,54870
CNG_Data2k/files/Q00897.01-0000841723.0016.PDF,Q00897.01-0000841723.0016.PDF,.pdf,6678,ok,True,False,text,False,3,0,1,False,0,False,0-10,Address | Money/Amount | Work-Related,True,Contact Information | Financial Account Information | Work-Related Information,False,,ambiguous,True,no,5390,likely_non_responsive,,False,False,0,0,0,0,0,0,1.488,True,False,False,stage1_nr,False,,,0,False,,False,,5390
CNG_Data2k/files/Q00897.01-0000132434.PDF,Q00897.01-0000132434.PDF,.pdf,348388,ok,True,True,text,True,2,0,29,False,0,False,20-50,Name | Address | Phone | Money/Amount,True,Contact Information | Financial Account Information,False,,ambiguous,True,yes,7844,standard,bde_llm_count,True,True,2,0,0,0,0,1,9.27,False,False,True,,True,clear_no,no,4375,False,likely_non_responsive,True,,12219
CNG_Data2k/files/Q00897.01-0000342009.PDF,Q00897.01-0000342009.PDF,.pdf,100858,ok,True,False,text,False,5,0,2,False,0,False,0-10,Name | Address | Phone,True,Contact Information,False,,ambiguous,True,no,6172,likely_non_responsive,,False,False,0,0,0,0,0,0,2.348,True,False,False,stage1_nr,False,,,0,False,,False,,6172
CNG_Data2k/files/Q00897.01-0000868618.TXT,Q00897.01-0000868618.TXT,.txt,27721,ok,True,False,text,False,0,0,91,False,0,False,50-100,Address | Phone | Money/Amount,True,Contact Information | Financial Account Information,False,,ambiguous,True,no,33746,likely_non_responsive,bde_llm_count,False,False,0,0,0,0,0,0,2.68,True,False,False,stage1_nr,False,,,0,False,,False,,33746
CNG_Data2k/files/Q00897.01-0000613390.MSG,Q00897.01-0000613390.MSG,.msg,96256,ok,True,False,text,False,0,0,4,False,0,False,0-10,Name | Address | Email | Phone | Card/Transaction | Money/Amount,True,Contact Information | Financial Account Information,False,,ambiguous,True,yes,5914,standard,,False,False,0,0,0,0,0,0,3.278,False,False,True,,True,clear_yes,yes,5946,False,standard,False,,11860
CNG_Data2k/files/Q00897.01-0000903015.PDF,Q00897.01-0000903015.PDF,.pdf,11840,ok,True,False,text,False,1,0,0,False,0,False,0-10,,False,,False,,clear_non_responsive,False,,0,likely_non_responsive,,False,False,0,0,0,0,0,0,0.032,True,False,False,stage1_nr,False,,,0,False,,False,,0
CNG_Data2k/files/Q00897.01-0000138858.PDF,Q00897.01-0000138858.PDF,.pdf,2904784,ok,True,True,text,True,15,0,206,False,0,False,100+,Name | Address | Email | Phone | Money/Amount,True,Contact Information | Financial Account Information,False,,ambiguous,True,yes,19767,standard,bde_llm_count,True,True,15,0,0,0,0,1,11.957,False,False,True,,True,likely_no,no,10295,True,likely_non_responsive,True,,30062
CNG_Data2k/files/Q00897.01-0000264931.CSV,Q00897.01-0000264931.CSV,.csv,34391,ok,True,True,text,True,0,0,285,False,0,False,100+,Payment Card | Card/Transaction | Money/Amount,True,Financial Account Information,False,,ambiguous,True,no,11156,likely_non_responsive,roster_by_rowcount bde_llm_count,False,False,0,0,0,0,0,0,2.323,True,False,False,stage1_nr,False,,,0,False,,False,,11156
CNG_Data2k/files/Q00897.01-0000685126.MSG,Q00897.01-0000685126.MSG,.msg,240128,ok,True,False,text,False,0,0,11,False,11,False,10-20,Email | Phone | Money/Amount | Work-Related,True,Contact Information | Financial Account Information | Work-Related Information,False,,ambiguous,True,no,12908,likely_non_responsive,bde_llm_count,False,False,0,0,0,0,0,0,3.147,True,False,False,stage1_nr,False,,,0,False,,False,,12908
CNG_Data2k/files/Q00897.01-0000859353.PDF,Q00897.01-0000859353.PDF,.pdf,95251,ok,True,False,text,False,1,0,1,False,0,False,0-10,Money/Amount,False,Financial Account Information,False,,clear_non_responsive,False,,0,likely_non_responsive,,False,False,0,0,0,0,0,0,0.035,True,False,False,stage1_nr,False,,,0,False,,False,,0
CNG_Data2k/files/Q00897.01-0000538110.0001.XLSX,Q00897.01-0000538110.0001.XLSX,.xlsx,51217,ok,True,True,text,True,4,0,66,False,14,True,50-100,Name | Money/Amount,False,Financial Account Information,True,,ambiguous,True,no,11063,structured_bde,bde_llm_count_roster,False,False,0,0,0,0,0,0,68.167,False,True,True,,True,clear_no,no,5969,True,likely_non_responsive,True,,17032
CNG_Data2k/files/Q00897.01-0000829883.0001.PDF,Q00897.01-0000829883.0001.PDF,.pdf,167808,ok,True,False,text,False,16,0,25,False,25,False,20-50,Name | Address | Card/Transaction | Money/Amount,True,Contact Information | Financial Account Information,False,,ambiguous,True,no,24605,likely_non_responsive,bde_llm_count,False,False,0,0,0,0,0,0,6.434,True,False,False,stage1_nr,False,,,0,False,,False,,24605
CNG_Data2k/files/Q00897.01-0000015224.PDF,Q00897.01-0000015224.PDF,.pdf,382235,ok,True,True,text,True,2,0,13,False,1,False,10-20,Address | Phone | SSN | Money/Amount,True,Contact Information | Government-Issued Identification | Financial Account Information,False,,clear_responsive,False,,3455,standard,bde_llm_count,True,True,2,0,0,0,0,1,8.034,False,False,True,,True,clear_yes,yes,4319,False,standard,False,,7774
CNG_Data2k/files/Q00897.01-0000709760.MSG,Q00897.01-0000709760.MSG,.msg,346624,error,False,False,,False,0,0,0,False,0,False,,,False,,False,,,False,,0,review_error,UnicodeDecodeError,False,False,0,0,0,0,0,0,0.98,False,False,False,extract_error,False,,,0,False,,False,,0
CNG_Data2k/files/Q00897.01-0000370772.MSG,Q00897.01-0000370772.MSG,.msg,306176,ok,True,False,text,False,0,0,2,False,0,False,0-10,Address | Email | Phone,True,Contact Information,False,,ambiguous,True,no,4195,likely_non_responsive,,False,False,0,0,0,0,0,0,4.489,True,False,False,stage1_nr,False,,,0,False,,False,,4195
CNG_Data2k/files/Q00897.01-0000670115.0002.PDF,Q00897.01-0000670115.0002.PDF,.pdf,16269,ok,True,False,text,False,16,0,6,False,0,False,0-10,Name | Address | Phone | Bank/Account Number | Money/Amount,True,Contact Information | Financial Account Information,False,,ambiguous,True,yes,5051,standard,,False,False,0,0,0,0,0,0,2.679,False,False,True,,True,clear_no,no,5120,False,likely_non_responsive,True,,10171
CNG_Data2k/files/Q00897.01-0000416955.MSG,Q00897.01-0000416955.MSG,.msg,144896,ok,True,False,text,False,0,0,1,False,0,False,0-10,Credentials | Health,False,Access Credentials | Health-Related Information,False,,ambiguous,True,no,3898,likely_non_responsive,,False,False,0,0,0,0,0,0,1.511,True,False,False,stage1_nr,False,,,0,False,,False,,3898
CNG_Data2k/files/Q00897.01-0000014940.PDF,Q00897.01-0000014940.PDF,.pdf,778645,ok,True,False,text,False,5,0,1,False,0,False,0-10,Money/Amount,False,Financial Account Information,False,,clear_non_responsive,False,,0,likely_non_responsive,"img_ocr:none(2 calls,0 chars)",False,False,0,2,2,0,0,2,10.326,True,False,False,stage1_nr,False,,,0,False,,False,,0
CNG_Data2k/files/Q00897.01-0000293310.PDF,Q00897.01-0000293310.PDF,.pdf,1314,ok,True,False,text,False,1,0,1,False,0,False,0-10,Name | Money/Amount,True,Financial Account Information,False,,ambiguous,True,yes,3791,standard,,False,False,0,0,0,0,0,0,4.114,False,False,True,,True,likely_yes,yes,3836,False,standard,False,,7627
CNG_Data2k/files/Q00897.01-0000476991.0001.PDF,Q00897.01-0000476991.0001.PDF,.pdf,284473,ok,True,False,text,False,1,0,0,False,0,False,0-10,,False,,False,,clear_non_responsive,False,,0,likely_non_responsive,,False,False,0,0,0,0,0,0,0.082,True,False,False,stage1_nr,False,,,0,False,,False,,0
CNG_Data2k/files/Q00897.01-0000566393.0001.CSV,Q00897.01-0000566393.0001.CSV,.csv,86635,ok,True,True,text,True,0,0,427,False,2,False,100+,Name | Money/Amount,False,Financial Account Information,False,,ambiguous,True,yes,15729,standard,roster_by_rowcount bde_llm_count,False,False,0,0,0,0,0,0,4.32,False,False,True,,True,clear_no,no,8349,True,likely_non_responsive,True,,24078
CNG_Data2k/files/Q00897.01-0000117219.PDF,Q00897.01-0000117219.PDF,.pdf,29995,ok,True,False,text,False,4,0,1,False,0,False,0-10,Money/Amount,False,Financial Account Information,False,,clear_non_responsive,False,,0,likely_non_responsive,,False,False,0,0,0,0,0,0,0.35,True,False,False,stage1_nr,False,,,0,False,,False,,0
CNG_Data2k/files/Q00897.01-0000241548.XLSX,Q00897.01-0000241548.XLSX,.xlsx,118741,ok,True,True,text,True,3,0,246,False,0,False,100+,Phone | Money/Amount,True,Contact Information | Financial Account Information,False,,ambiguous,True,no,10882,likely_non_responsive,bde_llm_count,False,False,0,0,0,0,0,0,2.981,True,False,False,stage1_nr,False,,,0,False,,False,,10882
CNG_Data2k/files/Q00897.01-0000397749.MSG,Q00897.01-0000397749.MSG,.msg,133120,ok,True,False,text,False,0,0,9,False,7,False,0-10,Name | Address | Email | Phone | Money/Amount,True,Contact Information | Financial Account Information,False,,ambiguous,True,yes,10721,standard,bde_llm_count,False,False,0,0,0,0,0,0,5.066,False,False,True,,True,likely_no,no,5842,False,likely_non_responsive,True,,16563
CNG_Data2k/files/Q00897.01-0000004690.PDF,Q00897.01-0000004690.PDF,.pdf,1106756,ok,True,True,text,True,1,0,43,False,2,False,20-50,Name | Money/Amount | Work-Related,False,Financial Account Information | Work-Related Information,False,,ambiguous,True,yes,8000,standard,bde_llm_count,True,True,1,0,0,0,0,1,13.964,False,False,True,,True,clear_yes,yes,4480,False,standard,False,,12480
CNG_Data2k/files/Q00897.01-0000892701.PDF,Q00897.01-0000892701.PDF,.pdf,9427,ok,True,False,text,False,1,0,0,False,0,False,0-10,,False,,False,,clear_non_responsive,False,,0,likely_non_responsive,,False,False,0,0,0,0,0,0,0.089,True,False,False,stage1_nr,False,,,0,False,,False,,0
CNG_Data2k/files/Q00897.01-0000903983.PDF,Q00897.01-0000903983.PDF,.pdf,17502,ok,True,True,text,True,2,0,29,False,2,False,20-50,Name | Address | Phone | Money/Amount,True,Contact Information | Financial Account Information,False,,ambiguous,True,yes,8345,standard,bde_llm_count,True,True,2,0,0,0,0,1,9.686,False,False,True,,True,clear_yes,yes,4608,False,standard,False,,12953
CNG_Data2k/files/Q00897.01-0000062979.PDF,Q00897.01-0000062979.PDF,.pdf,364967,ok,True,True,text,True,1,0,3,False,0,False,0-10,Address | Bank/Account Number | Money/Amount,True,Contact Information | Financial Account Information,False,,ambiguous,True,no,7365,likely_non_responsive,bde_llm_count,True,True,1,0,0,0,0,1,7.058,True,False,False,stage1_nr,False,,,0,False,,False,,7365
CNG_Data2k/files/Q00897.01-0000420932.0002.PDF,Q00897.01-0000420932.0002.PDF,.pdf,172570,ok,True,False,text,False,6,0,1,False,0,False,0-10,Address | Phone,True,Contact Information,False,,ambiguous,True,no,5294,likely_non_responsive,,False,False,0,0,0,0,0,0,2.005,True,False,False,stage1_nr,False,,,0,False,,False,,5294
CNG_Data2k/files/Q00897.01-0000294746.XLSX,Q00897.01-0000294746.XLSX,.xlsx,17610,ok,True,True,text,True,1,0,93,False,33,True,50-100,Phone | SSN | Money/Amount,True,Contact Information | Government-Issued Identification | Financial Account Information,True,,clear_responsive,False,,3901,structured_bde,bde_llm_count_roster,False,False,0,0,0,0,0,0,4.934,False,True,True,,True,clear_yes,yes,4986,True,structured_bde,False,,8887
CNG_Data2k/files/Q00897.01-0000275517.0002.PDF,Q00897.01-0000275517.0002.PDF,.pdf,812078,ok,True,False,text,False,2,0,3,False,0,False,0-10,Name | Address | Phone,True,Contact Information,False,,ambiguous,True,yes,4299,standard,,True,True,2,0,0,0,0,1,10.445,False,False,True,,True,likely_no,no,4341,False,likely_non_responsive,True,,8640
CNG_Data2k/files/Q00897.01-0000270707.DOCX,Q00897.01-0000270707.DOCX,.docx,82106,ok,True,False,text,False,0,0,2,False,0,False,0-10,Name | Money/Amount,True,Financial Account Information,False,,ambiguous,True,no,6443,likely_non_responsive,,False,False,0,0,0,0,0,0,1.322,True,False,False,stage1_nr,False,,,0,False,,False,,6443
CNG_Data2k/files/Q00897.01-0000891697.PDF,Q00897.01-0000891697.PDF,.pdf,13343,ok,True,False,text,False,2,0,1,False,0,False,0-10,Money/Amount,False,Financial Account Information,False,,clear_non_responsive,False,,0,likely_non_responsive,,False,False,0,0,0,0,0,0,0.331,True,False,False,stage1_nr,False,,,0,False,,False,,0
CNG_Data2k/files/Q00897.01-0000702102.MSG,Q00897.01-0000702102.MSG,.msg,102912,ok,True,False,text,False,0,0,2,False,0,False,0-10,Name | Email | Phone | Card/Transaction | Money/Amount,True,Contact Information | Financial Account Information,False,,ambiguous,True,yes,4134,standard,,False,False,0,0,0,0,0,0,2.722,False,False,True,,True,likely_no,no,4224,False,likely_non_responsive,True,,8358
CNG_Data2k/files/Q00897.01-0000119986.XLSX,Q00897.01-0000119986.XLSX,.xlsx,153584,ok,True,True,text,True,3,0,376,False,18,False,100+,Name | Address | Email | Phone | Payment Card,True,Contact Information | Financial Account Information,False,,ambiguous,True,yes,12941,standard,bde_llm_count,False,False,0,0,0,0,0,0,8.724,False,False,True,,True,clear_yes,yes,6947,True,structured_bde,False,,19888
CNG_Data2k/files/Q00897.01-0000015741.PDF,Q00897.01-0000015741.PDF,.pdf,873287,ok,True,True,text,True,3,0,81,False,2,True,50-100,Name | Address | Email | Phone | SSN | Date of Birth | Money/Amount | Work-Related,True,Contact Information | Government-Issued Identification | Birth Information | Financial Account Information | Work-Related Information,True,,clear_responsive,False,,4438,structured_bde,bde_llm_count_roster,True,True,3,0,0,0,0,1,8.246,False,True,True,,True,clear_yes,yes,5281,True,structured_bde,False,,9719
CNG_Data2k/files/Q00897.01-0000100092.XLSX,Q00897.01-0000100092.XLSX,.xlsx,51071,ok,True,True,text,True,11,0,256,False,0,False,100+,Name | Payment Card | Money/Amount,True,Financial Account Information,False,,ambiguous,True,no,8513,likely_non_responsive,roster_by_rowcount bde_llm_count,False,False,0,0,0,0,0,0,3.051,True,False,False,stage1_nr,False,,,0,False,,False,,8513
CNG_Data2k/files/Q00897.01-0000453467.MSG,Q00897.01-0000453467.MSG,.msg,119296,ok,True,False,text,False,0,0,24,False,18,False,20-50,Name | Address | Email | Phone,True,Contact Information,False,,ambiguous,True,yes,8774,standard,bde_llm_count_roster,False,False,0,0,0,0,0,0,10.562,False,False,True,,True,likely_no,no,4990,False,likely_non_responsive,True,,13764
CNG_Data2k/files/Q00897.01-0000894615.PDF,Q00897.01-0000894615.PDF,.pdf,64670,ok,True,True,text,True,2,0,53,False,1,True,50-100,Name | Address | Money/Amount | Credentials,True,Contact Information | Financial Account Information | Access Credentials,True,,ambiguous,True,yes,7917,structured_bde,bde_llm_count_roster,True,True,2,0,0,0,0,1,8.829,False,True,True,,True,clear_yes,yes,4396,True,structured_bde,False,,12313
CNG_Data2k/files/Q00897.01-0000575153.0001.XLSX,Q00897.01-0000575153.0001.XLSX,.xlsx,34591,ok,True,True,text,True,1,0,257,False,0,False,100+,Phone | Money/Amount,True,Contact Information | Financial Account Information,False,,ambiguous,True,no,11917,likely_non_responsive,roster_by_rowcount bde_llm_count,False,False,0,0,0,0,0,0,2.522,True,False,False,stage1_nr,False,,,0,False,,False,,11917
CNG_Data2k/files/Q00897.01-0000401651.0001.DOCX,Q00897.01-0000401651.0001.DOCX,.docx,18339,ok,True,False,text,False,0,0,0,False,0,False,0-10,,False,,False,,clear_non_responsive,False,,0,likely_non_responsive,,False,False,0,0,0,0,0,0,0.067,True,False,False,stage1_nr,False,,,0,False,,False,,0
CNG_Data2k/files/Q00897.01-0000905312.PDF,Q00897.01-0000905312.PDF,.pdf,598485,ok,True,False,text,False,63,0,58,False,6,False,50-100,Address | Phone | SSN | Money/Amount | Work-Related,True,Contact Information | Government-Issued Identification | Financial Account Information | Work-Related Information,False,,clear_responsive,False,,14156,standard,bde_llm_count,False,False,0,0,0,0,0,0,14.896,False,False,True,,True,clear_yes,yes,15130,True,bde,False,,29286
CNG_Data2k/files/Q00897.01-0000332312.0001.PDF,Q00897.01-0000332312.0001.PDF,.pdf,840641,ok,True,False,text,False,6,0,1,False,0,False,0-10,Name | Email | Money/Amount,True,Contact Information | Financial Account Information,False,,ambiguous,True,no,4646,likely_non_responsive,,False,False,0,0,0,0,0,0,1.979,True,False,False,stage1_nr,False,,,0,False,,False,,4646
CNG_Data2k/files/Q00897.01-0000692175.MSG,Q00897.01-0000692175.MSG,.msg,145408,ok,True,False,text,False,0,0,2,False,0,False,0-10,Name | Address | Email | Phone,True,Contact Information,False,,ambiguous,True,yes,5384,standard,,False,False,0,0,0,0,0,0,2.589,False,False,True,,True,borderline,no,5468,False,likely_non_responsive,True,,10852
CNG_Data2k/files/Q00897.01-0000288715.XLSX,Q00897.01-0000288715.XLSX,.xlsx,1301519,ok,True,True,text,True,4,0,304,False,304,True,100+,Money/Amount,False,Financial Account Information,True,,ambiguous,True,no,8001,structured_bde,bde_llm_count_roster,False,False,0,0,0,0,0,0,4.0,False,True,True,,True,likely_no,no,4424,True,likely_non_responsive,True,,12425
CNG_Data2k/files/Q00897.01-0000107322.PDF,Q00897.01-0000107322.PDF,.pdf,1877157,ok,True,True,text,True,15,0,212,False,2,False,100+,Address | Email | Phone | SSN | Money/Amount | Work-Related,True,Contact Information | Government-Issued Identification | Financial Account Information | Work-Related Information,False,,clear_responsive,False,,10127,standard,bde_llm_count,True,True,15,0,0,0,0,1,16.936,False,False,True,,True,likely_no,no,11054,True,likely_non_responsive,True,,21181
CNG_Data2k\files\Q00897.01-0000866775.XLS,Q00897.01-0000866775.XLS,.xls,83555,ok,True,True,text,True,3,0,124,False,124,True,100+,Name,False,,True,,ambiguous,True,yes,5027,structured_bde,roster_by_rowcount bde_llm_count_roster,False,False,0,0,0,0,0,0,5.268,False,True,True,,True,clear_yes,yes,3133,True,structured_bde,False,,8160
CNG_Data2k/files/Q00897.01-0000912173.PDF,Q00897.01-0000912173.PDF,.pdf,127569,ok,True,False,text,False,17,0,1,False,0,False,0-10,Health,False,Health-Related Information,False,,ambiguous,True,yes,16554,standard,,False,False,0,0,0,0,0,0,5.401,False,False,True,,True,clear_no,no,16600,False,likely_non_responsive,True,,33154
CNG_Data2k/files/Q00897.01-0000616148.MSG,Q00897.01-0000616148.MSG,.msg,693760,ok,True,False,text,False,0,6,7,False,6,False,0-10,Name | Address | Email | Phone,True,Contact Information,False,,ambiguous,True,yes,11647,standard,bde_llm_count,False,False,0,0,0,0,0,0,6.133,False,False,True,,True,likely_no,no,6287,False,likely_non_responsive,True,,17934
CNG_Data2k/files/Q00897.01-0000013273.PDF,Q00897.01-0000013273.PDF,.pdf,91760,ok,True,False,text,False,2,0,1,False,0,False,0-10,Money/Amount,False,Financial Account Information,False,,clear_non_responsive,False,,0,likely_non_responsive,,False,False,0,0,0,0,0,0,0.134,True,False,False,stage1_nr,False,,,0,False,,False,,0
CNG_Data2k/files/Q00897.01-0000531307.0001.PDF,Q00897.01-0000531307.0001.PDF,.pdf,22564,ok,True,False,text,False,1,0,1,False,0,False,0-10,Money/Amount,False,Financial Account Information,False,,clear_non_responsive,False,,0,likely_non_responsive,,False,False,0,0,0,0,0,0,0.029,True,False,False,stage1_nr,False,,,0,False,,False,,0
CNG_Data2k/files/Q00897.01-0000011805.PDF,Q00897.01-0000011805.PDF,.pdf,314846,ok,True,False,text,False,1,0,2,False,0,False,0-10,Name | Email | Money/Amount | Work-Related,True,Contact Information | Financial Account Information | Work-Related Information,False,,ambiguous,True,yes,4121,standard,,False,False,0,0,0,0,0,0,2.364,False,False,True,,True,clear_yes,yes,4156,False,standard,False,,8277
CNG_Data2k/files/Q00897.01-0000697174.MSG,Q00897.01-0000697174.MSG,.msg,468480,ok,True,False,text,False,0,0,7,False,0,False,0-10,Name | Email | Card Expiry/CVV | Money/Amount | Health | Work-Related,True,Contact Information | Financial Account Information | Health-Related Information | Work-Related Information,False,,ambiguous,True,yes,11877,standard,bde_llm_count,False,False,0,0,0,0,0,0,7.391,False,False,True,,True,borderline,no,6446,False,likely_non_responsive,True,,18323
CNG_Data2k/files/Q00897.01-0000424241.0001.0011.XLSX,Q00897.01-0000424241.0001.0011.XLSX,.xlsx,155772,ok,True,True,text,True,15,0,78,False,0,False,50-100,Phone | Payment Card | Bank/Account Number | Money/Amount,True,Contact Information | Financial Account Information,False,,ambiguous,True,no,9217,likely_non_responsive,bde_llm_count,False,False,0,0,0,0,0,0,3.523,True,False,False,stage1_nr,False,,,0,False,,False,,9217
CNG_Data2k/files/Q00897.01-0000837314.0001.PDF,Q00897.01-0000837314.0001.PDF,.pdf,4762,ok,True,False,text,False,2,0,2,False,0,False,0-10,Name | Address | Payment Card,True,Contact Information | Financial Account Information,False,,ambiguous,True,yes,4320,standard,,False,False,0,0,0,0,0,0,3.063,False,False,True,,True,clear_no,no,4357,False,likely_non_responsive,True,,8677
CNG_Data2k/files/Q00897.01-0000840476.MSG,Q00897.01-0000840476.MSG,.msg,51200,ok,True,False,text,False,0,0,5,False,0,False,0-10,Name | Address | Email | Phone,True,Contact Information,False,,ambiguous,True,yes,4861,standard,,False,False,0,0,0,0,0,0,2.763,False,False,True,,True,likely_no,no,4984,False,likely_non_responsive,True,,9845
CNG_Data2k/files/Q00897.01-0000720356.MSG,Q00897.01-0000720356.MSG,.msg,326144,ok,True,False,text,False,0,0,3,False,0,False,0-10,Address | Email | Phone | Health | Demographic,True,Contact Information | Health-Related Information | Demographic Information,False,,ambiguous,True,no,8756,likely_non_responsive,,False,False,0,0,0,0,0,0,2.737,True,False,False,stage1_nr,False,,,0,False,,False,,8756
CNG_Data2k/files/Q00897.01-0000293251.PDF,Q00897.01-0000293251.PDF,.pdf,144237,ok,True,False,text,False,3,0,4,False,0,False,0-10,Name | Address | Phone | Account Balance | Money/Amount,True,Contact Information | Financial Account Information,False,,ambiguous,True,yes,5261,standard,"img_ocr:p1,p1(2/2,+35chars)",False,False,0,2,2,2,0,2,11.353,False,False,True,,True,likely_no,no,5336,False,likely_non_responsive,True,,10597
CNG_Data2k/files/Q00897.01-0000540730.0001.XLSX,Q00897.01-0000540730.0001.XLSX,.xlsx,77172,ok,True,True,text,True,1,0,66,False,0,False,50-100,Phone | Money/Amount,True,Contact Information | Financial Account Information,False,,ambiguous,True,no,17917,likely_non_responsive,bde_llm_count,False,False,0,0,0,0,0,0,62.156,True,False,False,stage1_nr,False,,,0,False,,False,,17917
CNG_Data2k/files/Q00897.01-0000114301.PDF,Q00897.01-0000114301.PDF,.pdf,19545,ok,True,False,text,False,9,0,1,False,0,False,0-10,Card/Transaction | Money/Amount | Work-Related,False,Financial Account Information | Work-Related Information,False,,ambiguous,True,no,10952,likely_non_responsive,,False,False,0,0,0,0,0,0,2.094,True,False,False,stage1_nr,False,,,0,False,,False,,10952
CNG_Data2k/files/Q00897.01-0000241885.XLSX,Q00897.01-0000241885.XLSX,.xlsx,95573,ok,True,True,text,True,3,0,53,False,53,True,50-100,Address | Phone | Money/Amount,True,Contact Information | Financial Account Information,True,,ambiguous,True,yes,15298,structured_bde,bde_llm_count_roster,False,False,0,0,0,0,0,0,3.891,False,True,True,,True,clear_no,no,8094,True,likely_non_responsive,True,,23392
CNG_Data2k/files/Q00897.01-0000729317.MSG,Q00897.01-0000729317.MSG,.msg,162816,ok,True,False,text,False,0,0,0,False,0,False,0-10,,False,,False,,clear_non_responsive,False,,0,likely_non_responsive,,False,False,0,0,0,0,0,0,0.73,True,False,False,stage1_nr,False,,,0,False,,False,,0
CNG_Data2k/files/Q00897.01-0000109157.XLSX,Q00897.01-0000109157.XLSX,.xlsx,7811,ok,True,True,text,True,1,0,4,False,2,False,0-10,Name | Phone | Money/Amount,True,Contact Information | Financial Account Information,False,,ambiguous,True,yes,7713,standard,bde_llm_count,False,False,0,0,0,0,0,0,3.649,False,False,True,,True,likely_no,no,4340,False,likely_non_responsive,True,,12053
CNG_Data2k/files/Q00897.01-0000909871.PDF,Q00897.01-0000909871.PDF,.pdf,10244,ok,True,False,text,False,1,0,0,False,0,False,0-10,,False,,False,,clear_non_responsive,False,,0,likely_non_responsive,,False,False,0,0,0,0,0,0,0.277,True,False,False,stage1_nr,False,,,0,False,,False,,0
CNG_Data2k/files/Q00897.01-0000260118.PDF,Q00897.01-0000260118.PDF,.pdf,1359980,ok,True,True,text,True,15,0,689,False,6,False,100+,Name | Address | Money/Amount,True,Contact Information | Financial Account Information,False,,ambiguous,True,yes,32309,standard,bde_llm_count,True,True,15,0,0,0,0,1,21.701,False,False,True,,True,likely_no,no,16766,True,likely_non_responsive,True,,49075
CNG_Data2k/files/Q00897.01-0000707319.0001.XLSX,Q00897.01-0000707319.0001.XLSX,.xlsx,66626,ok,True,True,text,True,1,0,334,False,0,False,100+,Payment Card | Money/Amount,True,Financial Account Information,False,,ambiguous,True,no,9554,likely_non_responsive,roster_by_rowcount bde_llm_count,False,False,0,0,0,0,0,0,2.119,True,False,False,stage1_nr,False,,,0,False,,False,,9554
CNG_Data2k/files/Q00897.01-0000774196.MSG,Q00897.01-0000774196.MSG,.msg,33792,ok,True,False,text,False,0,0,8,False,6,False,0-10,Name | Email | Phone,True,Contact Information,False,,ambiguous,True,yes,8788,standard,bde_llm_count,False,False,0,0,0,0,0,0,4.669,False,False,True,,True,likely_no,no,4844,False,likely_non_responsive,True,,13632
CNG_Data2k/files/Q00897.01-0000540014.0001.PDF,Q00897.01-0000540014.0001.PDF,.pdf,22651,ok,True,False,text,False,1,0,1,False,0,False,0-10,Money/Amount,False,Financial Account Information,False,,clear_non_responsive,False,,0,likely_non_responsive,,False,False,0,0,0,0,0,0,0.027,True,False,False,stage1_nr,False,,,0,False,,False,,0
CNG_Data2k/files/Q00897.01-0000363580.MSG,Q00897.01-0000363580.MSG,.msg,248320,ok,True,False,text,False,0,0,1,False,0,False,0-10,Address | Payment Card,True,Contact Information | Financial Account Information,False,,ambiguous,True,no,4114,likely_non_responsive,,False,False,0,0,0,0,0,0,3.012,True,False,False,stage1_nr,False,,,0,False,,False,,4114
CNG_Data2k/files/Q00897.01-0000107536.PDF,Q00897.01-0000107536.PDF,.pdf,961508,ok,True,False,text,False,1,0,2,False,0,False,0-10,Name | Email | Money/Amount,True,Contact Information | Financial Account Information,False,,ambiguous,True,yes,4508,standard,,False,False,0,0,0,0,0,0,3.99,False,False,True,,True,likely_yes,yes,4552,False,standard,False,,9060
CNG_Data2k/files/Q00897.01-0000345845.PDF,Q00897.01-0000345845.PDF,.pdf,36351,ok,True,False,text,False,8,0,1,False,0,False,0-10,Address | Money/Amount,True,Contact Information | Financial Account Information,False,,ambiguous,True,yes,7526,standard,,False,False,0,0,0,0,0,0,3.023,False,False,True,,True,likely_yes,yes,7564,False,standard,False,,15090
CNG_Data2k/files/Q00897.01-0000275108.DOCX,Q00897.01-0000275108.DOCX,.docx,16305,ok,True,False,text,False,0,0,6,False,0,False,0-10,Name | Address | Email | Phone,True,Contact Information,False,,ambiguous,True,yes,4455,standard,,False,False,0,0,0,0,0,0,4.074,False,False,True,,True,likely_yes,yes,4535,False,standard,False,,8990
CNG_Data2k/files/Q00897.01-0000536156.0001.PDF,Q00897.01-0000536156.0001.PDF,.pdf,22662,ok,True,False,text,False,1,0,1,False,0,False,0-10,Money/Amount,False,Financial Account Information,False,,clear_non_responsive,False,,0,likely_non_responsive,,False,False,0,0,0,0,0,0,0.025,True,False,False,stage1_nr,False,,,0,False,,False,,0
CNG_Data2k/files/Q00897.01-0000655798.0003.PDF,Q00897.01-0000655798.0003.PDF,.pdf,58642,ok,True,False,text,False,4,0,1,False,0,False,0-10,Card/Transaction | Money/Amount,False,Financial Account Information,False,,ambiguous,True,no,6372,likely_non_responsive,,False,False,0,0,0,0,0,0,1.15,True,False,False,stage1_nr,False,,,0,False,,False,,6372
CNG_Data2k/files/Q00897.01-0000914402.PDF,Q00897.01-0000914402.PDF,.pdf,100057,ok,True,False,text,False,2,0,3,False,0,False,0-10,Name | Address | Phone | Money/Amount | Work-Related,True,Contact Information | Financial Account Information | Work-Related Information,False,,ambiguous,True,yes,5438,standard,"img_ocr:p2(1/1,+6chars)",False,False,0,1,1,1,0,1,7.939,False,False,True,,True,likely_no,no,5473,False,likely_non_responsive,True,,10911
CNG_Data2k/files/Q00897.01-0000538231.MSG,Q00897.01-0000538231.MSG,.msg,312832,ok,True,False,text,False,0,5,6,False,0,False,0-10,Email | Phone,True,Contact Information,False,,ambiguous,False,,0,standard,llm_failed:RateLimitError,False,False,0,0,0,0,0,0,3.053,False,False,True,,True,likely_no,no,5053,False,likely_non_responsive,True,,5053
CNG_Data2k/files/Q00897.01-0000365622.MSG,Q00897.01-0000365622.MSG,.msg,219136,ok,True,False,text,False,0,0,1,False,0,False,0-10,Name | Address | Email | Money/Amount,True,Contact Information | Financial Account Information,False,,ambiguous,True,no,4639,likely_non_responsive,,False,False,0,0,0,0,0,0,2.401,True,False,False,stage1_nr,False,,,0,False,,False,,4639
CNG_Data2k/files/Q00897.01-0000341089.PDF,Q00897.01-0000341089.PDF,.pdf,256211,ok,True,False,text,False,1,0,1,False,0,False,0-10,Name | Phone | Money/Amount,True,Contact Information | Financial Account Information,False,,ambiguous,True,yes,3983,standard,"img_ocr:p1,p1(2/2,+415chars)",False,False,0,2,2,2,0,2,11.203,False,False,True,,True,likely_no,no,4061,False,likely_non_responsive,True,,8044
CNG_Data2k/files/Q00897.01-0000662989.MSG,Q00897.01-0000662989.MSG,.msg,832512,ok,True,False,text,False,0,5,6,False,0,False,0-10,Name | Address | Email | Phone | Money/Amount,True,Contact Information | Financial Account Information,False,,ambiguous,True,yes,5459,standard,,False,False,0,0,0,0,0,0,3.041,False,False,True,,True,borderline,no,5557,False,likely_non_responsive,True,,11016
CNG_Data2k/files/Q00897.01-0000707111.MSG,Q00897.01-0000707111.MSG,.msg,162816,ok,True,False,text,False,0,0,0,False,0,False,0-10,,False,,False,,clear_non_responsive,False,,0,likely_non_responsive,,False,False,0,0,0,0,0,0,0.787,True,False,False,stage1_nr,False,,,0,False,,False,,0
CNG_Data2k/files/Q00897.01-0000342256.DOCX,Q00897.01-0000342256.DOCX,.docx,37040,ok,True,False,text,False,0,0,2,False,0,False,0-10,Name | Address | Health,True,Contact Information | Health-Related Information,False,,ambiguous,True,no,6751,likely_non_responsive,,False,False,0,0,0,0,0,0,1.311,True,False,False,stage1_nr,False,,,0,False,,False,,6751
CNG_Data2k/files/Q00897.01-0000699920.MSG,Q00897.01-0000699920.MSG,.msg,214528,ok,True,False,text,False,0,0,2,False,0,False,0-10,Address | Email | Phone | Money/Amount | Credentials,True,Contact Information | Financial Account Information | Access Credentials,False,,ambiguous,True,no,3957,likely_non_responsive,,False,False,0,0,0,0,0,0,2.136,True,False,False,stage1_nr,False,,,0,False,,False,,3957
CNG_Data2k/files/Q00897.01-0000514734.MSG,Q00897.01-0000514734.MSG,.msg,26624,ok,True,False,text,False,0,0,2,False,0,False,0-10,Name | Email | Phone,True,Contact Information,False,,ambiguous,True,yes,3753,standard,,False,False,0,0,0,0,0,0,2.696,False,False,True,,True,likely_no,no,3811,False,likely_non_responsive,True,,7564
CNG_Data2k/files/Q00897.01-0000645112.0001.HTM,Q00897.01-0000645112.0001.HTM,.htm,40220,ok,True,False,text,False,0,0,0,False,0,False,0-10,,False,,False,,clear_non_responsive,False,,0,likely_non_responsive,,False,False,0,0,0,0,0,0,0.015,True,False,False,stage1_nr,False,,,0,False,,False,,0
CNG_Data2k/files/Q00897.01-0000860476.PDF,Q00897.01-0000860476.PDF,.pdf,236002,ok,True,True,text,True,1,0,37,False,0,False,20-50,Money/Amount,False,Financial Account Information,False,,ambiguous,True,no,7764,likely_non_responsive,bde_llm_count,True,True,1,0,0,0,0,1,8.25,True,False,False,stage1_nr,False,,,0,False,,False,,7764
CNG_Data2k/files/Q00897.01-0000113839.PDF,Q00897.01-0000113839.PDF,.pdf,19309,ok,True,False,text,False,1,0,1,False,0,False,0-10,Money/Amount | Health | Work-Related,False,Financial Account Information | Health-Related Information | Work-Related Information,False,,ambiguous,True,no,5192,likely_non_responsive,,False,False,0,0,0,0,0,0,2.395,True,False,False,stage1_nr,False,,,0,False,,False,,5192
CNG_Data2k/files/Q00897.01-0000869093.TXT,Q00897.01-0000869093.TXT,.txt,1710867,ok,True,False,text,False,0,0,52,False,0,True,50-100,Address | Phone | SSN | Card Expiry/CVV | Card/Transaction | Money/Amount | Health | Demographic | Work-Related,True,Contact Information | Government-Issued Identification | Financial Account Information | Health-Related Information | Demographic Information | Work-Related Information,True,,clear_responsive,False,,11638,bde,bde_llm_count_roster,False,False,0,0,0,0,0,0,5.546,False,True,True,,True,clear_no,no,12545,True,likely_non_responsive,True,,24183
CNG_Data2k/files/Q00897.01-0000274663.PDF,Q00897.01-0000274663.PDF,.pdf,906959,ok,True,True,text,True,3,0,33,False,1,False,20-50,Name | Address | Phone | Card/Transaction | Money/Amount | Demographic,True,Contact Information | Financial Account Information | Demographic Information,False,,ambiguous,True,yes,11547,standard,bde_llm_count,True,True,3,0,0,0,0,1,9.45,False,False,True,,True,clear_yes,yes,6214,False,standard,False,,17761
CNG_Data2k/files/Q00897.01-0000840862.0002.PDF,Q00897.01-0000840862.0002.PDF,.pdf,409732,ok,True,False,text,False,10,0,1,False,0,False,0-10,Money/Amount,False,Financial Account Information,False,,clear_non_responsive,False,,0,likely_non_responsive,,True,True,10,0,0,0,0,1,7.019,True,False,False,stage1_nr,False,,,0,False,,False,,0
CNG_Data2k/files/Q00897.01-0000341401.DOCX,Q00897.01-0000341401.DOCX,.docx,29419,ok,True,False,text,False,0,0,3,False,0,False,0-10,Name | Address | Phone,True,Contact Information,False,,ambiguous,True,yes,3895,standard,,False,False,0,0,0,0,0,0,4.358,False,False,True,,True,clear_yes,yes,3946,False,standard,False,,7841
CNG_Data2k/files/Q00897.01-0000806255.0001.0003.PDF,Q00897.01-0000806255.0001.0003.PDF,.pdf,82483,ok,True,False,text,False,3,0,0,False,0,False,0-10,,False,,False,,clear_non_responsive,False,,0,likely_non_responsive,,False,False,0,0,0,0,0,0,0.186,True,False,False,stage1_nr,False,,,0,False,,False,,0
CNG_Data2k/files/Q00897.01-0000331969.PDF,Q00897.01-0000331969.PDF,.pdf,479495,ok,True,False,text,False,4,0,3,False,0,False,0-10,Name | Address | Bank/Account Number | Money/Amount,True,Contact Information | Financial Account Information,False,,ambiguous,True,yes,4400,standard,"img_ocr:p2(1/1,+324chars)",False,False,0,1,1,1,0,1,8.209,False,False,True,,True,likely_no,no,4493,False,likely_non_responsive,True,,8893
CNG_Data2k/files/Q00897.01-0000842884.MSG,Q00897.01-0000842884.MSG,.msg,235008,ok,True,False,text,False,0,2,2,False,0,False,0-10,Name | Address | Email | Phone,True,Contact Information,False,,ambiguous,True,yes,4129,standard,,False,False,0,0,0,0,0,0,3.743,False,False,True,,True,clear_yes,yes,4193,False,standard,False,,8322
CNG_Data2k\files\Q00897.01-0000018570.XLS,Q00897.01-0000018570.XLS,.xls,70616,ok,True,True,text,True,2,0,3,False,2,False,0-10,Name | Address | Phone,True,Contact Information,False,,ambiguous,True,yes,3956,standard,bde_llm_count_roster,False,False,0,0,0,0,0,0,3.462,False,False,True,,True,clear_yes,yes,2586,False,standard,False,,6542
CNG_Data2k/files/Q00897.01-0000841788.0010.PDF,Q00897.01-0000841788.0010.PDF,.pdf,10626,ok,True,False,text,False,3,0,1,False,0,False,0-10,Address | Money/Amount | Work-Related,True,Contact Information | Financial Account Information | Work-Related Information,False,,ambiguous,True,no,5524,likely_non_responsive,,False,False,0,0,0,0,0,0,1.06,True,False,False,stage1_nr,False,,,0,False,,False,,5524
CNG_Data2k/files/Q00897.01-0000672952.MSG,Q00897.01-0000672952.MSG,.msg,149504,ok,True,False,text,False,0,0,1,False,0,False,0-10,Address | Email,True,Contact Information,False,,ambiguous,True,no,4193,likely_non_responsive,,False,False,0,0,0,0,0,0,1.424,True,False,False,stage1_nr,False,,,0,False,,False,,4193
CNG_Data2k/files/Q00897.01-0000845794.0004.DOCX,Q00897.01-0000845794.0004.DOCX,.docx,58104,ok,True,False,text,False,0,0,1,False,0,False,0-10,Name | Address | Money/Amount | Health,True,Contact Information | Financial Account Information | Health-Related Information,False,,ambiguous,True,no,7368,likely_non_responsive,,False,False,0,0,0,0,0,0,1.203,True,False,False,stage1_nr,False,,,0,False,,False,,7368
CNG_Data2k/files/Q00897.01-0000540888.MSG,Q00897.01-0000540888.MSG,.msg,119808,ok,True,False,text,False,0,0,2,False,0,False,0-10,Name | Phone | Money/Amount,True,Contact Information | Financial Account Information,False,,ambiguous,True,yes,3895,standard,,False,False,0,0,0,0,0,0,62.718,False,False,True,,True,likely_no,no,3979,False,likely_non_responsive,True,,7874
CNG_Data2k/files/Q00897.01-0000526247.0001.PDF,Q00897.01-0000526247.0001.PDF,.pdf,20948,ok,True,False,text,False,1,0,0,False,0,False,0-10,,False,,False,,clear_non_responsive,False,,0,likely_non_responsive,,False,False,0,0,0,0,0,0,0.023,True,False,False,stage1_nr,False,,,0,False,,False,,0
CNG_Data2k/files/Q00897.01-0000846192.MSG,Q00897.01-0000846192.MSG,.msg,36864,ok,True,False,text,False,0,1,4,False,0,False,0-10,Name | Address | Email | Phone,True,Contact Information,False,,ambiguous,True,yes,4054,standard,,False,False,0,0,0,0,0,0,3.014,False,False,True,,True,likely_no,no,4111,False,likely_non_responsive,True,,8165
CNG_Data2k/files/Q00897.01-0000868410.TXT,Q00897.01-0000868410.TXT,.txt,85978,ok,True,False,text,False,0,0,6,False,0,False,0-10,Address | Phone | Money/Amount,True,Contact Information | Financial Account Information,False,,ambiguous,True,yes,15939,standard,,False,False,0,0,0,0,0,0,3.098,False,False,True,,True,likely_no,no,15989,False,likely_non_responsive,True,,31928
CNG_Data2k/files/Q00897.01-0000023460.PDF,Q00897.01-0000023460.PDF,.pdf,28519,ok,True,False,text,False,1,0,1,False,0,False,0-10,Money/Amount,False,Financial Account Information,False,,clear_non_responsive,False,,0,likely_non_responsive,"img_ocr:p1,p1,p1,p1(4/4,+4chars)",False,False,0,4,4,4,0,4,16.679,True,False,False,stage1_nr,False,,,0,False,,False,,0
CNG_Data2k/files/Q00897.01-0000709929.MSG,Q00897.01-0000709929.MSG,.msg,382976,ok,True,False,text,False,0,0,2,False,0,False,0-10,Name | Address | Email | Phone,True,Contact Information,False,,ambiguous,True,no,4945,likely_non_responsive,,False,False,0,0,0,0,0,0,2.403,True,False,False,stage1_nr,False,,,0,False,,False,,4945
CNG_Data2k/files/Q00897.01-0000912012.PDF,Q00897.01-0000912012.PDF,.pdf,20142,ok,True,True,text,True,2,0,18,False,1,False,10-20,Address | Phone | SSN | Date of Birth,True,Contact Information | Government-Issued Identification | Birth Information,False,,clear_responsive,False,,3376,standard,bde_llm_count,True,True,2,0,0,0,0,1,7.91,False,False,True,,True,clear_yes,yes,4232,False,standard,False,,7608
CNG_Data2k/files/Q00897.01-0000754110.MSG,Q00897.01-0000754110.MSG,.msg,118272,ok,True,False,text,False,0,0,1,False,0,False,0-10,Address | Money/Amount,True,Contact Information | Financial Account Information,False,,ambiguous,True,no,4363,likely_non_responsive,,False,False,0,0,0,0,0,0,3.281,True,False,False,stage1_nr,False,,,0,False,,False,,4363
CNG_Data2k/files/Q00897.01-0000532534.0001.XLSX,Q00897.01-0000532534.0001.XLSX,.xlsx,83237,ok,True,True,text,True,1,0,66,False,0,False,50-100,Phone | Money/Amount,True,Contact Information | Financial Account Information,False,,ambiguous,True,no,17911,likely_non_responsive,bde_llm_count,False,False,0,0,0,0,0,0,62.502,True,False,False,stage1_nr,False,,,0,False,,False,,17911
CNG_Data2k/files/Q00897.01-0000904452.PDF,Q00897.01-0000904452.PDF,.pdf,11872,ok,True,False,text,False,1,0,0,False,0,False,0-10,,False,,False,,clear_non_responsive,False,,0,likely_non_responsive,,False,False,0,0,0,0,0,0,0.044,True,False,False,stage1_nr,False,,,0,False,,False,,0
CNG_Data2k/files/Q00897.01-0000020590.XLSX,Q00897.01-0000020590.XLSX,.xlsx,29412,ok,True,True,text,True,3,0,145,False,4,True,100+,Name | Money/Amount,False,Financial Account Information,True,,ambiguous,True,yes,11040,structured_bde,roster_by_rowcount bde_llm_count_roster,False,False,0,0,0,0,0,0,4.637,False,True,True,,True,clear_yes,yes,5998,True,structured_bde,False,,17038
CNG_Data2k\files\Q00897.01-0000450522.0002.0001.XLS,Q00897.01-0000450522.0002.0001.XLS,.xls,10340,ok,True,True,text,True,1,0,0,False,0,False,0-10,,False,,False,,ambiguous,True,no,4064,structured_unreadable,bde_llm_count,False,False,0,0,0,0,0,0,3.165,False,False,True,,True,clear_no,no,2648,False,likely_non_responsive,True,,6712
CNG_Data2k/files/Q00897.01-0000111868.XLSX,Q00897.01-0000111868.XLSX,.xlsx,60524,ok,True,True,text,True,1,0,573,False,0,False,100+,Phone | Work-Related,True,Contact Information | Work-Related Information,False,,ambiguous,True,no,10725,likely_non_responsive,roster_by_rowcount bde_llm_count,False,False,0,0,0,0,0,0,3.765,True,False,False,stage1_nr,False,,,0,False,,False,,10725
CNG_Data2k/files/Q00897.01-0000651894.0001.PDF,Q00897.01-0000651894.0001.PDF,.pdf,330991,ok,True,False,text,False,7,0,3,False,0,False,0-10,Name | Address | Email | Phone | Card Expiry/CVV | Money/Amount,True,Contact Information | Financial Account Information,False,,ambiguous,True,yes,8921,standard,,False,False,0,0,0,0,0,0,4.408,False,False,True,,True,likely_no,no,8979,False,likely_non_responsive,True,,17900
CNG_Data2k/files/Q00897.01-0000906522.PDF,Q00897.01-0000906522.PDF,.pdf,304223,ok,True,False,text,False,34,0,10,False,5,False,0-10,Name | Address,True,Contact Information,False,,ambiguous,True,yes,30362,standard,bde_llm_count_roster,False,False,0,0,0,0,0,0,12.147,False,False,True,,True,clear_yes,yes,15703,False,standard,False,,46065
CNG_Data2k/files/Q00897.01-0000910063.PDF,Q00897.01-0000910063.PDF,.pdf,973106,ok,True,False,text,False,107,0,64,False,64,True,50-100,Address | Phone | SSN | Money/Amount | Work-Related,True,Contact Information | Government-Issued Identification | Financial Account Information | Work-Related Information,True,,clear_responsive,False,,13680,bde,bde_llm_count_roster,False,False,0,0,0,0,0,0,21.617,False,True,True,,True,clear_yes,yes,14718,True,bde,False,,28398
CNG_Data2k/files/Q00897.01-0000798079.MSG,Q00897.01-0000798079.MSG,.msg,135168,ok,True,False,text,False,0,1,4,False,0,False,0-10,Name | Email | Phone,True,Contact Information,False,,ambiguous,True,no,4653,likely_non_responsive,,False,False,0,0,0,0,0,0,2.258,True,False,False,stage1_nr,False,,,0,False,,False,,4653
CNG_Data2k/files/Q00897.01-0000669572.0001.PDF,Q00897.01-0000669572.0001.PDF,.pdf,900388,ok,True,True,text,True,4,0,13,False,1,False,10-20,Address | Phone | Bank/Account Number | Money/Amount,True,Contact Information | Financial Account Information,False,,ambiguous,True,no,7857,likely_non_responsive,bde_llm_count,True,True,4,0,0,0,0,1,9.542,True,False,False,stage1_nr,False,,,0,False,,False,,7857
CNG_Data2k/files/Q00897.01-0000418441.MSG,Q00897.01-0000418441.MSG,.msg,685568,ok,True,False,text,False,0,1,1,False,0,False,0-10,Name | Address | Email | Phone | Money/Amount,True,Contact Information | Financial Account Information,False,,ambiguous,True,no,4124,likely_non_responsive,,False,False,0,0,0,0,0,0,1.757,True,False,False,stage1_nr,False,,,0,False,,False,,4124
CNG_Data2k/files/Q00897.01-0000292082.PDF,Q00897.01-0000292082.PDF,.pdf,152101,ok,True,False,text,False,1,0,1,False,0,False,0-10,Money/Amount,False,Financial Account Information,False,,clear_non_responsive,False,,0,likely_non_responsive,,False,False,0,0,0,0,0,0,0.151,True,False,False,stage1_nr,False,,,0,False,,False,,0
CNG_Data2k/files/Q00897.01-0000274517.PDF,Q00897.01-0000274517.PDF,.pdf,662537,ok,True,False,text,False,6,0,4,False,0,False,0-10,Name | Address | Phone | Card/Transaction | Money/Amount,True,Contact Information | Financial Account Information,False,,ambiguous,True,yes,8347,standard,"img_ocr:p1,p1,p2,p4(4/4,+134chars)",False,False,0,4,4,4,0,4,19.779,False,False,True,,True,clear_yes,yes,8405,False,standard,False,,16752
CNG_Data2k/files/Q00897.01-0000534980.0001.PDF,Q00897.01-0000534980.0001.PDF,.pdf,67060,ok,True,False,text,False,23,0,24,False,24,False,20-50,Name | Address | Card/Transaction | Money/Amount,True,Contact Information | Financial Account Information,False,,ambiguous,True,no,30878,likely_non_responsive,bde_llm_count,False,False,0,0,0,0,0,0,67.659,True,False,False,stage1_nr,False,,,0,False,,False,,30878
CNG_Data2k/files/Q00897.01-0000833634.MSG,Q00897.01-0000833634.MSG,.msg,7755776,ok,True,False,text,False,0,2,1,False,0,False,0-10,Name | Address | Email,True,Contact Information,False,,ambiguous,True,no,3778,likely_non_responsive,,False,False,0,0,0,0,0,0,1.442,True,False,False,stage1_nr,False,,,0,False,,False,,3778
CNG_Data2k/files/Q00897.01-0000218397.PDF,Q00897.01-0000218397.PDF,.pdf,2924560,ok,True,True,text,True,15,0,259,False,0,False,100+,Name | Address | Phone | Bank/Account Number | Money/Amount,True,Contact Information | Financial Account Information,False,,ambiguous,True,yes,23737,standard,bde_llm_count,True,True,15,0,0,0,0,1,11.631,False,False,True,,True,likely_no,no,12369,True,likely_non_responsive,True,,36106
CNG_Data2k/files/Q00897.01-0000469416.MSG,Q00897.01-0000469416.MSG,.msg,141824,ok,True,False,text,False,0,0,0,False,0,False,0-10,,False,,False,,clear_non_responsive,False,,0,likely_non_responsive,,False,False,0,0,0,0,0,0,0.13,True,False,False,stage1_nr,False,,,0,False,,False,,0
CNG_Data2k/files/Q00897.01-0000439069.MSG,Q00897.01-0000439069.MSG,.msg,117760,ok,True,False,text,False,0,0,4,False,0,False,0-10,Name | Email | Health,True,Contact Information | Health-Related Information,False,,ambiguous,True,no,4133,likely_non_responsive,,False,False,0,0,0,0,0,0,1.245,True,False,False,stage1_nr,False,,,0,False,,False,,4133
CNG_Data2k/files/Q00897.01-0000270250.DOCX,Q00897.01-0000270250.DOCX,.docx,122954,ok,True,False,text,False,0,0,1,False,0,False,0-10,Health | Demographic,False,Health-Related Information | Demographic Information,False,,ambiguous,True,no,8182,likely_non_responsive,,False,False,0,0,0,0,0,0,3.597,True,False,False,stage1_nr,False,,,0,False,,False,,8182
CNG_Data2k/files/Q00897.01-0000865403.PDF,Q00897.01-0000865403.PDF,.pdf,645344,ok,True,False,text,False,23,0,17,False,17,False,10-20,Name | Address | Money/Amount,True,Contact Information | Financial Account Information,False,,ambiguous,True,yes,29481,standard,"img_ocr:p5(1/1,+77chars) bde_llm_count_roster",False,False,0,1,1,1,0,1,71.373,False,False,True,,True,clear_yes,yes,15325,False,standard,False,,44806
CNG_Data2k/files/Q00897.01-0000137050.PDF,Q00897.01-0000137050.PDF,.pdf,7892619,ok,True,True,text,True,15,0,226,False,8,False,100+,Name | Address | Email | Phone | Money/Amount,True,Contact Information | Financial Account Information,False,,ambiguous,True,yes,20771,standard,bde_llm_count,True,True,15,0,0,0,0,1,14.241,False,False,True,,True,clear_no,no,10863,True,likely_non_responsive,True,,31634
CNG_Data2k/files/Q00897.01-0000840909.0001.PDF,Q00897.01-0000840909.0001.PDF,.pdf,169310,ok,True,False,text,False,10,0,2,False,0,False,0-10,Name | Address | Email | Phone | Money/Amount,True,Contact Information | Financial Account Information,False,,ambiguous,True,yes,8981,standard,,False,False,0,0,0,0,0,0,2.898,False,False,True,,True,clear_no,no,9064,False,likely_non_responsive,True,,18045
CNG_Data2k/files/Q00897.01-0000907069.PDF,Q00897.01-0000907069.PDF,.pdf,1203476,ok,True,False,text,False,177,0,210,False,210,True,100+,Address | Phone | Money/Amount,True,Contact Information | Financial Account Information,True,,ambiguous,False,,17000,bde,llm_failed:JSONDecodeError bde_llm_count_roster,False,False,0,0,0,0,0,0,101.344,False,True,True,,False,,yes,0,True,bde,False,llm_failed:JSONDecodeError,17000
CNG_Data2k/files/Q00897.01-0000907872.PDF,Q00897.01-0000907872.PDF,.pdf,7662,ok,True,False,text,False,1,0,4,False,0,False,0-10,Name | Phone,True,Contact Information,False,,ambiguous,True,yes,3812,standard,,False,False,0,0,0,0,0,0,3.038,False,False,True,,True,borderline,no,3858,False,likely_non_responsive,True,,7670
CNG_Data2k/files/Q00897.01-0000757041.MSG,Q00897.01-0000757041.MSG,.msg,94720,ok,True,False,text,False,0,9,6,False,0,False,0-10,Name | Address | Email | Phone | Money/Amount,True,Contact Information | Financial Account Information,False,,ambiguous,True,yes,6870,standard,,False,False,0,0,0,0,0,0,4.95,False,False,True,,True,likely_yes,yes,6844,False,standard,False,,13714
CNG_Data2k/files/Q00897.01-0000699159.0001.PDF,Q00897.01-0000699159.0001.PDF,.pdf,26668,ok,True,True,text,True,2,0,17,False,1,False,10-20,Name | Money/Amount | Student ID,True,Financial Account Information | Student-Related Information,False,,ambiguous,True,yes,7606,standard,bde_llm_count,True,True,2,0,0,0,0,1,8.615,False,False,True,,True,likely_yes,yes,4260,False,standard,False,,11866
CNG_Data2k\files\Q00897.01-0000645630.0001.XLS,Q00897.01-0000645630.0001.XLS,.xls,23755,ok,True,True,text,True,4,0,2,False,4,False,0-10,Phone | SSN | Account Balance | Money/Amount,True,Contact Information | Government-Issued Identification | Financial Account Information,False,,clear_responsive,False,,2069,standard,bde_llm_count_roster,False,False,0,0,0,0,0,0,2.181,False,False,True,,True,clear_yes,yes,3096,False,standard,False,,5165
CNG_Data2k/files/Q00897.01-0000890909.PDF,Q00897.01-0000890909.PDF,.pdf,11877,ok,True,False,text,False,1,0,0,False,0,False,0-10,,False,,False,,clear_non_responsive,False,,0,likely_non_responsive,,False,False,0,0,0,0,0,0,0.034,True,False,False,stage1_nr,False,,,0,False,,False,,0
CNG_Data2k/files/Q00897.01-0000551190.0001.PDF,Q00897.01-0000551190.0001.PDF,.pdf,635236,ok,True,False,text,False,4,0,1,False,0,False,0-10,Money/Amount,False,Financial Account Information,False,,clear_non_responsive,False,,0,likely_non_responsive,,False,False,0,0,0,0,0,0,3.26,True,False,False,stage1_nr,False,,,0,False,,False,,0
CNG_Data2k/files/Q00897.01-0000249869.PDF,Q00897.01-0000249869.PDF,.pdf,92404,ok,True,False,text,False,1,0,1,False,0,False,0-10,Bank/Account Number | Account Balance | Money/Amount,True,Financial Account Information,False,,ambiguous,True,no,3842,likely_non_responsive,"img_ocr:p1(1/1,+4chars)",False,False,0,1,1,1,0,1,5.227,True,False,False,stage1_nr,False,,,0,False,,False,,3842
CNG_Data2k/files/Q00897.01-0000403826.MSG,Q00897.01-0000403826.MSG,.msg,126464,ok,True,False,text,False,0,0,11,False,2,False,10-20,Name | Address | Email | Phone,True,Contact Information,False,,ambiguous,True,yes,7472,standard,bde_llm_count,False,False,0,0,0,0,0,0,6.287,False,False,True,,True,likely_no,no,4180,False,likely_non_responsive,True,,11652
CNG_Data2k/files/Q00897.01-0000112715.PDF,Q00897.01-0000112715.PDF,.pdf,7827,ok,True,False,text,False,1,0,1,False,0,False,0-10,Name | Address | Phone | Health,True,Contact Information | Health-Related Information,False,,ambiguous,True,yes,4175,standard,,False,False,0,0,0,0,0,0,3.13,False,False,True,,True,likely_no,no,4233,False,likely_non_responsive,True,,8408
CNG_Data2k/files/Q00897.01-0000892139.PDF,Q00897.01-0000892139.PDF,.pdf,47723,ok,True,True,text,True,8,0,181,False,6,True,100+,Name | Address | Phone | Money/Amount,True,Contact Information | Financial Account Information,True,,ambiguous,True,yes,14920,structured_bde,bde_llm_count_roster,True,True,8,0,0,0,0,1,12.637,False,True,True,,True,clear_yes,yes,7886,True,structured_bde,False,,22806
CNG_Data2k/files/Q00897.01-0000114689.PDF,Q00897.01-0000114689.PDF,.pdf,16556,ok,True,False,text,False,9,0,1,False,0,False,0-10,Card/Transaction | Money/Amount | Work-Related,False,Financial Account Information | Work-Related Information,False,,ambiguous,True,no,10651,likely_non_responsive,,False,False,0,0,0,0,0,0,1.777,True,False,False,stage1_nr,False,,,0,False,,False,,10651
CNG_Data2k/files/Q00897.01-0000614041.0001.0001.XLSX,Q00897.01-0000614041.0001.0001.XLSX,.xlsx,333919,ok,True,True,text,True,12,0,302,False,0,False,100+,Phone | Payment Card | Money/Amount,True,Contact Information | Financial Account Information,False,,ambiguous,True,no,15100,likely_non_responsive,bde_llm_count,False,False,0,0,0,0,0,0,3.224,True,False,False,stage1_nr,False,,,0,False,,False,,15100
CNG_Data2k/files/Q00897.01-0000829411.0002.XLSX,Q00897.01-0000829411.0002.XLSX,.xlsx,32784,ok,True,True,text,True,2,0,103,False,51,True,100+,Address | Money/Amount,True,Contact Information | Financial Account Information,True,,ambiguous,True,no,9143,structured_bde,roster_by_rowcount bde_llm_count_roster,False,False,0,0,0,0,0,0,5.249,False,True,True,,True,clear_no,no,5119,True,likely_non_responsive,True,,14262
CNG_Data2k/files/Q00897.01-0000895612.PDF,Q00897.01-0000895612.PDF,.pdf,19421,ok,True,False,text,False,3,0,1,False,0,False,0-10,Name | Address | Phone | Money/Amount,True,Contact Information | Financial Account Information,False,,ambiguous,True,yes,5890,standard,,False,False,0,0,0,0,0,0,2.659,False,False,True,,True,likely_yes,yes,5991,False,standard,False,,11881
CNG_Data2k/files/Q00897.01-0000435240.MSG,Q00897.01-0000435240.MSG,.msg,2214400,ok,True,False,text,False,0,1,3,False,0,False,0-10,Name | Money/Amount | Health,False,Financial Account Information | Health-Related Information,False,,ambiguous,True,no,4484,likely_non_responsive,,False,False,0,0,0,0,0,0,2.101,True,False,False,stage1_nr,False,,,0,False,,False,,4484
CNG_Data2k/files/Q00897.01-0000864753.PDF,Q00897.01-0000864753.PDF,.pdf,120960,ok,True,False,text,False,4,0,1,False,0,False,0-10,Name | Phone,True,Contact Information,False,,ambiguous,True,yes,10938,standard,,False,False,0,0,0,0,0,0,3.11,False,False,True,,True,clear_yes,yes,10980,False,standard,False,,21918
CNG_Data2k/files/Q00897.01-0000462128.0001.DOCX,Q00897.01-0000462128.0001.DOCX,.docx,19389,ok,True,False,text,False,0,0,1,False,0,False,0-10,Money/Amount,False,Financial Account Information,False,,clear_non_responsive,False,,0,likely_non_responsive,,False,False,0,0,0,0,0,0,0.128,True,False,False,stage1_nr,False,,,0,False,,False,,0
CNG_Data2k/files/Q00897.01-0000264784.CSV,Q00897.01-0000264784.CSV,.csv,382420,ok,True,True,text,True,0,0,3313,False,0,False,100+,Phone | Payment Card | Card/Transaction,True,Contact Information | Financial Account Information,False,,ambiguous,True,no,11248,likely_non_responsive,roster_by_rowcount bde_llm_count,False,False,0,0,0,0,0,0,2.191,True,False,False,stage1_nr,False,,,0,False,,False,,11248
CNG_Data2k/files/Q00897.01-0000904904.PDF,Q00897.01-0000904904.PDF,.pdf,11796,ok,True,False,text,False,1,0,0,False,0,False,0-10,,False,,False,,clear_non_responsive,False,,0,likely_non_responsive,,False,False,0,0,0,0,0,0,0.053,True,False,False,stage1_nr,False,,,0,False,,False,,0
CNG_Data2k/files/Q00897.01-0000828529.0001.PDF,Q00897.01-0000828529.0001.PDF,.pdf,188047,ok,True,False,text,False,15,0,46,False,46,False,20-50,Name | Address | Card/Transaction | Money/Amount,True,Contact Information | Financial Account Information,False,,ambiguous,True,no,24579,likely_non_responsive,bde_llm_count_roster,False,False,0,0,0,0,0,0,7.786,True,False,False,stage1_nr,False,,,0,False,,False,,24579
CNG_Data2k/files/Q00897.01-0000911696.PDF,Q00897.01-0000911696.PDF,.pdf,15858,ok,True,False,text,False,3,0,0,False,0,False,0-10,,False,,False,,clear_non_responsive,False,,0,likely_non_responsive,,False,False,0,0,0,0,0,0,0.16,True,False,False,stage1_nr,False,,,0,False,,False,,0
CNG_Data2k/files/Q00897.01-0000625394.MSG,Q00897.01-0000625394.MSG,.msg,48640,ok,True,False,text,False,0,1,2,False,0,False,0-10,Name | Address | Email | Phone | Money/Amount,True,Contact Information | Financial Account Information,False,,ambiguous,True,no,5468,likely_non_responsive,,False,False,0,0,0,0,0,0,1.813,True,False,False,stage1_nr,False,,,0,False,,False,,5468
CNG_Data2k/files/Q00897.01-0000835011.0002.DOCX,Q00897.01-0000835011.0002.DOCX,.docx,81548,ok,True,False,text,False,0,0,2,False,0,False,0-10,Name | Address | Card Expiry/CVV | Money/Amount | Work-Related,True,Contact Information | Financial Account Information | Work-Related Information,False,,ambiguous,True,no,8600,likely_non_responsive,,False,False,0,0,0,0,0,0,1.387,True,False,False,stage1_nr,False,,,0,False,,False,,8600
CNG_Data2k/files/Q00897.01-0000543199.0001.PDF,Q00897.01-0000543199.0001.PDF,.pdf,22569,ok,True,False,text,False,1,0,1,False,0,False,0-10,Money/Amount,False,Financial Account Information,False,,clear_non_responsive,False,,0,likely_non_responsive,,False,False,0,0,0,0,0,0,0.022,True,False,False,stage1_nr,False,,,0,False,,False,,0
CNG_Data2k/files/Q00897.01-0000018926.XLSX,Q00897.01-0000018926.XLSX,.xlsx,25340,ok,True,True,text,True,3,0,102,False,12,True,100+,Name | Money/Amount,False,Financial Account Information,True,,ambiguous,True,yes,8589,structured_bde,roster_by_rowcount bde_llm_count_roster,False,False,0,0,0,0,0,0,7.805,False,True,True,,True,clear_yes,yes,4785,True,structured_bde,False,,13374
CNG_Data2k/files/Q00897.01-0000422275.MSG,Q00897.01-0000422275.MSG,.msg,219136,ok,True,False,text,False,0,0,7,False,0,False,0-10,Email | Money/Amount,True,Contact Information | Financial Account Information,False,,ambiguous,True,yes,7506,standard,bde_llm_count,False,False,0,0,0,0,0,0,3.276,False,False,True,,True,likely_no,no,4207,False,likely_non_responsive,True,,11713
CNG_Data2k/files/Q00897.01-0000841730.0026.PDF,Q00897.01-0000841730.0026.PDF,.pdf,23181,ok,True,False,text,False,9,0,1,False,0,False,0-10,Card/Transaction | Money/Amount | Work-Related,False,Financial Account Information | Work-Related Information,False,,ambiguous,True,no,10995,likely_non_responsive,,False,False,0,0,0,0,0,0,9.312,True,False,False,stage1_nr,False,,,0,False,,False,,10995
CNG_Data2k/files/Q00897.01-0000542086.0001.PDF,Q00897.01-0000542086.0001.PDF,.pdf,22564,ok,True,False,text,False,1,0,1,False,0,False,0-10,Money/Amount,False,Financial Account Information,False,,clear_non_responsive,False,,0,likely_non_responsive,,False,False,0,0,0,0,0,0,0.024,True,False,False,stage1_nr,False,,,0,False,,False,,0
CNG_Data2k/files/Q00897.01-0000673116.MSG,Q00897.01-0000673116.MSG,.msg,124928,ok,True,False,text,False,0,1,1,False,0,False,0-10,Name | Money/Amount,True,Financial Account Information,False,,ambiguous,True,no,3761,likely_non_responsive,,False,False,0,0,0,0,0,0,1.031,True,False,False,stage1_nr,False,,,0,False,,False,,3761
CNG_Data2k/files/Q00897.01-0000736556.MSG,Q00897.01-0000736556.MSG,.msg,242176,ok,True,False,text,False,0,0,2,False,0,False,0-10,Name | Address | Email | Phone | Money/Amount,True,Contact Information | Financial Account Information,False,,ambiguous,True,no,4813,likely_non_responsive,,False,False,0,0,0,0,0,0,3.323,True,False,False,stage1_nr,False,,,0,False,,False,,4813
CNG_Data2k/files/Q00897.01-0000242005.CSV,Q00897.01-0000242005.CSV,.csv,1610,ok,True,True,text,True,0,0,4,False,0,False,0-10,Address | Phone | Money/Amount,True,Contact Information | Financial Account Information,False,,ambiguous,True,no,7670,likely_non_responsive,bde_llm_count,False,False,0,0,0,0,0,0,2.009,True,False,False,stage1_nr,False,,,0,False,,False,,7670
CNG_Data2k/files/Q00897.01-0000426759.MSG,Q00897.01-0000426759.MSG,.msg,185856,ok,True,False,text,False,0,0,1,False,0,False,0-10,Address | Card/Transaction | Money/Amount,True,Contact Information | Financial Account Information,False,,ambiguous,True,yes,4135,standard,,False,False,0,0,0,0,0,0,5.242,False,False,True,,True,likely_no,no,4192,False,likely_non_responsive,True,,8327
CNG_Data2k/files/Q00897.01-0000484194.MSG,Q00897.01-0000484194.MSG,.msg,64000,ok,True,False,text,False,0,1,6,False,0,False,0-10,Name | Email,True,Contact Information,False,,ambiguous,True,yes,4510,standard,,False,False,0,0,0,0,0,0,3.243,False,False,True,,True,likely_no,no,4564,False,likely_non_responsive,True,,9074
CNG_Data2k/files/Q00897.01-0000665441.MSG,Q00897.01-0000665441.MSG,.msg,88064,ok,True,False,text,False,0,3,6,False,0,False,0-10,Name | Address | Email | Phone | Money/Amount,True,Contact Information | Financial Account Information,False,,ambiguous,True,yes,4513,standard,,False,False,0,0,0,0,0,0,4.515,False,False,True,,True,clear_no,no,4522,False,likely_non_responsive,True,,9035
CNG_Data2k/files/Q00897.01-0000523691.0001.PDF,Q00897.01-0000523691.0001.PDF,.pdf,23067,ok,True,False,text,False,2,0,1,False,0,False,0-10,Phone,True,Contact Information,False,,ambiguous,True,no,3851,likely_non_responsive,,False,False,0,0,0,0,0,0,0.809,True,False,False,stage1_nr,False,,,0,False,,False,,3851
CNG_Data2k/files/Q00897.01-0000474235.0003.PDF,Q00897.01-0000474235.0003.PDF,.pdf,171882,ok,True,False,text,False,3,0,3,False,0,False,0-10,Name | Address | Email | Phone | Card/Transaction | Money/Amount,True,Contact Information | Financial Account Information,False,,ambiguous,True,yes,4855,standard,"img_ocr:p1(1/1,+22chars)",False,False,0,1,1,1,0,1,7.064,False,False,True,,True,borderline,no,4923,False,likely_non_responsive,True,,9778
CNG_Data2k/files/Q00897.01-0000259105.PDF,Q00897.01-0000259105.PDF,.pdf,444664,ok,True,False,text,False,5,0,15,False,9,False,10-20,Name | Address | Email | Phone | Money/Amount,True,Contact Information | Financial Account Information,False,,ambiguous,True,yes,13802,standard,bde_llm_count,False,False,0,0,0,0,0,0,6.635,False,False,True,,True,likely_yes,yes,7361,False,standard,False,,21163
CNG_Data2k/files/Q00897.01-0000888008.PDF,Q00897.01-0000888008.PDF,.pdf,19877,ok,True,True,text,True,2,0,49,False,1,False,20-50,Name | Address | Phone | Money/Amount | Work-Related,True,Contact Information | Financial Account Information | Work-Related Information,False,,ambiguous,True,yes,8386,standard,bde_llm_count,True,True,2,0,0,0,0,1,10.718,False,False,True,,True,clear_yes,yes,4651,False,standard,False,,13037
CNG_Data2k/files/Q00897.01-0000178704.PDF,Q00897.01-0000178704.PDF,.pdf,631573,ok,True,True,text,True,1,0,19,False,1,False,10-20,Phone | Bank/Account Number | Money/Amount,True,Contact Information | Financial Account Information,False,,ambiguous,True,no,8112,likely_non_responsive,bde_llm_count,True,True,1,0,0,0,0,1,6.91,True,False,False,stage1_nr,False,,,0,False,,False,,8112
CNG_Data2k/files/Q00897.01-0000702033.MSG,Q00897.01-0000702033.MSG,.msg,184320,ok,True,False,text,False,0,0,1,False,0,False,0-10,Name | Address | Email | Money/Amount,True,Contact Information | Financial Account Information,False,,ambiguous,True,yes,4260,standard,,False,False,0,0,0,0,0,0,3.401,False,False,True,,True,clear_yes,yes,4305,False,standard,False,,8565
CNG_Data2k/files/Q00897.01-0000114965.PDF,Q00897.01-0000114965.PDF,.pdf,18548,ok,True,False,text,False,9,0,1,False,0,False,0-10,Card/Transaction | Money/Amount | Work-Related,False,Financial Account Information | Work-Related Information,False,,ambiguous,True,no,8499,likely_non_responsive,,False,False,0,0,0,0,0,0,1.395,True,False,False,stage1_nr,False,,,0,False,,False,,8499
CNG_Data2k/files/Q00897.01-0000008745.PDF,Q00897.01-0000008745.PDF,.pdf,420281,ok,True,False,text,False,2,0,4,False,0,False,0-10,Name | Email | Money/Amount | Work-Related,True,Contact Information | Financial Account Information | Work-Related Information,False,,ambiguous,True,yes,16678,standard,,False,False,0,0,0,0,0,0,3.751,False,False,True,,True,likely_yes,yes,16767,False,standard,False,,33445
CNG_Data2k/files/Q00897.01-0000811549.MSG,Q00897.01-0000811549.MSG,.msg,131072,ok,True,False,text,False,0,1,3,False,0,False,0-10,Name | Address | Email | Phone | Card Expiry/CVV | Card/Transaction | Money/Amount,True,Contact Information | Financial Account Information,False,,ambiguous,True,yes,4895,standard,,False,False,0,0,0,0,0,0,3.245,False,False,True,,True,likely_no,no,4949,False,likely_non_responsive,True,,9844
CNG_Data2k/files/Q00897.01-0000908332.PDF,Q00897.01-0000908332.PDF,.pdf,12504,ok,True,False,text,False,1,0,0,False,0,False,0-10,,False,,False,,clear_non_responsive,False,,0,likely_non_responsive,,False,False,0,0,0,0,0,0,0.08,True,False,False,stage1_nr,False,,,0,False,,False,,0
CNG_Data2k/files/Q00897.01-0000294592.PDF,Q00897.01-0000294592.PDF,.pdf,1622972,ok,True,False,text,False,10,0,1,False,0,False,0-10,Money/Amount,False,Financial Account Information,False,,clear_non_responsive,False,,0,likely_non_responsive,,False,False,0,0,0,0,0,0,1.661,True,False,False,stage1_nr,False,,,0,False,,False,,0
CNG_Data2k/files/Q00897.01-0000651878.0001.XLSX,Q00897.01-0000651878.0001.XLSX,.xlsx,11779,ok,True,True,text,True,1,0,4,False,0,False,0-10,Phone | Money/Amount,True,Contact Information | Financial Account Information,False,,ambiguous,True,no,6969,likely_non_responsive,bde_llm_count,False,False,0,0,0,0,0,0,2.512,True,False,False,stage1_nr,False,,,0,False,,False,,6969
CNG_Data2k/files/Q00897.01-0000365025.MSG,Q00897.01-0000365025.MSG,.msg,265216,ok,True,False,text,False,0,0,1,False,0,False,0-10,Address | Payment Card | Money/Amount,True,Contact Information | Financial Account Information,False,,ambiguous,True,no,4167,likely_non_responsive,,False,False,0,0,0,0,0,0,3.016,True,False,False,stage1_nr,False,,,0,False,,False,,4167
CNG_Data2k/files/Q00897.01-0000873103.XLSX,Q00897.01-0000873103.XLSX,.xlsx,726693,ok,True,True,text,True,5,0,317,False,0,False,100+,Name | Address | Money/Amount,True,Contact Information | Financial Account Information,False,,ambiguous,True,yes,10674,standard,roster_by_rowcount bde_llm_count,False,False,0,0,0,0,0,0,62.58,False,False,True,,True,clear_no,no,5769,True,likely_non_responsive,True,,16443
CNG_Data2k/files/Q00897.01-0000905839.PDF,Q00897.01-0000905839.PDF,.pdf,22543,ok,True,False,text,False,6,0,1,False,0,False,0-10,Address | Phone,True,Contact Information,False,,ambiguous,True,no,6252,likely_non_responsive,,False,False,0,0,0,0,0,0,1.601,True,False,False,stage1_nr,False,,,0,False,,False,,6252
CNG_Data2k/files/Q00897.01-0000434471.MSG,Q00897.01-0000434471.MSG,.msg,190464,ok,True,False,text,False,0,1,7,False,4,False,0-10,Name | Address | Email | Phone | Money/Amount,True,Contact Information | Financial Account Information,False,,ambiguous,True,yes,17471,standard,bde_llm_count,False,False,0,0,0,0,0,0,7.51,False,False,True,,True,likely_no,no,9225,False,likely_non_responsive,True,,26696
CNG_Data2k/files/Q00897.01-0000110485.PDF,Q00897.01-0000110485.PDF,.pdf,6016476,ok,True,True,text,True,15,0,295,False,0,False,100+,Money/Amount | Health | Work-Related,False,Financial Account Information | Health-Related Information | Work-Related Information,False,,ambiguous,True,no,21763,likely_non_responsive,bde_llm_count,True,True,15,0,0,0,0,1,13.807,True,False,False,stage1_nr,False,,,0,False,,False,,21763
CNG_Data2k/files/Q00897.01-0000669069.0001.PDF,Q00897.01-0000669069.0001.PDF,.pdf,35587,ok,True,False,text,False,36,0,1,False,0,False,0-10,Name | Address | Phone | Bank/Account Number | Money/Amount,True,Contact Information | Financial Account Information,False,,ambiguous,True,yes,5115,standard,,False,False,0,0,0,0,0,0,3.38,False,False,True,,True,clear_no,no,5175,False,likely_non_responsive,True,,10290
CNG_Data2k/files/Q00897.01-0000889517.PDF,Q00897.01-0000889517.PDF,.pdf,727258,ok,True,False,text,False,125,0,150,False,150,True,100+,Address | Phone,True,Contact Information,True,,ambiguous,False,,17630,bde,llm_failed:JSONDecodeError bde_llm_count_roster,False,False,0,0,0,0,0,0,30.366,False,True,True,,False,,yes,0,True,bde,False,llm_failed:JSONDecodeError,17630
CNG_Data2k/files/Q00897.01-0000691506.MSG,Q00897.01-0000691506.MSG,.msg,351232,ok,True,False,text,False,0,0,33,False,18,False,20-50,Name | Email | Phone | Money/Amount | Health,True,Contact Information | Financial Account Information | Health-Related Information,False,,ambiguous,True,yes,17223,standard,bde_llm_count,False,False,0,0,0,0,0,0,8.056,False,False,True,,True,likely_yes,yes,9038,False,standard,False,,26261
CNG_Data2k/files/Q00897.01-0000007622.CSV,Q00897.01-0000007622.CSV,.csv,211918,ok,True,True,text,True,0,0,1167,False,1167,True,100+,Name | Money/Amount,False,Financial Account Information,True,,ambiguous,True,yes,13915,structured_bde,bde_llm_count_roster,False,False,0,0,0,0,0,0,6.255,False,True,True,,True,clear_yes,yes,7499,True,structured_bde,False,,21414
CNG_Data2k/files/Q00897.01-0000892005.PDF,Q00897.01-0000892005.PDF,.pdf,122917,ok,True,False,text,False,20,0,5,False,0,False,0-10,Address | Phone | SSN | Money/Amount | Work-Related,True,Contact Information | Government-Issued Identification | Financial Account Information | Work-Related Information,False,,clear_responsive,False,,0,standard,,False,False,0,0,0,0,0,0,3.407,False,False,True,,True,clear_yes,yes,14877,False,standard,False,,14877
CNG_Data2k/files/Q00897.01-0000679637.MSG,Q00897.01-0000679637.MSG,.msg,78336,ok,True,False,text,False,0,2,5,False,0,False,0-10,Name | Address | Email | Phone,True,Contact Information,False,,ambiguous,True,yes,7069,standard,,False,False,0,0,0,0,0,0,62.116,False,False,True,,True,likely_yes,yes,7118,False,standard,False,,14187
CNG_Data2k/files/Q00897.01-0000305250.CSV,Q00897.01-0000305250.CSV,.csv,375047,ok,True,True,text,True,0,0,1544,False,0,True,100+,,False,,True,,ambiguous,True,no,15212,structured_bde,roster_by_rowcount bde_llm_count_roster,False,False,0,0,0,0,0,0,4.323,False,True,True,,True,clear_no,no,8067,True,likely_non_responsive,True,,23279
CNG_Data2k/files/Q00897.01-0000011615.PDF,Q00897.01-0000011615.PDF,.pdf,353498,ok,True,False,text,False,1,0,1,False,0,False,0-10,Money/Amount,False,Financial Account Information,False,,clear_non_responsive,False,,0,likely_non_responsive,,False,False,0,0,0,0,0,0,0.388,True,False,False,stage1_nr,False,,,0,False,,False,,0
CNG_Data2k/files/Q00897.01-0000316283.PDF,Q00897.01-0000316283.PDF,.pdf,38885872,ok,True,False,text,False,21,0,1,False,0,False,0-10,Email | Phone | Money/Amount | Health | Demographic,True,Contact Information | Financial Account Information | Health-Related Information | Demographic Information,False,,ambiguous,True,no,9797,likely_non_responsive,"img_ocr:p2,p3,p3,p4,p4,p11,p11,p18,p18(9/11,+444chars)",False,False,0,11,11,9,0,11,51.904,True,False,False,stage1_nr,False,,,0,False,,False,,9797
CNG_Data2k/files/Q00897.01-0000459088.MSG,Q00897.01-0000459088.MSG,.msg,232960,ok,True,False,text,False,0,0,5,False,0,False,0-10,Name | Address | Email | Phone | Money/Amount,True,Contact Information | Financial Account Information,False,,ambiguous,True,yes,5326,standard,,False,False,0,0,0,0,0,0,3.31,False,False,True,,True,likely_no,no,5392,False,likely_non_responsive,True,,10718
CNG_Data2k/files/Q00897.01-0000715975.MSG,Q00897.01-0000715975.MSG,.msg,162304,ok,True,False,text,False,0,0,1,False,0,False,0-10,Address | Email | Phone | Card Expiry/CVV,True,Contact Information | Financial Account Information,False,,ambiguous,True,no,4020,likely_non_responsive,,False,False,0,0,0,0,0,0,1.273,True,False,False,stage1_nr,False,,,0,False,,False,,4020
CNG_Data2k/files/Q00897.01-0000253625.PDF,Q00897.01-0000253625.PDF,.pdf,156573,ok,True,True,text,True,1,0,15,False,0,False,10-20,Name | Address | Email | Phone | Tax ID | Bank/Account Number | Money/Amount,True,Contact Information | Government-Issued Identification | Financial Account Information,False,,ambiguous,True,no,7283,likely_non_responsive,bde_llm_count,True,True,1,0,0,0,0,1,6.925,True,False,False,stage1_nr,False,,,0,False,,False,,7283
CNG_Data2k/files/Q00897.01-0000580066.0001.PDF,Q00897.01-0000580066.0001.PDF,.pdf,21151,ok,True,False,text,False,1,0,0,False,0,False,0-10,,False,,False,,clear_non_responsive,False,,0,likely_non_responsive,,False,False,0,0,0,0,0,0,0.053,True,False,False,stage1_nr,False,,,0,False,,False,,0
CNG_Data2k/files/Q00897.01-0000356712.CSV,Q00897.01-0000356712.CSV,.csv,91361,ok,True,True,text,True,0,0,624,False,624,True,100+,Name | Money/Amount | Work-Related,False,Financial Account Information | Work-Related Information,True,,ambiguous,True,yes,12150,structured_bde,bde_llm_count_roster,False,False,0,0,0,0,0,0,68.009,False,True,True,,True,clear_yes,yes,6602,True,structured_bde,False,,18752
CNG_Data2k/files/Q00897.01-0000346250.PDF,Q00897.01-0000346250.PDF,.pdf,28971,ok,True,False,text,False,7,0,1,False,0,False,0-10,Name | Address | Money/Amount,True,Contact Information | Financial Account Information,False,,ambiguous,True,yes,6641,standard,,False,False,0,0,0,0,0,0,3.538,False,False,True,,False,,yes,0,False,standard,False,llm_failed:RateLimitError,6641
CNG_Data2k/files/Q00897.01-0000806000.MSG,Q00897.01-0000806000.MSG,.msg,178688,ok,True,False,text,False,0,6,5,False,0,False,0-10,Name | Address | Email | Phone | Money/Amount,True,Contact Information | Financial Account Information,False,,ambiguous,True,yes,5437,standard,,False,False,0,0,0,0,0,0,3.413,False,False,True,,True,likely_no,no,5473,False,likely_non_responsive,True,,10910
CNG_Data2k/files/Q00897.01-0000910704.PDF,Q00897.01-0000910704.PDF,.pdf,226504,ok,True,False,text,False,31,0,50,False,51,True,20-50,Name | Phone | Money/Amount,True,Contact Information | Financial Account Information,True,,ambiguous,True,yes,35909,bde,bde_llm_count_roster,False,False,0,0,0,0,0,0,69.601,False,True,True,,True,clear_yes,yes,18444,False,standard,False,,54353
CNG_Data2k/files/Q00897.01-0000668949.MSG,Q00897.01-0000668949.MSG,.msg,173056,ok,True,False,text,False,0,2,3,False,0,False,0-10,Name | Phone,True,Contact Information,False,,ambiguous,True,no,3728,likely_non_responsive,,False,False,0,0,0,0,0,0,2.897,True,False,False,stage1_nr,False,,,0,False,,False,,3728
CNG_Data2k/files/Q00897.01-0000913060.PDF,Q00897.01-0000913060.PDF,.pdf,109603,ok,True,False,text,False,3,0,0,False,0,False,0-10,,False,,False,,clear_non_responsive,False,,0,likely_non_responsive,,False,False,0,0,0,0,0,0,0.155,True,False,False,stage1_nr,False,,,0,False,,False,,0
CNG_Data2k/files/Q00897.01-0000403066.MSG,Q00897.01-0000403066.MSG,.msg,206848,ok,True,False,text,False,0,0,2,False,0,False,0-10,Address | Email | Phone | Credentials,True,Contact Information | Access Credentials,False,,ambiguous,True,no,3990,likely_non_responsive,,False,False,0,0,0,0,0,0,1.729,True,False,False,stage1_nr,False,,,0,False,,False,,3990
CNG_Data2k\files\Q00897.01-0000011833.XLS,Q00897.01-0000011833.XLS,.xls,71490,ok,True,True,text,True,2,0,1,False,1,False,0-10,Name | Address,True,Contact Information,False,,ambiguous,True,yes,3688,standard,bde_llm_count,False,False,0,0,0,0,0,0,3.308,False,False,True,,True,clear_yes,yes,2456,False,standard,False,,6144
CNG_Data2k/files/Q00897.01-0000642262.MSG,Q00897.01-0000642262.MSG,.msg,22528,ok,True,False,text,False,0,0,0,False,0,False,0-10,,False,,False,,clear_non_responsive,False,,0,likely_non_responsive,,False,False,0,0,0,0,0,0,0.027,True,False,False,stage1_nr,False,,,0,False,,False,,0
CNG_Data2k/files/Q00897.01-0000660579.MSG,Q00897.01-0000660579.MSG,.msg,113152,ok,True,False,text,False,0,2,4,False,0,False,0-10,Name | Email | Phone | Card/Transaction,True,Contact Information | Financial Account Information,False,,ambiguous,True,yes,4734,standard,,False,False,0,0,0,0,0,0,4.272,False,False,True,,True,likely_yes,yes,4785,False,standard,False,,9519
CNG_Data2k/files/Q00897.01-0000344744.PDF,Q00897.01-0000344744.PDF,.pdf,539008,ok,True,False,text,False,3,0,5,False,0,False,0-10,Name | Phone | Money/Amount,True,Contact Information | Financial Account Information,False,,ambiguous,True,yes,5487,standard,"img_ocr:p2,p2,p2,p2(4/4,+4chars)",False,False,0,4,4,4,0,4,20.702,False,False,True,,True,likely_no,no,5480,False,likely_non_responsive,True,,10967
CNG_Data2k/files/Q00897.01-0000387009.MSG,Q00897.01-0000387009.MSG,.msg,126464,ok,True,False,text,False,0,0,3,False,0,False,0-10,Address | Email | Money/Amount,True,Contact Information | Financial Account Information,False,,ambiguous,True,no,4965,likely_non_responsive,,False,False,0,0,0,0,0,0,2.575,True,False,False,stage1_nr,False,,,0,False,,False,,4965
CNG_Data2k/files/Q00897.01-0000118584.PDF,Q00897.01-0000118584.PDF,.pdf,119917,ok,True,False,text,False,1,0,2,False,0,False,0-10,Name | Work-Related,True,Work-Related Information,False,,ambiguous,True,yes,4489,standard,,False,False,0,0,0,0,0,0,3.005,False,False,True,,True,likely_yes,yes,4563,False,standard,False,,9052
CNG_Data2k/files/Q00897.01-0000530167.0001.PDF,Q00897.01-0000530167.0001.PDF,.pdf,22659,ok,True,False,text,False,1,0,1,False,0,False,0-10,Money/Amount,False,Financial Account Information,False,,clear_non_responsive,False,,0,likely_non_responsive,,False,False,0,0,0,0,0,0,0.025,True,False,False,stage1_nr,False,,,0,False,,False,,0
CNG_Data2k/files/Q00897.01-0000617070.MSG,Q00897.01-0000617070.MSG,.msg,562688,ok,True,False,text,False,0,3,2,False,0,False,0-10,Name | Address | Email | Phone,True,Contact Information,False,,ambiguous,True,yes,4433,standard,,False,False,0,0,0,0,0,0,3.872,False,False,True,,True,borderline,no,4526,False,likely_non_responsive,True,,8959
CNG_Data2k/files/Q00897.01-0000895285.PDF,Q00897.01-0000895285.PDF,.pdf,72098,ok,True,False,text,False,10,0,20,False,20,False,10-20,Name | Address | Phone,True,Contact Information,False,,ambiguous,True,yes,28003,standard,bde_llm_count_roster,False,False,0,0,0,0,0,0,9.088,False,False,True,,True,clear_yes,yes,14426,False,standard,False,,42429
CNG_Data2k/files/Q00897.01-0000132314.PDF,Q00897.01-0000132314.PDF,.pdf,757566,ok,True,True,text,True,5,0,48,False,0,False,20-50,Phone | Money/Amount,True,Contact Information | Financial Account Information,False,,ambiguous,True,no,9239,likely_non_responsive,bde_llm_count,True,True,5,0,0,0,0,1,8.258,True,False,False,stage1_nr,False,,,0,False,,False,,9239
CNG_Data2k/files/Q00897.01-0000811803.0002.DOCX,Q00897.01-0000811803.0002.DOCX,.docx,22505,ok,True,False,text,False,0,0,2,False,0,False,0-10,Name | Address | Phone,True,Contact Information,False,,ambiguous,True,no,3831,likely_non_responsive,,False,False,0,0,0,0,0,0,1.229,True,False,False,stage1_nr,False,,,0,False,,False,,3831
CNG_Data2k/files/Q00897.01-0000258715.0001.PDF,Q00897.01-0000258715.0001.PDF,.pdf,276368,ok,True,False,text,False,3,0,1,False,0,False,0-10,Name | Address | Bank/Account Number | Money/Amount,True,Contact Information | Financial Account Information,False,,ambiguous,True,yes,4334,standard,"img_ocr:p2(1/1,+318chars)",False,False,0,1,1,1,0,1,7.233,False,False,True,,True,likely_no,no,4414,False,likely_non_responsive,True,,8748
CNG_Data2k\files\Q00897.01-0000842177.0001.DOC,Q00897.01-0000842177.0001.DOC,.doc,29335,ok,True,False,text,False,0,0,0,False,0,False,0-10,,False,,False,,clear_non_responsive,False,,0,likely_non_responsive,,False,False,0,0,0,0,0,0,0.063,True,False,False,stage1_nr,False,,,0,False,,False,,0
CNG_Data2k/files/Q00897.01-0000657830.MSG,Q00897.01-0000657830.MSG,.msg,830976,ok,True,False,text,False,0,4,1,False,0,False,0-10,Money/Amount,False,Financial Account Information,False,,clear_non_responsive,False,,0,likely_non_responsive,,False,False,0,0,0,0,0,0,0.266,True,False,False,stage1_nr,False,,,0,False,,False,,0
CNG_Data2k/files/Q00897.01-0000840664.MSG,Q00897.01-0000840664.MSG,.msg,45056,ok,True,False,text,False,0,1,6,False,0,False,0-10,Name | Address | Email | Phone,True,Contact Information,False,,ambiguous,True,yes,6053,standard,,False,False,0,0,0,0,0,0,3.97,False,False,True,,True,likely_no,no,6117,False,likely_non_responsive,True,,12170
CNG_Data2k/files/Q00897.01-0000539394.MSG,Q00897.01-0000539394.MSG,.msg,133632,ok,True,False,text,False,0,0,1,False,0,False,0-10,Email,True,Contact Information,False,,ambiguous,True,no,5006,likely_non_responsive,,False,False,0,0,0,0,0,0,60.913,True,False,False,stage1_nr,False,,,0,False,,False,,5006
CNG_Data2k/files/Q00897.01-0000776490.MSG,Q00897.01-0000776490.MSG,.msg,95232,ok,True,False,text,False,0,3,3,False,0,False,0-10,Name | Address | Email | Phone,True,Contact Information,False,,ambiguous,True,yes,4738,standard,,False,False,0,0,0,0,0,0,2.86,False,False,True,,True,likely_no,no,4805,False,likely_non_responsive,True,,9543
CNG_Data2k/files/Q00897.01-0000481270.MSG,Q00897.01-0000481270.MSG,.msg,36352,ok,True,False,text,False,0,0,7,False,7,False,0-10,Name | Email | Phone | Money/Amount,True,Contact Information | Financial Account Information,False,,ambiguous,True,yes,12040,standard,bde_llm_count,False,False,0,0,0,0,0,0,4.937,False,False,True,,True,likely_yes,yes,6436,False,standard,False,,18476
CNG_Data2k/files/Q00897.01-0000805941.MSG,Q00897.01-0000805941.MSG,.msg,72704,ok,True,False,text,False,0,2,8,False,7,False,0-10,Name | Address | Email | Phone,True,Contact Information,False,,ambiguous,True,yes,10781,standard,bde_llm_count,False,False,0,0,0,0,0,0,65.403,False,False,True,,True,likely_no,no,5878,False,likely_non_responsive,True,,16659
CNG_Data2k/files/Q00897.01-0000307373.MSG,Q00897.01-0000307373.MSG,.msg,633856,ok,True,False,text,False,0,1,2,False,0,False,0-10,Name | Email | Phone | Card/Transaction,True,Contact Information | Financial Account Information,False,,ambiguous,True,no,4251,likely_non_responsive,,False,False,0,0,0,0,0,0,1.815,True,False,False,stage1_nr,False,,,0,False,,False,,4251
CNG_Data2k/files/Q00897.01-0000895903.PDF,Q00897.01-0000895903.PDF,.pdf,63425,ok,True,False,text,False,13,0,3,False,0,False,0-10,Name | Address | Phone | Money/Amount | Work-Related,True,Contact Information | Financial Account Information | Work-Related Information,False,,ambiguous,True,yes,14045,standard,,False,False,0,0,0,0,0,0,4.322,False,False,True,,True,clear_yes,yes,14086,False,standard,False,,28131
CNG_Data2k/files/Q00897.01-0000878908.0001.XLSX,Q00897.01-0000878908.0001.XLSX,.xlsx,6040296,ok,True,True,text,True,5,0,106855,False,0,True,100+,Money/Amount,False,Financial Account Information,True,,ambiguous,True,no,9077,structured_bde,roster_by_rowcount bde_llm_count_roster,False,False,0,0,0,0,0,0,62.924,False,True,True,,True,clear_no,no,4982,True,likely_non_responsive,True,,14059
CNG_Data2k/files/Q00897.01-0000347812.PDF,Q00897.01-0000347812.PDF,.pdf,63140,ok,True,True,text,True,1,0,2,False,1,False,0-10,Name | Address | Phone | Money/Amount,True,Contact Information | Financial Account Information,False,,ambiguous,True,no,7101,likely_non_responsive,bde_llm_count,True,True,1,0,0,0,0,1,65.544,True,False,False,stage1_nr,False,,,0,False,,False,,7101
CNG_Data2k/files/Q00897.01-0000632052.0001.PDF,Q00897.01-0000632052.0001.PDF,.pdf,38349,ok,True,True,text,True,2,0,10,False,1,False,0-10,Name | Address | Phone | Money/Amount,True,Contact Information | Financial Account Information,False,,ambiguous,True,yes,7348,standard,bde_llm_count,True,True,2,0,0,0,0,1,8.84,False,False,True,,True,clear_yes,yes,4117,False,standard,False,,11465
CNG_Data2k/files/Q00897.01-0000868600.TXT,Q00897.01-0000868600.TXT,.txt,28821,ok,True,False,text,False,0,0,92,False,0,False,50-100,Address | Phone | Money/Amount,True,Contact Information | Financial Account Information,False,,ambiguous,True,no,33895,likely_non_responsive,bde_llm_count,False,False,0,0,0,0,0,0,2.894,True,False,False,stage1_nr,False,,,0,False,,False,,33895
CNG_Data2k/files/Q00897.01-0000807201.MSG,Q00897.01-0000807201.MSG,.msg,131072,ok,True,False,text,False,0,3,7,False,6,False,0-10,Address | Email | Phone,True,Contact Information,False,,ambiguous,False,,5026,standard,llm_failed:RateLimitError bde_llm_count,False,False,0,0,0,0,0,0,64.581,False,False,True,,True,likely_no,no,5867,False,likely_non_responsive,True,,10893
CNG_Data2k/files/Q00897.01-0000394090.MSG,Q00897.01-0000394090.MSG,.msg,80896,ok,True,False,text,False,0,0,2,False,0,False,0-10,Address | Email | Card/Transaction,True,Contact Information | Financial Account Information,False,,ambiguous,True,no,4101,likely_non_responsive,,False,False,0,0,0,0,0,0,2.685,True,False,False,stage1_nr,False,,,0,False,,False,,4101
CNG_Data2k/files/Q00897.01-0000825319.0002.PDF,Q00897.01-0000825319.0002.PDF,.pdf,447659,ok,True,True,text,True,15,0,75,False,1,False,50-100,Name | Address | Phone | Money/Amount | Work-Related,True,Contact Information | Financial Account Information | Work-Related Information,False,,ambiguous,True,yes,17205,standard,bde_llm_count,True,True,15,0,0,0,0,1,12.366,False,False,True,,True,likely_no,no,9125,True,likely_non_responsive,True,,26330
CNG_Data2k/files/Q00897.01-0000775297.0003.PDF,Q00897.01-0000775297.0003.PDF,.pdf,87261,ok,True,False,text,False,3,0,0,False,0,False,0-10,,False,,False,,clear_non_responsive,False,,0,likely_non_responsive,,False,False,0,0,0,0,0,0,1.369,True,False,False,stage1_nr,False,,,0,False,,False,,0
CNG_Data2k/files/Q00897.01-0000833447.MSG,Q00897.01-0000833447.MSG,.msg,59904,ok,True,False,text,False,0,1,6,False,0,False,0-10,Name | Address | Email | Phone | Money/Amount,True,Contact Information | Financial Account Information,False,,ambiguous,True,yes,8966,standard,,False,False,0,0,0,0,0,0,4.061,False,False,True,,True,likely_no,no,9067,False,likely_non_responsive,True,,18033
CNG_Data2k/files/Q00897.01-0000669386.MSG,Q00897.01-0000669386.MSG,.msg,191488,ok,True,False,text,False,0,2,3,False,0,False,0-10,Name | Phone,True,Contact Information,False,,ambiguous,True,no,3737,likely_non_responsive,,False,False,0,0,0,0,0,0,1.23,True,False,False,stage1_nr,False,,,0,False,,False,,3737
CNG_Data2k/files/Q00897.01-0000818346.MSG,Q00897.01-0000818346.MSG,.msg,33792,ok,True,False,text,False,0,1,5,False,0,False,0-10,Name | Address | Email | Phone,True,Contact Information,False,,ambiguous,True,yes,4030,standard,,False,False,0,0,0,0,0,0,3.118,False,False,True,,True,borderline,no,4111,False,likely_non_responsive,True,,8141
CNG_Data2k/files/Q00897.01-0000346970.PDF,Q00897.01-0000346970.PDF,.pdf,19992,ok,True,False,text,False,2,0,1,False,0,False,0-10,Money/Amount,False,Financial Account Information,False,,clear_non_responsive,False,,0,likely_non_responsive,,False,False,0,0,0,0,0,0,0.159,True,False,False,stage1_nr,False,,,0,False,,False,,0
CNG_Data2k/files/Q00897.01-0000625864.MSG,Q00897.01-0000625864.MSG,.msg,79872,ok,True,False,text,False,0,2,8,False,6,False,0-10,Name | Address | Email | Phone | Card/Transaction,True,Contact Information | Financial Account Information,False,,ambiguous,True,yes,11033,standard,bde_llm_count,False,False,0,0,0,0,0,0,5.805,False,False,True,,True,clear_no,no,5981,False,likely_non_responsive,True,,17014
CNG_Data2k/files/Q00897.01-0000555824.0001.PNG,Q00897.01-0000555824.0001.PNG,.png,428913,ok,True,True,text,True,1,0,29,False,0,False,20-50,Money/Amount,False,Financial Account Information,False,,ambiguous,True,no,10095,likely_non_responsive,bde_llm_count,True,True,1,0,0,0,0,1,7.75,True,False,False,stage1_nr,False,,,0,False,,False,,10095
CNG_Data2k/files/Q00897.01-0000880895.MSG,Q00897.01-0000880895.MSG,.msg,508416,ok,True,False,text,False,0,1,2,False,0,False,0-10,Name | Address | Phone | Card/Transaction,True,Contact Information | Financial Account Information,False,,ambiguous,True,yes,4280,standard,,False,False,0,0,0,0,0,0,62.467,False,False,True,,True,borderline,no,4356,False,likely_non_responsive,True,,8636
CNG_Data2k/files/Q00897.01-0000114261.PDF,Q00897.01-0000114261.PDF,.pdf,16386,ok,True,False,text,False,8,0,1,False,0,False,0-10,Card/Transaction | Money/Amount | Work-Related,False,Financial Account Information | Work-Related Information,False,,ambiguous,True,no,9829,likely_non_responsive,,False,False,0,0,0,0,0,0,1.989,True,False,False,stage1_nr,False,,,0,False,,False,,9829
CNG_Data2k/files/Q00897.01-0000001974.PDF,Q00897.01-0000001974.PDF,.pdf,57519,ok,True,True,text,True,1,0,6,False,1,False,0-10,Name | Phone | Money/Amount,True,Contact Information | Financial Account Information,False,,ambiguous,True,yes,6670,standard,bde_llm_count,True,True,1,0,0,0,0,1,8.618,False,False,True,,True,likely_yes,yes,3818,False,standard,False,,10488
CNG_Data2k/files/Q00897.01-0000341294.DOCX,Q00897.01-0000341294.DOCX,.docx,14987,ok,True,False,text,False,0,0,1,False,0,False,0-10,Name | Money/Amount | Student ID,True,Financial Account Information | Student-Related Information,False,,ambiguous,True,yes,3896,standard,,False,False,0,0,0,0,0,0,2.496,False,False,True,,True,likely_no,no,3999,False,likely_non_responsive,True,,7895
CNG_Data2k/files/Q00897.01-0000774937.MSG,Q00897.01-0000774937.MSG,.msg,60416,ok,True,False,text,False,0,0,7,False,7,False,0-10,Name | Address | Email | Phone,True,Contact Information,False,,ambiguous,True,yes,17600,standard,bde_llm_count,False,False,0,0,0,0,0,0,5.97,False,False,True,,True,likely_yes,yes,9309,False,standard,False,,26909
CNG_Data2k/files/Q00897.01-0000800670.0004.PDF,Q00897.01-0000800670.0004.PDF,.pdf,243360,ok,True,False,text,False,1,0,2,False,0,False,0-10,Name | Address | Money/Amount,True,Contact Information | Financial Account Information,False,,ambiguous,True,yes,15407,standard,"img_ocr:p1(1/2,+55chars)",False,False,0,2,2,1,0,2,11.606,False,False,True,,True,likely_yes,yes,15478,False,standard,False,,30885
CNG_Data2k/files/Q00897.01-0000763809.0002.PDF,Q00897.01-0000763809.0002.PDF,.pdf,85490,ok,True,False,text,False,2,0,2,False,0,False,0-10,Name | Phone | Money/Amount,True,Contact Information | Financial Account Information,False,,ambiguous,True,no,6002,likely_non_responsive,"img_ocr:p1(1/1,+16chars)",False,False,0,1,1,1,0,1,5.463,True,False,False,stage1_nr,False,,,0,False,,False,,6002
CNG_Data2k\files\Q00897.01-0000106591.XLS,Q00897.01-0000106591.XLS,.xls,18465,ok,True,True,text,True,1,0,92,False,0,False,50-100,Name | Money/Amount,True,Financial Account Information,False,,ambiguous,True,no,4645,likely_non_responsive,roster_by_rowcount bde_llm_count,False,False,0,0,0,0,0,0,1.933,True,False,False,stage1_nr,False,,,0,False,,False,,4645
CNG_Data2k/files/Q00897.01-0000670443.MSG,Q00897.01-0000670443.MSG,.msg,163840,ok,True,False,text,False,0,0,5,False,0,False,0-10,Name | Address | Email | Phone,True,Contact Information,False,,ambiguous,True,yes,4215,standard,,False,False,0,0,0,0,0,0,3.558,False,False,True,,True,likely_no,no,4258,False,likely_non_responsive,True,,8473
CNG_Data2k/files/Q00897.01-0000114533.PDF,Q00897.01-0000114533.PDF,.pdf,20249,ok,True,False,text,False,9,0,1,False,0,False,0-10,Card/Transaction | Money/Amount | Work-Related,False,Financial Account Information | Work-Related Information,False,,ambiguous,True,no,11249,likely_non_responsive,,False,False,0,0,0,0,0,0,1.615,True,False,False,stage1_nr,False,,,0,False,,False,,11249
CNG_Data2k/files/Q00897.01-0000614203.0001.PDF,Q00897.01-0000614203.0001.PDF,.pdf,198525,ok,True,False,text,False,1,0,1,False,0,False,0-10,Name | Address | Email | Phone | Money/Amount,True,Contact Information | Financial Account Information,False,,ambiguous,True,yes,4811,standard,,False,False,0,0,0,0,0,0,3.204,False,False,True,,True,clear_no,no,4943,False,likely_non_responsive,True,,9754
CNG_Data2k/files/Q00897.01-0000686839.MSG,Q00897.01-0000686839.MSG,.msg,100352,ok,True,False,text,False,0,1,8,False,4,False,0-10,Name | Address | Email | Phone,True,Contact Information,False,,ambiguous,True,yes,11284,standard,bde_llm_count,False,False,0,0,0,0,0,0,11.296,False,False,True,,True,likely_no,no,6108,False,likely_non_responsive,True,,17392
CNG_Data2k/files/Q00897.01-0000498395.MSG,Q00897.01-0000498395.MSG,.msg,56320,ok,True,False,text,False,0,0,1,False,0,False,0-10,Address | Phone | Money/Amount | Health,True,Contact Information | Financial Account Information | Health-Related Information,False,,ambiguous,True,no,4815,likely_non_responsive,,False,False,0,0,0,0,0,0,2.99,True,False,False,stage1_nr,False,,,0,False,,False,,4815
CNG_Data2k/files/Q00897.01-0000588207.0001.PDF,Q00897.01-0000588207.0001.PDF,.pdf,161807,ok,True,False,text,False,3,0,1,False,0,False,0-10,Phone,True,Contact Information,False,,ambiguous,True,no,8179,likely_non_responsive,,False,False,0,0,0,0,0,0,1.664,True,False,False,stage1_nr,False,,,0,False,,False,,8179
CNG_Data2k/files/Q00897.01-0000833783.MSG,Q00897.01-0000833783.MSG,.msg,130560,ok,True,False,text,False,0,1,8,False,6,False,0-10,Name | Address | Email | Phone,True,Contact Information,False,,ambiguous,True,yes,9084,standard,bde_llm_count,False,False,0,0,0,0,0,0,4.769,False,False,True,,True,likely_no,no,4998,False,likely_non_responsive,True,,14082
CNG_Data2k/files/Q00897.01-0000796036.0001.PDF,Q00897.01-0000796036.0001.PDF,.pdf,5324914,ok,True,False,text,False,15,0,3,False,0,False,0-10,Name | Address | Email | Phone | Card Expiry/CVV | Money/Amount,True,Contact Information | Financial Account Information,False,,ambiguous,True,yes,8728,standard,,True,True,15,0,0,0,0,1,71.855,False,False,True,,True,clear_yes,yes,8786,False,standard,False,,17514
CNG_Data2k\files\Q00897.01-0000127384.XLS,Q00897.01-0000127384.XLS,.xls,34507,ok,True,True,text,True,2,0,136,False,0,False,100+,Name | Money/Amount,False,Financial Account Information,False,,ambiguous,True,no,4019,likely_non_responsive,roster_by_rowcount bde_llm_count,False,False,0,0,0,0,0,0,1.973,True,False,False,stage1_nr,False,,,0,False,,False,,4019
CNG_Data2k/files/Q00897.01-0000801472.0002.DOCX,Q00897.01-0000801472.0002.DOCX,.docx,14789,ok,True,False,text,False,0,0,1,False,0,False,0-10,Name | Money/Amount | Student ID,True,Financial Account Information | Student-Related Information,False,,ambiguous,True,yes,3930,standard,,False,False,0,0,0,0,0,0,2.549,False,False,True,,True,likely_yes,yes,4017,False,standard,False,,7947
CNG_Data2k/files/Q00897.01-0000911347.PDF,Q00897.01-0000911347.PDF,.pdf,10999,ok,True,False,text,False,1,0,1,False,0,False,0-10,Name | Money/Amount,True,Financial Account Information,False,,ambiguous,True,yes,3904,standard,,False,False,0,0,0,0,0,0,2.298,False,False,True,,True,likely_yes,yes,3974,False,standard,False,,7878
CNG_Data2k/files/Q00897.01-0000328237.JPG,Q00897.01-0000328237.JPG,.jpg,4255965,ok,True,True,text,True,1,0,16,False,1,False,10-20,Name | Address | Email | Money/Amount,True,Contact Information | Financial Account Information,False,,ambiguous,True,yes,8531,standard,bde_llm_count,True,True,1,0,0,0,0,1,9.146,False,False,True,,True,clear_no,no,4762,False,likely_non_responsive,True,,13293
CNG_Data2k/files/Q00897.01-0000901424.PDF,Q00897.01-0000901424.PDF,.pdf,18942,ok,True,False,text,False,3,0,1,False,0,False,0-10,Name | Address | Phone | Money/Amount,True,Contact Information | Financial Account Information,False,,ambiguous,True,yes,5694,standard,,False,False,0,0,0,0,0,0,2.903,False,False,True,,True,likely_yes,yes,5792,False,standard,False,,11486
CNG_Data2k/files/Q00897.01-0000605126.0001.PDF,Q00897.01-0000605126.0001.PDF,.pdf,23682,ok,True,False,text,False,1,0,1,False,0,False,0-10,Money/Amount,False,Financial Account Information,False,,clear_non_responsive,False,,0,likely_non_responsive,,False,False,0,0,0,0,0,0,0.021,True,False,False,stage1_nr,False,,,0,False,,False,,0
CNG_Data2k/files/Q00897.01-0000809501.0001.DOCX,Q00897.01-0000809501.0001.DOCX,.docx,44552,ok,True,False,text,False,0,0,2,False,0,False,0-10,Name | Address,True,Contact Information,False,,ambiguous,True,no,6433,likely_non_responsive,,False,False,0,0,0,0,0,0,4.515,True,False,False,stage1_nr,False,,,0,False,,False,,6433
CNG_Data2k/files/Q00897.01-0000133145.PDF,Q00897.01-0000133145.PDF,.pdf,562950,ok,True,True,text,True,3,0,40,False,0,False,20-50,Phone | Money/Amount,True,Contact Information | Financial Account Information,False,,ambiguous,True,no,8197,likely_non_responsive,bde_llm_count,True,True,3,0,0,0,0,1,9.6,True,False,False,stage1_nr,False,,,0,False,,False,,8197
CNG_Data2k/files/Q00897.01-0000557245.MSG,Q00897.01-0000557245.MSG,.msg,147456,ok,True,False,text,False,0,0,1,False,0,False,0-10,Money/Amount,False,Financial Account Information,False,,clear_non_responsive,False,,0,likely_non_responsive,,False,False,0,0,0,0,0,0,0.344,True,False,False,stage1_nr,False,,,0,False,,False,,0
CNG_Data2k/files/Q00897.01-0000843193.MSG,Q00897.01-0000843193.MSG,.msg,2324992,ok,True,False,text,False,0,3,8,False,4,False,0-10,Name | Address | Email | Phone | Money/Amount,True,Contact Information | Financial Account Information,False,,ambiguous,True,yes,11003,standard,bde_llm_count,False,False,0,0,0,0,0,0,6.398,False,False,True,,True,likely_no,no,5937,False,likely_non_responsive,True,,16940
CNG_Data2k/files/Q00897.01-0000457728.0001.XLSX,Q00897.01-0000457728.0001.XLSX,.xlsx,119344,ok,True,True,text,True,4,0,454,False,0,False,100+,Phone | Payment Card,True,Contact Information | Financial Account Information,False,,ambiguous,True,no,17843,likely_non_responsive,roster_by_rowcount bde_llm_count,False,False,0,0,0,0,0,0,2.181,True,False,False,stage1_nr,False,,,0,False,,False,,17843
CNG_Data2k/files/Q00897.01-0000533685.0001.PDF,Q00897.01-0000533685.0001.PDF,.pdf,22576,ok,True,False,text,False,1,0,1,False,0,False,0-10,Money/Amount,False,Financial Account Information,False,,clear_non_responsive,False,,0,likely_non_responsive,,False,False,0,0,0,0,0,0,0.024,True,False,False,stage1_nr,False,,,0,False,,False,,0
CNG_Data2k/files/Q00897.01-0000537160.0001.XLSX,Q00897.01-0000537160.0001.XLSX,.xlsx,80313,ok,True,True,text,True,1,0,67,False,0,False,50-100,Phone | Money/Amount,True,Contact Information | Financial Account Information,False,,ambiguous,True,no,17921,likely_non_responsive,bde_llm_count,False,False,0,0,0,0,0,0,62.851,True,False,False,stage1_nr,False,,,0,False,,False,,17921
CNG_Data2k/files/Q00897.01-0000534434.0001.PDF,Q00897.01-0000534434.0001.PDF,.pdf,18926,ok,True,False,text,False,3,0,1,False,0,False,0-10,Money/Amount,False,Financial Account Information,False,,clear_non_responsive,False,,0,likely_non_responsive,,False,False,0,0,0,0,0,0,0.149,True,False,False,stage1_nr,False,,,0,False,,False,,0
CNG_Data2k/files/Q00897.01-0000009329.PDF,Q00897.01-0000009329.PDF,.pdf,414845,ok,True,False,text,False,2,0,5,False,0,False,0-10,Phone | SSN,True,Contact Information | Government-Issued Identification,False,,clear_responsive,False,,0,standard,,False,False,0,0,0,0,0,0,2.352,False,False,True,,True,clear_yes,yes,5139,False,standard,False,,5139
CNG_Data2k/files/Q00897.01-0000893227.PDF,Q00897.01-0000893227.PDF,.pdf,11822,ok,True,False,text,False,1,0,0,False,0,False,0-10,,False,,False,,clear_non_responsive,False,,0,likely_non_responsive,,False,False,0,0,0,0,0,0,0.047,True,False,False,stage1_nr,False,,,0,False,,False,,0
CNG_Data2k/files/Q00897.01-0000862208.XLSX,Q00897.01-0000862208.XLSX,.xlsx,571962,ok,True,True,text,True,2,0,3915,False,3915,True,100+,Name | Work-Related,False,Work-Related Information,True,,ambiguous,True,yes,12280,structured_bde,roster_by_rowcount bde_llm_count_roster,False,False,0,0,0,0,0,0,4.991,False,True,True,,True,clear_yes,yes,6615,True,structured_bde,False,,18895
CNG_Data2k/files/Q00897.01-0000357003.CSV,Q00897.01-0000357003.CSV,.csv,276272,ok,True,True,text,True,0,0,939,False,939,True,100+,Name | Money/Amount,False,Financial Account Information,True,,ambiguous,True,yes,17644,structured_bde,roster_by_rowcount bde_llm_count_roster,False,False,0,0,0,0,0,0,68.215,False,True,True,,True,clear_yes,yes,9391,True,structured_bde,False,,27035
CNG_Data2k/files/Q00897.01-0000902457.PDF,Q00897.01-0000902457.PDF,.pdf,15361,ok,True,False,text,False,2,0,1,False,0,False,0-10,Money/Amount,False,Financial Account Information,False,,clear_non_responsive,False,,0,likely_non_responsive,,False,False,0,0,0,0,0,0,0.097,True,False,False,stage1_nr,False,,,0,False,,False,,0
CNG_Data2k/files/Q00897.01-0000399985.0001.PDF,Q00897.01-0000399985.0001.PDF,.pdf,64949,ok,True,True,text,True,1,0,7,False,2,False,0-10,Name | Money/Amount,False,Financial Account Information,False,,ambiguous,True,yes,7010,standard,bde_llm_count,True,True,1,0,0,0,0,1,7.872,False,False,True,,True,borderline,no,3971,False,likely_non_responsive,True,,10981
CNG_Data2k/files/Q00897.01-0000340114.XLSX,Q00897.01-0000340114.XLSX,.xlsx,22165,ok,True,True,text,True,1,0,124,False,124,True,100+,Phone | Payment Card | Money/Amount,True,Contact Information | Financial Account Information,True,,ambiguous,True,no,11256,structured_bde,roster_by_rowcount bde_llm_count_roster,False,False,0,0,0,0,0,0,4.543,False,True,True,,True,likely_no,no,6108,True,likely_non_responsive,True,,17364
CNG_Data2k/files/Q00897.01-0000457014.MSG,Q00897.01-0000457014.MSG,.msg,368128,ok,True,False,text,False,0,0,2,False,0,False,0-10,Name | Address | Money/Amount,True,Contact Information | Financial Account Information,False,,ambiguous,True,no,6576,likely_non_responsive,,False,False,0,0,0,0,0,0,4.036,True,False,False,stage1_nr,False,,,0,False,,False,,6576
CNG_Data2k/files/Q00897.01-0000887887.PDF,Q00897.01-0000887887.PDF,.pdf,132495,ok,True,True,text,True,15,0,271,False,8,True,100+,Name | Address | Phone | Money/Amount | Health,True,Contact Information | Financial Account Information | Health-Related Information,True,,ambiguous,True,yes,20747,structured_bde,bde_llm_count_roster,True,True,15,0,0,0,0,1,18.055,False,True,True,,True,clear_yes,yes,10945,True,structured_bde,False,,31692
CNG_Data2k/files/Q00897.01-0000899950.PDF,Q00897.01-0000899950.PDF,.pdf,19236,ok,True,False,text,False,3,0,2,False,0,False,0-10,Name | Address | Phone | Money/Amount,True,Contact Information | Financial Account Information,False,,ambiguous,True,yes,5792,standard,,False,False,0,0,0,0,0,0,2.968,False,False,True,,True,borderline,no,5865,False,likely_non_responsive,True,,11657
CNG_Data2k/files/Q00897.01-0000228645.XLSX,Q00897.01-0000228645.XLSX,.xlsx,21060,ok,True,True,text,True,1,0,366,False,0,False,100+,Phone | Money/Amount,True,Contact Information | Financial Account Information,False,,ambiguous,True,no,10844,likely_non_responsive,roster_by_rowcount bde_llm_count,False,False,0,0,0,0,0,0,2.101,True,False,False,stage1_nr,False,,,0,False,,False,,10844
CNG_Data2k/files/Q00897.01-0000675422.0001.XLSX,Q00897.01-0000675422.0001.XLSX,.xlsx,264566,ok,True,True,text,True,5,0,54,False,0,False,50-100,Phone | Money/Amount,True,Contact Information | Financial Account Information,False,,ambiguous,True,no,11301,likely_non_responsive,roster_by_rowcount bde_llm_count,False,False,0,0,0,0,0,0,2.328,True,False,False,stage1_nr,False,,,0,False,,False,,11301
CNG_Data2k\files\Q00897.01-0000006439.XLS,Q00897.01-0000006439.XLS,.xls,26783,ok,True,True,text,True,3,0,76,False,26,True,50-100,Name | Money/Amount | Work-Related,False,Financial Account Information | Work-Related Information,True,,ambiguous,True,yes,10462,structured_bde,roster_by_rowcount bde_llm_count_roster,False,False,0,0,0,0,0,0,8.944,False,True,True,,True,clear_yes,yes,5905,True,structured_bde,False,,16367
CNG_Data2k/files/Q00897.01-0000254295.PDF,Q00897.01-0000254295.PDF,.pdf,146665,ok,True,False,text,False,1,0,1,False,0,False,0-10,Money/Amount,False,Financial Account Information,False,,clear_non_responsive,False,,0,likely_non_responsive,,False,False,0,0,0,0,0,0,0.039,True,False,False,stage1_nr,False,,,0,False,,False,,0
CNG_Data2k/files/Q00897.01-0000838253.MSG,Q00897.01-0000838253.MSG,.msg,271360,ok,True,False,text,False,0,3,18,False,6,False,10-20,Name | Address | Email | Phone | Card/Transaction,True,Contact Information | Financial Account Information,False,,ambiguous,True,yes,12319,standard,bde_llm_count,False,False,0,0,0,0,0,0,6.932,False,False,True,,True,likely_no,no,6587,False,likely_non_responsive,True,,18906
CNG_Data2k/files/Q00897.01-0000699698.MSG,Q00897.01-0000699698.MSG,.msg,268800,ok,True,False,text,False,0,0,1,False,0,False,0-10,Address | Phone,True,Contact Information,False,,ambiguous,True,no,4070,likely_non_responsive,,False,False,0,0,0,0,0,0,2.48,True,False,False,stage1_nr,False,,,0,False,,False,,4070
CNG_Data2k/files/Q00897.01-0000321622.PDF,Q00897.01-0000321622.PDF,.pdf,110765,ok,True,False,text,False,2,0,1,False,0,False,0-10,Money/Amount,False,Financial Account Information,False,,clear_non_responsive,False,,0,likely_non_responsive,"img_ocr:p1(1/2,+11chars)",False,False,0,2,2,1,0,2,8.466,True,False,False,stage1_nr,False,,,0,False,,False,,0
CNG_Data2k/files/Q00897.01-0000276408.PDF,Q00897.01-0000276408.PDF,.pdf,269844,ok,True,False,text,False,2,0,5,False,0,False,0-10,Name | Address | Phone | Money/Amount,True,Contact Information | Financial Account Information,False,,ambiguous,True,no,4019,likely_non_responsive,,True,True,2,0,0,0,0,1,6.988,True,False,False,stage1_nr,False,,,0,False,,False,,4019
CNG_Data2k/files/Q00897.01-0000297535.XLSX,Q00897.01-0000297535.XLSX,.xlsx,88533,ok,True,True,text,True,23,0,1530,False,0,True,100+,Money/Amount,False,Financial Account Information,True,,ambiguous,True,no,8864,structured_bde,roster_by_rowcount bde_llm_count_roster,False,False,0,0,0,0,0,0,3.536,False,True,True,,True,clear_no,no,4881,True,likely_non_responsive,True,,13745
CNG_Data2k/files/Q00897.01-0000775705.0002.DOCX,Q00897.01-0000775705.0002.DOCX,.docx,45913,ok,True,False,text,False,0,0,1,False,0,False,0-10,Name | Money/Amount | Health,True,Financial Account Information | Health-Related Information,False,,ambiguous,True,no,8728,likely_non_responsive,,False,False,0,0,0,0,0,0,1.143,True,False,False,stage1_nr,False,,,0,False,,False,,8728
CNG_Data2k/files/Q00897.01-0000823706.MSG,Q00897.01-0000823706.MSG,.msg,225792,ok,True,False,text,False,0,1,7,False,7,False,0-10,Name | Address | Email | Phone | Money/Amount,True,Contact Information | Financial Account Information,False,,ambiguous,True,yes,13693,standard,bde_llm_count,False,False,0,0,0,0,0,0,6.469,False,False,True,,True,likely_no,no,7280,False,likely_non_responsive,True,,20973
CNG_Data2k/files/Q00897.01-0000275313.PDF,Q00897.01-0000275313.PDF,.pdf,42015,ok,True,False,text,False,1,0,2,False,0,False,0-10,Name | Address | Phone,True,Contact Information,False,,ambiguous,True,no,4042,likely_non_responsive,,True,True,1,0,0,0,0,1,7.12,True,False,False,stage1_nr,False,,,0,False,,False,,4042
CNG_Data2k/files/Q00897.01-0000897470.PDF,Q00897.01-0000897470.PDF,.pdf,12062,ok,True,False,text,False,2,0,1,False,0,False,0-10,Money/Amount,False,Financial Account Information,False,,clear_non_responsive,False,,0,likely_non_responsive,,False,False,0,0,0,0,0,0,0.073,True,False,False,stage1_nr,False,,,0,False,,False,,0
CNG_Data2k/files/Q00897.01-0000847537.0002.DOCX,Q00897.01-0000847537.0002.DOCX,.docx,50516,ok,True,False,text,False,0,0,1,False,0,False,0-10,Address | Email | Money/Amount | Health | Work-Related,True,Contact Information | Financial Account Information | Health-Related Information | Work-Related Information,False,,ambiguous,True,no,8641,likely_non_responsive,,False,False,0,0,0,0,0,0,1.222,True,False,False,stage1_nr,False,,,0,False,,False,,8641
CNG_Data2k/files/Q00897.01-0000654447.MSG,Q00897.01-0000654447.MSG,.msg,189440,ok,True,False,text,False,0,2,4,False,0,False,0-10,Name | Address | Email | Phone | Card/Transaction | Money/Amount,True,Contact Information | Financial Account Information,False,,ambiguous,True,yes,4517,standard,,False,False,0,0,0,0,0,0,2.61,False,False,True,,True,borderline,no,4608,False,likely_non_responsive,True,,9125
CNG_Data2k/files/Q00897.01-0000009501.PDF,Q00897.01-0000009501.PDF,.pdf,40996,ok,True,False,text,False,7,0,5,False,0,False,0-10,Name | Address | Email | Phone | Money/Amount | Demographic | Work-Related,True,Contact Information | Financial Account Information | Demographic Information | Work-Related Information,False,,ambiguous,True,yes,7397,standard,,False,False,0,0,0,0,0,0,4.256,False,False,True,,True,clear_yes,yes,7583,False,standard,False,,14980
CNG_Data2k/files/Q00897.01-0000903378.PDF,Q00897.01-0000903378.PDF,.pdf,20433,ok,True,False,text,False,3,0,1,False,0,False,0-10,Name | Address | Phone | Money/Amount,True,Contact Information | Financial Account Information,False,,ambiguous,True,no,5843,likely_non_responsive,,False,False,0,0,0,0,0,0,1.311,True,False,False,stage1_nr,False,,,0,False,,False,,5843
CNG_Data2k/files/Q00897.01-0000550405.0001.PDF,Q00897.01-0000550405.0001.PDF,.pdf,20966,ok,True,False,text,False,1,0,0,False,0,False,0-10,,False,,False,,clear_non_responsive,False,,0,likely_non_responsive,,False,False,0,0,0,0,0,0,0.029,True,False,False,stage1_nr,False,,,0,False,,False,,0
CNG_Data2k/files/Q00897.01-0000010200.PDF,Q00897.01-0000010200.PDF,.pdf,55672,ok,True,False,text,False,12,0,48,False,48,False,20-50,Name | Address | Email | Phone | Money/Amount | Demographic | Work-Related,True,Contact Information | Financial Account Information | Demographic Information | Work-Related Information,False,,ambiguous,True,yes,20791,standard,bde_llm_count_roster,False,False,0,0,0,0,0,0,11.09,False,False,True,,True,clear_yes,yes,10988,False,standard,False,,31779
CNG_Data2k/files/Q00897.01-0000908051.PDF,Q00897.01-0000908051.PDF,.pdf,808403,ok,True,False,text,False,112,0,50,False,51,True,20-50,Name | Address | Phone | Money/Amount,True,Contact Information | Financial Account Information,True,,ambiguous,True,yes,36128,bde,bde_llm_count_roster,False,False,0,0,0,0,0,0,83.784,False,True,True,,True,clear_yes,yes,18559,False,standard,False,,54687
CNG_Data2k\files\Q00897.01-0000829023.0002.XLS,Q00897.01-0000829023.0002.XLS,.xls,271498,ok,True,True,text,True,1,0,86,False,2,False,50-100,Name | Money/Amount,False,Financial Account Information,False,,ambiguous,True,yes,9502,standard,bde_llm_count,False,False,0,0,0,0,0,0,4.295,False,False,True,,True,likely_no,no,5362,True,likely_non_responsive,True,,14864
CNG_Data2k\files\Q00897.01-0000851559.XLS,Q00897.01-0000851559.XLS,.xls,22169,ok,True,True,text,True,1,0,66,False,1,False,50-100,Money/Amount,False,Financial Account Information,False,,ambiguous,True,no,3700,likely_non_responsive,roster_by_rowcount bde_llm_count,False,False,0,0,0,0,0,0,1.856,True,False,False,stage1_nr,False,,,0,False,,False,,3700
CNG_Data2k/files/Q00897.01-0000866424.PDF,Q00897.01-0000866424.PDF,.pdf,115052,ok,True,False,text,False,2,0,32,False,32,False,20-50,SSN | Money/Amount,True,Government-Issued Identification | Financial Account Information,False,,clear_responsive,False,,3697,standard,bde_llm_count_roster,False,False,0,0,0,0,0,0,3.449,False,False,True,,True,clear_yes,yes,4703,False,standard,False,,8400
CNG_Data2k/files/Q00897.01-0000466329.MSG,Q00897.01-0000466329.MSG,.msg,102912,ok,True,False,text,False,0,0,3,False,0,False,0-10,Name | Phone | Money/Amount,True,Contact Information | Financial Account Information,False,,ambiguous,True,no,3987,likely_non_responsive,,False,False,0,0,0,0,0,0,2.006,True,False,False,stage1_nr,False,,,0,False,,False,,3987
CNG_Data2k/files/Q00897.01-0000909776.PDF,Q00897.01-0000909776.PDF,.pdf,22223,ok,True,False,text,False,3,0,1,False,0,False,0-10,Money/Amount,False,Financial Account Information,False,,clear_non_responsive,False,,0,likely_non_responsive,,False,False,0,0,0,0,0,0,0.191,True,False,False,stage1_nr,False,,,0,False,,False,,0
CNG_Data2k/files/Q00897.01-0000636838.0001.PDF,Q00897.01-0000636838.0001.PDF,.pdf,500252,ok,True,False,text,False,1,0,2,False,0,False,0-10,Name | Email | Money/Amount | Work-Related,True,Contact Information | Financial Account Information | Work-Related Information,False,,ambiguous,True,yes,16797,standard,,False,False,0,0,0,0,0,0,4.836,False,False,True,,True,likely_yes,yes,16839,False,standard,False,,33636
CNG_Data2k/files/Q00897.01-0000260550.0001.XLSX,Q00897.01-0000260550.0001.XLSX,.xlsx,124499,ok,True,True,text,True,16,0,103,False,4,True,100+,Name | Phone | Money/Amount,True,Contact Information | Financial Account Information,True,,ambiguous,True,no,8951,structured_bde,bde_llm_count_roster,False,False,0,0,0,0,0,0,3.779,False,True,True,,True,clear_no,no,4926,True,likely_non_responsive,True,,13877
CNG_Data2k/files/Q00897.01-0000837558.MSG,Q00897.01-0000837558.MSG,.msg,605696,error,False,False,,False,0,0,0,False,0,False,,,False,,False,,,False,,0,review_error,MalformedRtf,False,False,0,0,0,0,0,0,0.682,False,False,False,extract_error,False,,,0,False,,False,,0
CNG_Data2k/files/Q00897.01-0000818156.MSG,Q00897.01-0000818156.MSG,.msg,164352,ok,True,False,text,False,0,2,7,False,6,False,0-10,Name | Address | Email | Phone | Money/Amount,True,Contact Information | Financial Account Information,False,,ambiguous,True,yes,13766,standard,bde_llm_count,False,False,0,0,0,0,0,0,5.561,False,False,True,,True,clear_no,no,7357,False,likely_non_responsive,True,,21123
CNG_Data2k/files/Q00897.01-0000806564.0001.PDF,Q00897.01-0000806564.0001.PDF,.pdf,224779,ok,True,False,text,False,10,0,13,False,10,False,10-20,Name | Address | Email | Phone | Money/Amount,True,Contact Information | Financial Account Information,False,,ambiguous,True,yes,17400,standard,bde_llm_count,False,False,0,0,0,0,0,0,65.89,False,False,True,,True,likely_no,no,9152,False,likely_non_responsive,True,,26552
CNG_Data2k/files/Q00897.01-0000843027.MSG,Q00897.01-0000843027.MSG,.msg,257536,ok,True,False,text,False,0,1,5,False,0,False,0-10,Name | Address | Email | Phone,True,Contact Information,False,,ambiguous,True,yes,4180,standard,,False,False,0,0,0,0,0,0,2.933,False,False,True,,True,likely_no,no,4212,False,likely_non_responsive,True,,8392
CNG_Data2k/files/Q00897.01-0000531084.0001.PDF,Q00897.01-0000531084.0001.PDF,.pdf,60395,ok,True,False,text,False,20,0,1,False,0,False,0-10,Address | Card/Transaction | Money/Amount,True,Contact Information | Financial Account Information,False,,ambiguous,True,no,15781,likely_non_responsive,,False,False,0,0,0,0,0,0,3.198,True,False,False,stage1_nr,False,,,0,False,,False,,15781
CNG_Data2k/files/Q00897.01-0000908093.PDF,Q00897.01-0000908093.PDF,.pdf,20157,ok,True,False,text,False,2,0,0,False,0,False,0-10,,False,,False,,clear_non_responsive,False,,0,likely_non_responsive,,False,False,0,0,0,0,0,0,0.162,True,False,False,stage1_nr,False,,,0,False,,False,,0
CNG_Data2k/files/Q00897.01-0000895264.PDF,Q00897.01-0000895264.PDF,.pdf,48925,ok,True,False,text,False,1,0,0,False,0,False,0-10,,False,,False,,clear_non_responsive,False,,0,likely_non_responsive,,True,True,1,0,0,0,0,1,4.187,True,False,False,stage1_nr,False,,,0,False,,False,,0
CNG_Data2k/files/Q00897.01-0000447928.MSG,Q00897.01-0000447928.MSG,.msg,243712,ok,True,False,text,False,0,0,2,False,0,False,0-10,Name | Address | Money/Amount,True,Contact Information | Financial Account Information,False,,ambiguous,True,yes,5232,standard,,False,False,0,0,0,0,0,0,3.467,False,False,True,,True,likely_no,no,5295,False,likely_non_responsive,True,,10527
CNG_Data2k/files/Q00897.01-0000908903.PDF,Q00897.01-0000908903.PDF,.pdf,1092622,ok,True,False,text,False,164,0,30,False,30,False,20-50,Name | Address | Phone | Money/Amount,True,Contact Information | Financial Account Information,False,,ambiguous,True,yes,35071,standard,bde_llm_count_roster,False,False,0,0,0,0,0,0,83.02,False,False,True,,True,clear_yes,yes,18131,False,standard,False,,53202
CNG_Data2k/files/Q00897.01-0000755833.0002.PDF,Q00897.01-0000755833.0002.PDF,.pdf,497152,ok,True,False,text,False,9,0,87,False,0,False,50-100,Address | Email | Phone | Money/Amount | Health,True,Contact Information | Financial Account Information | Health-Related Information,False,,ambiguous,True,no,19106,likely_non_responsive,bde_llm_count,False,False,0,0,0,0,0,0,2.719,True,False,False,stage1_nr,False,,,0,False,,False,,19106
CNG_Data2k/files/Q00897.01-0000733091.MSG,Q00897.01-0000733091.MSG,.msg,392192,ok,True,False,text,False,0,0,5,False,0,False,0-10,Name | Email | Money/Amount,True,Contact Information | Financial Account Information,False,,ambiguous,True,yes,6842,standard,,False,False,0,0,0,0,0,0,4.2,False,False,True,,True,likely_yes,yes,6902,False,standard,False,,13744
CNG_Data2k/files/Q00897.01-0000014867.PDF,Q00897.01-0000014867.PDF,.pdf,477378,ok,True,False,text,False,106,0,368,False,368,True,100+,Name | Money/Amount,True,Financial Account Information,True,,ambiguous,True,yes,27747,bde,bde_llm_count_roster,False,False,0,0,0,0,0,0,16.448,False,True,True,,True,clear_yes,yes,14532,True,bde,False,,42279
CNG_Data2k/files/Q00897.01-0000711065.MSG,Q00897.01-0000711065.MSG,.msg,336896,ok,True,False,text,False,0,0,12,False,14,False,10-20,Name | Address | Email | Money/Amount | Credentials,True,Contact Information | Financial Account Information | Access Credentials,False,,ambiguous,True,yes,13651,standard,bde_llm_count,False,False,0,0,0,0,0,0,6.029,False,False,True,,True,likely_no,no,7299,False,likely_non_responsive,True,,20950
CNG_Data2k/files/Q00897.01-0000889254.PDF,Q00897.01-0000889254.PDF,.pdf,793212,ok,True,False,text,False,132,0,162,False,162,True,100+,Name | Address | Phone,True,Contact Information,True,,ambiguous,True,yes,36870,bde,bde_llm_count_roster,False,False,0,0,0,0,0,0,19.324,False,True,True,,True,likely_yes,yes,19036,True,bde,False,,55906
CNG_Data2k/files/Q00897.01-0000736508.MSG,Q00897.01-0000736508.MSG,.msg,183296,ok,True,False,text,False,0,0,3,False,0,False,0-10,Name | Email,True,Contact Information,False,,ambiguous,True,no,4162,likely_non_responsive,,False,False,0,0,0,0,0,0,1.888,True,False,False,stage1_nr,False,,,0,False,,False,,4162
CNG_Data2k/files/Q00897.01-0000423066.0001.XLSX,Q00897.01-0000423066.0001.XLSX,.xlsx,158016,ok,True,True,text,True,10,0,112,False,0,False,100+,Payment Card | Money/Amount,True,Financial Account Information,False,,ambiguous,True,no,14900,likely_non_responsive,bde_llm_count,False,False,0,0,0,0,0,0,4.12,True,False,False,stage1_nr,False,,,0,False,,False,,14900
CNG_Data2k/files/Q00897.01-0000857214.PDF,Q00897.01-0000857214.PDF,.pdf,406446,ok,True,True,text,True,6,0,20,False,1,False,10-20,Name | Address | Money/Amount | Health | Work-Related,True,Contact Information | Financial Account Information | Health-Related Information | Work-Related Information,False,,ambiguous,True,yes,12977,standard,bde_llm_count,True,True,6,0,0,0,0,1,10.53,False,False,True,,True,clear_yes,yes,6915,False,standard,False,,19892
CNG_Data2k/files/Q00897.01-0000866162.PDF,Q00897.01-0000866162.PDF,.pdf,2098518,ok,True,False,text,False,23,0,21,False,19,False,20-50,Name | Address | Email | Phone | SSN | Money/Amount | Credentials,True,Contact Information | Government-Issued Identification | Financial Account Information | Access Credentials,False,,clear_responsive,False,,13734,standard,"img_ocr:p6(1/1,+77chars) bde_llm_count_roster",False,False,0,1,1,1,0,1,8.732,False,False,True,,False,,yes,0,False,standard,False,llm_failed:RateLimitError,13734
CNG_Data2k\files\Q00897.01-0000012624.XLS,Q00897.01-0000012624.XLS,.xls,71965,ok,True,True,text,True,2,0,18,False,18,False,10-20,Name | Money/Amount,False,Financial Account Information,False,,ambiguous,True,yes,5570,standard,bde_llm_count_roster,False,False,0,0,0,0,0,0,6.831,False,False,True,,True,clear_yes,yes,3436,False,standard,False,,9006
CNG_Data2k/files/Q00897.01-0000769640.0001.PDF,Q00897.01-0000769640.0001.PDF,.pdf,1522726,ok,True,False,text,False,131,0,3,False,0,False,0-10,Address | Email | Phone | Money/Amount | Work-Related,True,Contact Information | Financial Account Information | Work-Related Information,False,,ambiguous,True,no,9967,likely_non_responsive,,False,False,0,0,0,0,0,0,7.542,True,False,False,stage1_nr,False,,,0,False,,False,,9967
CNG_Data2k/files/Q00897.01-0000841730.0004.PDF,Q00897.01-0000841730.0004.PDF,.pdf,23524,ok,True,False,text,False,9,0,1,False,0,False,0-10,Card/Transaction | Money/Amount | Work-Related,False,Financial Account Information | Work-Related Information,False,,ambiguous,True,no,12235,likely_non_responsive,,False,False,0,0,0,0,0,0,1.127,True,False,False,stage1_nr,False,,,0,False,,False,,12235
CNG_Data2k/files/Q00897.01-0000431950.MSG,Q00897.01-0000431950.MSG,.msg,142848,ok,True,False,text,False,0,0,98,False,98,True,50-100,Name | Email | Phone | Money/Amount,True,Contact Information | Financial Account Information,True,,ambiguous,True,yes,12693,bde,bde_llm_count_roster,False,False,0,0,0,0,0,0,12.465,False,True,True,,True,likely_no,no,7056,True,likely_non_responsive,True,,19749
CNG_Data2k/files/Q00897.01-0000652467.MSG,Q00897.01-0000652467.MSG,.msg,140800,ok,True,False,text,False,0,2,4,False,0,False,0-10,Name | Address | Email | Phone | Money/Amount,True,Contact Information | Financial Account Information,False,,ambiguous,True,yes,4733,standard,,False,False,0,0,0,0,0,0,4.074,False,False,True,,True,likely_no,no,4762,False,likely_non_responsive,True,,9495
CNG_Data2k/files/Q00897.01-0000519257.0001.XLSX,Q00897.01-0000519257.0001.XLSX,.xlsx,40320,ok,True,True,text,True,1,0,378,False,1,False,100+,Name | Phone | Money/Amount,True,Contact Information | Financial Account Information,False,,ambiguous,True,yes,17555,standard,roster_by_rowcount bde_llm_count,False,False,0,0,0,0,0,0,4.257,False,False,True,,True,likely_no,no,9236,True,likely_non_responsive,True,,26791
CNG_Data2k/files/Q00897.01-0000469490.0001.DOCX,Q00897.01-0000469490.0001.DOCX,.docx,17182,ok,True,False,text,False,0,0,13,False,13,False,10-20,Name | Work-Related,True,Work-Related Information,False,,ambiguous,True,no,9777,likely_non_responsive,bde_llm_count,False,False,0,0,0,0,0,0,2.46,True,False,False,stage1_nr,False,,,0,False,,False,,9777
CNG_Data2k/files/Q00897.01-0000807788.MSG,Q00897.01-0000807788.MSG,.msg,38400,ok,True,False,text,False,0,1,4,False,0,False,0-10,Name | Address | Email | Phone,True,Contact Information,False,,ambiguous,True,no,5168,likely_non_responsive,,False,False,0,0,0,0,0,0,2.209,True,False,False,stage1_nr,False,,,0,False,,False,,5168
CNG_Data2k/files/Q00897.01-0000535944.0001.PDF,Q00897.01-0000535944.0001.PDF,.pdf,23216,ok,True,False,text,False,2,0,1,False,0,False,0-10,Phone,True,Contact Information,False,,ambiguous,False,,0,standard,llm_failed:RateLimitError,False,False,0,0,0,0,0,0,2.398,False,False,True,,False,,yes,0,False,standard,False,llm_failed:RateLimitError,0
CNG_Data2k/files/Q00897.01-0000483578.MSG,Q00897.01-0000483578.MSG,.msg,56832,ok,True,False,text,False,0,0,0,False,0,False,0-10,,False,,False,,clear_non_responsive,False,,0,likely_non_responsive,,False,False,0,0,0,0,0,0,0.324,True,False,False,stage1_nr,False,,,0,False,,False,,0
CNG_Data2k/files/Q00897.01-0000839869.0002.PDF,Q00897.01-0000839869.0002.PDF,.pdf,361179,ok,True,True,text,True,13,0,28,False,2,False,20-50,Name | Address | Email,True,Contact Information,False,,ambiguous,True,yes,10909,standard,bde_llm_count,True,True,13,0,0,0,0,1,10.521,False,False,True,,True,likely_no,no,5941,False,likely_non_responsive,True,,16850
CNG_Data2k/files/Q00897.01-0000661631.0002.PDF,Q00897.01-0000661631.0002.PDF,.pdf,120392,ok,True,True,text,True,1,0,1,False,1,False,0-10,Name | Address,True,Contact Information,False,,ambiguous,True,yes,9085,standard,bde_llm_count,True,True,1,0,0,0,0,1,9.568,False,False,True,,True,clear_yes,yes,5010,False,standard,False,,14095
CNG_Data2k/files/Q00897.01-0000707044.MSG,Q00897.01-0000707044.MSG,.msg,158208,ok,True,False,text,False,0,0,1,False,0,False,0-10,Name | Address,True,Contact Information,False,,ambiguous,True,yes,4030,standard,,False,False,0,0,0,0,0,0,3.233,False,False,True,,True,borderline,no,4100,False,likely_non_responsive,True,,8130
CNG_Data2k/files/Q00897.01-0000890677.PDF,Q00897.01-0000890677.PDF,.pdf,23412,ok,True,False,text,False,4,0,0,False,0,False,0-10,,False,,False,,clear_non_responsive,False,,0,likely_non_responsive,,False,False,0,0,0,0,0,0,0.221,True,False,False,stage1_nr,False,,,0,False,,False,,0
CNG_Data2k/files/Q00897.01-0000452737.MSG,Q00897.01-0000452737.MSG,.msg,140800,ok,True,False,text,False,0,0,2,False,0,False,0-10,Name | Email | Phone,True,Contact Information,False,,ambiguous,True,yes,4062,standard,,False,False,0,0,0,0,0,0,2.597,False,False,True,,True,borderline,no,4130,False,likely_non_responsive,True,,8192
CNG_Data2k/files/Q00897.01-0000860802.PDF,Q00897.01-0000860802.PDF,.pdf,140489,ok,True,True,text,True,1,0,3,False,1,False,0-10,Name | Address | Phone | Work-Related,True,Contact Information | Work-Related Information,False,,ambiguous,True,yes,7004,standard,bde_llm_count,True,True,1,0,0,0,0,1,8.522,False,False,True,,True,likely_yes,yes,4001,False,standard,False,,11005
CNG_Data2k/files/Q00897.01-0000908896.PDF,Q00897.01-0000908896.PDF,.pdf,11098,ok,True,False,text,False,2,0,0,False,0,False,0-10,,False,,False,,clear_non_responsive,False,,0,likely_non_responsive,,False,False,0,0,0,0,0,0,0.117,True,False,False,stage1_nr,False,,,0,False,,False,,0
CNG_Data2k/files/Q00897.01-0000896472.PDF,Q00897.01-0000896472.PDF,.pdf,17175,ok,True,True,text,True,2,0,36,False,2,False,20-50,Name | Address | Phone | Money/Amount | Work-Related,True,Contact Information | Financial Account Information | Work-Related Information,False,,ambiguous,True,yes,8248,standard,bde_llm_count,True,True,2,0,0,0,0,1,10.272,False,False,True,,True,clear_yes,yes,4577,False,standard,False,,12825
CNG_Data2k/files/Q00897.01-0000734887.MSG,Q00897.01-0000734887.MSG,.msg,238080,ok,True,False,text,False,0,0,1,False,0,False,0-10,Money/Amount,False,Financial Account Information,False,,clear_non_responsive,False,,0,likely_non_responsive,,False,False,0,0,0,0,0,0,1.796,True,False,False,stage1_nr,False,,,0,False,,False,,0
CNG_Data2k/files/Q00897.01-0000130636.PDF,Q00897.01-0000130636.PDF,.pdf,124928,ok,True,True,text,True,1,0,36,False,0,False,20-50,Phone | Money/Amount,True,Contact Information | Financial Account Information,False,,ambiguous,True,no,7376,likely_non_responsive,bde_llm_count,True,True,1,0,0,0,0,1,7.893,True,False,False,stage1_nr,False,,,0,False,,False,,7376
CNG_Data2k/files/Q00897.01-0000258521.0002.PDF,Q00897.01-0000258521.0002.PDF,.pdf,405477,ok,True,True,text,True,5,0,29,False,1,False,20-50,Name | Address | Bank/Account Number | Money/Amount,True,Contact Information | Financial Account Information,False,,ambiguous,True,no,9098,likely_non_responsive,bde_llm_count,True,True,5,0,0,0,0,1,7.854,True,False,False,stage1_nr,False,,,0,False,,False,,9098
CNG_Data2k/files/Q00897.01-0000804870.MSG,Q00897.01-0000804870.MSG,.msg,172032,ok,True,False,text,False,0,12,11,False,5,False,10-20,Name | Address | Email | Phone | Credentials,True,Contact Information | Access Credentials,False,,ambiguous,True,yes,9068,standard,bde_llm_count,False,False,0,0,0,0,0,0,66.549,False,False,True,,True,likely_no,no,5007,False,likely_non_responsive,True,,14075
CNG_Data2k/files/Q00897.01-0000416474.MSG,Q00897.01-0000416474.MSG,.msg,130560,ok,True,False,text,False,0,0,1,False,0,False,0-10,Name | Email | Card/Transaction | Money/Amount,True,Contact Information | Financial Account Information,False,,ambiguous,True,no,3882,likely_non_responsive,,False,False,0,0,0,0,0,0,1.651,True,False,False,stage1_nr,False,,,0,False,,False,,3882
CNG_Data2k/files/Q00897.01-0000900576.PDF,Q00897.01-0000900576.PDF,.pdf,15410,ok,True,False,text,False,2,0,1,False,0,False,0-10,Money/Amount,False,Financial Account Information,False,,clear_non_responsive,False,,0,likely_non_responsive,,False,False,0,0,0,0,0,0,0.071,True,False,False,stage1_nr,False,,,0,False,,False,,0
CNG_Data2k/files/Q00897.01-0000344205.PDF,Q00897.01-0000344205.PDF,.pdf,15610,ok,True,False,text,False,2,0,1,False,0,False,0-10,Money/Amount,False,Financial Account Information,False,,clear_non_responsive,False,,0,likely_non_responsive,,False,False,0,0,0,0,0,0,0.076,True,False,False,stage1_nr,False,,,0,False,,False,,0
CNG_Data2k/files/Q00897.01-0000432017.0002.PDF,Q00897.01-0000432017.0002.PDF,.pdf,91819,ok,True,False,text,False,1,0,3,False,0,False,0-10,Name | Address | Phone | Bank/Account Number | Money/Amount,True,Contact Information | Financial Account Information,False,,ambiguous,True,yes,4332,standard,,True,True,1,0,0,0,0,1,8.046,False,False,True,,True,likely_no,no,4407,False,likely_non_responsive,True,,8739
CNG_Data2k/files/Q00897.01-0000716722.MSG,Q00897.01-0000716722.MSG,.msg,280576,ok,True,False,text,False,0,0,1,False,0,False,0-10,Address,True,Contact Information,False,,ambiguous,True,no,4133,likely_non_responsive,,False,False,0,0,0,0,0,0,2.491,True,False,False,stage1_nr,False,,,0,False,,False,,4133
CNG_Data2k/files/Q00897.01-0000868903.TXT,Q00897.01-0000868903.TXT,.txt,45536,ok,True,False,text,False,0,0,5,False,0,False,0-10,Address | Phone | Money/Amount,True,Contact Information | Financial Account Information,False,,ambiguous,True,yes,16063,standard,,False,False,0,0,0,0,0,0,3.309,False,False,True,,True,borderline,no,16132,False,likely_non_responsive,True,,32195
CNG_Data2k/files/Q00897.01-0000719071.MSG,Q00897.01-0000719071.MSG,.msg,162816,ok,True,False,text,False,0,0,2,False,0,False,0-10,Address | Email | Phone | Money/Amount | Credentials,True,Contact Information | Financial Account Information | Access Credentials,False,,ambiguous,True,no,3985,likely_non_responsive,,False,False,0,0,0,0,0,0,1.664,True,False,False,stage1_nr,False,,,0,False,,False,,3985
CNG_Data2k/files/Q00897.01-0000401083.0001.XLSX,Q00897.01-0000401083.0001.XLSX,.xlsx,1707584,ok,True,True,text,True,6,0,36800,False,0,False,100+,Address | Payment Card | Money/Amount,True,Contact Information | Financial Account Information,False,,ambiguous,True,no,11830,likely_non_responsive,roster_by_rowcount bde_llm_count,False,False,0,0,0,0,0,0,5.385,True,False,False,stage1_nr,False,,,0,False,,False,,11830
CNG_Data2k/files/Q00897.01-0000699479.MSG,Q00897.01-0000699479.MSG,.msg,155648,ok,True,False,text,False,0,0,0,False,0,False,0-10,,False,,False,,clear_non_responsive,False,,0,likely_non_responsive,,False,False,0,0,0,0,0,0,0.85,True,False,False,stage1_nr,False,,,0,False,,False,,0
CNG_Data2k/files/Q00897.01-0000112194.XLSX,Q00897.01-0000112194.XLSX,.xlsx,32513,ok,True,True,text,True,1,0,573,False,0,False,100+,Payment Card | Work-Related,True,Financial Account Information | Work-Related Information,False,,ambiguous,True,no,7996,likely_non_responsive,roster_by_rowcount bde_llm_count,False,False,0,0,0,0,0,0,3.182,True,False,False,stage1_nr,False,,,0,False,,False,,7996
CNG_Data2k/files/Q00897.01-0000697489.MSG,Q00897.01-0000697489.MSG,.msg,215040,ok,True,False,text,False,0,0,2,False,0,False,0-10,Address | Email | Phone | Money/Amount | Credentials,True,Contact Information | Financial Account Information | Access Credentials,False,,ambiguous,True,no,3964,likely_non_responsive,,False,False,0,0,0,0,0,0,1.607,True,False,False,stage1_nr,False,,,0,False,,False,,3964
CNG_Data2k/files/Q00897.01-0000120385.PDF,Q00897.01-0000120385.PDF,.pdf,1532898,ok,True,True,text,True,15,0,83,False,4,False,50-100,Name | Address | Email | Phone | Tax ID | Money/Amount,True,Contact Information | Government-Issued Identification | Financial Account Information,False,,ambiguous,True,yes,19511,standard,bde_llm_count,True,True,15,0,0,0,0,1,12.972,False,False,True,,True,likely_no,no,10252,True,likely_non_responsive,True,,29763
CNG_Data2k/files/Q00897.01-0000363983.MSG,Q00897.01-0000363983.MSG,.msg,295424,ok,True,False,text,False,0,0,1,False,0,False,0-10,Name | Address | Email | Phone | Card Expiry/CVV | Card/Transaction | Money/Amount,True,Contact Information | Financial Account Information,False,,ambiguous,True,yes,5751,standard,,False,False,0,0,0,0,0,0,4.841,False,False,True,,True,borderline,no,5830,False,likely_non_responsive,True,,11581
CNG_Data2k/files/Q00897.01-0000632163.MSG,Q00897.01-0000632163.MSG,.msg,73216,ok,True,False,text,False,0,1,5,False,0,False,0-10,Name | Address | Email | Phone | Card/Transaction,True,Contact Information | Financial Account Information,False,,ambiguous,True,yes,5568,standard,,False,False,0,0,0,0,0,0,3.94,False,False,True,,True,borderline,no,5705,False,likely_non_responsive,True,,11273
CNG_Data2k/files/Q00897.01-0000705230.0001.XLSX,Q00897.01-0000705230.0001.XLSX,.xlsx,13284,ok,True,True,text,True,3,0,0,False,0,False,0-10,Work-Related,False,Work-Related Information,False,,ambiguous,True,no,6987,structured_unreadable,bde_llm_count,False,False,0,0,0,0,0,0,3.144,False,False,True,,True,clear_no,no,3978,False,likely_non_responsive,True,,10965
CNG_Data2k/files/Q00897.01-0000019091.PDF,Q00897.01-0000019091.PDF,.pdf,71825,ok,True,False,text,False,1,0,1,False,0,False,0-10,Name | Bank/Account Number,True,Financial Account Information,False,,ambiguous,True,yes,3842,standard,,True,True,1,0,0,0,0,1,6.67,False,False,True,,True,clear_yes,yes,3912,False,standard,False,,7754
CNG_Data2k/files/Q00897.01-0000458203.MSG,Q00897.01-0000458203.MSG,.msg,155136,ok,True,False,text,False,0,0,0,False,0,False,0-10,,False,,False,,clear_non_responsive,False,,0,likely_non_responsive,,False,False,0,0,0,0,0,0,0.116,True,False,False,stage1_nr,False,,,0,False,,False,,0
CNG_Data2k/files/Q00897.01-0000883396.XML,Q00897.01-0000883396.XML,.xml,5710,ok,True,False,text,False,0,0,0,False,0,False,0-10,,False,,False,,clear_non_responsive,False,,0,likely_non_responsive,,False,False,0,0,0,0,0,0,0.018,True,False,False,stage1_nr,False,,,0,False,,False,,0
CNG_Data2k/files/Q00897.01-0000293567.XLSX,Q00897.01-0000293567.XLSX,.xlsx,13435,ok,True,True,text,True,1,0,3,False,2,False,0-10,SSN | Money/Amount,True,Government-Issued Identification | Financial Account Information,False,,clear_responsive,False,,2909,standard,bde_llm_count_roster,False,False,0,0,0,0,0,0,2.406,False,False,True,,True,clear_yes,yes,3823,False,standard,False,,6732
CNG_Data2k/files/Q00897.01-0000777521.MSG,Q00897.01-0000777521.MSG,.msg,165376,ok,True,False,text,False,0,0,3,False,0,False,0-10,Name | Address | Email | Phone | Money/Amount,True,Contact Information | Financial Account Information,False,,ambiguous,True,no,4195,likely_non_responsive,,False,False,0,0,0,0,0,0,2.001,True,False,False,stage1_nr,False,,,0,False,,False,,4195
CNG_Data2k/files/Q00897.01-0000864111.PDF,Q00897.01-0000864111.PDF,.pdf,8989,ok,True,False,text,False,2,0,2,False,0,False,0-10,Name | Address | Money/Amount,True,Contact Information | Financial Account Information,False,,ambiguous,True,no,4264,likely_non_responsive,,False,False,0,0,0,0,0,0,1.309,True,False,False,stage1_nr,False,,,0,False,,False,,4264
CNG_Data2k/files/Q00897.01-0000014577.PDF,Q00897.01-0000014577.PDF,.pdf,482905,ok,True,False,text,False,108,0,379,False,379,True,100+,Name | Money/Amount | Work-Related,True,Financial Account Information | Work-Related Information,True,,ambiguous,True,yes,28168,bde,bde_llm_count_roster,False,False,0,0,0,0,0,0,14.113,False,True,True,,True,clear_yes,yes,14800,True,bde,False,,42968
CNG_Data2k/files/Q00897.01-0000112602.PDF,Q00897.01-0000112602.PDF,.pdf,9778,ok,True,False,text,False,1,0,1,False,0,False,0-10,Name | Address | Money/Amount | Health,True,Contact Information | Financial Account Information | Health-Related Information,False,,ambiguous,True,yes,4444,standard,,False,False,0,0,0,0,0,0,2.626,False,False,True,,True,likely_no,no,4485,False,likely_non_responsive,True,,8929
CNG_Data2k/files/Q00897.01-0000695692.0002.DOCX,Q00897.01-0000695692.0002.DOCX,.docx,351642,ok,True,False,text,False,0,0,4,False,0,False,0-10,Name | Email | Phone,True,Contact Information,False,,ambiguous,True,yes,3796,standard,,False,False,0,0,0,0,0,0,2.848,False,False,True,,True,likely_no,no,3876,False,likely_non_responsive,True,,7672
CNG_Data2k/files/Q00897.01-0000060608.PDF,Q00897.01-0000060608.PDF,.pdf,572278,ok,True,True,text,True,1,0,10,False,2,False,0-10,Name | Phone | Money/Amount,True,Contact Information | Financial Account Information,False,,ambiguous,True,no,7181,likely_non_responsive,bde_llm_count,True,True,1,0,0,0,0,1,6.659,True,False,False,stage1_nr,False,,,0,False,,False,,7181
CNG_Data2k/files/Q00897.01-0000107298.PDF,Q00897.01-0000107298.PDF,.pdf,1727276,ok,True,False,text,False,13,0,5,False,0,False,0-10,Name | Address | Phone | Bank/Account Number | Money/Amount | Health | Work-Related,True,Contact Information | Financial Account Information | Health-Related Information | Work-Related Information,False,,ambiguous,True,yes,9321,standard,"img_ocr:p1,p2(2/3,+50chars)",False,False,0,3,3,2,0,3,16.567,False,False,True,,True,clear_no,no,9360,False,likely_non_responsive,True,,18681
CNG_Data2k/files/Q00897.01-0000016123.XLSX,Q00897.01-0000016123.XLSX,.xlsx,24832,ok,True,True,text,True,3,0,102,False,102,True,100+,Name | Money/Amount,False,Financial Account Information,True,,ambiguous,True,yes,11689,structured_bde,roster_by_rowcount bde_llm_count_roster,False,False,0,0,0,0,0,0,5.388,False,True,True,,True,clear_yes,yes,6344,True,structured_bde,False,,18033
CNG_Data2k/files/Q00897.01-0000293624.PDF,Q00897.01-0000293624.PDF,.pdf,748236,ok,True,False,text,False,36,0,3,False,0,False,0-10,Name | Address | Phone | SSN | Account Balance | Money/Amount,True,Contact Information | Government-Issued Identification | Financial Account Information,False,,clear_responsive,False,,0,standard,"img_ocr:p6,p6(2/2,+35chars)",False,False,0,2,2,2,0,2,20.092,False,False,True,,True,clear_yes,yes,13488,False,standard,False,,13488
CNG_Data2k/files/Q00897.01-0000891576.PDF,Q00897.01-0000891576.PDF,.pdf,24733,ok,True,True,text,True,1,0,21,False,1,False,20-50,Name | Address | Phone | Money/Amount | Work-Related,True,Contact Information | Financial Account Information | Work-Related Information,False,,ambiguous,True,yes,7652,standard,bde_llm_count,True,True,1,0,0,0,0,1,9.103,False,False,True,,True,clear_yes,yes,4279,False,standard,False,,11931
CNG_Data2k/files/Q00897.01-0000613636.0001.PPTX,Q00897.01-0000613636.0001.PPTX,.pptx,116576043,ok,True,False,text,False,20,0,0,False,0,False,0-10,,False,,False,,clear_non_responsive,False,,0,likely_non_responsive,,False,False,0,0,0,0,0,0,1.774,True,False,False,stage1_nr,False,,,0,False,,False,,0
CNG_Data2k/files/Q00897.01-0000891335.PDF,Q00897.01-0000891335.PDF,.pdf,11932,ok,True,False,text,False,1,0,0,False,0,False,0-10,,False,,False,,clear_non_responsive,False,,0,likely_non_responsive,,False,False,0,0,0,0,0,0,0.043,True,False,False,stage1_nr,False,,,0,False,,False,,0
CNG_Data2k/files/Q00897.01-0000114811.PDF,Q00897.01-0000114811.PDF,.pdf,18803,ok,True,False,text,False,9,0,1,False,0,False,0-10,Card/Transaction | Money/Amount | Work-Related,False,Financial Account Information | Work-Related Information,False,,ambiguous,True,no,10861,likely_non_responsive,,False,False,0,0,0,0,0,0,1.696,True,False,False,stage1_nr,False,,,0,False,,False,,10861
CNG_Data2k/files/Q00897.01-0000122931.PDF,Q00897.01-0000122931.PDF,.pdf,76497,ok,True,True,text,True,1,0,2,False,1,False,0-10,Name | Address | Driver License | Date of Birth | Card Expiry/CVV,True,Contact Information | Government-Issued Identification | Birth Information | Financial Account Information,False,,ambiguous,True,yes,8530,standard,bde_llm_count,True,True,1,0,0,0,0,1,10.894,False,False,True,,True,clear_yes,yes,4749,False,standard,False,,13279
CNG_Data2k/files/Q00897.01-0000262526.PDF,Q00897.01-0000262526.PDF,.pdf,797651,ok,True,False,text,False,343,0,416,False,0,False,100+,Address | Phone | Payment Card | Money/Amount,True,Contact Information | Financial Account Information,False,,ambiguous,True,no,28054,likely_non_responsive,bde_llm_count,False,False,0,0,0,0,0,0,9.052,True,False,False,stage1_nr,False,,,0,False,,False,,28054
CNG_Data2k/files/Q00897.01-0000558182.MSG,Q00897.01-0000558182.MSG,.msg,201216,ok,True,False,text,False,0,0,2,False,0,False,0-10,Address | Email | Phone | Money/Amount | Credentials,True,Contact Information | Financial Account Information | Access Credentials,False,,ambiguous,True,no,4005,likely_non_responsive,,False,False,0,0,0,0,0,0,1.619,True,False,False,stage1_nr,False,,,0,False,,False,,4005
CNG_Data2k/files/Q00897.01-0000655204.MSG,Q00897.01-0000655204.MSG,.msg,86016,ok,True,False,text,False,0,1,2,False,0,False,0-10,Name | Address | Email | Phone,True,Contact Information,False,,ambiguous,True,no,3822,likely_non_responsive,,False,False,0,0,0,0,0,0,1.368,True,False,False,stage1_nr,False,,,0,False,,False,,3822
CNG_Data2k/files/Q00897.01-0000652316.0001.XLSX,Q00897.01-0000652316.0001.XLSX,.xlsx,15657,ok,True,True,text,True,1,0,35,False,0,False,20-50,Address | Phone | Money/Amount,True,Contact Information | Financial Account Information,False,,ambiguous,True,no,10257,likely_non_responsive,bde_llm_count,False,False,0,0,0,0,0,0,4.06,True,False,False,stage1_nr,False,,,0,False,,False,,10257
CNG_Data2k/files/Q00897.01-0000804190.0002.PDF,Q00897.01-0000804190.0002.PDF,.pdf,110014,ok,True,False,text,False,3,0,0,False,0,False,0-10,,False,,False,,clear_non_responsive,False,,0,likely_non_responsive,,False,False,0,0,0,0,0,0,0.192,True,False,False,stage1_nr,False,,,0,False,,False,,0
CNG_Data2k/files/Q00897.01-0000809525.0001.DOCX,Q00897.01-0000809525.0001.DOCX,.docx,40006,ok,True,False,text,False,0,0,1,False,0,False,0-10,Address | Health,True,Contact Information | Health-Related Information,False,,ambiguous,True,no,6229,likely_non_responsive,,False,False,0,0,0,0,0,0,0.961,True,False,False,stage1_nr,False,,,0,False,,False,,6229
CNG_Data2k/files/Q00897.01-0000804444.0004.DOCX,Q00897.01-0000804444.0004.DOCX,.docx,42222,ok,True,False,text,False,0,0,0,False,0,False,0-10,,False,,False,,clear_non_responsive,False,,0,likely_non_responsive,,False,False,0,0,0,0,0,0,0.108,True,False,False,stage1_nr,False,,,0,False,,False,,0
CNG_Data2k/files/Q00897.01-0000283077.PDF,Q00897.01-0000283077.PDF,.pdf,124674,ok,True,False,text,False,4,0,4,False,0,False,0-10,Name | Address | Phone | Payment Card,True,Contact Information | Financial Account Information,False,,ambiguous,True,yes,4709,standard,,True,True,4,0,0,0,0,1,9.484,False,False,True,,True,clear_yes,yes,4790,False,standard,False,,9499
CNG_Data2k/files/Q00897.01-0000670234.MSG,Q00897.01-0000670234.MSG,.msg,190976,ok,True,False,text,False,0,1,3,False,0,False,0-10,Name | Phone,True,Contact Information,False,,ambiguous,True,no,3731,likely_non_responsive,,False,False,0,0,0,0,0,0,1.223,True,False,False,stage1_nr,False,,,0,False,,False,,3731
CNG_Data2k/files/Q00897.01-0000326633.PDF,Q00897.01-0000326633.PDF,.pdf,1224032,ok,True,False,text,False,305,0,50,False,51,True,20-50,Name | Address | Phone | Card/Transaction | Money/Amount,True,Contact Information | Financial Account Information,True,,ambiguous,True,yes,34027,bde,bde_llm_count_roster,False,False,0,0,0,0,0,0,86.221,False,True,True,,True,likely_no,no,17535,False,likely_non_responsive,True,,51562
CNG_Data2k/files/Q00897.01-0000429941.MSG,Q00897.01-0000429941.MSG,.msg,120832,ok,True,False,text,False,0,0,3,False,0,False,0-10,Name | Address | Email | Phone | Money/Amount,True,Contact Information | Financial Account Information,False,,ambiguous,True,yes,4293,standard,,False,False,0,0,0,0,0,0,3.995,False,False,True,,True,likely_no,no,4330,False,likely_non_responsive,True,,8623
CNG_Data2k/files/Q00897.01-0000529289.0001.PDF,Q00897.01-0000529289.0001.PDF,.pdf,22573,ok,True,False,text,False,1,0,1,False,0,False,0-10,Money/Amount,False,Financial Account Information,False,,clear_non_responsive,False,,0,likely_non_responsive,,False,False,0,0,0,0,0,0,0.023,True,False,False,stage1_nr,False,,,0,False,,False,,0
CNG_Data2k/files/Q00897.01-0000262450.PDF,Q00897.01-0000262450.PDF,.pdf,498969,ok,True,False,text,False,226,0,35,False,0,False,20-50,Phone | Payment Card | Money/Amount,True,Contact Information | Financial Account Information,False,,ambiguous,True,no,26780,likely_non_responsive,bde_llm_count,False,False,0,0,0,0,0,0,5.978,True,False,False,stage1_nr,False,,,0,False,,False,,26780
CNG_Data2k/files/Q00897.01-0000806867.0001.DOCX,Q00897.01-0000806867.0001.DOCX,.docx,19965,ok,True,False,text,False,0,0,1,False,0,False,0-10,Name | Address,True,Contact Information,False,,ambiguous,True,no,5696,likely_non_responsive,,False,False,0,0,0,0,0,0,1.334,True,False,False,stage1_nr,False,,,0,False,,False,,5696
CNG_Data2k/files/Q00897.01-0000841777.0027.PDF,Q00897.01-0000841777.0027.PDF,.pdf,19898,ok,True,False,text,False,9,0,1,False,0,False,0-10,Money/Amount | Work-Related,False,Financial Account Information | Work-Related Information,False,,ambiguous,True,no,7643,likely_non_responsive,,False,False,0,0,0,0,0,0,1.116,True,False,False,stage1_nr,False,,,0,False,,False,,7643
CNG_Data2k/files/Q00897.01-0000702563.MSG,Q00897.01-0000702563.MSG,.msg,130048,ok,True,False,text,False,0,0,2,False,0,False,0-10,Name | Address | Email,True,Contact Information,False,,ambiguous,True,yes,3846,standard,,False,False,0,0,0,0,0,0,2.457,False,False,True,,True,borderline,no,3904,False,likely_non_responsive,True,,7750
CNG_Data2k/files/Q00897.01-0000776872.MSG,Q00897.01-0000776872.MSG,.msg,31232,ok,True,False,text,False,0,0,8,False,1,False,0-10,Name | Address | Email | Phone,True,Contact Information,False,,ambiguous,True,no,8129,likely_non_responsive,bde_llm_count,False,False,0,0,0,0,0,0,2.559,True,False,False,stage1_nr,False,,,0,False,,False,,8129
CNG_Data2k/files/Q00897.01-0000344233.PDF,Q00897.01-0000344233.PDF,.pdf,25827,ok,True,False,text,False,4,0,1,False,0,False,0-10,Name | Address | Money/Amount,True,Contact Information | Financial Account Information,False,,ambiguous,True,yes,6285,standard,,False,False,0,0,0,0,0,0,3.641,False,False,True,,True,clear_yes,yes,6337,False,standard,False,,12622
CNG_Data2k/files/Q00897.01-0000816840.MSG,Q00897.01-0000816840.MSG,.msg,88576,ok,True,False,text,False,0,2,2,False,0,False,0-10,Name | Email | Phone | Work-Related,True,Contact Information | Work-Related Information,False,,ambiguous,True,yes,4545,standard,,False,False,0,0,0,0,0,0,8.107,False,False,True,,True,likely_no,no,4607,False,likely_non_responsive,True,,9152
CNG_Data2k/files/Q00897.01-0000453958.MSG,Q00897.01-0000453958.MSG,.msg,176640,ok,True,False,text,False,0,2,3,False,0,False,0-10,Name | Address | Email | Phone | Money/Amount,True,Contact Information | Financial Account Information,False,,ambiguous,True,no,4598,likely_non_responsive,,False,False,0,0,0,0,0,0,1.582,True,False,False,stage1_nr,False,,,0,False,,False,,4598
CNG_Data2k/files/Q00897.01-0000275400.PDF,Q00897.01-0000275400.PDF,.pdf,2238532,ok,True,True,text,True,15,0,72,False,0,False,50-100,Name | Address | Phone | Money/Amount,True,Contact Information | Financial Account Information,False,,ambiguous,True,yes,11244,standard,bde_llm_count,True,True,15,0,0,0,0,1,11.637,False,False,True,,True,likely_no,no,6085,True,likely_non_responsive,True,,17329
CNG_Data2k/files/Q00897.01-0000695069.MSG,Q00897.01-0000695069.MSG,.msg,303104,ok,True,False,text,False,0,0,1,False,0,False,0-10,Name | Email | Phone | Money/Amount,True,Contact Information | Financial Account Information,False,,ambiguous,True,no,5099,likely_non_responsive,,False,False,0,0,0,0,0,0,1.933,True,False,False,stage1_nr,False,,,0,False,,False,,5099
CNG_Data2k/files/Q00897.01-0000651977.0001.XLSX,Q00897.01-0000651977.0001.XLSX,.xlsx,27768,ok,True,True,text,True,4,0,140,False,1,False,100+,Phone | Money/Amount,True,Contact Information | Financial Account Information,False,,ambiguous,True,no,7227,likely_non_responsive,roster_by_rowcount bde_llm_count,False,False,0,0,0,0,0,0,2.547,True,False,False,stage1_nr,False,,,0,False,,False,,7227
CNG_Data2k/files/Q00897.01-0000706265.MSG,Q00897.01-0000706265.MSG,.msg,301568,ok,True,False,text,False,0,0,7,False,0,False,0-10,Address | Email | Phone | Money/Amount,True,Contact Information | Financial Account Information,False,,ambiguous,True,no,16826,likely_non_responsive,bde_llm_count,False,False,0,0,0,0,0,0,3.833,True,False,False,stage1_nr,False,,,0,False,,False,,16826
CNG_Data2k/files/Q00897.01-0000663099.MSG,Q00897.01-0000663099.MSG,.msg,621056,ok,True,False,text,False,0,3,4,False,0,False,0-10,Name | Address | Email | Phone | Bank/Account Number,True,Contact Information | Financial Account Information,False,,ambiguous,True,yes,4268,standard,,False,False,0,0,0,0,0,0,2.512,False,False,True,,True,clear_yes,yes,4315,False,standard,False,,8583
CNG_Data2k/files/Q00897.01-0000812595.MSG,Q00897.01-0000812595.MSG,.msg,159232,ok,True,False,text,False,0,0,2,False,0,False,0-10,Name | Phone | Card/Transaction | Money/Amount,True,Contact Information | Financial Account Information,False,,ambiguous,True,no,3994,likely_non_responsive,,False,False,0,0,0,0,0,0,1.249,True,False,False,stage1_nr,False,,,0,False,,False,,3994
CNG_Data2k/files/Q00897.01-0000871135.PDF,Q00897.01-0000871135.PDF,.pdf,2105550,ok,True,True,text,True,5,0,5,False,2,False,0-10,Name | Address | Email | Phone | Money/Amount,True,Contact Information | Financial Account Information,False,,ambiguous,True,yes,12591,standard,bde_llm_count,True,True,5,0,0,0,0,1,11.177,False,False,True,,True,likely_yes,yes,6754,False,standard,False,,19345
CNG_Data2k/files/Q00897.01-0000869343.PDF,Q00897.01-0000869343.PDF,.pdf,48675,ok,True,False,text,False,2,0,2,False,0,False,0-10,Name | Address | Phone | Money/Amount,True,Contact Information | Financial Account Information,False,,ambiguous,True,yes,5230,standard,,False,False,0,0,0,0,0,0,2.914,False,False,True,,True,clear_no,no,5286,False,likely_non_responsive,True,,10516
CNG_Data2k/files/Q00897.01-0000319032.TXT,Q00897.01-0000319032.TXT,.txt,127250,ok,True,False,text,False,0,0,1,False,0,False,0-10,Payment Card | Money/Amount | Health,True,Financial Account Information | Health-Related Information,False,,ambiguous,True,no,9372,likely_non_responsive,,False,False,0,0,0,0,0,0,1.989,True,False,False,stage1_nr,False,,,0,False,,False,,9372
CNG_Data2k/files/Q00897.01-0000669013.MSG,Q00897.01-0000669013.MSG,.msg,172544,ok,True,False,text,False,0,2,3,False,0,False,0-10,Name | Phone,True,Contact Information,False,,ambiguous,True,no,3714,likely_non_responsive,,False,False,0,0,0,0,0,0,1.117,True,False,False,stage1_nr,False,,,0,False,,False,,3714
CNG_Data2k/files/Q00897.01-0000638243.MSG,Q00897.01-0000638243.MSG,.msg,224256,ok,True,False,text,False,0,2,14,False,7,False,10-20,Name | Email | Phone | Money/Amount | Work-Related,True,Contact Information | Financial Account Information | Work-Related Information,False,,ambiguous,True,yes,22535,standard,bde_llm_count,False,False,0,0,0,0,0,0,5.783,False,False,True,,True,clear_yes,yes,11724,False,standard,False,,34259
CNG_Data2k/files/Q00897.01-0000888183.PDF,Q00897.01-0000888183.PDF,.pdf,70356,ok,True,False,text,False,14,0,1,False,0,False,0-10,Address | Phone | SSN | Money/Amount | Work-Related,True,Contact Information | Government-Issued Identification | Financial Account Information | Work-Related Information,False,,clear_responsive,False,,0,standard,,False,False,0,0,0,0,0,0,2.236,False,False,True,,True,clear_yes,yes,14328,False,standard,False,,14328
CNG_Data2k/files/Q00897.01-0000888641.PDF,Q00897.01-0000888641.PDF,.pdf,12129,ok,True,False,text,False,1,0,0,False,0,False,0-10,,False,,False,,clear_non_responsive,False,,0,likely_non_responsive,,False,False,0,0,0,0,0,0,0.042,True,False,False,stage1_nr,False,,,0,False,,False,,0
CNG_Data2k/files/Q00897.01-0000912052.PDF,Q00897.01-0000912052.PDF,.pdf,46242,ok,True,True,text,True,2,0,21,False,2,False,20-50,Address | Phone | SSN | Money/Amount,True,Contact Information | Government-Issued Identification | Financial Account Information,False,,clear_responsive,False,,3641,standard,bde_llm_count_roster,True,True,2,0,0,0,0,1,7.621,False,False,True,,True,clear_yes,yes,4493,False,standard,False,,8134
CNG_Data2k/files/Q00897.01-0000577918.0001.XLSX,Q00897.01-0000577918.0001.XLSX,.xlsx,85333,ok,True,True,text,True,1,0,56,False,0,False,50-100,Phone | Money/Amount,True,Contact Information | Financial Account Information,False,,ambiguous,True,no,14425,likely_non_responsive,bde_llm_count,False,False,0,0,0,0,0,0,3.227,True,False,False,stage1_nr,False,,,0,False,,False,,14425
CNG_Data2k/files/Q00897.01-0000251557.XLSX,Q00897.01-0000251557.XLSX,.xlsx,70317,ok,True,True,text,True,2,0,55,False,0,False,50-100,Name | Address | Phone | Money/Amount,True,Contact Information | Financial Account Information,False,,ambiguous,True,no,8556,likely_non_responsive,roster_by_rowcount bde_llm_count,False,False,0,0,0,0,0,0,1.935,True,False,False,stage1_nr,False,,,0,False,,False,,8556
CNG_Data2k/files/Q00897.01-0000855594.PDF,Q00897.01-0000855594.PDF,.pdf,340510,ok,True,True,text,True,3,0,36,False,1,False,20-50,Name | Money/Amount | Work-Related,False,Financial Account Information | Work-Related Information,False,,ambiguous,True,yes,8038,standard,bde_llm_count,True,True,3,0,0,0,0,1,8.605,False,False,True,,True,clear_yes,yes,4471,False,standard,False,,12509
CNG_Data2k/files/Q00897.01-0000735170.MSG,Q00897.01-0000735170.MSG,.msg,114176,ok,True,False,text,False,0,2,9,False,5,False,0-10,Name | Address | Email | Phone,True,Contact Information,False,,ambiguous,True,yes,11310,standard,bde_llm_count,False,False,0,0,0,0,0,0,4.926,False,False,True,,True,likely_yes,yes,6105,False,standard,False,,17415
CNG_Data2k/files/Q00897.01-0000515679.MSG,Q00897.01-0000515679.MSG,.msg,133120,ok,True,False,text,False,0,2,8,False,7,False,0-10,Name | Email | Phone | Money/Amount,True,Contact Information | Financial Account Information,False,,ambiguous,True,yes,9164,standard,bde_llm_count,False,False,0,0,0,0,0,0,4.47,False,False,True,,True,borderline,no,5066,False,likely_non_responsive,True,,14230
CNG_Data2k/files/Q00897.01-0000659018.MSG,Q00897.01-0000659018.MSG,.msg,112640,ok,True,False,text,False,0,0,2,False,0,False,0-10,Name | Address | Email | Phone,True,Contact Information,False,,ambiguous,True,yes,3872,standard,,False,False,0,0,0,0,0,0,2.263,False,False,True,,True,clear_no,no,3933,False,likely_non_responsive,True,,7805
CNG_Data2k/files/Q00897.01-0000908682.PDF,Q00897.01-0000908682.PDF,.pdf,586182,ok,True,False,text,False,61,0,14,False,14,False,10-20,Name | Address,True,Contact Information,False,,ambiguous,True,yes,30012,standard,bde_llm_count_roster,False,False,0,0,0,0,0,0,14.628,False,False,True,,True,clear_yes,yes,15521,False,standard,False,,45533
CNG_Data2k\files\Q00897.01-0000777338.0002.DOC,Q00897.01-0000777338.0002.DOC,.doc,40152,ok,True,False,text,False,0,0,1,False,0,False,0-10,Address | Phone | Money/Amount | Health | Work-Related,True,Contact Information | Financial Account Information | Health-Related Information | Work-Related Information,False,,ambiguous,True,no,7387,likely_non_responsive,,False,False,0,0,0,0,0,0,1.003,True,False,False,stage1_nr,False,,,0,False,,False,,7387
CNG_Data2k/files/Q00897.01-0000672750.MSG,Q00897.01-0000672750.MSG,.msg,152576,ok,True,False,text,False,0,0,3,False,0,False,0-10,Name | Address | Email,True,Contact Information,False,,ambiguous,True,no,4245,likely_non_responsive,,False,False,0,0,0,0,0,0,1.467,True,False,False,stage1_nr,False,,,0,False,,False,,4245
CNG_Data2k/files/Q00897.01-0000600743.0001.PDF,Q00897.01-0000600743.0001.PDF,.pdf,20965,ok,True,False,text,False,1,0,0,False,0,False,0-10,,False,,False,,clear_non_responsive,False,,0,likely_non_responsive,,False,False,0,0,0,0,0,0,0.023,True,False,False,stage1_nr,False,,,0,False,,False,,0
CNG_Data2k/files/Q00897.01-0000870745.PDF,Q00897.01-0000870745.PDF,.pdf,47609,ok,True,True,text,True,1,0,24,False,1,False,20-50,Name | Address | Phone | Money/Amount | Work-Related,True,Contact Information | Financial Account Information | Work-Related Information,False,,ambiguous,True,yes,7668,standard,bde_llm_count,True,True,1,0,0,0,0,1,7.579,False,False,True,,True,clear_yes,yes,4303,False,standard,False,,11971
CNG_Data2k/files/Q00897.01-0000531796.MSG,Q00897.01-0000531796.MSG,.msg,230912,ok,True,False,text,False,0,0,1,False,0,False,0-10,Address | Money/Amount,True,Contact Information | Financial Account Information,False,,ambiguous,False,,0,standard,llm_failed:RateLimitError,False,False,0,0,0,0,0,0,5.839,False,False,True,,True,clear_no,no,7483,False,likely_non_responsive,True,,7483
CNG_Data2k/files/Q00897.01-0000591145.MSG,Q00897.01-0000591145.MSG,.msg,183808,ok,True,False,text,False,0,0,1,False,0,False,0-10,Name | Address | Phone,True,Contact Information,False,,ambiguous,True,no,4126,likely_non_responsive,,False,False,0,0,0,0,0,0,1.452,True,False,False,stage1_nr,False,,,0,False,,False,,4126
CNG_Data2k/files/Q00897.01-0000912724.PDF,Q00897.01-0000912724.PDF,.pdf,20072,ok,True,True,text,True,4,0,100,False,89,True,50-100,Phone | SSN | Money/Amount,True,Contact Information | Government-Issued Identification | Financial Account Information,True,,clear_responsive,False,,5575,structured_bde,bde_llm_count_roster,True,True,4,0,0,0,0,1,13.427,False,True,True,,True,clear_yes,yes,6927,True,structured_bde,False,,12502
CNG_Data2k/files/Q00897.01-0000021691.XLSX,Q00897.01-0000021691.XLSX,.xlsx,54749,ok,True,True,text,True,3,0,89,False,89,True,50-100,Name | Money/Amount,False,Financial Account Information,True,,ambiguous,True,yes,10919,structured_bde,bde_llm_count_roster,False,False,0,0,0,0,0,0,4.322,False,True,True,,True,clear_yes,yes,5951,True,structured_bde,False,,16870
CNG_Data2k/files/Q00897.01-0000262308.XLSX,Q00897.01-0000262308.XLSX,.xlsx,185844,ok,True,True,text,True,6,0,162,False,0,False,100+,Phone | Money/Amount,True,Contact Information | Financial Account Information,False,,ambiguous,True,no,11370,likely_non_responsive,roster_by_rowcount bde_llm_count,False,False,0,0,0,0,0,0,2.091,True,False,False,stage1_nr,False,,,0,False,,False,,11370
CNG_Data2k/files/Q00897.01-0000663426.MSG,Q00897.01-0000663426.MSG,.msg,354816,ok,True,False,text,False,0,4,6,False,0,False,0-10,Name | Address | Email | Phone | Money/Amount,True,Contact Information | Financial Account Information,False,,ambiguous,True,yes,5747,standard,,False,False,0,0,0,0,0,0,3.424,False,False,True,,True,likely_no,no,5790,False,likely_non_responsive,True,,11537
CNG_Data2k/files/Q00897.01-0000006770.XLSX,Q00897.01-0000006770.XLSX,.xlsx,55541,ok,True,True,text,True,2,0,84,False,84,True,50-100,Name | Address | Email | Phone | SSN | Money/Amount | Health | Work-Related,True,Contact Information | Government-Issued Identification | Financial Account Information | Health-Related Information | Work-Related Information,True,,clear_responsive,False,,6976,structured_bde,bde_llm_count_roster,False,False,0,0,0,0,0,0,9.315,False,True,True,,True,clear_yes,yes,8086,True,structured_bde,False,,15062
CNG_Data2k/files/Q00897.01-0000898059.PDF,Q00897.01-0000898059.PDF,.pdf,20671,ok,True,True,text,True,3,0,53,False,3,True,50-100,Name | Address | Phone | Money/Amount | Work-Related,True,Contact Information | Financial Account Information | Work-Related Information,True,,ambiguous,True,yes,9148,structured_bde,bde_llm_count_roster,True,True,3,0,0,0,0,1,10.203,False,True,True,,True,clear_yes,yes,5037,True,structured_bde,False,,14185
CNG_Data2k/files/Q00897.01-0000246443.PDF,Q00897.01-0000246443.PDF,.pdf,654643,ok,True,False,text,False,6,0,3,False,0,False,0-10,Name | Address | Bank/Account Number | Money/Amount,True,Contact Information | Financial Account Information,False,,ambiguous,True,yes,4694,standard,"img_ocr:p4(1/1,+234chars)",False,False,0,1,1,1,0,1,9.211,False,False,True,,True,likely_no,no,4771,False,likely_non_responsive,True,,9465
CNG_Data2k/files/Q00897.01-0000770048.0001.PDF,Q00897.01-0000770048.0001.PDF,.pdf,509581,ok,True,True,text,True,15,0,187,False,0,False,100+,Name | Phone | Money/Amount,True,Contact Information | Financial Account Information,False,,ambiguous,True,no,17103,likely_non_responsive,bde_llm_count,True,True,15,0,0,0,0,1,9.459,True,False,False,stage1_nr,False,,,0,False,,False,,17103
CNG_Data2k/files/Q00897.01-0000818359.0001.PDF,Q00897.01-0000818359.0001.PDF,.pdf,181869,ok,True,True,text,True,3,0,21,False,4,False,20-50,Name | Address | Email | Phone | Money/Amount,True,Contact Information | Financial Account Information,False,,ambiguous,True,yes,10242,standard,bde_llm_count,True,True,3,0,0,0,0,1,9.966,False,False,True,,True,likely_no,no,5555,False,likely_non_responsive,True,,15797
CNG_Data2k/files/Q00897.01-0000001431.PDF,Q00897.01-0000001431.PDF,.pdf,294471,ok,True,True,text,True,1,0,23,False,1,False,20-50,Name | Address | Email | Phone | SSN | Date of Birth | Money/Amount | Work-Related,True,Contact Information | Government-Issued Identification | Birth Information | Financial Account Information | Work-Related Information,False,,clear_responsive,False,,3426,standard,bde_llm_count,True,True,1,0,0,0,0,1,8.232,False,False,True,,True,clear_yes,yes,4263,False,standard,False,,7689
CNG_Data2k/files/Q00897.01-0000777726.0002.DOCX,Q00897.01-0000777726.0002.DOCX,.docx,59249,ok,True,False,text,False,0,0,0,False,0,False,0-10,,False,,False,,clear_non_responsive,False,,0,likely_non_responsive,,False,False,0,0,0,0,0,0,0.051,True,False,False,stage1_nr,False,,,0,False,,False,,0
CNG_Data2k/files/Q00897.01-0000458214.0001.XLSX,Q00897.01-0000458214.0001.XLSX,.xlsx,193632,ok,True,True,text,True,20,0,2975,False,0,False,100+,Phone,True,Contact Information,False,,ambiguous,True,no,8364,likely_non_responsive,roster_by_rowcount bde_llm_count,False,False,0,0,0,0,0,0,2.632,True,False,False,stage1_nr,False,,,0,False,,False,,8364
CNG_Data2k/files/Q00897.01-0000680247.MSG,Q00897.01-0000680247.MSG,.msg,205824,ok,True,False,text,False,0,0,8,False,7,False,0-10,Name | Address,True,Contact Information,False,,ambiguous,True,yes,9818,standard,bde_llm_count,False,False,0,0,0,0,0,0,64.188,False,False,True,,True,borderline,no,5377,False,likely_non_responsive,True,,15195
CNG_Data2k/files/Q00897.01-0000249240.PDF,Q00897.01-0000249240.PDF,.pdf,371352,ok,True,True,text,True,2,0,13,False,1,False,10-20,Name | Address | Email | Phone | Money/Amount,True,Contact Information | Financial Account Information,False,,ambiguous,True,yes,8080,standard,bde_llm_count,True,True,2,0,0,0,0,1,8.718,False,False,True,,True,likely_no,no,4519,False,likely_non_responsive,True,,12599
CNG_Data2k/files/Q00897.01-0000409941.0001.PDF,Q00897.01-0000409941.0001.PDF,.pdf,14811,ok,True,False,text,False,5,0,10,False,10,False,0-10,Name | Card/Transaction | Money/Amount,False,Financial Account Information,False,,ambiguous,True,yes,13386,standard,bde_llm_count_roster,False,False,0,0,0,0,0,0,6.851,False,False,True,,True,likely_no,no,7289,False,likely_non_responsive,True,,20675
CNG_Data2k/files/Q00897.01-0000325391.0002.PDF,Q00897.01-0000325391.0002.PDF,.pdf,1316966,ok,True,True,text,True,1,0,23,False,2,False,20-50,Name | Address | Phone | Military ID | Date of Birth | Card/Transaction | Money/Amount,True,Contact Information | Government-Issued Identification | Birth Information | Financial Account Information,False,,ambiguous,True,yes,8978,standard,bde_llm_count,True,True,1,0,0,0,0,1,8.652,False,False,True,,True,likely_yes,yes,4919,False,standard,False,,13897
CNG_Data2k/files/Q00897.01-0000654941.MSG,Q00897.01-0000654941.MSG,.msg,5217280,ok,True,False,text,False,0,4,2,False,0,False,0-10,Name | Address | Email | Phone,True,Contact Information,False,,ambiguous,True,yes,3978,standard,,False,False,0,0,0,0,0,0,2.822,False,False,True,,True,likely_no,no,4036,False,likely_non_responsive,True,,8014
CNG_Data2k/files/Q00897.01-0000654125.0001.XLSX,Q00897.01-0000654125.0001.XLSX,.xlsx,10604,ok,True,True,text,True,1,0,0,False,0,False,0-10,Money/Amount,False,Financial Account Information,False,,ambiguous,True,no,7116,structured_unreadable,bde_llm_count,False,False,0,0,0,0,0,0,3.002,False,False,True,,True,clear_no,no,4029,False,likely_non_responsive,True,,11145
CNG_Data2k/files/Q00897.01-0000074349.PDF,Q00897.01-0000074349.PDF,.pdf,496803,ok,True,True,text,True,1,0,13,False,0,False,10-20,Address | Phone | Bank/Account Number | Money/Amount,True,Contact Information | Financial Account Information,False,,ambiguous,True,no,7505,likely_non_responsive,bde_llm_count,True,True,1,0,0,0,0,1,6.204,True,False,False,stage1_nr,False,,,0,False,,False,,7505
CNG_Data2k/files/Q00897.01-0000835291.MSG,Q00897.01-0000835291.MSG,.msg,297984,ok,True,False,text,False,0,7,20,False,10,False,10-20,Name | Address | Email | Phone,True,Contact Information,False,,ambiguous,True,yes,15643,standard,bde_llm_count,False,False,0,0,0,0,0,0,6.292,False,False,True,,True,likely_yes,yes,8305,False,standard,False,,23948
CNG_Data2k/files/Q00897.01-0000704964.MSG,Q00897.01-0000704964.MSG,.msg,284160,ok,True,False,text,False,0,0,1,False,0,False,0-10,Address | Phone,True,Contact Information,False,,ambiguous,True,no,4173,likely_non_responsive,,False,False,0,0,0,0,0,0,2.524,True,False,False,stage1_nr,False,,,0,False,,False,,4173
CNG_Data2k/files/Q00897.01-0000008480.PDF,Q00897.01-0000008480.PDF,.pdf,100379,ok,True,False,text,False,2,0,1,False,0,False,0-10,Name | Address | Phone | Money/Amount | Demographic | Work-Related,True,Contact Information | Financial Account Information | Demographic Information | Work-Related Information,False,,ambiguous,True,yes,7400,standard,,False,False,0,0,0,0,0,0,4.612,False,False,True,,True,clear_yes,yes,7457,False,standard,False,,14857
CNG_Data2k/files/Q00897.01-0000331326.PDF,Q00897.01-0000331326.PDF,.pdf,509789,ok,True,False,text,False,7,0,2,False,0,False,0-10,Name | Address | Bank/Account Number | Money/Amount,True,Contact Information | Financial Account Information,False,,ambiguous,True,yes,4531,standard,"img_ocr:p2(1/1,+334chars)",False,False,0,1,1,1,0,1,8.261,False,False,True,,True,likely_no,no,4574,False,likely_non_responsive,True,,9105
CNG_Data2k/files/Q00897.01-0000037460.PDF,Q00897.01-0000037460.PDF,.pdf,883815,ok,True,True,text,True,7,0,61,False,61,True,50-100,Name | Address | Money/Amount,True,Contact Information | Financial Account Information,True,,ambiguous,True,yes,10837,structured_bde,bde_llm_count_roster,True,True,7,0,0,0,0,1,16.197,False,True,True,,True,likely_no,no,5861,True,likely_non_responsive,True,,16698
CNG_Data2k/files/Q00897.01-0000546624.MSG,Q00897.01-0000546624.MSG,.msg,276992,ok,True,False,text,False,0,0,3,False,0,False,0-10,Name | Address | Email | Phone,True,Contact Information,False,,ambiguous,True,yes,4988,standard,,False,False,0,0,0,0,0,0,61.86,False,False,True,,True,likely_no,no,5065,False,likely_non_responsive,True,,10053
CNG_Data2k/files/Q00897.01-0000112222.XLSX,Q00897.01-0000112222.XLSX,.xlsx,32940,ok,True,True,text,True,1,0,573,False,0,False,100+,Phone | Work-Related,True,Contact Information | Work-Related Information,False,,ambiguous,True,no,7984,likely_non_responsive,roster_by_rowcount bde_llm_count,False,False,0,0,0,0,0,0,1.778,True,False,False,stage1_nr,False,,,0,False,,False,,7984
CNG_Data2k\files\Q00897.01-0000842152.0001.DOC,Q00897.01-0000842152.0001.DOC,.doc,31785,ok,True,False,text,False,0,0,1,False,0,False,0-10,Name | Address | Money/Amount | Work-Related,True,Contact Information | Financial Account Information | Work-Related Information,False,,ambiguous,True,yes,6574,standard,,False,False,0,0,0,0,0,0,2.692,False,False,True,,True,likely_no,no,6784,False,likely_non_responsive,True,,13358
CNG_Data2k/files/Q00897.01-0000500480.MSG,Q00897.01-0000500480.MSG,.msg,36352,ok,True,False,text,False,0,0,7,False,6,False,0-10,Name | Email | Phone | Card/Transaction,True,Contact Information | Financial Account Information,False,,ambiguous,True,yes,9185,standard,bde_llm_count,False,False,0,0,0,0,0,0,4.538,False,False,True,,True,likely_no,no,5013,False,likely_non_responsive,True,,14198
CNG_Data2k/files/Q00897.01-0000582184.MSG,Q00897.01-0000582184.MSG,.msg,158720,ok,True,False,text,False,0,0,2,False,0,False,0-10,Name | Address | Phone,True,Contact Information,False,,ambiguous,True,no,4372,likely_non_responsive,,False,False,0,0,0,0,0,0,2.509,True,False,False,stage1_nr,False,,,0,False,,False,,4372
CNG_Data2k/files/Q00897.01-0000701112.MSG,Q00897.01-0000701112.MSG,.msg,199680,ok,True,False,text,False,0,3,3,False,0,False,0-10,Name | Address | Email | Phone | Credentials,True,Contact Information | Access Credentials,False,,ambiguous,True,yes,4625,standard,,False,False,0,0,0,0,0,0,3.215,False,False,True,,True,likely_no,no,4719,False,likely_non_responsive,True,,9344
CNG_Data2k/files/Q00897.01-0000777204.0001.XLSX,Q00897.01-0000777204.0001.XLSX,.xlsx,50881,ok,True,True,text,True,3,0,391,False,391,True,100+,Name | Money/Amount,False,Financial Account Information,True,,ambiguous,True,yes,10680,structured_bde,bde_llm_count_roster,False,False,0,0,0,0,0,0,7.448,False,True,True,,True,clear_yes,yes,5941,True,structured_bde,False,,16621
CNG_Data2k/files/Q00897.01-0000833872.0001.PDF,Q00897.01-0000833872.0001.PDF,.pdf,1334944,ok,True,True,text,True,7,0,19,False,4,False,10-20,Name | Address | Card Expiry/CVV | Money/Amount | Work-Related,True,Contact Information | Financial Account Information | Work-Related Information,False,,ambiguous,True,yes,11761,standard,bde_llm_count,True,True,7,0,0,0,0,1,11.209,False,False,True,,True,likely_no,no,6307,False,likely_non_responsive,True,,18068
CNG_Data2k/files/Q00897.01-0000675889.0001.XLSX,Q00897.01-0000675889.0001.XLSX,.xlsx,11878,ok,True,True,text,True,1,0,31,False,0,False,20-50,Phone | Money/Amount,True,Contact Information | Financial Account Information,False,,ambiguous,True,no,9379,likely_non_responsive,bde_llm_count,False,False,0,0,0,0,0,0,61.951,True,False,False,stage1_nr,False,,,0,False,,False,,9379
CNG_Data2k/files/Q00897.01-0000453328.0001.PDF,Q00897.01-0000453328.0001.PDF,.pdf,11607,ok,True,False,text,False,3,0,1,False,0,False,0-10,Money/Amount,False,Financial Account Information,False,,clear_non_responsive,False,,0,likely_non_responsive,,False,False,0,0,0,0,0,0,0.114,True,False,False,stage1_nr,False,,,0,False,,False,,0
CNG_Data2k/files/Q00897.01-0000342923.PDF,Q00897.01-0000342923.PDF,.pdf,490710,ok,True,True,text,True,2,0,8,False,0,False,0-10,Name | Address | Phone | Passport | Driver License | Bank/Account Number,True,Contact Information | Government-Issued Identification | Financial Account Information,False,,ambiguous,True,yes,4634,standard,bde_count_failed:RateLimitError,True,True,2,0,0,0,0,1,9.938,False,False,True,,True,clear_yes,yes,4602,False,standard,False,,9236
CNG_Data2k/files/Q00897.01-0000887093.PDF,Q00897.01-0000887093.PDF,.pdf,185881,ok,True,False,text,False,1,0,2,False,0,False,0-10,Name | Address | Money/Amount,True,Contact Information | Financial Account Information,False,,ambiguous,True,yes,3991,standard,,False,False,0,0,0,0,0,0,2.82,False,False,True,,True,likely_no,no,4041,False,likely_non_responsive,True,,8032
CNG_Data2k/files/Q00897.01-0000557952.0001.PDF,Q00897.01-0000557952.0001.PDF,.pdf,20949,ok,True,False,text,False,1,0,0,False,0,False,0-10,,False,,False,,clear_non_responsive,False,,0,likely_non_responsive,,False,False,0,0,0,0,0,0,0.043,True,False,False,stage1_nr,False,,,0,False,,False,,0
CNG_Data2k/files/Q00897.01-0000246341.PDF,Q00897.01-0000246341.PDF,.pdf,488999,ok,True,True,text,True,1,0,3,False,0,False,0-10,Name | Email | Money/Amount,True,Contact Information | Financial Account Information,False,,ambiguous,True,no,7417,likely_non_responsive,bde_llm_count,True,True,1,0,0,0,0,1,7.483,True,False,False,stage1_nr,False,,,0,False,,False,,7417
CNG_Data2k/files/Q00897.01-0000099631.PDF,Q00897.01-0000099631.PDF,.pdf,152237,ok,True,True,text,True,1,0,17,False,0,False,10-20,Address | Phone | Bank/Account Number | Money/Amount,True,Contact Information | Financial Account Information,False,,ambiguous,True,no,7940,likely_non_responsive,bde_llm_count,True,True,1,0,0,0,0,1,7.842,True,False,False,stage1_nr,False,,,0,False,,False,,7940
CNG_Data2k/files/Q00897.01-0000249124.PDF,Q00897.01-0000249124.PDF,.pdf,279737,ok,True,False,text,False,2,0,2,False,0,False,0-10,Phone | Money/Amount,True,Contact Information | Financial Account Information,False,,ambiguous,True,no,4061,likely_non_responsive,"img_ocr:p2(1/1,+4chars)",False,False,0,1,1,1,0,1,5.363,True,False,False,stage1_nr,False,,,0,False,,False,,4061
CNG_Data2k/files/Q00897.01-0000766158.0001.DOCX,Q00897.01-0000766158.0001.DOCX,.docx,20574,ok,True,False,text,False,0,0,1,False,0,False,0-10,Name | Email,True,Contact Information,False,,ambiguous,True,no,3961,likely_non_responsive,,False,False,0,0,0,0,0,0,1.074,True,False,False,stage1_nr,False,,,0,False,,False,,3961
CNG_Data2k/files/Q00897.01-0000427736.MSG,Q00897.01-0000427736.MSG,.msg,159232,ok,True,False,text,False,0,0,2,False,0,False,0-10,Name | Address | Email | Phone,True,Contact Information,False,,ambiguous,True,yes,4122,standard,,False,False,0,0,0,0,0,0,5.451,False,False,True,,True,likely_no,no,4260,False,likely_non_responsive,True,,8382
CNG_Data2k\files\Q00897.01-0000851542.XLS,Q00897.01-0000851542.XLS,.xls,22299,ok,True,True,text,True,1,0,66,False,1,False,50-100,Phone | Money/Amount,True,Contact Information | Financial Account Information,False,,ambiguous,True,no,3733,likely_non_responsive,roster_by_rowcount bde_llm_count,False,False,0,0,0,0,0,0,2.179,True,False,False,stage1_nr,False,,,0,False,,False,,3733
CNG_Data2k/files/Q00897.01-0000591957.0001.PDF,Q00897.01-0000591957.0001.PDF,.pdf,20964,ok,True,False,text,False,1,0,0,False,0,False,0-10,,False,,False,,clear_non_responsive,False,,0,likely_non_responsive,,False,False,0,0,0,0,0,0,0.021,True,False,False,stage1_nr,False,,,0,False,,False,,0
CNG_Data2k/files/Q00897.01-0000895249.PDF,Q00897.01-0000895249.PDF,.pdf,13806,ok,True,False,text,False,2,0,14,False,14,False,10-20,Name | Address,True,Contact Information,False,,ambiguous,True,yes,9449,standard,bde_llm_count_roster,False,False,0,0,0,0,0,0,6.357,False,False,True,,True,clear_yes,yes,5184,False,standard,False,,14633
CNG_Data2k/files/Q00897.01-0000714905.MSG,Q00897.01-0000714905.MSG,.msg,205824,ok,True,False,text,False,0,0,2,False,0,False,0-10,Address | Email | Phone | Credentials,True,Contact Information | Access Credentials,False,,ambiguous,True,no,3941,likely_non_responsive,,False,False,0,0,0,0,0,0,1.875,True,False,False,stage1_nr,False,,,0,False,,False,,3941
CNG_Data2k/files/Q00897.01-0000080515.PDF,Q00897.01-0000080515.PDF,.pdf,501265,ok,True,True,text,True,2,0,27,False,0,False,20-50,Address | Phone | Money/Amount,True,Contact Information | Financial Account Information,False,,ambiguous,True,no,8203,likely_non_responsive,bde_llm_count,True,True,2,0,0,0,0,1,8.245,True,False,False,stage1_nr,False,,,0,False,,False,,8203
CNG_Data2k/files/Q00897.01-0000324147.PDF,Q00897.01-0000324147.PDF,.pdf,108848,ok,True,False,text,False,1,0,1,False,0,False,0-10,Name | Address,True,Contact Information,False,,ambiguous,True,yes,4966,standard,,True,True,1,0,0,0,0,1,7.459,False,False,True,,True,clear_yes,yes,5022,False,standard,False,,9988
CNG_Data2k/files/Q00897.01-0000529353.0001.PDF,Q00897.01-0000529353.0001.PDF,.pdf,22708,ok,True,False,text,False,1,0,1,False,0,False,0-10,Money/Amount,False,Financial Account Information,False,,clear_non_responsive,False,,0,likely_non_responsive,,False,False,0,0,0,0,0,0,0.027,True,False,False,stage1_nr,False,,,0,False,,False,,0
CNG_Data2k/files/Q00897.01-0000893693.PDF,Q00897.01-0000893693.PDF,.pdf,25783,ok,True,False,text,False,4,0,1,False,0,False,0-10,Address | Money/Amount,True,Contact Information | Financial Account Information,False,,ambiguous,True,yes,6164,standard,,False,False,0,0,0,0,0,0,2.654,False,False,True,,True,likely_no,no,6188,False,likely_non_responsive,True,,12352
CNG_Data2k/files/Q00897.01-0000616549.0001.XLSX,Q00897.01-0000616549.0001.XLSX,.xlsx,241835,ok,True,True,text,True,4,0,298,False,0,False,100+,Address,True,Contact Information,False,,ambiguous,True,no,7504,likely_non_responsive,roster_by_rowcount bde_llm_count,False,False,0,0,0,0,0,0,2.234,True,False,False,stage1_nr,False,,,0,False,,False,,7504
CNG_Data2k/files/Q00897.01-0000907051.PDF,Q00897.01-0000907051.PDF,.pdf,1152954,ok,True,False,text,False,160,0,213,False,213,True,100+,Address | Phone | Money/Amount,True,Contact Information | Financial Account Information,True,,ambiguous,False,,17557,bde,llm_failed:JSONDecodeError bde_llm_count_roster,False,False,0,0,0,0,0,0,35.665,False,True,True,,False,,yes,0,True,bde,False,llm_failed:JSONDecodeError,17557
CNG_Data2k/files/Q00897.01-0000014717.PDF,Q00897.01-0000014717.PDF,.pdf,342480,ok,True,False,text,False,1,0,2,False,0,False,0-10,Name | Address | Email | Phone | SSN | Money/Amount | Work-Related,True,Contact Information | Government-Issued Identification | Financial Account Information | Work-Related Information,False,,clear_responsive,False,,0,standard,,False,False,0,0,0,0,0,0,1.389,False,False,True,,True,clear_yes,yes,4288,False,standard,False,,4288
CNG_Data2k/files/Q00897.01-0000611692.0001.0001.XLSX,Q00897.01-0000611692.0001.0001.XLSX,.xlsx,73086,ok,True,True,text,True,4,0,183,False,0,False,100+,Phone,True,Contact Information,False,,ambiguous,True,no,9426,likely_non_responsive,roster_by_rowcount bde_llm_count,False,False,0,0,0,0,0,0,2.249,True,False,False,stage1_nr,False,,,0,False,,False,,9426
CNG_Data2k/files/Q00897.01-0000426203.0001.XLSX,Q00897.01-0000426203.0001.XLSX,.xlsx,24946,ok,True,True,text,True,1,0,275,False,0,False,100+,Phone | Money/Amount,True,Contact Information | Financial Account Information,False,,ambiguous,True,no,8347,likely_non_responsive,roster_by_rowcount bde_llm_count,False,False,0,0,0,0,0,0,2.648,True,False,False,stage1_nr,False,,,0,False,,False,,8347
CNG_Data2k/files/Q00897.01-0000540232.0001.XLSX,Q00897.01-0000540232.0001.XLSX,.xlsx,90835,ok,True,True,text,True,1,0,77,False,0,False,50-100,Phone | Money/Amount,True,Contact Information | Financial Account Information,False,,ambiguous,False,,6633,standard,llm_failed:RateLimitError bde_llm_count,False,False,0,0,0,0,0,0,4.89,False,False,True,,True,clear_no,no,7483,True,likely_non_responsive,True,,14116
CNG_Data2k/files/Q00897.01-0000841777.0010.PDF,Q00897.01-0000841777.0010.PDF,.pdf,10997,ok,True,False,text,False,3,0,1,False,0,False,0-10,Address | Money/Amount | Work-Related,True,Contact Information | Financial Account Information | Work-Related Information,False,,ambiguous,True,no,5720,likely_non_responsive,,False,False,0,0,0,0,0,0,0.986,True,False,False,stage1_nr,False,,,0,False,,False,,5720
CNG_Data2k/files/Q00897.01-0000860871.PDF,Q00897.01-0000860871.PDF,.pdf,132537,ok,True,True,text,True,1,0,25,False,1,False,20-50,Name | Money/Amount,False,Financial Account Information,False,,ambiguous,True,yes,7220,standard,bde_llm_count,True,True,1,0,0,0,0,1,7.61,False,False,True,,True,clear_yes,yes,4066,False,standard,False,,11286
CNG_Data2k/files/Q00897.01-0000344577.PDF,Q00897.01-0000344577.PDF,.pdf,27635,ok,True,False,text,False,5,0,1,False,0,False,0-10,Address | Money/Amount,True,Contact Information | Financial Account Information,False,,ambiguous,True,yes,6317,standard,,False,False,0,0,0,0,0,0,3.098,False,False,True,,True,likely_yes,yes,6366,False,standard,False,,12683
CNG_Data2k/files/Q00897.01-0000869658.PDF,Q00897.01-0000869658.PDF,.pdf,26115,ok,True,False,text,False,1,0,1,False,0,False,0-10,Name | Address | Phone | Money/Amount,True,Contact Information | Financial Account Information,False,,ambiguous,True,no,4260,likely_non_responsive,,False,False,0,0,0,0,0,0,1.052,True,False,False,stage1_nr,False,,,0,False,,False,,4260
CNG_Data2k/files/Q00897.01-0000134014.PDF,Q00897.01-0000134014.PDF,.pdf,6857262,ok,True,True,text,True,15,0,51,False,0,False,50-100,Phone | Money/Amount,True,Contact Information | Financial Account Information,False,,ambiguous,True,no,14960,likely_non_responsive,bde_llm_count,True,True,15,0,0,0,0,1,9.84,True,False,False,stage1_nr,False,,,0,False,,False,,14960
CNG_Data2k/files/Q00897.01-0000533528.0001.PDF,Q00897.01-0000533528.0001.PDF,.pdf,22610,ok,True,False,text,False,1,0,1,False,0,False,0-10,Money/Amount,False,Financial Account Information,False,,clear_non_responsive,False,,0,likely_non_responsive,,False,False,0,0,0,0,0,0,0.025,True,False,False,stage1_nr,False,,,0,False,,False,,0
CNG_Data2k/files/Q00897.01-0000274706.PDF,Q00897.01-0000274706.PDF,.pdf,378710,ok,True,False,text,False,6,0,2,False,0,False,0-10,Name | Address | Phone | Account Balance | Money/Amount,True,Contact Information | Financial Account Information,False,,ambiguous,True,yes,5434,standard,"img_ocr:p1,p3,p5(3/3,+51chars)",False,False,0,3,3,3,0,3,16.829,False,False,True,,True,clear_yes,yes,5495,False,standard,False,,10929
CNG_Data2k/files/Q00897.01-0000389716.MSG,Q00897.01-0000389716.MSG,.msg,118784,ok,True,False,text,False,0,0,2,False,0,False,0-10,Name | Address | Email | Phone | Card/Transaction | Money/Amount | Credentials,True,Contact Information | Financial Account Information | Access Credentials,False,,ambiguous,True,yes,4661,standard,,False,False,0,0,0,0,0,0,3.693,False,False,True,,True,likely_no,no,4729,False,likely_non_responsive,True,,9390
CNG_Data2k/files/Q00897.01-0000902785.PDF,Q00897.01-0000902785.PDF,.pdf,74063,ok,True,False,text,False,14,0,2,False,0,False,0-10,Address | Phone | SSN | Money/Amount | Work-Related,True,Contact Information | Government-Issued Identification | Financial Account Information | Work-Related Information,False,,clear_responsive,False,,0,standard,,False,False,0,0,0,0,0,0,2.762,False,False,True,,True,clear_yes,yes,14557,False,standard,False,,14557
CNG_Data2k/files/Q00897.01-0000625365.MSG,Q00897.01-0000625365.MSG,.msg,56832,ok,True,False,text,False,0,0,6,False,0,False,0-10,Name | Address | Email | Phone | Money/Amount,True,Contact Information | Financial Account Information,False,,ambiguous,True,yes,6224,standard,,False,False,0,0,0,0,0,0,3.747,False,False,True,,True,likely_no,no,6280,False,likely_non_responsive,True,,12504
CNG_Data2k/files/Q00897.01-0000890978.PDF,Q00897.01-0000890978.PDF,.pdf,7243,ok,True,False,text,False,1,0,0,False,0,False,0-10,,False,,False,,clear_non_responsive,False,,0,likely_non_responsive,,False,False,0,0,0,0,0,0,0.031,True,False,False,stage1_nr,False,,,0,False,,False,,0
CNG_Data2k/files/Q00897.01-0000238564.PDF,Q00897.01-0000238564.PDF,.pdf,463130,ok,True,False,text,False,6,0,6,False,0,False,0-10,Name | Address | Email | Phone | Card/Transaction | Money/Amount | Demographic,True,Contact Information | Financial Account Information | Demographic Information,False,,ambiguous,True,yes,9392,standard,"img_ocr:none(1 calls,0 chars)",False,False,0,1,1,0,0,1,7.793,False,False,True,,True,clear_yes,yes,9431,False,standard,False,,18823
CNG_Data2k/files/Q00897.01-0000869653.PDF,Q00897.01-0000869653.PDF,.pdf,28606,ok,True,False,text,False,1,0,1,False,0,False,0-10,Name | Address | Phone | Money/Amount,True,Contact Information | Financial Account Information,False,,ambiguous,True,no,4456,likely_non_responsive,,False,False,0,0,0,0,0,0,1.086,True,False,False,stage1_nr,False,,,0,False,,False,,4456
CNG_Data2k/files/Q00897.01-0000536795.0001.PDF,Q00897.01-0000536795.0001.PDF,.pdf,18039,ok,True,False,text,False,3,0,1,False,0,False,0-10,Money/Amount,False,Financial Account Information,False,,clear_non_responsive,False,,0,likely_non_responsive,,False,False,0,0,0,0,0,0,0.118,True,False,False,stage1_nr,False,,,0,False,,False,,0
CNG_Data2k/files/Q00897.01-0000431571.MSG,Q00897.01-0000431571.MSG,.msg,171520,ok,True,False,text,False,0,0,2,False,0,False,0-10,Name | Address | Health,True,Contact Information | Health-Related Information,False,,ambiguous,True,yes,3967,standard,,False,False,0,0,0,0,0,0,3.063,False,False,True,,True,borderline,no,4066,False,likely_non_responsive,True,,8033
CNG_Data2k/files/Q00897.01-0000697292.MSG,Q00897.01-0000697292.MSG,.msg,246272,ok,True,False,text,False,0,0,1,False,0,False,0-10,Name | Address | Email | Phone,True,Contact Information,False,,ambiguous,True,no,4601,likely_non_responsive,,False,False,0,0,0,0,0,0,2.571,True,False,False,stage1_nr,False,,,0,False,,False,,4601
CNG_Data2k/files/Q00897.01-0000016682.XLSX,Q00897.01-0000016682.XLSX,.xlsx,199510,ok,True,True,text,True,3,0,278,False,6,True,100+,Name | Money/Amount,False,Financial Account Information,True,,ambiguous,True,yes,12725,structured_bde,bde_llm_count_roster,False,False,0,0,0,0,0,0,6.167,False,True,True,,True,clear_yes,yes,6843,True,structured_bde,False,,19568
CNG_Data2k/files/Q00897.01-0000613170.MSG,Q00897.01-0000613170.MSG,.msg,3748864,ok,True,False,text,False,0,3,20,False,2,False,10-20,Name | Address | Email | Phone,True,Contact Information,False,,ambiguous,True,yes,9139,standard,bde_llm_count,False,False,0,0,0,0,0,0,5.234,False,False,True,,True,likely_no,no,5042,False,likely_non_responsive,True,,14181
CNG_Data2k/files/Q00897.01-0000840244.MSG,Q00897.01-0000840244.MSG,.msg,185344,ok,True,False,text,False,0,7,16,False,16,False,10-20,Name | Address | Email | Phone,True,Contact Information,False,,ambiguous,True,yes,14202,standard,bde_llm_count,False,False,0,0,0,0,0,0,6.087,False,False,True,,True,likely_no,no,7572,False,likely_non_responsive,True,,21774
CNG_Data2k/files/Q00897.01-0000015088.PDF,Q00897.01-0000015088.PDF,.pdf,164446,ok,True,False,text,False,1,0,2,False,0,False,0-10,Name | Email | Money/Amount,True,Contact Information | Financial Account Information,False,,ambiguous,True,no,4207,likely_non_responsive,,False,False,0,0,0,0,0,0,2.291,True,False,False,stage1_nr,False,,,0,False,,False,,4207
CNG_Data2k/files/Q00897.01-0000248674.PDF,Q00897.01-0000248674.PDF,.pdf,206211,ok,True,False,text,False,1,0,1,False,0,False,0-10,Name | Phone | Money/Amount,True,Contact Information | Financial Account Information,False,,ambiguous,True,no,3893,likely_non_responsive,"img_ocr:p1(1/1,+19chars)",False,False,0,1,1,1,0,1,5.513,True,False,False,stage1_nr,False,,,0,False,,False,,3893
CNG_Data2k/files/Q00897.01-0000544243.0001.PDF,Q00897.01-0000544243.0001.PDF,.pdf,23624,ok,True,False,text,False,1,0,1,False,0,False,0-10,Money/Amount,False,Financial Account Information,False,,clear_non_responsive,False,,0,likely_non_responsive,,False,False,0,0,0,0,0,0,0.029,True,False,False,stage1_nr,False,,,0,False,,False,,0
CNG_Data2k/files/Q00897.01-0000007914.PDF,Q00897.01-0000007914.PDF,.pdf,3045995,ok,True,False,text,False,311,0,230,False,5,True,100+,Address | Phone | SSN | Money/Amount | Work-Related,True,Contact Information | Government-Issued Identification | Financial Account Information | Work-Related Information,True,,clear_responsive,False,,14562,bde,bde_llm_count_roster,False,False,0,0,0,0,0,0,63.045,False,True,True,,True,clear_yes,yes,15434,True,bde,False,,29996
CNG_Data2k/files/Q00897.01-0000856578.PDF,Q00897.01-0000856578.PDF,.pdf,595697,ok,True,False,text,False,2,0,2,False,0,False,0-10,Name | Money/Amount | Work-Related,False,Financial Account Information | Work-Related Information,False,,ambiguous,True,yes,3968,standard,,False,False,0,0,0,0,0,0,5.287,False,False,True,,True,likely_yes,yes,3994,False,standard,False,,7962
CNG_Data2k/files/Q00897.01-0000859609.PDF,Q00897.01-0000859609.PDF,.pdf,70324,ok,True,False,text,False,1,0,7,False,5,False,0-10,SSN | Money/Amount,True,Government-Issued Identification | Financial Account Information,False,,clear_responsive,False,,3268,standard,bde_llm_count_roster,False,False,0,0,0,0,0,0,2.591,False,False,True,,True,clear_yes,yes,4178,False,standard,False,,7446
CNG_Data2k/files/Q00897.01-0000901849.PDF,Q00897.01-0000901849.PDF,.pdf,68172,ok,True,False,text,False,13,0,3,False,0,False,0-10,Name | Address | Phone | Work-Related,True,Contact Information | Work-Related Information,False,,ambiguous,True,yes,14230,standard,,False,False,0,0,0,0,0,0,5.844,False,False,True,,True,clear_yes,yes,14249,False,standard,False,,28479
CNG_Data2k/files/Q00897.01-0000519081.0001.XLSX,Q00897.01-0000519081.0001.XLSX,.xlsx,125269,ok,True,True,text,True,1,0,455,False,1,False,100+,Name | Phone | Money/Amount,True,Contact Information | Financial Account Information,False,,ambiguous,True,yes,18453,standard,bde_llm_count,False,False,0,0,0,0,0,0,4.07,False,False,True,,True,likely_no,no,9703,True,likely_non_responsive,True,,28156
CNG_Data2k/files/Q00897.01-0000642605.MSG,Q00897.01-0000642605.MSG,.msg,21504,ok,True,False,text,False,0,0,0,False,0,False,0-10,,False,,False,,clear_non_responsive,False,,0,likely_non_responsive,,False,False,0,0,0,0,0,0,0.022,True,False,False,stage1_nr,False,,,0,False,,False,,0
CNG_Data2k/files/Q00897.01-0000572001.MSG,Q00897.01-0000572001.MSG,.msg,231424,ok,True,False,text,False,0,0,1,False,0,False,0-10,Name | Email,True,Contact Information,False,,ambiguous,True,yes,3962,standard,,False,False,0,0,0,0,0,0,2.677,False,False,True,,True,likely_yes,yes,4031,False,standard,False,,7993
CNG_Data2k/files/Q00897.01-0000671318.0004.XLSX,Q00897.01-0000671318.0004.XLSX,.xlsx,59065,ok,True,True,text,True,1,0,836,False,0,False,100+,Money/Amount,False,Financial Account Information,False,,ambiguous,True,no,12554,likely_non_responsive,roster_by_rowcount bde_llm_count,False,False,0,0,0,0,0,0,2.518,True,False,False,stage1_nr,False,,,0,False,,False,,12554
CNG_Data2k/files/Q00897.01-0000696043.MSG,Q00897.01-0000696043.MSG,.msg,216576,ok,True,False,text,False,0,0,2,False,0,False,0-10,Address | Email | Phone | Credentials,True,Contact Information | Access Credentials,False,,ambiguous,True,no,3945,likely_non_responsive,,False,False,0,0,0,0,0,0,1.558,True,False,False,stage1_nr,False,,,0,False,,False,,3945
CNG_Data2k/files/Q00897.01-0000898981.PDF,Q00897.01-0000898981.PDF,.pdf,19390,ok,True,False,text,False,3,0,2,False,0,False,0-10,Name | Address | Phone | Money/Amount,True,Contact Information | Financial Account Information,False,,ambiguous,True,yes,5864,standard,,False,False,0,0,0,0,0,0,3.161,False,False,True,,True,likely_yes,yes,5889,False,standard,False,,11753
CNG_Data2k/files/Q00897.01-0000125136.PDF,Q00897.01-0000125136.PDF,.pdf,2139651,ok,True,True,text,True,15,0,204,False,0,False,100+,Name | Address | Email | Phone | Money/Amount,True,Contact Information | Financial Account Information,False,,ambiguous,True,yes,20305,standard,bde_llm_count,True,True,15,0,0,0,0,1,12.724,False,False,True,,True,clear_no,no,10471,True,likely_non_responsive,True,,30776
CNG_Data2k/files/Q00897.01-0000017451.PDF,Q00897.01-0000017451.PDF,.pdf,388780,ok,True,False,text,False,6,0,3,False,0,False,0-10,Name | Address | Money/Amount | Demographic | Work-Related,True,Contact Information | Financial Account Information | Demographic Information | Work-Related Information,False,,ambiguous,True,yes,7203,standard,,False,False,0,0,0,0,0,0,3.534,False,False,True,,True,clear_yes,yes,7243,False,standard,False,,14446
CNG_Data2k/files/Q00897.01-0000457525.MSG,Q00897.01-0000457525.MSG,.msg,131072,ok,True,False,text,False,0,2,2,False,0,False,0-10,Name | Address | Email | Phone | Money/Amount,True,Contact Information | Financial Account Information,False,,ambiguous,True,yes,3958,standard,,False,False,0,0,0,0,0,0,2.955,False,False,True,,True,borderline,no,4023,False,likely_non_responsive,True,,7981
CNG_Data2k/files/Q00897.01-0000767955.0005.PDF,Q00897.01-0000767955.0005.PDF,.pdf,59072,ok,True,False,text,False,3,0,2,False,0,False,0-10,Name | Address | Email | Phone | Bank/Account Number | Money/Amount,True,Contact Information | Financial Account Information,False,,ambiguous,True,no,4888,likely_non_responsive,,False,False,0,0,0,0,0,0,1.621,True,False,False,stage1_nr,False,,,0,False,,False,,4888
CNG_Data2k/files/Q00897.01-0000771245.MSG,Q00897.01-0000771245.MSG,.msg,129536,ok,True,False,text,False,0,0,2,False,0,False,0-10,Name | Address | Email | Phone,True,Contact Information,False,,ambiguous,True,yes,4104,standard,,False,False,0,0,0,0,0,0,3.38,False,False,True,,True,likely_no,no,4154,False,likely_non_responsive,True,,8258
CNG_Data2k/files/Q00897.01-0000846409.0001.DOCX,Q00897.01-0000846409.0001.DOCX,.docx,44265,ok,True,False,text,False,0,0,2,False,0,False,0-10,Name | Money/Amount | Work-Related,False,Financial Account Information | Work-Related Information,False,,ambiguous,True,no,6697,likely_non_responsive,,False,False,0,0,0,0,0,0,1.5,True,False,False,stage1_nr,False,,,0,False,,False,,6697
CNG_Data2k/files/Q00897.01-0000443345.0001.PDF,Q00897.01-0000443345.0001.PDF,.pdf,981263,ok,True,False,text,False,18,0,6,False,0,False,0-10,Name | Address | Email | Phone | SSN | Card/Transaction | Money/Amount,True,Contact Information | Government-Issued Identification | Financial Account Information,False,,clear_responsive,False,,0,standard,"img_ocr:none(2 calls,0 chars)",False,False,0,2,2,0,0,2,11.294,False,False,True,,True,clear_yes,yes,12720,False,standard,False,,12720
CNG_Data2k/files/Q00897.01-0000852839.PDF,Q00897.01-0000852839.PDF,.pdf,66894,ok,True,False,text,False,1,0,1,False,0,False,0-10,Address | Money/Amount,True,Contact Information | Financial Account Information,False,,ambiguous,True,no,3990,likely_non_responsive,,False,False,0,0,0,0,0,0,2.893,True,False,False,stage1_nr,False,,,0,False,,False,,3990
CNG_Data2k/files/Q00897.01-0000769035.0007.PDF,Q00897.01-0000769035.0007.PDF,.pdf,107306,ok,True,True,text,True,6,0,31,False,2,False,20-50,Name | Address | Email | Bank/Account Number | Card/Transaction | Money/Amount,True,Contact Information | Financial Account Information,False,,ambiguous,True,no,8489,likely_non_responsive,bde_llm_count,True,True,6,0,0,0,0,1,8.329,True,False,False,stage1_nr,False,,,0,False,,False,,8489
CNG_Data2k/files/Q00897.01-0000793279.MSG,Q00897.01-0000793279.MSG,.msg,140288,ok,True,False,text,False,0,0,4,False,0,False,0-10,Name | Address | Email | Phone | Money/Amount,True,Contact Information | Financial Account Information,False,,ambiguous,True,no,4331,likely_non_responsive,,False,False,0,0,0,0,0,0,1.436,True,False,False,stage1_nr,False,,,0,False,,False,,4331
CNG_Data2k/files/Q00897.01-0000426966.0007.PDF,Q00897.01-0000426966.0007.PDF,.pdf,122983,ok,True,False,text,False,1,0,1,False,0,False,0-10,Money/Amount,False,Financial Account Information,False,,clear_non_responsive,False,,0,likely_non_responsive,,False,False,0,0,0,0,0,0,0.139,True,False,False,stage1_nr,False,,,0,False,,False,,0
CNG_Data2k/files/Q00897.01-0000909364.PDF,Q00897.01-0000909364.PDF,.pdf,2826768,ok,True,False,text,False,575,0,482,False,482,True,100+,Name | Address | Phone | SSN | Money/Amount | Work-Related,True,Contact Information | Government-Issued Identification | Financial Account Information | Work-Related Information,True,,clear_responsive,False,,12825,bde,"img_ocr:p1,p1,p1,p1,p1,p6,p6,p9,p28,p29,p32,p33,p35(13/14,+397chars) bde_llm_count_roster",False,False,0,14,14,13,0,14,87.666,False,True,True,,True,clear_yes,yes,13855,True,bde,False,,26680
CNG_Data2k/files/Q00897.01-0000504343.MSG,Q00897.01-0000504343.MSG,.msg,97280,ok,True,False,text,False,0,0,1,False,0,False,0-10,Address | Email | Money/Amount | Health,True,Contact Information | Financial Account Information | Health-Related Information,False,,ambiguous,True,no,4134,likely_non_responsive,,False,False,0,0,0,0,0,0,3.059,True,False,False,stage1_nr,False,,,0,False,,False,,4134
CNG_Data2k/files/Q00897.01-0000397200.0004.PDF,Q00897.01-0000397200.0004.PDF,.pdf,118408,ok,True,False,text,False,2,0,1,False,0,False,0-10,Money/Amount,False,Financial Account Information,False,,clear_non_responsive,False,,0,likely_non_responsive,,False,False,0,0,0,0,0,0,0.114,True,False,False,stage1_nr,False,,,0,False,,False,,0
CNG_Data2k/files/Q00897.01-0000441703.MSG,Q00897.01-0000441703.MSG,.msg,288768,ok,True,False,text,False,0,1,2,False,0,False,0-10,Name | Address | Email | Phone | Card/Transaction | Account Balance,True,Contact Information | Financial Account Information,False,,ambiguous,True,no,3903,likely_non_responsive,,False,False,0,0,0,0,0,0,1.126,True,False,False,stage1_nr,False,,,0,False,,False,,3903
CNG_Data2k/files/Q00897.01-0000485743.MSG,Q00897.01-0000485743.MSG,.msg,70144,ok,True,False,text,False,0,1,15,False,6,False,10-20,Name | Email | Phone | Money/Amount | Work-Related,True,Contact Information | Financial Account Information | Work-Related Information,False,,ambiguous,True,yes,16465,standard,bde_llm_count,False,False,0,0,0,0,0,0,7.313,False,False,True,,True,likely_no,no,8723,False,likely_non_responsive,True,,25188
CNG_Data2k/files/Q00897.01-0000320928.XML,Q00897.01-0000320928.XML,.xml,657,ok,True,False,text,False,0,0,0,False,0,False,0-10,,False,,False,,clear_non_responsive,False,,0,likely_non_responsive,,False,False,0,0,0,0,0,0,0.017,True,False,False,stage1_nr,False,,,0,False,,False,,0
CNG_Data2k/files/Q00897.01-0000415191.0001.XLSX,Q00897.01-0000415191.0001.XLSX,.xlsx,26277,ok,True,True,text,True,4,0,162,False,0,False,100+,Money/Amount,False,Financial Account Information,False,,ambiguous,True,no,8395,likely_non_responsive,roster_by_rowcount bde_llm_count,False,False,0,0,0,0,0,0,2.432,True,False,False,stage1_nr,False,,,0,False,,False,,8395
CNG_Data2k/files/Q00897.01-0000543995.0001.PDF,Q00897.01-0000543995.0001.PDF,.pdf,22557,ok,True,False,text,False,1,0,1,False,0,False,0-10,Money/Amount,False,Financial Account Information,False,,clear_non_responsive,False,,0,likely_non_responsive,,False,False,0,0,0,0,0,0,0.041,True,False,False,stage1_nr,False,,,0,False,,False,,0
CNG_Data2k/files/Q00897.01-0000129506.PDF,Q00897.01-0000129506.PDF,.pdf,6368981,ok,True,True,text,True,15,0,173,False,0,False,100+,Name | Phone | Money/Amount,True,Contact Information | Financial Account Information,False,,ambiguous,True,yes,15698,standard,bde_llm_count,True,True,15,0,0,0,0,1,12.91,False,False,True,,True,clear_no,no,8302,True,likely_non_responsive,True,,24000
CNG_Data2k\files\Q00897.01-0000856845.XLS,Q00897.01-0000856845.XLS,.xls,77865,ok,True,True,text,True,2,0,59,False,59,True,50-100,Name | Money/Amount,False,Financial Account Information,True,,ambiguous,True,yes,5747,structured_bde,bde_llm_count_roster,False,False,0,0,0,0,0,0,9.728,False,True,True,,True,clear_yes,yes,3541,True,structured_bde,False,,9288
CNG_Data2k/files/Q00897.01-0000750893.MSG,Q00897.01-0000750893.MSG,.msg,94208,ok,True,False,text,False,0,0,2,False,0,False,0-10,Name | Address | Email | Phone | Money/Amount,True,Contact Information | Financial Account Information,False,,ambiguous,True,no,4300,likely_non_responsive,,False,False,0,0,0,0,0,0,2.11,True,False,False,stage1_nr,False,,,0,False,,False,,4300
CNG_Data2k/files/Q00897.01-0000829342.MSG,Q00897.01-0000829342.MSG,.msg,111104,ok,True,False,text,False,0,0,16,False,16,False,10-20,Name | Address | Email | Phone | Money/Amount,True,Contact Information | Financial Account Information,False,,ambiguous,True,yes,10434,standard,bde_llm_count,False,False,0,0,0,0,0,0,6.878,False,False,True,,True,likely_no,no,5704,False,likely_non_responsive,True,,16138
CNG_Data2k/files/Q00897.01-0000841734.0004.PDF,Q00897.01-0000841734.0004.PDF,.pdf,51479,ok,True,False,text,False,2,0,1,False,0,False,0-10,Card/Transaction | Money/Amount | Work-Related,False,Financial Account Information | Work-Related Information,False,,ambiguous,True,no,8721,likely_non_responsive,,False,False,0,0,0,0,0,0,1.719,True,False,False,stage1_nr,False,,,0,False,,False,,8721
CNG_Data2k/files/Q00897.01-0000015692.PDF,Q00897.01-0000015692.PDF,.pdf,880821,ok,True,True,text,True,6,0,18,False,1,False,10-20,Name | Address | Money/Amount | Health | Demographic | Work-Related,True,Contact Information | Financial Account Information | Health-Related Information | Demographic Information | Work-Related Information,False,,ambiguous,True,yes,13168,standard,bde_llm_count,True,True,6,0,0,0,0,1,10.674,False,False,True,,True,clear_yes,yes,7035,False,standard,False,,20203
CNG_Data2k/files/Q00897.01-0000016619.XLSX,Q00897.01-0000016619.XLSX,.xlsx,212062,ok,True,True,text,True,3,0,273,False,273,True,100+,Name | Money/Amount,False,Financial Account Information,True,,ambiguous,True,yes,12780,structured_bde,bde_llm_count_roster,False,False,0,0,0,0,0,0,6.839,False,True,True,,True,clear_yes,yes,6879,True,structured_bde,False,,19659
CNG_Data2k\files\Q00897.01-0000118258.DOC,Q00897.01-0000118258.DOC,.doc,67457,ok,True,False,text,False,0,0,2,False,0,False,0-10,Address | Email | Phone | Money/Amount | Health | Demographic | Work-Related,True,Contact Information | Financial Account Information | Health-Related Information | Demographic Information | Work-Related Information,False,,ambiguous,True,no,6744,likely_non_responsive,,False,False,0,0,0,0,0,0,1.364,True,False,False,stage1_nr,False,,,0,False,,False,,6744
CNG_Data2k/files/Q00897.01-0000116854.PDF,Q00897.01-0000116854.PDF,.pdf,369637,ok,True,False,text,False,60,0,1,False,0,False,0-10,Money/Amount,False,Financial Account Information,False,,clear_non_responsive,False,,0,likely_non_responsive,,False,False,0,0,0,0,0,0,4.461,True,False,False,stage1_nr,False,,,0,False,,False,,0
CNG_Data2k/files/Q00897.01-0000541718.0001.PDF,Q00897.01-0000541718.0001.PDF,.pdf,22591,ok,True,False,text,False,1,0,1,False,0,False,0-10,Money/Amount,False,Financial Account Information,False,,clear_non_responsive,False,,0,likely_non_responsive,,False,False,0,0,0,0,0,0,0.022,True,False,False,stage1_nr,False,,,0,False,,False,,0
CNG_Data2k/files/Q00897.01-0000900756.PDF,Q00897.01-0000900756.PDF,.pdf,65779,ok,True,False,text,False,14,0,2,False,0,False,0-10,Name | Address | Work-Related,True,Contact Information | Work-Related Information,False,,ambiguous,True,yes,14095,standard,,False,False,0,0,0,0,0,0,4.993,False,False,True,,True,clear_yes,yes,14144,False,standard,False,,28239
CNG_Data2k/files/Q00897.01-0000754054.MSG,Q00897.01-0000754054.MSG,.msg,115200,ok,True,False,text,False,0,3,5,False,0,False,0-10,Name | Address | Email | Phone,True,Contact Information,False,,ambiguous,True,no,5056,likely_non_responsive,,False,False,0,0,0,0,0,0,1.444,True,False,False,stage1_nr,False,,,0,False,,False,,5056
CNG_Data2k/files/Q00897.01-0000686421.MSG,Q00897.01-0000686421.MSG,.msg,169472,ok,True,False,text,False,0,0,1,False,0,False,0-10,Name | Address | Email,True,Contact Information,False,,ambiguous,True,no,4628,likely_non_responsive,,False,False,0,0,0,0,0,0,1.793,True,False,False,stage1_nr,False,,,0,False,,False,,4628
CNG_Data2k/files/Q00897.01-0000796941.MSG,Q00897.01-0000796941.MSG,.msg,202240,ok,True,False,text,False,0,2,8,False,3,False,0-10,Name | Address | Email | Phone | Money/Amount,True,Contact Information | Financial Account Information,False,,ambiguous,True,yes,16659,standard,bde_llm_count,False,False,0,0,0,0,0,0,6.341,False,False,True,,False,,yes,0,False,standard,False,llm_failed:RateLimitError,16659
CNG_Data2k/files/Q00897.01-0000004660.PDF,Q00897.01-0000004660.PDF,.pdf,43392,ok,True,False,text,False,1,0,1,False,0,False,0-10,Name | Phone,True,Contact Information,False,,ambiguous,True,yes,3758,standard,,True,True,1,0,0,0,0,1,11.178,False,False,True,,True,likely_yes,yes,3818,False,standard,False,,7576
CNG_Data2k/files/Q00897.01-0000742437.MSG,Q00897.01-0000742437.MSG,.msg,249344,ok,True,False,text,False,0,0,3,False,0,False,0-10,Address | Email | Phone | Money/Amount | Credentials,True,Contact Information | Financial Account Information | Access Credentials,False,,ambiguous,True,no,4813,likely_non_responsive,,False,False,0,0,0,0,0,0,2.292,True,False,False,stage1_nr,False,,,0,False,,False,,4813
CNG_Data2k/files/Q00897.01-0000804257.0001.PDF,Q00897.01-0000804257.0001.PDF,.pdf,567159,ok,True,False,text,False,6,0,2,False,0,False,0-10,Name | Email | Card Expiry/CVV | Health | Demographic | Work-Related,True,Contact Information | Financial Account Information | Health-Related Information | Demographic Information | Work-Related Information,False,,ambiguous,True,no,6223,likely_non_responsive,,False,False,0,0,0,0,0,0,2.274,True,False,False,stage1_nr,False,,,0,False,,False,,6223
CNG_Data2k/files/Q00897.01-0000286509.PDF,Q00897.01-0000286509.PDF,.pdf,126219,ok,True,True,text,True,1,0,7,False,1,False,0-10,Name | Phone | Money/Amount,True,Contact Information | Financial Account Information,False,,ambiguous,True,yes,7029,standard,bde_llm_count,True,True,1,0,0,0,0,1,7.714,False,False,True,,True,likely_no,no,3987,False,likely_non_responsive,True,,11016
CNG_Data2k/files/Q00897.01-0000260033.PDF,Q00897.01-0000260033.PDF,.pdf,637382,ok,True,True,text,True,10,0,396,False,2,False,100+,Name | Money/Amount,False,Financial Account Information,False,,ambiguous,True,yes,33996,standard,bde_llm_count,True,True,10,0,0,0,0,1,17.829,False,False,True,,True,clear_yes,yes,17492,True,structured_bde,False,,51488
CNG_Data2k/files/Q00897.01-0000745238.MSG,Q00897.01-0000745238.MSG,.msg,162816,ok,True,False,text,False,0,0,2,False,0,False,0-10,Address | Email | Phone | Credentials,True,Contact Information | Access Credentials,False,,ambiguous,True,no,3919,likely_non_responsive,,False,False,0,0,0,0,0,0,2.265,True,False,False,stage1_nr,False,,,0,False,,False,,3919
CNG_Data2k/files/Q00897.01-0000768966.MSG,Q00897.01-0000768966.MSG,.msg,437760,ok,True,False,text,False,0,2,13,False,7,False,10-20,Name | Address | Email | Phone,True,Contact Information,False,,ambiguous,True,yes,11688,standard,bde_llm_count,False,False,0,0,0,0,0,0,5.399,False,False,True,,True,likely_no,no,6331,False,likely_non_responsive,True,,18019
CNG_Data2k/files/Q00897.01-0000248800.PDF,Q00897.01-0000248800.PDF,.pdf,1010700,ok,True,False,text,False,2,0,3,False,0,False,0-10,Name | Address | Email | Phone | Bank/Account Number | Money/Amount,True,Contact Information | Financial Account Information,False,,ambiguous,True,no,4327,likely_non_responsive,"img_ocr:p1,p1(2/2,+305chars)",False,False,0,2,2,2,0,2,9.825,True,False,False,stage1_nr,False,,,0,False,,False,,4327
CNG_Data2k/files/Q00897.01-0000429180.0001.XLSX,Q00897.01-0000429180.0001.XLSX,.xlsx,79196,ok,True,True,text,True,2,0,827,False,0,False,100+,,False,,False,,ambiguous,True,no,13569,likely_non_responsive,roster_by_rowcount bde_llm_count,False,False,0,0,0,0,0,0,2.909,True,False,False,stage1_nr,False,,,0,False,,False,,13569
CNG_Data2k/files/Q00897.01-0000294910.XLSX,Q00897.01-0000294910.XLSX,.xlsx,11485,ok,True,True,text,True,1,0,7,False,4,False,0-10,Name | Money/Amount | Work-Related,False,Financial Account Information | Work-Related Information,False,,ambiguous,True,yes,7413,standard,bde_llm_count,False,False,0,0,0,0,0,0,4.484,False,False,True,,True,clear_yes,yes,4132,False,standard,False,,11545
CNG_Data2k/files/Q00897.01-0000889838.PDF,Q00897.01-0000889838.PDF,.pdf,23287,ok,True,False,text,False,3,0,1,False,0,False,0-10,Address | Money/Amount,True,Contact Information | Financial Account Information,False,,ambiguous,True,no,5775,likely_non_responsive,,False,False,0,0,0,0,0,0,1.163,True,False,False,stage1_nr,False,,,0,False,,False,,5775
CNG_Data2k/files/Q00897.01-0000467447.MSG,Q00897.01-0000467447.MSG,.msg,156672,ok,True,False,text,False,0,0,13,False,9,False,10-20,Name | Address | Email | Phone | Money/Amount,True,Contact Information | Financial Account Information,False,,ambiguous,True,yes,18302,standard,bde_llm_count,False,False,0,0,0,0,0,0,7.832,False,False,True,,True,likely_no,no,9643,False,likely_non_responsive,True,,27945
CNG_Data2k/files/Q00897.01-0000913099.PDF,Q00897.01-0000913099.PDF,.pdf,60974,ok,True,False,text,False,2,0,3,False,0,False,0-10,Phone | SSN | Money/Amount,True,Contact Information | Government-Issued Identification | Financial Account Information,False,,clear_responsive,False,,0,standard,,True,True,2,0,0,0,0,1,6.375,False,False,True,,True,clear_yes,yes,4769,False,standard,False,,4769
CNG_Data2k/files/Q00897.01-0000914845.PDF,Q00897.01-0000914845.PDF,.pdf,289167,ok,True,False,text,False,1,0,3,False,0,False,0-10,Name | Email | Money/Amount | Work-Related,True,Contact Information | Financial Account Information | Work-Related Information,False,,ambiguous,True,yes,4054,standard,,False,False,0,0,0,0,0,0,2.6,False,False,True,,True,likely_yes,yes,4085,False,standard,False,,8139
CNG_Data2k/files/Q00897.01-0000907712.PDF,Q00897.01-0000907712.PDF,.pdf,23186,ok,True,False,text,False,6,0,1,False,0,False,0-10,Name | Address | Phone,True,Contact Information,False,,ambiguous,True,yes,6275,standard,,False,False,0,0,0,0,0,0,4.661,False,False,True,,True,likely_yes,yes,6369,False,standard,False,,12644
CNG_Data2k/files/Q00897.01-0000847042.MSG,Q00897.01-0000847042.MSG,.msg,60416,error,False,False,,False,0,0,0,False,0,False,,,False,,False,,,False,,0,review_error,MalformedRtf,False,False,0,0,0,0,0,0,1.566,False,False,False,extract_error,False,,,0,False,,False,,0
CNG_Data2k/files/Q00897.01-0000913384.PDF,Q00897.01-0000913384.PDF,.pdf,119356,ok,True,True,text,True,15,0,385,False,385,True,100+,Address | SSN | Money/Amount,True,Contact Information | Government-Issued Identification | Financial Account Information,True,,clear_responsive,False,,9594,structured_bde,bde_llm_count_roster,True,True,15,0,0,0,0,1,21.017,False,True,True,,True,clear_yes,yes,10698,True,structured_bde,False,,20292
CNG_Data2k/files/Q00897.01-0000104863.PDF,Q00897.01-0000104863.PDF,.pdf,226332,ok,True,False,text,False,2,0,3,False,0,False,0-10,Address | Phone | Money/Amount,True,Contact Information | Financial Account Information,False,,ambiguous,True,no,5547,likely_non_responsive,"img_ocr:p1(1/1,+251chars)",False,False,0,1,1,1,0,1,5.386,True,False,False,stage1_nr,False,,,0,False,,False,,5547
CNG_Data2k/files/Q00897.01-0000727141.MSG,Q00897.01-0000727141.MSG,.msg,169472,ok,True,False,text,False,0,0,1,False,0,False,0-10,Address | Email | Money/Amount,True,Contact Information | Financial Account Information,False,,ambiguous,True,no,4174,likely_non_responsive,,False,False,0,0,0,0,0,0,2.058,True,False,False,stage1_nr,False,,,0,False,,False,,4174
CNG_Data2k/files/Q00897.01-0000856320.XLSX,Q00897.01-0000856320.XLSX,.xlsx,22799,ok,True,True,text,True,1,0,332,False,332,True,100+,Name | Money/Amount | Work-Related,False,Financial Account Information | Work-Related Information,True,,ambiguous,True,yes,10304,structured_bde,roster_by_rowcount bde_llm_count_roster,False,False,0,0,0,0,0,0,6.556,False,True,True,,True,likely_yes,yes,5686,True,structured_bde,False,,15990
CNG_Data2k/files/Q00897.01-0000433401.0002.PDF,Q00897.01-0000433401.0002.PDF,.pdf,174592,ok,True,False,text,False,1,0,1,False,0,False,0-10,Name | Address | Email | Card Expiry/CVV | Card/Transaction | Money/Amount,True,Contact Information | Financial Account Information,False,,ambiguous,True,no,3946,likely_non_responsive,"img_ocr:p1(1/1,+4chars)",False,False,0,1,1,1,0,1,5.271,True,False,False,stage1_nr,False,,,0,False,,False,,3946
CNG_Data2k/files/Q00897.01-0000137915.PDF,Q00897.01-0000137915.PDF,.pdf,820032,ok,True,True,text,True,3,0,38,False,2,False,20-50,Name | Address | Phone | Money/Amount,True,Contact Information | Financial Account Information,False,,ambiguous,True,yes,14997,standard,bde_llm_count,True,True,3,0,0,0,0,1,10.143,False,False,True,,True,likely_no,no,7939,False,likely_non_responsive,True,,22936
CNG_Data2k/files/Q00897.01-0000870554.PDF,Q00897.01-0000870554.PDF,.pdf,26071,ok,True,False,text,False,1,0,2,False,0,False,0-10,Name | Address | Phone | Money/Amount,True,Contact Information | Financial Account Information,False,,ambiguous,False,,0,standard,llm_failed:RateLimitError,False,False,0,0,0,0,0,0,3.294,False,False,True,,True,clear_no,no,4242,False,likely_non_responsive,True,,4242
CNG_Data2k/files/Q00897.01-0000694126.MSG,Q00897.01-0000694126.MSG,.msg,123392,ok,True,False,text,False,0,0,5,False,0,False,0-10,Name | Address | Email,True,Contact Information,False,,ambiguous,True,yes,4906,standard,,False,False,0,0,0,0,0,0,3.149,False,False,True,,True,likely_no,no,4975,False,likely_non_responsive,True,,9881
CNG_Data2k/files/Q00897.01-0000256987.DOCX,Q00897.01-0000256987.DOCX,.docx,19770,ok,True,False,text,False,0,0,3,False,0,False,0-10,Name | Address | Phone | Money/Amount,True,Contact Information | Financial Account Information,False,,ambiguous,True,no,3852,likely_non_responsive,,False,False,0,0,0,0,0,0,1.336,True,False,False,stage1_nr,False,,,0,False,,False,,3852
CNG_Data2k/files/Q00897.01-0000771938.MSG,Q00897.01-0000771938.MSG,.msg,289280,ok,True,False,text,False,0,2,6,False,0,False,0-10,Name | Address | Email | Phone,True,Contact Information,False,,ambiguous,True,yes,6999,standard,,False,False,0,0,0,0,0,0,4.9,False,False,True,,True,likely_yes,yes,7088,False,standard,False,,14087
CNG_Data2k/files/Q00897.01-0000904135.PDF,Q00897.01-0000904135.PDF,.pdf,15089,ok,True,False,text,False,2,0,1,False,0,False,0-10,Money/Amount,False,Financial Account Information,False,,clear_non_responsive,False,,0,likely_non_responsive,,False,False,0,0,0,0,0,0,0.183,True,False,False,stage1_nr,False,,,0,False,,False,,0
CNG_Data2k/files/Q00897.01-0000518786.0001.XLSX,Q00897.01-0000518786.0001.XLSX,.xlsx,238632,ok,True,True,text,True,1,0,564,False,0,False,100+,Phone | Money/Amount,True,Contact Information | Financial Account Information,False,,ambiguous,True,no,19621,likely_non_responsive,bde_llm_count,False,False,0,0,0,0,0,0,3.693,True,False,False,stage1_nr,False,,,0,False,,False,,19621
CNG_Data2k/files/Q00897.01-0000274264.PDF,Q00897.01-0000274264.PDF,.pdf,1149681,ok,True,False,text,False,139,0,11,False,2,False,10-20,Name | Address | Email | Phone | Bank/Account Number | Money/Amount | Health | Demographic | Work-Related,True,Contact Information | Financial Account Information | Health-Related Information | Demographic Information | Work-Related Information,False,,ambiguous,True,yes,24485,standard,bde_llm_count,False,False,0,0,0,0,0,0,15.972,False,False,True,,True,clear_yes,yes,12733,False,standard,False,,37218
CNG_Data2k/files/Q00897.01-0000326757.PDF,Q00897.01-0000326757.PDF,.pdf,1233432,ok,True,False,text,False,307,0,40,False,40,False,20-50,Name | Address | Phone | Card/Transaction | Money/Amount,True,Contact Information | Financial Account Information,False,,ambiguous,True,yes,34035,standard,bde_llm_count_roster,False,False,0,0,0,0,0,0,25.44,False,False,True,,True,likely_no,no,17644,False,likely_non_responsive,True,,51679
CNG_Data2k/files/Q00897.01-0000901997.PDF,Q00897.01-0000901997.PDF,.pdf,15669,ok,True,True,text,True,2,0,37,False,2,False,20-50,Name | Address | Phone | Money/Amount | Work-Related,True,Contact Information | Financial Account Information | Work-Related Information,False,,ambiguous,True,yes,8110,standard,bde_llm_count_roster,True,True,2,0,0,0,0,1,10.064,False,False,True,,True,clear_yes,yes,4501,False,standard,False,,12611
CNG_Data2k/files/Q00897.01-0000778527.MSG,Q00897.01-0000778527.MSG,.msg,758272,ok,True,False,text,False,0,3,6,False,0,False,0-10,Name | Address | Email | Phone | Money/Amount | Credentials | Work-Related,True,Contact Information | Financial Account Information | Access Credentials | Work-Related Information,False,,ambiguous,True,yes,4993,standard,,False,False,0,0,0,0,0,0,3.615,False,False,True,,True,likely_no,no,5028,False,likely_non_responsive,True,,10021
CNG_Data2k/files/Q00897.01-0000108199.PDF,Q00897.01-0000108199.PDF,.pdf,3301283,ok,True,True,text,True,15,0,19,False,1,False,10-20,Name | Address | Email | Card Expiry/CVV | Money/Amount | Health | Work-Related,True,Contact Information | Financial Account Information | Health-Related Information | Work-Related Information,False,,ambiguous,True,yes,17241,standard,bde_llm_count,True,True,15,0,0,0,0,1,15.573,False,False,True,,True,borderline,no,9120,False,likely_non_responsive,True,,26361
CNG_Data2k/files/Q00897.01-0000833606.0002.DOCX,Q00897.01-0000833606.0002.DOCX,.docx,34180,ok,True,False,text,False,0,0,1,False,0,False,0-10,Name | Address | Money/Amount,True,Contact Information | Financial Account Information,False,,ambiguous,True,no,7043,likely_non_responsive,,False,False,0,0,0,0,0,0,1.163,True,False,False,stage1_nr,False,,,0,False,,False,,7043
CNG_Data2k/files/Q00897.01-0000356929.CSV,Q00897.01-0000356929.CSV,.csv,24099,ok,True,True,text,True,0,0,219,False,219,True,100+,Name | Phone | Money/Amount | Work-Related,True,Contact Information | Financial Account Information | Work-Related Information,True,,ambiguous,True,yes,11933,structured_bde,bde_llm_count_roster,False,False,0,0,0,0,0,0,68.134,False,True,True,,True,clear_yes,yes,6522,True,structured_bde,False,,18455
CNG_Data2k/files/Q00897.01-0000835379.0001.DOCX,Q00897.01-0000835379.0001.DOCX,.docx,19699,ok,True,False,text,False,0,0,1,False,0,False,0-10,Name | Bank/Account Number,True,Financial Account Information,False,,ambiguous,True,no,4298,likely_non_responsive,,False,False,0,0,0,0,0,0,1.554,True,False,False,stage1_nr,False,,,0,False,,False,,4298
CNG_Data2k/files/Q00897.01-0000890005.PDF,Q00897.01-0000890005.PDF,.pdf,8319,ok,True,False,text,False,1,0,1,False,0,False,0-10,Name | Phone | Money/Amount,True,Contact Information | Financial Account Information,False,,ambiguous,True,yes,3918,standard,,False,False,0,0,0,0,0,0,2.596,False,False,True,,True,likely_yes,yes,3995,False,standard,False,,7913
CNG_Data2k/files/Q00897.01-0000012783.PDF,Q00897.01-0000012783.PDF,.pdf,331940,ok,True,True,text,True,1,0,2,False,1,False,0-10,Name | Email | Work-Related,True,Contact Information | Work-Related Information,False,,ambiguous,True,yes,7141,standard,bde_llm_count,True,True,1,0,0,0,0,1,10.287,False,False,True,,True,likely_yes,yes,4077,False,standard,False,,11218
CNG_Data2k/files/Q00897.01-0000809798.0002.PDF,Q00897.01-0000809798.0002.PDF,.pdf,3663085,ok,True,True,text,True,4,0,5,False,1,False,0-10,Name | Address,True,Contact Information,False,,ambiguous,True,no,11867,likely_non_responsive,bde_llm_count,True,True,4,0,0,0,0,1,7.803,True,False,False,stage1_nr,False,,,0,False,,False,,11867
CNG_Data2k/files/Q00897.01-0000896186.PDF,Q00897.01-0000896186.PDF,.pdf,11806,ok,True,False,text,False,1,0,0,False,0,False,0-10,,False,,False,,clear_non_responsive,False,,0,likely_non_responsive,,False,False,0,0,0,0,0,0,0.031,True,False,False,stage1_nr,False,,,0,False,,False,,0
CNG_Data2k/files/Q00897.01-0000533232.0001.PDF,Q00897.01-0000533232.0001.PDF,.pdf,22657,ok,True,False,text,False,1,0,1,False,0,False,0-10,Money/Amount,False,Financial Account Information,False,,clear_non_responsive,False,,0,likely_non_responsive,,False,False,0,0,0,0,0,0,0.03,True,False,False,stage1_nr,False,,,0,False,,False,,0
CNG_Data2k/files/Q00897.01-0000277777.0002.PDF,Q00897.01-0000277777.0002.PDF,.pdf,96591,ok,True,True,text,True,2,0,2,False,2,False,0-10,Name | Address | Phone,True,Contact Information,False,,ambiguous,True,yes,9941,standard,bde_llm_count,True,True,2,0,0,0,0,1,22.002,False,False,True,,True,clear_yes,yes,5430,False,standard,False,,15371
CNG_Data2k/files/Q00897.01-0000104556.PDF,Q00897.01-0000104556.PDF,.pdf,839935,ok,True,True,text,True,2,0,22,False,0,False,20-50,Name | Phone | Money/Amount,True,Contact Information | Financial Account Information,False,,ambiguous,True,no,8535,likely_non_responsive,bde_llm_count,True,True,2,0,0,0,0,1,7.994,True,False,False,stage1_nr,False,,,0,False,,False,,8535
CNG_Data2k/files/Q00897.01-0000275143.PDF,Q00897.01-0000275143.PDF,.pdf,128885,ok,True,False,text,False,1,0,4,False,0,False,0-10,Name | Address | Email | Phone | Money/Amount,True,Contact Information | Financial Account Information,False,,ambiguous,True,yes,4319,standard,,False,False,0,0,0,0,0,0,3.519,False,False,True,,True,likely_no,no,4373,False,likely_non_responsive,True,,8692
CNG_Data2k/files/Q00897.01-0000016699.PDF,Q00897.01-0000016699.PDF,.pdf,944890,ok,True,False,text,False,1,0,3,False,0,False,0-10,Name | Address | Email | Phone | SSN | Money/Amount | Work-Related,True,Contact Information | Government-Issued Identification | Financial Account Information | Work-Related Information,False,,clear_responsive,False,,0,standard,,False,False,0,0,0,0,0,0,1.297,False,False,True,,True,clear_yes,yes,8138,False,standard,False,,8138
CNG_Data2k/files/Q00897.01-0000658827.MSG,Q00897.01-0000658827.MSG,.msg,402432,ok,True,False,text,False,0,2,8,False,8,False,0-10,Name | Address | Email | Phone,True,Contact Information,False,,ambiguous,True,yes,8422,standard,bde_llm_count,False,False,0,0,0,0,0,0,6.234,False,False,True,,True,likely_no,no,4616,False,likely_non_responsive,True,,13038
CNG_Data2k/files/Q00897.01-0000546776.MSG,Q00897.01-0000546776.MSG,.msg,145920,ok,True,False,text,False,0,2,7,False,6,False,0-10,Name | Address | Email | Phone,True,Contact Information,False,,ambiguous,True,yes,11832,standard,bde_llm_count,False,False,0,0,0,0,0,0,6.423,False,False,True,,True,likely_no,no,6378,False,likely_non_responsive,True,,18210
CNG_Data2k/files/Q00897.01-0000903834.PDF,Q00897.01-0000903834.PDF,.pdf,61088,ok,True,False,text,False,13,0,1,False,0,False,0-10,Address | SSN | Money/Amount | Work-Related,True,Contact Information | Government-Issued Identification | Financial Account Information | Work-Related Information,False,,clear_responsive,False,,0,standard,,False,False,0,0,0,0,0,0,2.38,False,False,True,,True,clear_yes,yes,14218,False,standard,False,,14218
CNG_Data2k/files/Q00897.01-0000868577.TXT,Q00897.01-0000868577.TXT,.txt,993,ok,True,False,text,False,0,0,5,False,0,False,0-10,Address | Phone | Money/Amount,True,Contact Information | Financial Account Information,False,,ambiguous,True,no,4224,likely_non_responsive,,False,False,0,0,0,0,0,0,1.101,True,False,False,stage1_nr,False,,,0,False,,False,,4224
CNG_Data2k/files/Q00897.01-0000356927.CSV,Q00897.01-0000356927.CSV,.csv,23019,ok,True,True,text,True,0,0,210,False,210,True,100+,Phone | Money/Amount | Work-Related,True,Contact Information | Financial Account Information | Work-Related Information,True,,ambiguous,False,,5440,structured_bde,llm_failed:RateLimitError bde_llm_count_roster,False,False,0,0,0,0,0,0,66.626,False,True,True,,True,clear_yes,yes,6557,True,structured_bde,False,,11997
CNG_Data2k/files/Q00897.01-0000553054.0001.XLSX,Q00897.01-0000553054.0001.XLSX,.xlsx,35141,ok,True,True,text,True,6,0,265,False,265,True,100+,Name | Money/Amount,False,Financial Account Information,True,,ambiguous,True,yes,10928,structured_bde,roster_by_rowcount bde_llm_count_roster,False,False,0,0,0,0,0,0,6.048,False,True,True,,True,likely_no,no,5969,True,likely_non_responsive,True,,16897
CNG_Data2k/files/Q00897.01-0000081547.PDF,Q00897.01-0000081547.PDF,.pdf,1741250,ok,True,True,text,True,1,0,11,False,0,False,10-20,Address | Phone | Money/Amount,True,Contact Information | Financial Account Information,False,,ambiguous,True,no,7615,likely_non_responsive,bde_llm_count,True,True,1,0,0,0,0,1,7.659,True,False,False,stage1_nr,False,,,0,False,,False,,7615
CNG_Data2k/files/Q00897.01-0000463425.0001.0007.XLSX,Q00897.01-0000463425.0001.0007.XLSX,.xlsx,152331,ok,True,True,text,True,15,0,79,False,0,False,50-100,Phone | Bank/Account Number | Money/Amount,True,Contact Information | Financial Account Information,False,,ambiguous,True,no,9194,likely_non_responsive,bde_llm_count,False,False,0,0,0,0,0,0,2.085,True,False,False,stage1_nr,False,,,0,False,,False,,9194
CNG_Data2k/files/Q00897.01-0000450849.0002.PDF,Q00897.01-0000450849.0002.PDF,.pdf,22838,ok,True,False,text,False,1,0,1,False,0,False,0-10,Money/Amount,False,Financial Account Information,False,,clear_non_responsive,False,,0,likely_non_responsive,,False,False,0,0,0,0,0,0,0.042,True,False,False,stage1_nr,False,,,0,False,,False,,0
CNG_Data2k/files/Q00897.01-0000293175.PDF,Q00897.01-0000293175.PDF,.pdf,126470,ok,True,False,text,False,2,0,1,False,0,False,0-10,Money/Amount,False,Financial Account Information,False,,clear_non_responsive,False,,0,likely_non_responsive,,False,False,0,0,0,0,0,0,0.147,True,False,False,stage1_nr,False,,,0,False,,False,,0
CNG_Data2k/files/Q00897.01-0000419322.0001.XLSX,Q00897.01-0000419322.0001.XLSX,.xlsx,11560448,ok,True,True,text,True,74,0,4917,False,0,False,100+,Phone | Payment Card | Money/Amount,True,Contact Information | Financial Account Information,False,,ambiguous,True,no,18371,likely_non_responsive,bde_llm_count,False,False,0,0,0,0,0,0,9.977,True,False,False,stage1_nr,False,,,0,False,,False,,18371
CNG_Data2k/files/Q00897.01-0000331882.0001.PDF,Q00897.01-0000331882.0001.PDF,.pdf,282628,ok,True,False,text,False,4,0,1,False,0,False,0-10,Name | Address | Bank/Account Number | Money/Amount,True,Contact Information | Financial Account Information,False,,ambiguous,True,yes,4401,standard,"img_ocr:p2(1/1,+375chars)",False,False,0,1,1,1,0,1,7.222,False,False,True,,True,likely_yes,yes,4459,False,standard,False,,8860
CNG_Data2k/files/Q00897.01-0000438618.MSG,Q00897.01-0000438618.MSG,.msg,109568,ok,True,False,text,False,0,0,3,False,0,False,0-10,Name | Address | Email,True,Contact Information,False,,ambiguous,True,yes,3939,standard,,False,False,0,0,0,0,0,0,3.363,False,False,True,,True,likely_no,no,3969,False,likely_non_responsive,True,,7908
CNG_Data2k/files/Q00897.01-0000117280.PDF,Q00897.01-0000117280.PDF,.pdf,983143,ok,True,True,text,True,15,0,659,False,0,False,100+,Money/Amount,False,Financial Account Information,False,,ambiguous,True,no,23560,likely_non_responsive,bde_llm_count,True,True,15,0,0,0,0,1,19.746,True,False,False,stage1_nr,False,,,0,False,,False,,23560
CNG_Data2k/files/Q00897.01-0000279181.0001.PDF,Q00897.01-0000279181.0001.PDF,.pdf,471546,ok,True,False,text,False,1,0,4,False,0,False,0-10,Name | Address | Email | Phone | Card Expiry/CVV | Card/Transaction | Money/Amount,True,Contact Information | Financial Account Information,False,,ambiguous,True,yes,4245,standard,,True,True,1,0,0,0,0,1,7.216,False,False,True,,True,borderline,no,4283,False,likely_non_responsive,True,,8528
CNG_Data2k/files/Q00897.01-0000897182.PDF,Q00897.01-0000897182.PDF,.pdf,17976,ok,True,True,text,True,2,0,31,False,2,False,20-50,Name | Address | Phone | Money/Amount | Work-Related,True,Contact Information | Financial Account Information | Work-Related Information,False,,ambiguous,True,yes,8388,standard,bde_llm_count,True,True,2,0,0,0,0,1,8.862,False,False,True,,True,clear_yes,yes,4631,False,standard,False,,13019
CNG_Data2k/files/Q00897.01-0000452327.0001.XLSX,Q00897.01-0000452327.0001.XLSX,.xlsx,483156,ok,True,True,text,True,1,0,73,False,73,True,50-100,Name,False,,True,,ambiguous,True,yes,7346,structured_bde,roster_by_rowcount bde_llm_count_roster,False,False,0,0,0,0,0,0,6.653,False,True,True,,True,borderline,no,4215,True,likely_non_responsive,True,,11561
CNG_Data2k/files/Q00897.01-0000866073.PDF,Q00897.01-0000866073.PDF,.pdf,1471496,ok,True,False,text,False,24,0,19,False,19,False,10-20,Name | Address | Email | Phone | SSN | Money/Amount | Credentials,True,Contact Information | Government-Issued Identification | Financial Account Information | Access Credentials,False,,clear_responsive,False,,13934,standard,"img_ocr:p7(1/1,+77chars) bde_llm_count_roster",False,False,0,1,1,1,0,1,9.307,False,False,True,,True,clear_yes,yes,15017,False,standard,False,,28951
CNG_Data2k/files/Q00897.01-0000596411.0001.PNG,Q00897.01-0000596411.0001.PNG,.png,392314,ok,True,True,text,True,1,0,27,False,0,False,20-50,Money/Amount,False,Financial Account Information,False,,ambiguous,True,no,9878,likely_non_responsive,bde_llm_count,True,True,1,0,0,0,0,1,6.559,True,False,False,stage1_nr,False,,,0,False,,False,,9878
CNG_Data2k/files/Q00897.01-0000369225.MSG,Q00897.01-0000369225.MSG,.msg,221696,ok,True,False,text,False,0,0,1,False,0,False,0-10,Address | Email | Phone | Money/Amount,True,Contact Information | Financial Account Information,False,,ambiguous,True,no,4169,likely_non_responsive,,False,False,0,0,0,0,0,0,2.007,True,False,False,stage1_nr,False,,,0,False,,False,,4169
CNG_Data2k/files/Q00897.01-0000118372.XLSX,Q00897.01-0000118372.XLSX,.xlsx,77834,ok,True,True,text,True,1,0,209,False,41,True,100+,Name | Address | Email | Payment Card,True,Contact Information | Financial Account Information,True,,ambiguous,True,yes,12041,structured_bde,bde_llm_count_roster,False,False,0,0,0,0,0,0,8.637,False,True,True,,True,clear_yes,yes,6611,True,structured_bde,False,,18652
CNG_Data2k/files/Q00897.01-0000654418.0001.XLSX,Q00897.01-0000654418.0001.XLSX,.xlsx,16190,ok,True,True,text,True,1,0,6,False,0,False,0-10,Phone | Money/Amount,True,Contact Information | Financial Account Information,False,,ambiguous,True,no,7894,likely_non_responsive,bde_llm_count,False,False,0,0,0,0,0,0,1.954,True,False,False,stage1_nr,False,,,0,False,,False,,7894
CNG_Data2k/files/Q00897.01-0000867750.XLSX,Q00897.01-0000867750.XLSX,.xlsx,592688,ok,True,True,text,True,11,0,75,False,6,True,50-100,Name | Money/Amount,False,Financial Account Information,True,,ambiguous,True,yes,7730,structured_bde,bde_llm_count_roster,False,False,0,0,0,0,0,0,4.265,False,True,True,,True,clear_yes,yes,4324,True,structured_bde,False,,12054
CNG_Data2k/files/Q00897.01-0000652068.MSG,Q00897.01-0000652068.MSG,.msg,203264,ok,True,False,text,False,0,2,11,False,11,False,10-20,Name | Address | Email | Phone | Money/Amount,True,Contact Information | Financial Account Information,False,,ambiguous,True,yes,7931,standard,bde_llm_count,False,False,0,0,0,0,0,0,5.117,False,False,True,,True,likely_no,no,4449,False,likely_non_responsive,True,,12380
CNG_Data2k/files/Q00897.01-0000608183.0001.PDF,Q00897.01-0000608183.0001.PDF,.pdf,20962,ok,True,False,text,False,1,0,0,False,0,False,0-10,,False,,False,,clear_non_responsive,False,,0,likely_non_responsive,,False,False,0,0,0,0,0,0,0.029,True,False,False,stage1_nr,False,,,0,False,,False,,0
CNG_Data2k/files/Q00897.01-0000134601.PDF,Q00897.01-0000134601.PDF,.pdf,1541648,ok,True,True,text,True,10,0,53,False,0,False,50-100,Phone | Money/Amount,True,Contact Information | Financial Account Information,False,,ambiguous,True,no,12109,likely_non_responsive,bde_llm_count,True,True,10,0,0,0,0,1,12.717,True,False,False,stage1_nr,False,,,0,False,,False,,12109
CNG_Data2k/files/Q00897.01-0000504068.MSG,Q00897.01-0000504068.MSG,.msg,89088,ok,True,False,text,False,0,0,1,False,0,False,0-10,Email,True,Contact Information,False,,ambiguous,True,no,4604,likely_non_responsive,,False,False,0,0,0,0,0,0,1.633,True,False,False,stage1_nr,False,,,0,False,,False,,4604
CNG_Data2k/files/Q00897.01-0000275758.PDF,Q00897.01-0000275758.PDF,.pdf,273146,ok,True,False,text,False,2,0,2,False,0,False,0-10,Name | Address | Phone | Money/Amount,True,Contact Information | Financial Account Information,False,,ambiguous,True,no,3985,likely_non_responsive,,True,True,2,0,0,0,0,1,6.706,True,False,False,stage1_nr,False,,,0,False,,False,,3985
CNG_Data2k/files/Q00897.01-0000563444.MSG,Q00897.01-0000563444.MSG,.msg,135168,ok,True,False,text,False,0,0,1,False,0,False,0-10,Name | Address | Money/Amount | Credentials,True,Contact Information | Financial Account Information | Access Credentials,False,,ambiguous,True,yes,3918,standard,,False,False,0,0,0,0,0,0,3.294,False,False,True,,True,borderline,no,3995,False,likely_non_responsive,True,,7913
CNG_Data2k/files/Q00897.01-0000669201.MSG,Q00897.01-0000669201.MSG,.msg,185344,ok,True,False,text,False,0,2,3,False,0,False,0-10,Name | Phone,True,Contact Information,False,,ambiguous,True,no,3731,likely_non_responsive,,False,False,0,0,0,0,0,0,1.221,True,False,False,stage1_nr,False,,,0,False,,False,,3731
CNG_Data2k/files/Q00897.01-0000131317.PDF,Q00897.01-0000131317.PDF,.pdf,434332,ok,True,True,text,True,3,0,31,False,0,False,20-50,Phone | Money/Amount,True,Contact Information | Financial Account Information,False,,ambiguous,True,no,8537,likely_non_responsive,bde_llm_count,True,True,3,0,0,0,0,1,8.844,True,False,False,stage1_nr,False,,,0,False,,False,,8537
CNG_Data2k/files/Q00897.01-0000141441.XLSX,Q00897.01-0000141441.XLSX,.xlsx,65267,ok,True,True,text,True,3,0,669,False,0,False,100+,Name | Phone | Money/Amount,True,Contact Information | Financial Account Information,False,,ambiguous,True,no,14018,likely_non_responsive,roster_by_rowcount bde_llm_count,False,False,0,0,0,0,0,0,5.161,True,False,False,stage1_nr,False,,,0,False,,False,,14018
CNG_Data2k/files/Q00897.01-0000390053.MSG,Q00897.01-0000390053.MSG,.msg,80384,ok,True,False,text,False,0,0,2,False,0,False,0-10,Name | Email,True,Contact Information,False,,ambiguous,True,yes,3894,standard,,False,False,0,0,0,0,0,0,2.603,False,False,True,,True,borderline,no,3969,False,likely_non_responsive,True,,7863
CNG_Data2k/files/Q00897.01-0000668469.0001.XLSX,Q00897.01-0000668469.0001.XLSX,.xlsx,67017,ok,True,True,text,True,3,0,2574,False,0,False,100+,Money/Amount,False,Financial Account Information,False,,ambiguous,True,no,8275,likely_non_responsive,roster_by_rowcount bde_llm_count,False,False,0,0,0,0,0,0,2.231,True,False,False,stage1_nr,False,,,0,False,,False,,8275
CNG_Data2k/files/Q00897.01-0000830099.0001.XLSX,Q00897.01-0000830099.0001.XLSX,.xlsx,32441,ok,True,True,text,True,2,0,111,False,0,True,100+,Name | Money/Amount,False,Financial Account Information,True,,ambiguous,True,no,8485,structured_bde,roster_by_rowcount bde_llm_count_roster,False,False,0,0,0,0,0,0,4.379,False,True,True,,True,clear_no,no,4664,True,likely_non_responsive,True,,13149
CNG_Data2k/files/Q00897.01-0000729929.MSG,Q00897.01-0000729929.MSG,.msg,199168,ok,True,False,text,False,0,0,1,False,0,False,0-10,Address | Phone,True,Contact Information,False,,ambiguous,True,no,4365,likely_non_responsive,,False,False,0,0,0,0,0,0,2.109,True,False,False,stage1_nr,False,,,0,False,,False,,4365
CNG_Data2k/files/Q00897.01-0000128516.PDF,Q00897.01-0000128516.PDF,.pdf,530103,ok,True,True,text,True,4,0,45,False,0,False,20-50,Phone | Payment Card | Money/Amount,True,Contact Information | Financial Account Information,False,,ambiguous,True,no,8950,likely_non_responsive,bde_llm_count,True,True,4,0,0,0,0,1,9.882,True,False,False,stage1_nr,False,,,0,False,,False,,8950
CNG_Data2k/files/Q00897.01-0000772549.0001.PDF,Q00897.01-0000772549.0001.PDF,.pdf,511379,ok,True,False,text,False,1,0,1,False,0,False,0-10,Name | Address,True,Contact Information,False,,ambiguous,True,yes,4953,standard,,True,True,1,0,0,0,0,1,7.629,False,False,True,,True,clear_yes,yes,5020,False,standard,False,,9973
CNG_Data2k/files/Q00897.01-0000247093.PDF,Q00897.01-0000247093.PDF,.pdf,285604,ok,True,False,text,False,2,0,4,False,0,False,0-10,Phone | Money/Amount,True,Contact Information | Financial Account Information,False,,ambiguous,True,no,4493,likely_non_responsive,"img_ocr:p2(1/1,+4chars)",False,False,0,1,1,1,0,1,5.393,True,False,False,stage1_nr,False,,,0,False,,False,,4493
CNG_Data2k/files/Q00897.01-0000907657.PDF,Q00897.01-0000907657.PDF,.pdf,22573,ok,True,False,text,False,5,0,1,False,0,False,0-10,Name | Address | Phone,True,Contact Information,False,,ambiguous,True,yes,6284,standard,,False,False,0,0,0,0,0,0,4.481,False,False,True,,True,likely_yes,yes,6327,False,standard,False,,12611
CNG_Data2k/files/Q00897.01-0000259947.PDF,Q00897.01-0000259947.PDF,.pdf,1253661,ok,True,True,text,True,15,0,906,False,3,False,100+,Name | Phone | Card/Transaction | Money/Amount,True,Contact Information | Financial Account Information,False,,ambiguous,True,yes,34568,standard,bde_llm_count,True,True,15,0,0,0,0,1,37.085,False,False,True,,True,clear_yes,yes,17806,True,structured_bde,False,,52374
CNG_Data2k/files/Q00897.01-0000258382.PDF,Q00897.01-0000258382.PDF,.pdf,444145,ok,True,False,text,False,8,0,2,False,0,False,0-10,Name | Address | Bank/Account Number | Money/Amount,True,Contact Information | Financial Account Information,False,,ambiguous,True,yes,4903,standard,"img_ocr:p2(1/1,+324chars)",False,False,0,1,1,1,0,1,11.569,False,False,True,,True,likely_no,no,4968,False,likely_non_responsive,True,,9871
CNG_Data2k/files/Q00897.01-0000292850.PDF,Q00897.01-0000292850.PDF,.pdf,117800,ok,True,False,text,False,1,0,1,False,0,False,0-10,Money/Amount,False,Financial Account Information,False,,clear_non_responsive,False,,0,likely_non_responsive,,False,False,0,0,0,0,0,0,0.086,True,False,False,stage1_nr,False,,,0,False,,False,,0
CNG_Data2k/files/Q00897.01-0000014282.XLSX,Q00897.01-0000014282.XLSX,.xlsx,209765,ok,True,True,text,True,3,0,432,False,432,True,100+,Name | Money/Amount,False,Financial Account Information,True,,ambiguous,True,yes,11903,structured_bde,bde_llm_count_roster,False,False,0,0,0,0,0,0,5.342,False,True,True,,True,clear_yes,yes,6411,True,structured_bde,False,,18314
CNG_Data2k/files/Q00897.01-0000113897.PDF,Q00897.01-0000113897.PDF,.pdf,24217,ok,True,False,text,False,11,0,1,False,0,False,0-10,Card/Transaction | Money/Amount | Health | Work-Related,False,Financial Account Information | Health-Related Information | Work-Related Information,False,,ambiguous,True,no,9438,likely_non_responsive,,False,False,0,0,0,0,0,0,1.339,True,False,False,stage1_nr,False,,,0,False,,False,,9438
CNG_Data2k/files/Q00897.01-0000292567.PDF,Q00897.01-0000292567.PDF,.pdf,1312,ok,True,False,text,False,1,0,1,False,0,False,0-10,Name | Money/Amount,True,Financial Account Information,False,,ambiguous,True,yes,3773,standard,,False,False,0,0,0,0,0,0,2.308,False,False,True,,True,likely_yes,yes,3836,False,standard,False,,7609
CNG_Data2k/files/Q00897.01-0000663353.0001.0001.PDF,Q00897.01-0000663353.0001.0001.PDF,.pdf,175768,ok,True,False,text,False,6,0,2,False,0,False,0-10,Name | Address | Phone | Money/Amount,True,Contact Information | Financial Account Information,False,,ambiguous,True,no,7058,likely_non_responsive,"img_ocr:p1,p1,p1,p1,p2,p3(6/9,+325chars)",False,False,0,9,9,6,0,9,40.135,True,False,False,stage1_nr,False,,,0,False,,False,,7058
CNG_Data2k/files/Q00897.01-0000774390.MSG,Q00897.01-0000774390.MSG,.msg,32768,ok,True,False,text,False,0,0,4,False,0,False,0-10,Name | Email | Phone,True,Contact Information,False,,ambiguous,True,yes,4998,standard,,False,False,0,0,0,0,0,0,3.45,False,False,True,,True,likely_yes,yes,5079,False,standard,False,,10077
CNG_Data2k/files/Q00897.01-0000125065.PDF,Q00897.01-0000125065.PDF,.pdf,1691522,ok,True,True,text,True,15,0,455,False,51,True,100+,Name | Phone,True,Contact Information,True,,ambiguous,True,yes,32246,structured_bde,bde_llm_count_roster,True,True,15,0,0,0,0,1,31.052,False,True,True,,True,likely_yes,yes,16783,True,structured_bde,False,,49029
CNG_Data2k/files/Q00897.01-0000112821.PDF,Q00897.01-0000112821.PDF,.pdf,9779,ok,True,False,text,False,1,0,1,False,0,False,0-10,Address | Money/Amount | Health,True,Contact Information | Financial Account Information | Health-Related Information,False,,ambiguous,True,no,4421,likely_non_responsive,,False,False,0,0,0,0,0,0,2.373,True,False,False,stage1_nr,False,,,0,False,,False,,4421
CNG_Data2k/files/Q00897.01-0000908255.PDF,Q00897.01-0000908255.PDF,.pdf,845662,ok,True,False,text,False,124,0,51,False,51,True,50-100,Name | Address | Phone | Money/Amount,True,Contact Information | Financial Account Information,True,,ambiguous,True,yes,35160,bde,bde_llm_count_roster,False,False,0,0,0,0,0,0,79.897,False,True,True,,True,clear_yes,yes,18149,True,bde,False,,53309
CNG_Data2k/files/Q00897.01-0000786819.MSG,Q00897.01-0000786819.MSG,.msg,33792,ok,True,False,text,False,0,2,3,False,0,False,0-10,Name | Address | Email | Phone | Money/Amount,True,Contact Information | Financial Account Information,False,,ambiguous,True,yes,3958,standard,,False,False,0,0,0,0,0,0,2.706,False,False,True,,True,likely_no,no,4043,False,likely_non_responsive,True,,8001
CNG_Data2k/files/Q00897.01-0000616481.0001.XLSX,Q00897.01-0000616481.0001.XLSX,.xlsx,58622,ok,True,True,text,True,1,0,1000,False,0,False,100+,Address,True,Contact Information,False,,ambiguous,True,no,7318,likely_non_responsive,roster_by_rowcount bde_llm_count,False,False,0,0,0,0,0,0,1.813,True,False,False,stage1_nr,False,,,0,False,,False,,7318
CNG_Data2k/files/Q00897.01-0000484105.MSG,Q00897.01-0000484105.MSG,.msg,32768,ok,True,False,text,False,0,0,10,False,4,False,0-10,Name | Address | Email | Phone | Money/Amount | Work-Related,True,Contact Information | Financial Account Information | Work-Related Information,False,,ambiguous,True,yes,9457,standard,bde_llm_count,False,False,0,0,0,0,0,0,3.868,False,False,True,,True,clear_yes,yes,5185,False,standard,False,,14642
CNG_Data2k/files/Q00897.01-0000011661.PDF,Q00897.01-0000011661.PDF,.pdf,46924,ok,True,False,text,False,1,0,1,False,0,False,0-10,Name | Phone,True,Contact Information,False,,ambiguous,True,yes,4284,standard,,True,True,1,0,0,0,0,1,7.005,False,False,True,,True,likely_yes,yes,4368,False,standard,False,,8652
CNG_Data2k/files/Q00897.01-0000775869.0001.DOCX,Q00897.01-0000775869.0001.DOCX,.docx,56798,ok,True,False,text,False,0,0,1,False,0,False,0-10,Address | Money/Amount,True,Contact Information | Financial Account Information,False,,ambiguous,True,no,6845,likely_non_responsive,,False,False,0,0,0,0,0,0,1.19,True,False,False,stage1_nr,False,,,0,False,,False,,6845
CNG_Data2k/files/Q00897.01-0000394698.MSG,Q00897.01-0000394698.MSG,.msg,65536,ok,True,False,text,False,0,0,4,False,0,False,0-10,Name | Address | Email | Phone,True,Contact Information,False,,ambiguous,True,yes,4085,standard,,False,False,0,0,0,0,0,0,9.243,False,False,True,,True,likely_no,no,4126,False,likely_non_responsive,True,,8211
CNG_Data2k/files/Q00897.01-0000108655.PDF,Q00897.01-0000108655.PDF,.pdf,378394,ok,True,True,text,True,15,0,369,False,0,False,100+,Name | Phone | Card Expiry/CVV | Money/Amount | Health,True,Contact Information | Financial Account Information | Health-Related Information,False,,ambiguous,True,yes,14567,standard,bde_llm_count,True,True,15,0,0,0,0,1,14.594,False,False,True,,True,clear_no,no,7754,True,likely_non_responsive,True,,22321
CNG_Data2k/files/Q00897.01-0000501807.MSG,Q00897.01-0000501807.MSG,.msg,53760,ok,True,False,text,False,0,0,2,False,0,False,0-10,Name | Email | Phone | Money/Amount,True,Contact Information | Financial Account Information,False,,ambiguous,True,no,6526,likely_non_responsive,,False,False,0,0,0,0,0,0,2.514,True,False,False,stage1_nr,False,,,0,False,,False,,6526
CNG_Data2k/files/Q00897.01-0000344512.PDF,Q00897.01-0000344512.PDF,.pdf,14091,ok,True,False,text,False,2,0,1,False,0,False,0-10,Money/Amount,False,Financial Account Information,False,,clear_non_responsive,False,,0,likely_non_responsive,,False,False,0,0,0,0,0,0,0.152,True,False,False,stage1_nr,False,,,0,False,,False,,0
CNG_Data2k/files/Q00897.01-0000309548.XLSX,Q00897.01-0000309548.XLSX,.xlsx,34152,ok,True,True,text,True,3,0,165,False,0,False,100+,Money/Amount,False,Financial Account Information,False,,ambiguous,True,no,8029,likely_non_responsive,roster_by_rowcount bde_llm_count,False,False,0,0,0,0,0,0,2.312,True,False,False,stage1_nr,False,,,0,False,,False,,8029
CNG_Data2k/files/Q00897.01-0000707028.0001.0003.PDF,Q00897.01-0000707028.0001.0003.PDF,.pdf,987645,ok,True,False,text,False,43,0,5,False,0,False,0-10,Name | Address | Email | Phone | Money/Amount,True,Contact Information | Financial Account Information,False,,ambiguous,True,no,12063,likely_non_responsive,,False,False,0,0,0,0,0,0,7.471,True,False,False,stage1_nr,False,,,0,False,,False,,12063
CNG_Data2k\files\Q00897.01-0000013868.XLS,Q00897.01-0000013868.XLS,.xls,70190,ok,True,True,text,True,2,0,5,False,5,False,0-10,Name | Money/Amount,False,Financial Account Information,False,,ambiguous,True,yes,3789,standard,bde_llm_count_roster,False,False,0,0,0,0,0,0,3.625,False,False,True,,True,clear_yes,yes,2516,False,standard,False,,6305
CNG_Data2k/files/Q00897.01-0000394574.MSG,Q00897.01-0000394574.MSG,.msg,82944,ok,True,False,text,False,0,0,2,False,0,False,0-10,Name | Email | Money/Amount,True,Contact Information | Financial Account Information,False,,ambiguous,True,yes,4803,standard,,False,False,0,0,0,0,0,0,3.397,False,False,True,,True,likely_no,no,4857,False,likely_non_responsive,True,,9660
CNG_Data2k/files/Q00897.01-0000116323.PDF,Q00897.01-0000116323.PDF,.pdf,337934,ok,True,True,text,True,2,0,97,False,0,False,50-100,Money/Amount,False,Financial Account Information,False,,ambiguous,True,no,14879,likely_non_responsive,bde_llm_count,True,True,2,0,0,0,0,1,14.914,True,False,False,stage1_nr,False,,,0,False,,False,,14879
CNG_Data2k\files\Q00897.01-0000835442.0001.DOC,Q00897.01-0000835442.0001.DOC,.doc,64437,ok,True,False,text,False,0,0,2,False,0,False,0-10,Email | Money/Amount,True,Contact Information | Financial Account Information,False,,ambiguous,True,no,6803,likely_non_responsive,,False,False,0,0,0,0,0,0,1.259,True,False,False,stage1_nr,False,,,0,False,,False,,6803
CNG_Data2k/files/Q00897.01-0000908814.PDF,Q00897.01-0000908814.PDF,.pdf,2565207,ok,True,False,text,False,549,0,468,False,468,True,100+,Name | Address | Phone | SSN | Money/Amount | Work-Related,True,Contact Information | Government-Issued Identification | Financial Account Information | Work-Related Information,True,,clear_responsive,False,,12635,bde,"img_ocr:p1,p1,p1,p1,p1,p6,p6,p7,p10,p27,p31,p33(12/13,+342chars) bde_llm_count_roster",False,False,0,13,13,12,0,13,78.264,False,True,True,,True,clear_yes,yes,13703,True,bde,False,,26338
CNG_Data2k/files/Q00897.01-0000673239.MSG,Q00897.01-0000673239.MSG,.msg,120320,ok,True,False,text,False,0,0,1,False,0,False,0-10,Address | Money/Amount,True,Contact Information | Financial Account Information,False,,ambiguous,True,no,3990,likely_non_responsive,,False,False,0,0,0,0,0,0,1.423,True,False,False,stage1_nr,False,,,0,False,,False,,3990
CNG_Data2k/files/Q00897.01-0000855404.XLSX,Q00897.01-0000855404.XLSX,.xlsx,61725,ok,True,True,text,True,3,0,70,False,8,True,50-100,Name | Address | Money/Amount,True,Contact Information | Financial Account Information,True,,ambiguous,True,yes,10787,structured_bde,bde_llm_count_roster,False,False,0,0,0,0,0,0,5.81,False,True,True,,True,clear_yes,yes,5893,True,structured_bde,False,,16680
CNG_Data2k/files/Q00897.01-0000534415.MSG,Q00897.01-0000534415.MSG,.msg,162816,ok,True,False,text,False,0,0,1,False,0,False,0-10,Name | Address | Money/Amount,True,Contact Information | Financial Account Information,False,,ambiguous,True,no,5137,likely_non_responsive,,False,False,0,0,0,0,0,0,1.901,True,False,False,stage1_nr,False,,,0,False,,False,,5137
CNG_Data2k/files/Q00897.01-0000901301.PDF,Q00897.01-0000901301.PDF,.pdf,15403,ok,True,True,text,True,2,0,39,False,2,False,20-50,Name | Address | Phone | Money/Amount | Work-Related,True,Contact Information | Financial Account Information | Work-Related Information,False,,ambiguous,True,yes,8099,standard,bde_llm_count_roster,True,True,2,0,0,0,0,1,9.988,False,False,True,,True,likely_yes,yes,4513,False,standard,False,,12612
CNG_Data2k/files/Q00897.01-0000904396.PDF,Q00897.01-0000904396.PDF,.pdf,11477,ok,True,False,text,False,1,0,0,False,0,False,0-10,,False,,False,,clear_non_responsive,False,,0,likely_non_responsive,,False,False,0,0,0,0,0,0,0.031,True,False,False,stage1_nr,False,,,0,False,,False,,0
CNG_Data2k/files/Q00897.01-0000911795.PDF,Q00897.01-0000911795.PDF,.pdf,110316,ok,True,False,text,False,3,0,0,False,0,False,0-10,,False,,False,,clear_non_responsive,False,,0,likely_non_responsive,,False,False,0,0,0,0,0,0,0.2,True,False,False,stage1_nr,False,,,0,False,,False,,0
CNG_Data2k/files/Q00897.01-0000000044.PDF,Q00897.01-0000000044.PDF,.pdf,1690820,ok,True,True,text,True,8,0,15,False,2,False,10-20,Name | Address | Phone | SSN | Account Balance | Money/Amount | Work-Related,True,Contact Information | Government-Issued Identification | Financial Account Information | Work-Related Information,False,,clear_responsive,False,,8709,standard,bde_llm_count,True,True,8,0,0,0,0,1,12.898,False,False,True,,True,clear_yes,yes,9590,False,standard,False,,18299
CNG_Data2k/files/Q00897.01-0000247021.PDF,Q00897.01-0000247021.PDF,.pdf,142136,ok,True,True,text,True,1,0,17,False,0,False,10-20,Name | Bank/Account Number | Money/Amount,True,Financial Account Information,False,,ambiguous,True,no,6968,likely_non_responsive,bde_llm_count,True,True,1,0,0,0,0,1,7.008,True,False,False,stage1_nr,False,,,0,False,,False,,6968
CNG_Data2k/files/Q00897.01-0000888132.PDF,Q00897.01-0000888132.PDF,.pdf,71665,ok,True,False,text,False,14,0,1,False,0,False,0-10,Address | SSN | Money/Amount | Work-Related,True,Contact Information | Government-Issued Identification | Financial Account Information | Work-Related Information,False,,clear_responsive,False,,0,standard,,False,False,0,0,0,0,0,0,2.116,False,False,True,,True,clear_yes,yes,14291,False,standard,False,,14291
CNG_Data2k/files/Q00897.01-0000727726.MSG,Q00897.01-0000727726.MSG,.msg,462848,ok,True,False,text,False,0,0,1,False,0,False,0-10,Money/Amount | Demographic | Work-Related,False,Financial Account Information | Demographic Information | Work-Related Information,False,,ambiguous,True,no,8533,likely_non_responsive,,False,False,0,0,0,0,0,0,4.473,True,False,False,stage1_nr,False,,,0,False,,False,,8533
CNG_Data2k/files/Q00897.01-0000244528.PDF,Q00897.01-0000244528.PDF,.pdf,1016484,ok,True,False,text,False,2,0,9,False,6,False,0-10,Name | Address | Email | Phone | Money/Amount,True,Contact Information | Financial Account Information,False,,ambiguous,True,yes,7783,standard,"img_ocr:p2(1/1,+31chars) bde_llm_count",False,False,0,1,1,1,0,1,8.262,False,False,True,,True,clear_no,no,4357,False,likely_non_responsive,True,,12140
CNG_Data2k/files/Q00897.01-0000415326.MSG,Q00897.01-0000415326.MSG,.msg,152064,ok,True,False,text,False,0,1,2,False,0,False,0-10,Name | Email | Card/Transaction,True,Contact Information | Financial Account Information,False,,ambiguous,True,yes,3997,standard,,False,False,0,0,0,0,0,0,2.675,False,False,True,,True,likely_yes,yes,4066,False,standard,False,,8063
CNG_Data2k/files/Q00897.01-0000393654.MSG,Q00897.01-0000393654.MSG,.msg,71680,ok,True,False,text,False,0,0,1,False,0,False,0-10,Address | Phone,True,Contact Information,False,,ambiguous,True,yes,5542,standard,,False,False,0,0,0,0,0,0,2.963,False,False,True,,True,clear_no,no,5595,False,likely_non_responsive,True,,11137
CNG_Data2k/files/Q00897.01-0000914163.PDF,Q00897.01-0000914163.PDF,.pdf,11161,ok,True,False,text,False,7,0,2,False,0,False,0-10,Name | Address | Phone | Money/Amount,True,Contact Information | Financial Account Information,False,,ambiguous,True,yes,7556,standard,,False,False,0,0,0,0,0,0,2.375,False,False,True,,True,likely_yes,yes,7607,False,standard,False,,15163
CNG_Data2k/files/Q00897.01-0000238420.PDF,Q00897.01-0000238420.PDF,.pdf,1220560,ok,True,True,text,True,1,0,1,False,1,False,0-10,Address | SSN,True,Contact Information | Government-Issued Identification,False,,clear_responsive,False,,4103,standard,bde_llm_count,True,True,1,0,0,0,0,1,8.512,False,False,True,,True,clear_yes,yes,5002,False,standard,False,,9105
CNG_Data2k/files/Q00897.01-0000906329.PDF,Q00897.01-0000906329.PDF,.pdf,1094254,ok,True,False,text,False,159,0,336,False,336,True,100+,Address | Phone | Money/Amount,True,Contact Information | Financial Account Information,True,,ambiguous,False,,17442,bde,llm_failed:JSONDecodeError bde_llm_count_roster,False,False,0,0,0,0,0,0,36.244,False,True,True,,False,,yes,0,True,bde,False,llm_failed:JSONDecodeError,17442
CNG_Data2k/files/Q00897.01-0000135977.PDF,Q00897.01-0000135977.PDF,.pdf,16452722,ok,True,True,text,True,15,0,275,False,4,False,100+,Name | Address | Phone | Money/Amount,True,Contact Information | Financial Account Information,False,,ambiguous,True,yes,22793,standard,bde_llm_count,True,True,15,0,0,0,0,1,14.809,False,False,True,,True,likely_yes,yes,11870,True,structured_bde,False,,34663
CNG_Data2k/files/Q00897.01-0000342857.PDF,Q00897.01-0000342857.PDF,.pdf,11592,ok,True,True,text,True,1,0,4,False,0,False,0-10,Card/Transaction | Money/Amount,False,Financial Account Information,False,,ambiguous,True,no,6802,likely_non_responsive,bde_llm_count,True,True,1,0,0,0,0,1,6.404,True,False,False,stage1_nr,False,,,0,False,,False,,6802
CNG_Data2k/files/Q00897.01-0000449427.MSG,Q00897.01-0000449427.MSG,.msg,159744,ok,True,False,text,False,0,0,2,False,0,False,0-10,Name | Address | Health,True,Contact Information | Health-Related Information,False,,ambiguous,True,yes,3922,standard,,False,False,0,0,0,0,0,0,3.153,False,False,True,,True,likely_no,no,3982,False,likely_non_responsive,True,,7904
CNG_Data2k/files/Q00897.01-0000644047.MSG,Q00897.01-0000644047.MSG,.msg,268800,ok,True,False,text,False,0,3,11,False,4,False,10-20,Name | Address | Email | Phone,True,Contact Information,False,,ambiguous,True,yes,20390,standard,bde_llm_count,False,False,0,0,0,0,0,0,5.683,False,False,True,,True,likely_yes,yes,10651,False,standard,False,,31041
CNG_Data2k/files/Q00897.01-0000418594.0003.PDF,Q00897.01-0000418594.0003.PDF,.pdf,1151295,ok,True,False,text,False,28,0,62,False,0,False,50-100,Name | Address | Email | Phone | Card/Transaction | Money/Amount | Health | Work-Related,True,Contact Information | Financial Account Information | Health-Related Information | Work-Related Information,False,,ambiguous,True,no,18049,likely_non_responsive,"img_ocr:p14(1/1,+26chars) bde_llm_count",False,False,0,1,1,1,0,1,7.916,True,False,False,stage1_nr,False,,,0,False,,False,,18049
CNG_Data2k/files/Q00897.01-0000028270.PDF,Q00897.01-0000028270.PDF,.pdf,160518,ok,True,True,text,True,1,0,17,False,2,False,10-20,Name | Address | Phone | Bank/Account Number | Money/Amount,True,Contact Information | Financial Account Information,False,,ambiguous,True,no,7732,likely_non_responsive,bde_llm_count,True,True,1,0,0,0,0,1,7.257,True,False,False,stage1_nr,False,,,0,False,,False,,7732
CNG_Data2k/files/Q00897.01-0000916707.XLSX,Q00897.01-0000916707.XLSX,.xlsx,50934,ok,True,True,text,True,5,0,212,False,212,True,100+,Name | Credentials | Work-Related,False,Access Credentials | Work-Related Information,True,,ambiguous,True,yes,9829,structured_bde,roster_by_rowcount bde_llm_count_roster,False,False,0,0,0,0,0,0,3.815,False,True,True,,True,likely_yes,yes,5388,True,structured_bde,False,,15217
CNG_Data2k\files\Q00897.01-0000852028.XLS,Q00897.01-0000852028.XLS,.xls,22250,ok,True,True,text,True,1,0,64,False,0,False,50-100,Money/Amount,False,Financial Account Information,False,,ambiguous,True,no,3772,likely_non_responsive,roster_by_rowcount bde_llm_count,False,False,0,0,0,0,0,0,4.321,True,False,False,stage1_nr,False,,,0,False,,False,,3772
CNG_Data2k/files/Q00897.01-0000577172.0001.XLSX,Q00897.01-0000577172.0001.XLSX,.xlsx,24682,ok,True,True,text,True,4,0,159,False,6,False,100+,Name | Money/Amount,False,Financial Account Information,False,,ambiguous,True,yes,11762,standard,roster_by_rowcount bde_llm_count,False,False,0,0,0,0,0,0,5.27,False,False,True,,True,likely_no,no,6342,True,likely_non_responsive,True,,18104
CNG_Data2k/files/Q00897.01-0000274419.PDF,Q00897.01-0000274419.PDF,.pdf,452385,ok,True,True,text,True,4,0,16,False,2,False,10-20,Name | Address | Phone | Money/Amount,True,Contact Information | Financial Account Information,False,,ambiguous,True,yes,8660,standard,bde_llm_count,True,True,4,0,0,0,0,1,9.422,False,False,True,,True,clear_yes,yes,4813,False,standard,False,,13473
CNG_Data2k/files/Q00897.01-0000659233.MSG,Q00897.01-0000659233.MSG,.msg,330240,ok,True,False,text,False,0,4,4,False,0,False,0-10,Name | Address | Email | Phone | Money/Amount,True,Contact Information | Financial Account Information,False,,ambiguous,True,yes,5155,standard,,False,False,0,0,0,0,0,0,3.82,False,False,True,,True,likely_no,no,5199,False,likely_non_responsive,True,,10354
CNG_Data2k/files/Q00897.01-0000406703.0001.PDF,Q00897.01-0000406703.0001.PDF,.pdf,46401,ok,True,False,text,False,16,0,37,False,10,False,20-50,Name | Address | Card/Transaction | Money/Amount,True,Contact Information | Financial Account Information,False,,ambiguous,True,no,30902,likely_non_responsive,bde_llm_count,False,False,0,0,0,0,0,0,9.901,True,False,False,stage1_nr,False,,,0,False,,False,,30902
CNG_Data2k/files/Q00897.01-0000449494.0001.PDF,Q00897.01-0000449494.0001.PDF,.pdf,42570,ok,True,False,text,False,14,0,34,False,34,False,20-50,Name | Address | Card/Transaction | Money/Amount,True,Contact Information | Financial Account Information,False,,ambiguous,True,yes,28369,standard,bde_llm_count_roster,False,False,0,0,0,0,0,0,8.82,False,False,True,,True,likely_no,no,14679,False,likely_non_responsive,True,,43048
CNG_Data2k/files/Q00897.01-0000861403.XLSX,Q00897.01-0000861403.XLSX,.xlsx,50217,ok,True,True,text,True,5,0,176,False,1,False,100+,Name | Money/Amount | Credentials,False,Financial Account Information | Access Credentials,False,,ambiguous,True,yes,10731,standard,roster_by_rowcount bde_llm_count,False,False,0,0,0,0,0,0,3.737,False,False,True,,True,likely_yes,yes,5843,True,structured_bde,False,,16574
CNG_Data2k/files/Q00897.01-0000021579.PDF,Q00897.01-0000021579.PDF,.pdf,23847,ok,True,False,text,False,1,0,4,False,0,False,0-10,Name | Phone,True,Contact Information,False,,ambiguous,True,yes,4072,standard,,False,False,0,0,0,0,0,0,2.583,False,False,True,,True,likely_yes,yes,4105,False,standard,False,,8177
CNG_Data2k/files/Q00897.01-0000818770.0021.PDF,Q00897.01-0000818770.0021.PDF,.pdf,624013,ok,True,True,text,True,1,0,1,False,1,False,0-10,Name | Address,True,Contact Information,False,,ambiguous,True,yes,9056,standard,bde_llm_count,True,True,1,0,0,0,0,1,10.665,False,False,True,,True,clear_yes,yes,4994,False,standard,False,,14050
CNG_Data2k/files/Q00897.01-0000838722.MSG,Q00897.01-0000838722.MSG,.msg,2763264,ok,True,False,text,False,0,6,12,False,9,False,10-20,Name | Address | Email | Phone,True,Contact Information,False,,ambiguous,True,yes,19585,standard,bde_llm_count,False,False,0,0,0,0,0,0,10.844,False,False,True,,True,likely_yes,yes,10325,False,standard,False,,29910
CNG_Data2k/files/Q00897.01-0000545346.0001.PDF,Q00897.01-0000545346.0001.PDF,.pdf,44532,ok,True,False,text,False,15,0,30,False,18,False,20-50,Name | Address | Card/Transaction | Money/Amount,True,Contact Information | Financial Account Information,False,,ambiguous,True,yes,29574,standard,bde_llm_count,False,False,0,0,0,0,0,0,68.185,False,False,True,,True,clear_no,no,15030,False,likely_non_responsive,True,,44604
CNG_Data2k/files/Q00897.01-0000279612.PDF,Q00897.01-0000279612.PDF,.pdf,224992,ok,True,True,text,True,1,0,3,False,1,False,0-10,Name | Address | Phone | Date of Birth | Health,True,Contact Information | Birth Information | Health-Related Information,False,,ambiguous,True,yes,7043,standard,bde_llm_count,True,True,1,0,0,0,0,1,7.243,False,False,True,,True,clear_yes,yes,3998,False,standard,False,,11041
CNG_Data2k/files/Q00897.01-0000613684.0001.PDF,Q00897.01-0000613684.0001.PDF,.pdf,3836080,ok,True,False,text,False,11,0,1,False,0,False,0-10,Money/Amount,False,Financial Account Information,False,,clear_non_responsive,False,,0,likely_non_responsive,"img_ocr:p1,p2,p2(3/3,+48chars)",False,False,0,3,3,3,0,3,17.363,True,False,False,stage1_nr,False,,,0,False,,False,,0
CNG_Data2k/files/Q00897.01-0000003154.PDF,Q00897.01-0000003154.PDF,.pdf,2544519,ok,True,False,text,False,1,0,2,False,0,False,0-10,Name | Address | Email | Phone | SSN | Money/Amount | Work-Related,True,Contact Information | Government-Issued Identification | Financial Account Information | Work-Related Information,False,,clear_responsive,False,,0,standard,,False,False,0,0,0,0,0,0,1.944,False,False,True,,True,clear_yes,yes,4362,False,standard,False,,4362
CNG_Data2k/files/Q00897.01-0000905037.PDF,Q00897.01-0000905037.PDF,.pdf,11800,ok,True,False,text,False,1,0,0,False,0,False,0-10,,False,,False,,clear_non_responsive,False,,0,likely_non_responsive,,False,False,0,0,0,0,0,0,0.029,True,False,False,stage1_nr,False,,,0,False,,False,,0
CNG_Data2k/files/Q00897.01-0000112225.XLSX,Q00897.01-0000112225.XLSX,.xlsx,33045,ok,True,True,text,True,1,0,573,False,0,False,100+,Phone | Work-Related,True,Contact Information | Work-Related Information,False,,ambiguous,True,no,8005,likely_non_responsive,roster_by_rowcount bde_llm_count,False,False,0,0,0,0,0,0,2.186,True,False,False,stage1_nr,False,,,0,False,,False,,8005
CNG_Data2k/files/Q00897.01-0000863767.XLSX,Q00897.01-0000863767.XLSX,.xlsx,11185,ok,True,True,text,True,1,0,0,False,0,False,0-10,,False,,False,,ambiguous,True,no,6845,structured_unreadable,bde_llm_count,False,False,0,0,0,0,0,0,3.318,False,False,True,,True,clear_no,no,3915,False,likely_non_responsive,True,,10760
CNG_Data2k/files/Q00897.01-0000696960.MSG,Q00897.01-0000696960.MSG,.msg,297472,ok,True,False,text,False,0,0,1,False,0,False,0-10,Address | Health,True,Contact Information | Health-Related Information,False,,ambiguous,True,no,7620,likely_non_responsive,,False,False,0,0,0,0,0,0,2.963,True,False,False,stage1_nr,False,,,0,False,,False,,7620
CNG_Data2k/files/Q00897.01-0000578818.0001.CSV,Q00897.01-0000578818.0001.CSV,.csv,10049671,ok,True,True,text,True,0,0,48587,False,0,False,100+,Money/Amount,False,Financial Account Information,False,,ambiguous,True,no,15775,likely_non_responsive,roster_by_rowcount bde_llm_count,False,False,0,0,0,0,0,0,4.075,True,False,False,stage1_nr,False,,,0,False,,False,,15775
CNG_Data2k/files/Q00897.01-0000370753.MSG,Q00897.01-0000370753.MSG,.msg,306176,ok,True,False,text,False,0,0,40,False,40,False,20-50,Name | Address | Email,True,Contact Information,False,,ambiguous,True,yes,11546,standard,bde_llm_count,False,False,0,0,0,0,0,0,8.089,False,False,True,,True,clear_no,no,6275,False,likely_non_responsive,True,,17821
CNG_Data2k/files/Q00897.01-0000705351.MSG,Q00897.01-0000705351.MSG,.msg,181760,ok,True,False,text,False,0,0,1,False,0,False,0-10,Name | Address | Email | Money/Amount,True,Contact Information | Financial Account Information,False,,ambiguous,True,yes,4244,standard,,False,False,0,0,0,0,0,0,3.271,False,False,True,,True,likely_yes,yes,4319,False,standard,False,,8563
CNG_Data2k/files/Q00897.01-0000871253.XLSX,Q00897.01-0000871253.XLSX,.xlsx,521679,ok,True,True,text,True,1,0,1865,False,0,False,100+,Phone | Money/Amount,True,Contact Information | Financial Account Information,False,,ambiguous,True,no,19339,likely_non_responsive,bde_llm_count,False,False,0,0,0,0,0,0,63.033,True,False,False,stage1_nr,False,,,0,False,,False,,19339
CNG_Data2k/files/Q00897.01-0000256207.PDF,Q00897.01-0000256207.PDF,.pdf,86452,ok,True,False,text,False,2,0,5,False,0,False,0-10,Name | Address | Phone | Money/Amount,True,Contact Information | Financial Account Information,False,,ambiguous,True,yes,4624,standard,,False,False,0,0,0,0,0,0,3.173,False,False,True,,True,likely_yes,yes,4663,False,standard,False,,9287
CNG_Data2k/files/Q00897.01-0000896192.PDF,Q00897.01-0000896192.PDF,.pdf,17213,ok,True,True,text,True,2,0,37,False,2,False,20-50,Name | Address | Phone | Money/Amount | Work-Related,True,Contact Information | Financial Account Information | Work-Related Information,False,,ambiguous,True,yes,8277,standard,bde_llm_count,True,True,2,0,0,0,0,1,9.039,False,False,True,,True,clear_yes,yes,4624,False,standard,False,,12901
CNG_Data2k/files/Q00897.01-0000006269.PDF,Q00897.01-0000006269.PDF,.pdf,128463,ok,True,False,text,False,1,0,3,False,0,False,0-10,Name | Phone | SSN,True,Contact Information | Government-Issued Identification,False,,clear_responsive,False,,0,standard,,False,False,0,0,0,0,0,0,1.749,False,False,True,,True,clear_yes,yes,4162,False,standard,False,,4162
CNG_Data2k/files/Q00897.01-0000305186.CSV,Q00897.01-0000305186.CSV,.csv,567767,ok,True,True,text,True,0,0,2573,False,0,False,100+,Phone | Payment Card | Money/Amount,True,Contact Information | Financial Account Information,False,,ambiguous,True,no,10696,likely_non_responsive,bde_llm_count,False,False,0,0,0,0,0,0,5.741,True,False,False,stage1_nr,False,,,0,False,,False,,10696
CNG_Data2k/files/Q00897.01-0000021838.PDF,Q00897.01-0000021838.PDF,.pdf,88011,ok,True,False,text,False,8,0,21,False,21,False,20-50,Name | Money/Amount | Work-Related,True,Financial Account Information | Work-Related Information,False,,ambiguous,True,yes,14468,standard,bde_llm_count_roster,False,False,0,0,0,0,0,0,7.356,False,False,True,,True,clear_yes,yes,7778,False,standard,False,,22246
CNG_Data2k/files/Q00897.01-0000344946.PDF,Q00897.01-0000344946.PDF,.pdf,22495,ok,True,False,text,False,2,0,1,False,0,False,0-10,Money/Amount,False,Financial Account Information,False,,clear_non_responsive,False,,0,likely_non_responsive,,False,False,0,0,0,0,0,0,0.124,True,False,False,stage1_nr,False,,,0,False,,False,,0
CNG_Data2k/files/Q00897.01-0000825838.0001.PDF,Q00897.01-0000825838.0001.PDF,.pdf,196125,ok,True,False,text,False,2,0,20,False,20,False,10-20,Name | Address | Email | Phone | Money/Amount | Work-Related,True,Contact Information | Financial Account Information | Work-Related Information,False,,ambiguous,True,no,9230,likely_non_responsive,bde_llm_count_roster,False,False,0,0,0,0,0,0,3.897,True,False,False,stage1_nr,False,,,0,False,,False,,9230
CNG_Data2k/files/Q00897.01-0000275188.0001.XLSX,Q00897.01-0000275188.0001.XLSX,.xlsx,220444,ok,True,True,text,True,1,0,65,False,51,True,50-100,Name | Address | Phone,True,Contact Information,True,,ambiguous,True,yes,11903,structured_bde,bde_llm_count_roster,False,False,0,0,0,0,0,0,10.353,False,True,True,,True,clear_yes,yes,6507,True,structured_bde,False,,18410
CNG_Data2k/files/Q00897.01-0000347143.PDF,Q00897.01-0000347143.PDF,.pdf,19278,ok,True,False,text,False,5,0,1,False,0,False,0-10,Money/Amount,False,Financial Account Information,False,,clear_non_responsive,False,,0,likely_non_responsive,,False,False,0,0,0,0,0,0,0.144,True,False,False,stage1_nr,False,,,0,False,,False,,0
CNG_Data2k/files/Q00897.01-0000870816.TXT,Q00897.01-0000870816.TXT,.txt,297536,ok,True,False,text,False,0,0,101,False,0,False,100+,Phone | Money/Amount,True,Contact Information | Financial Account Information,False,,ambiguous,True,no,28785,likely_non_responsive,bde_llm_count,False,False,0,0,0,0,0,0,62.33,True,False,False,stage1_nr,False,,,0,False,,False,,28785
CNG_Data2k/files/Q00897.01-0000612489.0001.PDF,Q00897.01-0000612489.0001.PDF,.pdf,7202059,ok,True,True,text,True,2,0,8,False,0,False,0-10,Address | Phone | Money/Amount,True,Contact Information | Financial Account Information,False,,ambiguous,True,no,9140,likely_non_responsive,bde_llm_count,True,True,2,0,0,0,0,1,10.942,True,False,False,stage1_nr,False,,,0,False,,False,,9140
CNG_Data2k/files/Q00897.01-0000678904.MSG,Q00897.01-0000678904.MSG,.msg,199680,ok,True,False,text,False,0,0,14,False,14,False,10-20,Name | Email | Phone | Credentials,True,Contact Information | Access Credentials,False,,ambiguous,True,yes,12035,standard,bde_llm_count,False,False,0,0,0,0,0,0,63.577,False,False,True,,True,likely_yes,yes,6468,False,standard,False,,18503
CNG_Data2k/files/Q00897.01-0000324151.XLSX,Q00897.01-0000324151.XLSX,.xlsx,23410,ok,True,True,text,True,1,0,166,False,0,False,100+,Phone | Money/Amount,True,Contact Information | Financial Account Information,False,,ambiguous,True,no,15594,likely_non_responsive,roster_by_rowcount bde_llm_count,False,False,0,0,0,0,0,0,2.813,True,False,False,stage1_nr,False,,,0,False,,False,,15594
CNG_Data2k/files/Q00897.01-0000472198.0001.XLSX,Q00897.01-0000472198.0001.XLSX,.xlsx,635852,ok,True,True,text,True,1,0,403,False,403,True,100+,Name | Phone | Payment Card | Money/Amount,True,Contact Information | Financial Account Information,True,,ambiguous,True,yes,21906,structured_bde,bde_llm_count_roster,False,False,0,0,0,0,0,0,7.61,False,True,True,,True,clear_no,no,11406,True,likely_non_responsive,True,,33312
CNG_Data2k/files/Q00897.01-0000340617.PDF,Q00897.01-0000340617.PDF,.pdf,248683,ok,True,False,text,False,1,0,11,False,4,False,10-20,Name | Address | Email | Phone,True,Contact Information,False,,ambiguous,True,yes,7439,standard,"img_ocr:p1(1/1,+31chars) bde_llm_count",False,False,0,1,1,1,0,1,8.329,False,False,True,,True,clear_no,no,4213,False,likely_non_responsive,True,,11652
CNG_Data2k/files/Q00897.01-0000023139.XLSX,Q00897.01-0000023139.XLSX,.xlsx,237122,ok,True,True,text,True,3,0,1434,False,1599,True,100+,Name,False,,True,,ambiguous,True,yes,9118,structured_bde,bde_llm_count_roster,False,False,0,0,0,0,0,0,7.378,False,True,True,,True,clear_yes,yes,5128,True,structured_bde,False,,14246
CNG_Data2k/files/Q00897.01-0000808265.0001.DOCX,Q00897.01-0000808265.0001.DOCX,.docx,35810,ok,True,False,text,False,0,0,2,False,0,False,0-10,Name | Email | Phone,True,Contact Information,False,,ambiguous,True,no,6702,likely_non_responsive,,False,False,0,0,0,0,0,0,61.168,True,False,False,stage1_nr,False,,,0,False,,False,,6702
CNG_Data2k/files/Q00897.01-0000654922.MSG,Q00897.01-0000654922.MSG,.msg,65536,ok,True,False,text,False,0,1,3,False,0,False,0-10,Name | Address | Email | Phone | Money/Amount,True,Contact Information | Financial Account Information,False,,ambiguous,True,yes,4670,standard,,False,False,0,0,0,0,0,0,3.64,False,False,True,,True,likely_no,no,4695,False,likely_non_responsive,True,,9365
CNG_Data2k/files/Q00897.01-0000111009.PDF,Q00897.01-0000111009.PDF,.pdf,20242,ok,True,False,text,False,1,0,2,False,0,False,0-10,Address | Email | Phone | Bank/Account Number | Money/Amount,True,Contact Information | Financial Account Information,False,,ambiguous,True,yes,4350,standard,,False,False,0,0,0,0,0,0,2.581,False,False,True,,True,likely_no,no,4399,False,likely_non_responsive,True,,8749
CNG_Data2k/files/Q00897.01-0000374202.MSG,Q00897.01-0000374202.MSG,.msg,237056,ok,True,False,text,False,0,0,1,False,0,False,0-10,Address | Email | Money/Amount,True,Contact Information | Financial Account Information,False,,ambiguous,True,no,4321,likely_non_responsive,,False,False,0,0,0,0,0,0,1.614,True,False,False,stage1_nr,False,,,0,False,,False,,4321
CNG_Data2k/files/Q00897.01-0000868020.PDF,Q00897.01-0000868020.PDF,.pdf,2672314,ok,True,False,text,False,36,0,22,False,19,False,20-50,Name | Address | Phone | SSN | Money/Amount,True,Contact Information | Government-Issued Identification | Financial Account Information,False,,clear_responsive,False,,13361,standard,"img_ocr:p5,p6,p8(3/3,+231chars) bde_llm_count_roster",False,False,0,3,3,3,0,3,19.567,False,False,True,,True,clear_yes,yes,14463,False,standard,False,,27824
CNG_Data2k/files/Q00897.01-0000907322.PDF,Q00897.01-0000907322.PDF,.pdf,22171,ok,True,False,text,False,2,0,18,False,10,False,10-20,Name | Address | Phone | Money/Amount,True,Contact Information | Financial Account Information,False,,ambiguous,True,yes,11004,standard,bde_llm_count_roster,False,False,0,0,0,0,0,0,11.561,False,False,True,,True,clear_yes,yes,6054,False,standard,False,,17058
CNG_Data2k\files\Q00897.01-0000463969.0001.XLS,Q00897.01-0000463969.0001.XLS,.xls,105405,ok,True,True,text,True,2,0,55,False,0,False,50-100,Address | Phone | Payment Card | Money/Amount,True,Contact Information | Financial Account Information,False,,ambiguous,True,no,8648,likely_non_responsive,bde_llm_count,False,False,0,0,0,0,0,0,2.736,True,False,False,stage1_nr,False,,,0,False,,False,,8648
CNG_Data2k/files/Q00897.01-0000810178.MSG,Q00897.01-0000810178.MSG,.msg,25600,ok,True,False,text,False,0,0,1,False,0,False,0-10,Address | Phone,True,Contact Information,False,,ambiguous,True,no,4047,likely_non_responsive,,False,False,0,0,0,0,0,0,0.93,True,False,False,stage1_nr,False,,,0,False,,False,,4047
CNG_Data2k/files/Q00897.01-0000401140.MSG,Q00897.01-0000401140.MSG,.msg,116736,ok,True,False,text,False,0,0,15,False,15,False,10-20,Name | Address | Email | Phone | Money/Amount,True,Contact Information | Financial Account Information,False,,ambiguous,True,yes,16653,standard,bde_llm_count,False,False,0,0,0,0,0,0,8.374,False,False,True,,True,likely_no,no,8790,False,likely_non_responsive,True,,25443
CNG_Data2k/files/Q00897.01-0000293824.PDF,Q00897.01-0000293824.PDF,.pdf,173240,ok,True,True,text,True,1,0,3,False,3,False,0-10,SSN | Money/Amount,True,Government-Issued Identification | Financial Account Information,False,,clear_responsive,False,,2920,standard,bde_llm_count_roster,True,True,1,0,0,0,0,1,6.662,False,False,True,,True,clear_yes,yes,3827,False,standard,False,,6747
CNG_Data2k/files/Q00897.01-0000247866.PDF,Q00897.01-0000247866.PDF,.pdf,88564,ok,True,True,text,True,1,0,9,False,0,False,0-10,Name | Bank/Account Number | Money/Amount,True,Financial Account Information,False,,ambiguous,True,no,6991,likely_non_responsive,bde_llm_count,True,True,1,0,0,0,0,1,6.886,True,False,False,stage1_nr,False,,,0,False,,False,,6991
CNG_Data2k/files/Q00897.01-0000775303.0007.PDF,Q00897.01-0000775303.0007.PDF,.pdf,189060,ok,True,True,text,True,4,0,148,False,1,False,100+,Name | Money/Amount,False,Financial Account Information,False,,ambiguous,True,no,13586,likely_non_responsive,bde_llm_count,True,True,4,0,0,0,0,1,8.515,True,False,False,stage1_nr,False,,,0,False,,False,,13586
CNG_Data2k/files/Q00897.01-0000407149.MSG,Q00897.01-0000407149.MSG,.msg,148480,ok,True,False,text,False,0,2,7,False,3,False,0-10,Name | Address | Email | Phone | Money/Amount | Work-Related,True,Contact Information | Financial Account Information | Work-Related Information,False,,ambiguous,True,yes,9663,standard,bde_llm_count,False,False,0,0,0,0,0,0,7.708,False,False,True,,True,likely_yes,yes,5304,False,standard,False,,14967
CNG_Data2k/files/Q00897.01-0000538059.0001.PDF,Q00897.01-0000538059.0001.PDF,.pdf,24807,ok,True,False,text,False,2,0,0,False,0,False,0-10,,False,,False,,clear_non_responsive,False,,0,likely_non_responsive,,False,False,0,0,0,0,0,0,0.044,True,False,False,stage1_nr,False,,,0,False,,False,,0
CNG_Data2k/files/Q00897.01-0000772744.0001.PDF,Q00897.01-0000772744.0001.PDF,.pdf,110100,ok,True,False,text,False,18,0,4,False,0,False,0-10,Name | Address | Email | Money/Amount | Work-Related,True,Contact Information | Financial Account Information | Work-Related Information,False,,ambiguous,True,yes,9430,standard,,False,False,0,0,0,0,0,0,4.286,False,False,True,,True,clear_no,no,9513,False,likely_non_responsive,True,,18943
CNG_Data2k/files/Q00897.01-0000304140.PDF,Q00897.01-0000304140.PDF,.pdf,1556869,ok,True,True,text,True,15,0,6,False,0,False,0-10,Name | Address | Card/Transaction | Money/Amount | Demographic,True,Contact Information | Financial Account Information | Demographic Information,False,,ambiguous,True,no,12019,likely_non_responsive,bde_llm_count,True,True,15,0,0,0,0,1,9.214,True,False,False,stage1_nr,False,,,0,False,,False,,12019
CNG_Data2k/files/Q00897.01-0000621015.MSG,Q00897.01-0000621015.MSG,.msg,549888,ok,True,False,text,False,0,8,12,False,6,False,10-20,Name | Address | Email | Phone | Money/Amount,True,Contact Information | Financial Account Information,False,,ambiguous,True,yes,17912,standard,bde_llm_count,False,False,0,0,0,0,0,0,7.838,False,False,True,,True,likely_no,no,9463,False,likely_non_responsive,True,,27375
CNG_Data2k\files\Q00897.01-0000803510.0001.DOC,Q00897.01-0000803510.0001.DOC,.doc,26174,ok,True,False,text,False,0,0,3,False,0,False,0-10,Name | Address | Money/Amount | Demographic | Work-Related,True,Contact Information | Financial Account Information | Demographic Information | Work-Related Information,False,,ambiguous,True,no,4510,likely_non_responsive,,False,False,0,0,0,0,0,0,1.439,True,False,False,stage1_nr,False,,,0,False,,False,,4510
CNG_Data2k/files/Q00897.01-0000325077.0003.PDF,Q00897.01-0000325077.0003.PDF,.pdf,94523,ok,True,False,text,False,1,0,3,False,0,False,0-10,Name | Money/Amount,True,Financial Account Information,False,,ambiguous,True,no,4153,likely_non_responsive,"img_ocr:p1,p1(2/2,+35chars)",False,False,0,2,2,2,0,2,10.507,True,False,False,stage1_nr,False,,,0,False,,False,,4153
CNG_Data2k/files/Q00897.01-0000693652.MSG,Q00897.01-0000693652.MSG,.msg,175616,ok,True,False,text,False,0,0,15,False,15,False,10-20,Name | Address | Email | Phone,True,Contact Information,False,,ambiguous,True,yes,20295,standard,bde_llm_count,False,False,0,0,0,0,0,0,9.279,False,False,True,,True,likely_no,no,10615,False,likely_non_responsive,True,,30910
CNG_Data2k/files/Q00897.01-0000766372.MSG,Q00897.01-0000766372.MSG,.msg,112640,ok,True,False,text,False,0,0,3,False,0,False,0-10,Name | Address | Email | Phone,True,Contact Information,False,,ambiguous,True,yes,3866,standard,,False,False,0,0,0,0,0,0,2.541,False,False,True,,True,borderline,no,3940,False,likely_non_responsive,True,,7806
CNG_Data2k/files/Q00897.01-0000670352.0001.PDF,Q00897.01-0000670352.0001.PDF,.pdf,31809,ok,True,False,text,False,9,0,59,False,0,False,50-100,Address | Phone | Account Balance | Money/Amount,True,Contact Information | Financial Account Information,False,,ambiguous,True,yes,18260,standard,bde_llm_count,False,False,0,0,0,0,0,0,4.256,False,False,True,,True,clear_no,no,9595,True,likely_non_responsive,True,,27855
CNG_Data2k/files/Q00897.01-0000256512.PDF,Q00897.01-0000256512.PDF,.pdf,179743,ok,True,False,text,False,1,0,1,False,0,False,0-10,Address | Phone | Money/Amount,True,Contact Information | Financial Account Information,False,,ambiguous,True,no,4288,likely_non_responsive,,False,False,0,0,0,0,0,0,1.216,True,False,False,stage1_nr,False,,,0,False,,False,,4288
CNG_Data2k/files/Q00897.01-0000344991.PDF,Q00897.01-0000344991.PDF,.pdf,22266,ok,True,False,text,False,2,0,1,False,0,False,0-10,Address | Money/Amount,True,Contact Information | Financial Account Information,False,,ambiguous,True,no,4965,likely_non_responsive,,False,False,0,0,0,0,0,0,1.331,True,False,False,stage1_nr,False,,,0,False,,False,,4965
CNG_Data2k/files/Q00897.01-0000288174.XLSX,Q00897.01-0000288174.XLSX,.xlsx,483453,ok,True,True,text,True,1,0,65,False,33,True,50-100,Name,False,,True,,ambiguous,True,yes,7322,structured_bde,roster_by_rowcount bde_llm_count_roster,False,False,0,0,0,0,0,0,7.751,False,True,True,,True,likely_no,no,4193,True,likely_non_responsive,True,,11515
CNG_Data2k/files/Q00897.01-0000327951.XLSX,Q00897.01-0000327951.XLSX,.xlsx,130262,ok,True,True,text,True,12,0,1140,False,0,False,100+,Money/Amount,False,Financial Account Information,False,,ambiguous,True,no,7369,likely_non_responsive,roster_by_rowcount bde_llm_count,False,False,0,0,0,0,0,0,2.17,True,False,False,stage1_nr,False,,,0,False,,False,,7369
CNG_Data2k/files/Q00897.01-0000372178.MSG,Q00897.01-0000372178.MSG,.msg,199680,ok,True,False,text,False,0,1,0,False,0,False,0-10,,False,,False,,clear_non_responsive,False,,0,likely_non_responsive,,False,False,0,0,0,0,0,0,0.083,True,False,False,stage1_nr,False,,,0,False,,False,,0
CNG_Data2k/files/Q00897.01-0000833428.0002.PDF,Q00897.01-0000833428.0002.PDF,.pdf,298441,ok,True,False,text,False,3,0,3,False,0,False,0-10,Name | Money/Amount,True,Financial Account Information,False,,ambiguous,True,no,5122,likely_non_responsive,,True,True,3,0,0,0,0,1,6.512,True,False,False,stage1_nr,False,,,0,False,,False,,5122
CNG_Data2k/files/Q00897.01-0000706600.0001.PDF,Q00897.01-0000706600.0001.PDF,.pdf,277382,ok,True,False,text,False,4,0,1,False,0,False,0-10,Name | Address | Phone | Money/Amount,True,Contact Information | Financial Account Information,False,,ambiguous,True,no,5262,likely_non_responsive,"img_ocr:p1(1/1,+113chars)",False,False,0,1,1,1,0,1,6.044,True,False,False,stage1_nr,False,,,0,False,,False,,5262
CNG_Data2k/files/Q00897.01-0000669103.MSG,Q00897.01-0000669103.MSG,.msg,167936,ok,True,False,text,False,0,2,3,False,0,False,0-10,Name | Phone,True,Contact Information,False,,ambiguous,True,no,3733,likely_non_responsive,,False,False,0,0,0,0,0,0,1.488,True,False,False,stage1_nr,False,,,0,False,,False,,3733
CNG_Data2k/files/Q00897.01-0000854553.XLSX,Q00897.01-0000854553.XLSX,.xlsx,18928,ok,True,True,text,True,2,0,120,False,0,True,100+,Money/Amount | Work-Related,False,Financial Account Information | Work-Related Information,True,,ambiguous,True,no,7759,structured_bde,roster_by_rowcount bde_llm_count_roster,False,False,0,0,0,0,0,0,5.205,False,True,True,,True,borderline,no,4338,True,likely_non_responsive,True,,12097
CNG_Data2k/files/Q00897.01-0000109849.PDF,Q00897.01-0000109849.PDF,.pdf,38013,ok,True,False,text,False,16,0,1,False,0,False,0-10,Phone | Money/Amount,True,Contact Information | Financial Account Information,False,,ambiguous,True,no,5649,likely_non_responsive,,False,False,0,0,0,0,0,0,1.14,True,False,False,stage1_nr,False,,,0,False,,False,,5649
CNG_Data2k/files/Q00897.01-0000595429.0001.PDF,Q00897.01-0000595429.0001.PDF,.pdf,20965,ok,True,False,text,False,1,0,0,False,0,False,0-10,,False,,False,,clear_non_responsive,False,,0,likely_non_responsive,,False,False,0,0,0,0,0,0,0.027,True,False,False,stage1_nr,False,,,0,False,,False,,0
CNG_Data2k/files/Q00897.01-0000753125.MSG,Q00897.01-0000753125.MSG,.msg,81920,ok,True,False,text,False,0,0,1,False,0,False,0-10,Money/Amount | Work-Related,False,Financial Account Information | Work-Related Information,False,,ambiguous,True,no,4355,likely_non_responsive,,False,False,0,0,0,0,0,0,2.567,True,False,False,stage1_nr,False,,,0,False,,False,,4355
CNG_Data2k/files/Q00897.01-0000396189.MSG,Q00897.01-0000396189.MSG,.msg,457216,ok,True,False,text,False,0,0,2,False,0,False,0-10,Name | Address | Email | Phone | Money/Amount,True,Contact Information | Financial Account Information,False,,ambiguous,True,no,5217,likely_non_responsive,,False,False,0,0,0,0,0,0,2.678,True,False,False,stage1_nr,False,,,0,False,,False,,5217
CNG_Data2k/files/Q00897.01-0000279571.PDF,Q00897.01-0000279571.PDF,.pdf,188429,ok,True,False,text,False,6,0,4,False,0,False,0-10,Name | Address | Phone | Card/Transaction | Money/Amount | Health,True,Contact Information | Financial Account Information | Health-Related Information,False,,ambiguous,True,yes,7621,standard,"img_ocr:p1(1/1,+47chars)",False,False,0,1,1,1,0,1,7.673,False,False,True,,True,likely_yes,yes,7717,False,standard,False,,15338
CNG_Data2k/files/Q00897.01-0000811996.0001.PDF,Q00897.01-0000811996.0001.PDF,.pdf,446196,ok,True,False,text,False,5,0,4,False,0,False,0-10,Address | Email | Phone | SSN | Bank/Account Number | Credentials,True,Contact Information | Government-Issued Identification | Financial Account Information | Access Credentials,False,,clear_responsive,False,,0,standard,"img_ocr:none(1 calls,0 chars)",False,False,0,1,1,0,0,1,7.322,False,False,True,,True,likely_no,no,13934,False,likely_non_responsive,True,,13934
CNG_Data2k/files/Q00897.01-0000905664.PDF,Q00897.01-0000905664.PDF,.pdf,448829,ok,True,True,text,True,15,0,406,False,406,True,100+,Address | Phone | SSN | Money/Amount | Work-Related,True,Contact Information | Government-Issued Identification | Financial Account Information | Work-Related Information,True,,clear_responsive,False,,12086,structured_bde,bde_llm_count_roster,True,True,15,0,0,0,0,1,18.797,False,True,True,,True,clear_yes,yes,13117,True,structured_bde,False,,25203
CNG_Data2k/files/Q00897.01-0000473445.MSG,Q00897.01-0000473445.MSG,.msg,86016,ok,True,False,text,False,0,0,4,False,0,False,0-10,Name | Address | Email | Phone | Money/Amount,True,Contact Information | Financial Account Information,False,,ambiguous,True,yes,5138,standard,,False,False,0,0,0,0,0,0,2.559,False,False,True,,True,likely_no,no,5188,False,likely_non_responsive,True,,10326
CNG_Data2k/files/Q00897.01-0000293548.XLSX,Q00897.01-0000293548.XLSX,.xlsx,30446,ok,True,True,text,True,1,0,377,False,377,True,100+,SSN | Money/Amount,True,Government-Issued Identification | Financial Account Information,True,,clear_responsive,False,,3828,structured_bde,bde_llm_count_roster,False,False,0,0,0,0,0,0,5.77,False,True,True,,True,clear_yes,yes,4940,True,structured_bde,False,,8768
CNG_Data2k/files/Q00897.01-0000298833.XLSX,Q00897.01-0000298833.XLSX,.xlsx,13420,ok,True,True,text,True,1,0,372,False,372,True,100+,Name,False,,True,,ambiguous,True,no,8114,structured_bde,roster_by_rowcount bde_llm_count_roster,False,False,0,0,0,0,0,0,6.717,False,True,True,,True,clear_no,no,4559,True,likely_non_responsive,True,,12673
CNG_Data2k/files/Q00897.01-0000413751.MSG,Q00897.01-0000413751.MSG,.msg,327680,ok,True,False,text,False,0,0,2,False,0,False,0-10,Name | Address | Email | Phone | Money/Amount,True,Contact Information | Financial Account Information,False,,ambiguous,True,no,5320,likely_non_responsive,,False,False,0,0,0,0,0,0,2.222,True,False,False,stage1_nr,False,,,0,False,,False,,5320
CNG_Data2k/files/Q00897.01-0000757547.MSG,Q00897.01-0000757547.MSG,.msg,110592,ok,True,False,text,False,0,0,1,False,0,False,0-10,Money/Amount | Demographic | Work-Related,False,Financial Account Information | Demographic Information | Work-Related Information,False,,ambiguous,True,no,7099,likely_non_responsive,,False,False,0,0,0,0,0,0,3.429,True,False,False,stage1_nr,False,,,0,False,,False,,7099
CNG_Data2k/files/Q00897.01-0000740493.MSG,Q00897.01-0000740493.MSG,.msg,250880,ok,True,False,text,False,0,0,1,False,0,False,0-10,Address | Phone | Health,True,Contact Information | Health-Related Information,False,,ambiguous,True,no,4227,likely_non_responsive,,False,False,0,0,0,0,0,0,2.178,True,False,False,stage1_nr,False,,,0,False,,False,,4227
CNG_Data2k/files/Q00897.01-0000673703.MSG,Q00897.01-0000673703.MSG,.msg,146432,ok,True,False,text,False,0,0,1,False,0,False,0-10,Address | Email,True,Contact Information,False,,ambiguous,True,no,4125,likely_non_responsive,,False,False,0,0,0,0,0,0,1.699,True,False,False,stage1_nr,False,,,0,False,,False,,4125
CNG_Data2k/files/Q00897.01-0000119480.PDF,Q00897.01-0000119480.PDF,.pdf,41932,ok,True,False,text,False,1,0,0,False,0,False,0-10,,False,,False,,clear_non_responsive,False,,0,likely_non_responsive,,True,True,1,0,0,0,0,1,6.244,True,False,False,stage1_nr,False,,,0,False,,False,,0
CNG_Data2k/files/Q00897.01-0000260378.XLSX,Q00897.01-0000260378.XLSX,.xlsx,98138,ok,True,True,text,True,1,0,548,False,1,False,100+,Name | Money/Amount,False,Financial Account Information,False,,ambiguous,True,yes,20189,standard,roster_by_rowcount bde_llm_count,False,False,0,0,0,0,0,0,4.336,False,False,True,,True,likely_yes,yes,10557,True,structured_bde,False,,30746
CNG_Data2k/files/Q00897.01-0000430686.MSG,Q00897.01-0000430686.MSG,.msg,272384,ok,True,False,text,False,0,0,4,False,0,False,0-10,Name | Address | Money/Amount,True,Contact Information | Financial Account Information,False,,ambiguous,True,no,5400,likely_non_responsive,,False,False,0,0,0,0,0,0,3.203,True,False,False,stage1_nr,False,,,0,False,,False,,5400
CNG_Data2k/files/Q00897.01-0000114872.PDF,Q00897.01-0000114872.PDF,.pdf,10544921,ok,True,False,text,False,45,0,1,False,0,False,0-10,Card/Transaction | Money/Amount | Health | Work-Related,False,Financial Account Information | Health-Related Information | Work-Related Information,False,,ambiguous,True,no,11760,likely_non_responsive,"img_ocr:p1,p15,p20,p23(4/4,+69chars)",False,False,0,4,4,4,0,4,43.268,True,False,False,stage1_nr,False,,,0,False,,False,,11760
CNG_Data2k/files/Q00897.01-0000897292.PDF,Q00897.01-0000897292.PDF,.pdf,13889,ok,True,False,text,False,2,0,1,False,0,False,0-10,Money/Amount,False,Financial Account Information,False,,clear_non_responsive,False,,0,likely_non_responsive,,False,False,0,0,0,0,0,0,0.158,True,False,False,stage1_nr,False,,,0,False,,False,,0
CNG_Data2k/files/Q00897.01-0000468990.MSG,Q00897.01-0000468990.MSG,.msg,60416,ok,True,False,text,False,0,0,4,False,0,False,0-10,Name | Address | Email | Phone,True,Contact Information,False,,ambiguous,True,no,4215,likely_non_responsive,,False,False,0,0,0,0,0,0,1.406,True,False,False,stage1_nr,False,,,0,False,,False,,4215
CNG_Data2k/files/Q00897.01-0000903157.PDF,Q00897.01-0000903157.PDF,.pdf,11843,ok,True,False,text,False,1,0,0,False,0,False,0-10,,False,,False,,clear_non_responsive,False,,0,likely_non_responsive,,False,False,0,0,0,0,0,0,0.043,True,False,False,stage1_nr,False,,,0,False,,False,,0
CNG_Data2k/files/Q00897.01-0000259090.PDF,Q00897.01-0000259090.PDF,.pdf,493649,ok,True,False,text,False,6,0,5,False,0,False,0-10,Name | Address | Phone | Bank/Account Number | Money/Amount,True,Contact Information | Financial Account Information,False,,ambiguous,True,yes,7496,standard,"img_ocr:p6,p6,p6,p6(4/7,+1037chars)",False,False,0,7,7,4,0,7,33.374,False,False,True,,True,likely_no,no,7549,False,likely_non_responsive,True,,15045
CNG_Data2k/files/Q00897.01-0000656035.MSG,Q00897.01-0000656035.MSG,.msg,430592,ok,True,False,text,False,0,4,5,False,0,False,0-10,Name | Address | Email | Phone,True,Contact Information,False,,ambiguous,True,yes,6869,standard,,False,False,0,0,0,0,0,0,4.106,False,False,True,,True,likely_yes,yes,6961,False,standard,False,,13830
CNG_Data2k/files/Q00897.01-0000344370.PDF,Q00897.01-0000344370.PDF,.pdf,215749,ok,True,False,text,False,43,0,1,False,0,False,0-10,Name | Phone | Money/Amount,True,Contact Information | Financial Account Information,False,,ambiguous,True,yes,15226,standard,,False,False,0,0,0,0,0,0,5.453,False,False,True,,True,likely_no,no,15298,False,likely_non_responsive,True,,30524
CNG_Data2k/files/Q00897.01-0000680617.0001.PDF,Q00897.01-0000680617.0001.PDF,.pdf,175393,ok,True,False,text,False,1,0,1,False,0,False,0-10,Money/Amount,False,Financial Account Information,False,,clear_non_responsive,False,,0,likely_non_responsive,,False,False,0,0,0,0,0,0,0.151,True,False,False,stage1_nr,False,,,0,False,,False,,0
CNG_Data2k/files/Q00897.01-0000828155.0001.PDF,Q00897.01-0000828155.0001.PDF,.pdf,157542,ok,True,False,text,False,9,0,1,False,0,False,0-10,Card/Transaction | Money/Amount,False,Financial Account Information,False,,ambiguous,True,no,9867,likely_non_responsive,,False,False,0,0,0,0,0,0,1.982,True,False,False,stage1_nr,False,,,0,False,,False,,9867
CNG_Data2k/files/Q00897.01-0000809108.0001.PDF,Q00897.01-0000809108.0001.PDF,.pdf,151690,ok,True,True,text,True,2,0,8,False,3,False,0-10,Name | Address | Email | Phone,True,Contact Information,False,,ambiguous,True,no,9828,likely_non_responsive,bde_llm_count,True,True,2,0,0,0,0,1,7.967,True,False,False,stage1_nr,False,,,0,False,,False,,9828
CNG_Data2k/files/Q00897.01-0000857998.PDF,Q00897.01-0000857998.PDF,.pdf,271796,ok,True,False,text,False,1,0,3,False,0,False,0-10,Name | Work-Related,True,Work-Related Information,False,,ambiguous,True,yes,8216,standard,,False,False,0,0,0,0,0,0,3.211,False,False,True,,True,clear_yes,yes,8253,False,standard,False,,16469
CNG_Data2k/files/Q00897.01-0000293141.PDF,Q00897.01-0000293141.PDF,.pdf,25500,ok,True,False,text,False,1,0,5,False,0,False,0-10,SSN | Money/Amount,True,Government-Issued Identification | Financial Account Information,False,,clear_responsive,False,,0,standard,,False,False,0,0,0,0,0,0,1.567,False,False,True,,True,clear_yes,yes,4091,False,standard,False,,4091
CNG_Data2k/files/Q00897.01-0000262227.PDF,Q00897.01-0000262227.PDF,.pdf,795941,ok,True,True,text,True,2,0,7,False,1,False,0-10,Name | Money/Amount,False,Financial Account Information,False,,ambiguous,True,no,7662,likely_non_responsive,bde_llm_count,True,True,2,0,0,0,0,1,8.085,True,False,False,stage1_nr,False,,,0,False,,False,,7662
CNG_Data2k/files/Q00897.01-0000137874.PDF,Q00897.01-0000137874.PDF,.pdf,392629,ok,True,True,text,True,2,0,23,False,0,False,20-50,Name | Address | Phone | Money/Amount,True,Contact Information | Financial Account Information,False,,ambiguous,True,yes,9555,standard,bde_llm_count,True,True,2,0,0,0,0,1,9.855,False,False,True,,True,clear_no,no,5204,False,likely_non_responsive,True,,14759
CNG_Data2k/files/Q00897.01-0000013615.PDF,Q00897.01-0000013615.PDF,.pdf,218313,ok,True,False,text,False,1,0,1,False,0,False,0-10,Money/Amount,False,Financial Account Information,False,,clear_non_responsive,False,,0,likely_non_responsive,"img_ocr:p1(1/1,+7chars)",False,False,0,1,1,1,0,1,4.247,True,False,False,stage1_nr,False,,,0,False,,False,,0
CNG_Data2k/files/Q00897.01-0000115742.CSV,Q00897.01-0000115742.CSV,.csv,4744,ok,True,True,text,True,0,0,99,False,0,False,50-100,Money/Amount,False,Financial Account Information,False,,ambiguous,True,no,8515,likely_non_responsive,roster_by_rowcount bde_llm_count,False,False,0,0,0,0,0,0,3.031,True,False,False,stage1_nr,False,,,0,False,,False,,8515
CNG_Data2k/files/Q00897.01-0000570834.0001.XLSX,Q00897.01-0000570834.0001.XLSX,.xlsx,57326,ok,True,True,text,True,1,0,454,False,454,True,100+,Money/Amount,False,Financial Account Information,True,,ambiguous,True,no,15980,structured_bde,roster_by_rowcount bde_llm_count_roster,False,False,0,0,0,0,0,0,9.297,False,True,True,,True,clear_no,no,8517,True,likely_non_responsive,True,,24497
CNG_Data2k/files/Q00897.01-0000858016.PDF,Q00897.01-0000858016.PDF,.pdf,243521,ok,True,False,text,False,1,0,4,False,0,False,0-10,Name | Money/Amount | Work-Related,True,Financial Account Information | Work-Related Information,False,,ambiguous,True,yes,8257,standard,,False,False,0,0,0,0,0,0,4.883,False,False,True,,True,likely_yes,yes,8317,False,standard,False,,16574
CNG_Data2k/files/Q00897.01-0000344615.PDF,Q00897.01-0000344615.PDF,.pdf,15839,ok,True,False,text,False,3,0,1,False,0,False,0-10,Address | Money/Amount,True,Contact Information | Financial Account Information,False,,ambiguous,True,yes,4985,standard,,False,False,0,0,0,0,0,0,2.989,False,False,True,,True,likely_yes,yes,5045,False,standard,False,,10030
CNG_Data2k/files/Q00897.01-0000655766.0001.PDF,Q00897.01-0000655766.0001.PDF,.pdf,513649,ok,True,False,text,False,16,0,14,False,14,False,10-20,Name | Address | Phone | Card Expiry/CVV | Money/Amount,True,Contact Information | Financial Account Information,False,,ambiguous,True,yes,21048,standard,"img_ocr:p1,p2,p4,p4,p6,p6,p7,p9,p9,p9,p9,p11,p11,p12,p15,p15(16/17,+2315chars) bde_llm_count",False,False,0,17,17,16,0,17,76.734,False,False,True,,True,clear_no,no,10933,False,likely_non_responsive,True,,31981
CNG_Data2k/files/Q00897.01-0000889601.PDF,Q00897.01-0000889601.PDF,.pdf,19656,ok,True,False,text,False,3,0,50,False,51,True,20-50,Name | Phone,True,Contact Information,True,,ambiguous,True,yes,11971,bde,bde_llm_count_roster,False,False,0,0,0,0,0,0,11.673,False,True,True,,True,borderline,no,6641,False,likely_non_responsive,True,,18612
CNG_Data2k/files/Q00897.01-0000290338.PDF,Q00897.01-0000290338.PDF,.pdf,135990,ok,True,False,text,False,8,0,2,False,0,False,0-10,Name | Address | Email | Phone | Bank/Account Number | Money/Amount,True,Contact Information | Financial Account Information,False,,ambiguous,True,yes,6304,standard,"img_ocr:p1(1/1,+7chars)",False,False,0,1,1,1,0,1,7.537,False,False,True,,True,likely_no,no,6402,False,likely_non_responsive,True,,12706
CNG_Data2k/files/Q00897.01-0000848520.0001.0011.XML,Q00897.01-0000848520.0001.0011.XML,.xml,3266,ok,True,False,text,False,0,0,0,False,0,False,0-10,,False,,False,,clear_non_responsive,False,,0,likely_non_responsive,,False,False,0,0,0,0,0,0,0.027,True,False,False,stage1_nr,False,,,0,False,,False,,0
CNG_Data2k/files/Q00897.01-0000584163.0001.PDF,Q00897.01-0000584163.0001.PDF,.pdf,23772,ok,True,False,text,False,1,0,1,False,0,False,0-10,Money/Amount,False,Financial Account Information,False,,clear_non_responsive,False,,0,likely_non_responsive,,False,False,0,0,0,0,0,0,0.033,True,False,False,stage1_nr,False,,,0,False,,False,,0
CNG_Data2k/files/Q00897.01-0000386791.MSG,Q00897.01-0000386791.MSG,.msg,138240,ok,True,False,text,False,0,0,2,False,0,False,0-10,Name | Address | Email | Money/Amount,True,Contact Information | Financial Account Information,False,,ambiguous,True,yes,4340,standard,,False,False,0,0,0,0,0,0,7.152,False,False,True,,True,likely_no,no,4445,False,likely_non_responsive,True,,8785
CNG_Data2k/files/Q00897.01-0000825272.MSG,Q00897.01-0000825272.MSG,.msg,290304,ok,True,False,text,False,0,2,7,False,5,False,0-10,Name | Address | Email | Phone,True,Contact Information,False,,ambiguous,True,yes,10940,standard,bde_llm_count,False,False,0,0,0,0,0,0,5.068,False,False,True,,True,clear_no,no,5927,False,likely_non_responsive,True,,16867
CNG_Data2k/files/Q00897.01-0000411178.MSG,Q00897.01-0000411178.MSG,.msg,146432,ok,True,False,text,False,0,0,17,False,2,False,10-20,Name | Address | Email | Phone,True,Contact Information,False,,ambiguous,True,yes,7484,standard,bde_llm_count,False,False,0,0,0,0,0,0,4.633,False,False,True,,True,clear_no,no,4182,False,likely_non_responsive,True,,11666
CNG_Data2k/files/Q00897.01-0000132563.PDF,Q00897.01-0000132563.PDF,.pdf,508652,ok,True,True,text,True,3,0,36,False,0,False,20-50,Phone | Money/Amount,True,Contact Information | Financial Account Information,False,,ambiguous,True,no,8348,likely_non_responsive,bde_llm_count,True,True,3,0,0,0,0,1,9.538,True,False,False,stage1_nr,False,,,0,False,,False,,8348
CNG_Data2k/files/Q00897.01-0000895865.PDF,Q00897.01-0000895865.PDF,.pdf,19942,ok,True,False,text,False,3,0,2,False,0,False,0-10,Name | Address | Phone | Money/Amount,True,Contact Information | Financial Account Information,False,,ambiguous,True,yes,5998,standard,,False,False,0,0,0,0,0,0,3.191,False,False,True,,True,likely_no,no,6040,False,likely_non_responsive,True,,12038
CNG_Data2k/files/Q00897.01-0000327866.XLSX,Q00897.01-0000327866.XLSX,.xlsx,2831460,ok,True,True,text,True,14,0,2138,False,0,False,100+,Money/Amount,False,Financial Account Information,False,,ambiguous,True,no,9066,likely_non_responsive,roster_by_rowcount bde_llm_count,False,False,0,0,0,0,0,0,5.418,True,False,False,stage1_nr,False,,,0,False,,False,,9066
CNG_Data2k/files/Q00897.01-0000472204.MSG,Q00897.01-0000472204.MSG,.msg,23552,ok,True,False,text,False,0,0,0,False,0,False,0-10,,False,,False,,clear_non_responsive,False,,0,likely_non_responsive,,False,False,0,0,0,0,0,0,0.063,True,False,False,stage1_nr,False,,,0,False,,False,,0
CNG_Data2k/files/Q00897.01-0000802265.0001.PDF,Q00897.01-0000802265.0001.PDF,.pdf,78991,ok,True,True,text,True,2,0,24,False,1,False,20-50,Name | Address | Phone | Account Balance | Money/Amount | Health | Student ID,True,Contact Information | Financial Account Information | Health-Related Information | Student-Related Information,False,,ambiguous,True,yes,8336,standard,bde_llm_count,True,True,2,0,0,0,0,1,68.879,False,False,True,,True,clear_yes,yes,4679,False,standard,False,,13015
CNG_Data2k/files/Q00897.01-0000109130.PDF,Q00897.01-0000109130.PDF,.pdf,27511,ok,True,False,text,False,9,0,1,False,0,False,0-10,Money/Amount | Work-Related,False,Financial Account Information | Work-Related Information,False,,ambiguous,True,no,7507,likely_non_responsive,,False,False,0,0,0,0,0,0,2.659,True,False,False,stage1_nr,False,,,0,False,,False,,7507
CNG_Data2k/files/Q00897.01-0000636795.0001.PDF,Q00897.01-0000636795.0001.PDF,.pdf,2388012,ok,True,True,text,True,1,0,40,False,1,False,20-50,Name | Address | Phone | Money/Amount,True,Contact Information | Financial Account Information,False,,ambiguous,True,yes,8038,standard,bde_llm_count,True,True,1,0,0,0,0,1,8.33,False,False,True,,True,clear_yes,yes,4478,False,standard,False,,12516
CNG_Data2k/files/Q00897.01-0000242134.XLSX,Q00897.01-0000242134.XLSX,.xlsx,15659,ok,True,True,text,True,2,0,5,False,0,False,0-10,Address | Phone | Money/Amount,True,Contact Information | Financial Account Information,False,,ambiguous,True,no,7984,likely_non_responsive,bde_llm_count,False,False,0,0,0,0,0,0,2.129,True,False,False,stage1_nr,False,,,0,False,,False,,7984
CNG_Data2k/files/Q00897.01-0000573809.0001.XLSX,Q00897.01-0000573809.0001.XLSX,.xlsx,59900,ok,True,True,text,True,1,0,428,False,0,True,100+,Payment Card | Money/Amount,True,Financial Account Information,True,,ambiguous,True,no,17928,structured_bde,roster_by_rowcount bde_llm_count_roster,False,False,0,0,0,0,0,0,3.693,False,True,True,,True,clear_no,no,9431,True,likely_non_responsive,True,,27359
CNG_Data2k/files/Q00897.01-0000391554.MSG,Q00897.01-0000391554.MSG,.msg,69632,ok,True,False,text,False,0,0,1,False,0,False,0-10,Name | Address | Health,True,Contact Information | Health-Related Information,False,,ambiguous,True,no,4575,likely_non_responsive,,False,False,0,0,0,0,0,0,1.339,True,False,False,stage1_nr,False,,,0,False,,False,,4575
CNG_Data2k/files/Q00897.01-0000238596.PDF,Q00897.01-0000238596.PDF,.pdf,312304,ok,True,True,text,True,1,0,1,False,1,False,0-10,Name | Address,True,Contact Information,False,,ambiguous,True,yes,9222,standard,bde_llm_count,True,True,1,0,0,0,0,1,8.856,False,False,True,,True,clear_yes,yes,5063,False,standard,False,,14285
CNG_Data2k/files/Q00897.01-0000011668.PDF,Q00897.01-0000011668.PDF,.pdf,351622,ok,True,False,text,False,1,0,3,False,0,False,0-10,Name | Phone | SSN | Work-Related,True,Contact Information | Government-Issued Identification | Work-Related Information,False,,clear_responsive,False,,0,standard,,False,False,0,0,0,0,0,0,1.514,False,False,True,,True,clear_yes,yes,4418,False,standard,False,,4418
CNG_Data2k/files/Q00897.01-0000474110.0001.PDF,Q00897.01-0000474110.0001.PDF,.pdf,192276,ok,True,False,text,False,4,0,6,False,0,False,0-10,Name | Address | Money/Amount,True,Contact Information | Financial Account Information,False,,ambiguous,True,yes,6512,standard,,True,True,4,0,0,0,0,1,9.059,False,False,True,,True,clear_yes,yes,6542,False,standard,False,,13054
CNG_Data2k/files/Q00897.01-0000646346.MSG,Q00897.01-0000646346.MSG,.msg,179200,ok,True,False,text,False,0,0,1,False,0,False,0-10,Address | Phone | Health,True,Contact Information | Health-Related Information,False,,ambiguous,True,no,8847,likely_non_responsive,,False,False,0,0,0,0,0,0,1.19,True,False,False,stage1_nr,False,,,0,False,,False,,8847
CNG_Data2k/files/Q00897.01-0000910382.PDF,Q00897.01-0000910382.PDF,.pdf,16283,ok,True,False,text,False,2,0,8,False,8,False,0-10,Name | Phone | Money/Amount,True,Contact Information | Financial Account Information,False,,ambiguous,True,yes,8865,standard,bde_llm_count_roster,False,False,0,0,0,0,0,0,65.644,False,False,True,,True,clear_yes,yes,4915,False,standard,False,,13780
CNG_Data2k/files/Q00897.01-0000243248.PDF,Q00897.01-0000243248.PDF,.pdf,318900,ok,True,False,text,False,2,0,2,False,0,False,0-10,Phone | Money/Amount,True,Contact Information | Financial Account Information,False,,ambiguous,True,no,4047,likely_non_responsive,"img_ocr:p2(1/1,+4chars)",False,False,0,1,1,1,0,1,5.492,True,False,False,stage1_nr,False,,,0,False,,False,,4047
CNG_Data2k/files/Q00897.01-0000665527.0001.XLSX,Q00897.01-0000665527.0001.XLSX,.xlsx,18935,ok,True,True,text,True,1,0,62,False,0,False,50-100,Phone | Money/Amount,True,Contact Information | Financial Account Information,False,,ambiguous,True,no,13358,likely_non_responsive,roster_by_rowcount bde_llm_count,False,False,0,0,0,0,0,0,2.16,True,False,False,stage1_nr,False,,,0,False,,False,,13358
CNG_Data2k/files/Q00897.01-0000005542.PDF,Q00897.01-0000005542.PDF,.pdf,1136331,ok,True,True,text,True,2,0,27,False,2,False,20-50,Name | Money/Amount | Work-Related,False,Financial Account Information | Work-Related Information,False,,ambiguous,True,yes,8151,standard,bde_llm_count,True,True,2,0,0,0,0,1,12.774,False,False,True,,True,likely_yes,yes,4546,False,standard,False,,12697
CNG_Data2k/files/Q00897.01-0000274703.PDF,Q00897.01-0000274703.PDF,.pdf,362065,ok,True,False,text,False,4,0,2,False,0,False,0-10,Name | Address | Phone | Account Balance | Money/Amount,True,Contact Information | Financial Account Information,False,,ambiguous,True,yes,5079,standard,"img_ocr:p1,p3,p4(3/3,+51chars)",False,False,0,3,3,3,0,3,15.629,False,False,True,,True,clear_yes,yes,5126,False,standard,False,,10205
CNG_Data2k/files/Q00897.01-0000549715.MSG,Q00897.01-0000549715.MSG,.msg,202240,ok,True,False,text,False,0,0,1,False,0,False,0-10,Address,True,Contact Information,False,,ambiguous,True,no,4560,likely_non_responsive,,False,False,0,0,0,0,0,0,4.367,True,False,False,stage1_nr,False,,,0,False,,False,,4560
CNG_Data2k/files/Q00897.01-0000767455.0001.PDF,Q00897.01-0000767455.0001.PDF,.pdf,108353,ok,True,False,text,False,2,0,3,False,0,False,0-10,Name | Address | Email | Phone | Tax ID | Money/Amount,True,Contact Information | Government-Issued Identification | Financial Account Information,False,,ambiguous,True,no,4213,likely_non_responsive,,False,False,0,0,0,0,0,0,1.357,True,False,False,stage1_nr,False,,,0,False,,False,,4213
CNG_Data2k/files/Q00897.01-0000269474.PDF,Q00897.01-0000269474.PDF,.pdf,68565,ok,True,False,text,False,1,0,2,False,0,False,0-10,Name | Phone | Money/Amount,True,Contact Information | Financial Account Information,False,,ambiguous,True,yes,4068,standard,"img_ocr:p1(1/1,+17chars)",False,False,0,1,1,1,0,1,6.448,False,False,True,,True,likely_no,no,4139,False,likely_non_responsive,True,,8207
CNG_Data2k/files/Q00897.01-0000889658.PDF,Q00897.01-0000889658.PDF,.pdf,62618,ok,True,False,text,False,6,0,50,False,51,True,20-50,Name | Address | Phone | Money/Amount,True,Contact Information | Financial Account Information,True,,ambiguous,True,yes,21877,bde,bde_llm_count_roster,False,False,0,0,0,0,0,0,14.166,False,True,True,,True,clear_yes,yes,11379,False,standard,False,,33256
CNG_Data2k/files/Q00897.01-0000893518.PDF,Q00897.01-0000893518.PDF,.pdf,21315,ok,True,False,text,False,5,0,1,False,0,False,0-10,Name | Address | Phone | Money/Amount,True,Contact Information | Financial Account Information,False,,ambiguous,True,no,6201,likely_non_responsive,,False,False,0,0,0,0,0,0,1.603,True,False,False,stage1_nr,False,,,0,False,,False,,6201
CNG_Data2k/files/Q00897.01-0000501418.MSG,Q00897.01-0000501418.MSG,.msg,27136,ok,True,False,text,False,0,0,1,False,0,False,0-10,Money/Amount,False,Financial Account Information,False,,clear_non_responsive,False,,0,likely_non_responsive,,False,False,0,0,0,0,0,0,0.332,True,False,False,stage1_nr,False,,,0,False,,False,,0
CNG_Data2k/files/Q00897.01-0000837535.MSG,Q00897.01-0000837535.MSG,.msg,1298944,ok,True,False,text,False,0,1,2,False,0,False,0-10,Name | Address | Email,True,Contact Information,False,,ambiguous,True,no,3882,likely_non_responsive,,False,False,0,0,0,0,0,0,1.163,True,False,False,stage1_nr,False,,,0,False,,False,,3882
CNG_Data2k/files/Q00897.01-0000109479.PDF,Q00897.01-0000109479.PDF,.pdf,54797,ok,True,False,text,False,15,0,1,False,0,False,0-10,Money/Amount | Work-Related,False,Financial Account Information | Work-Related Information,False,,ambiguous,True,no,10136,likely_non_responsive,,False,False,0,0,0,0,0,0,1.663,True,False,False,stage1_nr,False,,,0,False,,False,,10136
CNG_Data2k/files/Q00897.01-0000654850.0001.PNG,Q00897.01-0000654850.0001.PNG,.png,6050,ok,False,False,image_only,False,0,0,0,False,0,False,,,False,,False,1-4 pages,,False,,0,nonsearchable_sample,ocr_failed:HttpResponseError,True,False,0,0,0,0,0,1,0.093,False,False,False,not_searchable,False,,,0,False,,False,,0
CNG_Data2k/files/Q00897.01-0000772911.0001.PDF,Q00897.01-0000772911.0001.PDF,.pdf,81380,ok,True,False,text,False,6,0,5,False,0,False,0-10,Name | Address | Email | Phone | Money/Amount | Health | Work-Related,True,Contact Information | Financial Account Information | Health-Related Information | Work-Related Information,False,,ambiguous,True,yes,6946,standard,,False,False,0,0,0,0,0,0,3.89,False,False,True,,True,likely_no,no,7028,False,likely_non_responsive,True,,13974
CNG_Data2k/files/Q00897.01-0000291080.XLSX,Q00897.01-0000291080.XLSX,.xlsx,14989,ok,True,True,text,True,2,0,31,False,31,False,20-50,Name | Address | Phone | SSN | Money/Amount,True,Contact Information | Government-Issued Identification | Financial Account Information,False,,clear_responsive,False,,5836,standard,bde_llm_count_roster,False,False,0,0,0,0,0,0,3.811,False,False,True,,True,clear_yes,yes,6814,False,standard,False,,12650
CNG_Data2k/files/Q00897.01-0000467575.MSG,Q00897.01-0000467575.MSG,.msg,172032,ok,True,False,text,False,0,1,4,False,0,False,0-10,Name | Address | Email | Phone | Money/Amount,True,Contact Information | Financial Account Information,False,,ambiguous,True,no,4171,likely_non_responsive,,False,False,0,0,0,0,0,0,1.754,True,False,False,stage1_nr,False,,,0,False,,False,,4171
CNG_Data2k/files/Q00897.01-0000254135.PDF,Q00897.01-0000254135.PDF,.pdf,214491,ok,True,False,text,False,1,0,3,False,0,False,0-10,Name | Email | Bank/Account Number | Money/Amount,True,Contact Information | Financial Account Information,False,,ambiguous,True,yes,3889,standard,,True,True,1,0,0,0,0,1,6.447,False,False,True,,True,likely_no,no,3983,False,likely_non_responsive,True,,7872
CNG_Data2k/files/Q00897.01-0000883362.DOCX,Q00897.01-0000883362.DOCX,.docx,96484,ok,True,False,text,False,0,0,3,False,0,False,0-10,Name | Email,True,Contact Information,False,,ambiguous,True,no,4095,likely_non_responsive,,False,False,0,0,0,0,0,0,1.013,True,False,False,stage1_nr,False,,,0,False,,False,,4095
CNG_Data2k/files/Q00897.01-0000294710.PDF,Q00897.01-0000294710.PDF,.pdf,41680,ok,True,False,text,False,1,0,1,False,0,False,0-10,Name | Money/Amount,True,Financial Account Information,False,,ambiguous,True,yes,3790,standard,,False,False,0,0,0,0,0,0,2.582,False,False,True,,True,borderline,no,3857,False,likely_non_responsive,True,,7647
CNG_Data2k/files/Q00897.01-0000885606.PDF,Q00897.01-0000885606.PDF,.pdf,1037813,ok,True,True,text,True,1,0,18,False,1,False,10-20,Name | Address | Military ID | Money/Amount | Health,True,Contact Information | Government-Issued Identification | Financial Account Information | Health-Related Information,False,,ambiguous,True,yes,9012,standard,bde_llm_count,True,True,1,0,0,0,0,1,8.307,False,False,True,,True,clear_yes,yes,4965,False,standard,False,,13977
CNG_Data2k/files/Q00897.01-0000916395.PDF,Q00897.01-0000916395.PDF,.pdf,257068,ok,True,False,text,False,2,0,3,False,0,False,0-10,Name | Money/Amount | Work-Related,False,Financial Account Information | Work-Related Information,False,,ambiguous,True,yes,4429,standard,,False,False,0,0,0,0,0,0,2.275,False,False,True,,True,clear_yes,yes,4485,False,standard,False,,8914
CNG_Data2k/files/Q00897.01-0000111684.XLSX,Q00897.01-0000111684.XLSX,.xlsx,36065,ok,True,True,text,True,1,0,573,False,0,False,100+,Work-Related,False,Work-Related Information,False,,ambiguous,True,no,8196,likely_non_responsive,roster_by_rowcount bde_llm_count,False,False,0,0,0,0,0,0,2.118,True,False,False,stage1_nr,False,,,0,False,,False,,8196
CNG_Data2k/files/Q00897.01-0000262508.PDF,Q00897.01-0000262508.PDF,.pdf,806041,ok,True,False,text,False,337,0,329,False,0,False,100+,Name | Address | Phone | Payment Card | Money/Amount,True,Contact Information | Financial Account Information,False,,ambiguous,True,no,28571,likely_non_responsive,bde_llm_count,False,False,0,0,0,0,0,0,10.137,True,False,False,stage1_nr,False,,,0,False,,False,,28571
CNG_Data2k/files/Q00897.01-0000910536.PDF,Q00897.01-0000910536.PDF,.pdf,12006,ok,True,False,text,False,1,0,0,False,0,False,0-10,,False,,False,,clear_non_responsive,False,,0,likely_non_responsive,,False,False,0,0,0,0,0,0,0.032,True,False,False,stage1_nr,False,,,0,False,,False,,0
CNG_Data2k/files/Q00897.01-0000916873.PDF,Q00897.01-0000916873.PDF,.pdf,669762,ok,True,True,text,True,5,0,7,False,3,False,0-10,Name | Address | Email | Phone | Money/Amount | Credentials | Work-Related,True,Contact Information | Financial Account Information | Access Credentials | Work-Related Information,False,,ambiguous,True,yes,10535,standard,bde_llm_count,True,True,5,0,0,0,0,1,14.401,False,False,True,,True,likely_yes,yes,5691,False,standard,False,,16226
CNG_Data2k/files/Q00897.01-0000294399.PDF,Q00897.01-0000294399.PDF,.pdf,1404386,ok,True,False,text,False,10,0,1,False,0,False,0-10,Money/Amount,False,Financial Account Information,False,,clear_non_responsive,False,,0,likely_non_responsive,,False,False,0,0,0,0,0,0,1.424,True,False,False,stage1_nr,False,,,0,False,,False,,0
CNG_Data2k/files/Q00897.01-0000702653.MSG,Q00897.01-0000702653.MSG,.msg,206848,ok,True,False,text,False,0,0,4,False,0,False,0-10,Name | Address | Money/Amount,True,Contact Information | Financial Account Information,False,,ambiguous,True,no,4875,likely_non_responsive,,False,False,0,0,0,0,0,0,1.555,True,False,False,stage1_nr,False,,,0,False,,False,,4875
CNG_Data2k/files/Q00897.01-0000806288.0001.PDF,Q00897.01-0000806288.0001.PDF,.pdf,95060,ok,True,False,text,False,4,0,1,False,0,False,0-10,Address | Money/Amount | Demographic | Work-Related,True,Contact Information | Financial Account Information | Demographic Information | Work-Related Information,False,,ambiguous,True,no,6828,likely_non_responsive,,False,False,0,0,0,0,0,0,1.204,True,False,False,stage1_nr,False,,,0,False,,False,,6828
CNG_Data2k/files/Q00897.01-0000485135.MSG,Q00897.01-0000485135.MSG,.msg,50688,ok,True,False,text,False,0,5,5,False,0,False,0-10,Name | Demographic,True,Demographic Information,False,,ambiguous,True,yes,4380,standard,,False,False,0,0,0,0,0,0,3.524,False,False,True,,True,borderline,no,4442,False,likely_non_responsive,True,,8822
CNG_Data2k/files/Q00897.01-0000293799.PDF,Q00897.01-0000293799.PDF,.pdf,115514,ok,True,False,text,False,1,0,1,False,0,False,0-10,Money/Amount,False,Financial Account Information,False,,clear_non_responsive,False,,0,likely_non_responsive,,False,False,0,0,0,0,0,0,0.098,True,False,False,stage1_nr,False,,,0,False,,False,,0
CNG_Data2k/files/Q00897.01-0000320095.XML,Q00897.01-0000320095.XML,.xml,3737663,ok,True,False,text,False,0,0,1,False,0,False,0-10,Alien Registration | Money/Amount,False,Government-Issued Identification | Financial Account Information,False,,ambiguous,True,no,7637,likely_non_responsive,,False,False,0,0,0,0,0,0,3.735,True,False,False,stage1_nr,False,,,0,False,,False,,7637
CNG_Data2k/files/Q00897.01-0000795959.MSG,Q00897.01-0000795959.MSG,.msg,110592,ok,True,False,text,False,0,1,7,False,7,False,0-10,Name | Address | Email | Phone,True,Contact Information,False,,ambiguous,True,yes,8272,standard,bde_llm_count,False,False,0,0,0,0,0,0,4.501,False,False,True,,True,likely_no,no,4575,False,likely_non_responsive,True,,12847
CNG_Data2k/files/Q00897.01-0000910459.PDF,Q00897.01-0000910459.PDF,.pdf,552077,ok,True,True,text,True,15,0,426,False,9,True,100+,Address | Phone | SSN | Money/Amount,True,Contact Information | Government-Issued Identification | Financial Account Information,True,,clear_responsive,False,,12104,structured_bde,bde_llm_count_roster,True,True,15,0,0,0,0,1,13.018,False,True,True,,True,clear_yes,yes,13037,True,structured_bde,False,,25141
CNG_Data2k/files/Q00897.01-0000872972.XLSX,Q00897.01-0000872972.XLSX,.xlsx,25017,ok,True,True,text,True,4,0,78,False,0,False,50-100,Name | Phone | Money/Amount,True,Contact Information | Financial Account Information,False,,ambiguous,True,yes,11708,standard,roster_by_rowcount bde_llm_count,False,False,0,0,0,0,0,0,65.698,False,False,True,,True,likely_no,no,6330,True,likely_non_responsive,True,,18038
CNG_Data2k/files/Q00897.01-0000840763.MSG,Q00897.01-0000840763.MSG,.msg,562176,ok,True,False,text,False,0,2,6,False,0,False,0-10,Name | Address | Email | Phone,True,Contact Information,False,,ambiguous,True,yes,4416,standard,,False,False,0,0,0,0,0,0,2.681,False,False,True,,True,likely_no,no,4481,False,likely_non_responsive,True,,8897
CNG_Data2k/files/Q00897.01-0000883581.PDF,Q00897.01-0000883581.PDF,.pdf,838915,ok,True,True,text,True,4,0,33,False,1,False,20-50,Name | Address | Phone | Card/Transaction | Money/Amount | Demographic,True,Contact Information | Financial Account Information | Demographic Information,False,,ambiguous,True,yes,11448,standard,bde_llm_count,True,True,4,0,0,0,0,1,10.141,False,False,True,,True,clear_yes,yes,6157,False,standard,False,,17605
CNG_Data2k/files/Q00897.01-0000325130.PDF,Q00897.01-0000325130.PDF,.pdf,248832,ok,True,False,text,False,4,0,9,False,7,False,0-10,Name | Address | Email | Phone | Tax ID | Money/Amount,True,Contact Information | Government-Issued Identification | Financial Account Information,False,,ambiguous,True,yes,9634,standard,"img_ocr:p2(1/1,+176chars) bde_llm_count",False,False,0,1,1,1,0,1,9.23,False,False,True,,True,likely_no,no,5291,False,likely_non_responsive,True,,14925
CNG_Data2k/files/Q00897.01-0000822770.MSG,Q00897.01-0000822770.MSG,.msg,49664,ok,True,False,text,False,0,1,5,False,0,False,0-10,Name | Address | Email | Phone,True,Contact Information,False,,ambiguous,True,no,4167,likely_non_responsive,,False,False,0,0,0,0,0,0,2.534,True,False,False,stage1_nr,False,,,0,False,,False,,4167
CNG_Data2k/files/Q00897.01-0000373165.MSG,Q00897.01-0000373165.MSG,.msg,318976,ok,True,False,text,False,0,0,2,False,0,False,0-10,Address | Email | Phone,True,Contact Information,False,,ambiguous,True,no,5354,likely_non_responsive,,False,False,0,0,0,0,0,0,2.819,True,False,False,stage1_nr,False,,,0,False,,False,,5354
CNG_Data2k\files\Q00897.01-0000808383.0001.DOC,Q00897.01-0000808383.0001.DOC,.doc,22971,ok,True,False,text,False,0,0,1,False,0,False,0-10,Health,False,Health-Related Information,False,,ambiguous,True,no,3567,likely_non_responsive,,False,False,0,0,0,0,0,0,1.01,True,False,False,stage1_nr,False,,,0,False,,False,,3567
CNG_Data2k/files/Q00897.01-0000017750.PDF,Q00897.01-0000017750.PDF,.pdf,842854,ok,True,True,text,True,5,0,78,False,2,False,50-100,Name | Address | Phone | Money/Amount | Work-Related,True,Contact Information | Financial Account Information | Work-Related Information,False,,ambiguous,True,yes,10765,standard,bde_llm_count,True,True,5,0,0,0,0,1,10.705,False,False,True,,True,clear_yes,yes,5835,True,structured_bde,False,,16600
CNG_Data2k/files/Q00897.01-0000914016.PDF,Q00897.01-0000914016.PDF,.pdf,195372,ok,True,False,text,False,2,0,4,False,0,False,0-10,Name | Phone | SSN | Money/Amount | Health,True,Contact Information | Government-Issued Identification | Financial Account Information | Health-Related Information,False,,clear_responsive,False,,0,standard,"img_ocr:p1(1/1,+6chars)",False,False,0,1,1,1,0,1,5.319,False,False,True,,True,clear_yes,yes,5472,False,standard,False,,5472
CNG_Data2k/files/Q00897.01-0000777444.MSG,Q00897.01-0000777444.MSG,.msg,176640,ok,True,False,text,False,0,0,3,False,0,False,0-10,Name | Address | Email | Phone | Money/Amount,True,Contact Information | Financial Account Information,False,,ambiguous,True,no,4247,likely_non_responsive,,False,False,0,0,0,0,0,0,1.605,True,False,False,stage1_nr,False,,,0,False,,False,,4247
CNG_Data2k/files/Q00897.01-0000444393.0001.PDF,Q00897.01-0000444393.0001.PDF,.pdf,400868,ok,True,True,text,True,3,0,16,False,2,False,10-20,Name | Address | Email | Phone | Card Expiry/CVV | Money/Amount,True,Contact Information | Financial Account Information,False,,ambiguous,True,yes,9347,standard,bde_llm_count,True,True,3,0,0,0,0,1,11.527,False,False,True,,True,borderline,no,5107,False,likely_non_responsive,True,,14454
CNG_Data2k/files/Q00897.01-0000694757.MSG,Q00897.01-0000694757.MSG,.msg,242688,ok,True,False,text,False,0,1,7,False,6,False,0-10,Name | Address | Email | Phone | Money/Amount,True,Contact Information | Financial Account Information,False,,ambiguous,True,no,9446,likely_non_responsive,bde_llm_count,False,False,0,0,0,0,0,0,3.174,True,False,False,stage1_nr,False,,,0,False,,False,,9446
CNG_Data2k\files\Q00897.01-0000834500.0001.DOC,Q00897.01-0000834500.0001.DOC,.doc,42647,ok,True,False,text,False,0,0,1,False,0,False,0-10,Name | Address,True,Contact Information,False,,ambiguous,True,no,4643,likely_non_responsive,,False,False,0,0,0,0,0,0,0.956,True,False,False,stage1_nr,False,,,0,False,,False,,4643
CNG_Data2k/files/Q00897.01-0000529144.0001.PDF,Q00897.01-0000529144.0001.PDF,.pdf,22676,ok,True,False,text,False,1,0,1,False,0,False,0-10,Money/Amount,False,Financial Account Information,False,,clear_non_responsive,False,,0,likely_non_responsive,,False,False,0,0,0,0,0,0,0.029,True,False,False,stage1_nr,False,,,0,False,,False,,0
CNG_Data2k/files/Q00897.01-0000768115.0001.PDF,Q00897.01-0000768115.0001.PDF,.pdf,501358,ok,True,False,text,False,3,0,6,False,0,False,0-10,Name | Address | Email | Phone | Bank/Account Number | Money/Amount,True,Contact Information | Financial Account Information,False,,ambiguous,True,yes,5171,standard,"img_ocr:p1,p1(2/2,+35chars)",False,False,0,2,2,2,0,2,11.61,False,False,True,,True,likely_yes,yes,5233,False,standard,False,,10404
CNG_Data2k/files/Q00897.01-0000656105.0001.PDF,Q00897.01-0000656105.0001.PDF,.pdf,835366,ok,True,True,text,True,4,0,9,False,4,False,0-10,Name | Address | Email | Phone | Money/Amount,True,Contact Information | Financial Account Information,False,,ambiguous,True,yes,9255,standard,bde_llm_count,True,True,4,0,0,0,0,1,9.394,False,False,True,,True,likely_no,no,5071,False,likely_non_responsive,True,,14326
CNG_Data2k/files/Q00897.01-0000687805.MSG,Q00897.01-0000687805.MSG,.msg,220160,ok,True,False,text,False,0,0,2,False,0,False,0-10,Address | Email | Phone | Credentials,True,Contact Information | Access Credentials,False,,ambiguous,True,no,4055,likely_non_responsive,,False,False,0,0,0,0,0,0,1.934,True,False,False,stage1_nr,False,,,0,False,,False,,4055
CNG_Data2k/files/Q00897.01-0000445390.MSG,Q00897.01-0000445390.MSG,.msg,455168,ok,True,False,text,False,0,1,4,False,0,False,0-10,Name | Address | Email | Money/Amount,True,Contact Information | Financial Account Information,False,,ambiguous,True,no,3979,likely_non_responsive,,False,False,0,0,0,0,0,0,1.399,True,False,False,stage1_nr,False,,,0,False,,False,,3979
CNG_Data2k/files/Q00897.01-0000914026.PDF,Q00897.01-0000914026.PDF,.pdf,7879,ok,True,False,text,False,4,0,2,False,0,False,0-10,Name | Address | Phone | Money/Amount,True,Contact Information | Financial Account Information,False,,ambiguous,True,yes,6878,standard,,False,False,0,0,0,0,0,0,2.546,False,False,True,,True,likely_yes,yes,6930,False,standard,False,,13808
CNG_Data2k/files/Q00897.01-0000839030.0001.DOCX,Q00897.01-0000839030.0001.DOCX,.docx,136162,ok,True,False,text,False,0,0,1,False,0,False,0-10,Money/Amount,False,Financial Account Information,False,,clear_non_responsive,False,,0,likely_non_responsive,,False,False,0,0,0,0,0,0,0.068,True,False,False,stage1_nr,False,,,0,False,,False,,0
CNG_Data2k/files/Q00897.01-0000601573.0001.XLSX,Q00897.01-0000601573.0001.XLSX,.xlsx,35756,ok,True,True,text,True,1,0,272,False,0,True,100+,Phone | Money/Amount,True,Contact Information | Financial Account Information,True,,ambiguous,True,no,12023,structured_bde,roster_by_rowcount bde_llm_count_roster,False,False,0,0,0,0,0,0,3.886,False,True,True,,True,clear_no,no,6444,True,likely_non_responsive,True,,18467
CNG_Data2k/files/Q00897.01-0000139045.PDF,Q00897.01-0000139045.PDF,.pdf,4915002,ok,True,True,text,True,15,0,213,False,10,True,100+,Name | Address | Email | Phone | Money/Amount,True,Contact Information | Financial Account Information,True,,ambiguous,True,yes,20220,structured_bde,bde_llm_count_roster,True,True,15,0,0,0,0,1,14.693,False,True,True,,True,likely_no,no,10441,True,likely_non_responsive,True,,30661
CNG_Data2k/files/Q00897.01-0000814191.MSG,Q00897.01-0000814191.MSG,.msg,124928,ok,True,False,text,False,0,1,5,False,0,False,0-10,Name | Email | Phone | Money/Amount,True,Contact Information | Financial Account Information,False,,ambiguous,True,yes,4553,standard,,False,False,0,0,0,0,0,0,3.411,False,False,True,,True,likely_no,no,4555,False,likely_non_responsive,True,,9108
CNG_Data2k/files/Q00897.01-0000590369.MSG,Q00897.01-0000590369.MSG,.msg,117248,ok,True,False,text,False,0,0,2,False,0,False,0-10,Email | Phone | Money/Amount,True,Contact Information | Financial Account Information,False,,ambiguous,True,no,5082,likely_non_responsive,,False,False,0,0,0,0,0,0,1.76,True,False,False,stage1_nr,False,,,0,False,,False,,5082
CNG_Data2k/files/Q00897.01-0000332162.PDF,Q00897.01-0000332162.PDF,.pdf,380996,ok,True,False,text,False,4,0,3,False,0,False,0-10,Name | Address | Bank/Account Number | Money/Amount,True,Contact Information | Financial Account Information,False,,ambiguous,True,yes,4408,standard,"img_ocr:p2(1/1,+302chars)",False,False,0,1,1,1,0,1,7.483,False,False,True,,True,borderline,no,4491,False,likely_non_responsive,True,,8899
CNG_Data2k/files/Q00897.01-0000642368.MSG,Q00897.01-0000642368.MSG,.msg,19456,ok,True,False,text,False,0,0,0,False,0,False,0-10,,False,,False,,clear_non_responsive,False,,0,likely_non_responsive,,False,False,0,0,0,0,0,0,0.039,True,False,False,stage1_nr,False,,,0,False,,False,,0
CNG_Data2k/files/Q00897.01-0000787326.0001.PDF,Q00897.01-0000787326.0001.PDF,.pdf,194065,ok,True,False,text,False,1,0,9,False,5,False,0-10,Name | Address | Email | Phone | Money/Amount,True,Contact Information | Financial Account Information,False,,ambiguous,True,yes,7683,standard,bde_llm_count,False,False,0,0,0,0,0,0,4.717,False,False,True,,True,likely_no,no,4303,False,likely_non_responsive,True,,11986
CNG_Data2k/files/Q00897.01-0000843197.MSG,Q00897.01-0000843197.MSG,.msg,29184,error,False,False,,False,0,0,0,False,0,False,,,False,,False,,,False,,0,review_error,KeyError,False,False,0,0,0,0,0,0,0.356,False,False,False,extract_error,False,,,0,False,,False,,0
CNG_Data2k/files/Q00897.01-0000480396.MSG,Q00897.01-0000480396.MSG,.msg,89088,ok,True,False,text,False,0,0,2,False,0,False,0-10,Name | Email | Phone | Health,True,Contact Information | Health-Related Information,False,,ambiguous,True,yes,4130,standard,,False,False,0,0,0,0,0,0,2.233,False,False,True,,True,likely_no,no,4186,False,likely_non_responsive,True,,8316
CNG_Data2k/files/Q00897.01-0000909637.PDF,Q00897.01-0000909637.PDF,.pdf,8632,ok,True,False,text,False,1,0,9,False,9,False,0-10,Name | Phone,True,Contact Information,False,,ambiguous,True,yes,7144,standard,bde_llm_count_roster,False,False,0,0,0,0,0,0,5.172,False,False,True,,True,borderline,no,4056,False,likely_non_responsive,True,,11200
CNG_Data2k/files/Q00897.01-0000134040.PDF,Q00897.01-0000134040.PDF,.pdf,1796361,ok,True,True,text,True,9,0,50,False,1,False,20-50,Name | Phone | Money/Amount,True,Contact Information | Financial Account Information,False,,ambiguous,True,yes,11587,standard,bde_llm_count,True,True,9,0,0,0,0,1,12.191,False,False,True,,True,likely_no,no,6244,False,likely_non_responsive,True,,17831
CNG_Data2k/files/Q00897.01-0000526838.0001.PDF,Q00897.01-0000526838.0001.PDF,.pdf,23222,ok,True,False,text,False,2,0,1,False,0,False,0-10,Phone,True,Contact Information,False,,ambiguous,True,no,3856,likely_non_responsive,,False,False,0,0,0,0,0,0,1.08,True,False,False,stage1_nr,False,,,0,False,,False,,3856
CNG_Data2k/files/Q00897.01-0000534749.0001.PDF,Q00897.01-0000534749.0001.PDF,.pdf,22630,ok,True,False,text,False,1,0,1,False,0,False,0-10,Money/Amount,False,Financial Account Information,False,,clear_non_responsive,False,,0,likely_non_responsive,,False,False,0,0,0,0,0,0,0.024,True,False,False,stage1_nr,False,,,0,False,,False,,0
CNG_Data2k/files/Q00897.01-0000808794.0002.DOCX,Q00897.01-0000808794.0002.DOCX,.docx,36048,ok,True,False,text,False,0,0,1,False,0,False,0-10,Address | Health,True,Contact Information | Health-Related Information,False,,ambiguous,True,no,5629,likely_non_responsive,,False,False,0,0,0,0,0,0,1.583,True,False,False,stage1_nr,False,,,0,False,,False,,5629
CNG_Data2k/files/Q00897.01-0000894136.PDF,Q00897.01-0000894136.PDF,.pdf,7351,ok,True,False,text,False,1,0,1,False,0,False,0-10,Phone,True,Contact Information,False,,ambiguous,True,yes,3740,standard,,False,False,0,0,0,0,0,0,2.099,False,False,True,,True,borderline,no,3802,False,likely_non_responsive,True,,7542
CNG_Data2k/files/Q00897.01-0000884440.MSG,Q00897.01-0000884440.MSG,.msg,10988544,ok,True,False,text,False,0,5,5,False,0,False,0-10,Name | Address | Email | Phone | Health,True,Contact Information | Health-Related Information,False,,ambiguous,True,yes,11349,standard,,False,False,0,0,0,0,0,0,3.96,False,False,True,,True,likely_yes,yes,11413,False,standard,False,,22762
CNG_Data2k/files/Q00897.01-0000896224.PDF,Q00897.01-0000896224.PDF,.pdf,15065,ok,True,False,text,False,2,0,1,False,0,False,0-10,Money/Amount,False,Financial Account Information,False,,clear_non_responsive,False,,0,likely_non_responsive,,False,False,0,0,0,0,0,0,0.073,True,False,False,stage1_nr,False,,,0,False,,False,,0
CNG_Data2k/files/Q00897.01-0000902590.PDF,Q00897.01-0000902590.PDF,.pdf,15245,ok,True,False,text,False,2,0,1,False,0,False,0-10,Money/Amount,False,Financial Account Information,False,,clear_non_responsive,False,,0,likely_non_responsive,,False,False,0,0,0,0,0,0,0.067,True,False,False,stage1_nr,False,,,0,False,,False,,0
CNG_Data2k/files/Q00897.01-0000823679.MSG,Q00897.01-0000823679.MSG,.msg,122368,ok,True,False,text,False,0,0,5,False,0,False,0-10,Name | Address | Email | Phone,True,Contact Information,False,,ambiguous,True,yes,3923,standard,,False,False,0,0,0,0,0,0,2.585,False,False,True,,True,clear_no,no,4017,False,likely_non_responsive,True,,7940
CNG_Data2k/files/Q00897.01-0000690125.0001.TXT,Q00897.01-0000690125.0001.TXT,.txt,1992,ok,True,False,text,False,0,0,2,False,0,False,0-10,Name | Address | Phone,True,Contact Information,False,,ambiguous,True,yes,4643,standard,,False,False,0,0,0,0,0,0,4.68,False,False,True,,True,clear_no,no,4710,False,likely_non_responsive,True,,9353
CNG_Data2k/files/Q00897.01-0000834641.MSG,Q00897.01-0000834641.MSG,.msg,148480,ok,True,False,text,False,0,1,10,False,6,False,0-10,Name | Address | Email | Phone,True,Contact Information,False,,ambiguous,True,yes,15461,standard,bde_llm_count,False,False,0,0,0,0,0,0,6.38,False,False,True,,True,likely_yes,yes,8242,False,standard,False,,23703
CNG_Data2k/files/Q00897.01-0000002659.PDF,Q00897.01-0000002659.PDF,.pdf,1158256,ok,True,True,text,True,1,0,18,False,1,False,10-20,Name | Address | Email | Phone | SSN | Date of Birth | Money/Amount | Work-Related,True,Contact Information | Government-Issued Identification | Birth Information | Financial Account Information | Work-Related Information,False,,clear_responsive,False,,3249,standard,bde_llm_count,True,True,1,0,0,0,0,1,9.285,False,False,True,,True,clear_yes,yes,4105,False,standard,False,,7354
CNG_Data2k/files/Q00897.01-0000683849.0001.PDF,Q00897.01-0000683849.0001.PDF,.pdf,870686,ok,True,True,text,True,15,0,829,False,0,False,100+,Name | Money/Amount,False,Financial Account Information,False,,ambiguous,True,no,28624,likely_non_responsive,bde_llm_count,True,True,15,0,0,0,0,1,62.159,True,False,False,stage1_nr,False,,,0,False,,False,,28624
CNG_Data2k/files/Q00897.01-0000624863.MSG,Q00897.01-0000624863.MSG,.msg,35328,ok,True,False,text,False,0,0,2,False,0,False,0-10,Name | Email | Phone,True,Contact Information,False,,ambiguous,True,yes,4262,standard,,False,False,0,0,0,0,0,0,2.862,False,False,True,,True,likely_no,no,4312,False,likely_non_responsive,True,,8574
CNG_Data2k/files/Q00897.01-0000809821.0001.PDF,Q00897.01-0000809821.0001.PDF,.pdf,231163,ok,True,False,text,False,6,0,2,False,0,False,0-10,Name | Address | Email | Health,True,Contact Information | Health-Related Information,False,,ambiguous,True,no,7105,likely_non_responsive,,False,False,0,0,0,0,0,0,1.99,True,False,False,stage1_nr,False,,,0,False,,False,,7105
CNG_Data2k/files/Q00897.01-0000345007.PDF,Q00897.01-0000345007.PDF,.pdf,634589,ok,True,False,text,False,2,0,5,False,0,False,0-10,Name | Phone | Money/Amount,True,Contact Information | Financial Account Information,False,,ambiguous,True,yes,5349,standard,,False,False,0,0,0,0,0,0,3.878,False,False,True,,True,likely_yes,yes,5403,False,standard,False,,10752
CNG_Data2k/files/Q00897.01-0000021213.PDF,Q00897.01-0000021213.PDF,.pdf,343037,ok,True,False,text,False,1,0,1,False,0,False,0-10,Name | Phone | Money/Amount,True,Contact Information | Financial Account Information,False,,ambiguous,True,yes,4350,standard,,False,False,0,0,0,0,0,0,3.168,False,False,True,,True,likely_yes,yes,4398,False,standard,False,,8748
CNG_Data2k/files/Q00897.01-0000901669.PDF,Q00897.01-0000901669.PDF,.pdf,12205,ok,True,False,text,False,1,0,0,False,0,False,0-10,,False,,False,,clear_non_responsive,False,,0,likely_non_responsive,,False,False,0,0,0,0,0,0,0.034,True,False,False,stage1_nr,False,,,0,False,,False,,0
CNG_Data2k/files/Q00897.01-0000008077.PDF,Q00897.01-0000008077.PDF,.pdf,123672,ok,True,False,text,False,4,0,2,False,0,False,0-10,Name | Address | Phone,True,Contact Information,False,,ambiguous,True,yes,11214,standard,,False,False,0,0,0,0,0,0,3.852,False,False,True,,True,clear_yes,yes,11245,False,standard,False,,22459
CNG_Data2k/files/Q00897.01-0000003755.PDF,Q00897.01-0000003755.PDF,.pdf,794008,ok,True,True,text,True,6,0,21,False,1,False,20-50,Name | Address | Money/Amount | Health | Demographic | Work-Related,True,Contact Information | Financial Account Information | Health-Related Information | Demographic Information | Work-Related Information,False,,ambiguous,True,yes,12807,standard,bde_llm_count,True,True,6,0,0,0,0,1,10.508,False,False,True,,True,clear_yes,yes,6851,False,standard,False,,19658
CNG_Data2k/files/Q00897.01-0000341114.PDF,Q00897.01-0000341114.PDF,.pdf,123471,ok,True,True,text,True,1,0,12,False,1,False,10-20,Name | Money/Amount,False,Financial Account Information,False,,ambiguous,True,yes,7085,standard,bde_llm_count,True,True,1,0,0,0,0,1,7.758,False,False,True,,True,likely_no,no,4032,False,likely_non_responsive,True,,11117
CNG_Data2k/files/Q00897.01-0000728259.MSG,Q00897.01-0000728259.MSG,.msg,419328,ok,True,False,text,False,0,0,1,False,0,False,0-10,Money/Amount,False,Financial Account Information,False,,clear_non_responsive,False,,0,likely_non_responsive,,False,False,0,0,0,0,0,0,3.593,True,False,False,stage1_nr,False,,,0,False,,False,,0
CNG_Data2k/files/Q00897.01-0000866661.0001.PNG,Q00897.01-0000866661.0001.PNG,.png,62402,ok,True,True,text,True,1,0,3,False,0,False,0-10,Money/Amount,False,Financial Account Information,False,,ambiguous,True,no,7018,likely_non_responsive,bde_llm_count,True,True,1,0,0,0,0,1,5.944,True,False,False,stage1_nr,False,,,0,False,,False,,7018
CNG_Data2k/files/Q00897.01-0000907999.PDF,Q00897.01-0000907999.PDF,.pdf,4642749,ok,True,False,text,False,567,0,428,False,428,True,100+,Address | Phone | SSN | Money/Amount | Work-Related,True,Contact Information | Government-Issued Identification | Financial Account Information | Work-Related Information,True,,clear_responsive,False,,14001,bde,bde_llm_count_roster,False,False,0,0,0,0,0,0,84.82,False,True,True,,True,clear_yes,yes,15023,True,bde,False,,29024
CNG_Data2k\files\Q00897.01-0000014077.XLS,Q00897.01-0000014077.XLS,.xls,69347,ok,True,True,text,True,2,0,8,False,8,False,0-10,Name | Money/Amount,False,Financial Account Information,False,,ambiguous,True,yes,3615,standard,bde_llm_count_roster,False,False,0,0,0,0,0,0,4.657,False,False,True,,True,likely_yes,yes,2446,False,standard,False,,6061
CNG_Data2k/files/Q00897.01-0000117694.XLSX,Q00897.01-0000117694.XLSX,.xlsx,42455,ok,True,True,text,True,2,0,100,False,100,True,50-100,Work-Related,False,Work-Related Information,True,,ambiguous,True,yes,8276,structured_bde,roster_by_rowcount bde_llm_count_roster,False,False,0,0,0,0,0,0,3.844,False,True,True,,True,likely_yes,yes,4594,True,structured_bde,False,,12870
CNG_Data2k/files/Q00897.01-0000642884.MSG,Q00897.01-0000642884.MSG,.msg,23040,ok,True,False,text,False,0,0,0,False,0,False,0-10,,False,,False,,clear_non_responsive,False,,0,likely_non_responsive,,False,False,0,0,0,0,0,0,0.026,True,False,False,stage1_nr,False,,,0,False,,False,,0
CNG_Data2k/files/Q00897.01-0000839679.0002.DOCX,Q00897.01-0000839679.0002.DOCX,.docx,490277,ok,True,False,text,False,0,0,6,False,0,False,0-10,Name | Address | Money/Amount | Health | Work-Related,True,Contact Information | Financial Account Information | Health-Related Information | Work-Related Information,False,,ambiguous,True,yes,6281,standard,,False,False,0,0,0,0,0,0,2.945,False,False,True,,True,likely_no,no,6337,False,likely_non_responsive,True,,12618
CNG_Data2k/files/Q00897.01-0000118118.0005.PDF,Q00897.01-0000118118.0005.PDF,.pdf,197671,ok,True,False,text,False,1,0,1,False,0,False,0-10,Money/Amount | Work-Related,False,Financial Account Information | Work-Related Information,False,,ambiguous,True,no,4062,likely_non_responsive,"img_ocr:p1,p1(2/2,+174chars)",False,False,0,2,2,2,0,2,10.052,True,False,False,stage1_nr,False,,,0,False,,False,,4062
CNG_Data2k/files/Q00897.01-0000284254.PDF,Q00897.01-0000284254.PDF,.pdf,1251124,ok,True,True,text,True,4,0,28,False,1,False,20-50,Name | Address | Email | Phone | Bank/Account Number | Card Expiry/CVV | Card/Transaction | Account Balance | Money/Amount,True,Contact Information | Financial Account Information,False,,ambiguous,True,yes,11567,standard,bde_llm_count,True,True,4,0,0,0,0,1,10.179,False,False,True,,True,clear_yes,yes,6224,False,standard,False,,17791
CNG_Data2k/files/Q00897.01-0000761410.MSG,Q00897.01-0000761410.MSG,.msg,113664,ok,True,False,text,False,0,0,1,False,0,False,0-10,Name | Alien Registration | Money/Amount | Work-Related,True,Government-Issued Identification | Financial Account Information | Work-Related Information,False,,ambiguous,True,no,7083,likely_non_responsive,,False,False,0,0,0,0,0,0,3.395,True,False,False,stage1_nr,False,,,0,False,,False,,7083
CNG_Data2k/files/Q00897.01-0000677072.MSG,Q00897.01-0000677072.MSG,.msg,277504,ok,True,False,text,False,0,0,1,False,0,False,0-10,Money/Amount,False,Financial Account Information,False,,clear_non_responsive,False,,0,likely_non_responsive,,False,False,0,0,0,0,0,0,2.632,True,False,False,stage1_nr,False,,,0,False,,False,,0
CNG_Data2k/files/Q00897.01-0000289493.PDF,Q00897.01-0000289493.PDF,.pdf,332315,ok,True,False,text,False,1,0,1,False,0,False,0-10,Money/Amount,False,Financial Account Information,False,,clear_non_responsive,False,,0,likely_non_responsive,,False,False,0,0,0,0,0,0,0.194,True,False,False,stage1_nr,False,,,0,False,,False,,0
CNG_Data2k/files/Q00897.01-0000277560.PDF,Q00897.01-0000277560.PDF,.pdf,76664,ok,True,True,text,True,1,0,14,False,2,False,10-20,Address | Phone | SSN | Money/Amount,True,Contact Information | Government-Issued Identification | Financial Account Information,False,,clear_responsive,False,,3350,standard,bde_llm_count,True,True,1,0,0,0,0,1,7.228,False,False,True,,True,borderline,no,4230,False,likely_non_responsive,True,,7580
CNG_Data2k/files/Q00897.01-0000843089.0003.DOCX,Q00897.01-0000843089.0003.DOCX,.docx,103140,ok,True,False,text,False,0,0,0,False,0,False,0-10,,False,,False,,clear_non_responsive,False,,0,likely_non_responsive,,False,False,0,0,0,0,0,0,0.054,True,False,False,stage1_nr,False,,,0,False,,False,,0
CNG_Data2k/files/Q00897.01-0000838686.0001.PDF,Q00897.01-0000838686.0001.PDF,.pdf,193056,ok,True,False,text,False,4,0,1,False,0,False,0-10,Address | Phone,True,Contact Information,False,,ambiguous,True,no,5595,likely_non_responsive,,False,False,0,0,0,0,0,0,1.655,True,False,False,stage1_nr,False,,,0,False,,False,,5595
CNG_Data2k/files/Q00897.01-0000530667.0001.PNG,Q00897.01-0000530667.0001.PNG,.png,428854,ok,True,True,text,True,1,0,33,False,0,False,20-50,Money/Amount,False,Financial Account Information,False,,ambiguous,True,no,10674,likely_non_responsive,bde_llm_count,True,True,1,0,0,0,0,1,9.797,True,False,False,stage1_nr,False,,,0,False,,False,,10674
CNG_Data2k/files/Q00897.01-0000265069.CSV,Q00897.01-0000265069.CSV,.csv,438164,ok,True,True,text,True,0,0,71,False,0,False,50-100,,False,,False,,ambiguous,True,no,11501,likely_non_responsive,bde_llm_count,False,False,0,0,0,0,0,0,2.136,True,False,False,stage1_nr,False,,,0,False,,False,,11501
CNG_Data2k/files/Q00897.01-0000010264.PDF,Q00897.01-0000010264.PDF,.pdf,330572,ok,True,True,text,True,1,0,2,False,1,False,0-10,Name | Email | Money/Amount | Work-Related,True,Contact Information | Financial Account Information | Work-Related Information,False,,ambiguous,True,yes,7206,standard,bde_llm_count,True,True,1,0,0,0,0,1,9.289,False,False,True,,True,likely_yes,yes,4066,False,standard,False,,11272
CNG_Data2k/files/Q00897.01-0000247346.PDF,Q00897.01-0000247346.PDF,.pdf,393424,ok,True,True,text,True,1,0,16,False,0,False,10-20,Name | Bank/Account Number | Money/Amount,True,Financial Account Information,False,,ambiguous,True,no,6967,likely_non_responsive,bde_llm_count,True,True,1,0,0,0,0,1,6.021,True,False,False,stage1_nr,False,,,0,False,,False,,6967
CNG_Data2k/files/Q00897.01-0000843658.MSG,Q00897.01-0000843658.MSG,.msg,149504,ok,True,False,text,False,0,2,5,False,0,False,0-10,Name | Address | Email | Phone,True,Contact Information,False,,ambiguous,True,yes,5180,standard,,False,False,0,0,0,0,0,0,4.043,False,False,True,,True,likely_no,no,5173,False,likely_non_responsive,True,,10353
CNG_Data2k/files/Q00897.01-0000258791.XLSX,Q00897.01-0000258791.XLSX,.xlsx,185489,ok,True,True,text,True,7,0,670,False,2,False,100+,Name | Health,False,Health-Related Information,False,,ambiguous,True,yes,8954,standard,roster_by_rowcount bde_llm_count,False,False,0,0,0,0,0,0,4.862,False,False,True,,True,borderline,no,4976,True,likely_non_responsive,True,,13930
CNG_Data2k/files/Q00897.01-0000713800.MSG,Q00897.01-0000713800.MSG,.msg,142848,ok,True,False,text,False,0,0,6,False,0,False,0-10,Name | Address | Email | Phone,True,Contact Information,False,,ambiguous,True,yes,4591,standard,,False,False,0,0,0,0,0,0,3.496,False,False,True,,True,clear_yes,yes,4650,False,standard,False,,9241
CNG_Data2k/files/Q00897.01-0000018484.PDF,Q00897.01-0000018484.PDF,.pdf,122140,ok,True,True,text,True,1,0,7,False,1,False,0-10,Name | Money/Amount,False,Financial Account Information,False,,ambiguous,True,yes,6912,standard,bde_llm_count,True,True,1,0,0,0,0,1,8.213,False,False,True,,True,likely_no,no,3935,False,likely_non_responsive,True,,10847
CNG_Data2k/files/Q00897.01-0000669170.MSG,Q00897.01-0000669170.MSG,.msg,326656,ok,True,False,text,False,0,1,3,False,0,False,0-10,Name | Phone,True,Contact Information,False,,ambiguous,True,no,3738,likely_non_responsive,,False,False,0,0,0,0,0,0,1.542,True,False,False,stage1_nr,False,,,0,False,,False,,3738
CNG_Data2k/files/Q00897.01-0000597664.0001.PPTX,Q00897.01-0000597664.0001.PPTX,.pptx,117176,ok,True,False,text,False,1,0,0,False,0,False,0-10,,False,,False,,clear_non_responsive,False,,0,likely_non_responsive,,False,False,0,0,0,0,0,0,0.048,True,False,False,stage1_nr,False,,,0,False,,False,,0
CNG_Data2k/files/Q00897.01-0000465969.0001.DOCX,Q00897.01-0000465969.0001.DOCX,.docx,364387,ok,True,False,text,False,0,0,0,False,0,False,0-10,,False,,False,,clear_non_responsive,False,,0,likely_non_responsive,,False,False,0,0,0,0,0,0,0.124,True,False,False,stage1_nr,False,,,0,False,,False,,0
CNG_Data2k/files/Q00897.01-0000914755.PDF,Q00897.01-0000914755.PDF,.pdf,275944,ok,True,True,text,True,1,0,10,False,4,False,0-10,Name | Money/Amount,False,Financial Account Information,False,,ambiguous,True,yes,8173,standard,bde_llm_count,True,True,1,0,0,0,0,1,8.689,False,False,True,,True,clear_yes,yes,4559,False,standard,False,,12732
CNG_Data2k/files/Q00897.01-0000011189.PDF,Q00897.01-0000011189.PDF,.pdf,103120,ok,True,False,text,False,1,0,2,False,0,False,0-10,Name | Money/Amount | Work-Related,False,Financial Account Information | Work-Related Information,False,,ambiguous,True,yes,5557,standard,,False,False,0,0,0,0,0,0,2.812,False,False,True,,True,clear_yes,yes,5624,False,standard,False,,11181
CNG_Data2k/files/Q00897.01-0000669907.MSG,Q00897.01-0000669907.MSG,.msg,161280,ok,True,False,text,False,0,1,3,False,0,False,0-10,Name | Phone,True,Contact Information,False,,ambiguous,True,no,3732,likely_non_responsive,,False,False,0,0,0,0,0,0,1.452,True,False,False,stage1_nr,False,,,0,False,,False,,3732
CNG_Data2k/files/Q00897.01-0000697967.MSG,Q00897.01-0000697967.MSG,.msg,205312,ok,True,False,text,False,0,0,1,False,0,False,0-10,Address,True,Contact Information,False,,ambiguous,True,no,4293,likely_non_responsive,,False,False,0,0,0,0,0,0,1.452,True,False,False,stage1_nr,False,,,0,False,,False,,4293
CNG_Data2k/files/Q00897.01-0000110664.XLSX,Q00897.01-0000110664.XLSX,.xlsx,93374,ok,True,True,text,True,7,0,131304,False,0,False,100+,Name,False,,False,,ambiguous,True,no,8298,likely_non_responsive,roster_by_rowcount bde_llm_count,False,False,0,0,0,0,0,0,2.767,True,False,False,stage1_nr,False,,,0,False,,False,,8298
CNG_Data2k/files/Q00897.01-0000697244.MSG,Q00897.01-0000697244.MSG,.msg,101888,ok,True,False,text,False,0,0,1,False,0,False,0-10,Name | Email | Phone | Credentials,True,Contact Information | Access Credentials,False,,ambiguous,True,yes,3820,standard,,False,False,0,0,0,0,0,0,3.463,False,False,True,,True,likely_yes,yes,3886,False,standard,False,,7706
CNG_Data2k/files/Q00897.01-0000169208.PDF,Q00897.01-0000169208.PDF,.pdf,79371,ok,True,False,text,False,4,0,6,False,0,False,0-10,Name | Address | Email | Phone,True,Contact Information,False,,ambiguous,True,yes,6306,standard,"img_ocr:p1(1/1,+11chars)",False,False,0,1,1,1,0,1,7.88,False,False,True,,True,likely_no,no,6315,False,likely_non_responsive,True,,12621
CNG_Data2k/files/Q00897.01-0000703147.MSG,Q00897.01-0000703147.MSG,.msg,217088,ok,True,False,text,False,0,0,1,False,0,False,0-10,Address | Email | Phone,True,Contact Information,False,,ambiguous,True,no,4219,likely_non_responsive,,False,False,0,0,0,0,0,0,1.646,True,False,False,stage1_nr,False,,,0,False,,False,,4219
CNG_Data2k/files/Q00897.01-0000835428.0001.DOCX,Q00897.01-0000835428.0001.DOCX,.docx,49765,ok,True,False,text,False,0,0,1,False,0,False,0-10,Name | Money/Amount,True,Financial Account Information,False,,ambiguous,True,no,8386,likely_non_responsive,,False,False,0,0,0,0,0,0,1.212,True,False,False,stage1_nr,False,,,0,False,,False,,8386
CNG_Data2k/files/Q00897.01-0000118768.0001.PDF,Q00897.01-0000118768.0001.PDF,.pdf,330098,ok,True,False,text,False,1,0,2,False,0,False,0-10,Name | Address | Email | Phone | SSN | Money/Amount | Work-Related,True,Contact Information | Government-Issued Identification | Financial Account Information | Work-Related Information,False,,clear_responsive,False,,0,standard,,False,False,0,0,0,0,0,0,1.233,False,False,True,,True,clear_yes,yes,4295,False,standard,False,,4295
CNG_Data2k/files/Q00897.01-0000449709.MSG,Q00897.01-0000449709.MSG,.msg,3520512,ok,True,False,text,False,0,2,4,False,0,False,0-10,Name | Address | Email | Phone,True,Contact Information,False,,ambiguous,True,yes,6201,standard,,False,False,0,0,0,0,0,0,4.11,False,False,True,,True,likely_yes,yes,6227,False,standard,False,,12428
CNG_Data2k/files/Q00897.01-0000465072.MSG,Q00897.01-0000465072.MSG,.msg,110592,ok,True,False,text,False,0,1,1,False,0,False,0-10,Name,False,,False,,ambiguous,True,no,4295,likely_non_responsive,,False,False,0,0,0,0,0,0,1.484,True,False,False,stage1_nr,False,,,0,False,,False,,4295
CNG_Data2k/files/Q00897.01-0000035575.PDF,Q00897.01-0000035575.PDF,.pdf,646731,ok,True,True,text,True,2,0,5,False,2,False,0-10,Name | Address | Phone | Money/Amount,True,Contact Information | Financial Account Information,False,,ambiguous,True,yes,10207,standard,bde_llm_count,True,True,2,0,0,0,0,1,11.171,False,False,True,,True,clear_no,no,5590,False,likely_non_responsive,True,,15797
CNG_Data2k/files/Q00897.01-0000855711.PDF,Q00897.01-0000855711.PDF,.pdf,715168,ok,True,False,text,False,4,0,3,False,0,False,0-10,Name | Money/Amount | Work-Related,False,Financial Account Information | Work-Related Information,False,,ambiguous,True,yes,5019,standard,,False,False,0,0,0,0,0,0,6.441,False,False,True,,True,clear_yes,yes,5081,False,standard,False,,10100
CNG_Data2k/files/Q00897.01-0000719849.0001.PDF,Q00897.01-0000719849.0001.PDF,.pdf,7638,ok,True,False,text,False,1,0,0,False,0,False,0-10,,False,,False,,clear_non_responsive,False,,0,likely_non_responsive,,False,False,0,0,0,0,0,0,0.038,True,False,False,stage1_nr,False,,,0,False,,False,,0
CNG_Data2k/files/Q00897.01-0000124755.PDF,Q00897.01-0000124755.PDF,.pdf,1329973,ok,True,True,text,True,15,0,230,False,6,False,100+,Name | Address | Email | Phone | Money/Amount,True,Contact Information | Financial Account Information,False,,ambiguous,True,yes,22240,standard,bde_llm_count,True,True,15,0,0,0,0,1,14.448,False,False,True,,True,clear_no,no,11665,True,likely_non_responsive,True,,33905
CNG_Data2k/files/Q00897.01-0000549296.0001.PDF,Q00897.01-0000549296.0001.PDF,.pdf,22569,ok,True,False,text,False,1,0,1,False,0,False,0-10,Money/Amount,False,Financial Account Information,False,,clear_non_responsive,False,,0,likely_non_responsive,,False,False,0,0,0,0,0,0,0.027,True,False,False,stage1_nr,False,,,0,False,,False,,0
CNG_Data2k/files/Q00897.01-0000015786.PDF,Q00897.01-0000015786.PDF,.pdf,635749,ok,True,False,text,False,6,0,3,False,0,False,0-10,Name | Address | Email | Money/Amount | Work-Related,True,Contact Information | Financial Account Information | Work-Related Information,False,,ambiguous,True,yes,6187,standard,"img_ocr:p4,p4,p4(3/3,+3chars)",False,False,0,3,3,3,0,3,17.312,False,False,True,,True,clear_yes,yes,6212,False,standard,False,,12399
CNG_Data2k/files/Q00897.01-0000482418.MSG,Q00897.01-0000482418.MSG,.msg,46080,ok,True,False,text,False,0,1,15,False,8,False,10-20,Name | Money/Amount,True,Financial Account Information,False,,ambiguous,True,no,9688,likely_non_responsive,bde_llm_count,False,False,0,0,0,0,0,0,2.981,True,False,False,stage1_nr,False,,,0,False,,False,,9688
CNG_Data2k/files/Q00897.01-0000897213.PDF,Q00897.01-0000897213.PDF,.pdf,16576,ok,True,False,text,False,2,0,1,False,0,False,0-10,Money/Amount,False,Financial Account Information,False,,clear_non_responsive,False,,0,likely_non_responsive,,False,False,0,0,0,0,0,0,0.096,True,False,False,stage1_nr,False,,,0,False,,False,,0
CNG_Data2k/files/Q00897.01-0000256387.PDF,Q00897.01-0000256387.PDF,.pdf,189741,ok,True,False,text,False,2,0,1,False,0,False,0-10,Address | Phone | Tax ID | Money/Amount,True,Contact Information | Government-Issued Identification | Financial Account Information,False,,ambiguous,True,no,4358,likely_non_responsive,,False,False,0,0,0,0,0,0,1.722,True,False,False,stage1_nr,False,,,0,False,,False,,4358
CNG_Data2k\files\Q00897.01-0000017737.XLS,Q00897.01-0000017737.XLS,.xls,71868,ok,True,True,text,True,2,0,0,False,2,False,0-10,SSN | Money/Amount,True,Government-Issued Identification | Financial Account Information,False,,clear_responsive,False,,1586,structured_unreadable,bde_llm_count_roster,False,False,0,0,0,0,0,0,1.714,False,False,True,,True,clear_yes,yes,2615,False,standard,False,,4201
CNG_Data2k/files/Q00897.01-0000523670.0001.XLSX,Q00897.01-0000523670.0001.XLSX,.xlsx,12479,ok,True,True,text,True,1,0,68,False,0,True,50-100,,False,,True,,ambiguous,True,no,7773,structured_bde,roster_by_rowcount bde_llm_count_roster,False,False,0,0,0,0,0,0,3.93,False,True,True,,True,likely_no,no,4432,True,likely_non_responsive,True,,12205
CNG_Data2k/files/Q00897.01-0000518858.0001.XLSX,Q00897.01-0000518858.0001.XLSX,.xlsx,216387,ok,True,True,text,True,1,0,556,False,0,False,100+,Phone | Money/Amount,True,Contact Information | Financial Account Information,False,,ambiguous,True,no,19586,likely_non_responsive,bde_llm_count,False,False,0,0,0,0,0,0,3.134,True,False,False,stage1_nr,False,,,0,False,,False,,19586
CNG_Data2k/files/Q00897.01-0000139338.XLSX,Q00897.01-0000139338.XLSX,.xlsx,12516,ok,True,True,text,True,3,0,0,False,0,False,0-10,Address | Card/Transaction | Money/Amount,True,Contact Information | Financial Account Information,False,,ambiguous,True,no,6734,structured_unreadable,bde_llm_count,False,False,0,0,0,0,0,0,3.253,False,False,True,,True,clear_no,no,3863,False,likely_non_responsive,True,,10597
CNG_Data2k/files/Q00897.01-0000241599.PDF,Q00897.01-0000241599.PDF,.pdf,199684,ok,True,False,text,False,2,0,1,False,0,False,0-10,Phone | Bank/Account Number | Money/Amount,True,Contact Information | Financial Account Information,False,,ambiguous,True,no,4190,likely_non_responsive,,False,False,0,0,0,0,0,0,1.266,True,False,False,stage1_nr,False,,,0,False,,False,,4190
CNG_Data2k/files/Q00897.01-0000006314.PDF,Q00897.01-0000006314.PDF,.pdf,140119,ok,True,True,text,True,1,0,2,False,2,False,0-10,Name | Phone | SSN,True,Contact Information | Government-Issued Identification,False,,clear_responsive,False,,3199,standard,bde_llm_count,True,True,1,0,0,0,0,1,9.512,False,False,True,,True,clear_yes,yes,4090,False,standard,False,,7289
CNG_Data2k/files/Q00897.01-0000766914.0001.PDF,Q00897.01-0000766914.0001.PDF,.pdf,38350,ok,True,False,text,False,1,0,1,False,0,False,0-10,Address | Phone | Money/Amount,True,Contact Information | Financial Account Information,False,,ambiguous,True,no,3974,likely_non_responsive,,False,False,0,0,0,0,0,0,1.317,True,False,False,stage1_nr,False,,,0,False,,False,,3974
CNG_Data2k/files/Q00897.01-0000809408.0001.PDF,Q00897.01-0000809408.0001.PDF,.pdf,141669,ok,True,False,text,False,2,0,2,False,0,False,0-10,Name | Address | Health,True,Contact Information | Health-Related Information,False,,ambiguous,True,no,5690,likely_non_responsive,,False,False,0,0,0,0,0,0,1.433,True,False,False,stage1_nr,False,,,0,False,,False,,5690
CNG_Data2k/files/Q00897.01-0000132253.PDF,Q00897.01-0000132253.PDF,.pdf,2127865,ok,True,True,text,True,13,0,73,False,1,False,50-100,Name | Phone | Money/Amount,True,Contact Information | Financial Account Information,False,,ambiguous,True,yes,12475,standard,bde_llm_count,True,True,13,0,0,0,0,1,13.054,False,False,True,,True,borderline,no,6700,True,likely_non_responsive,True,,19175
CNG_Data2k/files/Q00897.01-0000813013.0001.PDF,Q00897.01-0000813013.0001.PDF,.pdf,173131,ok,True,True,text,True,1,0,15,False,5,False,10-20,Name | Address | Phone | Money/Amount,True,Contact Information | Financial Account Information,False,,ambiguous,True,yes,8714,standard,bde_llm_count,True,True,1,0,0,0,0,1,13.737,False,False,True,,True,clear_no,no,4822,False,likely_non_responsive,True,,13536
CNG_Data2k/files/Q00897.01-0000654063.MSG,Q00897.01-0000654063.MSG,.msg,192512,ok,True,False,text,False,0,5,2,False,0,False,0-10,Name | Email | Phone | Money/Amount,True,Contact Information | Financial Account Information,False,,ambiguous,True,no,5883,likely_non_responsive,,False,False,0,0,0,0,0,0,3.254,True,False,False,stage1_nr,False,,,0,False,,False,,5883
CNG_Data2k/files/Q00897.01-0000544702.0001.PDF,Q00897.01-0000544702.0001.PDF,.pdf,54190,ok,True,False,text,False,18,0,35,False,35,False,20-50,Name | Address | Card/Transaction | Money/Amount,True,Contact Information | Financial Account Information,False,,ambiguous,True,no,30920,likely_non_responsive,bde_llm_count,False,False,0,0,0,0,0,0,64.417,True,False,False,stage1_nr,False,,,0,False,,False,,30920
CNG_Data2k/files/Q00897.01-0000411955.MSG,Q00897.01-0000411955.MSG,.msg,242176,ok,True,False,text,False,0,0,3,False,0,False,0-10,Name | Address | Email | Credentials,True,Contact Information | Access Credentials,False,,ambiguous,True,yes,4629,standard,,False,False,0,0,0,0,0,0,3.496,False,False,True,,True,likely_no,no,4676,False,likely_non_responsive,True,,9305
CNG_Data2k/files/Q00897.01-0000866804.XLSX,Q00897.01-0000866804.XLSX,.xlsx,373899,ok,True,True,text,True,21,0,76,False,18,True,50-100,SSN | Money/Amount,True,Government-Issued Identification | Financial Account Information,True,,clear_responsive,False,,4461,structured_bde,bde_llm_count_roster,False,False,0,0,0,0,0,0,3.183,False,True,True,,True,clear_yes,yes,5442,True,structured_bde,False,,9903
CNG_Data2k/files/Q00897.01-0000793455.MSG,Q00897.01-0000793455.MSG,.msg,206336,ok,True,False,text,False,0,6,4,False,0,False,0-10,Name | Address | Email | Phone,True,Contact Information,False,,ambiguous,True,no,4089,likely_non_responsive,,False,False,0,0,0,0,0,0,1.922,True,False,False,stage1_nr,False,,,0,False,,False,,4089
CNG_Data2k/files/Q00897.01-0000525231.0001.XLSX,Q00897.01-0000525231.0001.XLSX,.xlsx,36770,ok,True,True,text,True,1,0,288,False,0,True,100+,Phone | Money/Amount,True,Contact Information | Financial Account Information,True,,ambiguous,True,no,12044,structured_bde,roster_by_rowcount bde_llm_count_roster,False,False,0,0,0,0,0,0,4.024,False,True,True,,True,clear_no,no,6468,True,likely_non_responsive,True,,18512
CNG_Data2k/files/Q00897.01-0000898066.PDF,Q00897.01-0000898066.PDF,.pdf,66592,ok,True,False,text,False,13,0,3,False,0,False,0-10,Name | Address | Phone | Date of Birth | Money/Amount | Work-Related,True,Contact Information | Birth Information | Financial Account Information | Work-Related Information,False,,ambiguous,True,yes,14200,standard,,False,False,0,0,0,0,0,0,4.192,False,False,True,,True,clear_yes,yes,14250,False,standard,False,,28450
CNG_Data2k\files\Q00897.01-0000127255.XLS,Q00897.01-0000127255.XLS,.xls,34460,ok,True,True,text,True,2,0,136,False,0,False,100+,Name | Money/Amount,False,Financial Account Information,False,,ambiguous,True,no,4017,likely_non_responsive,roster_by_rowcount bde_llm_count,False,False,0,0,0,0,0,0,2.42,True,False,False,stage1_nr,False,,,0,False,,False,,4017
CNG_Data2k/files/Q00897.01-0000293375.PDF,Q00897.01-0000293375.PDF,.pdf,1312,ok,True,False,text,False,1,0,1,False,0,False,0-10,Name | Money/Amount,True,Financial Account Information,False,,ambiguous,True,yes,3792,standard,,False,False,0,0,0,0,0,0,2.554,False,False,True,,True,likely_no,no,3864,False,likely_non_responsive,True,,7656
CNG_Data2k/files/Q00897.01-0000825432.MSG,Q00897.01-0000825432.MSG,.msg,126976,ok,True,False,text,False,0,1,10,False,6,False,0-10,Name | Address | Email | Phone | Money/Amount,True,Contact Information | Financial Account Information,False,,ambiguous,True,yes,16296,standard,bde_llm_count,False,False,0,0,0,0,0,0,7.188,False,False,True,,True,likely_yes,yes,8614,False,standard,False,,24910
CNG_Data2k/files/Q00897.01-0000538861.MSG,Q00897.01-0000538861.MSG,.msg,155648,ok,True,False,text,False,0,0,1,False,0,False,0-10,Address | Credentials,True,Contact Information | Access Credentials,False,,ambiguous,True,yes,5057,standard,,False,False,0,0,0,0,0,0,59.839,False,False,True,,True,borderline,no,5134,False,likely_non_responsive,True,,10191
CNG_Data2k/files/Q00897.01-0000643505.0003.PDF,Q00897.01-0000643505.0003.PDF,.pdf,433821,ok,True,False,text,False,127,0,3,False,0,False,0-10,Name | Phone | Date of Birth | Account Balance | Money/Amount | Health | Work-Related,True,Contact Information | Birth Information | Financial Account Information | Health-Related Information | Work-Related Information,False,,ambiguous,True,no,7955,likely_non_responsive,,False,False,0,0,0,0,0,0,4.497,True,False,False,stage1_nr,False,,,0,False,,False,,7955
CNG_Data2k\files\Q00897.01-0000852041.XLS,Q00897.01-0000852041.XLS,.xls,22339,ok,True,True,text,True,1,0,64,False,0,False,50-100,,False,,False,,ambiguous,True,no,3792,likely_non_responsive,roster_by_rowcount bde_llm_count,False,False,0,0,0,0,0,0,4.435,True,False,False,stage1_nr,False,,,0,False,,False,,3792
CNG_Data2k/files/Q00897.01-0000014806.XLSX,Q00897.01-0000014806.XLSX,.xlsx,169992,ok,True,True,text,True,3,0,345,False,8,True,100+,Name | Money/Amount,False,Financial Account Information,True,,ambiguous,True,yes,12493,structured_bde,bde_llm_count_roster,False,False,0,0,0,0,0,0,4.784,False,True,True,,True,clear_yes,yes,6727,True,structured_bde,False,,19220
CNG_Data2k/files/Q00897.01-0000010191.PDF,Q00897.01-0000010191.PDF,.pdf,196903,ok,True,True,text,True,2,0,31,False,1,False,20-50,Name | Address | Money/Amount | Work-Related,True,Contact Information | Financial Account Information | Work-Related Information,False,,ambiguous,True,yes,7671,standard,bde_llm_count,True,True,2,0,0,0,0,1,9.237,False,False,True,,True,clear_yes,yes,4294,False,standard,False,,11965
CNG_Data2k/files/Q00897.01-0000316760.PDF,Q00897.01-0000316760.PDF,.pdf,1233857,ok,True,False,text,False,1,0,18,False,0,False,10-20,Name | Phone | Money/Amount,True,Contact Information | Financial Account Information,False,,ambiguous,True,no,8347,likely_non_responsive,bde_llm_count,True,True,1,0,0,0,0,1,10.348,True,False,False,stage1_nr,False,,,0,False,,False,,8347
CNG_Data2k/files/Q00897.01-0000706982.MSG,Q00897.01-0000706982.MSG,.msg,326144,ok,True,False,text,False,0,0,22,False,18,False,20-50,Name | Address | Email | Phone | Money/Amount | Health | Work-Related,True,Contact Information | Financial Account Information | Health-Related Information | Work-Related Information,False,,ambiguous,True,yes,17512,standard,bde_llm_count,False,False,0,0,0,0,0,0,7.51,False,False,True,,True,likely_no,no,9294,False,likely_non_responsive,True,,26806
CNG_Data2k/files/Q00897.01-0000901531.PDF,Q00897.01-0000901531.PDF,.pdf,64168,ok,True,False,text,False,13,0,1,False,0,False,0-10,Address | Phone | SSN | Work-Related,True,Contact Information | Government-Issued Identification | Work-Related Information,False,,clear_responsive,False,,0,standard,,False,False,0,0,0,0,0,0,1.984,False,False,True,,True,clear_yes,yes,14081,False,standard,False,,14081
CNG_Data2k/files/Q00897.01-0000260346.XLSX,Q00897.01-0000260346.XLSX,.xlsx,107750,ok,True,True,text,True,1,0,624,False,1,False,100+,Name | Money/Amount,False,Financial Account Information,False,,ambiguous,True,yes,19376,standard,roster_by_rowcount bde_llm_count,False,False,0,0,0,0,0,0,7.186,False,False,True,,True,likely_no,no,10166,True,likely_non_responsive,True,,29542
CNG_Data2k/files/Q00897.01-0000662024.MSG,Q00897.01-0000662024.MSG,.msg,1158144,ok,True,False,text,False,0,2,10,False,7,False,0-10,Name | Address | Email | Phone,True,Contact Information,False,,ambiguous,True,yes,7583,standard,bde_llm_count,False,False,0,0,0,0,0,0,5.127,False,False,True,,True,borderline,no,4264,False,likely_non_responsive,True,,11847
CNG_Data2k/files/Q00897.01-0000367948.MSG,Q00897.01-0000367948.MSG,.msg,256512,ok,True,False,text,False,0,0,8,False,0,False,0-10,Name | Address | Email,True,Contact Information,False,,ambiguous,True,no,7809,likely_non_responsive,bde_llm_count,False,False,0,0,0,0,0,0,3.76,True,False,False,stage1_nr,False,,,0,False,,False,,7809
CNG_Data2k/files/Q00897.01-0000577204.0001.PDF,Q00897.01-0000577204.0001.PDF,.pdf,121354,ok,True,False,text,False,1,0,0,False,0,False,0-10,,False,,False,,clear_non_responsive,False,,0,likely_non_responsive,,False,False,0,0,0,0,0,0,0.074,True,False,False,stage1_nr,False,,,0,False,,False,,0
CNG_Data2k/files/Q00897.01-0000907916.PDF,Q00897.01-0000907916.PDF,.pdf,33632,ok,True,False,text,False,5,0,25,False,25,False,20-50,Name | Phone | Money/Amount,True,Contact Information | Financial Account Information,False,,ambiguous,True,yes,12600,standard,bde_llm_count_roster,False,False,0,0,0,0,0,0,15.952,False,False,True,,True,likely_yes,yes,6776,False,standard,False,,19376
CNG_Data2k/files/Q00897.01-0000828758.0001.PDF,Q00897.01-0000828758.0001.PDF,.pdf,143167,ok,True,False,text,False,6,0,34,False,18,False,20-50,Name | Address | Card/Transaction | Money/Amount,True,Contact Information | Financial Account Information,False,,ambiguous,True,yes,14381,standard,bde_llm_count,False,False,0,0,0,0,0,0,9.382,False,False,True,,True,likely_no,no,7685,False,likely_non_responsive,True,,22066
CNG_Data2k/files/Q00897.01-0000796638.MSG,Q00897.01-0000796638.MSG,.msg,164352,ok,True,False,text,False,0,0,9,False,4,False,0-10,Name | Address | Email | Phone | Money/Amount | Health,True,Contact Information | Financial Account Information | Health-Related Information,False,,ambiguous,True,yes,16256,standard,bde_llm_count,False,False,0,0,0,0,0,0,9.637,False,False,True,,True,likely_no,no,8578,False,likely_non_responsive,True,,24834
CNG_Data2k/files/Q00897.01-0000905029.PDF,Q00897.01-0000905029.PDF,.pdf,17255,ok,True,True,text,True,2,0,29,False,1,False,20-50,Name | Address | Phone | Money/Amount | Work-Related,True,Contact Information | Financial Account Information | Work-Related Information,False,,ambiguous,True,yes,8235,standard,bde_llm_count,True,True,2,0,0,0,0,1,11.404,False,False,True,,True,clear_yes,yes,4570,False,standard,False,,12805
CNG_Data2k/files/Q00897.01-0000345188.PDF,Q00897.01-0000345188.PDF,.pdf,65147,ok,True,False,text,False,19,0,1,False,0,False,0-10,Money/Amount,False,Financial Account Information,False,,clear_non_responsive,False,,0,likely_non_responsive,,False,False,0,0,0,0,0,0,0.634,True,False,False,stage1_nr,False,,,0,False,,False,,0
CNG_Data2k/files/Q00897.01-0000455678.0001.PDF,Q00897.01-0000455678.0001.PDF,.pdf,218074,ok,True,False,text,False,6,0,6,False,0,False,0-10,Name | Address | Phone,True,Contact Information,False,,ambiguous,True,yes,5873,standard,"img_ocr:p1(1/1,+9chars)",False,False,0,1,1,1,0,1,7.578,False,False,True,,True,likely_yes,yes,5930,False,standard,False,,11803
CNG_Data2k/files/Q00897.01-0000500291.MSG,Q00897.01-0000500291.MSG,.msg,1035776,ok,True,False,text,False,0,2,8,False,4,False,0-10,Name | Address | Email | Phone | Card/Transaction | Money/Amount,True,Contact Information | Financial Account Information,False,,ambiguous,True,no,7633,likely_non_responsive,bde_llm_count,False,False,0,0,0,0,0,0,2.69,True,False,False,stage1_nr,False,,,0,False,,False,,7633
CNG_Data2k/files/Q00897.01-0000412378.0001.PDF,Q00897.01-0000412378.0001.PDF,.pdf,311230,ok,True,False,text,False,1,0,1,False,0,False,0-10,Name | Address | Phone,True,Contact Information,False,,ambiguous,True,yes,3993,standard,,True,True,1,0,0,0,0,1,7.605,False,False,True,,True,clear_yes,yes,4033,False,standard,False,,8026
CNG_Data2k/files/Q00897.01-0000344590.PDF,Q00897.01-0000344590.PDF,.pdf,235751,ok,True,False,text,False,1,0,5,False,0,False,0-10,Phone | Money/Amount,True,Contact Information | Financial Account Information,False,,ambiguous,True,yes,4788,standard,,False,False,0,0,0,0,0,0,3.112,False,False,True,,True,likely_no,no,4843,False,likely_non_responsive,True,,9631
CNG_Data2k/files/Q00897.01-0000903204.PDF,Q00897.01-0000903204.PDF,.pdf,72364,ok,True,False,text,False,14,0,2,False,0,False,0-10,Address | Phone | SSN | Money/Amount | Work-Related,True,Contact Information | Government-Issued Identification | Financial Account Information | Work-Related Information,False,,clear_responsive,False,,0,standard,,False,False,0,0,0,0,0,0,2.333,False,False,True,,True,clear_yes,yes,14267,False,standard,False,,14267
CNG_Data2k/files/Q00897.01-0000275923.PDF,Q00897.01-0000275923.PDF,.pdf,1579343,ok,True,True,text,True,10,0,47,False,5,False,20-50,Name | Address | Phone | Money/Amount,True,Contact Information | Financial Account Information,False,,ambiguous,True,yes,9729,standard,bde_llm_count,True,True,10,0,0,0,0,1,12.181,False,False,True,,True,likely_yes,yes,5307,False,standard,False,,15036
CNG_Data2k/files/Q00897.01-0000798460.MSG,Q00897.01-0000798460.MSG,.msg,29184,ok,True,False,text,False,0,0,5,False,0,False,0-10,Name | Address | Email | Phone,True,Contact Information,False,,ambiguous,True,yes,4215,standard,,False,False,0,0,0,0,0,0,2.932,False,False,True,,True,likely_no,no,4267,False,likely_non_responsive,True,,8482
CNG_Data2k/files/Q00897.01-0000819060.0001.DOCX,Q00897.01-0000819060.0001.DOCX,.docx,34132,ok,True,False,text,False,0,0,1,False,0,False,0-10,Money/Amount,False,Financial Account Information,False,,clear_non_responsive,False,,0,likely_non_responsive,,False,False,0,0,0,0,0,0,0.059,True,False,False,stage1_nr,False,,,0,False,,False,,0
CNG_Data2k/files/Q00897.01-0000840518.MSG,Q00897.01-0000840518.MSG,.msg,1292288,ok,True,False,text,False,0,4,6,False,0,False,0-10,Name | Address | Email | Phone,True,Contact Information,False,,ambiguous,True,yes,4903,standard,,False,False,0,0,0,0,0,0,3.511,False,False,True,,True,borderline,no,4977,False,likely_non_responsive,True,,9880
CNG_Data2k/files/Q00897.01-0000258991.PDF,Q00897.01-0000258991.PDF,.pdf,544840,ok,True,False,text,False,5,0,5,False,0,False,0-10,Name | Address | Phone | Money/Amount,True,Contact Information | Financial Account Information,False,,ambiguous,True,yes,5902,standard,,False,False,0,0,0,0,0,0,4.696,False,False,True,,True,likely_no,no,5987,False,likely_non_responsive,True,,11889
CNG_Data2k/files/Q00897.01-0000671245.MSG,Q00897.01-0000671245.MSG,.msg,93184,ok,True,False,text,False,0,2,6,False,0,False,0-10,Name | Address | Email | Phone | Money/Amount,True,Contact Information | Financial Account Information,False,,ambiguous,True,no,4265,likely_non_responsive,,False,False,0,0,0,0,0,0,1.526,True,False,False,stage1_nr,False,,,0,False,,False,,4265
CNG_Data2k/files/Q00897.01-0000910221.PDF,Q00897.01-0000910221.PDF,.pdf,542568,ok,True,False,text,False,130,0,96,False,96,True,50-100,Address | Phone | SSN | Money/Amount,True,Contact Information | Government-Issued Identification | Financial Account Information,True,,clear_responsive,False,,12847,bde,"img_ocr:p1,p1,p1,p1,p1,p1(6/7,+167chars) bde_llm_count_roster",False,False,0,7,7,6,0,7,37.239,False,True,True,,True,clear_yes,yes,13918,True,bde,False,,26765
CNG_Data2k/files/Q00897.01-0000341450.DOCX,Q00897.01-0000341450.DOCX,.docx,29437,ok,True,False,text,False,0,0,3,False,0,False,0-10,Name | Phone,True,Contact Information,False,,ambiguous,True,yes,3897,standard,,False,False,0,0,0,0,0,0,3.388,False,False,True,,True,borderline,no,3979,False,likely_non_responsive,True,,7876
CNG_Data2k/files/Q00897.01-0000275550.PDF,Q00897.01-0000275550.PDF,.pdf,253136,ok,True,False,text,False,1,0,3,False,0,False,0-10,Name | Address | Phone | Tax ID | Money/Amount,True,Contact Information | Government-Issued Identification | Financial Account Information,False,,ambiguous,True,no,4051,likely_non_responsive,,True,True,1,0,0,0,0,1,6.811,True,False,False,stage1_nr,False,,,0,False,,False,,4051
CNG_Data2k/files/Q00897.01-0000750756.MSG,Q00897.01-0000750756.MSG,.msg,80896,ok,True,False,text,False,0,0,1,False,0,False,0-10,Name | Address | Money/Amount,True,Contact Information | Financial Account Information,False,,ambiguous,True,no,5065,likely_non_responsive,,False,False,0,0,0,0,0,0,1.677,True,False,False,stage1_nr,False,,,0,False,,False,,5065
CNG_Data2k/files/Q00897.01-0000654521.MSG,Q00897.01-0000654521.MSG,.msg,217088,ok,True,False,text,False,0,11,5,False,0,False,0-10,Name | Address | Email | Phone | Money/Amount | Credentials,True,Contact Information | Financial Account Information | Access Credentials,False,,ambiguous,True,yes,4678,standard,,False,False,0,0,0,0,0,0,4.06,False,False,True,,True,likely_no,no,4792,False,likely_non_responsive,True,,9470
CNG_Data2k/files/Q00897.01-0000617703.MSG,Q00897.01-0000617703.MSG,.msg,192000,ok,True,False,text,False,0,1,8,False,8,False,0-10,Name | Address | Email | Phone | Money/Amount,True,Contact Information | Financial Account Information,False,,ambiguous,True,yes,19693,standard,bde_llm_count,False,False,0,0,0,0,0,0,7.374,False,False,True,,True,likely_no,no,10345,False,likely_non_responsive,True,,30038
CNG_Data2k/files/Q00897.01-0000366278.MSG,Q00897.01-0000366278.MSG,.msg,259072,ok,True,False,text,False,0,0,1,False,0,False,0-10,Address | Card/Transaction,True,Contact Information | Financial Account Information,False,,ambiguous,True,no,3968,likely_non_responsive,,False,False,0,0,0,0,0,0,2.312,True,False,False,stage1_nr,False,,,0,False,,False,,3968
CNG_Data2k/files/Q00897.01-0000259072.PDF,Q00897.01-0000259072.PDF,.pdf,2298079,ok,True,True,text,True,15,0,286,False,6,False,100+,Name | Address | Phone | Money/Amount,True,Contact Information | Financial Account Information,False,,ambiguous,True,no,25209,likely_non_responsive,bde_llm_count,True,True,15,0,0,0,0,1,11.144,True,False,False,stage1_nr,False,,,0,False,,False,,25209
CNG_Data2k/files/Q00897.01-0000263611.PDF,Q00897.01-0000263611.PDF,.pdf,94491,ok,True,True,text,True,1,0,4,False,0,False,0-10,Card/Transaction | Money/Amount,False,Financial Account Information,False,,ambiguous,True,no,6938,likely_non_responsive,bde_llm_count,True,True,1,0,0,0,0,1,9.318,True,False,False,stage1_nr,False,,,0,False,,False,,6938
CNG_Data2k/files/Q00897.01-0000111864.XLSX,Q00897.01-0000111864.XLSX,.xlsx,58940,ok,True,True,text,True,1,0,573,False,0,False,100+,Phone | Payment Card | Work-Related,True,Contact Information | Financial Account Information | Work-Related Information,False,,ambiguous,True,no,10695,likely_non_responsive,roster_by_rowcount bde_llm_count,False,False,0,0,0,0,0,0,3.039,True,False,False,stage1_nr,False,,,0,False,,False,,10695
CNG_Data2k/files/Q00897.01-0000729146.MSG,Q00897.01-0000729146.MSG,.msg,178688,ok,True,False,text,False,0,0,4,False,0,False,0-10,Address | Email | Phone,True,Contact Information,False,,ambiguous,True,no,4771,likely_non_responsive,,False,False,0,0,0,0,0,0,1.547,True,False,False,stage1_nr,False,,,0,False,,False,,4771
CNG_Data2k/files/Q00897.01-0000115153.PDF,Q00897.01-0000115153.PDF,.pdf,16613,ok,True,False,text,False,9,0,1,False,0,False,0-10,Card/Transaction | Money/Amount | Work-Related,False,Financial Account Information | Work-Related Information,False,,ambiguous,True,no,10731,likely_non_responsive,,False,False,0,0,0,0,0,0,1.786,True,False,False,stage1_nr,False,,,0,False,,False,,10731
CNG_Data2k/files/Q00897.01-0000896732.PDF,Q00897.01-0000896732.PDF,.pdf,70128,ok,True,False,text,False,14,0,4,False,0,False,0-10,Name | Address | Phone | Money/Amount | Work-Related,True,Contact Information | Financial Account Information | Work-Related Information,False,,ambiguous,True,yes,14177,standard,,False,False,0,0,0,0,0,0,5.4,False,False,True,,True,clear_yes,yes,14212,False,standard,False,,28389
CNG_Data2k/files/Q00897.01-0000264622.XLSX,Q00897.01-0000264622.XLSX,.xlsx,381748,ok,True,True,text,True,2,0,10377,False,0,False,100+,Phone | Payment Card | Money/Amount,True,Contact Information | Financial Account Information,False,,ambiguous,True,no,8931,likely_non_responsive,bde_llm_count,False,False,0,0,0,0,0,0,2.601,True,False,False,stage1_nr,False,,,0,False,,False,,8931
CNG_Data2k/files/Q00897.01-0000684731.MSG,Q00897.01-0000684731.MSG,.msg,1123328,ok,True,False,text,False,0,4,1,False,0,False,0-10,Name | Email | Phone | Money/Amount,True,Contact Information | Financial Account Information,False,,ambiguous,True,no,7270,likely_non_responsive,,False,False,0,0,0,0,0,0,3.641,True,False,False,stage1_nr,False,,,0,False,,False,,7270
CNG_Data2k/files/Q00897.01-0000841777.0024.PDF,Q00897.01-0000841777.0024.PDF,.pdf,19800,ok,True,False,text,False,9,0,1,False,0,False,0-10,Money/Amount | Work-Related,False,Financial Account Information | Work-Related Information,False,,ambiguous,True,no,7607,likely_non_responsive,,False,False,0,0,0,0,0,0,1.083,True,False,False,stage1_nr,False,,,0,False,,False,,7607
CNG_Data2k/files/Q00897.01-0000274844.PDF,Q00897.01-0000274844.PDF,.pdf,340302,ok,True,False,text,False,2,0,1,False,0,False,0-10,Name | Address | Card Expiry/CVV | Work-Related,True,Contact Information | Financial Account Information | Work-Related Information,False,,ambiguous,True,yes,4277,standard,,True,True,2,0,0,0,0,1,10.62,False,False,True,,True,clear_yes,yes,4336,False,standard,False,,8613
CNG_Data2k/files/Q00897.01-0000669623.0002.PDF,Q00897.01-0000669623.0002.PDF,.pdf,12072,ok,True,False,text,False,12,0,7,False,0,False,0-10,Name | Address | Phone | Bank/Account Number | Money/Amount,True,Contact Information | Financial Account Information,False,,ambiguous,True,no,8930,likely_non_responsive,bde_llm_count,False,False,0,0,0,0,0,0,2.638,True,False,False,stage1_nr,False,,,0,False,,False,,8930
CNG_Data2k/files/Q00897.01-0000884298.MSG,Q00897.01-0000884298.MSG,.msg,152576,ok,True,False,text,False,0,0,2,False,0,False,0-10,Name | Address | Email | Phone | Card/Transaction | Money/Amount | Health,True,Contact Information | Financial Account Information | Health-Related Information,False,,ambiguous,True,yes,5353,standard,,False,False,0,0,0,0,0,0,3.861,False,False,True,,True,clear_yes,yes,5415,False,standard,False,,10768
CNG_Data2k/files/Q00897.01-0000116160.PDF,Q00897.01-0000116160.PDF,.pdf,695932,ok,True,True,text,True,15,0,661,False,0,False,100+,Money/Amount,False,Financial Account Information,False,,ambiguous,True,no,28888,likely_non_responsive,bde_llm_count,True,True,15,0,0,0,0,1,20.587,True,False,False,stage1_nr,False,,,0,False,,False,,28888
CNG_Data2k/files/Q00897.01-0000896334.PDF,Q00897.01-0000896334.PDF,.pdf,19481,ok,True,False,text,False,3,0,2,False,0,False,0-10,Name | Address | Phone | Money/Amount,True,Contact Information | Financial Account Information,False,,ambiguous,True,yes,5903,standard,,False,False,0,0,0,0,0,0,2.882,False,False,True,,True,likely_no,no,5998,False,likely_non_responsive,True,,11901
CNG_Data2k/files/Q00897.01-0000006293.PDF,Q00897.01-0000006293.PDF,.pdf,210894,ok,True,False,text,False,1,0,3,False,0,False,0-10,Name | Phone | SSN,True,Contact Information | Government-Issued Identification,False,,clear_responsive,False,,0,standard,,False,False,0,0,0,0,0,0,3.703,False,False,True,,True,clear_yes,yes,4390,False,standard,False,,4390
CNG_Data2k/files/Q00897.01-0000737563.MSG,Q00897.01-0000737563.MSG,.msg,79872,ok,True,False,text,False,0,0,6,False,0,False,0-10,Name | Address | Email | Phone | Money/Amount | Health,True,Contact Information | Financial Account Information | Health-Related Information,False,,ambiguous,True,yes,4423,standard,,False,False,0,0,0,0,0,0,2.979,False,False,True,,True,likely_no,no,4503,False,likely_non_responsive,True,,8926
CNG_Data2k/files/Q00897.01-0000672722.MSG,Q00897.01-0000672722.MSG,.msg,185856,ok,True,False,text,False,0,1,1,False,0,False,0-10,Name | Money/Amount,True,Financial Account Information,False,,ambiguous,True,no,3833,likely_non_responsive,,False,False,0,0,0,0,0,0,1.038,True,False,False,stage1_nr,False,,,0,False,,False,,3833
CNG_Data2k/files/Q00897.01-0000020127.XLSX,Q00897.01-0000020127.XLSX,.xlsx,24541,ok,True,True,text,True,3,0,100,False,5,True,50-100,Name | Address | Money/Amount,True,Contact Information | Financial Account Information,True,,ambiguous,True,yes,11328,structured_bde,roster_by_rowcount bde_llm_count_roster,False,False,0,0,0,0,0,0,5.885,False,True,True,,True,clear_yes,yes,6175,True,structured_bde,False,,17503
CNG_Data2k/files/Q00897.01-0000889600.PDF,Q00897.01-0000889600.PDF,.pdf,22262,ok,True,False,text,False,2,0,30,False,30,False,20-50,Name | Address | Phone,True,Contact Information,False,,ambiguous,True,yes,10907,standard,bde_llm_count_roster,False,False,0,0,0,0,0,0,7.632,False,False,True,,True,clear_yes,yes,5993,False,standard,False,,16900
CNG_Data2k/files/Q00897.01-0000669614.0002.PDF,Q00897.01-0000669614.0002.PDF,.pdf,13857,ok,True,False,text,False,14,0,3,False,0,False,0-10,Address | Phone | Bank/Account Number | Money/Amount,True,Contact Information | Financial Account Information,False,,ambiguous,True,no,4771,likely_non_responsive,,False,False,0,0,0,0,0,0,1.264,True,False,False,stage1_nr,False,,,0,False,,False,,4771
CNG_Data2k/files/Q00897.01-0000362315.MSG,Q00897.01-0000362315.MSG,.msg,153088,ok,True,False,text,False,0,0,3,False,0,False,0-10,Name | Address | Email | Phone | Money/Amount,True,Contact Information | Financial Account Information,False,,ambiguous,True,no,4288,likely_non_responsive,,False,False,0,0,0,0,0,0,61.208,True,False,False,stage1_nr,False,,,0,False,,False,,4288
CNG_Data2k/files/Q00897.01-0000671391.0004.XLSX,Q00897.01-0000671391.0004.XLSX,.xlsx,11134,ok,True,True,text,True,1,0,0,False,0,False,0-10,Money/Amount,False,Financial Account Information,False,,ambiguous,True,no,7649,structured_unreadable,bde_llm_count,False,False,0,0,0,0,0,0,2.903,False,False,True,,True,clear_no,no,4309,False,likely_non_responsive,True,,11958
CNG_Data2k/files/Q00897.01-0000274768.PDF,Q00897.01-0000274768.PDF,.pdf,300859,ok,True,False,text,False,1,0,1,False,0,False,0-10,Name | Phone,True,Contact Information,False,,ambiguous,True,yes,5568,standard,,False,False,0,0,0,0,0,0,2.322,False,False,True,,True,likely_no,no,5654,False,likely_non_responsive,True,,11222
CNG_Data2k\files\Q00897.01-0000127699.XLS,Q00897.01-0000127699.XLS,.xls,39031,ok,True,True,text,True,2,0,136,False,0,False,100+,,False,,False,,ambiguous,True,no,4044,likely_non_responsive,roster_by_rowcount bde_llm_count,False,False,0,0,0,0,0,0,1.987,True,False,False,stage1_nr,False,,,0,False,,False,,4044
CNG_Data2k/files/Q00897.01-0000812495.MSG,Q00897.01-0000812495.MSG,.msg,134144,ok,True,False,text,False,0,0,1,False,0,False,0-10,Name | Address | Phone | Card/Transaction | Work-Related,True,Contact Information | Financial Account Information | Work-Related Information,False,,ambiguous,True,no,3942,likely_non_responsive,,False,False,0,0,0,0,0,0,1.109,True,False,False,stage1_nr,False,,,0,False,,False,,3942
CNG_Data2k/files/Q00897.01-0000811942.0001.PDF,Q00897.01-0000811942.0001.PDF,.pdf,156853,ok,True,False,text,False,6,0,6,False,0,False,0-10,Name | Address | Email | Phone | Card/Transaction | Money/Amount | Demographic | Work-Related,True,Contact Information | Financial Account Information | Demographic Information | Work-Related Information,False,,ambiguous,True,yes,9573,standard,,False,False,0,0,0,0,0,0,2.849,False,False,True,,True,clear_yes,yes,9620,False,standard,False,,19193
CNG_Data2k/files/Q00897.01-0000833484.0001.DOCX,Q00897.01-0000833484.0001.DOCX,.docx,22599,ok,True,False,text,False,0,0,3,False,0,False,0-10,Name | Money/Amount,True,Financial Account Information,False,,ambiguous,True,no,5196,likely_non_responsive,,False,False,0,0,0,0,0,0,1.015,True,False,False,stage1_nr,False,,,0,False,,False,,5196
CNG_Data2k/files/Q00897.01-0000706062.MSG,Q00897.01-0000706062.MSG,.msg,354816,ok,True,False,text,False,0,0,4,False,0,False,0-10,Name | Email | Phone | Money/Amount | Work-Related,True,Contact Information | Financial Account Information | Work-Related Information,False,,ambiguous,True,no,8882,likely_non_responsive,,False,False,0,0,0,0,0,0,13.573,True,False,False,stage1_nr,False,,,0,False,,False,,8882
CNG_Data2k/files/Q00897.01-0000669443.MSG,Q00897.01-0000669443.MSG,.msg,181248,ok,True,False,text,False,0,2,3,False,0,False,0-10,Name | Phone,True,Contact Information,False,,ambiguous,True,no,3727,likely_non_responsive,,False,False,0,0,0,0,0,0,1.279,True,False,False,stage1_nr,False,,,0,False,,False,,3727
CNG_Data2k/files/Q00897.01-0000815988.MSG,Q00897.01-0000815988.MSG,.msg,90112,ok,True,False,text,False,0,1,3,False,0,False,0-10,Email | Phone,True,Contact Information,False,,ambiguous,True,no,4261,likely_non_responsive,,False,False,0,0,0,0,0,0,1.185,True,False,False,stage1_nr,False,,,0,False,,False,,4261
CNG_Data2k/files/Q00897.01-0000002814.PDF,Q00897.01-0000002814.PDF,.pdf,2510412,ok,True,False,text,False,1,0,2,False,0,False,0-10,Name | Address | Email | Phone | SSN | Money/Amount | Work-Related,True,Contact Information | Government-Issued Identification | Financial Account Information | Work-Related Information,False,,clear_responsive,False,,0,standard,,False,False,0,0,0,0,0,0,1.635,False,False,True,,True,clear_yes,yes,4217,False,standard,False,,4217
CNG_Data2k/files/Q00897.01-0000710602.MSG,Q00897.01-0000710602.MSG,.msg,203776,ok,True,False,text,False,0,1,2,False,0,False,0-10,Phone,True,Contact Information,False,,ambiguous,True,no,4551,likely_non_responsive,,False,False,0,0,0,0,0,0,2.261,True,False,False,stage1_nr,False,,,0,False,,False,,4551
CNG_Data2k/files/Q00897.01-0000890133.PDF,Q00897.01-0000890133.PDF,.pdf,828479,ok,True,False,text,False,116,0,113,False,113,True,100+,Address | Phone | SSN | Money/Amount | Work-Related,True,Contact Information | Government-Issued Identification | Financial Account Information | Work-Related Information,True,,clear_responsive,False,,12991,bde,bde_llm_count_roster,False,False,0,0,0,0,0,0,17.73,False,True,True,,True,clear_yes,yes,14130,True,bde,False,,27121
CNG_Data2k/files/Q00897.01-0000546771.MSG,Q00897.01-0000546771.MSG,.msg,169984,ok,True,False,text,False,0,2,7,False,5,False,0-10,Name | Address | Email | Phone,True,Contact Information,False,,ambiguous,True,yes,12029,standard,bde_llm_count,False,False,0,0,0,0,0,0,5.319,False,False,True,,True,likely_yes,yes,6505,False,standard,False,,18534
CNG_Data2k/files/Q00897.01-0000678588.MSG,Q00897.01-0000678588.MSG,.msg,178688,ok,True,False,text,False,0,0,1,False,0,False,0-10,Name | Address | Email | Money/Amount,True,Contact Information | Financial Account Information,False,,ambiguous,True,yes,5252,standard,,False,False,0,0,0,0,0,0,60.549,False,False,True,,True,likely_no,no,5294,False,likely_non_responsive,True,,10546
CNG_Data2k/files/Q00897.01-0000655426.MSG,Q00897.01-0000655426.MSG,.msg,2966528,ok,True,False,text,False,0,4,10,False,6,False,0-10,Name | Address | Email | Phone | Money/Amount,True,Contact Information | Financial Account Information,False,,ambiguous,True,yes,12278,standard,bde_llm_count,False,False,0,0,0,0,0,0,5.635,False,False,True,,True,likely_no,no,6583,False,likely_non_responsive,True,,18861
CNG_Data2k/files/Q00897.01-0000533966.0001.PDF,Q00897.01-0000533966.0001.PDF,.pdf,20950,ok,True,False,text,False,1,0,0,False,0,False,0-10,,False,,False,,clear_non_responsive,False,,0,likely_non_responsive,,False,False,0,0,0,0,0,0,0.025,True,False,False,stage1_nr,False,,,0,False,,False,,0
CNG_Data2k/files/Q00897.01-0000894221.PDF,Q00897.01-0000894221.PDF,.pdf,35581,ok,True,False,text,False,5,0,1,False,0,False,0-10,Address | Money/Amount,True,Contact Information | Financial Account Information,False,,ambiguous,True,yes,6851,standard,,False,False,0,0,0,0,0,0,3.87,False,False,True,,True,likely_yes,yes,6849,False,standard,False,,13700
CNG_Data2k/files/Q00897.01-0000542272.0001.PDF,Q00897.01-0000542272.0001.PDF,.pdf,22564,ok,True,False,text,False,1,0,1,False,0,False,0-10,Money/Amount,False,Financial Account Information,False,,clear_non_responsive,False,,0,likely_non_responsive,,False,False,0,0,0,0,0,0,0.025,True,False,False,stage1_nr,False,,,0,False,,False,,0
CNG_Data2k/files/Q00897.01-0000295703.PDF,Q00897.01-0000295703.PDF,.pdf,292442,ok,True,True,text,True,1,0,14,False,1,False,10-20,Name | Money/Amount,True,Financial Account Information,False,,ambiguous,True,yes,7578,standard,bde_llm_count,True,True,1,0,0,0,0,1,8.902,False,False,True,,True,likely_no,no,4252,False,likely_non_responsive,True,,11830
CNG_Data2k/files/Q00897.01-0000446401.MSG,Q00897.01-0000446401.MSG,.msg,175104,ok,True,False,text,False,0,1,1,False,0,False,0-10,Money/Amount,False,Financial Account Information,False,,clear_non_responsive,False,,0,likely_non_responsive,,False,False,0,0,0,0,0,0,0.136,True,False,False,stage1_nr,False,,,0,False,,False,,0
CNG_Data2k/files/Q00897.01-0000483653.MSG,Q00897.01-0000483653.MSG,.msg,34816,ok,True,False,text,False,0,0,4,False,0,False,0-10,Name | Address | Email | Phone | Money/Amount | Work-Related,True,Contact Information | Financial Account Information | Work-Related Information,False,,ambiguous,True,no,5101,likely_non_responsive,,False,False,0,0,0,0,0,0,1.744,True,False,False,stage1_nr,False,,,0,False,,False,,5101
CNG_Data2k/files/Q00897.01-0000646959.MSG,Q00897.01-0000646959.MSG,.msg,173568,ok,True,False,text,False,0,2,1,False,0,False,0-10,Name | Email | Credentials,True,Contact Information | Access Credentials,False,,ambiguous,True,yes,8365,standard,,False,False,0,0,0,0,0,0,3.483,False,False,True,,True,likely_yes,yes,8447,False,standard,False,,16812
CNG_Data2k/files/Q00897.01-0000436787.0001.DOCX,Q00897.01-0000436787.0001.DOCX,.docx,47605,ok,True,False,text,False,0,0,1,False,0,False,0-10,Money/Amount,False,Financial Account Information,False,,clear_non_responsive,False,,0,likely_non_responsive,,False,False,0,0,0,0,0,0,0.046,True,False,False,stage1_nr,False,,,0,False,,False,,0
CNG_Data2k/files/Q00897.01-0000341270.DOCX,Q00897.01-0000341270.DOCX,.docx,15129,ok,True,False,text,False,0,0,1,False,0,False,0-10,Name | Money/Amount | Student ID,True,Financial Account Information | Student-Related Information,False,,ambiguous,True,yes,3878,standard,,False,False,0,0,0,0,0,0,2.633,False,False,True,,True,likely_no,no,3965,False,likely_non_responsive,True,,7843
CNG_Data2k/files/Q00897.01-0000553597.MSG,Q00897.01-0000553597.MSG,.msg,251392,ok,True,False,text,False,0,0,2,False,0,False,0-10,Email | Money/Amount,True,Contact Information | Financial Account Information,False,,ambiguous,True,no,4916,likely_non_responsive,,False,False,0,0,0,0,0,0,2.202,True,False,False,stage1_nr,False,,,0,False,,False,,4916
CNG_Data2k/files/Q00897.01-0000890169.PDF,Q00897.01-0000890169.PDF,.pdf,28284,ok,True,False,text,False,6,0,40,False,40,False,20-50,Name | Phone,True,Contact Information,False,,ambiguous,True,yes,12616,standard,bde_llm_count_roster,False,False,0,0,0,0,0,0,8.767,False,False,True,,True,likely_no,no,6900,False,likely_non_responsive,True,,19516
CNG_Data2k/files/Q00897.01-0000580942.0001.XLSX,Q00897.01-0000580942.0001.XLSX,.xlsx,85945,ok,True,True,text,True,1,0,63,False,0,False,50-100,Phone | Money/Amount,True,Contact Information | Financial Account Information,False,,ambiguous,True,no,14399,likely_non_responsive,bde_llm_count,False,False,0,0,0,0,0,0,3.589,True,False,False,stage1_nr,False,,,0,False,,False,,14399
CNG_Data2k/files/Q00897.01-0000814633.0001.PDF,Q00897.01-0000814633.0001.PDF,.pdf,546572,ok,True,True,text,True,15,0,59,False,12,False,50-100,Name | Address | Email | Phone | Card/Transaction | Money/Amount | Work-Related,True,Contact Information | Financial Account Information | Work-Related Information,False,,ambiguous,True,yes,20275,standard,bde_llm_count,True,True,15,0,0,0,0,1,15.557,False,False,True,,True,likely_no,no,10599,True,likely_non_responsive,True,,30874
CNG_Data2k/files/Q00897.01-0000722887.MSG,Q00897.01-0000722887.MSG,.msg,611328,ok,True,False,text,False,0,17,5,False,0,False,0-10,Name | Address | Email,True,Contact Information,False,,ambiguous,True,yes,4013,standard,,False,False,0,0,0,0,0,0,7.245,False,False,True,,True,clear_no,no,4064,False,likely_non_responsive,True,,8077
CNG_Data2k/files/Q00897.01-0000630188.MSG,Q00897.01-0000630188.MSG,.msg,45056,ok,True,False,text,False,0,0,3,False,0,False,0-10,Name | Email,True,Contact Information,False,,ambiguous,True,yes,4008,standard,,False,False,0,0,0,0,0,0,6.223,False,False,True,,True,borderline,no,4048,False,likely_non_responsive,True,,8056
CNG_Data2k/files/Q00897.01-0000895229.PDF,Q00897.01-0000895229.PDF,.pdf,64658,ok,True,True,text,True,2,0,53,False,1,True,50-100,Name | Address | Money/Amount | Credentials,True,Contact Information | Financial Account Information | Access Credentials,True,,ambiguous,True,yes,7881,structured_bde,bde_llm_count_roster,True,True,2,0,0,0,0,1,8.422,False,True,True,,True,clear_yes,yes,4400,True,structured_bde,False,,12281
CNG_Data2k/files/Q00897.01-0000900170.PDF,Q00897.01-0000900170.PDF,.pdf,64355,ok,True,False,text,False,13,0,1,False,0,False,0-10,Address | SSN | Money/Amount | Work-Related,True,Contact Information | Government-Issued Identification | Financial Account Information | Work-Related Information,False,,clear_responsive,False,,0,standard,,False,False,0,0,0,0,0,0,1.989,False,False,True,,True,clear_yes,yes,14106,False,standard,False,,14106
CNG_Data2k/files/Q00897.01-0000866430.XLSX,Q00897.01-0000866430.XLSX,.xlsx,388723,ok,True,True,text,True,12,0,2598,False,1,False,100+,Name | Address,True,Contact Information,False,,ambiguous,True,yes,7086,standard,roster_by_rowcount bde_llm_count,False,False,0,0,0,0,0,0,4.033,False,False,True,,True,likely_no,no,4019,True,likely_non_responsive,True,,11105
CNG_Data2k/files/Q00897.01-0000897559.PDF,Q00897.01-0000897559.PDF,.pdf,19589,ok,True,False,text,False,3,0,1,False,0,False,0-10,Name | Address | Phone | Money/Amount,True,Contact Information | Financial Account Information,False,,ambiguous,True,yes,5957,standard,,False,False,0,0,0,0,0,0,2.696,False,False,True,,True,likely_yes,yes,5995,False,standard,False,,11952
CNG_Data2k/files/Q00897.01-0000134371.PDF,Q00897.01-0000134371.PDF,.pdf,517974,ok,True,True,text,True,3,0,45,False,0,False,20-50,Phone | Money/Amount,True,Contact Information | Financial Account Information,False,,ambiguous,True,no,8081,likely_non_responsive,bde_llm_count,True,True,3,0,0,0,0,1,7.854,True,False,False,stage1_nr,False,,,0,False,,False,,8081
CNG_Data2k/files/Q00897.01-0000253384.XLSX,Q00897.01-0000253384.XLSX,.xlsx,25400,ok,True,True,text,True,1,0,99,False,0,False,50-100,Name | Phone,True,Contact Information,False,,ambiguous,True,no,7689,likely_non_responsive,roster_by_rowcount bde_llm_count,False,False,0,0,0,0,0,0,1.97,True,False,False,stage1_nr,False,,,0,False,,False,,7689
CNG_Data2k/files/Q00897.01-0000864970.XLSX,Q00897.01-0000864970.XLSX,.xlsx,114822,ok,True,True,text,True,5,0,1291,False,1,False,100+,Name | Money/Amount | Credentials,False,Financial Account Information | Access Credentials,False,,ambiguous,True,yes,10999,standard,roster_by_rowcount bde_llm_count,False,False,0,0,0,0,0,0,4.042,False,False,True,,True,likely_yes,yes,5957,True,structured_bde,False,,16956
CNG_Data2k/files/Q00897.01-0000544366.0001.PDF,Q00897.01-0000544366.0001.PDF,.pdf,20966,ok,True,False,text,False,1,0,0,False,0,False,0-10,,False,,False,,clear_non_responsive,False,,0,likely_non_responsive,,False,False,0,0,0,0,0,0,0.021,True,False,False,stage1_nr,False,,,0,False,,False,,0
CNG_Data2k\files\Q00897.01-0000772930.0001.DOC,Q00897.01-0000772930.0001.DOC,.doc,74797,ok,True,False,text,False,0,0,3,False,0,False,0-10,Name | Money/Amount,True,Financial Account Information,False,,ambiguous,True,no,2721,likely_non_responsive,,False,False,0,0,0,0,0,0,1.255,True,False,False,stage1_nr,False,,,0,False,,False,,2721
CNG_Data2k/files/Q00897.01-0000112486.PDF,Q00897.01-0000112486.PDF,.pdf,6723,ok,True,False,text,False,1,0,1,False,0,False,0-10,Name | Address | Health,True,Contact Information | Health-Related Information,False,,ambiguous,True,yes,3992,standard,,False,False,0,0,0,0,0,0,4.24,False,False,True,,True,likely_no,no,4056,False,likely_non_responsive,True,,8048
CNG_Data2k/files/Q00897.01-0000033957.PDF,Q00897.01-0000033957.PDF,.pdf,37371,ok,True,False,text,False,1,0,1,False,0,False,0-10,Name | Address | Email | Phone | Money/Amount,True,Contact Information | Financial Account Information,False,,ambiguous,True,no,4426,likely_non_responsive,"img_ocr:p1(1/1,+30chars)",False,False,0,1,1,1,0,1,5.272,True,False,False,stage1_nr,False,,,0,False,,False,,4426
CNG_Data2k/files/Q00897.01-0000797462.0001.PDF,Q00897.01-0000797462.0001.PDF,.pdf,22355,ok,True,False,text,False,1,0,3,False,0,False,0-10,Name | Address | Phone | Health,True,Contact Information | Health-Related Information,False,,ambiguous,True,yes,3771,standard,,False,False,0,0,0,0,0,0,2.705,False,False,True,,True,borderline,no,3833,False,likely_non_responsive,True,,7604
CNG_Data2k/files/Q00897.01-0000439408.0001.PDF,Q00897.01-0000439408.0001.PDF,.pdf,1431590,ok,True,False,text,False,15,0,0,False,0,False,0-10,,False,,False,,clear_non_responsive,False,,0,likely_non_responsive,,True,True,15,0,0,0,0,1,6.609,True,False,False,stage1_nr,False,,,0,False,,False,,0
CNG_Data2k/files/Q00897.01-0000890379.PDF,Q00897.01-0000890379.PDF,.pdf,7242,ok,True,False,text,False,1,0,0,False,0,False,0-10,,False,,False,,clear_non_responsive,False,,0,likely_non_responsive,,False,False,0,0,0,0,0,0,0.03,True,False,False,stage1_nr,False,,,0,False,,False,,0
CNG_Data2k/files/Q00897.01-0000450318.MSG,Q00897.01-0000450318.MSG,.msg,146432,ok,True,False,text,False,0,0,4,False,0,False,0-10,Name | Address | Email | Money/Amount | Credentials,True,Contact Information | Financial Account Information | Access Credentials,False,,ambiguous,True,yes,4874,standard,,False,False,0,0,0,0,0,0,3.492,False,False,True,,True,likely_yes,yes,4944,False,standard,False,,9818
CNG_Data2k/files/Q00897.01-0000895335.XLSX,Q00897.01-0000895335.XLSX,.xlsx,18126,ok,True,True,text,True,1,0,112,False,112,True,100+,SSN | Payment Card | Work-Related,True,Government-Issued Identification | Financial Account Information | Work-Related Information,True,,clear_responsive,False,,5577,structured_bde,bde_llm_count_roster,False,False,0,0,0,0,0,0,3.084,False,True,True,,True,clear_yes,yes,6544,True,structured_bde,False,,12121
CNG_Data2k/files/Q00897.01-0000470739.0014.XLSX,Q00897.01-0000470739.0014.XLSX,.xlsx,122256,ok,True,True,text,True,2,0,270,False,0,False,100+,Name | Phone | Money/Amount,True,Contact Information | Financial Account Information,False,,ambiguous,True,no,10128,likely_non_responsive,roster_by_rowcount bde_llm_count,False,False,0,0,0,0,0,0,2.299,True,False,False,stage1_nr,False,,,0,False,,False,,10128
CNG_Data2k/files/Q00897.01-0000568519.0001.0001.XLSX,Q00897.01-0000568519.0001.0001.XLSX,.xlsx,573680,ok,True,True,text,True,5,0,561,False,0,False,100+,Address | Phone | Payment Card,True,Contact Information | Financial Account Information,False,,ambiguous,True,no,23272,likely_non_responsive,bde_llm_count,False,False,0,0,0,0,0,0,3.844,True,False,False,stage1_nr,False,,,0,False,,False,,23272
CNG_Data2k/files/Q00897.01-0000013996.PDF,Q00897.01-0000013996.PDF,.pdf,32449,ok,True,False,text,False,4,0,23,False,23,False,20-50,Name | Address | Phone | Money/Amount | Work-Related,True,Contact Information | Financial Account Information | Work-Related Information,False,,ambiguous,True,yes,11253,standard,bde_llm_count_roster,False,False,0,0,0,0,0,0,6.153,False,False,True,,True,clear_yes,yes,6180,False,standard,False,,17433
CNG_Data2k/files/Q00897.01-0000824435.0001.DOCX,Q00897.01-0000824435.0001.DOCX,.docx,158727,ok,True,False,text,False,0,0,1,False,0,False,0-10,Name | Address | Money/Amount | Health | Work-Related,True,Contact Information | Financial Account Information | Health-Related Information | Work-Related Information,False,,ambiguous,True,yes,5814,standard,,False,False,0,0,0,0,0,0,2.728,False,False,True,,True,borderline,no,5878,False,likely_non_responsive,True,,11692
CNG_Data2k/files/Q00897.01-0000807990.0001.PDF,Q00897.01-0000807990.0001.PDF,.pdf,126370,ok,True,False,text,False,2,0,2,False,0,False,0-10,Name | Address,True,Contact Information,False,,ambiguous,True,no,4514,likely_non_responsive,,True,True,2,0,0,0,0,1,61.064,True,False,False,stage1_nr,False,,,0,False,,False,,4514
CNG_Data2k/files/Q00897.01-0000246756.PDF,Q00897.01-0000246756.PDF,.pdf,83252,ok,True,False,text,False,1,0,1,False,0,False,0-10,Money/Amount,False,Financial Account Information,False,,clear_non_responsive,False,,0,likely_non_responsive,,False,False,0,0,0,0,0,0,0.043,True,False,False,stage1_nr,False,,,0,False,,False,,0
CNG_Data2k/files/Q00897.01-0000840450.MSG,Q00897.01-0000840450.MSG,.msg,521216,ok,True,False,text,False,0,6,14,False,14,False,10-20,Name | Address | Email | Phone,True,Contact Information,False,,ambiguous,True,yes,13194,standard,bde_llm_count,False,False,0,0,0,0,0,0,6.706,False,False,True,,True,likely_no,no,7056,False,likely_non_responsive,True,,20250
CNG_Data2k/files/Q00897.01-0000008876.PDF,Q00897.01-0000008876.PDF,.pdf,382713,ok,True,True,text,True,5,0,12,False,5,False,10-20,Name | Address | Email | Phone | SSN | Date of Birth | Card Expiry/CVV | Money/Amount | Work-Related,True,Contact Information | Government-Issued Identification | Birth Information | Financial Account Information | Work-Related Information,False,,clear_responsive,False,,6454,standard,bde_llm_count,True,True,5,0,0,0,0,1,9.893,False,False,True,,True,clear_yes,yes,7101,False,standard,False,,13555
CNG_Data2k/files/Q00897.01-0000866466.PDF,Q00897.01-0000866466.PDF,.pdf,707380,ok,True,True,text,True,2,0,16,False,1,False,10-20,Name | Address | Money/Amount,True,Contact Information | Financial Account Information,False,,ambiguous,True,yes,7136,standard,bde_llm_count_roster,True,True,2,0,0,0,0,1,67.69,False,False,True,,True,likely_yes,yes,4012,False,standard,False,,11148
CNG_Data2k/files/Q00897.01-0000483705.MSG,Q00897.01-0000483705.MSG,.msg,129024,ok,True,False,text,False,0,1,3,False,0,False,0-10,Name | Email | Money/Amount,True,Contact Information | Financial Account Information,False,,ambiguous,True,yes,4262,standard,,False,False,0,0,0,0,0,0,2.84,False,False,True,,True,likely_no,no,4293,False,likely_non_responsive,True,,8555
CNG_Data2k/files/Q00897.01-0000108531.PDF,Q00897.01-0000108531.PDF,.pdf,36328,ok,True,False,text,False,10,0,1,False,0,False,0-10,Address | Card/Transaction | Money/Amount | Work-Related,True,Contact Information | Financial Account Information | Work-Related Information,False,,ambiguous,True,no,10532,likely_non_responsive,,False,False,0,0,0,0,0,0,1.473,True,False,False,stage1_nr,False,,,0,False,,False,,10532
CNG_Data2k/files/Q00897.01-0000238624.PDF,Q00897.01-0000238624.PDF,.pdf,827481,ok,True,False,text,False,1,0,1,False,0,False,0-10,Name | Address,True,Contact Information,False,,ambiguous,True,yes,4992,standard,,True,True,1,0,0,0,0,1,9.578,False,False,True,,True,clear_yes,yes,5025,False,standard,False,,10017
CNG_Data2k/files/Q00897.01-0000657435.MSG,Q00897.01-0000657435.MSG,.msg,111616,ok,True,False,text,False,0,0,8,False,7,False,0-10,Name | Address | Email | Phone | Card/Transaction | Money/Amount,True,Contact Information | Financial Account Information,False,,ambiguous,True,yes,16282,standard,bde_llm_count,False,False,0,0,0,0,0,0,5.305,False,False,True,,True,likely_no,no,8606,False,likely_non_responsive,True,,24888
CNG_Data2k/files/Q00897.01-0000837870.0007.PDF,Q00897.01-0000837870.0007.PDF,.pdf,163297,ok,True,False,text,False,19,0,1,False,0,False,0-10,Name | Address | Money/Amount,True,Contact Information | Financial Account Information,False,,ambiguous,True,no,9061,likely_non_responsive,,False,False,0,0,0,0,0,0,1.727,True,False,False,stage1_nr,False,,,0,False,,False,,9061
CNG_Data2k\files\Q00897.01-0000803514.0001.DOC,Q00897.01-0000803514.0001.DOC,.doc,27165,ok,True,False,text,False,0,0,1,False,0,False,0-10,Address | Money/Amount | Demographic | Work-Related,True,Contact Information | Financial Account Information | Demographic Information | Work-Related Information,False,,ambiguous,True,no,4467,likely_non_responsive,,False,False,0,0,0,0,0,0,0.954,True,False,False,stage1_nr,False,,,0,False,,False,,4467
CNG_Data2k/files/Q00897.01-0000915815.PDF,Q00897.01-0000915815.PDF,.pdf,212199,ok,True,False,text,False,2,0,1,False,0,False,0-10,Name | Phone | Money/Amount,True,Contact Information | Financial Account Information,False,,ambiguous,True,yes,4296,standard,,False,False,0,0,0,0,0,0,3.853,False,False,True,,True,clear_yes,yes,4359,False,standard,False,,8655
CNG_Data2k/files/Q00897.01-0000867919.XLSX,Q00897.01-0000867919.XLSX,.xlsx,16602,ok,True,True,text,True,1,0,3,False,38,False,0-10,SSN | Money/Amount,True,Government-Issued Identification | Financial Account Information,False,,clear_responsive,False,,3568,standard,bde_llm_count_roster,False,False,0,0,0,0,0,0,2.982,False,False,True,,True,clear_yes,yes,4615,False,standard,False,,8183
CNG_Data2k/files/Q00897.01-0000869615.TXT,Q00897.01-0000869615.TXT,.txt,2924,ok,True,False,text,False,0,0,2,False,0,False,0-10,Phone | Money/Amount,True,Contact Information | Financial Account Information,False,,ambiguous,True,no,5028,likely_non_responsive,,False,False,0,0,0,0,0,0,1.082,True,False,False,stage1_nr,False,,,0,False,,False,,5028
CNG_Data2k/files/Q00897.01-0000655937.0001.PDF,Q00897.01-0000655937.0001.PDF,.pdf,253856,ok,True,False,text,False,29,0,2,False,0,False,0-10,Address | Phone | Card Expiry/CVV | Card/Transaction | Money/Amount,True,Contact Information | Financial Account Information,False,,ambiguous,True,no,9136,likely_non_responsive,"img_ocr:p1,p6(2/7,+18chars)",False,False,0,7,7,2,0,7,31.15,True,False,False,stage1_nr,False,,,0,False,,False,,9136
CNG_Data2k/files/Q00897.01-0000279648.PDF,Q00897.01-0000279648.PDF,.pdf,177886,ok,True,False,text,False,1,0,2,False,0,False,0-10,Name | Email | Card/Transaction | Money/Amount,True,Contact Information | Financial Account Information,False,,ambiguous,True,yes,3935,standard,,False,False,0,0,0,0,0,0,2.947,False,False,True,,True,likely_no,no,4023,False,likely_non_responsive,True,,7958
CNG_Data2k/files/Q00897.01-0000666580.MSG,Q00897.01-0000666580.MSG,.msg,191488,ok,True,False,text,False,0,2,7,False,3,False,0-10,Name | Address | Email | Phone | Bank/Account Number | Money/Amount,True,Contact Information | Financial Account Information,False,,ambiguous,True,yes,11731,standard,bde_llm_count,False,False,0,0,0,0,0,0,5.871,False,False,True,,True,likely_no,no,6345,False,likely_non_responsive,True,,18076
CNG_Data2k/files/Q00897.01-0000521617.MSG,Q00897.01-0000521617.MSG,.msg,239104,ok,True,False,text,False,0,1,1,False,0,False,0-10,Name | Email | Money/Amount,True,Contact Information | Financial Account Information,False,,ambiguous,True,yes,3745,standard,,False,False,0,0,0,0,0,0,2.227,False,False,True,,True,likely_yes,yes,3787,False,standard,False,,7532
CNG_Data2k/files/Q00897.01-0000616029.MSG,Q00897.01-0000616029.MSG,.msg,117248,ok,True,False,text,False,0,1,3,False,0,False,0-10,Name | Address | Email | Phone,True,Contact Information,False,,ambiguous,True,yes,4143,standard,,False,False,0,0,0,0,0,0,2.686,False,False,True,,True,likely_no,no,4206,False,likely_non_responsive,True,,8349
CNG_Data2k/files/Q00897.01-0000873255.XLSX,Q00897.01-0000873255.XLSX,.xlsx,28881,ok,True,True,text,True,1,0,351,False,0,False,100+,Phone | Money/Amount,True,Contact Information | Financial Account Information,False,,ambiguous,True,no,8525,likely_non_responsive,roster_by_rowcount bde_llm_count,False,False,0,0,0,0,0,0,63.334,True,False,False,stage1_nr,False,,,0,False,,False,,8525
CNG_Data2k/files/Q00897.01-0000629836.MSG,Q00897.01-0000629836.MSG,.msg,111616,ok,True,False,text,False,0,3,4,False,0,False,0-10,Name | Address | Email | Phone | Health,True,Contact Information | Health-Related Information,False,,ambiguous,True,yes,4792,standard,,False,False,0,0,0,0,0,0,4.054,False,False,True,,True,likely_no,no,4879,False,likely_non_responsive,True,,9671
CNG_Data2k/files/Q00897.01-0000346036.PDF,Q00897.01-0000346036.PDF,.pdf,23662,ok,True,False,text,False,5,0,1,False,0,False,0-10,Address | Money/Amount,True,Contact Information | Financial Account Information,False,,ambiguous,True,yes,5586,standard,,False,False,0,0,0,0,0,0,2.93,False,False,True,,True,likely_no,no,5644,False,likely_non_responsive,True,,11230
CNG_Data2k/files/Q00897.01-0000835582.MSG,Q00897.01-0000835582.MSG,.msg,114688,ok,True,False,text,False,0,0,8,False,7,False,0-10,Name | Address | Email | Phone | Card Expiry/CVV | Card/Transaction,True,Contact Information | Financial Account Information,False,,ambiguous,True,yes,12406,standard,bde_llm_count,False,False,0,0,0,0,0,0,5.863,False,False,True,,True,likely_no,no,6660,False,likely_non_responsive,True,,19066
CNG_Data2k/files/Q00897.01-0000678937.MSG,Q00897.01-0000678937.MSG,.msg,307712,ok,True,False,text,False,0,0,1,False,0,False,0-10,Money/Amount,False,Financial Account Information,False,,clear_non_responsive,False,,0,likely_non_responsive,,False,False,0,0,0,0,0,0,2.249,True,False,False,stage1_nr,False,,,0,False,,False,,0
CNG_Data2k/files/Q00897.01-0000398492.MSG,Q00897.01-0000398492.MSG,.msg,355840,ok,True,False,text,False,0,0,1,False,0,False,0-10,Name | Address | Money/Amount,True,Contact Information | Financial Account Information,False,,ambiguous,True,no,6799,likely_non_responsive,,False,False,0,0,0,0,0,0,3.646,True,False,False,stage1_nr,False,,,0,False,,False,,6799
CNG_Data2k/files/Q00897.01-0000652892.MSG,Q00897.01-0000652892.MSG,.msg,653824,ok,True,False,text,False,0,17,3,False,0,False,0-10,Name | Phone,True,Contact Information,False,,ambiguous,True,no,3741,likely_non_responsive,,False,False,0,0,0,0,0,0,1.293,True,False,False,stage1_nr,False,,,0,False,,False,,3741
CNG_Data2k/files/Q00897.01-0000909289.PDF,Q00897.01-0000909289.PDF,.pdf,14779,ok,True,False,text,False,4,0,2,False,0,False,0-10,Name | Address | Phone | SSN | Money/Amount,True,Contact Information | Government-Issued Identification | Financial Account Information,False,,clear_responsive,False,,0,standard,,False,False,0,0,0,0,0,0,2.186,False,False,True,,True,clear_yes,yes,5211,False,standard,False,,5211
CNG_Data2k/files/Q00897.01-0000316111.PDF,Q00897.01-0000316111.PDF,.pdf,25655894,ok,True,False,text,False,13,0,22,False,22,False,20-50,Name | Email | Phone | Money/Amount | Health | Demographic,True,Contact Information | Financial Account Information | Health-Related Information | Demographic Information,False,,ambiguous,True,no,18930,likely_non_responsive,"img_ocr:p2,p2,p2,p4(4/6,+224chars) bde_llm_count",False,False,0,6,6,4,0,6,91.952,True,False,False,stage1_nr,False,,,0,False,,False,,18930
CNG_Data2k/files/Q00897.01-0000779264.MSG,Q00897.01-0000779264.MSG,.msg,514048,ok,True,False,text,False,0,2,1,False,0,False,0-10,Name | Address | Email | Phone,True,Contact Information,False,,ambiguous,True,yes,3773,standard,,False,False,0,0,0,0,0,0,2.405,False,False,True,,True,clear_no,no,3828,False,likely_non_responsive,True,,7601
CNG_Data2k/files/Q00897.01-0000427197.0001.PDF,Q00897.01-0000427197.0001.PDF,.pdf,100578,ok,True,False,text,False,3,0,2,False,0,False,0-10,Name | Address | Phone | Money/Amount,True,Contact Information | Financial Account Information,False,,ambiguous,True,yes,5882,standard,,False,False,0,0,0,0,0,0,4.856,False,False,True,,True,likely_no,no,5963,False,likely_non_responsive,True,,11845
CNG_Data2k/files/Q00897.01-0000864897.XLSX,Q00897.01-0000864897.XLSX,.xlsx,16971,ok,True,True,text,True,1,0,106,False,106,True,100+,Name | Phone | Money/Amount | Work-Related,True,Contact Information | Financial Account Information | Work-Related Information,True,,ambiguous,True,yes,9615,structured_bde,bde_llm_count_roster,False,False,0,0,0,0,0,0,4.694,False,True,True,,True,clear_yes,yes,5312,True,structured_bde,False,,14927
CNG_Data2k/files/Q00897.01-0000584252.0001.PNG,Q00897.01-0000584252.0001.PNG,.png,634994,ok,True,True,text,True,1,0,21,False,0,False,20-50,Name | Money/Amount,False,Financial Account Information,False,,ambiguous,True,no,9054,likely_non_responsive,bde_llm_count,True,True,1,0,0,0,0,1,9.432,True,False,False,stage1_nr,False,,,0,False,,False,,9054
CNG_Data2k/files/Q00897.01-0000913455.PDF,Q00897.01-0000913455.PDF,.pdf,166988,ok,True,True,text,True,4,0,48,False,4,False,20-50,Name | Address | SSN | Money/Amount,True,Contact Information | Government-Issued Identification | Financial Account Information,False,,clear_responsive,False,,4836,standard,bde_llm_count_roster,True,True,4,0,0,0,0,1,8.482,False,False,True,,True,clear_yes,yes,5706,False,standard,False,,10542
CNG_Data2k/files/Q00897.01-0000295665.PDF,Q00897.01-0000295665.PDF,.pdf,1406130,ok,True,False,text,False,7,0,4,False,0,False,0-10,Name | Address | Phone | Money/Amount | Health | Work-Related,True,Contact Information | Financial Account Information | Health-Related Information | Work-Related Information,False,,ambiguous,True,yes,7688,standard,,False,False,0,0,0,0,0,0,2.881,False,False,True,,True,clear_yes,yes,7747,False,standard,False,,15435
CNG_Data2k/files/Q00897.01-0000842995.0001.PDF,Q00897.01-0000842995.0001.PDF,.pdf,667340,ok,True,True,text,True,8,0,87,False,51,True,50-100,Name | Address | Email | Phone | Money/Amount | Work-Related,True,Contact Information | Financial Account Information | Work-Related Information,True,,ambiguous,True,yes,12455,structured_bde,bde_llm_count_roster,True,True,8,0,0,0,0,1,14.71,False,True,True,,True,clear_yes,yes,6764,True,structured_bde,False,,19219
CNG_Data2k/files/Q00897.01-0000779754.0001.PDF,Q00897.01-0000779754.0001.PDF,.pdf,2082,ok,True,False,text,False,1,0,2,False,0,False,0-10,Name | Address | Email | Phone,True,Contact Information,False,,ambiguous,True,no,3918,likely_non_responsive,,False,False,0,0,0,0,0,0,1.226,True,False,False,stage1_nr,False,,,0,False,,False,,3918
CNG_Data2k/files/Q00897.01-0000341900.PDF,Q00897.01-0000341900.PDF,.pdf,283277,ok,True,False,text,False,5,0,2,False,0,False,0-10,Name | Health,True,Health-Related Information,False,,ambiguous,True,no,6528,likely_non_responsive,,False,False,0,0,0,0,0,0,1.611,True,False,False,stage1_nr,False,,,0,False,,False,,6528
CNG_Data2k/files/Q00897.01-0000659797.MSG,Q00897.01-0000659797.MSG,.msg,548864,ok,True,False,text,False,0,3,2,False,0,False,0-10,Name | Address | Email | Phone,True,Contact Information,False,,ambiguous,True,no,3838,likely_non_responsive,,False,False,0,0,0,0,0,0,2.309,True,False,False,stage1_nr,False,,,0,False,,False,,3838
CNG_Data2k/files/Q00897.01-0000707082.MSG,Q00897.01-0000707082.MSG,.msg,154624,ok,True,False,text,False,0,0,1,False,0,False,0-10,Name | Address,True,Contact Information,False,,ambiguous,True,yes,4025,standard,,False,False,0,0,0,0,0,0,3.245,False,False,True,,True,borderline,no,4095,False,likely_non_responsive,True,,8120
CNG_Data2k/files/Q00897.01-0000773686.MSG,Q00897.01-0000773686.MSG,.msg,42496,ok,True,False,text,False,0,0,7,False,6,False,0-10,Name | Email | Money/Amount,True,Contact Information | Financial Account Information,False,,ambiguous,True,yes,11376,standard,bde_llm_count,False,False,0,0,0,0,0,0,5.587,False,False,True,,True,likely_no,no,6141,False,likely_non_responsive,True,,17517
CNG_Data2k\files\Q00897.01-0000515315.0001.XLS,Q00897.01-0000515315.0001.XLS,.xls,15643,ok,True,True,text,True,3,0,2,False,0,False,0-10,Phone | Money/Amount,True,Contact Information | Financial Account Information,False,,ambiguous,True,no,3711,likely_non_responsive,bde_llm_count,False,False,0,0,0,0,0,0,2.374,True,False,False,stage1_nr,False,,,0,False,,False,,3711
CNG_Data2k/files/Q00897.01-0000689216.MSG,Q00897.01-0000689216.MSG,.msg,186880,ok,True,False,text,False,0,0,1,False,0,False,0-10,Name | Address | Email | Phone | Card/Transaction | Money/Amount,True,Contact Information | Financial Account Information,False,,ambiguous,True,yes,4323,standard,,False,False,0,0,0,0,0,0,3.375,False,False,True,,True,likely_yes,yes,4382,False,standard,False,,8705
CNG_Data2k/files/Q00897.01-0000241973.CSV,Q00897.01-0000241973.CSV,.csv,1072,ok,True,True,text,True,0,0,2,False,0,False,0-10,Name | Address | Phone | Money/Amount,True,Contact Information | Financial Account Information,False,,ambiguous,True,no,7208,likely_non_responsive,bde_llm_count,False,False,0,0,0,0,0,0,2.498,True,False,False,stage1_nr,False,,,0,False,,False,,7208
CNG_Data2k/files/Q00897.01-0000891634.PDF,Q00897.01-0000891634.PDF,.pdf,32873,ok,True,False,text,False,6,0,1,False,0,False,0-10,Money/Amount,False,Financial Account Information,False,,clear_non_responsive,False,,0,likely_non_responsive,,False,False,0,0,0,0,0,0,0.184,True,False,False,stage1_nr,False,,,0,False,,False,,0
CNG_Data2k/files/Q00897.01-0000295488.PDF,Q00897.01-0000295488.PDF,.pdf,1614994,ok,True,False,text,False,6,0,2,False,0,False,0-10,Name | Phone | Money/Amount,True,Contact Information | Financial Account Information,False,,ambiguous,True,no,6682,likely_non_responsive,,False,False,0,0,0,0,0,0,2.52,True,False,False,stage1_nr,False,,,0,False,,False,,6682
CNG_Data2k/files/Q00897.01-0000791661.0001.PDF,Q00897.01-0000791661.0001.PDF,.pdf,4855564,ok,True,False,text,False,11,0,4,False,0,False,0-10,Name | Address | Email | Phone | Money/Amount,True,Contact Information | Financial Account Information,False,,ambiguous,True,yes,9022,standard,,True,True,11,0,0,0,0,1,70.288,False,False,True,,True,clear_yes,yes,9091,False,standard,False,,18113
CNG_Data2k/files/Q00897.01-0000837958.0002.PDF,Q00897.01-0000837958.0002.PDF,.pdf,3496546,ok,True,True,text,True,15,0,3,False,0,False,0-10,Money/Amount | Work-Related,False,Financial Account Information | Work-Related Information,False,,ambiguous,True,no,18862,likely_non_responsive,bde_llm_count,True,True,15,0,0,0,0,1,9.622,True,False,False,stage1_nr,False,,,0,False,,False,,18862
CNG_Data2k/files/Q00897.01-0000900054.PDF,Q00897.01-0000900054.PDF,.pdf,11422,ok,True,False,text,False,2,0,1,False,0,False,0-10,Money/Amount,False,Financial Account Information,False,,clear_non_responsive,False,,0,likely_non_responsive,,False,False,0,0,0,0,0,0,0.071,True,False,False,stage1_nr,False,,,0,False,,False,,0
CNG_Data2k/files/Q00897.01-0000260140.PDF,Q00897.01-0000260140.PDF,.pdf,374132,ok,True,True,text,True,3,0,56,False,2,False,50-100,Name | Money/Amount,False,Financial Account Information,False,,ambiguous,True,yes,9583,standard,bde_llm_count,True,True,3,0,0,0,0,1,9.965,False,False,True,,True,likely_no,no,5273,True,likely_non_responsive,True,,14856
CNG_Data2k/files/Q00897.01-0000526287.0001.PDF,Q00897.01-0000526287.0001.PDF,.pdf,22564,ok,True,False,text,False,1,0,1,False,0,False,0-10,Money/Amount,False,Financial Account Information,False,,clear_non_responsive,False,,0,likely_non_responsive,,False,False,0,0,0,0,0,0,0.023,True,False,False,stage1_nr,False,,,0,False,,False,,0
CNG_Data2k/files/Q00897.01-0000905131.PDF,Q00897.01-0000905131.PDF,.pdf,19941,ok,True,False,text,False,3,0,1,False,0,False,0-10,Address | Phone | Money/Amount,True,Contact Information | Financial Account Information,False,,ambiguous,True,no,5778,likely_non_responsive,,False,False,0,0,0,0,0,0,1.599,True,False,False,stage1_nr,False,,,0,False,,False,,5778
CNG_Data2k/files/Q00897.01-0000418559.MSG,Q00897.01-0000418559.MSG,.msg,110080,ok,True,False,text,False,0,0,10,False,7,False,0-10,Name | Email | Phone | Money/Amount,True,Contact Information | Financial Account Information,False,,ambiguous,True,no,8495,likely_non_responsive,bde_llm_count,False,False,0,0,0,0,0,0,3.042,True,False,False,stage1_nr,False,,,0,False,,False,,8495
CNG_Data2k/files/Q00897.01-0000541467.0001.XLSX,Q00897.01-0000541467.0001.XLSX,.xlsx,68984,ok,True,True,text,True,4,0,97,False,17,True,50-100,Name | Phone | Money/Amount,True,Contact Information | Financial Account Information,True,,ambiguous,True,no,10966,structured_bde,bde_llm_count_roster,False,False,0,0,0,0,0,0,66.097,False,True,True,,True,clear_no,no,5788,True,likely_non_responsive,True,,16754
CNG_Data2k/files/Q00897.01-0000256185.PDF,Q00897.01-0000256185.PDF,.pdf,27110,ok,True,False,text,False,2,0,1,False,0,False,0-10,Address | Money/Amount | Work-Related,True,Contact Information | Financial Account Information | Work-Related Information,False,,ambiguous,True,no,4344,likely_non_responsive,"img_ocr:p1,p1(2/2,+373chars)",False,False,0,2,2,2,0,2,9.921,True,False,False,stage1_nr,False,,,0,False,,False,,4344
CNG_Data2k/files/Q00897.01-0000809655.0001.DOCX,Q00897.01-0000809655.0001.DOCX,.docx,72707,ok,True,False,text,False,0,0,1,False,0,False,0-10,Address | Work-Related,True,Contact Information | Work-Related Information,False,,ambiguous,True,no,7042,likely_non_responsive,,False,False,0,0,0,0,0,0,1.327,True,False,False,stage1_nr,False,,,0,False,,False,,7042
CNG_Data2k/files/Q00897.01-0000136485.PDF,Q00897.01-0000136485.PDF,.pdf,5930145,ok,True,True,text,True,15,0,271,False,0,False,100+,Name | Address | Email | Phone | Money/Amount,True,Contact Information | Financial Account Information,False,,ambiguous,True,yes,20596,standard,bde_llm_count,True,True,15,0,0,0,0,1,16.082,False,False,True,,True,likely_no,no,10775,True,likely_non_responsive,True,,31371
CNG_Data2k/files/Q00897.01-0000012706.PDF,Q00897.01-0000012706.PDF,.pdf,791272,ok,True,False,text,False,1,0,1,False,0,False,0-10,Name | Phone,True,Contact Information,False,,ambiguous,True,yes,3805,standard,,True,True,1,0,0,0,0,1,8.461,False,False,True,,True,likely_yes,yes,3870,False,standard,False,,7675
CNG_Data2k/files/Q00897.01-0000116630.PDF,Q00897.01-0000116630.PDF,.pdf,329062,ok,True,True,text,True,3,0,110,False,0,False,100+,Money/Amount,False,Financial Account Information,False,,ambiguous,True,no,11525,likely_non_responsive,bde_llm_count,True,True,3,0,0,0,0,1,11.039,True,False,False,stage1_nr,False,,,0,False,,False,,11525
CNG_Data2k/files/Q00897.01-0000451439.0001.HEIC,Q00897.01-0000451439.0001.HEIC,.heic,2936620,no_parser,False,False,unknown,False,0,0,0,False,0,False,,,False,,False,,,False,,0,needs_parser,unsupported_ext,False,False,0,0,0,0,0,0,0.0,False,False,False,no_parser,False,,,0,False,,False,,0
CNG_Data2k/files/Q00897.01-0000362089.MSG,Q00897.01-0000362089.MSG,.msg,311808,ok,True,False,text,False,0,0,1,False,0,False,0-10,Name | Email | Phone | Money/Amount | Demographic,True,Contact Information | Financial Account Information | Demographic Information,False,,ambiguous,True,no,5081,likely_non_responsive,,False,False,0,0,0,0,0,0,59.962,True,False,False,stage1_nr,False,,,0,False,,False,,5081
CNG_Data2k/files/Q00897.01-0000279402.PDF,Q00897.01-0000279402.PDF,.pdf,46448,ok,True,False,text,False,9,0,8,False,2,False,0-10,Name | Address | Email | Phone | Date of Birth | Money/Amount | Health,True,Contact Information | Birth Information | Financial Account Information | Health-Related Information,False,,ambiguous,True,yes,11297,standard,"img_ocr:p2(1/1,+40chars) bde_llm_count",False,False,0,1,1,1,0,1,8.072,False,False,True,,True,clear_yes,yes,6104,False,standard,False,,17401
CNG_Data2k/files/Q00897.01-0000260642.XLSX,Q00897.01-0000260642.XLSX,.xlsx,117432,ok,True,True,text,True,1,0,617,False,1,False,100+,Name | Phone | Payment Card | Money/Amount,True,Contact Information | Financial Account Information,False,,ambiguous,True,yes,19855,standard,roster_by_rowcount bde_llm_count,False,False,0,0,0,0,0,0,6.359,False,False,True,,True,likely_no,no,10386,True,likely_non_responsive,True,,30241
CNG_Data2k/files/Q00897.01-0000861408.XLSX,Q00897.01-0000861408.XLSX,.xlsx,3197258,ok,True,True,text,True,2,0,13547,False,13547,True,100+,SSN | Money/Amount,True,Government-Issued Identification | Financial Account Information,True,,clear_responsive,False,,11241,structured_bde,bde_llm_count_roster,False,False,0,0,0,0,0,0,5.87,False,True,True,,True,clear_yes,yes,12167,True,structured_bde,False,,23408
CNG_Data2k/files/Q00897.01-0000607342.0001.PDF,Q00897.01-0000607342.0001.PDF,.pdf,20965,ok,True,False,text,False,1,0,0,False,0,False,0-10,,False,,False,,clear_non_responsive,False,,0,likely_non_responsive,,False,False,0,0,0,0,0,0,0.027,True,False,False,stage1_nr,False,,,0,False,,False,,0
CNG_Data2k/files/Q00897.01-0000806607.0002.DOCX,Q00897.01-0000806607.0002.DOCX,.docx,39681,ok,True,False,text,False,0,0,0,False,0,False,0-10,,False,,False,,clear_non_responsive,False,,0,likely_non_responsive,,False,False,0,0,0,0,0,0,0.056,True,False,False,stage1_nr,False,,,0,False,,False,,0
CNG_Data2k/files/Q00897.01-0000008097.PDF,Q00897.01-0000008097.PDF,.pdf,106873,ok,True,False,text,False,3,0,2,False,0,False,0-10,Name | Address | Phone,True,Contact Information,False,,ambiguous,True,yes,7127,standard,,False,False,0,0,0,0,0,0,3.69,False,False,True,,True,clear_yes,yes,7175,False,standard,False,,14302
CNG_Data2k/files/Q00897.01-0000834239.MSG,Q00897.01-0000834239.MSG,.msg,140288,ok,True,False,text,False,0,0,3,False,0,False,0-10,Name | Address | Email | Phone,True,Contact Information,False,,ambiguous,True,yes,7107,standard,,False,False,0,0,0,0,0,0,4.373,False,False,True,,True,likely_no,no,7169,False,likely_non_responsive,True,,14276
CNG_Data2k/files/Q00897.01-0000788842.MSG,Q00897.01-0000788842.MSG,.msg,177664,ok,True,False,text,False,0,1,7,False,4,False,0-10,Name | Address | Email | Phone | Card/Transaction | Money/Amount,True,Contact Information | Financial Account Information,False,,ambiguous,True,yes,7898,standard,bde_llm_count,False,False,0,0,0,0,0,0,13.639,False,False,True,,True,likely_no,no,4427,False,likely_non_responsive,True,,12325
CNG_Data2k/files/Q00897.01-0000723476.MSG,Q00897.01-0000723476.MSG,.msg,177664,ok,True,False,text,False,0,6,3,False,0,False,0-10,Name | Address | Email | Phone | Card/Transaction,True,Contact Information | Financial Account Information,False,,ambiguous,True,yes,4343,standard,,False,False,0,0,0,0,0,0,3.156,False,False,True,,True,likely_no,no,4390,False,likely_non_responsive,True,,8733
CNG_Data2k/files/Q00897.01-0000620052.MSG,Q00897.01-0000620052.MSG,.msg,159232,ok,True,False,text,False,0,2,9,False,5,False,0-10,Name | Address | Email | Phone | Money/Amount,True,Contact Information | Financial Account Information,False,,ambiguous,True,yes,19080,standard,bde_llm_count,False,False,0,0,0,0,0,0,7.051,False,False,True,,True,likely_no,no,9999,False,likely_non_responsive,True,,29079
CNG_Data2k/files/Q00897.01-0000685486.MSG,Q00897.01-0000685486.MSG,.msg,209408,ok,True,False,text,False,0,5,3,False,0,False,0-10,Name | Phone,True,Contact Information,False,,ambiguous,True,yes,4219,standard,,False,False,0,0,0,0,0,0,3.076,False,False,True,,True,likely_no,no,4269,False,likely_non_responsive,True,,8488
CNG_Data2k/files/Q00897.01-0000847048.MSG,Q00897.01-0000847048.MSG,.msg,43520,ok,True,False,text,False,0,0,9,False,6,False,0-10,Name | Address | Email | Phone,True,Contact Information,False,,ambiguous,True,yes,12817,standard,bde_llm_count,False,False,0,0,0,0,0,0,6.312,False,False,True,,True,likely_no,no,6829,False,likely_non_responsive,True,,19646
CNG_Data2k/files/Q00897.01-0000523981.0001.PDF,Q00897.01-0000523981.0001.PDF,.pdf,22974,ok,True,False,text,False,2,0,1,False,0,False,0-10,Phone,True,Contact Information,False,,ambiguous,True,no,3840,likely_non_responsive,,False,False,0,0,0,0,0,0,1.078,True,False,False,stage1_nr,False,,,0,False,,False,,3840
CNG_Data2k/files/Q00897.01-0000740500.MSG,Q00897.01-0000740500.MSG,.msg,109056,ok,True,False,text,False,0,0,6,False,0,False,0-10,Name | Address | Email | Phone,True,Contact Information,False,,ambiguous,True,yes,6610,standard,,False,False,0,0,0,0,0,0,4.648,False,False,True,,True,likely_yes,yes,6686,False,standard,False,,13296
CNG_Data2k/files/Q00897.01-0000869273.PDF,Q00897.01-0000869273.PDF,.pdf,28241,ok,True,False,text,False,1,0,2,False,0,False,0-10,Name | Address | Phone | Money/Amount,True,Contact Information | Financial Account Information,False,,ambiguous,True,no,4441,likely_non_responsive,,False,False,0,0,0,0,0,0,1.391,True,False,False,stage1_nr,False,,,0,False,,False,,4441
CNG_Data2k/files/Q00897.01-0000012553.XLSX,Q00897.01-0000012553.XLSX,.xlsx,19407,ok,True,True,text,True,1,0,4,False,5,False,0-10,Name | Money/Amount,False,Financial Account Information,False,,ambiguous,True,yes,6990,standard,bde_llm_count_roster,False,False,0,0,0,0,0,0,4.084,False,False,True,,True,likely_no,no,3990,False,likely_non_responsive,True,,10980
CNG_Data2k/files/Q00897.01-0000888708.PDF,Q00897.01-0000888708.PDF,.pdf,2163520,ok,True,False,text,False,277,0,231,False,231,True,100+,Address | Phone | SSN | Money/Amount | Work-Related,True,Contact Information | Government-Issued Identification | Financial Account Information | Work-Related Information,True,,clear_responsive,False,,13935,bde,bde_llm_count_roster,False,False,0,0,0,0,0,0,37.864,False,True,True,,True,clear_yes,yes,14950,True,bde,False,,28885
CNG_Data2k\files\Q00897.01-0000480522.0001.XLS,Q00897.01-0000480522.0001.XLS,.xls,148707,ok,True,True,text,True,31,0,73,False,0,False,50-100,Name | Address | Phone | Money/Amount,True,Contact Information | Financial Account Information,False,,ambiguous,True,no,12390,likely_non_responsive,bde_llm_count,False,False,0,0,0,0,0,0,2.297,True,False,False,stage1_nr,False,,,0,False,,False,,12390
CNG_Data2k/files/Q00897.01-0000908932.PDF,Q00897.01-0000908932.PDF,.pdf,1103633,ok,True,False,text,False,165,0,30,False,30,False,20-50,Name | Address | Phone | Money/Amount,True,Contact Information | Financial Account Information,False,,ambiguous,True,yes,35023,standard,bde_llm_count_roster,False,False,0,0,0,0,0,0,26.692,False,False,True,,True,clear_yes,yes,18109,False,standard,False,,53132
CNG_Data2k/files/Q00897.01-0000850516.XLSX,Q00897.01-0000850516.XLSX,.xlsx,27592,ok,True,True,text,True,1,0,71,False,0,False,50-100,Name | Address | Phone | Payment Card,True,Contact Information | Financial Account Information,False,,ambiguous,True,yes,16272,standard,bde_llm_count,False,False,0,0,0,0,0,0,6.251,False,False,True,,True,clear_no,no,8604,True,likely_non_responsive,True,,24876
CNG_Data2k/files/Q00897.01-0000618608.MSG,Q00897.01-0000618608.MSG,.msg,102912,ok,True,False,text,False,0,0,5,False,0,False,0-10,Name | Phone | Money/Amount,True,Contact Information | Financial Account Information,False,,ambiguous,True,no,4019,likely_non_responsive,,False,False,0,0,0,0,0,0,1.555,True,False,False,stage1_nr,False,,,0,False,,False,,4019
CNG_Data2k/files/Q00897.01-0000663443.0001.PDF,Q00897.01-0000663443.0001.PDF,.pdf,55749,ok,True,False,text,False,1,0,2,False,0,False,0-10,Name | Address,True,Contact Information,False,,ambiguous,True,yes,4983,standard,,True,True,1,0,0,0,0,1,6.836,False,False,True,,True,likely_yes,yes,5035,False,standard,False,,10018
CNG_Data2k/files/Q00897.01-0000452793.0001.PDF,Q00897.01-0000452793.0001.PDF,.pdf,61843,ok,True,False,text,False,21,0,43,False,43,False,20-50,Name | Address | Phone | Card/Transaction | Money/Amount | Health,True,Contact Information | Financial Account Information | Health-Related Information,False,,ambiguous,True,no,31098,likely_non_responsive,bde_llm_count_roster,False,False,0,0,0,0,0,0,5.872,True,False,False,stage1_nr,False,,,0,False,,False,,31098
CNG_Data2k/files/Q00897.01-0000835206.MSG,Q00897.01-0000835206.MSG,.msg,160768,ok,True,False,text,False,0,2,3,False,0,False,0-10,Name | Address | Email | Phone,True,Contact Information,False,,ambiguous,True,yes,4162,standard,,False,False,0,0,0,0,0,0,2.806,False,False,True,,True,likely_no,no,4222,False,likely_non_responsive,True,,8384
CNG_Data2k/files/Q00897.01-0000706241.MSG,Q00897.01-0000706241.MSG,.msg,155136,ok,True,False,text,False,0,0,2,False,0,False,0-10,Name | Email | Phone | Money/Amount,True,Contact Information | Financial Account Information,False,,ambiguous,True,no,4228,likely_non_responsive,,False,False,0,0,0,0,0,0,1.553,True,False,False,stage1_nr,False,,,0,False,,False,,4228
CNG_Data2k/files/Q00897.01-0000112287.XLSX,Q00897.01-0000112287.XLSX,.xlsx,48992,ok,True,True,text,True,1,0,573,False,0,False,100+,Work-Related,False,Work-Related Information,False,,ambiguous,True,no,14124,likely_non_responsive,roster_by_rowcount bde_llm_count,False,False,0,0,0,0,0,0,2.532,True,False,False,stage1_nr,False,,,0,False,,False,,14124
CNG_Data2k/files/Q00897.01-0000867380.PDF,Q00897.01-0000867380.PDF,.pdf,57868,ok,True,False,text,False,4,0,2,False,0,False,0-10,Name | Address | Phone,True,Contact Information,False,,ambiguous,True,yes,10827,standard,,False,False,0,0,0,0,0,0,3.604,False,False,True,,True,clear_yes,yes,10904,False,standard,False,,21731
CNG_Data2k/files/Q00897.01-0000669111.MSG,Q00897.01-0000669111.MSG,.msg,196096,ok,True,False,text,False,0,2,3,False,0,False,0-10,Name | Phone,True,Contact Information,False,,ambiguous,True,no,3738,likely_non_responsive,,False,False,0,0,0,0,0,0,1.53,True,False,False,stage1_nr,False,,,0,False,,False,,3738
CNG_Data2k/files/Q00897.01-0000504448.MSG,Q00897.01-0000504448.MSG,.msg,94720,ok,True,False,text,False,0,0,1,False,0,False,0-10,Address | Email | Money/Amount,True,Contact Information | Financial Account Information,False,,ambiguous,True,no,4050,likely_non_responsive,,False,False,0,0,0,0,0,0,2.435,True,False,False,stage1_nr,False,,,0,False,,False,,4050
CNG_Data2k/files/Q00897.01-0000474061.0001.PDF,Q00897.01-0000474061.0001.PDF,.pdf,885411,ok,True,True,text,True,14,0,3,False,3,False,0-10,Name | Address | Email | Phone | Money/Amount,True,Contact Information | Financial Account Information,False,,ambiguous,True,yes,16658,standard,bde_llm_count,True,True,14,0,0,0,0,1,11.429,False,False,True,,True,clear_yes,yes,8821,False,standard,False,,25479
CNG_Data2k/files/Q00897.01-0000409469.MSG,Q00897.01-0000409469.MSG,.msg,226304,ok,True,False,text,False,0,0,2,False,0,False,0-10,Address | Email | Phone | Money/Amount | Credentials,True,Contact Information | Financial Account Information | Access Credentials,False,,ambiguous,True,no,4026,likely_non_responsive,,False,False,0,0,0,0,0,0,1.853,True,False,False,stage1_nr,False,,,0,False,,False,,4026
CNG_Data2k/files/Q00897.01-0000054274.PDF,Q00897.01-0000054274.PDF,.pdf,101323,ok,True,True,text,True,2,0,49,False,0,False,20-50,Address | Phone | Bank/Account Number | Money/Amount,True,Contact Information | Financial Account Information,False,,ambiguous,True,no,9949,likely_non_responsive,bde_llm_count,True,True,2,0,0,0,0,1,9.312,True,False,False,stage1_nr,False,,,0,False,,False,,9949
CNG_Data2k\files\Q00897.01-0000127542.XLS,Q00897.01-0000127542.XLS,.xls,33377,ok,True,True,text,True,2,0,136,False,0,False,100+,Money/Amount,False,Financial Account Information,False,,ambiguous,True,no,4017,likely_non_responsive,roster_by_rowcount bde_llm_count,False,False,0,0,0,0,0,0,1.855,True,False,False,stage1_nr,False,,,0,False,,False,,4017
CNG_Data2k\files\Q00897.01-0000851656.XLS,Q00897.01-0000851656.XLS,.xls,22201,ok,True,True,text,True,1,0,66,False,0,False,50-100,Money/Amount,False,Financial Account Information,False,,ambiguous,True,no,3708,likely_non_responsive,roster_by_rowcount bde_llm_count,False,False,0,0,0,0,0,0,2.414,True,False,False,stage1_nr,False,,,0,False,,False,,3708
CNG_Data2k/files/Q00897.01-0000813591.MSG,Q00897.01-0000813591.MSG,.msg,146944,ok,True,False,text,False,0,0,0,False,0,False,0-10,,False,,False,,clear_non_responsive,False,,0,likely_non_responsive,,False,False,0,0,0,0,0,0,0.114,True,False,False,stage1_nr,False,,,0,False,,False,,0
CNG_Data2k/files/Q00897.01-0000823216.MSG,Q00897.01-0000823216.MSG,.msg,37376,error,False,False,,False,0,0,0,False,0,False,,,False,,False,,,False,,0,review_error,MalformedRtf,False,False,0,0,0,0,0,0,0.613,False,False,False,extract_error,False,,,0,False,,False,,0
CNG_Data2k/files/Q00897.01-0000456028.0003.XLSX,Q00897.01-0000456028.0003.XLSX,.xlsx,15250,ok,True,True,text,True,1,0,4,False,0,False,0-10,Phone | Money/Amount,True,Contact Information | Financial Account Information,False,,ambiguous,True,no,7352,likely_non_responsive,bde_llm_count,False,False,0,0,0,0,0,0,2.099,True,False,False,stage1_nr,False,,,0,False,,False,,7352
CNG_Data2k/files/Q00897.01-0000806736.MSG,Q00897.01-0000806736.MSG,.msg,296960,ok,True,False,text,False,0,2,4,False,0,False,0-10,Name | Email | Phone,True,Contact Information,False,,ambiguous,True,yes,4281,standard,,False,False,0,0,0,0,0,0,62.857,False,False,True,,True,likely_no,no,4377,False,likely_non_responsive,True,,8658
CNG_Data2k/files/Q00897.01-0000572182.0001.XLSX,Q00897.01-0000572182.0001.XLSX,.xlsx,62320,ok,True,True,text,True,1,0,447,False,0,True,100+,Payment Card | Money/Amount,True,Financial Account Information,True,,ambiguous,True,no,17930,structured_bde,roster_by_rowcount bde_llm_count_roster,False,False,0,0,0,0,0,0,5.377,False,True,True,,True,clear_no,no,9419,True,likely_non_responsive,True,,27349
CNG_Data2k/files/Q00897.01-0000325114.PDF,Q00897.01-0000325114.PDF,.pdf,238167,ok,True,True,text,True,1,0,10,False,0,False,0-10,Name | Address | Phone | Money/Amount,True,Contact Information | Financial Account Information,False,,ambiguous,True,no,7449,likely_non_responsive,bde_llm_count,True,True,1,0,0,0,0,1,8.696,True,False,False,stage1_nr,False,,,0,False,,False,,7449
CNG_Data2k/files/Q00897.01-0000707592.MSG,Q00897.01-0000707592.MSG,.msg,215552,ok,True,False,text,False,0,0,2,False,0,False,0-10,Address | Email | Phone | Credentials,True,Contact Information | Access Credentials,False,,ambiguous,True,no,3963,likely_non_responsive,,False,False,0,0,0,0,0,0,2.002,True,False,False,stage1_nr,False,,,0,False,,False,,3963
CNG_Data2k/files/Q00897.01-0000893392.PDF,Q00897.01-0000893392.PDF,.pdf,11996,ok,True,False,text,False,1,0,0,False,0,False,0-10,,False,,False,,clear_non_responsive,False,,0,likely_non_responsive,,False,False,0,0,0,0,0,0,0.04,True,False,False,stage1_nr,False,,,0,False,,False,,0
CNG_Data2k/files/Q00897.01-0000524402.MSG,Q00897.01-0000524402.MSG,.msg,197120,ok,True,False,text,False,0,0,0,False,0,False,0-10,,False,,False,,clear_non_responsive,False,,0,likely_non_responsive,,False,False,0,0,0,0,0,0,0.79,True,False,False,stage1_nr,False,,,0,False,,False,,0
CNG_Data2k/files/Q00897.01-0000728192.MSG,Q00897.01-0000728192.MSG,.msg,141824,ok,True,False,text,False,0,0,2,False,0,False,0-10,Name | Email | Phone | Card/Transaction,True,Contact Information | Financial Account Information,False,,ambiguous,True,no,4075,likely_non_responsive,,False,False,0,0,0,0,0,0,1.349,True,False,False,stage1_nr,False,,,0,False,,False,,4075
CNG_Data2k/files/Q00897.01-0000535000.0001.CSV,Q00897.01-0000535000.0001.CSV,.csv,124742,ok,True,True,text,True,0,0,631,False,0,False,100+,Money/Amount,False,Financial Account Information,False,,ambiguous,False,,7122,standard,roster_by_rowcount llm_failed:RateLimitError bde_llm_count,False,False,0,0,0,0,0,0,64.316,False,False,True,,True,clear_no,no,7975,True,likely_non_responsive,True,,15097
CNG_Data2k/files/Q00897.01-0000859476.XLSX,Q00897.01-0000859476.XLSX,.xlsx,11076,ok,True,True,text,True,1,0,9,False,9,False,0-10,Address | Money/Amount | Work-Related,True,Contact Information | Financial Account Information | Work-Related Information,False,,ambiguous,True,yes,7322,standard,bde_llm_count_roster,False,False,0,0,0,0,0,0,4.599,False,False,True,,True,clear_yes,yes,4170,False,standard,False,,11492
CNG_Data2k/files/Q00897.01-0000908239.PDF,Q00897.01-0000908239.PDF,.pdf,12287,ok,True,False,text,False,1,0,0,False,0,False,0-10,,False,,False,,clear_non_responsive,False,,0,likely_non_responsive,,False,False,0,0,0,0,0,0,0.038,True,False,False,stage1_nr,False,,,0,False,,False,,0
CNG_Data2k/files/Q00897.01-0000847661.MSG,Q00897.01-0000847661.MSG,.msg,24576,ok,True,False,text,False,0,0,3,False,0,False,0-10,Name | Address | Email | Phone,True,Contact Information,False,,ambiguous,True,yes,3860,standard,,False,False,0,0,0,0,0,0,3.225,False,False,True,,True,likely_no,no,3933,False,likely_non_responsive,True,,7793
CNG_Data2k/files/Q00897.01-0000816389.MSG,Q00897.01-0000816389.MSG,.msg,452096,ok,True,False,text,False,0,1,8,False,6,False,0-10,Name | Address | Email | Phone | Card/Transaction | Money/Amount,True,Contact Information | Financial Account Information,False,,ambiguous,True,yes,11831,standard,bde_llm_count,False,False,0,0,0,0,0,0,4.695,False,False,True,,True,likely_no,no,6379,False,likely_non_responsive,True,,18210
CNG_Data2k/files/Q00897.01-0000023456.PDF,Q00897.01-0000023456.PDF,.pdf,16735,ok,True,False,text,False,1,0,1,False,0,False,0-10,Money/Amount,False,Financial Account Information,False,,clear_non_responsive,False,,0,likely_non_responsive,"img_ocr:p1,p1,p1,p1(4/4,+4chars)",False,False,0,4,4,4,0,4,16.682,True,False,False,stage1_nr,False,,,0,False,,False,,0
CNG_Data2k/files/Q00897.01-0000833913.0001.VCF,Q00897.01-0000833913.0001.VCF,.vcf,2620,no_parser,False,False,unknown,False,0,0,0,False,0,False,,,False,,False,,,False,,0,needs_parser,unsupported_ext,False,False,0,0,0,0,0,0,0.0,False,False,False,no_parser,False,,,0,False,,False,,0
CNG_Data2k/files/Q00897.01-0000720281.0001.HTM,Q00897.01-0000720281.0001.HTM,.htm,10490,ok,True,False,text,False,0,0,4,False,0,False,0-10,Name | Address,True,Contact Information,False,,ambiguous,True,yes,4300,standard,,False,False,0,0,0,0,0,0,2.884,False,False,True,,True,likely_no,no,4405,False,likely_non_responsive,True,,8705
CNG_Data2k/files/Q00897.01-0000421682.MSG,Q00897.01-0000421682.MSG,.msg,118784,ok,True,False,text,False,0,0,4,False,0,False,0-10,Name | Address | Email | Card/Transaction | Money/Amount,True,Contact Information | Financial Account Information,False,,ambiguous,True,yes,4230,standard,,False,False,0,0,0,0,0,0,4.419,False,False,True,,True,likely_no,no,4289,False,likely_non_responsive,True,,8519
CNG_Data2k/files/Q00897.01-0000009029.CSV,Q00897.01-0000009029.CSV,.csv,1763,ok,True,True,text,True,0,0,63,False,63,True,50-100,Money/Amount,False,Financial Account Information,True,,ambiguous,True,no,7785,structured_bde,roster_by_rowcount bde_llm_count_roster,False,False,0,0,0,0,0,0,5.408,False,True,True,,True,likely_no,no,4333,True,likely_non_responsive,True,,12118
CNG_Data2k/files/Q00897.01-0000890879.PDF,Q00897.01-0000890879.PDF,.pdf,11892,ok,True,False,text,False,1,0,0,False,0,False,0-10,,False,,False,,clear_non_responsive,False,,0,likely_non_responsive,,False,False,0,0,0,0,0,0,0.036,True,False,False,stage1_nr,False,,,0,False,,False,,0
CNG_Data2k/files/Q00897.01-0000896560.PDF,Q00897.01-0000896560.PDF,.pdf,13001,ok,True,False,text,False,2,0,1,False,0,False,0-10,Money/Amount,False,Financial Account Information,False,,clear_non_responsive,False,,0,likely_non_responsive,,False,False,0,0,0,0,0,0,0.132,True,False,False,stage1_nr,False,,,0,False,,False,,0
CNG_Data2k/files/Q00897.01-0000672549.MSG,Q00897.01-0000672549.MSG,.msg,208384,ok,True,False,text,False,0,0,1,False,0,False,0-10,Address | Money/Amount,True,Contact Information | Financial Account Information,False,,ambiguous,True,no,4673,likely_non_responsive,,False,False,0,0,0,0,0,0,2.501,True,False,False,stage1_nr,False,,,0,False,,False,,4673
CNG_Data2k/files/Q00897.01-0000537062.0001.PDF,Q00897.01-0000537062.0001.PDF,.pdf,22717,ok,True,False,text,False,1,0,1,False,0,False,0-10,Money/Amount,False,Financial Account Information,False,,clear_non_responsive,False,,0,likely_non_responsive,,False,False,0,0,0,0,0,0,0.034,True,False,False,stage1_nr,False,,,0,False,,False,,0
CNG_Data2k/files/Q00897.01-0000292722.XLSX,Q00897.01-0000292722.XLSX,.xlsx,30733,ok,True,True,text,True,1,0,379,False,379,True,100+,SSN | Money/Amount,True,Government-Issued Identification | Financial Account Information,True,,clear_responsive,False,,3834,structured_bde,bde_llm_count_roster,False,False,0,0,0,0,0,0,5.518,False,True,True,,True,clear_yes,yes,4946,True,structured_bde,False,,8780
CNG_Data2k/files/Q00897.01-0000643029.MSG,Q00897.01-0000643029.MSG,.msg,24064,ok,True,False,text,False,0,0,0,False,0,False,0-10,,False,,False,,clear_non_responsive,False,,0,likely_non_responsive,,False,False,0,0,0,0,0,0,0.028,True,False,False,stage1_nr,False,,,0,False,,False,,0
CNG_Data2k/files/Q00897.01-0000654458.MSG,Q00897.01-0000654458.MSG,.msg,126464,ok,True,False,text,False,0,2,5,False,0,False,0-10,Name | Address | Email | Phone | Money/Amount,True,Contact Information | Financial Account Information,False,,ambiguous,True,yes,5572,standard,,False,False,0,0,0,0,0,0,3.114,False,False,True,,True,likely_no,no,5676,False,likely_non_responsive,True,,11248
CNG_Data2k/files/Q00897.01-0000913830.PDF,Q00897.01-0000913830.PDF,.pdf,99265,ok,True,False,text,False,3,0,2,False,0,False,0-10,Name | Address | Money/Amount | Work-Related,True,Contact Information | Financial Account Information | Work-Related Information,False,,ambiguous,True,yes,5702,standard,,False,False,0,0,0,0,0,0,3.665,False,False,True,,True,clear_yes,yes,5763,False,standard,False,,11465
CNG_Data2k/files/Q00897.01-0000542610.0001.PDF,Q00897.01-0000542610.0001.PDF,.pdf,22602,ok,True,False,text,False,1,0,1,False,0,False,0-10,Money/Amount,False,Financial Account Information,False,,clear_non_responsive,False,,0,likely_non_responsive,,False,False,0,0,0,0,0,0,0.024,True,False,False,stage1_nr,False,,,0,False,,False,,0
CNG_Data2k/files/Q00897.01-0000113424.PDF,Q00897.01-0000113424.PDF,.pdf,129991,ok,True,False,text,False,4,0,1,False,0,False,0-10,Money/Amount,False,Financial Account Information,False,,clear_non_responsive,False,,0,likely_non_responsive,,False,False,0,0,0,0,0,0,0.181,True,False,False,stage1_nr,False,,,0,False,,False,,0
CNG_Data2k/files/Q00897.01-0000734007.MSG,Q00897.01-0000734007.MSG,.msg,249344,ok,True,False,text,False,0,0,8,False,0,False,0-10,Name | Address,True,Contact Information,False,,ambiguous,True,no,9472,likely_non_responsive,bde_llm_count,False,False,0,0,0,0,0,0,3.264,True,False,False,stage1_nr,False,,,0,False,,False,,9472
CNG_Data2k/files/Q00897.01-0000527852.0001.PDF,Q00897.01-0000527852.0001.PDF,.pdf,22558,ok,True,False,text,False,1,0,1,False,0,False,0-10,Money/Amount,False,Financial Account Information,False,,clear_non_responsive,False,,0,likely_non_responsive,,False,False,0,0,0,0,0,0,0.03,True,False,False,stage1_nr,False,,,0,False,,False,,0
CNG_Data2k/files/Q00897.01-0000018939.XLSX,Q00897.01-0000018939.XLSX,.xlsx,26309,ok,True,True,text,True,3,0,116,False,116,True,100+,Name | Money/Amount,False,Financial Account Information,True,,ambiguous,True,yes,8757,structured_bde,roster_by_rowcount bde_llm_count_roster,False,False,0,0,0,0,0,0,6.23,False,True,True,,True,likely_yes,yes,4888,True,structured_bde,False,,13645
CNG_Data2k/files/Q00897.01-0000106976.PDF,Q00897.01-0000106976.PDF,.pdf,572694,ok,True,False,text,False,10,0,5,False,0,False,0-10,Name | Email | Money/Amount,True,Contact Information | Financial Account Information,False,,ambiguous,True,yes,7701,standard,,True,True,10,0,0,0,0,1,9.759,False,False,True,,True,likely_no,no,7770,False,likely_non_responsive,True,,15471
CNG_Data2k/files/Q00897.01-0000856861.PDF,Q00897.01-0000856861.PDF,.pdf,488367,ok,True,False,text,False,3,0,6,False,0,False,0-10,Name | Address | Email | Phone | Money/Amount | Work-Related,True,Contact Information | Financial Account Information | Work-Related Information,False,,ambiguous,True,yes,4681,standard,,False,False,0,0,0,0,0,0,3.447,False,False,True,,True,likely_yes,yes,4735,False,standard,False,,9416
CNG_Data2k/files/Q00897.01-0000528201.0001.PDF,Q00897.01-0000528201.0001.PDF,.pdf,22564,ok,True,False,text,False,1,0,1,False,0,False,0-10,Money/Amount,False,Financial Account Information,False,,clear_non_responsive,False,,0,likely_non_responsive,,False,False,0,0,0,0,0,0,0.041,True,False,False,stage1_nr,False,,,0,False,,False,,0
CNG_Data2k/files/Q00897.01-0000124823.PDF,Q00897.01-0000124823.PDF,.pdf,32593,ok,True,True,text,True,1,0,9,False,0,False,0-10,Address | Phone | Money/Amount,True,Contact Information | Financial Account Information,False,,ambiguous,True,no,7360,likely_non_responsive,bde_llm_count,True,True,1,0,0,0,0,1,6.777,True,False,False,stage1_nr,False,,,0,False,,False,,7360
CNG_Data2k/files/Q00897.01-0000234013.PDF,Q00897.01-0000234013.PDF,.pdf,746778,ok,True,True,text,True,3,0,13,False,3,False,10-20,Name | Address | Email | Phone | Bank/Account Number | Money/Amount,True,Contact Information | Financial Account Information,False,,ambiguous,True,yes,9612,standard,bde_llm_count,True,True,3,0,0,0,0,1,10.089,False,False,True,,True,likely_no,no,5276,False,likely_non_responsive,True,,14888
CNG_Data2k/files/Q00897.01-0000837019.0002.PDF,Q00897.01-0000837019.0002.PDF,.pdf,4444028,ok,True,False,text,False,62,0,2,False,0,False,0-10,Name | Address | Email,True,Contact Information,False,,ambiguous,True,yes,5775,standard,,False,False,0,0,0,0,0,0,5.282,False,False,True,,True,likely_no,no,5826,False,likely_non_responsive,True,,11601
CNG_Data2k/files/Q00897.01-0000737445.MSG,Q00897.01-0000737445.MSG,.msg,165888,ok,True,False,text,False,0,0,2,False,0,False,0-10,Name | Address | Email | Phone | Money/Amount,True,Contact Information | Financial Account Information,False,,ambiguous,True,no,4315,likely_non_responsive,,False,False,0,0,0,0,0,0,1.83,True,False,False,stage1_nr,False,,,0,False,,False,,4315
CNG_Data2k/files/Q00897.01-0000904514.PDF,Q00897.01-0000904514.PDF,.pdf,68621,ok,True,False,text,False,13,0,2,False,0,False,0-10,Address | Phone | SSN | Money/Amount | Work-Related,True,Contact Information | Government-Issued Identification | Financial Account Information | Work-Related Information,False,,clear_responsive,False,,0,standard,,False,False,0,0,0,0,0,0,2.658,False,False,True,,True,clear_yes,yes,14352,False,standard,False,,14352
CNG_Data2k/files/Q00897.01-0000109183.XLSX,Q00897.01-0000109183.XLSX,.xlsx,6351,ok,True,True,text,True,1,0,2,False,0,False,0-10,Phone,True,Contact Information,False,,ambiguous,True,no,6686,likely_non_responsive,bde_llm_count,False,False,0,0,0,0,0,0,2.025,True,False,False,stage1_nr,False,,,0,False,,False,,6686
CNG_Data2k/files/Q00897.01-0000826125.MSG,Q00897.01-0000826125.MSG,.msg,87040,ok,True,False,text,False,0,0,4,False,0,False,0-10,Name | Address | Email | Phone,True,Contact Information,False,,ambiguous,True,yes,4007,standard,,False,False,0,0,0,0,0,0,3.177,False,False,True,,True,likely_no,no,4086,False,likely_non_responsive,True,,8093
CNG_Data2k/files/Q00897.01-0000857653.XLSX,Q00897.01-0000857653.XLSX,.xlsx,31333,ok,True,True,text,True,3,0,191,False,51,True,100+,Name | Money/Amount | Credentials | Work-Related,False,Financial Account Information | Access Credentials | Work-Related Information,True,,ambiguous,True,yes,8758,structured_bde,roster_by_rowcount bde_llm_count_roster,False,False,0,0,0,0,0,0,7.349,False,True,True,,True,clear_yes,yes,4936,True,structured_bde,False,,13694
CNG_Data2k/files/Q00897.01-0000484059.MSG,Q00897.01-0000484059.MSG,.msg,26112,ok,True,False,text,False,0,0,14,False,9,False,10-20,Name,False,,False,,ambiguous,True,no,8109,likely_non_responsive,bde_llm_count,False,False,0,0,0,0,0,0,3.386,True,False,False,stage1_nr,False,,,0,False,,False,,8109
CNG_Data2k/files/Q00897.01-0000247236.PDF,Q00897.01-0000247236.PDF,.pdf,825043,ok,True,True,text,True,2,0,18,False,0,False,10-20,Name | Address | Phone | Money/Amount,True,Contact Information | Financial Account Information,False,,ambiguous,True,yes,8431,standard,bde_llm_count,True,True,2,0,0,0,0,1,8.783,False,False,True,,True,likely_no,no,4658,False,likely_non_responsive,True,,13089
CNG_Data2k/files/Q00897.01-0000543589.0001.PDF,Q00897.01-0000543589.0001.PDF,.pdf,22618,ok,True,False,text,False,1,0,1,False,0,False,0-10,Money/Amount,False,Financial Account Information,False,,clear_non_responsive,False,,0,likely_non_responsive,,False,False,0,0,0,0,0,0,0.022,True,False,False,stage1_nr,False,,,0,False,,False,,0
CNG_Data2k/files/Q00897.01-0000537977.MSG,Q00897.01-0000537977.MSG,.msg,581632,ok,True,False,text,False,0,1,3,False,0,False,0-10,Name | Address | Email | Phone,True,Contact Information,False,,ambiguous,True,no,4034,likely_non_responsive,,False,False,0,0,0,0,0,0,1.684,True,False,False,stage1_nr,False,,,0,False,,False,,4034
CNG_Data2k/files/Q00897.01-0000760191.MSG,Q00897.01-0000760191.MSG,.msg,70656,ok,True,False,text,False,0,0,1,False,0,False,0-10,Address | Email,True,Contact Information,False,,ambiguous,True,no,3841,likely_non_responsive,,False,False,0,0,0,0,0,0,1.766,True,False,False,stage1_nr,False,,,0,False,,False,,3841
CNG_Data2k/files/Q00897.01-0000473224.0007.VCF,Q00897.01-0000473224.0007.VCF,.vcf,401,no_parser,False,False,unknown,False,0,0,0,False,0,False,,,False,,False,,,False,,0,needs_parser,unsupported_ext,False,False,0,0,0,0,0,0,0.0,False,False,False,no_parser,False,,,0,False,,False,,0
CNG_Data2k/files/Q00897.01-0000671485.MSG,Q00897.01-0000671485.MSG,.msg,57344,ok,True,False,text,False,0,0,3,False,0,False,0-10,Name | Address | Email | Phone,True,Contact Information,False,,ambiguous,True,yes,4420,standard,,False,False,0,0,0,0,0,0,2.984,False,False,True,,True,likely_no,no,4475,False,likely_non_responsive,True,,8895
CNG_Data2k/files/Q00897.01-0000662469.0001.PDF,Q00897.01-0000662469.0001.PDF,.pdf,55463,ok,True,True,text,True,1,0,8,False,2,False,0-10,Name | Address | Phone | Money/Amount,True,Contact Information | Financial Account Information,False,,ambiguous,True,no,7137,likely_non_responsive,bde_llm_count,True,True,1,0,0,0,0,1,8.058,True,False,False,stage1_nr,False,,,0,False,,False,,7137
CNG_Data2k/files/Q00897.01-0000083886.PDF,Q00897.01-0000083886.PDF,.pdf,600011,ok,True,True,text,True,1,0,18,False,1,False,10-20,Name | Address | Bank/Account Number | Money/Amount,True,Contact Information | Financial Account Information,False,,ambiguous,True,yes,8117,standard,bde_llm_count,True,True,1,0,0,0,0,1,8.672,False,False,True,,True,borderline,no,4546,False,likely_non_responsive,True,,12663
CNG_Data2k/files/Q00897.01-0000307615.PDF,Q00897.01-0000307615.PDF,.pdf,201344,ok,True,False,text,False,3,0,1,False,0,False,0-10,Name | Address | Phone | Card/Transaction | Money/Amount,True,Contact Information | Financial Account Information,False,,ambiguous,True,yes,4298,standard,,False,False,0,0,0,0,0,0,2.596,False,False,True,,True,likely_no,no,4365,False,likely_non_responsive,True,,8663
CNG_Data2k/files/Q00897.01-0000269844.PPS,Q00897.01-0000269844.PPS,.pps,90112,no_parser,False,False,unknown,False,0,0,0,False,0,False,,,False,,False,,,False,,0,needs_parser,unsupported_ext,False,False,0,0,0,0,0,0,0.0,False,False,False,no_parser,False,,,0,False,,False,,0
CNG_Data2k/files/Q00897.01-0000662633.0001.PDF,Q00897.01-0000662633.0001.PDF,.pdf,112204,ok,True,False,text,False,3,0,2,False,0,False,0-10,Address | Phone | Money/Amount,True,Contact Information | Financial Account Information,False,,ambiguous,True,no,5275,likely_non_responsive,"img_ocr:p1,p1,p1,p1,p2,p2(6/9,+321chars)",False,False,0,9,9,6,0,9,39.324,True,False,False,stage1_nr,False,,,0,False,,False,,5275
CNG_Data2k/files/Q00897.01-0000532491.0001.PDF,Q00897.01-0000532491.0001.PDF,.pdf,25004,ok,True,False,text,False,2,0,0,False,0,False,0-10,,False,,False,,clear_non_responsive,False,,0,likely_non_responsive,,False,False,0,0,0,0,0,0,0.026,True,False,False,stage1_nr,False,,,0,False,,False,,0
CNG_Data2k/files/Q00897.01-0000424208.MSG,Q00897.01-0000424208.MSG,.msg,162816,ok,True,False,text,False,0,0,2,False,0,False,0-10,Name | Address | Health,True,Contact Information | Health-Related Information,False,,ambiguous,True,yes,3960,standard,,False,False,0,0,0,0,0,0,3.838,False,False,True,,True,likely_no,no,4012,False,likely_non_responsive,True,,7972
CNG_Data2k/files/Q00897.01-0000670189.0002.PDF,Q00897.01-0000670189.0002.PDF,.pdf,8921,ok,True,False,text,False,8,0,5,False,0,False,0-10,Address | Phone | Bank/Account Number | Money/Amount,True,Contact Information | Financial Account Information,False,,ambiguous,True,no,4910,likely_non_responsive,,False,False,0,0,0,0,0,0,1.167,True,False,False,stage1_nr,False,,,0,False,,False,,4910
CNG_Data2k/files/Q00897.01-0000833091.MSG,Q00897.01-0000833091.MSG,.msg,222720,ok,True,False,text,False,0,1,0,False,0,False,0-10,,False,,False,,clear_non_responsive,False,,0,likely_non_responsive,,False,False,0,0,0,0,0,0,0.648,True,False,False,stage1_nr,False,,,0,False,,False,,0
CNG_Data2k/files/Q00897.01-0000647472.MSG,Q00897.01-0000647472.MSG,.msg,109568,ok,True,False,text,False,0,0,3,False,0,False,0-10,Name | Phone,True,Contact Information,False,,ambiguous,True,yes,5993,standard,,False,False,0,0,0,0,0,0,2.424,False,False,True,,True,likely_no,no,6060,False,likely_non_responsive,True,,12053
CNG_Data2k/files/Q00897.01-0000838025.0003.PDF,Q00897.01-0000838025.0003.PDF,.pdf,119660,ok,True,False,text,False,2,0,1,False,0,False,0-10,Card/Transaction | Money/Amount,False,Financial Account Information,False,,ambiguous,True,no,5560,likely_non_responsive,,False,False,0,0,0,0,0,0,1.25,True,False,False,stage1_nr,False,,,0,False,,False,,5560
CNG_Data2k/files/Q00897.01-0000138009.PDF,Q00897.01-0000138009.PDF,.pdf,253048,ok,True,True,text,True,3,0,71,False,3,False,50-100,Name | Address | Phone | Money/Amount,True,Contact Information | Financial Account Information,False,,ambiguous,True,yes,15210,standard,bde_llm_count,True,True,3,0,0,0,0,1,13.207,False,False,True,,True,clear_no,no,8021,True,likely_non_responsive,True,,23231
CNG_Data2k/files/Q00897.01-0000314942.PDF,Q00897.01-0000314942.PDF,.pdf,1628796,ok,True,False,text,False,1,0,2,False,0,False,0-10,Name | Email | Demographic,True,Contact Information | Demographic Information,False,,ambiguous,True,no,4152,likely_non_responsive,,True,True,1,0,0,0,0,1,6.503,True,False,False,stage1_nr,False,,,0,False,,False,,4152
CNG_Data2k/files/Q00897.01-0000746271.MSG,Q00897.01-0000746271.MSG,.msg,535040,ok,True,False,text,False,0,0,1,False,0,False,0-10,Money/Amount | Work-Related,False,Financial Account Information | Work-Related Information,False,,ambiguous,True,no,7593,likely_non_responsive,,False,False,0,0,0,0,0,0,3.73,True,False,False,stage1_nr,False,,,0,False,,False,,7593
CNG_Data2k/files/Q00897.01-0000459100.MSG,Q00897.01-0000459100.MSG,.msg,117760,ok,True,False,text,False,0,0,8,False,0,False,0-10,Name | Address | Email | Phone | Money/Amount,True,Contact Information | Financial Account Information,False,,ambiguous,True,no,9569,likely_non_responsive,bde_llm_count,False,False,0,0,0,0,0,0,4.086,True,False,False,stage1_nr,False,,,0,False,,False,,9569
CNG_Data2k/files/Q00897.01-0000895295.PDF,Q00897.01-0000895295.PDF,.pdf,11938,ok,True,False,text,False,1,0,0,False,0,False,0-10,,False,,False,,clear_non_responsive,False,,0,likely_non_responsive,,False,False,0,0,0,0,0,0,0.031,True,False,False,stage1_nr,False,,,0,False,,False,,0
CNG_Data2k/files/Q00897.01-0000436202.0001.PDF,Q00897.01-0000436202.0001.PDF,.pdf,18375,ok,True,False,text,False,3,0,1,False,0,False,0-10,Money/Amount,False,Financial Account Information,False,,clear_non_responsive,False,,0,likely_non_responsive,,False,False,0,0,0,0,0,0,0.129,True,False,False,stage1_nr,False,,,0,False,,False,,0
CNG_Data2k/files/Q00897.01-0000430879.MSG,Q00897.01-0000430879.MSG,.msg,150016,ok,True,False,text,False,0,1,5,False,0,False,0-10,Name | Address | Email | Phone | Money/Amount,True,Contact Information | Financial Account Information,False,,ambiguous,True,yes,5646,standard,,False,False,0,0,0,0,0,0,3.591,False,False,True,,True,likely_no,no,5703,False,likely_non_responsive,True,,11349
CNG_Data2k/files/Q00897.01-0000237358.0001.PDF,Q00897.01-0000237358.0001.PDF,.pdf,46988,ok,True,False,text,False,1,0,4,False,0,False,0-10,Address | Phone | Tax ID | Money/Amount,True,Contact Information | Government-Issued Identification | Financial Account Information,False,,ambiguous,True,no,4358,likely_non_responsive,,False,False,0,0,0,0,0,0,1.362,True,False,False,stage1_nr,False,,,0,False,,False,,4358
CNG_Data2k/files/Q00897.01-0000290661.CSV,Q00897.01-0000290661.CSV,.csv,2614,ok,True,True,text,True,0,0,9,False,3,False,0-10,Name | SSN | Money/Amount | Health,True,Government-Issued Identification | Financial Account Information | Health-Related Information,False,,clear_responsive,False,,3813,standard,bde_llm_count_roster,False,False,0,0,0,0,0,0,2.674,False,False,True,,True,clear_yes,yes,4724,False,standard,False,,8537
CNG_Data2k/files/Q00897.01-0000566478.0001.PDF,Q00897.01-0000566478.0001.PDF,.pdf,20964,ok,True,False,text,False,1,0,0,False,0,False,0-10,,False,,False,,clear_non_responsive,False,,0,likely_non_responsive,,False,False,0,0,0,0,0,0,0.031,True,False,False,stage1_nr,False,,,0,False,,False,,0
CNG_Data2k/files/Q00897.01-0000667034.0001.DOCX,Q00897.01-0000667034.0001.DOCX,.docx,101958,ok,True,False,text,False,0,0,3,False,0,False,0-10,Name | Email,True,Contact Information,False,,ambiguous,True,no,4099,likely_non_responsive,,False,False,0,0,0,0,0,0,1.658,True,False,False,stage1_nr,False,,,0,False,,False,,4099
CNG_Data2k/files/Q00897.01-0000550102.0001.CSV,Q00897.01-0000550102.0001.CSV,.csv,83799,ok,True,True,text,True,0,0,413,False,0,False,100+,Money/Amount,False,Financial Account Information,False,,ambiguous,True,no,14944,likely_non_responsive,roster_by_rowcount bde_llm_count,False,False,0,0,0,0,0,0,2.323,True,False,False,stage1_nr,False,,,0,False,,False,,14944
CNG_Data2k/files/Q00897.01-0000711655.MSG,Q00897.01-0000711655.MSG,.msg,123392,ok,True,False,text,False,0,0,2,False,0,False,0-10,Name | Address | Email | Phone,True,Contact Information,False,,ambiguous,True,no,4269,likely_non_responsive,,False,False,0,0,0,0,0,0,1.323,True,False,False,stage1_nr,False,,,0,False,,False,,4269
CNG_Data2k/files/Q00897.01-0000693412.MSG,Q00897.01-0000693412.MSG,.msg,162816,ok,True,False,text,False,0,0,1,False,0,False,0-10,Name | Address | Phone,True,Contact Information,False,,ambiguous,True,yes,4153,standard,,False,False,0,0,0,0,0,0,3.486,False,False,True,,True,clear_no,no,4194,False,likely_non_responsive,True,,8347
CNG_Data2k/files/Q00897.01-0000750260.MSG,Q00897.01-0000750260.MSG,.msg,169984,ok,True,False,text,False,0,0,24,False,0,False,20-50,Name | Address | Email | Phone | Money/Amount | Health | Work-Related,True,Contact Information | Financial Account Information | Health-Related Information | Work-Related Information,False,,ambiguous,True,no,18151,likely_non_responsive,bde_llm_count,False,False,0,0,0,0,0,0,7.377,True,False,False,stage1_nr,False,,,0,False,,False,,18151
CNG_Data2k/files/Q00897.01-0000020211.XLSX,Q00897.01-0000020211.XLSX,.xlsx,35084,ok,True,True,text,True,3,0,221,False,221,True,100+,Name | Money/Amount,False,Financial Account Information,True,,ambiguous,True,yes,11234,structured_bde,roster_by_rowcount bde_llm_count_roster,False,False,0,0,0,0,0,0,5.892,False,True,True,,True,clear_yes,yes,6152,True,structured_bde,False,,17386
CNG_Data2k/files/Q00897.01-0000897761.PDF,Q00897.01-0000897761.PDF,.pdf,13329,ok,True,False,text,False,2,0,1,False,0,False,0-10,Money/Amount,False,Financial Account Information,False,,clear_non_responsive,False,,0,likely_non_responsive,,False,False,0,0,0,0,0,0,0.13,True,False,False,stage1_nr,False,,,0,False,,False,,0
CNG_Data2k/files/Q00897.01-0000252370.PDF,Q00897.01-0000252370.PDF,.pdf,135380,ok,True,False,text,False,1,0,2,False,0,False,0-10,Name | Address | Phone | Money/Amount,True,Contact Information | Financial Account Information,False,,ambiguous,True,no,3827,likely_non_responsive,,True,True,1,0,0,0,0,1,5.521,True,False,False,stage1_nr,False,,,0,False,,False,,3827
CNG_Data2k/files/Q00897.01-0000804050.MSG,Q00897.01-0000804050.MSG,.msg,43520,ok,True,False,text,False,0,0,3,False,0,False,0-10,Name | Address | Email | Phone,True,Contact Information,False,,ambiguous,True,yes,6309,standard,,False,False,0,0,0,0,0,0,3.238,False,False,True,,True,likely_no,no,6393,False,likely_non_responsive,True,,12702
CNG_Data2k/files/Q00897.01-0000122040.XLSX,Q00897.01-0000122040.XLSX,.xlsx,13862,ok,True,True,text,True,1,0,38,False,38,False,20-50,Name | Work-Related,False,Work-Related Information,False,,ambiguous,True,yes,11247,standard,bde_llm_count_roster,False,False,0,0,0,0,0,0,8.195,False,False,True,,True,clear_yes,yes,6211,False,standard,False,,17458
CNG_Data2k/files/Q00897.01-0000011467.PDF,Q00897.01-0000011467.PDF,.pdf,188033,ok,True,False,text,False,1,0,1,False,0,False,0-10,Name | Address | Money/Amount | Work-Related,True,Contact Information | Financial Account Information | Work-Related Information,False,,ambiguous,True,yes,4284,standard,,False,False,0,0,0,0,0,0,3.448,False,False,True,,True,likely_yes,yes,4319,False,standard,False,,8603
CNG_Data2k/files/Q00897.01-0000656886.0002.PDF,Q00897.01-0000656886.0002.PDF,.pdf,276036,ok,True,False,text,False,1,0,4,False,0,False,0-10,Name | Address | Email | Phone,True,Contact Information,False,,ambiguous,True,yes,15680,standard,,False,False,0,0,0,0,0,0,2.976,False,False,True,,True,likely_no,no,15738,False,likely_non_responsive,True,,31418
CNG_Data2k/files/Q00897.01-0000418301.0001.XLSX,Q00897.01-0000418301.0001.XLSX,.xlsx,165277,ok,True,True,text,True,10,0,107,False,0,False,100+,Payment Card | Money/Amount,True,Financial Account Information,False,,ambiguous,True,no,14877,likely_non_responsive,bde_llm_count,False,False,0,0,0,0,0,0,2.244,True,False,False,stage1_nr,False,,,0,False,,False,,14877
CNG_Data2k/files/Q00897.01-0000692828.MSG,Q00897.01-0000692828.MSG,.msg,249856,ok,True,False,text,False,0,0,1,False,0,False,0-10,Address,True,Contact Information,False,,ambiguous,True,no,4855,likely_non_responsive,,False,False,0,0,0,0,0,0,2.522,True,False,False,stage1_nr,False,,,0,False,,False,,4855
CNG_Data2k/files/Q00897.01-0000365786.MSG,Q00897.01-0000365786.MSG,.msg,155136,ok,True,False,text,False,0,0,2,False,0,False,0-10,Name | Address | Phone | Money/Amount,True,Contact Information | Financial Account Information,False,,ambiguous,True,no,4076,likely_non_responsive,,False,False,0,0,0,0,0,0,1.514,True,False,False,stage1_nr,False,,,0,False,,False,,4076
CNG_Data2k/files/Q00897.01-0000289666.PDF,Q00897.01-0000289666.PDF,.pdf,106176,ok,True,True,text,True,2,0,15,False,0,False,10-20,Name | Address | Phone | Bank/Account Number | Money/Amount,True,Contact Information | Financial Account Information,False,,ambiguous,True,no,7856,likely_non_responsive,bde_llm_count,True,True,2,0,0,0,0,1,8.116,True,False,False,stage1_nr,False,,,0,False,,False,,7856
CNG_Data2k/files/Q00897.01-0000456825.MSG,Q00897.01-0000456825.MSG,.msg,189440,ok,True,False,text,False,0,0,2,False,0,False,0-10,Name | Address | Email | Phone | Card/Transaction | Money/Amount,True,Contact Information | Financial Account Information,False,,ambiguous,True,yes,5053,standard,,False,False,0,0,0,0,0,0,2.632,False,False,True,,True,likely_no,no,5086,False,likely_non_responsive,True,,10139
CNG_Data2k/files/Q00897.01-0000771935.0001.PDF,Q00897.01-0000771935.0001.PDF,.pdf,90794,ok,True,False,text,False,2,0,1,False,0,False,0-10,Name | Email | Phone | Money/Amount,True,Contact Information | Financial Account Information,False,,ambiguous,True,yes,4873,standard,,False,False,0,0,0,0,0,0,2.988,False,False,True,,True,clear_yes,yes,4924,False,standard,False,,9797
CNG_Data2k/files/Q00897.01-0000537016.0001.PDF,Q00897.01-0000537016.0001.PDF,.pdf,22570,ok,True,False,text,False,1,0,1,False,0,False,0-10,Money/Amount,False,Financial Account Information,False,,clear_non_responsive,False,,0,likely_non_responsive,,False,False,0,0,0,0,0,0,0.025,True,False,False,stage1_nr,False,,,0,False,,False,,0
CNG_Data2k/files/Q00897.01-0000817899.MSG,Q00897.01-0000817899.MSG,.msg,134656,ok,True,False,text,False,0,4,4,False,0,False,0-10,Name | Email | Phone | Money/Amount,True,Contact Information | Financial Account Information,False,,ambiguous,True,yes,4155,standard,,False,False,0,0,0,0,0,0,3.172,False,False,True,,True,likely_no,no,4224,False,likely_non_responsive,True,,8379
CNG_Data2k/files/Q00897.01-0000600142.0001.PDF,Q00897.01-0000600142.0001.PDF,.pdf,20963,ok,True,False,text,False,1,0,0,False,0,False,0-10,,False,,False,,clear_non_responsive,False,,0,likely_non_responsive,,False,False,0,0,0,0,0,0,0.026,True,False,False,stage1_nr,False,,,0,False,,False,,0
CNG_Data2k/files/Q00897.01-0000538634.0001.PDF,Q00897.01-0000538634.0001.PDF,.pdf,23214,ok,True,False,text,False,2,0,1,False,0,False,0-10,Phone,True,Contact Information,False,,ambiguous,True,no,3855,likely_non_responsive,,False,False,0,0,0,0,0,0,60.972,True,False,False,stage1_nr,False,,,0,False,,False,,3855
CNG_Data2k/files/Q00897.01-0000662571.0001.PDF,Q00897.01-0000662571.0001.PDF,.pdf,209824,ok,True,False,text,False,1,0,2,False,0,False,0-10,Name | Address | Email | Phone,True,Contact Information,False,,ambiguous,True,no,3933,likely_non_responsive,,False,False,0,0,0,0,0,0,1.434,True,False,False,stage1_nr,False,,,0,False,,False,,3933
CNG_Data2k/files/Q00897.01-0000133901.PDF,Q00897.01-0000133901.PDF,.pdf,803591,ok,True,True,text,True,4,0,47,False,0,False,20-50,Phone | Money/Amount,True,Contact Information | Financial Account Information,False,,ambiguous,True,no,8769,likely_non_responsive,bde_llm_count,True,True,4,0,0,0,0,1,8.963,True,False,False,stage1_nr,False,,,0,False,,False,,8769
CNG_Data2k/files/Q00897.01-0000430058.MSG,Q00897.01-0000430058.MSG,.msg,127488,ok,True,False,text,False,0,0,2,False,0,False,0-10,Email,True,Contact Information,False,,ambiguous,True,yes,3908,standard,,False,False,0,0,0,0,0,0,3.484,False,False,True,,True,borderline,no,3953,False,likely_non_responsive,True,,7861
CNG_Data2k/files/Q00897.01-0000747316.MSG,Q00897.01-0000747316.MSG,.msg,116736,ok,True,False,text,False,0,1,2,False,0,False,0-10,Name | Phone | Credentials,True,Contact Information | Access Credentials,False,,ambiguous,True,yes,3925,standard,,False,False,0,0,0,0,0,0,2.493,False,False,True,,True,likely_no,no,3977,False,likely_non_responsive,True,,7902
CNG_Data2k/files/Q00897.01-0000479726.MSG,Q00897.01-0000479726.MSG,.msg,27648,ok,True,False,text,False,0,0,3,False,0,False,0-10,Name | Address | Email | Phone,True,Contact Information,False,,ambiguous,True,yes,7417,standard,,False,False,0,0,0,0,0,0,2.852,False,False,True,,True,likely_no,no,7497,False,likely_non_responsive,True,,14914
CNG_Data2k/files/Q00897.01-0000770301.0001.PDF,Q00897.01-0000770301.0001.PDF,.pdf,273698,ok,True,True,text,True,2,0,15,False,3,False,10-20,Name | Address | Phone | Tax ID | Bank/Account Number | Money/Amount,True,Contact Information | Government-Issued Identification | Financial Account Information,False,,ambiguous,True,yes,7974,standard,bde_llm_count,True,True,2,0,0,0,0,1,9.049,False,False,True,,True,clear_no,no,4459,False,likely_non_responsive,True,,12433
CNG_Data2k/files/Q00897.01-0000912786.PDF,Q00897.01-0000912786.PDF,.pdf,19270,ok,True,True,text,True,4,0,76,False,90,True,50-100,Phone | SSN | Money/Amount,True,Contact Information | Government-Issued Identification | Financial Account Information,True,,clear_responsive,False,,5189,structured_bde,bde_llm_count_roster,True,True,4,0,0,0,0,1,12.987,False,True,True,,True,clear_yes,yes,6554,True,structured_bde,False,,11743
CNG_Data2k/files/Q00897.01-0000661697.MSG,Q00897.01-0000661697.MSG,.msg,62976,ok,True,False,text,False,0,0,6,False,0,False,0-10,Name | Address | Email | Phone | Money/Amount,True,Contact Information | Financial Account Information,False,,ambiguous,True,no,6289,likely_non_responsive,,False,False,0,0,0,0,0,0,2.154,True,False,False,stage1_nr,False,,,0,False,,False,,6289
CNG_Data2k/files/Q00897.01-0000897701.PDF,Q00897.01-0000897701.PDF,.pdf,11829,ok,True,False,text,False,1,0,0,False,0,False,0-10,,False,,False,,clear_non_responsive,False,,0,likely_non_responsive,,False,False,0,0,0,0,0,0,0.03,True,False,False,stage1_nr,False,,,0,False,,False,,0
CNG_Data2k/files/Q00897.01-0000274825.PDF,Q00897.01-0000274825.PDF,.pdf,834308,ok,True,True,text,True,4,0,33,False,3,False,20-50,Name | Address | Email | Phone | SSN | Tax ID | Card/Transaction | Money/Amount | Health,True,Contact Information | Government-Issued Identification | Financial Account Information | Health-Related Information,False,,clear_responsive,False,,5233,standard,bde_llm_count,True,True,4,0,0,0,0,1,10.485,False,False,True,,True,clear_yes,yes,6062,False,standard,False,,11295
CNG_Data2k/files/Q00897.01-0000897129.PDF,Q00897.01-0000897129.PDF,.pdf,16567,ok,True,False,text,False,2,0,1,False,0,False,0-10,Money/Amount,False,Financial Account Information,False,,clear_non_responsive,False,,0,likely_non_responsive,,False,False,0,0,0,0,0,0,0.087,True,False,False,stage1_nr,False,,,0,False,,False,,0
CNG_Data2k/files/Q00897.01-0000546413.0001.PDF,Q00897.01-0000546413.0001.PDF,.pdf,23655,ok,True,False,text,False,1,0,1,False,0,False,0-10,Money/Amount,False,Financial Account Information,False,,clear_non_responsive,False,,0,likely_non_responsive,,False,False,0,0,0,0,0,0,0.023,True,False,False,stage1_nr,False,,,0,False,,False,,0
CNG_Data2k/files/Q00897.01-0000865691.XLSX,Q00897.01-0000865691.XLSX,.xlsx,18182,ok,True,True,text,True,3,0,1,False,1,False,0-10,Name | Money/Amount,False,Financial Account Information,False,,ambiguous,True,yes,8569,standard,bde_llm_count,False,False,0,0,0,0,0,0,3.9,False,False,True,,True,clear_yes,yes,4772,False,standard,False,,13341
CNG_Data2k/files/Q00897.01-0000823719.MSG,Q00897.01-0000823719.MSG,.msg,129024,ok,True,False,text,False,0,1,5,False,0,False,0-10,Name | Address | Email | Phone,True,Contact Information,False,,ambiguous,True,yes,4299,standard,,False,False,0,0,0,0,0,0,2.621,False,False,True,,True,likely_no,no,4347,False,likely_non_responsive,True,,8646
CNG_Data2k/files/Q00897.01-0000021308.XLSX,Q00897.01-0000021308.XLSX,.xlsx,62407,ok,True,True,text,True,3,0,86,False,86,True,50-100,Name | Money/Amount,False,Financial Account Information,True,,ambiguous,True,yes,10840,structured_bde,bde_llm_count_roster,False,False,0,0,0,0,0,0,5.206,False,True,True,,True,clear_yes,yes,5934,True,structured_bde,False,,16774
CNG_Data2k/files/Q00897.01-0000641972.MSG,Q00897.01-0000641972.MSG,.msg,19968,ok,True,False,text,False,0,0,0,False,0,False,0-10,,False,,False,,clear_non_responsive,False,,0,likely_non_responsive,,False,False,0,0,0,0,0,0,0.03,True,False,False,stage1_nr,False,,,0,False,,False,,0
CNG_Data2k/files/Q00897.01-0000247800.PDF,Q00897.01-0000247800.PDF,.pdf,43397,ok,True,False,text,False,1,0,1,False,0,False,0-10,Name | Bank/Account Number | Money/Amount,True,Financial Account Information,False,,ambiguous,True,no,3895,likely_non_responsive,,False,False,0,0,0,0,0,0,1.175,True,False,False,stage1_nr,False,,,0,False,,False,,3895
CNG_Data2k/files/Q00897.01-0000427382.MSG,Q00897.01-0000427382.MSG,.msg,145408,ok,True,False,text,False,0,5,10,False,7,False,0-10,Name | Phone,True,Contact Information,False,,ambiguous,True,no,7999,likely_non_responsive,bde_llm_count,False,False,0,0,0,0,0,0,4.701,True,False,False,stage1_nr,False,,,0,False,,False,,7999
CNG_Data2k/files/Q00897.01-0000118344.XLSX,Q00897.01-0000118344.XLSX,.xlsx,19097,ok,True,True,text,True,1,0,6,False,6,False,0-10,Name | Email,True,Contact Information,False,,ambiguous,True,yes,7085,standard,bde_llm_count_roster,False,False,0,0,0,0,0,0,5.463,False,False,True,,True,clear_yes,yes,4074,False,standard,False,,11159
CNG_Data2k/files/Q00897.01-0000825256.MSG,Q00897.01-0000825256.MSG,.msg,59904,ok,True,False,text,False,0,2,4,False,0,False,0-10,Name | Address | Email | Phone | Money/Amount | Health,True,Contact Information | Financial Account Information | Health-Related Information,False,,ambiguous,True,yes,4228,standard,,False,False,0,0,0,0,0,0,2.587,False,False,True,,True,likely_no,no,4303,False,likely_non_responsive,True,,8531
CNG_Data2k\files\Q00897.01-0000881802.XLS,Q00897.01-0000881802.XLS,.xls,21000,ok,True,True,text,True,1,0,113,False,0,False,100+,Money/Amount,False,Financial Account Information,False,,ambiguous,True,no,9014,likely_non_responsive,roster_by_rowcount bde_llm_count,False,False,0,0,0,0,0,0,3.856,True,False,False,stage1_nr,False,,,0,False,,False,,9014
CNG_Data2k/files/Q00897.01-0000893025.PDF,Q00897.01-0000893025.PDF,.pdf,8746,ok,True,False,text,False,1,0,0,False,0,False,0-10,,False,,False,,clear_non_responsive,False,,0,likely_non_responsive,,False,False,0,0,0,0,0,0,0.092,True,False,False,stage1_nr,False,,,0,False,,False,,0
CNG_Data2k/files/Q00897.01-0000545407.0001.PDF,Q00897.01-0000545407.0001.PDF,.pdf,22619,ok,True,False,text,False,1,0,1,False,0,False,0-10,Money/Amount,False,Financial Account Information,False,,clear_non_responsive,False,,0,likely_non_responsive,,False,False,0,0,0,0,0,0,0.028,True,False,False,stage1_nr,False,,,0,False,,False,,0
CNG_Data2k/files/Q00897.01-0000134667.PDF,Q00897.01-0000134667.PDF,.pdf,514989,ok,True,True,text,True,3,0,30,False,0,False,20-50,Money/Amount,False,Financial Account Information,False,,ambiguous,True,no,8268,likely_non_responsive,bde_llm_count,True,True,3,0,0,0,0,1,7.952,True,False,False,stage1_nr,False,,,0,False,,False,,8268
CNG_Data2k/files/Q00897.01-0000100232.DOCX,Q00897.01-0000100232.DOCX,.docx,25335,ok,True,False,text,False,0,0,1,False,0,False,0-10,Money/Amount | Work-Related,False,Financial Account Information | Work-Related Information,False,,ambiguous,True,no,4050,likely_non_responsive,,False,False,0,0,0,0,0,0,0.994,True,False,False,stage1_nr,False,,,0,False,,False,,4050
CNG_Data2k\files\Q00897.01-0000807368.0001.DOC,Q00897.01-0000807368.0001.DOC,.doc,22862,ok,True,False,text,False,0,0,1,False,0,False,0-10,Name | Address | Health | Work-Related,True,Contact Information | Health-Related Information | Work-Related Information,False,,ambiguous,True,no,4012,likely_non_responsive,,False,False,0,0,0,0,0,0,1.116,True,False,False,stage1_nr,False,,,0,False,,False,,4012
CNG_Data2k/files/Q00897.01-0000710502.MSG,Q00897.01-0000710502.MSG,.msg,40448,ok,True,False,text,False,0,1,3,False,0,False,0-10,Name | Address | Email | Phone | Health,True,Contact Information | Health-Related Information,False,,ambiguous,True,yes,4060,standard,,False,False,0,0,0,0,0,0,3.069,False,False,True,,True,borderline,no,4124,False,likely_non_responsive,True,,8184
CNG_Data2k/files/Q00897.01-0000457597.MSG,Q00897.01-0000457597.MSG,.msg,323072,ok,True,False,text,False,0,0,1,False,0,False,0-10,Address | Money/Amount | Health,True,Contact Information | Financial Account Information | Health-Related Information,False,,ambiguous,True,no,6703,likely_non_responsive,,False,False,0,0,0,0,0,0,2.806,True,False,False,stage1_nr,False,,,0,False,,False,,6703
CNG_Data2k/files/Q00897.01-0000310452.XLSX,Q00897.01-0000310452.XLSX,.xlsx,21485,ok,True,True,text,True,2,0,116,False,116,True,100+,Name | Address,True,Contact Information,True,,ambiguous,True,yes,8276,structured_bde,bde_llm_count_roster,False,False,0,0,0,0,0,0,7.5,False,True,True,,True,clear_no,no,4699,True,likely_non_responsive,True,,12975
CNG_Data2k/files/Q00897.01-0000845979.MSG,Q00897.01-0000845979.MSG,.msg,28672,error,False,False,,False,0,0,0,False,0,False,,,False,,False,,,False,,0,review_error,MalformedRtf,False,False,0,0,0,0,0,0,0.297,False,False,False,extract_error,False,,,0,False,,False,,0
CNG_Data2k/files/Q00897.01-0000835421.0001.PDF,Q00897.01-0000835421.0001.PDF,.pdf,90751,ok,True,False,text,False,13,0,1,False,0,False,0-10,Name | Money/Amount,True,Financial Account Information,False,,ambiguous,True,no,8737,likely_non_responsive,,False,False,0,0,0,0,0,0,1.852,True,False,False,stage1_nr,False,,,0,False,,False,,8737
CNG_Data2k/files/Q00897.01-0000849079.MSG,Q00897.01-0000849079.MSG,.msg,43008,error,False,False,,False,0,0,0,False,0,False,,,False,,False,,,False,,0,review_error,KeyError,False,False,0,0,0,0,0,0,0.782,False,False,False,extract_error,False,,,0,False,,False,,0
CNG_Data2k/files/Q00897.01-0000009567.XLSX,Q00897.01-0000009567.XLSX,.xlsx,206113,ok,True,True,text,True,3,0,479,False,479,True,100+,Name | Money/Amount,False,Financial Account Information,True,,ambiguous,True,yes,11647,structured_bde,bde_llm_count_roster,False,False,0,0,0,0,0,0,5.181,False,True,True,,True,clear_yes,yes,6315,True,structured_bde,False,,17962
CNG_Data2k/files/Q00897.01-0000118577.PDF,Q00897.01-0000118577.PDF,.pdf,228834,ok,True,False,text,False,2,0,1,False,0,False,0-10,Name | Email | Phone | Money/Amount,True,Contact Information | Financial Account Information,False,,ambiguous,True,no,4726,likely_non_responsive,,False,False,0,0,0,0,0,0,1.355,True,False,False,stage1_nr,False,,,0,False,,False,,4726
CNG_Data2k/files/Q00897.01-0000820731.0005.PDF,Q00897.01-0000820731.0005.PDF,.pdf,1693160,ok,True,False,text,False,14,0,4,False,0,False,0-10,Name | Address | Email | Phone | Card/Transaction | Money/Amount | Health,True,Contact Information | Financial Account Information | Health-Related Information,False,,ambiguous,True,yes,11822,standard,,False,False,0,0,0,0,0,0,4.828,False,False,True,,True,clear_yes,yes,11878,False,standard,False,,23700
CNG_Data2k/files/Q00897.01-0000861920.0012.PDF,Q00897.01-0000861920.0012.PDF,.pdf,1151138,ok,True,False,text,False,28,0,62,False,0,False,50-100,Name | Address | Email | Phone | Card/Transaction | Money/Amount | Health | Work-Related,True,Contact Information | Financial Account Information | Health-Related Information | Work-Related Information,False,,ambiguous,True,no,18072,likely_non_responsive,"img_ocr:p14(1/1,+26chars) bde_llm_count",False,False,0,1,1,1,0,1,7.835,True,False,False,stage1_nr,False,,,0,False,,False,,18072
CNG_Data2k/files/Q00897.01-0000550879.0003.PDF,Q00897.01-0000550879.0003.PDF,.pdf,211772,ok,True,True,text,True,2,0,4,False,1,False,0-10,Name | Address,True,Contact Information,False,,ambiguous,True,no,7846,likely_non_responsive,bde_llm_count,True,True,2,0,0,0,0,1,8.451,True,False,False,stage1_nr,False,,,0,False,,False,,7846
CNG_Data2k/files/Q00897.01-0000473224.0010.VCF,Q00897.01-0000473224.0010.VCF,.vcf,313,no_parser,False,False,unknown,False,0,0,0,False,0,False,,,False,,False,,,False,,0,needs_parser,unsupported_ext,False,False,0,0,0,0,0,0,0.0,False,False,False,no_parser,False,,,0,False,,False,,0
CNG_Data2k/files/Q00897.01-0000652909.MSG,Q00897.01-0000652909.MSG,.msg,656896,ok,True,False,text,False,0,17,3,False,0,False,0-10,Name | Phone,True,Contact Information,False,,ambiguous,True,no,3769,likely_non_responsive,,False,False,0,0,0,0,0,0,1.849,True,False,False,stage1_nr,False,,,0,False,,False,,3769
CNG_Data2k/files/Q00897.01-0000916570.PDF,Q00897.01-0000916570.PDF,.pdf,332666,ok,True,True,text,True,1,0,9,False,2,False,0-10,Name | Email | Work-Related,True,Contact Information | Work-Related Information,False,,ambiguous,True,yes,7181,standard,bde_llm_count,True,True,1,0,0,0,0,1,9.356,False,False,True,,True,likely_yes,yes,4059,False,standard,False,,11240
CNG_Data2k/files/Q00897.01-0000888805.PDF,Q00897.01-0000888805.PDF,.pdf,21581,ok,True,False,text,False,4,0,18,False,18,False,10-20,Name | Phone,True,Contact Information,False,,ambiguous,True,yes,10638,standard,bde_llm_count_roster,False,False,0,0,0,0,0,0,6.303,False,False,True,,True,clear_yes,yes,5780,False,standard,False,,16418
CNG_Data2k/files/Q00897.01-0000819498.MSG,Q00897.01-0000819498.MSG,.msg,551936,ok,True,False,text,False,0,0,8,False,6,False,0-10,Name | Address | Email | Phone | Money/Amount,True,Contact Information | Financial Account Information,False,,ambiguous,True,yes,19105,standard,bde_llm_count,False,False,0,0,0,0,0,0,37.749,False,False,True,,True,likely_no,no,10020,False,likely_non_responsive,True,,29125
CNG_Data2k/files/Q00897.01-0000895813.PDF,Q00897.01-0000895813.PDF,.pdf,62234,ok,True,False,text,False,13,0,2,False,0,False,0-10,Name | Address | Phone | Money/Amount | Work-Related,True,Contact Information | Financial Account Information | Work-Related Information,False,,ambiguous,True,yes,14006,standard,,False,False,0,0,0,0,0,0,3.972,False,False,True,,True,clear_yes,yes,14075,False,standard,False,,28081
CNG_Data2k/files/Q00897.01-0000135969.PDF,Q00897.01-0000135969.PDF,.pdf,28007751,ok,True,True,text,True,15,0,292,False,1,False,100+,Name | Address | Phone | Money/Amount,True,Contact Information | Financial Account Information,False,,ambiguous,True,yes,23154,standard,bde_llm_count,True,True,15,0,0,0,0,1,15.597,False,False,True,,True,likely_no,no,12050,True,likely_non_responsive,True,,35204
CNG_Data2k/files/Q00897.01-0000709157.MSG,Q00897.01-0000709157.MSG,.msg,167936,ok,True,False,text,False,0,0,0,False,0,False,0-10,,False,,False,,clear_non_responsive,False,,0,likely_non_responsive,,False,False,0,0,0,0,0,0,0.205,True,False,False,stage1_nr,False,,,0,False,,False,,0
CNG_Data2k/files/Q00897.01-0000559468.MSG,Q00897.01-0000559468.MSG,.msg,295424,ok,True,False,text,False,0,0,2,False,0,False,0-10,Address | Email | Phone,True,Contact Information,False,,ambiguous,True,no,5739,likely_non_responsive,,False,False,0,0,0,0,0,0,3.475,True,False,False,stage1_nr,False,,,0,False,,False,,5739
CNG_Data2k/files/Q00897.01-0000467961.MSG,Q00897.01-0000467961.MSG,.msg,144384,ok,True,False,text,False,0,3,5,False,0,False,0-10,Name | Address | Email | Phone | Money/Amount,True,Contact Information | Financial Account Information,False,,ambiguous,True,yes,5791,standard,,False,False,0,0,0,0,0,0,4.071,False,False,True,,True,likely_yes,yes,5860,False,standard,False,,11651
CNG_Data2k/files/Q00897.01-0000345766.PDF,Q00897.01-0000345766.PDF,.pdf,493485,ok,True,False,text,False,105,0,2,False,0,False,0-10,Name | Address | Phone | Money/Amount,True,Contact Information | Financial Account Information,False,,ambiguous,True,yes,16083,standard,,False,False,0,0,0,0,0,0,68.49,False,False,True,,True,clear_yes,yes,16135,False,standard,False,,32218
CNG_Data2k/files/Q00897.01-0000800649.MSG,Q00897.01-0000800649.MSG,.msg,404992,ok,True,False,text,False,0,1,1,False,0,False,0-10,Name | Email | Card Expiry/CVV,True,Contact Information | Financial Account Information,False,,ambiguous,True,yes,4080,standard,,False,False,0,0,0,0,0,0,3.043,False,False,True,,True,likely_yes,yes,4129,False,standard,False,,8209
CNG_Data2k/files/Q00897.01-0000808066.MSG,Q00897.01-0000808066.MSG,.msg,74240,ok,True,False,text,False,0,2,6,False,0,False,0-10,Name | Address | Email | Phone,True,Contact Information,False,,ambiguous,True,yes,5106,standard,,False,False,0,0,0,0,0,0,63.04,False,False,True,,True,likely_no,no,5199,False,likely_non_responsive,True,,10305
CNG_Data2k/files/Q00897.01-0000433293.0002.PDF,Q00897.01-0000433293.0002.PDF,.pdf,48420,ok,True,False,text,False,3,0,2,False,0,False,0-10,Email | Phone | Money/Amount,True,Contact Information | Financial Account Information,False,,ambiguous,True,no,5555,likely_non_responsive,,False,False,0,0,0,0,0,0,1.075,True,False,False,stage1_nr,False,,,0,False,,False,,5555
CNG_Data2k/files/Q00897.01-0000912564.PDF,Q00897.01-0000912564.PDF,.pdf,47018,ok,True,True,text,True,2,0,38,False,1,False,20-50,Name | SSN | Money/Amount,True,Government-Issued Identification | Financial Account Information,False,,clear_responsive,False,,3712,standard,bde_llm_count,True,True,2,0,0,0,0,1,8.356,False,False,True,,True,clear_yes,yes,4552,False,standard,False,,8264
CNG_Data2k/files/Q00897.01-0000254584.XLSX,Q00897.01-0000254584.XLSX,.xlsx,28530,ok,True,True,text,True,1,0,100,False,0,False,50-100,Name | Phone,True,Contact Information,False,,ambiguous,True,no,7874,likely_non_responsive,roster_by_rowcount bde_llm_count,False,False,0,0,0,0,0,0,2.771,True,False,False,stage1_nr,False,,,0,False,,False,,7874
CNG_Data2k/files/Q00897.01-0000661861.0001.PDF,Q00897.01-0000661861.0001.PDF,.pdf,948106,ok,True,False,text,False,4,0,3,False,0,False,0-10,Name | Address | Email | Health,True,Contact Information | Health-Related Information,False,,ambiguous,True,no,5642,likely_non_responsive,,True,True,4,0,0,0,0,1,7.798,True,False,False,stage1_nr,False,,,0,False,,False,,5642
CNG_Data2k/files/Q00897.01-0000107819.XLSX,Q00897.01-0000107819.XLSX,.xlsx,11996371,ok,True,True,text,True,2,0,200000,True,51,True,100+,Name | Address | Money/Amount | Work-Related,True,Contact Information | Financial Account Information | Work-Related Information,True,,ambiguous,True,yes,14232,structured_bde,roster_by_rowcount bde_llm_count_roster,False,False,0,0,0,0,0,0,7.357,False,True,True,,True,clear_yes,yes,7566,True,structured_bde,False,,21798
CNG_Data2k/files/Q00897.01-0000243252.PDF,Q00897.01-0000243252.PDF,.pdf,469371,ok,True,False,text,False,2,0,3,False,0,False,0-10,Phone | Money/Amount,True,Contact Information | Financial Account Information,False,,ambiguous,True,no,4173,likely_non_responsive,"img_ocr:p2(1/1,+4chars)",False,False,0,1,1,1,0,1,5.618,True,False,False,stage1_nr,False,,,0,False,,False,,4173
CNG_Data2k/files/Q00897.01-0000764405.0001.PDF,Q00897.01-0000764405.0001.PDF,.pdf,9722363,ok,True,False,text,False,143,0,95,False,95,True,50-100,Name | Address | Email | Phone | Money/Amount | Health | Work-Related,True,Contact Information | Financial Account Information | Health-Related Information | Work-Related Information,True,,ambiguous,True,yes,22610,bde,"img_ocr:p1,p1,p36,p36,p53,p60,p64,p64,p64,p64,p70,p70,p70,p76,p80,p104,p105,p106,p114,p115,p116,p117,p118,p119,p120,p121,p122,p123,p128(29/35,+1686chars) bde_llm_count_roster",False,False,0,35,35,29,0,35,162.241,False,True,True,,True,likely_yes,yes,11826,True,bde,False,,34436
CNG_Data2k/files/Q00897.01-0000625693.MSG,Q00897.01-0000625693.MSG,.msg,40448,ok,True,False,text,False,0,0,3,False,0,False,0-10,Name | Email | Phone,True,Contact Information,False,,ambiguous,True,no,4140,likely_non_responsive,,False,False,0,0,0,0,0,0,1.696,True,False,False,stage1_nr,False,,,0,False,,False,,4140
CNG_Data2k/files/Q00897.01-0000830090.0001.XLSX,Q00897.01-0000830090.0001.XLSX,.xlsx,29797,ok,True,True,text,True,2,0,87,False,87,True,50-100,Name,False,,True,,ambiguous,True,no,8596,structured_bde,roster_by_rowcount bde_llm_count_roster,False,False,0,0,0,0,0,0,8.699,False,True,True,,True,likely_no,no,4849,True,likely_non_responsive,True,,13445
CNG_Data2k/files/Q00897.01-0000327563.XLSX,Q00897.01-0000327563.XLSX,.xlsx,93459,ok,True,True,text,True,10,0,2193,False,0,False,100+,Money/Amount,False,Financial Account Information,False,,ambiguous,True,no,7188,likely_non_responsive,roster_by_rowcount bde_llm_count,False,False,0,0,0,0,0,0,2.236,True,False,False,stage1_nr,False,,,0,False,,False,,7188
CNG_Data2k/files/Q00897.01-0000914132.PDF,Q00897.01-0000914132.PDF,.pdf,38753,ok,True,False,text,False,28,0,5,False,0,False,0-10,Name | Address | Phone | Money/Amount,True,Contact Information | Financial Account Information,False,,ambiguous,True,yes,7601,standard,,False,False,0,0,0,0,0,0,2.648,False,False,True,,True,likely_no,no,7678,False,likely_non_responsive,True,,15279
CNG_Data2k/files/Q00897.01-0000249077.PDF,Q00897.01-0000249077.PDF,.pdf,590442,ok,True,False,text,False,7,0,5,False,0,False,0-10,Name | Address | Phone | Bank/Account Number | Money/Amount,True,Contact Information | Financial Account Information,False,,ambiguous,True,yes,5113,standard,"img_ocr:p3(1/1,+378chars)",False,False,0,1,1,1,0,1,9.074,False,False,True,,True,likely_no,no,5174,False,likely_non_responsive,True,,10287
CNG_Data2k/files/Q00897.01-0000017178.XLSX,Q00897.01-0000017178.XLSX,.xlsx,193513,ok,True,True,text,True,3,0,263,False,6,True,100+,Name | Money/Amount,False,Financial Account Information,True,,ambiguous,True,yes,12621,structured_bde,bde_llm_count_roster,False,False,0,0,0,0,0,0,7.738,False,True,True,,True,clear_yes,yes,6779,True,structured_bde,False,,19400
CNG_Data2k/files/Q00897.01-0000848633.MSG,Q00897.01-0000848633.MSG,.msg,171520,error,False,False,,False,0,0,0,False,0,False,,,False,,False,,,False,,0,review_error,MalformedRtf,False,False,0,0,0,0,0,0,8.994,False,False,False,extract_error,False,,,0,False,,False,,0
CNG_Data2k/files/Q00897.01-0000899552.PDF,Q00897.01-0000899552.PDF,.pdf,15466,ok,True,True,text,True,2,0,39,False,2,False,20-50,Name | Address | Phone | Money/Amount | Work-Related,True,Contact Information | Financial Account Information | Work-Related Information,False,,ambiguous,True,yes,8142,standard,bde_llm_count,True,True,2,0,0,0,0,1,11.796,False,False,True,,True,clear_yes,yes,4576,False,standard,False,,12718
CNG_Data2k/files/Q00897.01-0000262631.PDF,Q00897.01-0000262631.PDF,.pdf,530124,ok,True,False,text,False,241,0,122,False,0,False,100+,Phone | Payment Card | Money/Amount,True,Contact Information | Financial Account Information,False,,ambiguous,True,no,27477,likely_non_responsive,bde_llm_count,False,False,0,0,0,0,0,0,6.682,True,False,False,stage1_nr,False,,,0,False,,False,,27477
CNG_Data2k/files/Q00897.01-0000256123.PDF,Q00897.01-0000256123.PDF,.pdf,45922,ok,True,False,text,False,10,0,1,False,0,False,0-10,Address | Money/Amount | Work-Related,True,Contact Information | Financial Account Information | Work-Related Information,False,,ambiguous,True,no,5876,likely_non_responsive,"img_ocr:p1,p1(2/2,+373chars)",False,False,0,2,2,2,0,2,10.099,True,False,False,stage1_nr,False,,,0,False,,False,,5876
CNG_Data2k/files/Q00897.01-0000412561.MSG,Q00897.01-0000412561.MSG,.msg,242176,ok,True,False,text,False,0,0,3,False,0,False,0-10,Name | Address | Email | Credentials,True,Contact Information | Access Credentials,False,,ambiguous,True,yes,4609,standard,,False,False,0,0,0,0,0,0,3.337,False,False,True,,True,borderline,no,4664,False,likely_non_responsive,True,,9273
CNG_Data2k/files/Q00897.01-0000662842.MSG,Q00897.01-0000662842.MSG,.msg,216576,ok,True,False,text,False,0,4,10,False,6,False,0-10,Name | Address | Email | Phone | Bank/Account Number | Card/Transaction | Money/Amount,True,Contact Information | Financial Account Information,False,,ambiguous,True,yes,13407,standard,bde_llm_count,False,False,0,0,0,0,0,0,6.334,False,False,True,,True,likely_no,no,7124,False,likely_non_responsive,True,,20531
CNG_Data2k/files/Q00897.01-0000112397.XLSX,Q00897.01-0000112397.XLSX,.xlsx,237304,ok,True,True,text,True,1,0,136,False,0,False,100+,Name | Phone | Payment Card | Money/Amount,True,Contact Information | Financial Account Information,False,,ambiguous,True,no,33303,likely_non_responsive,bde_llm_count,False,False,0,0,0,0,0,0,2.826,True,False,False,stage1_nr,False,,,0,False,,False,,33303
CNG_Data2k/files/Q00897.01-0000686529.MSG,Q00897.01-0000686529.MSG,.msg,210432,ok,True,False,text,False,0,0,1,False,0,False,0-10,Address | Email | Phone,True,Contact Information,False,,ambiguous,True,no,4312,likely_non_responsive,,False,False,0,0,0,0,0,0,1.946,True,False,False,stage1_nr,False,,,0,False,,False,,4312
CNG_Data2k/files/Q00897.01-0000344629.PDF,Q00897.01-0000344629.PDF,.pdf,13108,ok,True,False,text,False,2,0,1,False,0,False,0-10,Money/Amount,False,Financial Account Information,False,,clear_non_responsive,False,,0,likely_non_responsive,,False,False,0,0,0,0,0,0,0.24,True,False,False,stage1_nr,False,,,0,False,,False,,0
CNG_Data2k/files/Q00897.01-0000533394.MSG,Q00897.01-0000533394.MSG,.msg,269824,ok,True,False,text,False,0,0,1,False,0,False,0-10,Money/Amount,False,Financial Account Information,False,,clear_non_responsive,False,,0,likely_non_responsive,,False,False,0,0,0,0,0,0,1.657,True,False,False,stage1_nr,False,,,0,False,,False,,0
CNG_Data2k/files/Q00897.01-0000912360.PDF,Q00897.01-0000912360.PDF,.pdf,1127824,ok,True,False,text,False,142,0,708,False,708,True,100+,Name | Address | Phone | Health | Work-Related,True,Contact Information | Health-Related Information | Work-Related Information,True,,ambiguous,True,yes,30901,bde,bde_llm_count_roster,False,False,0,0,0,0,0,0,25.429,False,True,True,,True,clear_yes,yes,16075,True,bde,False,,46976
CNG_Data2k/files/Q00897.01-0000535695.0001.PDF,Q00897.01-0000535695.0001.PDF,.pdf,22748,ok,True,False,text,False,1,0,1,False,0,False,0-10,Money/Amount,False,Financial Account Information,False,,clear_non_responsive,False,,0,likely_non_responsive,,False,False,0,0,0,0,0,0,0.029,True,False,False,stage1_nr,False,,,0,False,,False,,0
CNG_Data2k/files/Q00897.01-0000436672.0001.PDF,Q00897.01-0000436672.0001.PDF,.pdf,774900,ok,True,False,text,False,10,0,5,False,0,False,0-10,Name | Address | Email | Money/Amount | Work-Related,True,Contact Information | Financial Account Information | Work-Related Information,False,,ambiguous,True,yes,10100,standard,"img_ocr:p1(1/2,+29chars)",False,False,0,2,2,1,0,2,12.284,False,False,True,,True,likely_no,no,10157,False,likely_non_responsive,True,,20257
CNG_Data2k/files/Q00897.01-0000378678.0001.XLSX,Q00897.01-0000378678.0001.XLSX,.xlsx,64013,ok,True,True,text,True,7,0,249,False,0,False,100+,Phone | Payment Card | Money/Amount,True,Contact Information | Financial Account Information,False,,ambiguous,True,no,7998,likely_non_responsive,roster_by_rowcount bde_llm_count,False,False,0,0,0,0,0,0,2.533,True,False,False,stage1_nr,False,,,0,False,,False,,7998
CNG_Data2k/files/Q00897.01-0000519150.0001.XLSX,Q00897.01-0000519150.0001.XLSX,.xlsx,80545,ok,True,True,text,True,1,0,283,False,1,False,100+,Name | Phone | Money/Amount,True,Contact Information | Financial Account Information,False,,ambiguous,True,yes,18485,standard,bde_llm_count,False,False,0,0,0,0,0,0,5.503,False,False,True,,True,likely_no,no,9719,True,likely_non_responsive,True,,28204
CNG_Data2k\files\Q00897.01-0000852148.XLS,Q00897.01-0000852148.XLS,.xls,22161,ok,True,True,text,True,1,0,66,False,0,False,50-100,,False,,False,,ambiguous,False,,1437,standard,roster_by_rowcount llm_failed:AuthenticationError bde_llm_count,False,False,0,0,0,0,0,0,2.39,False,False,True,,True,clear_no,no,2429,True,likely_non_responsive,True,,3866
CNG_Data2k/files/Q00897.01-0000819047.0003.PDF,Q00897.01-0000819047.0003.PDF,.pdf,113579,ok,True,False,text,False,1,0,2,False,0,False,0-10,Name | Email | Phone | Money/Amount | Health,True,Contact Information | Financial Account Information | Health-Related Information,False,,ambiguous,True,no,4236,likely_non_responsive,,True,True,1,0,0,0,0,1,6.517,True,False,False,stage1_nr,False,,,0,False,,False,,4236
CNG_Data2k/files/Q00897.01-0000884129.PDF,Q00897.01-0000884129.PDF,.pdf,1016152,ok,True,True,text,True,15,0,312,False,2,False,100+,Name | Address | Phone | Money/Amount | Health | Work-Related,True,Contact Information | Financial Account Information | Health-Related Information | Work-Related Information,False,,ambiguous,True,no,18455,likely_non_responsive,bde_llm_count,True,True,15,0,0,0,0,1,12.038,True,False,False,stage1_nr,False,,,0,False,,False,,18455
CNG_Data2k/files/Q00897.01-0000110186.XLSX,Q00897.01-0000110186.XLSX,.xlsx,132391,ok,True,True,text,True,18,0,1208,False,0,False,100+,Phone,True,Contact Information,False,,ambiguous,True,no,7383,likely_non_responsive,roster_by_rowcount bde_llm_count,False,False,0,0,0,0,0,0,1.845,True,False,False,stage1_nr,False,,,0,False,,False,,7383
CNG_Data2k/files/Q00897.01-0000721809.MSG,Q00897.01-0000721809.MSG,.msg,93184,ok,True,False,text,False,0,0,1,False,0,False,0-10,Name | Email,True,Contact Information,False,,ambiguous,True,no,3813,likely_non_responsive,,False,False,0,0,0,0,0,0,1.027,True,False,False,stage1_nr,False,,,0,False,,False,,3813
CNG_Data2k/files/Q00897.01-0000649052.MSG,Q00897.01-0000649052.MSG,.msg,108032,ok,True,False,text,False,0,0,3,False,0,False,0-10,Name | Phone,True,Contact Information,False,,ambiguous,True,no,6024,likely_non_responsive,,False,False,0,0,0,0,0,0,1.507,True,False,False,stage1_nr,False,,,0,False,,False,,6024
CNG_Data2k/files/Q00897.01-0000796048.MSG,Q00897.01-0000796048.MSG,.msg,530432,ok,True,False,text,False,0,4,4,False,0,False,0-10,Name | Address | Email | Phone,True,Contact Information,False,,ambiguous,True,yes,4482,standard,,False,False,0,0,0,0,0,0,2.587,False,False,True,,True,likely_no,no,4560,False,likely_non_responsive,True,,9042
CNG_Data2k/files/Q00897.01-0000850610.XLSX,Q00897.01-0000850610.XLSX,.xlsx,21344,ok,True,True,text,True,1,0,62,False,0,False,50-100,Name | Phone | Payment Card,True,Contact Information | Financial Account Information,False,,ambiguous,True,no,16074,likely_non_responsive,bde_llm_count,False,False,0,0,0,0,0,0,5.142,True,False,False,stage1_nr,False,,,0,False,,False,,16074
CNG_Data2k/files/Q00897.01-0000652697.0001.0003.PDF,Q00897.01-0000652697.0001.0003.PDF,.pdf,42969,ok,True,False,text,False,1,0,2,False,0,False,0-10,Address | Email | Phone | Money/Amount,True,Contact Information | Financial Account Information,False,,ambiguous,True,no,3966,likely_non_responsive,"img_ocr:p1(1/1,+19chars)",False,False,0,1,1,1,0,1,5.655,True,False,False,stage1_nr,False,,,0,False,,False,,3966
CNG_Data2k/files/Q00897.01-0000865985.XLSX,Q00897.01-0000865985.XLSX,.xlsx,2843116,ok,True,True,text,True,5,0,100,True,100,True,50-100,SSN | Payment Card | Money/Amount,True,Government-Issued Identification | Financial Account Information,True,,clear_responsive,False,,4081,structured_bde,bde_llm_count_roster,False,False,0,0,0,0,0,0,4.756,False,True,True,,True,clear_yes,yes,5064,True,structured_bde,False,,9145
CNG_Data2k/files/Q00897.01-0000849039.MSG,Q00897.01-0000849039.MSG,.msg,103424,ok,True,False,text,False,0,1,4,False,0,False,0-10,Name | Address | Email | Phone | Money/Amount,True,Contact Information | Financial Account Information,False,,ambiguous,True,yes,4777,standard,,False,False,0,0,0,0,0,0,4.647,False,False,True,,True,likely_no,no,4826,False,likely_non_responsive,True,,9603
CNG_Data2k/files/Q00897.01-0000889580.PDF,Q00897.01-0000889580.PDF,.pdf,1289387,ok,True,False,text,False,186,0,181,False,181,True,100+,Name | Address | Phone,True,Contact Information,True,,ambiguous,True,yes,34347,bde,bde_llm_count_roster,False,False,0,0,0,0,0,0,30.49,False,True,True,,True,likely_yes,yes,17815,True,bde,False,,52162
CNG_Data2k/files/Q00897.01-0000849751.0002.PDF,Q00897.01-0000849751.0002.PDF,.pdf,384999,ok,True,True,text,True,3,0,15,False,3,False,10-20,Name | Money/Amount,True,Financial Account Information,False,,ambiguous,True,no,9660,likely_non_responsive,bde_llm_count,True,True,3,0,0,0,0,1,7.972,True,False,False,stage1_nr,False,,,0,False,,False,,9660
CNG_Data2k/files/Q00897.01-0000840662.0005.DOCX,Q00897.01-0000840662.0005.DOCX,.docx,45756,ok,True,False,text,False,0,0,1,False,0,False,0-10,Address | Card Expiry/CVV | Money/Amount,True,Contact Information | Financial Account Information,False,,ambiguous,True,no,7184,likely_non_responsive,,False,False,0,0,0,0,0,0,1.507,True,False,False,stage1_nr,False,,,0,False,,False,,7184
CNG_Data2k/files/Q00897.01-0000249735.PDF,Q00897.01-0000249735.PDF,.pdf,43476,ok,True,False,text,False,1,0,1,False,0,False,0-10,Name | Bank/Account Number | Money/Amount,True,Financial Account Information,False,,ambiguous,True,no,3909,likely_non_responsive,,False,False,0,0,0,0,0,0,0.971,True,False,False,stage1_nr,False,,,0,False,,False,,3909
CNG_Data2k/files/Q00897.01-0000527622.0001.PDF,Q00897.01-0000527622.0001.PDF,.pdf,22567,ok,True,False,text,False,1,0,1,False,0,False,0-10,Money/Amount,False,Financial Account Information,False,,clear_non_responsive,False,,0,likely_non_responsive,,False,False,0,0,0,0,0,0,0.024,True,False,False,stage1_nr,False,,,0,False,,False,,0
CNG_Data2k/files/Q00897.01-0000489263.MSG,Q00897.01-0000489263.MSG,.msg,184320,ok,True,False,text,False,0,4,0,False,0,False,0-10,,False,,False,,clear_non_responsive,False,,0,likely_non_responsive,,False,False,0,0,0,0,0,0,0.697,True,False,False,stage1_nr,False,,,0,False,,False,,0
CNG_Data2k/files/Q00897.01-0000798850.MSG,Q00897.01-0000798850.MSG,.msg,28672,error,False,False,,False,0,0,0,False,0,False,,,False,,False,,,False,,0,review_error,MalformedRtf,False,False,0,0,0,0,0,0,0.246,False,False,False,extract_error,False,,,0,False,,False,,0
CNG_Data2k/files/Q00897.01-0000725830.MSG,Q00897.01-0000725830.MSG,.msg,206848,ok,True,False,text,False,0,0,2,False,0,False,0-10,Address | Phone,True,Contact Information,False,,ambiguous,True,no,4795,likely_non_responsive,,False,False,0,0,0,0,0,0,2.124,True,False,False,stage1_nr,False,,,0,False,,False,,4795
CNG_Data2k/files/Q00897.01-0000870436.PDF,Q00897.01-0000870436.PDF,.pdf,85508,ok,True,False,text,False,7,0,3,False,0,False,0-10,Name | Address | Phone | Money/Amount,True,Contact Information | Financial Account Information,False,,ambiguous,True,yes,12486,standard,,False,False,0,0,0,0,0,0,65.997,False,False,True,,True,likely_yes,yes,12505,False,standard,False,,24991
CNG_Data2k/files/Q00897.01-0000443322.0001.XLSX,Q00897.01-0000443322.0001.XLSX,.xlsx,483488,ok,True,True,text,True,1,0,71,False,71,True,50-100,Name,False,,True,,ambiguous,True,yes,7502,structured_bde,roster_by_rowcount bde_llm_count_roster,False,False,0,0,0,0,0,0,7.479,False,True,True,,True,borderline,no,4268,True,likely_non_responsive,True,,11770
CNG_Data2k/files/Q00897.01-0000695889.MSG,Q00897.01-0000695889.MSG,.msg,176128,ok,True,False,text,False,0,0,2,False,0,False,0-10,Address | Email | Phone,True,Contact Information,False,,ambiguous,True,no,3992,likely_non_responsive,,False,False,0,0,0,0,0,0,1.796,True,False,False,stage1_nr,False,,,0,False,,False,,3992
CNG_Data2k/files/Q00897.01-0000834425.MSG,Q00897.01-0000834425.MSG,.msg,1974784,error,False,False,,False,0,0,0,False,0,False,,,False,,False,,,False,,0,review_error,MalformedRtf,False,False,0,0,0,0,0,0,0.869,False,False,False,extract_error,False,,,0,False,,False,,0
CNG_Data2k/files/Q00897.01-0000684483.MSG,Q00897.01-0000684483.MSG,.msg,131584,ok,True,False,text,False,0,0,1,False,0,False,0-10,Name | Address,True,Contact Information,False,,ambiguous,True,no,4070,likely_non_responsive,,False,False,0,0,0,0,0,0,1.097,True,False,False,stage1_nr,False,,,0,False,,False,,4070
CNG_Data2k/files/Q00897.01-0000017685.PDF,Q00897.01-0000017685.PDF,.pdf,343116,ok,True,False,text,False,2,0,5,False,0,False,0-10,Name | Address | Email | Phone | Money/Amount | Work-Related,True,Contact Information | Financial Account Information | Work-Related Information,False,,ambiguous,True,yes,4598,standard,,False,False,0,0,0,0,0,0,3.63,False,False,True,,True,clear_yes,yes,4656,False,standard,False,,9254
CNG_Data2k/files/Q00897.01-0000004021.PDF,Q00897.01-0000004021.PDF,.pdf,560713,ok,True,True,text,True,6,0,18,False,2,False,10-20,Name | Address | Money/Amount | Health | Demographic | Work-Related,True,Contact Information | Financial Account Information | Health-Related Information | Demographic Information | Work-Related Information,False,,ambiguous,True,yes,13450,standard,bde_llm_count,True,True,6,0,0,0,0,1,13.258,False,False,True,,True,clear_yes,yes,7151,False,standard,False,,20601
CNG_Data2k\files\Q00897.01-0000290615.XLS,Q00897.01-0000290615.XLS,.xls,14230,ok,True,True,text,True,1,0,31,False,6,False,20-50,Name | SSN | Money/Amount | Health,True,Government-Issued Identification | Financial Account Information | Health-Related Information,False,,clear_responsive,False,,4461,standard,bde_llm_count_roster,False,False,0,0,0,0,0,0,3.259,False,False,True,,True,clear_yes,yes,5500,False,standard,False,,9961
CNG_Data2k/files/Q00897.01-0000910611.PDF,Q00897.01-0000910611.PDF,.pdf,985887,ok,True,False,text,False,112,0,67,False,67,True,50-100,Address | Phone | SSN | Money/Amount | Work-Related,True,Contact Information | Government-Issued Identification | Financial Account Information | Work-Related Information,True,,clear_responsive,False,,13840,bde,bde_llm_count_roster,False,False,0,0,0,0,0,0,22.685,False,True,True,,True,clear_yes,yes,14966,True,bde,False,,28806
CNG_Data2k/files/Q00897.01-0000656546.MSG,Q00897.01-0000656546.MSG,.msg,157184,ok,True,False,text,False,0,0,10,False,6,False,0-10,Name | Address | Email | Phone | Money/Amount,True,Contact Information | Financial Account Information,False,,ambiguous,True,yes,13422,standard,bde_llm_count,False,False,0,0,0,0,0,0,6.063,False,False,True,,True,likely_no,no,7165,False,likely_non_responsive,True,,20587
CNG_Data2k/files/Q00897.01-0000839756.0002.DOCX,Q00897.01-0000839756.0002.DOCX,.docx,40007,ok,True,False,text,False,0,0,0,False,0,False,0-10,,False,,False,,clear_non_responsive,False,,0,likely_non_responsive,,False,False,0,0,0,0,0,0,0.043,True,False,False,stage1_nr,False,,,0,False,,False,,0
CNG_Data2k/files/Q00897.01-0000254147.0001.PDF,Q00897.01-0000254147.0001.PDF,.pdf,2547133,ok,True,False,text,False,15,0,1,False,0,False,0-10,Address | SSN | Bank/Account Number | Account Balance | Money/Amount | Work-Related,True,Contact Information | Government-Issued Identification | Financial Account Information | Work-Related Information,False,,clear_responsive,False,,0,standard,,True,True,15,0,0,0,0,1,10.085,False,False,True,,True,clear_no,no,8733,False,likely_non_responsive,True,,8733
CNG_Data2k/files/Q00897.01-0000250615.XLSX,Q00897.01-0000250615.XLSX,.xlsx,321085,ok,True,True,text,True,4,0,659,False,659,True,100+,Phone | Money/Amount,True,Contact Information | Financial Account Information,True,,ambiguous,True,no,14658,structured_bde,bde_llm_count_roster,False,False,0,0,0,0,0,0,4.813,False,True,True,,True,likely_no,no,7757,True,likely_non_responsive,True,,22415
CNG_Data2k/files/Q00897.01-0000469621.MSG,Q00897.01-0000469621.MSG,.msg,154112,ok,True,False,text,False,0,0,11,False,11,False,10-20,Name | Address | Email | Phone,True,Contact Information,False,,ambiguous,True,yes,12839,standard,bde_llm_count,False,False,0,0,0,0,0,0,6.8,False,False,True,,True,likely_no,no,6843,False,likely_non_responsive,True,,19682
CNG_Data2k/files/Q00897.01-0000421994.0003.0001.PDF,Q00897.01-0000421994.0003.0001.PDF,.pdf,357962,ok,True,True,text,True,1,0,4,False,0,False,0-10,Name | Address | Email | Money/Amount,True,Contact Information | Financial Account Information,False,,ambiguous,True,no,8197,likely_non_responsive,bde_llm_count,True,True,1,0,0,0,0,1,7.219,True,False,False,stage1_nr,False,,,0,False,,False,,8197
CNG_Data2k/files/Q00897.01-0000013476.XLSX,Q00897.01-0000013476.XLSX,.xlsx,16432,ok,True,True,text,True,1,0,85,False,85,True,50-100,Name | Money/Amount,False,Financial Account Information,True,,ambiguous,True,yes,11015,structured_bde,roster_by_rowcount bde_llm_count_roster,False,False,0,0,0,0,0,0,8.178,False,True,True,,True,clear_yes,yes,6068,True,structured_bde,False,,17083
CNG_Data2k/files/Q00897.01-0000123260.PDF,Q00897.01-0000123260.PDF,.pdf,80538,ok,True,True,text,True,1,0,8,False,1,False,0-10,Name | Address | Phone | Card Expiry/CVV | Money/Amount,True,Contact Information | Financial Account Information,False,,ambiguous,True,yes,7478,standard,bde_llm_count,True,True,1,0,0,0,0,1,7.925,False,False,True,,True,likely_no,no,4201,False,likely_non_responsive,True,,11679
CNG_Data2k/files/Q00897.01-0000387503.MSG,Q00897.01-0000387503.MSG,.msg,87040,ok,True,False,text,False,0,0,1,False,0,False,0-10,Address | Email,True,Contact Information,False,,ambiguous,True,no,3894,likely_non_responsive,,False,False,0,0,0,0,0,0,1.409,True,False,False,stage1_nr,False,,,0,False,,False,,3894
CNG_Data2k/files/Q00897.01-0000861397.XLSX,Q00897.01-0000861397.XLSX,.xlsx,832017,ok,True,True,text,True,3,0,5243,False,5243,True,100+,Name | Phone | Money/Amount | Work-Related,True,Contact Information | Financial Account Information | Work-Related Information,True,,ambiguous,True,yes,9172,structured_bde,bde_llm_count_roster,False,False,0,0,0,0,0,0,6.837,False,True,True,,True,clear_yes,yes,5100,True,structured_bde,False,,14272
CNG_Data2k/files/Q00897.01-0000796320.0002.DOCX,Q00897.01-0000796320.0002.DOCX,.docx,53487,ok,True,False,text,False,0,0,2,False,0,False,0-10,Name | Address | Money/Amount | Work-Related,True,Contact Information | Financial Account Information | Work-Related Information,False,,ambiguous,True,yes,8455,standard,,False,False,0,0,0,0,0,0,2.485,False,False,True,,True,likely_yes,yes,8511,False,standard,False,,16966
CNG_Data2k/files/Q00897.01-0000438807.MSG,Q00897.01-0000438807.MSG,.msg,161280,ok,True,False,text,False,0,1,18,False,10,False,10-20,Name | Address | Email | Phone | Money/Amount,True,Contact Information | Financial Account Information,False,,ambiguous,True,yes,15059,standard,bde_llm_count,False,False,0,0,0,0,0,0,6.9,False,False,True,,True,likely_yes,yes,7986,False,standard,False,,23045
CNG_Data2k/files/Q00897.01-0000903944.PDF,Q00897.01-0000903944.PDF,.pdf,12790,ok,True,False,text,False,2,0,1,False,0,False,0-10,Money/Amount,False,Financial Account Information,False,,clear_non_responsive,False,,0,likely_non_responsive,,False,False,0,0,0,0,0,0,0.129,True,False,False,stage1_nr,False,,,0,False,,False,,0
CNG_Data2k/files/Q00897.01-0000289929.PDF,Q00897.01-0000289929.PDF,.pdf,124277,ok,True,False,text,False,3,0,3,False,0,False,0-10,Address | Phone | Money/Amount,True,Contact Information | Financial Account Information,False,,ambiguous,True,no,4424,likely_non_responsive,"img_ocr:none(4 calls,0 chars)",False,False,0,4,4,0,0,4,18.012,True,False,False,stage1_nr,False,,,0,False,,False,,4424
CNG_Data2k/files/Q00897.01-0000284140.PDF,Q00897.01-0000284140.PDF,.pdf,586363,ok,True,True,text,True,4,0,9,False,1,False,0-10,Name | Address | Phone | Money/Amount,True,Contact Information | Financial Account Information,False,,ambiguous,True,yes,10328,standard,bde_llm_count,True,True,4,0,0,0,0,1,8.417,False,False,True,,True,clear_yes,yes,5621,False,standard,False,,15949
CNG_Data2k/files/Q00897.01-0000809610.0002.DOCX,Q00897.01-0000809610.0002.DOCX,.docx,41251,ok,True,False,text,False,0,0,0,False,0,False,0-10,,False,,False,,clear_non_responsive,False,,0,likely_non_responsive,,False,False,0,0,0,0,0,0,0.056,True,False,False,stage1_nr,False,,,0,False,,False,,0
CNG_Data2k/files/Q00897.01-0000344411.PDF,Q00897.01-0000344411.PDF,.pdf,11592,ok,True,False,text,False,2,0,1,False,0,False,0-10,Money/Amount,False,Financial Account Information,False,,clear_non_responsive,False,,0,likely_non_responsive,,False,False,0,0,0,0,0,0,0.105,True,False,False,stage1_nr,False,,,0,False,,False,,0
CNG_Data2k/files/Q00897.01-0000793754.0002.PDF,Q00897.01-0000793754.0002.PDF,.pdf,170847,ok,True,True,text,True,1,0,3,False,1,False,0-10,Address | Phone,True,Contact Information,False,,ambiguous,True,no,7795,likely_non_responsive,bde_llm_count,True,True,1,0,0,0,0,1,6.383,True,False,False,stage1_nr,False,,,0,False,,False,,7795
CNG_Data2k/files/Q00897.01-0000213291.PDF,Q00897.01-0000213291.PDF,.pdf,128461,ok,True,True,text,True,1,0,7,False,1,False,0-10,Name | Address | Email | Phone | Money/Amount,True,Contact Information | Financial Account Information,False,,ambiguous,True,no,6990,likely_non_responsive,bde_llm_count,True,True,1,0,0,0,0,1,7.145,True,False,False,stage1_nr,False,,,0,False,,False,,6990
CNG_Data2k/files/Q00897.01-0000250477.XLSX,Q00897.01-0000250477.XLSX,.xlsx,11298,ok,True,True,text,True,1,0,16,False,0,False,10-20,Phone | Money/Amount,True,Contact Information | Financial Account Information,False,,ambiguous,True,no,9171,likely_non_responsive,bde_llm_count,False,False,0,0,0,0,0,0,1.985,True,False,False,stage1_nr,False,,,0,False,,False,,9171
CNG_Data2k/files/Q00897.01-0000008362.PDF,Q00897.01-0000008362.PDF,.pdf,42713,ok,True,False,text,False,4,0,3,False,0,False,0-10,Name | Address | Phone,True,Contact Information,False,,ambiguous,True,yes,8484,standard,,False,False,0,0,0,0,0,0,5.465,False,False,True,,True,clear_yes,yes,8544,False,standard,False,,17028
CNG_Data2k/files/Q00897.01-0000001863.0001.PDF,Q00897.01-0000001863.0001.PDF,.pdf,205677,ok,True,True,text,True,4,0,12,False,1,False,10-20,Name | Address | Phone | SSN | Money/Amount,True,Contact Information | Government-Issued Identification | Financial Account Information,False,,clear_responsive,False,,5520,standard,bde_llm_count,True,True,4,0,0,0,0,1,9.832,False,False,True,,True,clear_yes,yes,6392,False,standard,False,,11912
CNG_Data2k/files/Q00897.01-0000118367.XLSX,Q00897.01-0000118367.XLSX,.xlsx,76531,ok,True,True,text,True,1,0,199,False,41,True,100+,Name | Address | Email | Payment Card | Money/Amount,True,Contact Information | Financial Account Information,True,,ambiguous,True,yes,12115,structured_bde,bde_llm_count_roster,False,False,0,0,0,0,0,0,11.704,False,True,True,,True,clear_yes,yes,6646,True,structured_bde,False,,18761
CNG_Data2k/files/Q00897.01-0000913022.PDF,Q00897.01-0000913022.PDF,.pdf,203715,ok,True,False,text,False,4,0,2,False,0,False,0-10,Name,False,,False,,ambiguous,True,no,5391,likely_non_responsive,,True,True,4,0,0,0,0,1,6.988,True,False,False,stage1_nr,False,,,0,False,,False,,5391
CNG_Data2k/files/Q00897.01-0000889771.PDF,Q00897.01-0000889771.PDF,.pdf,131214,ok,True,True,text,True,15,0,390,False,15,True,100+,Name | Address | Phone | Money/Amount | Work-Related,True,Contact Information | Financial Account Information | Work-Related Information,True,,ambiguous,True,yes,24476,structured_bde,bde_llm_count_roster,True,True,15,0,0,0,0,1,13.462,False,True,True,,True,clear_yes,yes,12760,True,structured_bde,False,,37236
CNG_Data2k/files/Q00897.01-0000000920.PDF,Q00897.01-0000000920.PDF,.pdf,28224,ok,True,False,text,False,1,0,1,False,0,False,0-10,Money/Amount,False,Financial Account Information,False,,clear_non_responsive,False,,0,likely_non_responsive,,False,False,0,0,0,0,0,0,0.072,True,False,False,stage1_nr,False,,,0,False,,False,,0
CNG_Data2k/files/Q00897.01-0000441136.MSG,Q00897.01-0000441136.MSG,.msg,225280,ok,True,False,text,False,0,0,2,False,0,False,0-10,Name | Address | Email | Phone | Credentials,True,Contact Information | Access Credentials,False,,ambiguous,True,yes,4416,standard,,False,False,0,0,0,0,0,0,3.002,False,False,True,,True,borderline,no,4474,False,likely_non_responsive,True,,8890
CNG_Data2k/files/Q00897.01-0000755993.MSG,Q00897.01-0000755993.MSG,.msg,70656,ok,True,False,text,False,0,0,2,False,0,False,0-10,Name | Address | Email | Phone,True,Contact Information,False,,ambiguous,True,no,4087,likely_non_responsive,,False,False,0,0,0,0,0,0,1.537,True,False,False,stage1_nr,False,,,0,False,,False,,4087
CNG_Data2k/files/Q00897.01-0000131568.PDF,Q00897.01-0000131568.PDF,.pdf,431698,ok,True,True,text,True,3,0,32,False,0,False,20-50,Phone | Money/Amount,True,Contact Information | Financial Account Information,False,,ambiguous,True,no,8529,likely_non_responsive,bde_llm_count,True,True,3,0,0,0,0,1,8.684,True,False,False,stage1_nr,False,,,0,False,,False,,8529
CNG_Data2k/files/Q00897.01-0000736571.MSG,Q00897.01-0000736571.MSG,.msg,459264,ok,True,False,text,False,0,0,1,False,0,False,0-10,Name | Money/Amount | Health | Work-Related,True,Financial Account Information | Health-Related Information | Work-Related Information,False,,ambiguous,True,no,7268,likely_non_responsive,,False,False,0,0,0,0,0,0,4.145,True,False,False,stage1_nr,False,,,0,False,,False,,7268
CNG_Data2k/files/Q00897.01-0000141407.XLSX,Q00897.01-0000141407.XLSX,.xlsx,77676,ok,True,True,text,True,3,0,669,False,0,False,100+,Address | Phone | Money/Amount,True,Contact Information | Financial Account Information,False,,ambiguous,True,no,13996,likely_non_responsive,roster_by_rowcount bde_llm_count,False,False,0,0,0,0,0,0,2.29,True,False,False,stage1_nr,False,,,0,False,,False,,13996
CNG_Data2k/files/Q00897.01-0000911076.PDF,Q00897.01-0000911076.PDF,.pdf,208722,ok,True,False,text,False,27,0,61,False,61,True,50-100,Name | Phone,True,Contact Information,True,,ambiguous,True,yes,35046,bde,bde_llm_count_roster,False,False,0,0,0,0,0,0,11.599,False,True,True,,True,likely_yes,yes,18141,True,bde,False,,53187
CNG_Data2k/files/Q00897.01-0000136159.PDF,Q00897.01-0000136159.PDF,.pdf,20180345,ok,True,True,text,True,15,0,273,False,6,False,100+,Name | Address | Phone | Money/Amount,True,Contact Information | Financial Account Information,False,,ambiguous,True,yes,23197,standard,bde_llm_count,True,True,15,0,0,0,0,1,17.292,False,False,True,,True,likely_no,no,12109,True,likely_non_responsive,True,,35306
CNG_Data2k/files/Q00897.01-0000907626.PDF,Q00897.01-0000907626.PDF,.pdf,14241,ok,True,False,text,False,2,0,2,False,0,False,0-10,Name | Address | Phone,True,Contact Information,False,,ambiguous,True,yes,4228,standard,,False,False,0,0,0,0,0,0,4.761,False,False,True,,True,borderline,no,4301,False,likely_non_responsive,True,,8529
CNG_Data2k/files/Q00897.01-0000033749.PDF,Q00897.01-0000033749.PDF,.pdf,400233,ok,True,True,text,True,1,0,10,False,0,False,0-10,Name | Address | Money/Amount,True,Contact Information | Financial Account Information,False,,ambiguous,True,no,7233,likely_non_responsive,bde_llm_count,True,True,1,0,0,0,0,1,6.204,True,False,False,stage1_nr,False,,,0,False,,False,,7233
CNG_Data2k/files/Q00897.01-0000690269.MSG,Q00897.01-0000690269.MSG,.msg,143360,ok,True,False,text,False,0,0,1,False,0,False,0-10,Name | Card Expiry/CVV,False,Financial Account Information,False,,ambiguous,True,yes,4216,standard,,False,False,0,0,0,0,0,0,3.109,False,False,True,,True,borderline,no,4280,False,likely_non_responsive,True,,8496
CNG_Data2k/files/Q00897.01-0000697465.0001.PDF,Q00897.01-0000697465.0001.PDF,.pdf,17682,ok,True,False,text,False,1,0,0,False,0,False,0-10,,False,,False,,clear_non_responsive,False,,0,likely_non_responsive,,False,False,0,0,0,0,0,0,0.078,True,False,False,stage1_nr,False,,,0,False,,False,,0
CNG_Data2k/files/Q00897.01-0000858190.PDF,Q00897.01-0000858190.PDF,.pdf,243600,ok,True,False,text,False,1,0,3,False,0,False,0-10,Name | Money/Amount | Work-Related,True,Financial Account Information | Work-Related Information,False,,ambiguous,True,yes,8230,standard,,False,False,0,0,0,0,0,0,2.821,False,False,True,,True,clear_yes,yes,8270,False,standard,False,,16500
CNG_Data2k/files/Q00897.01-0000024205.PDF,Q00897.01-0000024205.PDF,.pdf,21957,ok,True,False,text,False,1,0,1,False,0,False,0-10,Money/Amount,False,Financial Account Information,False,,clear_non_responsive,False,,0,likely_non_responsive,"img_ocr:p1,p1,p1(3/3,+3chars)",False,False,0,3,3,3,0,3,12.618,True,False,False,stage1_nr,False,,,0,False,,False,,0
CNG_Data2k/files/Q00897.01-0000129819.PDF,Q00897.01-0000129819.PDF,.pdf,1229974,ok,True,True,text,True,6,0,36,False,0,False,20-50,Phone | Money/Amount,True,Contact Information | Financial Account Information,False,,ambiguous,True,no,9407,likely_non_responsive,bde_llm_count,True,True,6,0,0,0,0,1,8.577,True,False,False,stage1_nr,False,,,0,False,,False,,9407
CNG_Data2k/files/Q00897.01-0000796214.MSG,Q00897.01-0000796214.MSG,.msg,33280,ok,True,False,text,False,0,1,3,False,0,False,0-10,Name | Address | Email | Phone | Money/Amount,True,Contact Information | Financial Account Information,False,,ambiguous,True,yes,4490,standard,,False,False,0,0,0,0,0,0,3.719,False,False,True,,True,likely_yes,yes,4585,False,standard,False,,9075
CNG_Data2k/files/Q00897.01-0000001285.PDF,Q00897.01-0000001285.PDF,.pdf,422270,ok,True,False,text,False,2,0,4,False,0,False,0-10,Name | Email | Money/Amount | Work-Related,True,Contact Information | Financial Account Information | Work-Related Information,False,,ambiguous,True,yes,16909,standard,"img_ocr:p1(1/2,+15chars)",False,False,0,2,2,1,0,2,14.412,False,False,True,,True,likely_yes,yes,16949,False,standard,False,,33858
CNG_Data2k/files/Q00897.01-0000533419.0001.CSV,Q00897.01-0000533419.0001.CSV,.csv,121448,ok,True,True,text,True,0,0,613,False,0,True,100+,Money/Amount,False,Financial Account Information,True,,ambiguous,False,,0,structured_bde,roster_by_rowcount llm_failed:RateLimitError bde_count_failed:RateLimitError,False,False,0,0,0,0,0,0,3.446,False,True,True,,False,,yes,0,True,structured_bde,False,llm_failed:RateLimitError,0
CNG_Data2k/files/Q00897.01-0000709782.MSG,Q00897.01-0000709782.MSG,.msg,96256,ok,True,False,text,False,0,0,2,False,0,False,0-10,Name | Address | Email | Phone,True,Contact Information,False,,ambiguous,True,yes,4006,standard,,False,False,0,0,0,0,0,0,2.641,False,False,True,,True,likely_no,no,4050,False,likely_non_responsive,True,,8056
CNG_Data2k/files/Q00897.01-0000011418.PDF,Q00897.01-0000011418.PDF,.pdf,62241,ok,True,False,text,False,1,0,0,False,0,False,0-10,,False,,False,,clear_non_responsive,False,,0,likely_non_responsive,,False,False,0,0,0,0,0,0,0.036,True,False,False,stage1_nr,False,,,0,False,,False,,0
CNG_Data2k/files/Q00897.01-0000586508.0001.0002.CSV,Q00897.01-0000586508.0001.0002.CSV,.csv,16369,ok,True,True,text,True,0,0,102,False,0,False,100+,Money/Amount,False,Financial Account Information,False,,ambiguous,True,no,12842,likely_non_responsive,roster_by_rowcount bde_llm_count,False,False,0,0,0,0,0,0,2.271,True,False,False,stage1_nr,False,,,0,False,,False,,12842
CNG_Data2k/files/Q00897.01-0000807331.0001.PDF,Q00897.01-0000807331.0001.PDF,.pdf,158933,ok,True,True,text,True,3,0,7,False,2,False,0-10,Name | Address | Bank/Account Number | Health,True,Contact Information | Financial Account Information | Health-Related Information,False,,ambiguous,True,yes,11081,standard,bde_llm_count,True,True,3,0,0,0,0,1,64.601,False,False,True,,True,borderline,no,6015,False,likely_non_responsive,True,,17096
CNG_Data2k/files/Q00897.01-0000447437.MSG,Q00897.01-0000447437.MSG,.msg,152626176,ok,True,False,text,False,0,45,1,False,0,False,0-10,Name | Address | Email | Phone | Money/Amount | Health,True,Contact Information | Financial Account Information | Health-Related Information,False,,ambiguous,True,yes,4295,standard,,False,False,0,0,0,0,0,0,6.149,False,False,True,,True,likely_no,no,4364,False,likely_non_responsive,True,,8659
CNG_Data2k/files/Q00897.01-0000481334.MSG,Q00897.01-0000481334.MSG,.msg,26624,ok,True,False,text,False,0,0,4,False,0,False,0-10,Name | Email,True,Contact Information,False,,ambiguous,True,yes,4178,standard,,False,False,0,0,0,0,0,0,2.954,False,False,True,,True,clear_no,no,4198,False,likely_non_responsive,True,,8376
CNG_Data2k/files/Q00897.01-0000841738.0103.PDF,Q00897.01-0000841738.0103.PDF,.pdf,149710,ok,True,False,text,False,14,0,1,False,0,False,0-10,Money/Amount,False,Financial Account Information,False,,clear_non_responsive,False,,0,likely_non_responsive,,False,False,0,0,0,0,0,0,0.787,True,False,False,stage1_nr,False,,,0,False,,False,,0
CNG_Data2k/files/Q00897.01-0000656013.0002.PDF,Q00897.01-0000656013.0002.PDF,.pdf,560199,ok,True,False,text,False,1,0,1,False,0,False,0-10,Money/Amount,False,Financial Account Information,False,,clear_non_responsive,False,,0,likely_non_responsive,,False,False,0,0,0,0,0,0,0.229,True,False,False,stage1_nr,False,,,0,False,,False,,0
CNG_Data2k/files/Q00897.01-0000321194.XML,Q00897.01-0000321194.XML,.xml,214637,ok,True,False,text,False,0,0,1,False,0,False,0-10,Name | Phone | Money/Amount,True,Contact Information | Financial Account Information,False,,ambiguous,True,yes,12770,standard,,False,False,0,0,0,0,0,0,2.94,False,False,True,,True,likely_yes,yes,12855,False,standard,False,,25625
CNG_Data2k/files/Q00897.01-0000468440.MSG,Q00897.01-0000468440.MSG,.msg,171520,ok,True,False,text,False,0,0,9,False,6,False,0-10,Name | Address | Email | Phone | Health,True,Contact Information | Health-Related Information,False,,ambiguous,True,yes,11736,standard,bde_llm_count,False,False,0,0,0,0,0,0,6.623,False,False,True,,True,clear_yes,yes,6281,False,standard,False,,18017
CNG_Data2k/files/Q00897.01-0000330164.PDF,Q00897.01-0000330164.PDF,.pdf,535440,ok,True,False,text,False,5,0,1,False,0,False,0-10,Name | Address | Bank/Account Number | Money/Amount,True,Contact Information | Financial Account Information,False,,ambiguous,True,yes,4502,standard,"img_ocr:p2(1/1,+229chars)",False,False,0,1,1,1,0,1,9.284,False,False,True,,True,likely_no,no,4584,False,likely_non_responsive,True,,9086
CNG_Data2k/files/Q00897.01-0000391618.MSG,Q00897.01-0000391618.MSG,.msg,113664,ok,True,False,text,False,0,0,1,False,0,False,0-10,Name | Address | Money/Amount,True,Contact Information | Financial Account Information,False,,ambiguous,True,yes,4021,standard,,False,False,0,0,0,0,0,0,4.632,False,False,True,,True,clear_no,no,4075,False,likely_non_responsive,True,,8096
CNG_Data2k/files/Q00897.01-0000408433.0001.0010.XLSX,Q00897.01-0000408433.0001.0010.XLSX,.xlsx,879285,ok,True,True,text,True,26,0,410,False,0,False,100+,Phone | Payment Card | Money/Amount,True,Contact Information | Financial Account Information,False,,ambiguous,True,no,10707,likely_non_responsive,bde_llm_count,False,False,0,0,0,0,0,0,8.27,True,False,False,stage1_nr,False,,,0,False,,False,,10707
CNG_Data2k/files/Q00897.01-0000858544.PDF,Q00897.01-0000858544.PDF,.pdf,169860,ok,True,False,text,False,1,0,2,False,0,False,0-10,Name | Email | Money/Amount,True,Contact Information | Financial Account Information,False,,ambiguous,True,yes,4130,standard,,False,False,0,0,0,0,0,0,2.373,False,False,True,,True,likely_no,no,4201,False,likely_non_responsive,True,,8331
CNG_Data2k/files/Q00897.01-0000538892.0001.PDF,Q00897.01-0000538892.0001.PDF,.pdf,22572,ok,True,False,text,False,1,0,1,False,0,False,0-10,Money/Amount,False,Financial Account Information,False,,clear_non_responsive,False,,0,likely_non_responsive,,False,False,0,0,0,0,0,0,0.021,True,False,False,stage1_nr,False,,,0,False,,False,,0
CNG_Data2k/files/Q00897.01-0000009185.PDF,Q00897.01-0000009185.PDF,.pdf,237796,ok,True,False,text,False,1,0,1,False,0,False,0-10,Name | Work-Related,True,Work-Related Information,False,,ambiguous,True,yes,4139,standard,,False,False,0,0,0,0,0,0,3.515,False,False,True,,True,likely_yes,yes,4197,False,standard,False,,8336
CNG_Data2k/files/Q00897.01-0000721927.MSG,Q00897.01-0000721927.MSG,.msg,242688,ok,True,False,text,False,0,0,1,False,0,False,0-10,Address | Email | Health | Work-Related,True,Contact Information | Health-Related Information | Work-Related Information,False,,ambiguous,True,no,4589,likely_non_responsive,,False,False,0,0,0,0,0,0,2.689,True,False,False,stage1_nr,False,,,0,False,,False,,4589
CNG_Data2k\files\Q00897.01-0000800884.0001.DOC,Q00897.01-0000800884.0001.DOC,.doc,45927,ok,True,False,text,False,0,0,1,False,0,False,0-10,Money/Amount | Work-Related,False,Financial Account Information | Work-Related Information,False,,ambiguous,True,no,6764,likely_non_responsive,,False,False,0,0,0,0,0,0,1.505,True,False,False,stage1_nr,False,,,0,False,,False,,6764
CNG_Data2k/files/Q00897.01-0000897755.PDF,Q00897.01-0000897755.PDF,.pdf,20616,ok,True,True,text,True,3,0,53,False,3,True,50-100,Name | Address | Phone | Money/Amount | Work-Related,True,Contact Information | Financial Account Information | Work-Related Information,True,,ambiguous,True,yes,9138,structured_bde,bde_llm_count_roster,True,True,3,0,0,0,0,1,10.71,False,True,True,,True,clear_yes,yes,5056,True,structured_bde,False,,14194
CNG_Data2k/files/Q00897.01-0000217015.PDF,Q00897.01-0000217015.PDF,.pdf,1444270,ok,True,False,text,False,36,0,2,False,0,False,0-10,Address | Email | Phone | Money/Amount,True,Contact Information | Financial Account Information,False,,ambiguous,True,no,17841,likely_non_responsive,"img_ocr:p1(1/1,+1chars)",False,False,0,1,1,1,0,1,9.587,True,False,False,stage1_nr,False,,,0,False,,False,,17841
CNG_Data2k/files/Q00897.01-0000795819.MSG,Q00897.01-0000795819.MSG,.msg,64000,ok,True,False,text,False,0,0,4,False,0,False,0-10,Name | Address | Email | Phone | Card/Transaction | Money/Amount,True,Contact Information | Financial Account Information,False,,ambiguous,True,yes,5710,standard,,False,False,0,0,0,0,0,0,4.32,False,False,True,,True,borderline,no,5783,False,likely_non_responsive,True,,11493
CNG_Data2k/files/Q00897.01-0000412386.0001.XLSX,Q00897.01-0000412386.0001.XLSX,.xlsx,75041,ok,True,True,text,True,4,0,94,False,0,False,50-100,Phone | Payment Card | Money/Amount,True,Contact Information | Financial Account Information,False,,ambiguous,True,no,10689,likely_non_responsive,bde_llm_count,False,False,0,0,0,0,0,0,2.166,True,False,False,stage1_nr,False,,,0,False,,False,,10689
CNG_Data2k/files/Q00897.01-0000290146.XLSX,Q00897.01-0000290146.XLSX,.xlsx,116421,ok,True,True,text,True,4,0,526,False,526,True,100+,Name | Phone | Money/Amount,True,Contact Information | Financial Account Information,True,,ambiguous,True,yes,8920,structured_bde,bde_llm_count_roster,False,False,0,0,0,0,0,0,10.903,False,True,True,,True,clear_yes,yes,5087,True,structured_bde,False,,14007
CNG_Data2k/files/Q00897.01-0000538514.0001.PDF,Q00897.01-0000538514.0001.PDF,.pdf,22565,ok,True,False,text,False,1,0,1,False,0,False,0-10,Money/Amount,False,Financial Account Information,False,,clear_non_responsive,False,,0,likely_non_responsive,,False,False,0,0,0,0,0,0,0.035,True,False,False,stage1_nr,False,,,0,False,,False,,0
CNG_Data2k/files/Q00897.01-0000766063.MSG,Q00897.01-0000766063.MSG,.msg,124928,ok,True,False,text,False,0,0,1,False,0,False,0-10,Name | Address | Email | Credentials,True,Contact Information | Access Credentials,False,,ambiguous,True,yes,4090,standard,,False,False,0,0,0,0,0,0,3.502,False,False,True,,True,borderline,no,4165,False,likely_non_responsive,True,,8255
CNG_Data2k/files/Q00897.01-0000541229.0001.PDF,Q00897.01-0000541229.0001.PDF,.pdf,22568,ok,True,False,text,False,1,0,1,False,0,False,0-10,Money/Amount,False,Financial Account Information,False,,clear_non_responsive,False,,0,likely_non_responsive,,False,False,0,0,0,0,0,0,0.022,True,False,False,stage1_nr,False,,,0,False,,False,,0
CNG_Data2k/files/Q00897.01-0000248920.PDF,Q00897.01-0000248920.PDF,.pdf,238442,ok,True,True,text,True,1,0,21,False,0,False,20-50,Name | Bank/Account Number | Money/Amount,True,Financial Account Information,False,,ambiguous,True,no,7294,likely_non_responsive,bde_llm_count,True,True,1,0,0,0,0,1,8.052,True,False,False,stage1_nr,False,,,0,False,,False,,7294
CNG_Data2k/files/Q00897.01-0000888818.PDF,Q00897.01-0000888818.PDF,.pdf,53822,ok,True,False,text,False,7,0,1,False,0,False,0-10,Address | Money/Amount,True,Contact Information | Financial Account Information,False,,ambiguous,True,yes,11475,standard,,False,False,0,0,0,0,0,0,3.82,False,False,True,,True,likely_no,no,11519,False,likely_non_responsive,True,,22994
CNG_Data2k/files/Q00897.01-0000907567.PDF,Q00897.01-0000907567.PDF,.pdf,785199,ok,True,False,text,False,109,0,30,False,30,False,20-50,Name | Address | Phone | Money/Amount,True,Contact Information | Financial Account Information,False,,ambiguous,True,yes,36038,standard,bde_llm_count_roster,False,False,0,0,0,0,0,0,23.144,False,False,True,,True,clear_yes,yes,18546,False,standard,False,,54584
CNG_Data2k/files/Q00897.01-0000908244.PDF,Q00897.01-0000908244.PDF,.pdf,21368,ok,True,False,text,False,2,0,18,False,18,False,10-20,Name | Address | Phone | Money/Amount,True,Contact Information | Financial Account Information,False,,ambiguous,True,yes,10623,standard,bde_llm_count_roster,False,False,0,0,0,0,0,0,10.323,False,False,True,,True,likely_yes,yes,5796,False,standard,False,,16419
CNG_Data2k/files/Q00897.01-0000257351.0003.PDF,Q00897.01-0000257351.0003.PDF,.pdf,279933,ok,True,False,text,False,3,0,1,False,0,False,0-10,Name | Address | Bank/Account Number | Money/Amount,True,Contact Information | Financial Account Information,False,,ambiguous,True,yes,4572,standard,,False,False,0,0,0,0,0,0,2.583,False,False,True,,True,likely_no,no,4648,False,likely_non_responsive,True,,9220
CNG_Data2k/files/Q00897.01-0000414106.0001.XLSX,Q00897.01-0000414106.0001.XLSX,.xlsx,10540805,error,False,False,,False,0,0,0,False,0,False,,,False,,False,,,False,,0,review_error,ValueError,False,False,0,0,0,0,0,0,0.166,False,False,False,extract_error,False,,,0,False,,False,,0
CNG_Data2k/files/Q00897.01-0000341857.PDF,Q00897.01-0000341857.PDF,.pdf,140006,ok,True,False,text,False,7,0,1,False,0,False,0-10,Name | Address | Health,True,Contact Information | Health-Related Information,False,,ambiguous,True,yes,7952,standard,,False,False,0,0,0,0,0,0,3.502,False,False,True,,True,borderline,no,7990,False,likely_non_responsive,True,,15942
CNG_Data2k\files\Q00897.01-0000645782.0001.XLS,Q00897.01-0000645782.0001.XLS,.xls,23745,ok,True,True,text,True,4,0,2,False,4,False,0-10,Phone | SSN | Account Balance | Money/Amount,True,Contact Information | Government-Issued Identification | Financial Account Information,False,,clear_responsive,False,,2061,standard,bde_llm_count_roster,False,False,0,0,0,0,0,0,2.834,False,False,True,,True,clear_yes,yes,3108,False,standard,False,,5169
CNG_Data2k/files/Q00897.01-0000636298.MSG,Q00897.01-0000636298.MSG,.msg,132608,ok,True,False,text,False,0,2,15,False,15,False,10-20,Name | Address | Email | Phone,True,Contact Information,False,,ambiguous,True,yes,10219,standard,bde_llm_count,False,False,0,0,0,0,0,0,5.572,False,False,True,,True,likely_no,no,5646,False,likely_non_responsive,True,,15865
CNG_Data2k/files/Q00897.01-0000342907.PDF,Q00897.01-0000342907.PDF,.pdf,80275,ok,True,True,text,True,3,0,6,False,1,False,0-10,Name | Address | Email | Card/Transaction | Money/Amount | Credentials,True,Contact Information | Financial Account Information | Access Credentials,False,,ambiguous,True,yes,7343,standard,bde_llm_count,True,True,3,0,0,0,0,1,68.361,False,False,True,,True,likely_yes,yes,4178,False,standard,False,,11521
CNG_Data2k/files/Q00897.01-0000391263.MSG,Q00897.01-0000391263.MSG,.msg,86528,ok,True,False,text,False,0,0,1,False,0,False,0-10,Name | Email | Phone,True,Contact Information,False,,ambiguous,True,no,4434,likely_non_responsive,,False,False,0,0,0,0,0,0,2.324,True,False,False,stage1_nr,False,,,0,False,,False,,4434
CNG_Data2k/files/Q00897.01-0000910780.PDF,Q00897.01-0000910780.PDF,.pdf,22359,ok,True,False,text,False,5,0,1,False,0,False,0-10,Name | Address | Phone | Money/Amount,True,Contact Information | Financial Account Information,False,,ambiguous,True,yes,6280,standard,,False,False,0,0,0,0,0,0,62.533,False,False,True,,True,likely_no,no,6332,False,likely_non_responsive,True,,12612
CNG_Data2k/files/Q00897.01-0000436206.MSG,Q00897.01-0000436206.MSG,.msg,176128,ok,True,False,text,False,0,1,11,False,7,False,10-20,Name | Address | Email | Phone | Money/Amount,True,Contact Information | Financial Account Information,False,,ambiguous,True,yes,11038,standard,bde_llm_count,False,False,0,0,0,0,0,0,6.151,False,False,True,,True,borderline,no,5990,False,likely_non_responsive,True,,17028
CNG_Data2k/files/Q00897.01-0000310554.XLSX,Q00897.01-0000310554.XLSX,.xlsx,18188,ok,True,True,text,True,2,0,59,False,51,True,50-100,Name | Address,True,Contact Information,True,,ambiguous,True,yes,9877,structured_bde,roster_by_rowcount bde_llm_count_roster,False,False,0,0,0,0,0,0,8.445,False,True,True,,True,clear_yes,yes,5504,True,structured_bde,False,,15381
CNG_Data2k/files/Q00897.01-0000116652.PDF,Q00897.01-0000116652.PDF,.pdf,311588,ok,True,True,text,True,1,0,82,False,0,False,50-100,Money/Amount,False,Financial Account Information,False,,ambiguous,True,no,10205,likely_non_responsive,bde_llm_count,True,True,1,0,0,0,0,1,7.887,True,False,False,stage1_nr,False,,,0,False,,False,,10205
CNG_Data2k/files/Q00897.01-0000430399.MSG,Q00897.01-0000430399.MSG,.msg,208384,ok,True,False,text,False,0,0,2,False,0,False,0-10,Address | Email | Phone | Money/Amount,True,Contact Information | Financial Account Information,False,,ambiguous,True,no,4904,likely_non_responsive,,False,False,0,0,0,0,0,0,1.757,True,False,False,stage1_nr,False,,,0,False,,False,,4904
CNG_Data2k/files/Q00897.01-0000500692.0001.PDF,Q00897.01-0000500692.0001.PDF,.pdf,688410,ok,True,False,text,False,10,0,24,False,0,False,20-50,Name | Address | Email | Phone | Money/Amount | Health,True,Contact Information | Financial Account Information | Health-Related Information,False,,ambiguous,True,yes,9960,standard,"img_ocr:p10(1/1,+17chars) bde_count_failed:RateLimitError",False,False,0,1,1,1,0,1,10.866,False,False,True,,True,clear_no,no,9864,False,likely_non_responsive,True,,19824
CNG_Data2k/files/Q00897.01-0000857056.PDF,Q00897.01-0000857056.PDF,.pdf,168957,ok,True,False,text,False,2,0,2,False,0,False,0-10,Name | Email | Phone,True,Contact Information,False,,ambiguous,True,yes,4239,standard,,False,False,0,0,0,0,0,0,3.121,False,False,True,,True,likely_no,no,4311,False,likely_non_responsive,True,,8550
CNG_Data2k/files/Q00897.01-0000019447.PDF,Q00897.01-0000019447.PDF,.pdf,80813,ok,True,False,text,False,1,0,1,False,0,False,0-10,Name | Bank/Account Number | Money/Amount,True,Financial Account Information,False,,ambiguous,True,yes,3834,standard,,True,True,1,0,0,0,0,1,7.455,False,False,True,,True,clear_yes,yes,3899,False,standard,False,,7733
CNG_Data2k/files/Q00897.01-0000293712.PDF,Q00897.01-0000293712.PDF,.pdf,228918,ok,True,True,text,True,1,0,26,False,1,False,20-50,Name | Address | Money/Amount,True,Contact Information | Financial Account Information,False,,ambiguous,True,yes,7480,standard,bde_llm_count,True,True,1,0,0,0,0,1,10.471,False,False,True,,True,clear_yes,yes,4200,False,standard,False,,11680
CNG_Data2k/files/Q00897.01-0000470182.0001.PDF,Q00897.01-0000470182.0001.PDF,.pdf,148933,ok,True,False,text,False,4,0,1,False,0,False,0-10,Money/Amount | Health | Work-Related,False,Financial Account Information | Health-Related Information | Work-Related Information,False,,ambiguous,True,no,5294,likely_non_responsive,,False,False,0,0,0,0,0,0,1.798,True,False,False,stage1_nr,False,,,0,False,,False,,5294
CNG_Data2k/files/Q00897.01-0000905303.PDF,Q00897.01-0000905303.PDF,.pdf,12327,ok,True,False,text,False,1,0,0,False,0,False,0-10,,False,,False,,clear_non_responsive,False,,0,likely_non_responsive,,False,False,0,0,0,0,0,0,0.039,True,False,False,stage1_nr,False,,,0,False,,False,,0
CNG_Data2k\files\Q00897.01-0000854996.XLS,Q00897.01-0000854996.XLS,.xls,68934,ok,True,True,text,True,2,0,1,False,1,False,0-10,Name | Money/Amount,False,Financial Account Information,False,,ambiguous,True,yes,3183,standard,bde_llm_count,False,False,0,0,0,0,0,0,3.25,False,False,True,,True,likely_yes,yes,2208,False,standard,False,,5391
CNG_Data2k/files/Q00897.01-0000346696.PDF,Q00897.01-0000346696.PDF,.pdf,564876,ok,True,False,text,False,8,0,5,False,0,False,0-10,Phone | Money/Amount,True,Contact Information | Financial Account Information,False,,ambiguous,False,,0,standard,llm_failed:JSONDecodeError,False,False,0,0,0,0,0,0,85.914,False,False,True,,False,,yes,0,False,standard,False,llm_failed:JSONDecodeError,0
CNG_Data2k/files/Q00897.01-0000916282.PDF,Q00897.01-0000916282.PDF,.pdf,214166,ok,True,False,text,False,2,0,1,False,0,False,0-10,Money/Amount,False,Financial Account Information,False,,clear_non_responsive,False,,0,likely_non_responsive,,False,False,0,0,0,0,0,0,0.274,True,False,False,stage1_nr,False,,,0,False,,False,,0
CNG_Data2k/files/Q00897.01-0000012249.PDF,Q00897.01-0000012249.PDF,.pdf,2501319,ok,True,False,text,False,1,0,2,False,0,False,0-10,Name | Address | Email | Phone | SSN | Work-Related,True,Contact Information | Government-Issued Identification | Work-Related Information,False,,clear_responsive,False,,0,standard,,False,False,0,0,0,0,0,0,2.171,False,False,True,,True,clear_yes,yes,4181,False,standard,False,,4181
CNG_Data2k/files/Q00897.01-0000504335.MSG,Q00897.01-0000504335.MSG,.msg,94208,ok,True,False,text,False,0,0,1,False,0,False,0-10,Name | Address | Email,True,Contact Information,False,,ambiguous,True,no,4188,likely_non_responsive,,False,False,0,0,0,0,0,0,3.767,True,False,False,stage1_nr,False,,,0,False,,False,,4188
CNG_Data2k/files/Q00897.01-0000805584.0001.PDF,Q00897.01-0000805584.0001.PDF,.pdf,251028,ok,True,False,text,False,13,0,14,False,0,False,10-20,Email | Money/Amount | Demographic | Work-Related,True,Contact Information | Financial Account Information | Demographic Information | Work-Related Information,False,,ambiguous,True,no,17159,likely_non_responsive,"img_ocr:p1(1/1,+11chars) bde_llm_count",False,False,0,1,1,1,0,1,67.316,True,False,False,stage1_nr,False,,,0,False,,False,,17159
CNG_Data2k/files/Q00897.01-0000528806.0001.XLSX,Q00897.01-0000528806.0001.XLSX,.xlsx,18718,ok,True,True,text,True,1,0,0,False,0,False,0-10,Card Expiry/CVV,False,Financial Account Information,False,,ambiguous,True,no,4328,structured_unreadable,bde_count_failed:RateLimitError,False,False,0,0,0,0,0,0,3.357,False,False,True,,False,,no,0,False,likely_non_responsive,True,llm_failed:RateLimitError,4328
CNG_Data2k/files/Q00897.01-0000042569.PDF,Q00897.01-0000042569.PDF,.pdf,165268,ok,True,True,text,True,1,0,13,False,0,False,10-20,Name | Address | Money/Amount,True,Contact Information | Financial Account Information,False,,ambiguous,True,no,7001,likely_non_responsive,bde_llm_count,True,True,1,0,0,0,0,1,6.008,True,False,False,stage1_nr,False,,,0,False,,False,,7001
CNG_Data2k/files/Q00897.01-0000654513.MSG,Q00897.01-0000654513.MSG,.msg,58368,ok,True,False,text,False,0,1,2,False,0,False,0-10,Name | Address | Phone,True,Contact Information,False,,ambiguous,True,yes,3795,standard,,False,False,0,0,0,0,0,0,2.722,False,False,True,,True,clear_no,no,3847,False,likely_non_responsive,True,,7642
CNG_Data2k/files/Q00897.01-0000241508.XLSX,Q00897.01-0000241508.XLSX,.xlsx,36690,ok,True,True,text,True,5,0,145,False,0,False,100+,Phone | Money/Amount,True,Contact Information | Financial Account Information,False,,ambiguous,True,no,11227,likely_non_responsive,roster_by_rowcount bde_llm_count,False,False,0,0,0,0,0,0,2.478,True,False,False,stage1_nr,False,,,0,False,,False,,11227
CNG_Data2k/files/Q00897.01-0000901941.PDF,Q00897.01-0000901941.PDF,.pdf,19001,ok,True,True,text,True,3,0,54,False,2,False,50-100,Name | Address | Phone | Money/Amount | Work-Related,True,Contact Information | Financial Account Information | Work-Related Information,False,,ambiguous,True,yes,8902,standard,bde_llm_count,True,True,3,0,0,0,0,1,10.134,False,False,True,,True,clear_yes,yes,4925,True,structured_bde,False,,13827
CNG_Data2k/files/Q00897.01-0000551361.MSG,Q00897.01-0000551361.MSG,.msg,210944,ok,True,False,text,False,0,0,2,False,0,False,0-10,Address | Email | Phone | Credentials,True,Contact Information | Access Credentials,False,,ambiguous,True,no,3979,likely_non_responsive,,False,False,0,0,0,0,0,0,1.588,True,False,False,stage1_nr,False,,,0,False,,False,,3979
CNG_Data2k/files/Q00897.01-0000628442.MSG,Q00897.01-0000628442.MSG,.msg,55808,ok,True,False,text,False,0,1,15,False,15,False,10-20,Name | Address | Email | Phone,True,Contact Information,False,,ambiguous,True,yes,11769,standard,bde_llm_count,False,False,0,0,0,0,0,0,5.977,False,False,True,,True,likely_yes,yes,6367,False,standard,False,,18136
CNG_Data2k/files/Q00897.01-0000820649.0001.PDF,Q00897.01-0000820649.0001.PDF,.pdf,3902770,ok,True,True,text,True,3,0,57,False,6,False,50-100,Name | Address | Email | Phone | Tax ID | Money/Amount,True,Contact Information | Government-Issued Identification | Financial Account Information,False,,ambiguous,True,yes,10245,standard,bde_llm_count,True,True,3,0,0,0,0,1,10.565,False,False,True,,True,likely_no,no,5578,True,likely_non_responsive,True,,15823
CNG_Data2k/files/Q00897.01-0000024053.XLSX,Q00897.01-0000024053.XLSX,.xlsx,532180,ok,True,True,text,True,2,0,2470,False,2470,True,100+,Name | Money/Amount,False,Financial Account Information,True,,ambiguous,True,yes,18485,structured_bde,roster_by_rowcount bde_llm_count_roster,False,False,0,0,0,0,0,0,13.079,False,True,True,,True,clear_yes,yes,9865,True,structured_bde,False,,28350
CNG_Data2k/files/Q00897.01-0000865763.PDF,Q00897.01-0000865763.PDF,.pdf,45411,ok,True,False,text,False,1,0,1,False,0,False,0-10,Name | Address | Phone | Money/Amount,True,Contact Information | Financial Account Information,False,,ambiguous,True,no,3987,likely_non_responsive,"img_ocr:p1(1/1,+1chars)",False,False,0,1,1,1,0,1,5.556,True,False,False,stage1_nr,False,,,0,False,,False,,3987
CNG_Data2k/files/Q00897.01-0000914131.PDF,Q00897.01-0000914131.PDF,.pdf,8186,ok,True,False,text,False,4,0,2,False,0,False,0-10,Name | Address | Phone | Money/Amount,True,Contact Information | Financial Account Information,False,,ambiguous,True,yes,6538,standard,,False,False,0,0,0,0,0,0,4.087,False,False,True,,True,clear_yes,yes,6586,False,standard,False,,13124
CNG_Data2k/files/Q00897.01-0000277583.PDF,Q00897.01-0000277583.PDF,.pdf,83761,ok,True,False,text,False,1,0,3,False,0,False,0-10,Name | Address | Phone,True,Contact Information,False,,ambiguous,True,no,4120,likely_non_responsive,,True,True,1,0,0,0,0,1,6.687,True,False,False,stage1_nr,False,,,0,False,,False,,4120
CNG_Data2k/files/Q00897.01-0000430211.MSG,Q00897.01-0000430211.MSG,.msg,265216,ok,True,False,text,False,0,0,1,False,0,False,0-10,Name | Address | Money/Amount,True,Contact Information | Financial Account Information,False,,ambiguous,True,no,5287,likely_non_responsive,,False,False,0,0,0,0,0,0,3.0,True,False,False,stage1_nr,False,,,0,False,,False,,5287
CNG_Data2k/files/Q00897.01-0000291972.PDF,Q00897.01-0000291972.PDF,.pdf,170573,ok,True,False,text,False,2,0,2,False,0,False,0-10,Name | Address | Email | Phone | SSN | Date of Birth | Card/Transaction | Account Balance | Money/Amount | Health | Work-Related,True,Contact Information | Government-Issued Identification | Birth Information | Financial Account Information | Health-Related Information | Work-Related Information,False,,clear_responsive,False,,0,standard,,True,True,2,0,0,0,0,1,6.431,False,False,True,,True,clear_yes,yes,5181,False,standard,False,,5181
CNG_Data2k/files/Q00897.01-0000330550.PDF,Q00897.01-0000330550.PDF,.pdf,371881,ok,True,False,text,False,4,0,2,False,0,False,0-10,Name | Address | Bank/Account Number | Money/Amount,True,Contact Information | Financial Account Information,False,,ambiguous,True,yes,4405,standard,"img_ocr:p2(1/1,+333chars)",False,False,0,1,1,1,0,1,7.281,False,False,True,,True,likely_no,no,4455,False,likely_non_responsive,True,,8860
CNG_Data2k/files/Q00897.01-0000291505.XLSX,Q00897.01-0000291505.XLSX,.xlsx,14979,ok,True,True,text,True,1,0,76,False,76,True,50-100,Name | Email | Phone,True,Contact Information,True,,ambiguous,True,yes,9856,structured_bde,roster_by_rowcount bde_llm_count_roster,False,False,0,0,0,0,0,0,11.943,False,True,True,,True,clear_yes,yes,5561,True,structured_bde,False,,15417
CNG_Data2k/files/Q00897.01-0000425903.0001.0013.XLSX,Q00897.01-0000425903.0001.0013.XLSX,.xlsx,158815,ok,True,True,text,True,15,0,69,False,0,False,50-100,Phone | Bank/Account Number | Money/Amount,True,Contact Information | Financial Account Information,False,,ambiguous,True,no,9222,likely_non_responsive,bde_llm_count,False,False,0,0,0,0,0,0,7.017,True,False,False,stage1_nr,False,,,0,False,,False,,9222
CNG_Data2k/files/Q00897.01-0000374439.MSG,Q00897.01-0000374439.MSG,.msg,141824,ok,True,False,text,False,0,0,2,False,0,False,0-10,Name | Email | Phone | Card/Transaction,True,Contact Information | Financial Account Information,False,,ambiguous,True,yes,3899,standard,,False,False,0,0,0,0,0,0,4.526,False,False,True,,True,likely_no,no,3965,False,likely_non_responsive,True,,7864
CNG_Data2k/files/Q00897.01-0000903026.PDF,Q00897.01-0000903026.PDF,.pdf,20365,ok,True,False,text,False,3,0,1,False,0,False,0-10,Address | Phone | Money/Amount,True,Contact Information | Financial Account Information,False,,ambiguous,True,no,5795,likely_non_responsive,,False,False,0,0,0,0,0,0,1.738,True,False,False,stage1_nr,False,,,0,False,,False,,5795
CNG_Data2k/files/Q00897.01-0000508376.0002.PDF,Q00897.01-0000508376.0002.PDF,.pdf,106035,ok,True,False,text,False,1,0,1,False,0,False,0-10,Name | Address,True,Contact Information,False,,ambiguous,True,yes,4985,standard,,True,True,1,0,0,0,0,1,6.371,False,False,True,,False,,yes,0,False,standard,False,llm_failed:RateLimitError,4985
CNG_Data2k/files/Q00897.01-0000770093.0001.PDF,Q00897.01-0000770093.0001.PDF,.pdf,444591,ok,True,True,text,True,15,0,189,False,0,False,100+,Address | Phone | Money/Amount | Work-Related,True,Contact Information | Financial Account Information | Work-Related Information,False,,ambiguous,True,no,19853,likely_non_responsive,bde_llm_count,True,True,15,0,0,0,0,1,10.142,True,False,False,stage1_nr,False,,,0,False,,False,,19853
CNG_Data2k/files/Q00897.01-0000238749.PDF,Q00897.01-0000238749.PDF,.pdf,171474,ok,True,False,text,False,1,0,2,False,0,False,0-10,Name | Address,True,Contact Information,False,,ambiguous,True,yes,4981,standard,,True,True,1,0,0,0,0,1,7.22,False,False,True,,True,clear_yes,yes,5034,False,standard,False,,10015
CNG_Data2k/files/Q00897.01-0000292852.PDF,Q00897.01-0000292852.PDF,.pdf,1253386,ok,True,False,text,False,9,0,1,False,0,False,0-10,Money/Amount,False,Financial Account Information,False,,clear_non_responsive,False,,0,likely_non_responsive,,False,False,0,0,0,0,0,0,1.312,True,False,False,stage1_nr,False,,,0,False,,False,,0
CNG_Data2k/files/Q00897.01-0000016011.PDF,Q00897.01-0000016011.PDF,.pdf,304457,ok,True,False,text,False,6,0,6,False,0,False,0-10,Name | Address | Email | Phone | Account Balance | Money/Amount | Work-Related,True,Contact Information | Financial Account Information | Work-Related Information,False,,ambiguous,True,yes,8564,standard,,False,False,0,0,0,0,0,0,5.19,False,False,True,,True,clear_yes,yes,8618,False,standard,False,,17182
CNG_Data2k/files/Q00897.01-0000283622.MSG,Q00897.01-0000283622.MSG,.msg,143360,ok,True,False,text,False,0,0,3,False,0,False,0-10,Name | Email,True,Contact Information,False,,ambiguous,True,yes,5071,standard,,False,False,0,0,0,0,0,0,2.583,False,False,True,,True,likely_no,no,5142,False,likely_non_responsive,True,,10213
CNG_Data2k/files/Q00897.01-0000691329.MSG,Q00897.01-0000691329.MSG,.msg,139264,ok,True,False,text,False,0,0,2,False,0,False,0-10,Name | Address | Email,True,Contact Information,False,,ambiguous,True,yes,3900,standard,,False,False,0,0,0,0,0,0,2.526,False,False,True,,True,borderline,no,3951,False,likely_non_responsive,True,,7851
CNG_Data2k/files/Q00897.01-0000915652.PDF,Q00897.01-0000915652.PDF,.pdf,611877,ok,True,True,text,True,11,0,131,False,19,True,100+,Name | Address | Money/Amount,True,Contact Information | Financial Account Information,True,,ambiguous,True,yes,12409,structured_bde,bde_llm_count_roster,True,True,11,0,0,0,0,1,18.742,False,True,True,,True,clear_yes,yes,6708,True,structured_bde,False,,19117
CNG_Data2k/files/Q00897.01-0000888757.PDF,Q00897.01-0000888757.PDF,.pdf,7903,ok,True,False,text,False,1,0,0,False,0,False,0-10,,False,,False,,clear_non_responsive,False,,0,likely_non_responsive,,False,False,0,0,0,0,0,0,0.033,True,False,False,stage1_nr,False,,,0,False,,False,,0
CNG_Data2k/files/Q00897.01-0000466100.MSG,Q00897.01-0000466100.MSG,.msg,90112,ok,True,False,text,False,0,0,9,False,5,False,0-10,Name | Email | Phone | Money/Amount,True,Contact Information | Financial Account Information,False,,ambiguous,True,no,10996,likely_non_responsive,bde_llm_count,False,False,0,0,0,0,0,0,3.888,True,False,False,stage1_nr,False,,,0,False,,False,,10996
CNG_Data2k/files/Q00897.01-0000753151.MSG,Q00897.01-0000753151.MSG,.msg,114688,ok,True,False,text,False,0,0,1,False,0,False,0-10,Address | Alien Registration | Money/Amount | Health,True,Contact Information | Government-Issued Identification | Financial Account Information | Health-Related Information,False,,ambiguous,True,no,7458,likely_non_responsive,,False,False,0,0,0,0,0,0,3.781,True,False,False,stage1_nr,False,,,0,False,,False,,7458
CNG_Data2k/files/Q00897.01-0000900504.PDF,Q00897.01-0000900504.PDF,.pdf,15375,ok,True,False,text,False,2,0,1,False,0,False,0-10,Money/Amount,False,Financial Account Information,False,,clear_non_responsive,False,,0,likely_non_responsive,,False,False,0,0,0,0,0,0,0.071,True,False,False,stage1_nr,False,,,0,False,,False,,0
CNG_Data2k/files/Q00897.01-0000397126.MSG,Q00897.01-0000397126.MSG,.msg,193536,ok,True,False,text,False,0,6,7,False,4,False,0-10,Name | Address | Email | Phone | Money/Amount,True,Contact Information | Financial Account Information,False,,ambiguous,True,yes,10096,standard,bde_llm_count,False,False,0,0,0,0,0,0,6.312,False,False,True,,True,likely_no,no,5485,False,likely_non_responsive,True,,15581
CNG_Data2k/files/Q00897.01-0000125188.PDF,Q00897.01-0000125188.PDF,.pdf,3095995,ok,True,True,text,True,15,0,205,False,4,False,100+,Name | Address | Email | Phone | Money/Amount,True,Contact Information | Financial Account Information,False,,ambiguous,True,yes,20172,standard,bde_llm_count,True,True,15,0,0,0,0,1,15.621,False,False,True,,True,likely_no,no,10588,True,likely_non_responsive,True,,30760
CNG_Data2k/files/Q00897.01-0000278824.PDF,Q00897.01-0000278824.PDF,.pdf,1088683,ok,True,True,text,True,2,0,12,False,2,False,10-20,Name | Address | Phone | Money/Amount,True,Contact Information | Financial Account Information,False,,ambiguous,True,yes,10213,standard,bde_llm_count,True,True,2,0,0,0,0,1,11.163,False,False,True,,True,likely_no,no,5552,False,likely_non_responsive,True,,15765
CNG_Data2k/files/Q00897.01-0000540341.0001.PDF,Q00897.01-0000540341.0001.PDF,.pdf,22565,ok,True,False,text,False,1,0,1,False,0,False,0-10,Money/Amount,False,Financial Account Information,False,,clear_non_responsive,False,,0,likely_non_responsive,,False,False,0,0,0,0,0,0,0.025,True,False,False,stage1_nr,False,,,0,False,,False,,0
CNG_Data2k/files/Q00897.01-0000885073.PDF,Q00897.01-0000885073.PDF,.pdf,360185,ok,True,False,text,False,82,0,30,False,0,False,20-50,Phone | Card/Transaction | Money/Amount,True,Contact Information | Financial Account Information,False,,ambiguous,True,no,27246,likely_non_responsive,bde_llm_count,False,False,0,0,0,0,0,0,5.353,True,False,False,stage1_nr,False,,,0,False,,False,,27246
CNG_Data2k/files/Q00897.01-0000001538.PDF,Q00897.01-0000001538.PDF,.pdf,956878,ok,True,False,text,False,1,0,3,False,0,False,0-10,Name | Address | Email | Phone | SSN | Money/Amount | Work-Related,True,Contact Information | Government-Issued Identification | Financial Account Information | Work-Related Information,False,,clear_responsive,False,,0,standard,,False,False,0,0,0,0,0,0,5.887,False,False,True,,True,clear_yes,yes,8219,False,standard,False,,8219
CNG_Data2k/files/Q00897.01-0000392793.MSG,Q00897.01-0000392793.MSG,.msg,145408,ok,True,False,text,False,0,0,2,False,0,False,0-10,Name | Address | Email | Phone | Money/Amount,True,Contact Information | Financial Account Information,False,,ambiguous,True,yes,4551,standard,,False,False,0,0,0,0,0,0,6.653,False,False,True,,True,borderline,no,4620,False,likely_non_responsive,True,,9171
CNG_Data2k/files/Q00897.01-0000912171.PDF,Q00897.01-0000912171.PDF,.pdf,33807,ok,True,True,text,True,2,0,62,False,1,True,50-100,Name | Address | Phone | Money/Amount,True,Contact Information | Financial Account Information,True,,ambiguous,True,yes,7936,structured_bde,bde_llm_count_roster,True,True,2,0,0,0,0,1,9.443,False,True,True,,True,clear_yes,yes,4440,True,structured_bde,False,,12376
CNG_Data2k/files/Q00897.01-0000654893.MSG,Q00897.01-0000654893.MSG,.msg,136192,ok,True,False,text,False,0,1,2,False,0,False,0-10,Name | Address | Email | Phone | Money/Amount,True,Contact Information | Financial Account Information,False,,ambiguous,True,yes,3838,standard,,False,False,0,0,0,0,0,0,2.213,False,False,True,,True,likely_no,no,3904,False,likely_non_responsive,True,,7742
CNG_Data2k/files/Q00897.01-0000895241.PDF,Q00897.01-0000895241.PDF,.pdf,13711,ok,True,False,text,False,2,0,14,False,14,False,10-20,Name | Address,True,Contact Information,False,,ambiguous,True,yes,9391,standard,bde_llm_count_roster,False,False,0,0,0,0,0,0,5.446,False,False,True,,True,clear_yes,yes,5165,False,standard,False,,14556
CNG_Data2k/files/Q00897.01-0000843192.MSG,Q00897.01-0000843192.MSG,.msg,39936,error,False,False,,False,0,0,0,False,0,False,,,False,,False,,,False,,0,review_error,KeyError,False,False,0,0,0,0,0,0,0.493,False,False,False,extract_error,False,,,0,False,,False,,0
CNG_Data2k/files/Q00897.01-0000283448.PDF,Q00897.01-0000283448.PDF,.pdf,491918,ok,True,True,text,True,4,0,6,False,2,False,0-10,Name | Address | Phone | Date of Birth | Money/Amount | Health,True,Contact Information | Birth Information | Financial Account Information | Health-Related Information,False,,ambiguous,True,yes,8648,standard,bde_llm_count,True,True,4,0,0,0,0,1,11.529,False,False,True,,True,clear_yes,yes,4821,False,standard,False,,13469
CNG_Data2k/files/Q00897.01-0000846199.MSG,Q00897.01-0000846199.MSG,.msg,716288,timeout,False,False,,False,0,0,0,False,0,False,,,False,,False,,,False,,0,review_error,per_file_timeout,False,False,0,0,0,0,0,0,60.154,False,False,False,timeout,False,,,0,False,,False,,0
CNG_Data2k/files/Q00897.01-0000612023.0002.DOCX,Q00897.01-0000612023.0002.DOCX,.docx,36055,ok,True,False,text,False,0,0,2,False,0,False,0-10,Name | Address | Email | Phone | Card/Transaction,True,Contact Information | Financial Account Information,False,,ambiguous,True,yes,3955,standard,,False,False,0,0,0,0,0,0,2.471,False,False,True,,True,clear_yes,yes,4042,False,standard,False,,7997
CNG_Data2k/files/Q00897.01-0000830582.MSG,Q00897.01-0000830582.MSG,.msg,129536,ok,True,False,text,False,0,1,2,False,0,False,0-10,Name | Address | Email | Phone | Money/Amount,True,Contact Information | Financial Account Information,False,,ambiguous,True,yes,4236,standard,,False,False,0,0,0,0,0,0,3.124,False,False,True,,True,clear_yes,yes,4319,False,standard,False,,8555
CNG_Data2k/files/Q00897.01-0000893377.PDF,Q00897.01-0000893377.PDF,.pdf,312847,ok,True,False,text,False,45,0,22,False,5,False,20-50,Address | Phone | SSN | Money/Amount | Work-Related,True,Contact Information | Government-Issued Identification | Financial Account Information | Work-Related Information,False,,clear_responsive,False,,13833,standard,bde_llm_count_roster,False,False,0,0,0,0,0,0,10.319,False,False,True,,True,clear_yes,yes,14757,False,standard,False,,28590
CNG_Data2k/files/Q00897.01-0000275003.XLSX,Q00897.01-0000275003.XLSX,.xlsx,364323,ok,True,True,text,True,10,0,119,False,2,False,100+,Name | Phone | Payment Card | Money/Amount,True,Contact Information | Financial Account Information,False,,ambiguous,True,no,14189,likely_non_responsive,bde_llm_count,False,False,0,0,0,0,0,0,3.101,True,False,False,stage1_nr,False,,,0,False,,False,,14189
CNG_Data2k/files/Q00897.01-0000020629.XLSX,Q00897.01-0000020629.XLSX,.xlsx,30383,ok,True,True,text,True,3,0,164,False,164,True,100+,Name | Money/Amount,False,Financial Account Information,True,,ambiguous,True,yes,10934,structured_bde,roster_by_rowcount bde_llm_count_roster,False,False,0,0,0,0,0,0,5.219,False,True,True,,True,clear_yes,yes,5949,True,structured_bde,False,,16883
CNG_Data2k/files/Q00897.01-0000642556.MSG,Q00897.01-0000642556.MSG,.msg,21504,ok,True,False,text,False,0,0,0,False,0,False,0-10,,False,,False,,clear_non_responsive,False,,0,likely_non_responsive,,False,False,0,0,0,0,0,0,0.029,True,False,False,stage1_nr,False,,,0,False,,False,,0
CNG_Data2k/files/Q00897.01-0000426208.MSG,Q00897.01-0000426208.MSG,.msg,217600,ok,True,False,text,False,0,0,2,False,0,False,0-10,Address | Email | Phone | Money/Amount | Credentials,True,Contact Information | Financial Account Information | Access Credentials,False,,ambiguous,True,no,3992,likely_non_responsive,,False,False,0,0,0,0,0,0,2.614,True,False,False,stage1_nr,False,,,0,False,,False,,3992
CNG_Data2k/files/Q00897.01-0000913811.PDF,Q00897.01-0000913811.PDF,.pdf,228254,ok,True,False,text,False,45,0,3,False,0,False,0-10,Address | SSN | Money/Amount | Work-Related,True,Contact Information | Government-Issued Identification | Financial Account Information | Work-Related Information,False,,clear_responsive,False,,0,standard,,False,False,0,0,0,0,0,0,3.436,False,False,True,,True,clear_yes,yes,14160,False,standard,False,,14160
CNG_Data2k/files/Q00897.01-0000816179.0001.PDF,Q00897.01-0000816179.0001.PDF,.pdf,158933,ok,True,False,text,False,6,0,2,False,0,False,0-10,Name | Address | Phone | Money/Amount | Health,True,Contact Information | Financial Account Information | Health-Related Information,False,,ambiguous,True,no,7600,likely_non_responsive,,False,False,0,0,0,0,0,0,1.175,True,False,False,stage1_nr,False,,,0,False,,False,,7600
CNG_Data2k/files/Q00897.01-0000529695.0001.PDF,Q00897.01-0000529695.0001.PDF,.pdf,39388,ok,True,False,text,False,13,0,31,False,10,False,20-50,Name | Address | Card/Transaction | Money/Amount,True,Contact Information | Financial Account Information,False,,ambiguous,True,no,26556,likely_non_responsive,bde_llm_count,False,False,0,0,0,0,0,0,65.123,True,False,False,stage1_nr,False,,,0,False,,False,,26556
CNG_Data2k/files/Q00897.01-0000440793.0001.PDF,Q00897.01-0000440793.0001.PDF,.pdf,68334,ok,True,False,text,False,23,0,40,False,40,False,20-50,Name | Address | Card/Transaction | Money/Amount,True,Contact Information | Financial Account Information,False,,ambiguous,True,yes,31236,standard,bde_llm_count_roster,False,False,0,0,0,0,0,0,8.843,False,False,True,,True,clear_no,no,15904,False,likely_non_responsive,True,,47140
CNG_Data2k/files/Q00897.01-0000532112.0001.PDF,Q00897.01-0000532112.0001.PDF,.pdf,22568,ok,True,False,text,False,1,0,1,False,0,False,0-10,Money/Amount,False,Financial Account Information,False,,clear_non_responsive,False,,0,likely_non_responsive,,False,False,0,0,0,0,0,0,0.022,True,False,False,stage1_nr,False,,,0,False,,False,,0
CNG_Data2k/files/Q00897.01-0000566848.0001.CSV,Q00897.01-0000566848.0001.CSV,.csv,91033,ok,True,True,text,True,0,0,448,False,2,False,100+,Money/Amount,False,Financial Account Information,False,,ambiguous,True,no,15737,likely_non_responsive,roster_by_rowcount bde_llm_count,False,False,0,0,0,0,0,0,2.537,True,False,False,stage1_nr,False,,,0,False,,False,,15737
CNG_Data2k\files\Q00897.01-0000126637.XLS,Q00897.01-0000126637.XLS,.xls,12676,ok,True,True,text,True,1,0,1,False,1,False,0-10,Name | Address | Bank/Account Number,True,Contact Information | Financial Account Information,False,,ambiguous,True,yes,3370,standard,bde_llm_count,False,False,0,0,0,0,0,0,4.751,False,False,True,,True,likely_yes,yes,2304,False,standard,False,,5674
CNG_Data2k/files/Q00897.01-0000110007.XLSX,Q00897.01-0000110007.XLSX,.xlsx,133397,ok,True,True,text,True,16,0,79,False,0,False,50-100,Phone,True,Contact Information,False,,ambiguous,True,no,7620,likely_non_responsive,bde_llm_count,False,False,0,0,0,0,0,0,2.576,True,False,False,stage1_nr,False,,,0,False,,False,,7620
CNG_Data2k/files/Q00897.01-0000571648.MSG,Q00897.01-0000571648.MSG,.msg,196096,ok,True,False,text,False,0,0,1,False,0,False,0-10,Name | Address,True,Contact Information,False,,ambiguous,True,no,4277,likely_non_responsive,,False,False,0,0,0,0,0,0,1.904,True,False,False,stage1_nr,False,,,0,False,,False,,4277
CNG_Data2k/files/Q00897.01-0000014750.XLSX,Q00897.01-0000014750.XLSX,.xlsx,174227,ok,True,True,text,True,3,0,349,False,349,True,100+,Name | Money/Amount,False,Financial Account Information,True,,ambiguous,True,yes,12191,structured_bde,bde_llm_count_roster,False,False,0,0,0,0,0,0,4.963,False,True,True,,True,clear_yes,yes,6577,True,structured_bde,False,,18768
CNG_Data2k/files/Q00897.01-0000483643.MSG,Q00897.01-0000483643.MSG,.msg,39936,ok,True,False,text,False,0,0,12,False,0,False,10-20,Name | Email | Money/Amount,True,Contact Information | Financial Account Information,False,,ambiguous,True,no,7426,likely_non_responsive,bde_llm_count,False,False,0,0,0,0,0,0,2.531,True,False,False,stage1_nr,False,,,0,False,,False,,7426
CNG_Data2k/files/Q00897.01-0000902186.PDF,Q00897.01-0000902186.PDF,.pdf,66443,ok,True,False,text,False,14,0,3,False,0,False,0-10,Name | Address | Phone | Work-Related,True,Contact Information | Work-Related Information,False,,ambiguous,True,yes,14188,standard,,False,False,0,0,0,0,0,0,5.497,False,False,True,,True,clear_yes,yes,14222,False,standard,False,,28410
CNG_Data2k/files/Q00897.01-0000887141.PDF,Q00897.01-0000887141.PDF,.pdf,185003,ok,True,False,text,False,1,0,2,False,0,False,0-10,Name | Address | Money/Amount,True,Contact Information | Financial Account Information,False,,ambiguous,True,no,3928,likely_non_responsive,,False,False,0,0,0,0,0,0,1.596,True,False,False,stage1_nr,False,,,0,False,,False,,3928
CNG_Data2k/files/Q00897.01-0000868992.TXT,Q00897.01-0000868992.TXT,.txt,48081,ok,True,False,text,False,0,0,7,False,2,False,0-10,Address | Phone | Money/Amount,True,Contact Information | Financial Account Information,False,,ambiguous,True,yes,31046,standard,bde_llm_count,False,False,0,0,0,0,0,0,63.384,False,False,True,,True,likely_no,no,16009,False,likely_non_responsive,True,,47055
CNG_Data2k/files/Q00897.01-0000846226.MSG,Q00897.01-0000846226.MSG,.msg,28672,error,False,False,,False,0,0,0,False,0,False,,,False,,False,,,False,,0,review_error,MalformedRtf,False,False,0,0,0,0,0,0,0.374,False,False,False,extract_error,False,,,0,False,,False,,0
CNG_Data2k/files/Q00897.01-0000891679.PDF,Q00897.01-0000891679.PDF,.pdf,30686,ok,True,True,text,True,4,0,106,False,3,True,100+,Name | Address | Phone | Money/Amount | Work-Related,True,Contact Information | Financial Account Information | Work-Related Information,True,,ambiguous,True,yes,11117,structured_bde,bde_llm_count_roster,True,True,4,0,0,0,0,1,10.372,False,True,True,,True,clear_yes,yes,6050,True,structured_bde,False,,17167
CNG_Data2k/files/Q00897.01-0000542852.0001.PDF,Q00897.01-0000542852.0001.PDF,.pdf,672964,ok,True,False,text,False,4,0,1,False,0,False,0-10,Money/Amount,False,Financial Account Information,False,,clear_non_responsive,False,,0,likely_non_responsive,,False,False,0,0,0,0,0,0,3.905,True,False,False,stage1_nr,False,,,0,False,,False,,0
CNG_Data2k/files/Q00897.01-0000671137.MSG,Q00897.01-0000671137.MSG,.msg,44544,ok,True,False,text,False,0,0,3,False,0,False,0-10,Name | Phone,True,Contact Information,False,,ambiguous,True,no,3851,likely_non_responsive,,False,False,0,0,0,0,0,0,1.165,True,False,False,stage1_nr,False,,,0,False,,False,,3851
CNG_Data2k/files/Q00897.01-0000908033.PDF,Q00897.01-0000908033.PDF,.pdf,9694,ok,True,False,text,False,1,0,0,False,0,False,0-10,,False,,False,,clear_non_responsive,False,,0,likely_non_responsive,,False,False,0,0,0,0,0,0,0.055,True,False,False,stage1_nr,False,,,0,False,,False,,0
CNG_Data2k/files/Q00897.01-0000746229.MSG,Q00897.01-0000746229.MSG,.msg,186880,ok,True,False,text,False,0,1,2,False,0,False,0-10,Name | Address | Phone | Card/Transaction | Money/Amount,True,Contact Information | Financial Account Information,False,,ambiguous,True,yes,4339,standard,,False,False,0,0,0,0,0,0,2.594,False,False,True,,True,likely_no,no,4406,False,likely_non_responsive,True,,8745
CNG_Data2k/files/Q00897.01-0000654456.MSG,Q00897.01-0000654456.MSG,.msg,211456,ok,True,False,text,False,0,4,1,False,0,False,0-10,Name | Email | Phone,True,Contact Information,False,,ambiguous,True,no,4018,likely_non_responsive,,False,False,0,0,0,0,0,0,1.642,True,False,False,stage1_nr,False,,,0,False,,False,,4018
CNG_Data2k/files/Q00897.01-0000051312.PDF,Q00897.01-0000051312.PDF,.pdf,32115,ok,True,False,text,False,2,0,8,False,1,False,0-10,Name | Address | Email | Phone | Bank/Account Number | Money/Amount,True,Contact Information | Financial Account Information,False,,ambiguous,True,yes,8605,standard,"img_ocr:p1,p2(2/2,+10chars) bde_llm_count",False,False,0,2,2,2,0,2,12.877,False,False,True,,True,likely_no,no,4792,False,likely_non_responsive,True,,13397
CNG_Data2k/files/Q00897.01-0000007109.PDF,Q00897.01-0000007109.PDF,.pdf,332212,ok,True,True,text,True,4,0,5,False,0,False,0-10,Address | Phone | Bank/Account Number | Money/Amount,True,Contact Information | Financial Account Information,False,,ambiguous,True,no,8368,likely_non_responsive,bde_llm_count,True,True,4,0,0,0,0,1,7.534,True,False,False,stage1_nr,False,,,0,False,,False,,8368
CNG_Data2k/files/Q00897.01-0000012058.PDF,Q00897.01-0000012058.PDF,.pdf,420068,ok,True,False,text,False,1,0,1,False,0,False,0-10,Address | Money/Amount | Work-Related,True,Contact Information | Financial Account Information | Work-Related Information,False,,ambiguous,True,yes,4279,standard,,False,False,0,0,0,0,0,0,3.39,False,False,True,,True,borderline,no,4361,False,likely_non_responsive,True,,8640
CNG_Data2k/files/Q00897.01-0000474503.0007.PDF,Q00897.01-0000474503.0007.PDF,.pdf,863191,ok,True,False,text,False,1,0,5,False,0,False,0-10,Address | Phone | Money/Amount,True,Contact Information | Financial Account Information,False,,ambiguous,True,no,3860,likely_non_responsive,,True,True,1,0,0,0,0,1,5.702,True,False,False,stage1_nr,False,,,0,False,,False,,3860
CNG_Data2k/files/Q00897.01-0000796478.0007.PDF,Q00897.01-0000796478.0007.PDF,.pdf,1147537,ok,True,True,text,True,15,0,7,False,6,False,0-10,Name | Work-Related,False,Work-Related Information,False,,ambiguous,True,yes,16771,standard,bde_llm_count,True,True,15,0,0,0,0,1,71.987,False,False,True,,True,borderline,no,8863,False,likely_non_responsive,True,,25634
CNG_Data2k/files/Q00897.01-0000292427.XLSX,Q00897.01-0000292427.XLSX,.xlsx,3380874,ok,True,True,text,True,6,0,5222,False,5222,True,100+,Name,False,,True,,ambiguous,True,yes,8246,structured_bde,bde_llm_count_roster,False,False,0,0,0,0,0,0,12.896,False,True,True,,True,likely_yes,yes,4724,True,structured_bde,False,,12970
CNG_Data2k/files/Q00897.01-0000528454.0001.PDF,Q00897.01-0000528454.0001.PDF,.pdf,22569,ok,True,False,text,False,1,0,1,False,0,False,0-10,Money/Amount,False,Financial Account Information,False,,clear_non_responsive,False,,0,likely_non_responsive,,False,False,0,0,0,0,0,0,0.034,True,False,False,stage1_nr,False,,,0,False,,False,,0
CNG_Data2k/files/Q00897.01-0000000375.PDF,Q00897.01-0000000375.PDF,.pdf,238015,ok,True,False,text,False,3,0,3,False,0,False,0-10,Name | Money/Amount | Health,False,Financial Account Information | Health-Related Information,False,,ambiguous,True,yes,4779,standard,,False,False,0,0,0,0,0,0,6.184,False,False,True,,True,likely_yes,yes,4852,False,standard,False,,9631
CNG_Data2k/files/Q00897.01-0000293741.PDF,Q00897.01-0000293741.PDF,.pdf,4172689,ok,True,False,text,False,29,0,1,False,0,False,0-10,Money/Amount,False,Financial Account Information,False,,clear_non_responsive,False,,0,likely_non_responsive,,False,False,0,0,0,0,0,0,4.108,True,False,False,stage1_nr,False,,,0,False,,False,,0
CNG_Data2k/files/Q00897.01-0000267022.XLSX,Q00897.01-0000267022.XLSX,.xlsx,10841,ok,True,True,text,True,1,0,12,False,0,False,10-20,Phone | Money/Amount,True,Contact Information | Financial Account Information,False,,ambiguous,True,no,7987,likely_non_responsive,bde_llm_count,False,False,0,0,0,0,0,0,2.306,True,False,False,stage1_nr,False,,,0,False,,False,,7987
CNG_Data2k/files/Q00897.01-0000372805.MSG,Q00897.01-0000372805.MSG,.msg,399872,ok,True,False,text,False,0,0,19,False,1,False,10-20,Name | Email | Money/Amount,True,Contact Information | Financial Account Information,False,,ambiguous,True,yes,8776,standard,bde_llm_count,False,False,0,0,0,0,0,0,4.929,False,False,True,,True,clear_no,no,4839,False,likely_non_responsive,True,,13615
CNG_Data2k/files/Q00897.01-0000246209.PDF,Q00897.01-0000246209.PDF,.pdf,1124091,ok,True,False,text,False,4,0,5,False,0,False,0-10,Name | Address | Email | Phone | Money/Amount,True,Contact Information | Financial Account Information,False,,ambiguous,True,no,4604,likely_non_responsive,,False,False,0,0,0,0,0,0,2.034,True,False,False,stage1_nr,False,,,0,False,,False,,4604
CNG_Data2k/files/Q00897.01-0000005039.PDF,Q00897.01-0000005039.PDF,.pdf,59813,ok,True,False,text,False,9,0,2,False,0,False,0-10,Name | Address | Email | Phone | Date of Birth | Card Expiry/CVV | Money/Amount | Family | Work-Related,True,Contact Information | Birth Information | Financial Account Information | Family Information | Work-Related Information,False,,ambiguous,True,yes,7140,standard,,False,False,0,0,0,0,0,0,2.78,False,False,True,,True,clear_yes,yes,7121,False,standard,False,,14261
CNG_Data2k/files/Q00897.01-0000291327.PDF,Q00897.01-0000291327.PDF,.pdf,41960,ok,True,True,text,True,1,0,1,False,1,False,0-10,Name,False,,False,,ambiguous,True,yes,6647,standard,bde_llm_count,True,True,1,0,0,0,0,1,8.197,False,False,True,,True,borderline,no,3801,False,likely_non_responsive,True,,10448
CNG_Data2k/files/Q00897.01-0000657917.0004.PDF,Q00897.01-0000657917.0004.PDF,.pdf,134459,ok,True,False,text,False,1,0,1,False,0,False,0-10,Name | Phone | Tax ID | Bank/Account Number | Money/Amount,True,Contact Information | Government-Issued Identification | Financial Account Information,False,,ambiguous,True,no,4137,likely_non_responsive,,False,False,0,0,0,0,0,0,1.421,True,False,False,stage1_nr,False,,,0,False,,False,,4137
CNG_Data2k/files/Q00897.01-0000100516.PDF,Q00897.01-0000100516.PDF,.pdf,130935,ok,True,False,text,False,3,0,5,False,0,False,0-10,Name | Address | Money/Amount,True,Contact Information | Financial Account Information,False,,ambiguous,True,yes,7434,standard,,False,False,0,0,0,0,0,0,3.16,False,False,True,,True,clear_no,no,7422,False,likely_non_responsive,True,,14856
CNG_Data2k/files/Q00897.01-0000341802.DOCX,Q00897.01-0000341802.DOCX,.docx,15376,ok,True,False,text,False,0,0,1,False,0,False,0-10,Name | Money/Amount,True,Financial Account Information,False,,ambiguous,True,yes,3922,standard,,False,False,0,0,0,0,0,0,3.067,False,False,True,,True,likely_no,no,4032,False,likely_non_responsive,True,,7954
CNG_Data2k/files/Q00897.01-0000331246.PDF,Q00897.01-0000331246.PDF,.pdf,422630,ok,True,False,text,False,7,0,2,False,0,False,0-10,Name | Address | Bank/Account Number | Money/Amount,True,Contact Information | Financial Account Information,False,,ambiguous,True,yes,6193,standard,"img_ocr:p3(1/1,+262chars)",False,False,0,1,1,1,0,1,7.268,False,False,True,,True,likely_no,no,6259,False,likely_non_responsive,True,,12452
CNG_Data2k/files/Q00897.01-0000499085.0002.TXT,Q00897.01-0000499085.0002.TXT,.txt,373,ok,True,False,text,False,0,0,1,False,0,False,0-10,Card/Transaction,False,Financial Account Information,False,,ambiguous,True,no,3770,likely_non_responsive,,False,False,0,0,0,0,0,0,0.985,True,False,False,stage1_nr,False,,,0,False,,False,,3770
CNG_Data2k/files/Q00897.01-0000893272.PDF,Q00897.01-0000893272.PDF,.pdf,65436,ok,True,True,text,True,12,0,249,False,11,True,100+,Name | Address | Phone | Money/Amount,True,Contact Information | Financial Account Information,True,,ambiguous,True,yes,19065,structured_bde,bde_llm_count_roster,True,True,12,0,0,0,0,1,13.255,False,True,True,,True,clear_yes,yes,9972,True,structured_bde,False,,29037
CNG_Data2k/files/Q00897.01-0000892334.PDF,Q00897.01-0000892334.PDF,.pdf,199276,ok,True,False,text,False,30,0,9,False,5,False,0-10,Address | Phone | SSN | Money/Amount | Work-Related,True,Contact Information | Government-Issued Identification | Financial Account Information | Work-Related Information,False,,clear_responsive,False,,13776,standard,bde_llm_count_roster,False,False,0,0,0,0,0,0,6.866,False,False,True,,True,clear_yes,yes,14723,False,standard,False,,28499
CNG_Data2k/files/Q00897.01-0000340556.XLSX,Q00897.01-0000340556.XLSX,.xlsx,11718,ok,True,True,text,True,1,0,0,False,0,False,0-10,Money/Amount,False,Financial Account Information,False,,ambiguous,True,no,9032,structured_unreadable,bde_llm_count,False,False,0,0,0,0,0,0,3.173,False,False,True,,True,clear_no,no,5008,False,likely_non_responsive,True,,14040
CNG_Data2k/files/Q00897.01-0000534546.0001.PDF,Q00897.01-0000534546.0001.PDF,.pdf,22573,ok,True,False,text,False,1,0,1,False,0,False,0-10,Money/Amount,False,Financial Account Information,False,,clear_non_responsive,False,,0,likely_non_responsive,,False,False,0,0,0,0,0,0,0.028,True,False,False,stage1_nr,False,,,0,False,,False,,0
CNG_Data2k/files/Q00897.01-0000646545.MSG,Q00897.01-0000646545.MSG,.msg,200192,ok,True,False,text,False,0,3,0,False,0,False,0-10,,False,,False,,clear_non_responsive,False,,0,likely_non_responsive,,False,False,0,0,0,0,0,0,0.058,True,False,False,stage1_nr,False,,,0,False,,False,,0
CNG_Data2k/files/Q00897.01-0000896379.PDF,Q00897.01-0000896379.PDF,.pdf,19605,ok,True,False,text,False,3,0,2,False,0,False,0-10,Name | Address | Phone | Money/Amount,True,Contact Information | Financial Account Information,False,,ambiguous,True,yes,5929,standard,,False,False,0,0,0,0,0,0,2.666,False,False,True,,True,likely_yes,yes,6009,False,standard,False,,11938
CNG_Data2k/files/Q00897.01-0000373776.MSG,Q00897.01-0000373776.MSG,.msg,387584,ok,True,False,text,False,0,0,1,False,0,False,0-10,Email | Phone | Money/Amount,True,Contact Information | Financial Account Information,False,,ambiguous,True,no,5284,likely_non_responsive,,False,False,0,0,0,0,0,0,2.21,True,False,False,stage1_nr,False,,,0,False,,False,,5284
CNG_Data2k/files/Q00897.01-0000747375.MSG,Q00897.01-0000747375.MSG,.msg,127488,ok,True,False,text,False,0,0,8,False,2,False,0-10,Name | Email | Phone | Money/Amount | Work-Related,True,Contact Information | Financial Account Information | Work-Related Information,False,,ambiguous,True,no,14817,likely_non_responsive,bde_llm_count,False,False,0,0,0,0,0,0,5.61,True,False,False,stage1_nr,False,,,0,False,,False,,14817
CNG_Data2k/files/Q00897.01-0000246559.PDF,Q00897.01-0000246559.PDF,.pdf,293686,ok,True,True,text,True,1,0,2,False,0,False,0-10,Name | Bank/Account Number | Money/Amount,True,Financial Account Information,False,,ambiguous,True,no,6850,likely_non_responsive,bde_llm_count,True,True,1,0,0,0,0,1,6.717,True,False,False,stage1_nr,False,,,0,False,,False,,6850
CNG_Data2k/files/Q00897.01-0000112118.XLSX,Q00897.01-0000112118.XLSX,.xlsx,34121,ok,True,True,text,True,1,0,573,False,0,False,100+,Payment Card | Work-Related,True,Financial Account Information | Work-Related Information,False,,ambiguous,True,no,8391,likely_non_responsive,roster_by_rowcount bde_llm_count,False,False,0,0,0,0,0,0,3.038,True,False,False,stage1_nr,False,,,0,False,,False,,8391
CNG_Data2k/files/Q00897.01-0000611867.MSG,Q00897.01-0000611867.MSG,.msg,125440,ok,True,False,text,False,0,5,1,False,0,False,0-10,Name | Email | Phone | Money/Amount,True,Contact Information | Financial Account Information,False,,ambiguous,True,no,5546,likely_non_responsive,,False,False,0,0,0,0,0,0,1.751,True,False,False,stage1_nr,False,,,0,False,,False,,5546
CNG_Data2k/files/Q00897.01-0000899084.PDF,Q00897.01-0000899084.PDF,.pdf,15365,ok,True,False,text,False,2,0,1,False,0,False,0-10,Money/Amount,False,Financial Account Information,False,,clear_non_responsive,False,,0,likely_non_responsive,,False,False,0,0,0,0,0,0,0.088,True,False,False,stage1_nr,False,,,0,False,,False,,0
CNG_Data2k/files/Q00897.01-0000279557.PDF,Q00897.01-0000279557.PDF,.pdf,294318,ok,True,False,text,False,2,0,1,False,0,False,0-10,Name | Address | Phone | Bank/Account Number | Money/Amount,True,Contact Information | Financial Account Information,False,,ambiguous,True,yes,5401,standard,,False,False,0,0,0,0,0,0,5.135,False,False,True,,True,clear_yes,yes,5448,False,standard,False,,10849
CNG_Data2k/files/Q00897.01-0000580561.0001.CSV,Q00897.01-0000580561.0001.CSV,.csv,9958870,ok,True,True,text,True,0,0,48144,False,0,False,100+,Money/Amount,False,Financial Account Information,False,,ambiguous,True,no,15770,likely_non_responsive,roster_by_rowcount bde_llm_count,False,False,0,0,0,0,0,0,4.173,True,False,False,stage1_nr,False,,,0,False,,False,,15770
CNG_Data2k/files/Q00897.01-0000914602.PDF,Q00897.01-0000914602.PDF,.pdf,808522,ok,True,False,text,False,8,0,4,False,0,False,0-10,Name | Address | Email | Phone | Bank/Account Number | Money/Amount,True,Contact Information | Financial Account Information,False,,ambiguous,True,yes,5545,standard,"img_ocr:p3(1/1,+7chars)",False,False,0,1,1,1,0,1,8.693,False,False,True,,True,likely_no,no,5607,False,likely_non_responsive,True,,11152
CNG_Data2k/files/Q00897.01-0000838986.MSG,Q00897.01-0000838986.MSG,.msg,224768,ok,True,False,text,False,0,1,20,False,8,False,10-20,Name | Address | Email | Phone | Card/Transaction | Money/Amount | Credentials,True,Contact Information | Financial Account Information | Access Credentials,False,,ambiguous,True,yes,20624,standard,bde_llm_count,False,False,0,0,0,0,0,0,8.606,False,False,True,,True,likely_yes,yes,10802,False,standard,False,,31426
CNG_Data2k/files/Q00897.01-0000415789.0001.XLSX,Q00897.01-0000415789.0001.XLSX,.xlsx,24842,ok,True,True,text,True,1,0,274,False,0,False,100+,Phone | Money/Amount,True,Contact Information | Financial Account Information,False,,ambiguous,True,no,8288,likely_non_responsive,roster_by_rowcount bde_llm_count,False,False,0,0,0,0,0,0,2.27,True,False,False,stage1_nr,False,,,0,False,,False,,8288
CNG_Data2k/files/Q00897.01-0000360161.MSG,Q00897.01-0000360161.MSG,.msg,412672,ok,True,False,text,False,0,0,1,False,0,False,0-10,Email,True,Contact Information,False,,ambiguous,True,no,4763,likely_non_responsive,,False,False,0,0,0,0,0,0,4.194,True,False,False,stage1_nr,False,,,0,False,,False,,4763
CNG_Data2k/files/Q00897.01-0000778570.MSG,Q00897.01-0000778570.MSG,.msg,115712,ok,True,False,text,False,0,0,3,False,0,False,0-10,Name | Card Expiry/CVV,False,Financial Account Information,False,,ambiguous,True,yes,4109,standard,,False,False,0,0,0,0,0,0,2.303,False,False,True,,True,borderline,no,4188,False,likely_non_responsive,True,,8297
CNG_Data2k/files/Q00897.01-0000694308.0008.PDF,Q00897.01-0000694308.0008.PDF,.pdf,263240,ok,True,True,text,True,6,0,8,False,1,False,0-10,Name,False,,False,,ambiguous,True,no,15925,likely_non_responsive,bde_llm_count,True,True,6,0,0,0,0,1,12.237,True,False,False,stage1_nr,False,,,0,False,,False,,15925
CNG_Data2k/files/Q00897.01-0000788843.MSG,Q00897.01-0000788843.MSG,.msg,201216,ok,True,False,text,False,0,0,6,False,0,False,0-10,Name | Address | Email | Phone | Card/Transaction | Money/Amount,True,Contact Information | Financial Account Information,False,,ambiguous,True,yes,4365,standard,,False,False,0,0,0,0,0,0,3.915,False,False,True,,True,likely_no,no,4399,False,likely_non_responsive,True,,8764
CNG_Data2k/files/Q00897.01-0000017459.PDF,Q00897.01-0000017459.PDF,.pdf,128641,ok,True,False,text,False,1,0,1,False,0,False,0-10,Phone | Money/Amount,True,Contact Information | Financial Account Information,False,,ambiguous,True,yes,4168,standard,,False,False,0,0,0,0,0,0,3.147,False,False,True,,True,likely_yes,yes,4233,False,standard,False,,8401
CNG_Data2k/files/Q00897.01-0000071633.PDF,Q00897.01-0000071633.PDF,.pdf,509751,ok,True,True,text,True,1,0,25,False,0,False,20-50,Address | Email | Phone | Card/Transaction | Money/Amount,True,Contact Information | Financial Account Information,False,,ambiguous,True,no,8437,likely_non_responsive,bde_llm_count,True,True,1,0,0,0,0,1,6.474,True,False,False,stage1_nr,False,,,0,False,,False,,8437
CNG_Data2k/files/Q00897.01-0000453493.0001.0006.XLSX,Q00897.01-0000453493.0001.0006.XLSX,.xlsx,153579,ok,True,True,text,True,15,0,65,False,0,False,50-100,Phone | Bank/Account Number | Money/Amount,True,Contact Information | Financial Account Information,False,,ambiguous,True,no,9200,likely_non_responsive,bde_llm_count,False,False,0,0,0,0,0,0,2.54,True,False,False,stage1_nr,False,,,0,False,,False,,9200
CNG_Data2k/files/Q00897.01-0000345752.PDF,Q00897.01-0000345752.PDF,.pdf,27960,ok,True,False,text,False,6,0,1,False,0,False,0-10,Name | Address | Money/Amount,True,Contact Information | Financial Account Information,False,,ambiguous,True,yes,6526,standard,,False,False,0,0,0,0,0,0,3.523,False,False,True,,True,clear_yes,yes,6564,False,standard,False,,13090
CNG_Data2k/files/Q00897.01-0000246842.PDF,Q00897.01-0000246842.PDF,.pdf,278420,ok,True,False,text,False,2,0,3,False,0,False,0-10,Phone | Money/Amount,True,Contact Information | Financial Account Information,False,,ambiguous,True,no,4191,likely_non_responsive,"img_ocr:p2(1/1,+4chars)",False,False,0,1,1,1,0,1,5.578,True,False,False,stage1_nr,False,,,0,False,,False,,4191
CNG_Data2k/files/Q00897.01-0000270789.DOCX,Q00897.01-0000270789.DOCX,.docx,24829,ok,True,False,text,False,0,0,1,False,0,False,0-10,Health,False,Health-Related Information,False,,ambiguous,True,no,5723,likely_non_responsive,,False,False,0,0,0,0,0,0,1.891,True,False,False,stage1_nr,False,,,0,False,,False,,5723
CNG_Data2k/files/Q00897.01-0000765655.0002.PDF,Q00897.01-0000765655.0002.PDF,.pdf,77591,ok,True,False,text,False,1,0,1,False,0,False,0-10,Name,False,,False,,ambiguous,True,no,3929,likely_non_responsive,,False,False,0,0,0,0,0,0,0.889,True,False,False,stage1_nr,False,,,0,False,,False,,3929
CNG_Data2k/files/Q00897.01-0000258312.PDF,Q00897.01-0000258312.PDF,.pdf,457528,ok,True,False,text,False,6,0,2,False,0,False,0-10,Name | Address | Bank/Account Number | Money/Amount,True,Contact Information | Financial Account Information,False,,ambiguous,True,yes,6158,standard,"img_ocr:p3(1/1,+301chars)",False,False,0,1,1,1,0,1,8.249,False,False,True,,True,likely_yes,yes,6230,False,standard,False,,12388
CNG_Data2k/files/Q00897.01-0000285594.PDF,Q00897.01-0000285594.PDF,.pdf,1767370,ok,True,True,text,True,15,0,166,False,0,False,100+,Money/Amount,False,Financial Account Information,False,,ambiguous,True,no,20421,likely_non_responsive,bde_llm_count,True,True,15,0,0,0,0,1,12.086,True,False,False,stage1_nr,False,,,0,False,,False,,20421
CNG_Data2k/files/Q00897.01-0000901285.PDF,Q00897.01-0000901285.PDF,.pdf,12677,ok,True,False,text,False,2,0,1,False,0,False,0-10,Money/Amount,False,Financial Account Information,False,,clear_non_responsive,False,,0,likely_non_responsive,,False,False,0,0,0,0,0,0,0.123,True,False,False,stage1_nr,False,,,0,False,,False,,0
CNG_Data2k/files/Q00897.01-0000236688.0001.PDF,Q00897.01-0000236688.0001.PDF,.pdf,27758,ok,True,False,text,False,2,0,4,False,0,False,0-10,Name | Address | Email | Phone,True,Contact Information,False,,ambiguous,True,yes,5238,standard,,False,False,0,0,0,0,0,0,3.162,False,False,True,,True,likely_yes,yes,5243,False,standard,False,,10481
CNG_Data2k/files/Q00897.01-0000896633.PDF,Q00897.01-0000896633.PDF,.pdf,63837,ok,True,False,text,False,13,0,3,False,0,False,0-10,Name | Address | Phone | Money/Amount | Work-Related,True,Contact Information | Financial Account Information | Work-Related Information,False,,ambiguous,True,yes,14088,standard,,False,False,0,0,0,0,0,0,4.134,False,False,True,,True,clear_yes,yes,14093,False,standard,False,,28181
CNG_Data2k/files/Q00897.01-0000912517.PDF,Q00897.01-0000912517.PDF,.pdf,35139,ok,True,True,text,True,3,0,42,False,42,False,20-50,Address | Phone | SSN | Bank/Account Number | Money/Amount,True,Contact Information | Government-Issued Identification | Financial Account Information,False,,clear_responsive,False,,4131,standard,bde_llm_count_roster,True,True,3,0,0,0,0,1,9.93,False,False,True,,True,clear_yes,yes,5133,False,standard,False,,9264
CNG_Data2k/files/Q00897.01-0000274756.PDF,Q00897.01-0000274756.PDF,.pdf,1515258,ok,True,True,text,True,4,0,7,False,4,False,0-10,Name | Address | Email | Phone | Money/Amount | Student ID,True,Contact Information | Financial Account Information | Student-Related Information,False,,ambiguous,True,yes,13068,standard,bde_llm_count,True,True,4,0,0,0,0,1,12.106,False,False,True,,True,clear_yes,yes,6981,False,standard,False,,20049
CNG_Data2k/files/Q00897.01-0000279644.PDF,Q00897.01-0000279644.PDF,.pdf,102356,ok,True,False,text,False,1,0,2,False,0,False,0-10,Name | Address | Phone | Card/Transaction | Money/Amount,True,Contact Information | Financial Account Information,False,,ambiguous,True,yes,3841,standard,,False,False,0,0,0,0,0,0,3.266,False,False,True,,True,likely_no,no,3906,False,likely_non_responsive,True,,7747
CNG_Data2k/files/Q00897.01-0000274597.PDF,Q00897.01-0000274597.PDF,.pdf,766132,ok,True,True,text,True,5,0,67,False,1,False,50-100,Name | Address | Email | Phone | Bank/Account Number | Card Expiry/CVV | Card/Transaction | Account Balance | Money/Amount | Health,True,Contact Information | Financial Account Information | Health-Related Information,False,,ambiguous,True,yes,12203,standard,bde_llm_count,True,True,5,0,0,0,0,1,10.08,False,False,True,,True,likely_yes,yes,6555,True,structured_bde,False,,18758
CNG_Data2k/files/Q00897.01-0000256262.PDF,Q00897.01-0000256262.PDF,.pdf,72652,ok,True,False,text,False,2,0,1,False,0,False,0-10,Name | Address | Phone | Money/Amount,True,Contact Information | Financial Account Information,False,,ambiguous,True,yes,4400,standard,,False,False,0,0,0,0,0,0,2.152,False,False,True,,True,clear_no,no,4462,False,likely_non_responsive,True,,8862
CNG_Data2k/files/Q00897.01-0000355990.PDF,Q00897.01-0000355990.PDF,.pdf,11114147,ok,True,True,text,True,15,0,150,False,0,False,100+,Money/Amount,False,Financial Account Information,False,,ambiguous,True,no,14558,likely_non_responsive,bde_llm_count,True,True,15,0,0,0,0,1,11.894,True,False,False,stage1_nr,False,,,0,False,,False,,14558
CNG_Data2k/files/Q00897.01-0000753745.MSG,Q00897.01-0000753745.MSG,.msg,80896,ok,True,False,text,False,0,0,2,False,0,False,0-10,Name | Address | Email | Phone | Money/Amount | Health,True,Contact Information | Financial Account Information | Health-Related Information,False,,ambiguous,True,no,4606,likely_non_responsive,,False,False,0,0,0,0,0,0,1.485,True,False,False,stage1_nr,False,,,0,False,,False,,4606
CNG_Data2k/files/Q00897.01-0000759763.MSG,Q00897.01-0000759763.MSG,.msg,107008,ok,True,False,text,False,0,0,1,False,0,False,0-10,Money/Amount | Health | Demographic | Work-Related,False,Financial Account Information | Health-Related Information | Demographic Information | Work-Related Information,False,,ambiguous,True,no,6914,likely_non_responsive,,False,False,0,0,0,0,0,0,3.298,True,False,False,stage1_nr,False,,,0,False,,False,,6914
CNG_Data2k/files/Q00897.01-0000892783.PDF,Q00897.01-0000892783.PDF,.pdf,35726,ok,True,False,text,False,6,0,1,False,0,False,0-10,Money/Amount,False,Financial Account Information,False,,clear_non_responsive,False,,0,likely_non_responsive,,False,False,0,0,0,0,0,0,0.294,True,False,False,stage1_nr,False,,,0,False,,False,,0
CNG_Data2k/files/Q00897.01-0000357214.CSV,Q00897.01-0000357214.CSV,.csv,53702,ok,True,True,text,True,0,0,517,False,517,True,100+,Name | Phone | Money/Amount | Work-Related,True,Contact Information | Financial Account Information | Work-Related Information,True,,ambiguous,True,yes,9498,structured_bde,bde_llm_count_roster,False,False,0,0,0,0,0,0,64.885,False,True,True,,True,clear_yes,yes,5221,True,structured_bde,False,,14719
CNG_Data2k/files/Q00897.01-0000685739.MSG,Q00897.01-0000685739.MSG,.msg,161792,ok,True,False,text,False,0,0,1,False,0,False,0-10,Name | Address | Phone,True,Contact Information,False,,ambiguous,True,yes,4132,standard,,False,False,0,0,0,0,0,0,3.475,False,False,True,,True,likely_no,no,4199,False,likely_non_responsive,True,,8331
CNG_Data2k/files/Q00897.01-0000657629.MSG,Q00897.01-0000657629.MSG,.msg,137216,ok,True,False,text,False,0,2,1,False,0,False,0-10,Money/Amount,False,Financial Account Information,False,,clear_non_responsive,False,,0,likely_non_responsive,,False,False,0,0,0,0,0,0,0.183,True,False,False,stage1_nr,False,,,0,False,,False,,0
CNG_Data2k/files/Q00897.01-0000328155.PDF,Q00897.01-0000328155.PDF,.pdf,300879,ok,True,False,text,False,4,0,5,False,0,False,0-10,Name | Address | Money/Amount,True,Contact Information | Financial Account Information,False,,ambiguous,True,no,5029,likely_non_responsive,,True,True,4,0,0,0,0,1,6.845,True,False,False,stage1_nr,False,,,0,False,,False,,5029
CNG_Data2k/files/Q00897.01-0000016687.PDF,Q00897.01-0000016687.PDF,.pdf,759569,ok,True,True,text,True,5,0,125,False,125,True,100+,Name | Phone | Account Balance | Money/Amount | Work-Related,True,Contact Information | Financial Account Information | Work-Related Information,True,,ambiguous,True,yes,12988,structured_bde,bde_llm_count_roster,True,True,5,0,0,0,0,1,11.87,False,True,True,,True,clear_yes,yes,6957,True,structured_bde,False,,19945
CNG_Data2k/files/Q00897.01-0000611573.0001.PPTX,Q00897.01-0000611573.0001.PPTX,.pptx,1677469,ok,True,False,text,False,3,0,1,False,0,False,0-10,Money/Amount | Health,False,Financial Account Information | Health-Related Information,False,,ambiguous,True,no,4219,likely_non_responsive,,False,False,0,0,0,0,0,0,1.627,True,False,False,stage1_nr,False,,,0,False,,False,,4219
CNG_Data2k/files/Q00897.01-0000254054.XLSX,Q00897.01-0000254054.XLSX,.xlsx,70188,ok,True,True,text,True,2,0,1302,False,0,False,100+,Phone | Payment Card | Money/Amount,True,Contact Information | Financial Account Information,False,,ambiguous,True,no,12137,likely_non_responsive,roster_by_rowcount bde_llm_count,False,False,0,0,0,0,0,0,2.69,True,False,False,stage1_nr,False,,,0,False,,False,,12137
CNG_Data2k/files/Q00897.01-0000688064.MSG,Q00897.01-0000688064.MSG,.msg,161792,ok,True,False,text,False,0,0,0,False,0,False,0-10,,False,,False,,clear_non_responsive,False,,0,likely_non_responsive,,False,False,0,0,0,0,0,0,0.834,True,False,False,stage1_nr,False,,,0,False,,False,,0
CNG_Data2k/files/Q00897.01-0000811957.0002.PDF,Q00897.01-0000811957.0002.PDF,.pdf,341438,ok,True,False,text,False,1,0,3,False,0,False,0-10,Name | Address | Phone | Money/Amount,True,Contact Information | Financial Account Information,False,,ambiguous,True,no,4010,likely_non_responsive,,False,False,0,0,0,0,0,0,1.084,True,False,False,stage1_nr,False,,,0,False,,False,,4010
CNG_Data2k/files/Q00897.01-0000840136.0001.DOCX,Q00897.01-0000840136.0001.DOCX,.docx,482796,ok,True,False,text,False,0,0,5,False,0,False,0-10,Name | Address | Money/Amount | Health | Work-Related,True,Contact Information | Financial Account Information | Health-Related Information | Work-Related Information,False,,ambiguous,True,yes,6106,standard,,False,False,0,0,0,0,0,0,2.708,False,False,True,,True,likely_no,no,6130,False,likely_non_responsive,True,,12236
CNG_Data2k/files/Q00897.01-0000137012.PDF,Q00897.01-0000137012.PDF,.pdf,11094612,ok,True,True,text,True,15,0,272,False,0,False,100+,Name | Address | Email | Phone | Money/Amount,True,Contact Information | Financial Account Information,False,,ambiguous,True,yes,22566,standard,bde_llm_count,True,True,15,0,0,0,0,1,16.281,False,False,True,,True,clear_no,no,11646,True,likely_non_responsive,True,,34212
CNG_Data2k/files/Q00897.01-0000916249.PDF,Q00897.01-0000916249.PDF,.pdf,235688,ok,True,False,text,False,2,0,2,False,0,False,0-10,Name | Money/Amount | Work-Related,False,Financial Account Information | Work-Related Information,False,,ambiguous,True,yes,4260,standard,,False,False,0,0,0,0,0,0,2.688,False,False,True,,True,clear_yes,yes,4333,False,standard,False,,8593
CNG_Data2k\files\Q00897.01-0000016999.XLS,Q00897.01-0000016999.XLS,.xls,70085,ok,True,True,text,True,2,0,4,False,4,False,0-10,Name | Money/Amount,False,Financial Account Information,False,,ambiguous,True,yes,3757,standard,bde_llm_count_roster,False,False,0,0,0,0,0,0,4.701,False,False,True,,True,likely_yes,yes,2498,False,standard,False,,6255
CNG_Data2k/files/Q00897.01-0000250855.XLSX,Q00897.01-0000250855.XLSX,.xlsx,513172,ok,True,True,text,True,1,0,12546,False,0,False,100+,,False,,False,,ambiguous,True,no,9509,likely_non_responsive,roster_by_rowcount bde_llm_count,False,False,0,0,0,0,0,0,4.934,True,False,False,stage1_nr,False,,,0,False,,False,,9509
CNG_Data2k/files/Q00897.01-0000860667.PDF,Q00897.01-0000860667.PDF,.pdf,99597,ok,True,False,text,False,2,0,0,False,0,False,0-10,,False,,False,,clear_non_responsive,False,,0,likely_non_responsive,"img_ocr:none(1 calls,0 chars)",False,False,0,1,1,0,0,1,4.24,True,False,False,stage1_nr,False,,,0,False,,False,,0
CNG_Data2k/files/Q00897.01-0000911336.PDF,Q00897.01-0000911336.PDF,.pdf,213149,ok,True,False,text,False,27,0,62,False,62,True,50-100,Name | Phone | Money/Amount,True,Contact Information | Financial Account Information,True,,ambiguous,True,yes,35122,bde,bde_llm_count_roster,False,False,0,0,0,0,0,0,12.801,False,True,True,,True,clear_yes,yes,18197,True,bde,False,,53319
CNG_Data2k/files/Q00897.01-0000253828.TXT,Q00897.01-0000253828.TXT,.txt,13860,ok,True,False,text,False,0,0,1,False,0,False,0-10,Money/Amount,False,Financial Account Information,False,,clear_non_responsive,False,,0,likely_non_responsive,,False,False,0,0,0,0,0,0,0.026,True,False,False,stage1_nr,False,,,0,False,,False,,0
CNG_Data2k\files\Q00897.01-0000851631.XLS,Q00897.01-0000851631.XLS,.xls,22145,ok,True,True,text,True,1,0,66,False,1,False,50-100,Money/Amount,False,Financial Account Information,False,,ambiguous,True,no,3692,likely_non_responsive,roster_by_rowcount bde_llm_count,False,False,0,0,0,0,0,0,2.45,True,False,False,stage1_nr,False,,,0,False,,False,,3692
CNG_Data2k/files/Q00897.01-0000133241.PDF,Q00897.01-0000133241.PDF,.pdf,524840,ok,True,True,text,True,3,0,35,False,0,False,20-50,Phone | Money/Amount,True,Contact Information | Financial Account Information,False,,ambiguous,True,no,8239,likely_non_responsive,bde_llm_count,True,True,3,0,0,0,0,1,8.74,True,False,False,stage1_nr,False,,,0,False,,False,,8239
CNG_Data2k/files/Q00897.01-0000654825.MSG,Q00897.01-0000654825.MSG,.msg,45568,ok,True,False,text,False,0,0,4,False,0,False,0-10,Name | Address | Phone,True,Contact Information,False,,ambiguous,True,yes,3839,standard,,False,False,0,0,0,0,0,0,2.833,False,False,True,,True,likely_no,no,3913,False,likely_non_responsive,True,,7752
CNG_Data2k/files/Q00897.01-0000795167.MSG,Q00897.01-0000795167.MSG,.msg,3543552,ok,True,False,text,False,0,1,6,False,0,False,0-10,Name | Address | Phone | Money/Amount,True,Contact Information | Financial Account Information,False,,ambiguous,True,no,5135,likely_non_responsive,,False,False,0,0,0,0,0,0,2.409,True,False,False,stage1_nr,False,,,0,False,,False,,5135
CNG_Data2k/files/Q00897.01-0000897837.PDF,Q00897.01-0000897837.PDF,.pdf,11824,ok,True,False,text,False,1,0,0,False,0,False,0-10,,False,,False,,clear_non_responsive,False,,0,likely_non_responsive,,False,False,0,0,0,0,0,0,0.032,True,False,False,stage1_nr,False,,,0,False,,False,,0
CNG_Data2k/files/Q00897.01-0000659097.0003.DOCX,Q00897.01-0000659097.0003.DOCX,.docx,12919,ok,True,False,text,False,0,0,2,False,0,False,0-10,Name | Account Balance | Money/Amount,False,Financial Account Information,False,,ambiguous,True,no,3863,likely_non_responsive,,False,False,0,0,0,0,0,0,1.242,True,False,False,stage1_nr,False,,,0,False,,False,,3863
CNG_Data2k/files/Q00897.01-0000658859.MSG,Q00897.01-0000658859.MSG,.msg,170496,ok,True,False,text,False,0,1,21,False,0,False,20-50,Name | Phone,True,Contact Information,False,,ambiguous,True,no,7955,likely_non_responsive,bde_llm_count,False,False,0,0,0,0,0,0,3.116,True,False,False,stage1_nr,False,,,0,False,,False,,7955
CNG_Data2k/files/Q00897.01-0000811683.0001.PDF,Q00897.01-0000811683.0001.PDF,.pdf,694248,ok,True,False,text,False,4,0,4,False,0,False,0-10,Name | Address | Money/Amount,True,Contact Information | Financial Account Information,False,,ambiguous,True,no,6453,likely_non_responsive,,True,True,4,0,0,0,0,1,6.984,True,False,False,stage1_nr,False,,,0,False,,False,,6453
CNG_Data2k/files/Q00897.01-0000661735.MSG,Q00897.01-0000661735.MSG,.msg,92672,ok,True,False,text,False,0,0,3,False,0,False,0-10,Name | Address | Email | Phone | Card/Transaction | Money/Amount,True,Contact Information | Financial Account Information,False,,ambiguous,True,no,4361,likely_non_responsive,,False,False,0,0,0,0,0,0,2.585,True,False,False,stage1_nr,False,,,0,False,,False,,4361
CNG_Data2k/files/Q00897.01-0000503286.MSG,Q00897.01-0000503286.MSG,.msg,41984,ok,True,False,text,False,0,1,15,False,9,False,10-20,Name | Address | Email | Phone | Money/Amount,True,Contact Information | Financial Account Information,False,,ambiguous,True,no,8674,likely_non_responsive,bde_llm_count,False,False,0,0,0,0,0,0,3.32,True,False,False,stage1_nr,False,,,0,False,,False,,8674
CNG_Data2k/files/Q00897.01-0000546980.0001.XLSX,Q00897.01-0000546980.0001.XLSX,.xlsx,202991,ok,True,True,text,True,6,0,306,False,18,False,100+,Name | Phone | Money/Amount,True,Contact Information | Financial Account Information,False,,ambiguous,True,yes,10837,standard,bde_llm_count,False,False,0,0,0,0,0,0,8.869,False,False,True,,True,clear_no,no,5901,True,likely_non_responsive,True,,16738
CNG_Data2k/files/Q00897.01-0000892828.PDF,Q00897.01-0000892828.PDF,.pdf,11828,ok,True,False,text,False,1,0,0,False,0,False,0-10,,False,,False,,clear_non_responsive,False,,0,likely_non_responsive,,False,False,0,0,0,0,0,0,0.035,True,False,False,stage1_nr,False,,,0,False,,False,,0
CNG_Data2k/files/Q00897.01-0000128953.PDF,Q00897.01-0000128953.PDF,.pdf,462644,ok,True,True,text,True,3,0,51,False,0,False,50-100,Phone | Money/Amount,True,Contact Information | Financial Account Information,False,,ambiguous,True,no,8884,likely_non_responsive,bde_llm_count,True,True,3,0,0,0,0,1,7.629,True,False,False,stage1_nr,False,,,0,False,,False,,8884
CNG_Data2k/files/Q00897.01-0000426086.MSG,Q00897.01-0000426086.MSG,.msg,413696,ok,True,False,text,False,0,1,1,False,0,False,0-10,Name | Address | Email | Phone | Money/Amount,True,Contact Information | Financial Account Information,False,,ambiguous,True,no,4121,likely_non_responsive,,False,False,0,0,0,0,0,0,1.513,True,False,False,stage1_nr,False,,,0,False,,False,,4121
CNG_Data2k/files/Q00897.01-0000670935.0001.XLSX,Q00897.01-0000670935.0001.XLSX,.xlsx,30307,ok,True,True,text,True,1,0,218,False,0,True,100+,Phone | Card/Transaction | Money/Amount,True,Contact Information | Financial Account Information,True,,ambiguous,True,no,11849,structured_bde,roster_by_rowcount bde_llm_count_roster,False,False,0,0,0,0,0,0,2.968,False,True,True,,True,clear_no,no,6385,True,likely_non_responsive,True,,18234
CNG_Data2k/files/Q00897.01-0000011973.PDF,Q00897.01-0000011973.PDF,.pdf,368764,ok,True,False,text,False,2,0,6,False,0,False,0-10,Name | Address | Email | Phone,True,Contact Information,False,,ambiguous,True,yes,5995,standard,"img_ocr:p2(1/1,+188chars)",False,False,0,1,1,1,0,1,11.275,False,False,True,,True,likely_yes,yes,6029,False,standard,False,,12024
CNG_Data2k/files/Q00897.01-0000856187.XLSX,Q00897.01-0000856187.XLSX,.xlsx,20523,ok,True,True,text,True,2,0,112,False,112,True,100+,SSN | Work-Related,True,Government-Issued Identification | Work-Related Information,True,,clear_responsive,False,,5696,structured_bde,bde_llm_count_roster,False,False,0,0,0,0,0,0,3.543,False,True,True,,True,clear_yes,yes,6647,True,structured_bde,False,,12343
CNG_Data2k/files/Q00897.01-0000834438.MSG,Q00897.01-0000834438.MSG,.msg,936960,ok,True,False,text,False,0,1,1,False,0,False,0-10,Name,False,,False,,ambiguous,True,yes,3787,standard,,False,False,0,0,0,0,0,0,2.099,False,False,True,,True,borderline,no,3841,False,likely_non_responsive,True,,7628
CNG_Data2k/files/Q00897.01-0000254857.XLSX,Q00897.01-0000254857.XLSX,.xlsx,8896679,ok,True,True,text,True,14,0,136,False,0,False,100+,Phone | Money/Amount,True,Contact Information | Financial Account Information,False,,ambiguous,True,no,7891,likely_non_responsive,bde_llm_count,False,False,0,0,0,0,0,0,3.789,True,False,False,stage1_nr,False,,,0,False,,False,,7891
CNG_Data2k/files/Q00897.01-0000892715.PDF,Q00897.01-0000892715.PDF,.pdf,21248,ok,True,False,text,False,5,0,1,False,0,False,0-10,Name | Address | Phone | Money/Amount,True,Contact Information | Financial Account Information,False,,ambiguous,True,yes,6141,standard,,False,False,0,0,0,0,0,0,3.575,False,False,True,,True,likely_no,no,6217,False,likely_non_responsive,True,,12358
CNG_Data2k/files/Q00897.01-0000838478.MSG,Q00897.01-0000838478.MSG,.msg,1801216,ok,True,False,text,False,0,8,0,False,0,False,0-10,,False,,False,,clear_non_responsive,False,,0,likely_non_responsive,,False,False,0,0,0,0,0,0,0.304,True,False,False,stage1_nr,False,,,0,False,,False,,0
CNG_Data2k/files/Q00897.01-0000799559.MSG,Q00897.01-0000799559.MSG,.msg,170496,ok,True,False,text,False,0,0,5,False,0,False,0-10,Name | Address | Email | Phone | Money/Amount,True,Contact Information | Financial Account Information,False,,ambiguous,True,yes,6685,standard,,False,False,0,0,0,0,0,0,3.719,False,False,True,,True,likely_yes,yes,6800,False,standard,False,,13485
CNG_Data2k/files/Q00897.01-0000907293.PDF,Q00897.01-0000907293.PDF,.pdf,25872,ok,True,False,text,False,4,0,1,False,0,False,0-10,Name | Address | Money/Amount,True,Contact Information | Financial Account Information,False,,ambiguous,True,yes,6275,standard,,False,False,0,0,0,0,0,0,4.453,False,False,True,,True,clear_yes,yes,6346,False,standard,False,,12621
CNG_Data2k/files/Q00897.01-0000907125.PDF,Q00897.01-0000907125.PDF,.pdf,12162,ok,True,False,text,False,1,0,0,False,0,False,0-10,,False,,False,,clear_non_responsive,False,,0,likely_non_responsive,,False,False,0,0,0,0,0,0,0.034,True,False,False,stage1_nr,False,,,0,False,,False,,0
CNG_Data2k/files/Q00897.01-0000905832.PDF,Q00897.01-0000905832.PDF,.pdf,2957867,ok,True,True,text,True,15,0,346,False,9,True,100+,Address | Phone | SSN | Money/Amount | Work-Related,True,Contact Information | Government-Issued Identification | Financial Account Information | Work-Related Information,True,,clear_responsive,False,,12045,structured_bde,bde_llm_count_roster,True,True,15,0,0,0,0,1,86.964,False,True,True,,True,clear_yes,yes,12896,True,structured_bde,False,,24941
CNG_Data2k/files/Q00897.01-0000903453.PDF,Q00897.01-0000903453.PDF,.pdf,12656,ok,True,False,text,False,2,0,1,False,0,False,0-10,Money/Amount,False,Financial Account Information,False,,clear_non_responsive,False,,0,likely_non_responsive,,False,False,0,0,0,0,0,0,0.129,True,False,False,stage1_nr,False,,,0,False,,False,,0
CNG_Data2k/files/Q00897.01-0000913503.PDF,Q00897.01-0000913503.PDF,.pdf,38027,ok,True,True,text,True,2,0,27,False,14,False,20-50,Address | Phone | SSN | Money/Amount,True,Contact Information | Government-Issued Identification | Financial Account Information,False,,clear_responsive,False,,3861,standard,bde_llm_count_roster,True,True,2,0,0,0,0,1,8.85,False,False,True,,True,clear_yes,yes,4725,False,standard,False,,8586
CNG_Data2k/files/Q00897.01-0000545479.MSG,Q00897.01-0000545479.MSG,.msg,104448,ok,True,False,text,False,0,0,8,False,2,False,0-10,Name | Biometric,False,Biometric Data,False,,ambiguous,True,yes,7155,standard,bde_llm_count,False,False,0,0,0,0,0,0,5.184,False,False,True,,True,likely_no,no,4039,False,likely_non_responsive,True,,11194
CNG_Data2k/files/Q00897.01-0000902336.PDF,Q00897.01-0000902336.PDF,.pdf,11807,ok,True,False,text,False,1,0,0,False,0,False,0-10,,False,,False,,clear_non_responsive,False,,0,likely_non_responsive,,False,False,0,0,0,0,0,0,0.032,True,False,False,stage1_nr,False,,,0,False,,False,,0
CNG_Data2k/files/Q00897.01-0000393016.MSG,Q00897.01-0000393016.MSG,.msg,70144,ok,True,False,text,False,0,0,1,False,0,False,0-10,Name | Address,True,Contact Information,False,,ambiguous,True,no,5323,likely_non_responsive,,False,False,0,0,0,0,0,0,1.413,True,False,False,stage1_nr,False,,,0,False,,False,,5323
CNG_Data2k/files/Q00897.01-0000272673.PDF,Q00897.01-0000272673.PDF,.pdf,656654,ok,True,True,text,True,15,0,144,False,2,False,100+,Name | Address | Email | Phone | Money/Amount | Health | Work-Related,True,Contact Information | Financial Account Information | Health-Related Information | Work-Related Information,False,,ambiguous,True,yes,18899,standard,bde_llm_count,True,True,15,0,0,0,0,1,12.373,False,False,True,,True,likely_yes,yes,9906,True,structured_bde,False,,28805
CNG_Data2k/files/Q00897.01-0000123354.PDF,Q00897.01-0000123354.PDF,.pdf,6833737,ok,True,True,text,True,15,0,132,False,6,False,100+,Name | Address | Phone | Bank/Account Number | Money/Amount,True,Contact Information | Financial Account Information,False,,ambiguous,True,yes,19301,standard,bde_llm_count,True,True,15,0,0,0,0,1,13.69,False,False,True,,True,likely_no,no,10102,True,likely_non_responsive,True,,29403
CNG_Data2k/files/Q00897.01-0000895451.PDF,Q00897.01-0000895451.PDF,.pdf,61931,ok,True,False,text,False,13,0,3,False,0,False,0-10,Name | Address | Phone | Money/Amount | Work-Related,True,Contact Information | Financial Account Information | Work-Related Information,False,,ambiguous,True,yes,14034,standard,,False,False,0,0,0,0,0,0,4.716,False,False,True,,True,clear_yes,yes,14077,False,standard,False,,28111
CNG_Data2k/files/Q00897.01-0000562223.0001.XLSX,Q00897.01-0000562223.0001.XLSX,.xlsx,65332,ok,True,True,text,True,1,0,473,False,473,True,100+,Phone | Payment Card | Money/Amount,True,Contact Information | Financial Account Information,True,,ambiguous,True,no,17906,structured_bde,roster_by_rowcount bde_llm_count_roster,False,False,0,0,0,0,0,0,4.337,False,True,True,,True,clear_no,no,9421,True,likely_non_responsive,True,,27327
CNG_Data2k/files/Q00897.01-0000292534.PDF,Q00897.01-0000292534.PDF,.pdf,1313,ok,True,False,text,False,1,0,1,False,0,False,0-10,Name | Money/Amount,True,Financial Account Information,False,,ambiguous,True,yes,3796,standard,,False,False,0,0,0,0,0,0,3.126,False,False,True,,True,likely_yes,yes,3835,False,standard,False,,7631
CNG_Data2k/files/Q00897.01-0000691810.MSG,Q00897.01-0000691810.MSG,.msg,208896,ok,True,False,text,False,0,1,0,False,0,False,0-10,,False,,False,,clear_non_responsive,False,,0,likely_non_responsive,,False,False,0,0,0,0,0,0,0.917,True,False,False,stage1_nr,False,,,0,False,,False,,0
CNG_Data2k/files/Q00897.01-0000001898.PDF,Q00897.01-0000001898.PDF,.pdf,57408,ok,True,False,text,False,3,0,1,False,0,False,0-10,Name | Bank/Account Number,True,Financial Account Information,False,,ambiguous,True,yes,3915,standard,,False,False,0,0,0,0,0,0,3.589,False,False,True,,True,clear_yes,yes,3967,False,standard,False,,7882
CNG_Data2k/files/Q00897.01-0000855284.PDF,Q00897.01-0000855284.PDF,.pdf,62046,ok,True,True,text,True,1,0,8,False,1,False,0-10,Name | Phone | Bank/Account Number,True,Contact Information | Financial Account Information,False,,ambiguous,True,yes,6747,standard,bde_llm_count,True,True,1,0,0,0,0,1,7.97,False,False,True,,True,likely_yes,yes,3857,False,standard,False,,10604
CNG_Data2k/files/Q00897.01-0000288730.XLSX,Q00897.01-0000288730.XLSX,.xlsx,644176,ok,True,True,text,True,1,0,77,False,0,False,50-100,Name | Bank/Account Number | Money/Amount,True,Financial Account Information,False,,ambiguous,True,yes,8315,standard,roster_by_rowcount bde_llm_count,False,False,0,0,0,0,0,0,3.26,False,False,True,,True,likely_no,no,4626,True,likely_non_responsive,True,,12941
CNG_Data2k/files/Q00897.01-0000340428.XLSX,Q00897.01-0000340428.XLSX,.xlsx,123288,ok,True,True,text,True,3,0,369,False,0,False,100+,Address | Phone | Money/Amount,True,Contact Information | Financial Account Information,False,,ambiguous,True,no,20288,likely_non_responsive,bde_llm_count,False,False,0,0,0,0,0,0,8.716,True,False,False,stage1_nr,False,,,0,False,,False,,20288
CNG_Data2k/files/Q00897.01-0000286187.PDF,Q00897.01-0000286187.PDF,.pdf,471266,ok,True,False,text,False,3,0,5,False,0,False,0-10,Name | Address | Phone,True,Contact Information,False,,ambiguous,True,no,4215,likely_non_responsive,,True,True,3,0,0,0,0,1,6.597,True,False,False,stage1_nr,False,,,0,False,,False,,4215
CNG_Data2k/files/Q00897.01-0000675499.MSG,Q00897.01-0000675499.MSG,.msg,99840,ok,True,False,text,False,0,1,10,False,5,False,0-10,Name | Address | Email | Phone,True,Contact Information,False,,ambiguous,True,yes,11477,standard,bde_llm_count,False,False,0,0,0,0,0,0,5.8,False,False,True,,True,likely_no,no,6173,False,likely_non_responsive,True,,17650
CNG_Data2k/files/Q00897.01-0000900464.PDF,Q00897.01-0000900464.PDF,.pdf,15375,ok,True,False,text,False,2,0,1,False,0,False,0-10,Money/Amount,False,Financial Account Information,False,,clear_non_responsive,False,,0,likely_non_responsive,,False,False,0,0,0,0,0,0,0.073,True,False,False,stage1_nr,False,,,0,False,,False,,0
CNG_Data2k/files/Q00897.01-0000253831.TXT,Q00897.01-0000253831.TXT,.txt,24673,ok,True,False,text,False,0,0,1,False,0,False,0-10,Money/Amount,False,Financial Account Information,False,,clear_non_responsive,False,,0,likely_non_responsive,,False,False,0,0,0,0,0,0,0.037,True,False,False,stage1_nr,False,,,0,False,,False,,0
CNG_Data2k/files/Q00897.01-0000808610.MSG,Q00897.01-0000808610.MSG,.msg,135680,ok,True,False,text,False,0,0,5,False,0,False,0-10,Name | Address | Email,True,Contact Information,False,,ambiguous,True,yes,5061,standard,,False,False,0,0,0,0,0,0,63.625,False,False,True,,True,clear_no,no,5111,False,likely_non_responsive,True,,10172
CNG_Data2k/files/Q00897.01-0000535697.0001.PDF,Q00897.01-0000535697.0001.PDF,.pdf,22663,ok,True,False,text,False,1,0,1,False,0,False,0-10,Money/Amount,False,Financial Account Information,False,,clear_non_responsive,False,,0,likely_non_responsive,,False,False,0,0,0,0,0,0,0.035,True,False,False,stage1_nr,False,,,0,False,,False,,0
CNG_Data2k/files/Q00897.01-0000672508.MSG,Q00897.01-0000672508.MSG,.msg,125952,ok,True,False,text,False,0,1,2,False,0,False,0-10,Name | Address | Email | Phone,True,Contact Information,False,,ambiguous,True,no,3894,likely_non_responsive,,False,False,0,0,0,0,0,0,1.328,True,False,False,stage1_nr,False,,,0,False,,False,,3894
CNG_Data2k/files/Q00897.01-0000614733.MSG,Q00897.01-0000614733.MSG,.msg,115200,ok,True,False,text,False,0,0,9,False,6,False,0-10,Name | Address | Email | Phone | Money/Amount,True,Contact Information | Financial Account Information,False,,ambiguous,True,yes,10948,standard,bde_llm_count,False,False,0,0,0,0,0,0,6.387,False,False,True,,True,likely_yes,yes,5947,False,standard,False,,16895
CNG_Data2k/files/Q00897.01-0000830414.MSG,Q00897.01-0000830414.MSG,.msg,73216,ok,True,False,text,False,0,0,5,False,0,False,0-10,Name | Address | Email | Phone | Demographic,True,Contact Information | Demographic Information,False,,ambiguous,True,yes,6091,standard,,False,False,0,0,0,0,0,0,3.6,False,False,True,,True,likely_yes,yes,6132,False,standard,False,,12223
CNG_Data2k/files/Q00897.01-0000081604.PDF,Q00897.01-0000081604.PDF,.pdf,464996,ok,True,True,text,True,1,0,8,False,0,False,0-10,Phone | SSN | Money/Amount,True,Contact Information | Government-Issued Identification | Financial Account Information,False,,clear_responsive,False,,3524,standard,bde_llm_count,True,True,1,0,0,0,0,1,7.619,False,False,True,,True,likely_no,no,4383,False,likely_non_responsive,True,,7907
CNG_Data2k/files/Q00897.01-0000575530.0001.CSV,Q00897.01-0000575530.0001.CSV,.csv,10183135,ok,True,True,text,True,0,0,49235,False,0,False,100+,Money/Amount,False,Financial Account Information,False,,ambiguous,True,no,15778,likely_non_responsive,roster_by_rowcount bde_llm_count,False,False,0,0,0,0,0,0,3.962,True,False,False,stage1_nr,False,,,0,False,,False,,15778
CNG_Data2k/files/Q00897.01-0000543655.0001.PDF,Q00897.01-0000543655.0001.PDF,.pdf,22557,ok,True,False,text,False,1,0,1,False,0,False,0-10,Money/Amount,False,Financial Account Information,False,,clear_non_responsive,False,,0,likely_non_responsive,,False,False,0,0,0,0,0,0,0.028,True,False,False,stage1_nr,False,,,0,False,,False,,0
CNG_Data2k/files/Q00897.01-0000113005.PDF,Q00897.01-0000113005.PDF,.pdf,879156,ok,True,False,text,False,4,0,2,False,0,False,0-10,Name | Address | Email | Card Expiry/CVV | Money/Amount | Health,True,Contact Information | Financial Account Information | Health-Related Information,False,,ambiguous,True,no,4972,likely_non_responsive,,False,False,0,0,0,0,0,0,1.6,True,False,False,stage1_nr,False,,,0,False,,False,,4972
CNG_Data2k/files/Q00897.01-0000838773.MSG,Q00897.01-0000838773.MSG,.msg,315392,ok,True,False,text,False,0,4,12,False,10,False,10-20,Name | Address | Email | Phone,True,Contact Information,False,,ambiguous,True,yes,19376,standard,bde_llm_count,False,False,0,0,0,0,0,0,8.291,False,False,True,,True,clear_yes,yes,10169,False,standard,False,,29545
CNG_Data2k/files/Q00897.01-0000243714.PDF,Q00897.01-0000243714.PDF,.pdf,234646,ok,True,True,text,True,2,0,60,False,1,False,50-100,Name | Phone | Account Balance | Money/Amount,True,Contact Information | Financial Account Information,False,,ambiguous,True,yes,8267,standard,bde_llm_count,True,True,2,0,0,0,0,1,11.494,False,False,True,,True,likely_no,no,4620,True,likely_non_responsive,True,,12887
CNG_Data2k/files/Q00897.01-0000451424.MSG,Q00897.01-0000451424.MSG,.msg,365568,ok,True,False,text,False,0,0,3,False,0,False,0-10,Name | Address | Money/Amount,True,Contact Information | Financial Account Information,False,,ambiguous,True,no,6806,likely_non_responsive,,False,False,0,0,0,0,0,0,4.338,True,False,False,stage1_nr,False,,,0,False,,False,,6806
CNG_Data2k/files/Q00897.01-0000891261.PDF,Q00897.01-0000891261.PDF,.pdf,36848,ok,True,False,text,False,8,0,50,False,51,True,20-50,Name | Phone,True,Contact Information,True,,ambiguous,True,yes,15618,bde,bde_llm_count_roster,False,False,0,0,0,0,0,0,11.604,False,True,True,,True,likely_no,no,8476,False,likely_non_responsive,True,,24094
CNG_Data2k/files/Q00897.01-0000016212.PDF,Q00897.01-0000016212.PDF,.pdf,122079,ok,True,False,text,False,2,0,2,False,0,False,0-10,Name | Address | Phone | Money/Amount | Work-Related,True,Contact Information | Financial Account Information | Work-Related Information,False,,ambiguous,True,yes,4648,standard,,True,True,2,0,0,0,0,1,9.066,False,False,True,,True,clear_yes,yes,4723,False,standard,False,,9371
CNG_Data2k/files/Q00897.01-0000470768.0005.PDF,Q00897.01-0000470768.0005.PDF,.pdf,103715,ok,True,False,text,False,14,0,4,False,0,False,0-10,Name | Address | Email | Money/Amount,True,Contact Information | Financial Account Information,False,,ambiguous,True,yes,9074,standard,"img_ocr:p13,p13(2/2,+94chars)",False,False,0,2,2,2,0,2,11.527,False,False,True,,True,clear_yes,yes,9080,False,standard,False,,18154
CNG_Data2k/files/Q00897.01-0000250942.PDF,Q00897.01-0000250942.PDF,.pdf,1124906,ok,True,False,text,False,2,0,6,False,0,False,0-10,Name | Address | Email | Phone | Money/Amount,True,Contact Information | Financial Account Information,False,,ambiguous,True,no,4575,likely_non_responsive,"img_ocr:p1(1/1,+236chars)",False,False,0,1,1,1,0,1,6.058,True,False,False,stage1_nr,False,,,0,False,,False,,4575
CNG_Data2k/files/Q00897.01-0000305844.PDF,Q00897.01-0000305844.PDF,.pdf,214638,ok,True,False,text,False,22,0,1,False,0,False,0-10,Money/Amount,False,Financial Account Information,False,,clear_non_responsive,False,,0,likely_non_responsive,,False,False,0,0,0,0,0,0,2.338,True,False,False,stage1_nr,False,,,0,False,,False,,0
CNG_Data2k/files/Q00897.01-0000347167.PDF,Q00897.01-0000347167.PDF,.pdf,25722,ok,True,False,text,False,4,0,1,False,0,False,0-10,Address | Money/Amount,True,Contact Information | Financial Account Information,False,,ambiguous,True,yes,6156,standard,,False,False,0,0,0,0,0,0,2.872,False,False,True,,False,,yes,0,False,standard,False,llm_failed:RateLimitError,6156
CNG_Data2k/files/Q00897.01-0000813662.MSG,Q00897.01-0000813662.MSG,.msg,370688,ok,True,False,text,False,0,11,10,False,6,False,0-10,Name | Address | Email | Phone | Money/Amount,True,Contact Information | Financial Account Information,False,,ambiguous,True,yes,19260,standard,bde_llm_count,False,False,0,0,0,0,0,0,9.538,False,False,True,,True,likely_yes,yes,10121,False,standard,False,,29381
CNG_Data2k/files/Q00897.01-0000129358.PDF,Q00897.01-0000129358.PDF,.pdf,2869669,ok,True,True,text,True,15,0,43,False,0,False,20-50,Phone | Money/Amount,True,Contact Information | Financial Account Information,False,,ambiguous,True,no,13844,likely_non_responsive,bde_llm_count,True,True,15,0,0,0,0,1,11.294,True,False,False,stage1_nr,False,,,0,False,,False,,13844
CNG_Data2k/files/Q00897.01-0000442690.MSG,Q00897.01-0000442690.MSG,.msg,186368,ok,True,False,text,False,0,0,1,False,0,False,0-10,Address | Email | Phone,True,Contact Information,False,,ambiguous,True,no,4238,likely_non_responsive,,False,False,0,0,0,0,0,0,2.131,True,False,False,stage1_nr,False,,,0,False,,False,,4238
CNG_Data2k/files/Q00897.01-0000744013.MSG,Q00897.01-0000744013.MSG,.msg,495616,ok,True,False,text,False,0,0,9,False,4,False,0-10,Name | Address | Email | Phone | Money/Amount | Work-Related,True,Contact Information | Financial Account Information | Work-Related Information,False,,ambiguous,True,no,17216,likely_non_responsive,bde_llm_count,False,False,0,0,0,0,0,0,7.167,True,False,False,stage1_nr,False,,,0,False,,False,,17216
CNG_Data2k/files/Q00897.01-0000341423.DOCX,Q00897.01-0000341423.DOCX,.docx,29320,ok,True,False,text,False,0,0,3,False,0,False,0-10,Name | Address | Phone,True,Contact Information,False,,ambiguous,True,yes,3903,standard,,False,False,0,0,0,0,0,0,2.598,False,False,True,,True,clear_no,no,3946,False,likely_non_responsive,True,,7849
CNG_Data2k/files/Q00897.01-0000010342.PDF,Q00897.01-0000010342.PDF,.pdf,343593,ok,True,True,text,True,1,0,4,False,2,False,0-10,Name | Email | Money/Amount | Work-Related,True,Contact Information | Financial Account Information | Work-Related Information,False,,ambiguous,True,yes,7275,standard,bde_llm_count,True,True,1,0,0,0,0,1,9.12,False,False,True,,True,likely_yes,yes,4097,False,standard,False,,11372
CNG_Data2k/files/Q00897.01-0000005917.PDF,Q00897.01-0000005917.PDF,.pdf,61367,ok,True,False,text,False,1,0,0,False,0,False,0-10,,False,,False,,clear_non_responsive,False,,0,likely_non_responsive,,True,True,1,0,0,0,0,1,4.31,True,False,False,stage1_nr,False,,,0,False,,False,,0
CNG_Data2k/files/Q00897.01-0000673508.0002.CSV,Q00897.01-0000673508.0002.CSV,.csv,663,ok,True,True,text,True,0,0,0,False,0,False,0-10,Money/Amount,False,Financial Account Information,False,,ambiguous,True,no,6900,likely_non_responsive,bde_llm_count,False,False,0,0,0,0,0,0,1.973,True,False,False,stage1_nr,False,,,0,False,,False,,6900
CNG_Data2k/files/Q00897.01-0000874008.PDF,Q00897.01-0000874008.PDF,.pdf,114638,ok,True,False,text,False,3,0,0,False,0,False,0-10,,False,,False,,clear_non_responsive,False,,0,likely_non_responsive,,False,False,0,0,0,0,0,0,0.446,True,False,False,stage1_nr,False,,,0,False,,False,,0
CNG_Data2k/files/Q00897.01-0000911786.PDF,Q00897.01-0000911786.PDF,.pdf,94612,ok,True,True,text,True,2,0,50,False,2,False,20-50,Phone | SSN | Money/Amount,True,Contact Information | Government-Issued Identification | Financial Account Information,False,,clear_responsive,False,,3631,standard,bde_llm_count_roster,True,True,2,0,0,0,0,1,7.431,False,False,True,,True,clear_yes,yes,4498,False,standard,False,,8129
CNG_Data2k/files/Q00897.01-0000802878.0001.PDF,Q00897.01-0000802878.0001.PDF,.pdf,158776,ok,True,True,text,True,2,0,24,False,2,False,20-50,Name | Address | Email | Phone | Account Balance | Money/Amount | Student ID,True,Contact Information | Financial Account Information | Student-Related Information,False,,ambiguous,True,yes,8428,standard,bde_llm_count,True,True,2,0,0,0,0,1,69.877,False,False,True,,True,clear_yes,yes,4676,False,standard,False,,13104
CNG_Data2k/files/Q00897.01-0000766234.0001.DOCX,Q00897.01-0000766234.0001.DOCX,.docx,32059,ok,True,False,text,False,0,0,1,False,0,False,0-10,Health,False,Health-Related Information,False,,ambiguous,True,yes,4104,standard,,False,False,0,0,0,0,0,0,2.496,False,False,True,,True,clear_no,no,4147,False,likely_non_responsive,True,,8251
CNG_Data2k/files/Q00897.01-0000723840.0001.PDF,Q00897.01-0000723840.0001.PDF,.pdf,2161550,ok,True,False,text,False,32,0,16,False,6,False,10-20,Name | Address | Email | Phone | Card/Transaction | Money/Amount | Health | Demographic,True,Contact Information | Financial Account Information | Health-Related Information | Demographic Information,False,,ambiguous,True,yes,17818,standard,"img_ocr:p2,p18(2/3,+151chars) bde_llm_count",False,False,0,3,3,2,0,3,19.498,False,False,True,,True,likely_no,no,9404,False,likely_non_responsive,True,,27222
CNG_Data2k/files/Q00897.01-0000119542.PDF,Q00897.01-0000119542.PDF,.pdf,324439,ok,True,False,text,False,10,0,18,False,1,False,10-20,Name | Address | Email | Phone | Health | Demographic | Work-Related,True,Contact Information | Health-Related Information | Demographic Information | Work-Related Information,False,,ambiguous,True,yes,16532,standard,bde_llm_count,False,False,0,0,0,0,0,0,4.881,False,False,True,,True,likely_no,no,8758,False,likely_non_responsive,True,,25290
CNG_Data2k/files/Q00897.01-0000116868.PDF,Q00897.01-0000116868.PDF,.pdf,158276,ok,True,False,text,False,24,0,1,False,0,False,0-10,Money/Amount,False,Financial Account Information,False,,clear_non_responsive,False,,0,likely_non_responsive,,False,False,0,0,0,0,0,0,1.823,True,False,False,stage1_nr,False,,,0,False,,False,,0
CNG_Data2k/files/Q00897.01-0000628803.0001.XLSX,Q00897.01-0000628803.0001.XLSX,.xlsx,11666,ok,True,True,text,True,1,0,0,False,0,False,0-10,Money/Amount,False,Financial Account Information,False,,ambiguous,True,no,7084,structured_unreadable,bde_llm_count,False,False,0,0,0,0,0,0,3.525,False,False,True,,True,clear_no,no,4016,False,likely_non_responsive,True,,11100
CNG_Data2k/files/Q00897.01-0000870579.PDF,Q00897.01-0000870579.PDF,.pdf,154239,ok,True,False,text,False,16,0,12,False,0,False,10-20,Name | Address | Phone | Money/Amount,True,Contact Information | Financial Account Information,False,,ambiguous,True,no,28512,likely_non_responsive,bde_llm_count,False,False,0,0,0,0,0,0,10.818,True,False,False,stage1_nr,False,,,0,False,,False,,28512
CNG_Data2k/files/Q00897.01-0000545749.0001.PDF,Q00897.01-0000545749.0001.PDF,.pdf,22559,ok,True,False,text,False,1,0,1,False,0,False,0-10,Money/Amount,False,Financial Account Information,False,,clear_non_responsive,False,,0,likely_non_responsive,,False,False,0,0,0,0,0,0,0.031,True,False,False,stage1_nr,False,,,0,False,,False,,0
CNG_Data2k/files/Q00897.01-0000021790.PDF,Q00897.01-0000021790.PDF,.pdf,110273,ok,True,False,text,False,1,0,1,False,0,False,0-10,Money/Amount,False,Financial Account Information,False,,clear_non_responsive,False,,0,likely_non_responsive,,False,False,0,0,0,0,0,0,0.1,True,False,False,stage1_nr,False,,,0,False,,False,,0
CNG_Data2k/files/Q00897.01-0000812480.MSG,Q00897.01-0000812480.MSG,.msg,303616,ok,True,False,text,False,0,10,4,False,0,False,0-10,Name | Address | Email | Phone | Card/Transaction | Money/Amount | Credentials,True,Contact Information | Financial Account Information | Access Credentials,False,,ambiguous,True,yes,4958,standard,,False,False,0,0,0,0,0,0,3.296,False,False,True,,True,likely_no,no,5063,False,likely_non_responsive,True,,10021
CNG_Data2k/files/Q00897.01-0000004862.PDF,Q00897.01-0000004862.PDF,.pdf,271017,ok,True,False,text,False,3,0,1,False,0,False,0-10,Money/Amount,False,Financial Account Information,False,,clear_non_responsive,False,,0,likely_non_responsive,,False,False,0,0,0,0,0,0,0.236,True,False,False,stage1_nr,False,,,0,False,,False,,0
CNG_Data2k/files/Q00897.01-0000656424.MSG,Q00897.01-0000656424.MSG,.msg,522240,ok,True,False,text,False,0,2,5,False,0,False,0-10,Name | Address | Email | Phone,True,Contact Information,False,,ambiguous,True,yes,4256,standard,,False,False,0,0,0,0,0,0,3.382,False,False,True,,True,likely_no,no,4333,False,likely_non_responsive,True,,8589
CNG_Data2k/files/Q00897.01-0000837976.0028.PDF,Q00897.01-0000837976.0028.PDF,.pdf,545579,ok,True,False,text,False,7,0,1,False,0,False,0-10,Address,True,Contact Information,False,,ambiguous,True,no,5664,likely_non_responsive,,False,False,0,0,0,0,0,0,3.234,True,False,False,stage1_nr,False,,,0,False,,False,,5664
CNG_Data2k/files/Q00897.01-0000756885.MSG,Q00897.01-0000756885.MSG,.msg,117760,ok,True,False,text,False,0,0,1,False,0,False,0-10,Name | Card/Transaction | Money/Amount | Demographic | Work-Related,True,Financial Account Information | Demographic Information | Work-Related Information,False,,ambiguous,True,no,8389,likely_non_responsive,,False,False,0,0,0,0,0,0,4.8,True,False,False,stage1_nr,False,,,0,False,,False,,8389
CNG_Data2k/files/Q00897.01-0000246112.PDF,Q00897.01-0000246112.PDF,.pdf,1047967,ok,True,True,text,True,2,0,23,False,0,False,20-50,Name | Address | Email | Phone | Money/Amount,True,Contact Information | Financial Account Information,False,,ambiguous,True,no,8092,likely_non_responsive,bde_llm_count,True,True,2,0,0,0,0,1,8.066,True,False,False,stage1_nr,False,,,0,False,,False,,8092
CNG_Data2k/files/Q00897.01-0000497777.MSG,Q00897.01-0000497777.MSG,.msg,28672,ok,True,False,text,False,0,0,2,False,0,False,0-10,Name | Phone | Money/Amount,True,Contact Information | Financial Account Information,False,,ambiguous,True,no,4259,likely_non_responsive,,False,False,0,0,0,0,0,0,1.632,True,False,False,stage1_nr,False,,,0,False,,False,,4259
CNG_Data2k\files\Q00897.01-0000127204.XLS,Q00897.01-0000127204.XLS,.xls,39985,ok,True,True,text,True,2,0,136,False,0,False,100+,Name,False,,False,,ambiguous,True,no,4037,likely_non_responsive,roster_by_rowcount bde_llm_count,False,False,0,0,0,0,0,0,2.38,True,False,False,stage1_nr,False,,,0,False,,False,,4037
CNG_Data2k/files/Q00897.01-0000892470.PDF,Q00897.01-0000892470.PDF,.pdf,11556,ok,True,False,text,False,1,0,0,False,0,False,0-10,,False,,False,,clear_non_responsive,False,,0,likely_non_responsive,,False,False,0,0,0,0,0,0,0.048,True,False,False,stage1_nr,False,,,0,False,,False,,0
CNG_Data2k/files/Q00897.01-0000425832.MSG,Q00897.01-0000425832.MSG,.msg,335872,ok,True,False,text,False,0,1,3,False,0,False,0-10,Name | Address | Email | Money/Amount,True,Contact Information | Financial Account Information,False,,ambiguous,True,yes,4317,standard,,False,False,0,0,0,0,0,0,3.797,False,False,True,,True,likely_yes,yes,4363,False,standard,False,,8680
CNG_Data2k/files/Q00897.01-0000753772.MSG,Q00897.01-0000753772.MSG,.msg,110592,ok,True,False,text,False,0,0,1,False,0,False,0-10,Address | Money/Amount | Work-Related,True,Contact Information | Financial Account Information | Work-Related Information,False,,ambiguous,True,no,6836,likely_non_responsive,,False,False,0,0,0,0,0,0,3.633,True,False,False,stage1_nr,False,,,0,False,,False,,6836
CNG_Data2k/files/Q00897.01-0000648803.0001.HTM,Q00897.01-0000648803.0001.HTM,.htm,40858,ok,True,False,text,False,0,0,0,False,0,False,0-10,,False,,False,,clear_non_responsive,False,,0,likely_non_responsive,,False,False,0,0,0,0,0,0,0.037,True,False,False,stage1_nr,False,,,0,False,,False,,0
CNG_Data2k/files/Q00897.01-0000897528.PDF,Q00897.01-0000897528.PDF,.pdf,13360,ok,True,False,text,False,2,0,1,False,0,False,0-10,Money/Amount,False,Financial Account Information,False,,clear_non_responsive,False,,0,likely_non_responsive,,False,False,0,0,0,0,0,0,0.143,True,False,False,stage1_nr,False,,,0,False,,False,,0
CNG_Data2k/files/Q00897.01-0000359772.MSG,Q00897.01-0000359772.MSG,.msg,247808,ok,True,False,text,False,0,0,2,False,0,False,0-10,Address | Email | Phone | Money/Amount,True,Contact Information | Financial Account Information,False,,ambiguous,True,no,5578,likely_non_responsive,,False,False,0,0,0,0,0,0,3.132,True,False,False,stage1_nr,False,,,0,False,,False,,5578
CNG_Data2k/files/Q00897.01-0000241872.XLSX,Q00897.01-0000241872.XLSX,.xlsx,15352,ok,True,True,text,True,2,0,7,False,0,False,0-10,Address | Phone | Money/Amount,True,Contact Information | Financial Account Information,False,,ambiguous,True,no,8584,likely_non_responsive,bde_llm_count,False,False,0,0,0,0,0,0,2.285,True,False,False,stage1_nr,False,,,0,False,,False,,8584
CNG_Data2k/files/Q00897.01-0000453323.MSG,Q00897.01-0000453323.MSG,.msg,256000,ok,True,False,text,False,0,0,2,False,0,False,0-10,Name | Address | Email | Phone | Money/Amount,True,Contact Information | Financial Account Information,False,,ambiguous,True,yes,5148,standard,,False,False,0,0,0,0,0,0,4.52,False,False,True,,True,clear_yes,yes,5196,False,standard,False,,10344
CNG_Data2k/files/Q00897.01-0000248143.PDF,Q00897.01-0000248143.PDF,.pdf,1100051,ok,True,False,text,False,3,0,8,False,4,False,0-10,Name | Address | Email | Phone | Money/Amount,True,Contact Information | Financial Account Information,False,,ambiguous,True,yes,9106,standard,"img_ocr:p1,p2(2/2,+635chars) bde_llm_count",False,False,0,2,2,2,0,2,13.896,False,False,True,,True,likely_no,no,5003,False,likely_non_responsive,True,,14109
CNG_Data2k/files/Q00897.01-0000345104.PDF,Q00897.01-0000345104.PDF,.pdf,657802,ok,True,False,text,False,3,0,5,False,0,False,0-10,Name | Phone | Money/Amount,True,Contact Information | Financial Account Information,False,,ambiguous,True,yes,5553,standard,"img_ocr:p3,p3(2/2,+2chars)",False,False,0,2,2,2,0,2,11.772,False,False,True,,True,borderline,no,5617,False,likely_non_responsive,True,,11170
CNG_Data2k/files/Q00897.01-0000686257.MSG,Q00897.01-0000686257.MSG,.msg,88576,ok,True,False,text,False,0,0,4,False,0,False,0-10,Name | Address | Email | Phone,True,Contact Information,False,,ambiguous,True,yes,4697,standard,,False,False,0,0,0,0,0,0,3.353,False,False,True,,True,likely_no,no,4731,False,likely_non_responsive,True,,9428
CNG_Data2k/files/Q00897.01-0000856874.PDF,Q00897.01-0000856874.PDF,.pdf,543639,ok,True,False,text,False,2,0,2,False,0,False,0-10,Name | Email | Money/Amount | Work-Related,True,Contact Information | Financial Account Information | Work-Related Information,False,,ambiguous,True,yes,4297,standard,,False,False,0,0,0,0,0,0,3.567,False,False,True,,True,clear_yes,yes,4340,False,standard,False,,8637
CNG_Data2k/files/Q00897.01-0000902912.PDF,Q00897.01-0000902912.PDF,.pdf,15755,ok,True,False,text,False,2,0,1,False,0,False,0-10,Money/Amount,False,Financial Account Information,False,,clear_non_responsive,False,,0,likely_non_responsive,,False,False,0,0,0,0,0,0,0.083,True,False,False,stage1_nr,False,,,0,False,,False,,0
CNG_Data2k/files/Q00897.01-0000292343.PDF,Q00897.01-0000292343.PDF,.pdf,4063294,ok,True,False,text,False,5,0,2,False,0,False,0-10,Name | Money/Amount,True,Financial Account Information,False,,ambiguous,True,yes,4884,standard,,False,False,0,0,0,0,0,0,3.298,False,False,True,,True,clear_yes,yes,4937,False,standard,False,,9821
CNG_Data2k/files/Q00897.01-0000260477.XLSX,Q00897.01-0000260477.XLSX,.xlsx,17260,ok,True,True,text,True,1,0,4,False,1,False,0-10,Name | Money/Amount,False,Financial Account Information,False,,ambiguous,True,yes,11784,standard,bde_llm_count,False,False,0,0,0,0,0,0,3.863,False,False,True,,True,likely_no,no,6391,False,likely_non_responsive,True,,18175
CNG_Data2k/files/Q00897.01-0000561141.MSG,Q00897.01-0000561141.MSG,.msg,240640,ok,True,False,text,False,0,0,1,False,0,False,0-10,Phone,True,Contact Information,False,,ambiguous,True,no,4478,likely_non_responsive,,False,False,0,0,0,0,0,0,2.698,True,False,False,stage1_nr,False,,,0,False,,False,,4478
CNG_Data2k/files/Q00897.01-0000527281.0001.PDF,Q00897.01-0000527281.0001.PDF,.pdf,24049,ok,True,False,text,False,2,0,1,False,0,False,0-10,Phone,True,Contact Information,False,,ambiguous,True,no,3847,likely_non_responsive,,False,False,0,0,0,0,0,0,1.25,True,False,False,stage1_nr,False,,,0,False,,False,,3847
CNG_Data2k/files/Q00897.01-0000363797.MSG,Q00897.01-0000363797.MSG,.msg,142848,ok,True,False,text,False,0,0,1,False,0,False,0-10,Address,True,Contact Information,False,,ambiguous,True,no,4203,likely_non_responsive,,False,False,0,0,0,0,0,0,1.539,True,False,False,stage1_nr,False,,,0,False,,False,,4203
CNG_Data2k/files/Q00897.01-0000860666.PDF,Q00897.01-0000860666.PDF,.pdf,111346,ok,True,False,text,False,2,0,0,False,0,False,0-10,,False,,False,,clear_non_responsive,False,,0,likely_non_responsive,"img_ocr:none(1 calls,0 chars)",False,False,0,1,1,0,0,1,4.372,True,False,False,stage1_nr,False,,,0,False,,False,,0
CNG_Data2k/files/Q00897.01-0000277143.PDF,Q00897.01-0000277143.PDF,.pdf,292445,ok,True,False,text,False,4,0,8,False,5,False,0-10,Name | Address | Email | Phone | Money/Amount,True,Contact Information | Financial Account Information,False,,ambiguous,True,yes,9654,standard,bde_llm_count,False,False,0,0,0,0,0,0,5.585,False,False,True,,True,likely_no,no,5290,False,likely_non_responsive,True,,14944
CNG_Data2k/files/Q00897.01-0000479833.0001.PDF,Q00897.01-0000479833.0001.PDF,.pdf,953226,ok,True,True,text,True,2,0,10,False,2,False,0-10,Name | Address | Phone | Health,True,Contact Information | Health-Related Information,False,,ambiguous,True,no,9853,likely_non_responsive,bde_llm_count,True,True,2,0,0,0,0,1,8.791,True,False,False,stage1_nr,False,,,0,False,,False,,9853
CNG_Data2k/files/Q00897.01-0000681924.MSG,Q00897.01-0000681924.MSG,.msg,250880,ok,True,False,text,False,0,0,2,False,0,False,0-10,Address | Email | Phone | Money/Amount | Credentials,True,Contact Information | Financial Account Information | Access Credentials,False,,ambiguous,True,no,4457,likely_non_responsive,,False,False,0,0,0,0,0,0,2.211,True,False,False,stage1_nr,False,,,0,False,,False,,4457
CNG_Data2k/files/Q00897.01-0000665140.0001.XLSX,Q00897.01-0000665140.0001.XLSX,.xlsx,55849,ok,True,True,text,True,1,0,206,False,0,False,100+,Phone | Money/Amount,True,Contact Information | Financial Account Information,False,,ambiguous,True,no,14559,likely_non_responsive,roster_by_rowcount bde_llm_count,False,False,0,0,0,0,0,0,2.346,True,False,False,stage1_nr,False,,,0,False,,False,,14559
CNG_Data2k/files/Q00897.01-0000663006.0001.PDF,Q00897.01-0000663006.0001.PDF,.pdf,144507,ok,True,False,text,False,2,0,1,False,0,False,0-10,Address,True,Contact Information,False,,ambiguous,True,no,5327,likely_non_responsive,,False,False,0,0,0,0,0,0,1.45,True,False,False,stage1_nr,False,,,0,False,,False,,5327
CNG_Data2k/files/Q00897.01-0000702454.MSG,Q00897.01-0000702454.MSG,.msg,188928,ok,True,False,text,False,0,0,1,False,0,False,0-10,Name | Address | Email,True,Contact Information,False,,ambiguous,True,no,4447,likely_non_responsive,,False,False,0,0,0,0,0,0,1.9,True,False,False,stage1_nr,False,,,0,False,,False,,4447
CNG_Data2k/files/Q00897.01-0000863889.PDF,Q00897.01-0000863889.PDF,.pdf,595135,ok,True,False,text,False,5,0,3,False,0,False,0-10,Name | Address | Money/Amount,True,Contact Information | Financial Account Information,False,,ambiguous,True,yes,5594,standard,"img_ocr:p1(1/1,+77chars)",False,False,0,1,1,1,0,1,7.084,False,False,True,,True,clear_yes,yes,5658,False,standard,False,,11252
CNG_Data2k/files/Q00897.01-0000250117.PDF,Q00897.01-0000250117.PDF,.pdf,640184,ok,True,False,text,False,3,0,4,False,0,False,0-10,Name | Address | Phone | Bank/Account Number | Money/Amount,True,Contact Information | Financial Account Information,False,,ambiguous,True,yes,4689,standard,"img_ocr:p3,p3,p3(3/3,+1306chars)",False,False,0,3,3,3,0,3,17.4,False,False,True,,True,likely_yes,yes,4650,False,standard,False,,9339
CNG_Data2k/files/Q00897.01-0000436185.MSG,Q00897.01-0000436185.MSG,.msg,145408,ok,True,False,text,False,0,3,4,False,0,False,0-10,Name | Address | Email | Phone | Money/Amount,True,Contact Information | Financial Account Information,False,,ambiguous,True,yes,4227,standard,,False,False,0,0,0,0,0,0,3.175,False,False,True,,True,likely_no,no,4320,False,likely_non_responsive,True,,8547
CNG_Data2k/files/Q00897.01-0000707553.MSG,Q00897.01-0000707553.MSG,.msg,217088,ok,True,False,text,False,0,0,2,False,0,False,0-10,Address | Email | Phone | Money/Amount | Credentials,True,Contact Information | Financial Account Information | Access Credentials,False,,ambiguous,True,no,3952,likely_non_responsive,,False,False,0,0,0,0,0,0,1.722,True,False,False,stage1_nr,False,,,0,False,,False,,3952
CNG_Data2k/files/Q00897.01-0000560722.0001.PDF,Q00897.01-0000560722.0001.PDF,.pdf,20967,ok,True,False,text,False,1,0,0,False,0,False,0-10,,False,,False,,clear_non_responsive,False,,0,likely_non_responsive,,False,False,0,0,0,0,0,0,0.048,True,False,False,stage1_nr,False,,,0,False,,False,,0
CNG_Data2k/files/Q00897.01-0000270878.DOCX,Q00897.01-0000270878.DOCX,.docx,64517,ok,True,False,text,False,0,0,1,False,0,False,0-10,Health,False,Health-Related Information,False,,ambiguous,True,no,6025,likely_non_responsive,,False,False,0,0,0,0,0,0,1.112,True,False,False,stage1_nr,False,,,0,False,,False,,6025
CNG_Data2k/files/Q00897.01-0000730150.MSG,Q00897.01-0000730150.MSG,.msg,520192,ok,True,False,text,False,0,0,1,False,0,False,0-10,Name | Address | Money/Amount | Health | Work-Related,True,Contact Information | Financial Account Information | Health-Related Information | Work-Related Information,False,,ambiguous,True,no,8539,likely_non_responsive,,False,False,0,0,0,0,0,0,7.592,True,False,False,stage1_nr,False,,,0,False,,False,,8539
CNG_Data2k/files/Q00897.01-0000834391.MSG,Q00897.01-0000834391.MSG,.msg,1155584,error,False,False,,False,0,0,0,False,0,False,,,False,,False,,,False,,0,review_error,MalformedRtf,False,False,0,0,0,0,0,0,0.967,False,False,False,extract_error,False,,,0,False,,False,,0
CNG_Data2k/files/Q00897.01-0000055081.PDF,Q00897.01-0000055081.PDF,.pdf,286335,ok,True,True,text,True,2,0,20,False,2,False,10-20,Name | Address | Email | Phone | Money/Amount,True,Contact Information | Financial Account Information,False,,ambiguous,True,yes,8644,standard,bde_llm_count,True,True,2,0,0,0,0,1,9.337,False,False,True,,True,likely_no,no,4777,False,likely_non_responsive,True,,13421
CNG_Data2k/files/Q00897.01-0000842514.MSG,Q00897.01-0000842514.MSG,.msg,135680,ok,True,False,text,False,0,2,4,False,0,False,0-10,Name | Address | Email | Phone | Credentials,True,Contact Information | Access Credentials,False,,ambiguous,True,no,5211,likely_non_responsive,,False,False,0,0,0,0,0,0,1.435,True,False,False,stage1_nr,False,,,0,False,,False,,5211
CNG_Data2k/files/Q00897.01-0000910933.PDF,Q00897.01-0000910933.PDF,.pdf,1050319,ok,True,False,text,False,117,0,67,False,5,False,50-100,Address | Phone | SSN | Money/Amount | Work-Related,True,Contact Information | Government-Issued Identification | Financial Account Information | Work-Related Information,False,,clear_responsive,False,,14057,standard,bde_llm_count,False,False,0,0,0,0,0,0,64.686,False,False,True,,True,clear_yes,yes,15034,True,bde,False,,29091
CNG_Data2k/files/Q00897.01-0000304073.PDF,Q00897.01-0000304073.PDF,.pdf,239170,ok,True,False,text,False,3,0,1,False,0,False,0-10,Address | Money/Amount | Work-Related,True,Contact Information | Financial Account Information | Work-Related Information,False,,ambiguous,True,no,4933,likely_non_responsive,,True,True,3,0,0,0,0,1,6.687,True,False,False,stage1_nr,False,,,0,False,,False,,4933
CNG_Data2k/files/Q00897.01-0000400507.MSG,Q00897.01-0000400507.MSG,.msg,163840,ok,True,False,text,False,0,1,5,False,0,False,0-10,Name | Address | Email | Phone,True,Contact Information,False,,ambiguous,True,yes,4265,standard,,False,False,0,0,0,0,0,0,2.9,False,False,True,,True,likely_no,no,4322,False,likely_non_responsive,True,,8587
CNG_Data2k/files/Q00897.01-0000441776.MSG,Q00897.01-0000441776.MSG,.msg,128000,ok,True,False,text,False,0,0,2,False,0,False,0-10,Name | Email | Phone | Money/Amount,True,Contact Information | Financial Account Information,False,,ambiguous,True,yes,4017,standard,,False,False,0,0,0,0,0,0,2.654,False,False,True,,True,likely_no,no,4101,False,likely_non_responsive,True,,8118
CNG_Data2k/files/Q00897.01-0000278445.PDF,Q00897.01-0000278445.PDF,.pdf,933238,ok,True,True,text,True,3,0,14,False,2,False,10-20,Name | Address | Email | Phone | Card/Transaction | Money/Amount,True,Contact Information | Financial Account Information,False,,ambiguous,True,yes,8851,standard,bde_llm_count,True,True,3,0,0,0,0,1,9.383,False,False,True,,True,clear_yes,yes,4939,False,standard,False,,13790
CNG_Data2k/files/Q00897.01-0000887090.PDF,Q00897.01-0000887090.PDF,.pdf,184237,ok,True,False,text,False,1,0,2,False,0,False,0-10,Name | Address | Money/Amount,True,Contact Information | Financial Account Information,False,,ambiguous,True,no,3955,likely_non_responsive,,False,False,0,0,0,0,0,0,1.186,True,False,False,stage1_nr,False,,,0,False,,False,,3955
CNG_Data2k/files/Q00897.01-0000670441.0001.PDF,Q00897.01-0000670441.0001.PDF,.pdf,30507,ok,True,False,text,False,1,0,5,False,0,False,0-10,Name | Address | Phone | Money/Amount,True,Contact Information | Financial Account Information,False,,ambiguous,True,no,4089,likely_non_responsive,,True,True,1,0,0,0,0,1,6.426,True,False,False,stage1_nr,False,,,0,False,,False,,4089
CNG_Data2k/files/Q00897.01-0000370019.MSG,Q00897.01-0000370019.MSG,.msg,222208,ok,True,False,text,False,0,0,1,False,0,False,0-10,Address | Email | Health,True,Contact Information | Health-Related Information,False,,ambiguous,True,no,4216,likely_non_responsive,,False,False,0,0,0,0,0,0,2.182,True,False,False,stage1_nr,False,,,0,False,,False,,4216
CNG_Data2k/files/Q00897.01-0000024134.PDF,Q00897.01-0000024134.PDF,.pdf,15219,ok,True,False,text,False,1,0,1,False,0,False,0-10,Phone,True,Contact Information,False,,ambiguous,True,no,3878,likely_non_responsive,"img_ocr:p1,p1(2/2,+2chars)",False,False,0,2,2,2,0,2,10.045,True,False,False,stage1_nr,False,,,0,False,,False,,3878
CNG_Data2k/files/Q00897.01-0000908149.PDF,Q00897.01-0000908149.PDF,.pdf,33653,ok,True,False,text,False,4,0,30,False,30,False,20-50,Name | Phone | Money/Amount,True,Contact Information | Financial Account Information,False,,ambiguous,True,yes,14179,standard,bde_llm_count_roster,False,False,0,0,0,0,0,0,10.168,False,False,True,,True,clear_yes,yes,7688,False,standard,False,,21867
CNG_Data2k/files/Q00897.01-0000901846.PDF,Q00897.01-0000901846.PDF,.pdf,15470,ok,True,False,text,False,2,0,1,False,0,False,0-10,Money/Amount,False,Financial Account Information,False,,clear_non_responsive,False,,0,likely_non_responsive,,False,False,0,0,0,0,0,0,0.079,True,False,False,stage1_nr,False,,,0,False,,False,,0
CNG_Data2k/files/Q00897.01-0000724854.MSG,Q00897.01-0000724854.MSG,.msg,148480,ok,True,False,text,False,0,0,2,False,0,False,0-10,Name | Address | Health,True,Contact Information | Health-Related Information,False,,ambiguous,True,no,3807,likely_non_responsive,,False,False,0,0,0,0,0,0,1.432,True,False,False,stage1_nr,False,,,0,False,,False,,3807
CNG_Data2k/files/Q00897.01-0000131577.PDF,Q00897.01-0000131577.PDF,.pdf,116529,ok,True,True,text,True,1,0,38,False,0,False,20-50,Phone | Money/Amount,True,Contact Information | Financial Account Information,False,,ambiguous,True,no,7344,likely_non_responsive,bde_llm_count,True,True,1,0,0,0,0,1,6.385,True,False,False,stage1_nr,False,,,0,False,,False,,7344
CNG_Data2k/files/Q00897.01-0000590098.0001.PDF,Q00897.01-0000590098.0001.PDF,.pdf,1791446,ok,True,True,text,True,12,0,62,False,3,False,50-100,Name | Address | Email | Phone | SSN | Bank/Account Number | Card Expiry/CVV | Money/Amount | Health | Work-Related,True,Contact Information | Government-Issued Identification | Financial Account Information | Health-Related Information | Work-Related Information,False,,clear_responsive,False,,8569,standard,bde_llm_count,True,True,12,0,0,0,0,1,10.082,False,False,True,,True,likely_no,no,9443,True,likely_non_responsive,True,,18012
CNG_Data2k/files/Q00897.01-0000865811.PDF,Q00897.01-0000865811.PDF,.pdf,104092,ok,True,False,text,False,1,0,2,False,0,False,0-10,Name | Address | Phone,True,Contact Information,False,,ambiguous,True,yes,4200,standard,,False,False,0,0,0,0,0,0,3.286,False,False,True,,True,clear_yes,yes,4274,False,standard,False,,8474
CNG_Data2k/files/Q00897.01-0000289125.PDF,Q00897.01-0000289125.PDF,.pdf,140963,ok,True,False,text,False,1,0,3,False,0,False,0-10,Name | Address | Date of Birth,True,Contact Information | Birth Information,False,,ambiguous,True,yes,4121,standard,,True,True,1,0,0,0,0,1,7.167,False,False,True,,True,clear_yes,yes,4178,False,standard,False,,8299
CNG_Data2k/files/Q00897.01-0000561254.MSG,Q00897.01-0000561254.MSG,.msg,190976,ok,True,False,text,False,0,0,1,False,0,False,0-10,Name | Address,True,Contact Information,False,,ambiguous,True,no,4275,likely_non_responsive,,False,False,0,0,0,0,0,0,1.725,True,False,False,stage1_nr,False,,,0,False,,False,,4275
CNG_Data2k/files/Q00897.01-0000249294.PDF,Q00897.01-0000249294.PDF,.pdf,367259,ok,True,True,text,True,1,0,7,False,0,False,0-10,Money/Amount,False,Financial Account Information,False,,ambiguous,True,no,7120,likely_non_responsive,bde_llm_count,True,True,1,0,0,0,0,1,9.454,True,False,False,stage1_nr,False,,,0,False,,False,,7120
CNG_Data2k/files/Q00897.01-0000531368.0001.PDF,Q00897.01-0000531368.0001.PDF,.pdf,22387,ok,True,False,text,False,1,0,0,False,0,False,0-10,,False,,False,,clear_non_responsive,False,,0,likely_non_responsive,,False,False,0,0,0,0,0,0,0.025,True,False,False,stage1_nr,False,,,0,False,,False,,0
CNG_Data2k/files/Q00897.01-0000256898.PDF,Q00897.01-0000256898.PDF,.pdf,94688,ok,True,False,text,False,2,0,3,False,0,False,0-10,Name | Phone | Account Balance | Money/Amount,True,Contact Information | Financial Account Information,False,,ambiguous,True,yes,4204,standard,,False,False,0,0,0,0,0,0,2.524,False,False,True,,True,clear_no,no,4246,False,likely_non_responsive,True,,8450
CNG_Data2k/files/Q00897.01-0000836170.0004.DOCX,Q00897.01-0000836170.0004.DOCX,.docx,50808,ok,True,False,text,False,0,0,1,False,0,False,0-10,Name | Address,True,Contact Information,False,,ambiguous,True,no,5159,likely_non_responsive,,False,False,0,0,0,0,0,0,1.642,True,False,False,stage1_nr,False,,,0,False,,False,,5159
CNG_Data2k/files/Q00897.01-0000891401.PDF,Q00897.01-0000891401.PDF,.pdf,22345,ok,True,False,text,False,5,0,1,False,0,False,0-10,Name | Address | Phone | Money/Amount,True,Contact Information | Financial Account Information,False,,ambiguous,True,yes,6358,standard,,False,False,0,0,0,0,0,0,2.223,False,False,True,,True,borderline,no,6440,False,likely_non_responsive,True,,12798
CNG_Data2k/files/Q00897.01-0000772535.0001.PDF,Q00897.01-0000772535.0001.PDF,.pdf,160506,ok,True,False,text,False,3,0,5,False,0,False,0-10,Name | Email | Money/Amount | Health,True,Contact Information | Financial Account Information | Health-Related Information,False,,ambiguous,True,yes,4909,standard,,False,False,0,0,0,0,0,0,3.716,False,False,True,,True,likely_yes,yes,4953,False,standard,False,,9862
CNG_Data2k/files/Q00897.01-0000260190.PDF,Q00897.01-0000260190.PDF,.pdf,1502801,ok,True,True,text,True,15,0,705,False,3,False,100+,Name | Money/Amount,False,Financial Account Information,False,,ambiguous,True,yes,34312,standard,bde_llm_count,True,True,15,0,0,0,0,1,20.347,False,False,True,,True,clear_yes,yes,17687,True,structured_bde,False,,51999
CNG_Data2k/files/Q00897.01-0000276564.MSG,Q00897.01-0000276564.MSG,.msg,9069568,ok,True,False,text,False,0,1,4,False,0,False,0-10,Name | Address | Email | Phone | Money/Amount,True,Contact Information | Financial Account Information,False,,ambiguous,True,yes,9846,standard,,False,False,0,0,0,0,0,0,5.195,False,False,True,,True,likely_no,no,9906,False,likely_non_responsive,True,,19752
CNG_Data2k/files/Q00897.01-0000002270.PDF,Q00897.01-0000002270.PDF,.pdf,315725,ok,True,False,text,False,2,0,11,False,6,False,10-20,Name | Address | Email | Phone,True,Contact Information,False,,ambiguous,True,yes,7855,standard,bde_llm_count,True,True,2,0,0,0,0,1,10.992,False,False,True,,True,likely_no,no,4350,False,likely_non_responsive,True,,12205
CNG_Data2k/files/Q00897.01-0000831618.0001.PDF,Q00897.01-0000831618.0001.PDF,.pdf,59367,ok,True,False,text,False,20,0,34,False,34,False,20-50,Name | Address | Phone | Card/Transaction | Money/Amount,True,Contact Information | Financial Account Information,False,,ambiguous,True,yes,31166,standard,bde_llm_count_roster,False,False,0,0,0,0,0,0,8.451,False,False,True,,True,clear_no,no,15861,False,likely_non_responsive,True,,47027
CNG_Data2k/files/Q00897.01-0000534727.0001.PDF,Q00897.01-0000534727.0001.PDF,.pdf,24283,ok,True,False,text,False,2,0,0,False,0,False,0-10,,False,,False,,clear_non_responsive,False,,0,likely_non_responsive,,False,False,0,0,0,0,0,0,0.026,True,False,False,stage1_nr,False,,,0,False,,False,,0
CNG_Data2k/files/Q00897.01-0000298959.XLSX,Q00897.01-0000298959.XLSX,.xlsx,709679,ok,True,True,text,True,1,0,1753,False,0,False,100+,Phone | Money/Amount,True,Contact Information | Financial Account Information,False,,ambiguous,True,no,8884,likely_non_responsive,bde_llm_count,False,False,0,0,0,0,0,0,2.73,True,False,False,stage1_nr,False,,,0,False,,False,,8884
CNG_Data2k/files/Q00897.01-0000859447.XLSX,Q00897.01-0000859447.XLSX,.xlsx,1578583,ok,True,True,text,True,6,0,1855,False,69,True,100+,Name,False,,True,,ambiguous,True,yes,8057,structured_bde,bde_llm_count_roster,False,False,0,0,0,0,0,0,9.408,False,True,True,,True,likely_no,no,4487,True,likely_non_responsive,True,,12544
CNG_Data2k/files/Q00897.01-0000000659.PDF,Q00897.01-0000000659.PDF,.pdf,390978,ok,True,False,text,False,1,0,1,False,0,False,0-10,Name | Work-Related,True,Work-Related Information,False,,ambiguous,True,yes,3901,standard,,False,False,0,0,0,0,0,0,5.162,False,False,True,,True,borderline,no,3962,False,likely_non_responsive,True,,7863
CNG_Data2k/files/Q00897.01-0000890047.PDF,Q00897.01-0000890047.PDF,.pdf,7363,ok,True,False,text,False,1,0,1,False,0,False,0-10,Name | Phone,True,Contact Information,False,,ambiguous,True,yes,3730,standard,,False,False,0,0,0,0,0,0,3.202,False,False,True,,True,borderline,no,3818,False,likely_non_responsive,True,,7548
CNG_Data2k/files/Q00897.01-0000669511.0001.PDF,Q00897.01-0000669511.0001.PDF,.pdf,1449073,ok,True,True,text,True,9,0,81,False,4,False,50-100,Name | Address | Phone | Tax ID | Bank/Account Number | Money/Amount,True,Contact Information | Government-Issued Identification | Financial Account Information,False,,ambiguous,True,yes,13372,standard,bde_llm_count,True,True,9,0,0,0,0,1,12.418,False,False,True,,True,likely_no,no,7147,True,likely_non_responsive,True,,20519
CNG_Data2k/files/Q00897.01-0000673018.MSG,Q00897.01-0000673018.MSG,.msg,145408,ok,True,False,text,False,0,0,1,False,0,False,0-10,Address | Email,True,Contact Information,False,,ambiguous,True,no,4086,likely_non_responsive,,False,False,0,0,0,0,0,0,1.571,True,False,False,stage1_nr,False,,,0,False,,False,,4086
CNG_Data2k/files/Q00897.01-0000803184.0001.DOCX,Q00897.01-0000803184.0001.DOCX,.docx,28344,ok,True,False,text,False,0,0,2,False,0,False,0-10,Name | Address | Money/Amount | Demographic | Work-Related,True,Contact Information | Financial Account Information | Demographic Information | Work-Related Information,False,,ambiguous,True,no,6204,likely_non_responsive,,False,False,0,0,0,0,0,0,1.244,True,False,False,stage1_nr,False,,,0,False,,False,,6204
CNG_Data2k/files/Q00897.01-0000607008.MSG,Q00897.01-0000607008.MSG,.msg,150016,ok,True,False,text,False,0,0,1,False,0,False,0-10,Name | Address,True,Contact Information,False,,ambiguous,True,no,4058,likely_non_responsive,,False,False,0,0,0,0,0,0,2.259,True,False,False,stage1_nr,False,,,0,False,,False,,4058
CNG_Data2k/files/Q00897.01-0000684671.MSG,Q00897.01-0000684671.MSG,.msg,221696,ok,True,False,text,False,0,0,3,False,0,False,0-10,Name | Address | Phone,True,Contact Information,False,,ambiguous,True,no,4565,likely_non_responsive,,False,False,0,0,0,0,0,0,58.483,True,False,False,stage1_nr,False,,,0,False,,False,,4565
CNG_Data2k/files/Q00897.01-0000246662.PDF,Q00897.01-0000246662.PDF,.pdf,649844,ok,True,False,text,False,12,0,2,False,0,False,0-10,Name | Address | Email | Bank/Account Number | Money/Amount,True,Contact Information | Financial Account Information,False,,ambiguous,True,yes,7748,standard,"img_ocr:p3(1/1,+339chars)",False,False,0,1,1,1,0,1,7.417,False,False,True,,True,likely_yes,yes,7830,False,standard,False,,15578
CNG_Data2k/files/Q00897.01-0000294374.PDF,Q00897.01-0000294374.PDF,.pdf,1035438,ok,True,False,text,False,19,0,2,False,0,False,0-10,Name | Address | Phone | SSN | Account Balance | Money/Amount,True,Contact Information | Government-Issued Identification | Financial Account Information,False,,clear_responsive,False,,0,standard,"img_ocr:p5,p5(2/2,+35chars)",False,False,0,2,2,2,0,2,16.491,False,False,True,,True,clear_yes,yes,13164,False,standard,False,,13164
CNG_Data2k/files/Q00897.01-0000663026.0004.PDF,Q00897.01-0000663026.0004.PDF,.pdf,1401649,ok,True,True,text,True,4,0,17,False,1,False,10-20,Name | Address | Email | Phone | Card/Transaction | Money/Amount | Demographic,True,Contact Information | Financial Account Information | Demographic Information,False,,ambiguous,True,yes,17237,standard,bde_llm_count,True,True,4,0,0,0,0,1,74.849,False,False,True,,True,clear_yes,yes,9091,False,standard,False,,26328
CNG_Data2k/files/Q00897.01-0000881443.XLSX,Q00897.01-0000881443.XLSX,.xlsx,43500,ok,True,True,text,True,1,0,329,False,0,False,100+,Address | Money/Amount,True,Contact Information | Financial Account Information,False,,ambiguous,True,no,14289,likely_non_responsive,roster_by_rowcount bde_llm_count,False,False,0,0,0,0,0,0,2.215,True,False,False,stage1_nr,False,,,0,False,,False,,14289
CNG_Data2k/files/Q00897.01-0000412699.0001.PDF,Q00897.01-0000412699.0001.PDF,.pdf,109922,ok,True,False,text,False,4,0,1,False,0,False,0-10,Name | Phone | Money/Amount,True,Contact Information | Financial Account Information,False,,ambiguous,True,no,5490,likely_non_responsive,"img_ocr:p1(1/1,+9chars)",False,False,0,1,1,1,0,1,6.327,True,False,False,stage1_nr,False,,,0,False,,False,,5490
CNG_Data2k/files/Q00897.01-0000470878.0001.XLSX,Q00897.01-0000470878.0001.XLSX,.xlsx,134560,ok,True,True,text,True,2,0,270,False,0,False,100+,Name | Phone | Payment Card | Money/Amount,True,Contact Information | Financial Account Information,False,,ambiguous,True,no,10168,likely_non_responsive,roster_by_rowcount bde_llm_count,False,False,0,0,0,0,0,0,2.782,True,False,False,stage1_nr,False,,,0,False,,False,,10168
CNG_Data2k/files/Q00897.01-0000254145.PDF,Q00897.01-0000254145.PDF,.pdf,407305,ok,True,False,text,False,11,0,3,False,0,False,0-10,Name | Address | Money/Amount,True,Contact Information | Financial Account Information,False,,ambiguous,True,no,8546,likely_non_responsive,,False,False,0,0,0,0,0,0,2.513,True,False,False,stage1_nr,False,,,0,False,,False,,8546
CNG_Data2k/files/Q00897.01-0000890780.PDF,Q00897.01-0000890780.PDF,.pdf,918366,ok,True,False,text,False,126,0,134,False,51,True,100+,Address | Phone | SSN | Money/Amount | Work-Related,True,Contact Information | Government-Issued Identification | Financial Account Information | Work-Related Information,True,,clear_responsive,False,,13079,bde,bde_llm_count_roster,False,False,0,0,0,0,0,0,20.844,False,True,True,,True,clear_yes,yes,14245,True,bde,False,,27324
CNG_Data2k/files/Q00897.01-0000245624.PDF,Q00897.01-0000245624.PDF,.pdf,65647,ok,True,False,text,False,1,0,1,False,0,False,0-10,Money/Amount,False,Financial Account Information,False,,clear_non_responsive,False,,0,likely_non_responsive,,False,False,0,0,0,0,0,0,0.023,True,False,False,stage1_nr,False,,,0,False,,False,,0
CNG_Data2k/files/Q00897.01-0000269874.PDF,Q00897.01-0000269874.PDF,.pdf,73314,ok,True,False,text,False,1,0,3,False,0,False,0-10,Name | Address | Email | Phone | SSN | Date of Birth | Credentials | Family,True,Contact Information | Government-Issued Identification | Birth Information | Access Credentials | Family Information,False,,clear_responsive,False,,0,standard,,True,True,1,0,0,0,0,1,5.943,False,False,True,,True,clear_yes,yes,4284,False,standard,False,,4284
CNG_Data2k/files/Q00897.01-0000490523.0001.XLSX,Q00897.01-0000490523.0001.XLSX,.xlsx,27802,ok,True,True,text,True,1,0,57,False,0,False,50-100,Phone,True,Contact Information,False,,ambiguous,True,no,11627,likely_non_responsive,bde_llm_count,False,False,0,0,0,0,0,0,2.476,True,False,False,stage1_nr,False,,,0,False,,False,,11627
CNG_Data2k/files/Q00897.01-0000011935.PDF,Q00897.01-0000011935.PDF,.pdf,670801,ok,True,True,text,True,1,0,20,False,4,False,10-20,Name | Money/Amount | Work-Related,False,Financial Account Information | Work-Related Information,False,,ambiguous,True,yes,7896,standard,bde_llm_count_roster,True,True,1,0,0,0,0,1,11.169,False,False,True,,True,clear_yes,yes,4384,False,standard,False,,12280
CNG_Data2k/files/Q00897.01-0000779353.0001.DOCX,Q00897.01-0000779353.0001.DOCX,.docx,18478,ok,True,False,text,False,0,0,0,False,0,False,0-10,,False,,False,,clear_non_responsive,False,,0,likely_non_responsive,,False,False,0,0,0,0,0,0,0.046,True,False,False,stage1_nr,False,,,0,False,,False,,0
CNG_Data2k/files/Q00897.01-0000765084.0001.PDF,Q00897.01-0000765084.0001.PDF,.pdf,90982,ok,True,False,text,False,3,0,4,False,0,False,0-10,Name | Address | Email | Phone | Money/Amount,True,Contact Information | Financial Account Information,False,,ambiguous,True,yes,5081,standard,,True,True,3,0,0,0,0,1,8.65,False,False,True,,True,likely_no,no,5148,False,likely_non_responsive,True,,10229
CNG_Data2k/files/Q00897.01-0000396684.0001.XLSX,Q00897.01-0000396684.0001.XLSX,.xlsx,491213,error,False,False,,False,0,0,0,False,0,False,,,False,,False,,,False,,0,review_error,ValueError,False,False,0,0,0,0,0,0,0.097,False,False,False,extract_error,False,,,0,False,,False,,0
CNG_Data2k/files/Q00897.01-0000532301.0001.PDF,Q00897.01-0000532301.0001.PDF,.pdf,22564,ok,True,False,text,False,1,0,1,False,0,False,0-10,Money/Amount,False,Financial Account Information,False,,clear_non_responsive,False,,0,likely_non_responsive,,False,False,0,0,0,0,0,0,0.028,True,False,False,stage1_nr,False,,,0,False,,False,,0
CNG_Data2k/files/Q00897.01-0000895038.PDF,Q00897.01-0000895038.PDF,.pdf,117724,ok,True,False,text,False,1,0,1,False,0,False,0-10,Name | Money/Amount | Work-Related,False,Financial Account Information | Work-Related Information,False,,ambiguous,True,yes,4105,standard,,False,False,0,0,0,0,0,0,2.212,False,False,True,,True,likely_yes,yes,4151,False,standard,False,,8256
CNG_Data2k/files/Q00897.01-0000252983.PDF,Q00897.01-0000252983.PDF,.pdf,8340890,ok,True,True,text,True,15,0,408,False,0,False,100+,Phone | Payment Card | Money/Amount,True,Contact Information | Financial Account Information,False,,ambiguous,True,no,31274,likely_non_responsive,bde_llm_count,True,True,15,0,0,0,0,1,14.514,True,False,False,stage1_nr,False,,,0,False,,False,,31274
CNG_Data2k/files/Q00897.01-0000546230.0001.XLSX,Q00897.01-0000546230.0001.XLSX,.xlsx,72790,ok,True,True,text,True,1,0,66,False,0,False,50-100,Phone | Payment Card | Money/Amount,True,Contact Information | Financial Account Information,False,,ambiguous,True,no,17888,likely_non_responsive,bde_llm_count,False,False,0,0,0,0,0,0,62.701,True,False,False,stage1_nr,False,,,0,False,,False,,17888
CNG_Data2k/files/Q00897.01-0000375655.MSG,Q00897.01-0000375655.MSG,.msg,280576,ok,True,False,text,False,0,0,1,False,0,False,0-10,Name | Address,True,Contact Information,False,,ambiguous,True,yes,4267,standard,,False,False,0,0,0,0,0,0,3.886,False,False,True,,True,borderline,no,4335,False,likely_non_responsive,True,,8602
CNG_Data2k/files/Q00897.01-0000129172.PDF,Q00897.01-0000129172.PDF,.pdf,2211672,ok,True,True,text,True,13,0,56,False,0,False,50-100,Phone | Money/Amount,True,Contact Information | Financial Account Information,False,,ambiguous,True,no,12736,likely_non_responsive,bde_llm_count,True,True,13,0,0,0,0,1,9.048,True,False,False,stage1_nr,False,,,0,False,,False,,12736
CNG_Data2k/files/Q00897.01-0000372456.MSG,Q00897.01-0000372456.MSG,.msg,172544,ok,True,False,text,False,0,0,3,False,0,False,0-10,Name | Address | Email | Phone | Card Expiry/CVV | Money/Amount,True,Contact Information | Financial Account Information,False,,ambiguous,True,no,4337,likely_non_responsive,,False,False,0,0,0,0,0,0,2.622,True,False,False,stage1_nr,False,,,0,False,,False,,4337
CNG_Data2k/files/Q00897.01-0000369631.MSG,Q00897.01-0000369631.MSG,.msg,212480,ok,True,False,text,False,0,1,1,False,0,False,0-10,Name | Address | Email | Card/Transaction | Money/Amount,True,Contact Information | Financial Account Information,False,,ambiguous,True,yes,4002,standard,,False,False,0,0,0,0,0,0,4.638,False,False,True,,True,likely_no,no,4075,False,likely_non_responsive,True,,8077
CNG_Data2k/files/Q00897.01-0000867113.PDF,Q00897.01-0000867113.PDF,.pdf,123493,ok,True,False,text,False,4,0,2,False,0,False,0-10,Name | Address | Phone,True,Contact Information,False,,ambiguous,True,yes,11340,standard,,False,False,0,0,0,0,0,0,3.59,False,False,True,,True,clear_yes,yes,11411,False,standard,False,,22751
CNG_Data2k/files/Q00897.01-0000906273.PDF,Q00897.01-0000906273.PDF,.pdf,12318,ok,True,False,text,False,1,0,0,False,0,False,0-10,,False,,False,,clear_non_responsive,False,,0,likely_non_responsive,,False,False,0,0,0,0,0,0,0.04,True,False,False,stage1_nr,False,,,0,False,,False,,0
CNG_Data2k/files/Q00897.01-0000662922.MSG,Q00897.01-0000662922.MSG,.msg,88576,ok,True,False,text,False,0,3,11,False,11,False,10-20,Name | Address | Email | Phone | Money/Amount,True,Contact Information | Financial Account Information,False,,ambiguous,True,yes,10026,standard,bde_llm_count,False,False,0,0,0,0,0,0,6.176,False,False,True,,True,likely_no,no,5442,False,likely_non_responsive,True,,15468
CNG_Data2k/files/Q00897.01-0000777220.0002.DOCX,Q00897.01-0000777220.0002.DOCX,.docx,34977,ok,True,False,text,False,0,0,3,False,0,False,0-10,Name | Address | Work-Related,True,Contact Information | Work-Related Information,False,,ambiguous,True,yes,8315,standard,,False,False,0,0,0,0,0,0,2.739,False,False,True,,True,likely_no,no,8378,False,likely_non_responsive,True,,16693
CNG_Data2k/files/Q00897.01-0000141391.XLSX,Q00897.01-0000141391.XLSX,.xlsx,82004,ok,True,True,text,True,3,0,669,False,0,False,100+,Address | Phone | Money/Amount,True,Contact Information | Financial Account Information,False,,ambiguous,True,no,13954,likely_non_responsive,roster_by_rowcount bde_llm_count,False,False,0,0,0,0,0,0,3.384,True,False,False,stage1_nr,False,,,0,False,,False,,13954
CNG_Data2k/files/Q00897.01-0000006018.PDF,Q00897.01-0000006018.PDF,.pdf,143764,ok,True,True,text,True,1,0,28,False,1,False,20-50,Name | Money/Amount,False,Financial Account Information,False,,ambiguous,True,yes,7371,standard,bde_llm_count,True,True,1,0,0,0,0,1,9.945,False,False,True,,True,clear_yes,yes,4141,False,standard,False,,11512
CNG_Data2k\files\Q00897.01-0000648993.0001.XLS,Q00897.01-0000648993.0001.XLS,.xls,23868,ok,True,True,text,True,4,0,2,False,4,False,0-10,Phone | SSN | Account Balance | Money/Amount,True,Contact Information | Government-Issued Identification | Financial Account Information,False,,clear_responsive,False,,2149,standard,bde_llm_count_roster,False,False,0,0,0,0,0,0,2.634,False,False,True,,True,clear_yes,yes,3181,False,standard,False,,5330
CNG_Data2k/files/Q00897.01-0000822882.MSG,Q00897.01-0000822882.MSG,.msg,180224,ok,True,False,text,False,0,1,1,False,0,False,0-10,Card/Transaction | Money/Amount,False,Financial Account Information,False,,ambiguous,True,no,4045,likely_non_responsive,,False,False,0,0,0,0,0,0,2.149,True,False,False,stage1_nr,False,,,0,False,,False,,4045
CNG_Data2k/files/Q00897.01-0000485493.MSG,Q00897.01-0000485493.MSG,.msg,28672,ok,True,False,text,False,0,0,3,False,0,False,0-10,Name | Email | Phone,True,Contact Information,False,,ambiguous,True,no,3968,likely_non_responsive,,False,False,0,0,0,0,0,0,1.514,True,False,False,stage1_nr,False,,,0,False,,False,,3968
CNG_Data2k/files/Q00897.01-0000819843.MSG,Q00897.01-0000819843.MSG,.msg,179712,ok,True,False,text,False,0,4,8,False,6,False,0-10,Name | Address | Email | Phone,True,Contact Information,False,,ambiguous,True,yes,10452,standard,bde_llm_count,False,False,0,0,0,0,0,0,5.843,False,False,True,,True,borderline,no,5719,False,likely_non_responsive,True,,16171
CNG_Data2k\files\Q00897.01-0000498959.0001.XLS,Q00897.01-0000498959.0001.XLS,.xls,62256,ok,True,True,text,True,1,0,362,False,2,False,100+,Name | Phone | Money/Amount,True,Contact Information | Financial Account Information,False,,ambiguous,True,yes,10152,standard,roster_by_rowcount bde_llm_count,False,False,0,0,0,0,0,0,3.791,False,False,True,,True,clear_no,no,5658,True,likely_non_responsive,True,,15810
CNG_Data2k/files/Q00897.01-0000292761.XLSX,Q00897.01-0000292761.XLSX,.xlsx,13847,ok,True,True,text,True,1,0,13,False,13,False,10-20,SSN | Money/Amount,True,Government-Issued Identification | Financial Account Information,False,,clear_responsive,False,,3153,standard,bde_llm_count_roster,False,False,0,0,0,0,0,0,2.946,False,False,True,,True,clear_yes,yes,4077,False,standard,False,,7230
CNG_Data2k/files/Q00897.01-0000401737.MSG,Q00897.01-0000401737.MSG,.msg,95744,ok,True,False,text,False,0,0,3,False,0,False,0-10,Name | Address | Email,True,Contact Information,False,,ambiguous,True,yes,4101,standard,,False,False,0,0,0,0,0,0,2.899,False,False,True,,True,borderline,no,4173,False,likely_non_responsive,True,,8274
CNG_Data2k/files/Q00897.01-0000467112.MSG,Q00897.01-0000467112.MSG,.msg,188928,ok,True,False,text,False,0,2,3,False,0,False,0-10,Name | Address | Email | Phone | Card Expiry/CVV | Money/Amount,True,Contact Information | Financial Account Information,False,,ambiguous,True,yes,6049,standard,,False,False,0,0,0,0,0,0,3.309,False,False,True,,True,likely_no,no,6106,False,likely_non_responsive,True,,12155
CNG_Data2k\files\Q00897.01-0000485603.0001.DOC,Q00897.01-0000485603.0001.DOC,.doc,18424,ok,True,False,text,False,0,0,1,False,0,False,0-10,Money/Amount,False,Financial Account Information,False,,clear_non_responsive,False,,0,likely_non_responsive,,False,False,0,0,0,0,0,0,0.065,True,False,False,stage1_nr,False,,,0,False,,False,,0
CNG_Data2k/files/Q00897.01-0000295730.PDF,Q00897.01-0000295730.PDF,.pdf,195557,ok,True,False,text,False,1,0,1,False,0,False,0-10,Name | Money/Amount,True,Financial Account Information,False,,ambiguous,True,no,4220,likely_non_responsive,,False,False,0,0,0,0,0,0,1.654,True,False,False,stage1_nr,False,,,0,False,,False,,4220
CNG_Data2k/files/Q00897.01-0000106866.PDF,Q00897.01-0000106866.PDF,.pdf,144585,ok,True,True,text,True,4,0,5,False,3,False,0-10,Name | Address | Email | Phone | Money/Amount,True,Contact Information | Financial Account Information,False,,ambiguous,True,yes,9113,standard,bde_llm_count,True,True,4,0,0,0,0,1,13.971,False,False,True,,True,borderline,no,5045,False,likely_non_responsive,True,,14158
CNG_Data2k/files/Q00897.01-0000518955.0001.XLSX,Q00897.01-0000518955.0001.XLSX,.xlsx,186935,ok,True,True,text,True,1,0,553,False,0,False,100+,Phone | Money/Amount,True,Contact Information | Financial Account Information,False,,ambiguous,True,no,19609,likely_non_responsive,bde_llm_count,False,False,0,0,0,0,0,0,3.196,True,False,False,stage1_nr,False,,,0,False,,False,,19609
CNG_Data2k/files/Q00897.01-0000841759.0034.PDF,Q00897.01-0000841759.0034.PDF,.pdf,22452,ok,True,False,text,False,9,0,1,False,0,False,0-10,Card/Transaction | Money/Amount | Work-Related,False,Financial Account Information | Work-Related Information,False,,ambiguous,True,no,10751,likely_non_responsive,,False,False,0,0,0,0,0,0,1.789,True,False,False,stage1_nr,False,,,0,False,,False,,10751
CNG_Data2k\files\Q00897.01-0000485469.0002.XLS,Q00897.01-0000485469.0002.XLS,.xls,18422,ok,True,True,text,True,3,0,78,False,0,False,50-100,Phone | Payment Card | Money/Amount,True,Contact Information | Financial Account Information,False,,ambiguous,True,no,5542,likely_non_responsive,roster_by_rowcount bde_llm_count,False,False,0,0,0,0,0,0,2.2,True,False,False,stage1_nr,False,,,0,False,,False,,5542
CNG_Data2k/files/Q00897.01-0000004738.PDF,Q00897.01-0000004738.PDF,.pdf,68748,ok,True,True,text,True,1,0,1,False,1,False,0-10,Name,False,,False,,ambiguous,True,yes,6756,standard,bde_llm_count,True,True,1,0,0,0,0,1,10.228,False,False,True,,True,likely_yes,yes,3854,False,standard,False,,10610
CNG_Data2k/files/Q00897.01-0000133917.PDF,Q00897.01-0000133917.PDF,.pdf,691701,ok,True,True,text,True,4,0,10,False,0,False,0-10,Address | Phone,True,Contact Information,False,,ambiguous,True,no,9488,likely_non_responsive,bde_llm_count,True,True,4,0,0,0,0,1,7.528,True,False,False,stage1_nr,False,,,0,False,,False,,9488
CNG_Data2k/files/Q00897.01-0000247543.PDF,Q00897.01-0000247543.PDF,.pdf,508504,ok,True,False,text,False,5,0,1,False,0,False,0-10,Name | Address | Bank/Account Number | Money/Amount,True,Contact Information | Financial Account Information,False,,ambiguous,True,yes,4775,standard,"img_ocr:p3(1/1,+438chars)",False,False,0,1,1,1,0,1,8.552,False,False,True,,True,likely_no,no,4851,False,likely_non_responsive,True,,9626
CNG_Data2k/files/Q00897.01-0000832684.0006.PDF,Q00897.01-0000832684.0006.PDF,.pdf,200907,ok,True,False,text,False,4,0,2,False,0,False,0-10,Name | Address | Health,True,Contact Information | Health-Related Information,False,,ambiguous,True,yes,5812,standard,,True,True,4,0,0,0,0,1,8.977,False,False,True,,True,borderline,no,5892,False,likely_non_responsive,True,,11704
CNG_Data2k/files/Q00897.01-0000747803.MSG,Q00897.01-0000747803.MSG,.msg,122880,ok,True,False,text,False,0,0,1,False,0,False,0-10,Money/Amount,False,Financial Account Information,False,,clear_non_responsive,False,,0,likely_non_responsive,,False,False,0,0,0,0,0,0,2.603,True,False,False,stage1_nr,False,,,0,False,,False,,0
CNG_Data2k/files/Q00897.01-0000878802.0001.PDF,Q00897.01-0000878802.0001.PDF,.pdf,200505,ok,True,False,text,False,1,0,2,False,0,False,0-10,Name | Email | Phone | Money/Amount,True,Contact Information | Financial Account Information,False,,ambiguous,True,yes,3878,standard,,False,False,0,0,0,0,0,0,62.034,False,False,True,,True,likely_no,no,3959,False,likely_non_responsive,True,,7837
CNG_Data2k/files/Q00897.01-0000102259.XLSX,Q00897.01-0000102259.XLSX,.xlsx,43346,ok,True,True,text,True,1,0,188,False,0,False,100+,Address,True,Contact Information,False,,ambiguous,True,no,7164,likely_non_responsive,roster_by_rowcount bde_llm_count,False,False,0,0,0,0,0,0,2.279,True,False,False,stage1_nr,False,,,0,False,,False,,7164
CNG_Data2k/files/Q00897.01-0000903328.PDF,Q00897.01-0000903328.PDF,.pdf,20433,ok,True,False,text,False,3,0,1,False,0,False,0-10,Name | Address | Phone | Money/Amount,True,Contact Information | Financial Account Information,False,,ambiguous,True,no,5851,likely_non_responsive,,False,False,0,0,0,0,0,0,2.014,True,False,False,stage1_nr,False,,,0,False,,False,,5851
CNG_Data2k/files/Q00897.01-0000000620.PDF,Q00897.01-0000000620.PDF,.pdf,262034,ok,True,False,text,False,1,0,2,False,0,False,0-10,Name | Work-Related,True,Work-Related Information,False,,ambiguous,True,yes,4119,standard,,False,False,0,0,0,0,0,0,5.388,False,False,True,,True,likely_yes,yes,4206,False,standard,False,,8325
CNG_Data2k/files/Q00897.01-0000399666.MSG,Q00897.01-0000399666.MSG,.msg,169984,ok,True,False,text,False,0,2,7,False,5,False,0-10,Name | Address | Email | Phone | Money/Amount,True,Contact Information | Financial Account Information,False,,ambiguous,True,yes,9973,standard,bde_llm_count,False,False,0,0,0,0,0,0,5.541,False,False,True,,True,likely_no,no,5470,False,likely_non_responsive,True,,15443
CNG_Data2k/files/Q00897.01-0000887964.PDF,Q00897.01-0000887964.PDF,.pdf,68732,ok,True,False,text,False,14,0,2,False,0,False,0-10,Address | SSN | Money/Amount | Work-Related,True,Contact Information | Government-Issued Identification | Financial Account Information | Work-Related Information,False,,clear_responsive,False,,0,standard,,False,False,0,0,0,0,0,0,2.387,False,False,True,,True,clear_yes,yes,14311,False,standard,False,,14311
CNG_Data2k/files/Q00897.01-0000889027.PDF,Q00897.01-0000889027.PDF,.pdf,11639,ok,True,False,text,False,2,0,1,False,0,False,0-10,Money/Amount,False,Financial Account Information,False,,clear_non_responsive,False,,0,likely_non_responsive,,False,False,0,0,0,0,0,0,0.075,True,False,False,stage1_nr,False,,,0,False,,False,,0
CNG_Data2k/files/Q00897.01-0000130233.PDF,Q00897.01-0000130233.PDF,.pdf,1064494,ok,True,True,text,True,6,0,44,False,0,False,20-50,Phone | Money/Amount,True,Contact Information | Financial Account Information,False,,ambiguous,True,no,9740,likely_non_responsive,bde_llm_count,True,True,6,0,0,0,0,1,10.942,True,False,False,stage1_nr,False,,,0,False,,False,,9740
CNG_Data2k/files/Q00897.01-0000003727.PDF,Q00897.01-0000003727.PDF,.pdf,96286,ok,True,False,text,False,1,0,5,False,0,False,0-10,Name | Address | Email | Phone | Money/Amount,True,Contact Information | Financial Account Information,False,,ambiguous,True,yes,3999,standard,,True,True,1,0,0,0,0,1,7.998,False,False,True,,True,likely_yes,yes,4065,False,standard,False,,8064
CNG_Data2k/files/Q00897.01-0000755903.MSG,Q00897.01-0000755903.MSG,.msg,86016,ok,True,False,text,False,0,0,18,False,18,False,10-20,Name | Email | Phone | Passport | National/NI Number | Money/Amount | Health | Work-Related,True,Contact Information | Government-Issued Identification | Financial Account Information | Health-Related Information | Work-Related Information,False,,ambiguous,True,yes,16342,standard,bde_llm_count,False,False,0,0,0,0,0,0,10.78,False,False,True,,True,clear_yes,yes,8583,False,standard,False,,24925
CNG_Data2k/files/Q00897.01-0000257942.MSG,Q00897.01-0000257942.MSG,.msg,999424,ok,True,False,text,False,0,3,5,False,0,False,0-10,Name | Address | Email | Phone | Money/Amount,True,Contact Information | Financial Account Information,False,,ambiguous,True,yes,4664,standard,,False,False,0,0,0,0,0,0,2.62,False,False,True,,True,likely_no,no,4731,False,likely_non_responsive,True,,9395
CNG_Data2k/files/Q00897.01-0000532960.0001.PDF,Q00897.01-0000532960.0001.PDF,.pdf,22579,ok,True,False,text,False,1,0,1,False,0,False,0-10,Money/Amount,False,Financial Account Information,False,,clear_non_responsive,False,,0,likely_non_responsive,,False,False,0,0,0,0,0,0,0.027,True,False,False,stage1_nr,False,,,0,False,,False,,0
CNG_Data2k/files/Q00897.01-0000833919.0001.PDF,Q00897.01-0000833919.0001.PDF,.pdf,107682,ok,True,False,text,False,5,0,1,False,0,False,0-10,Name | Address | Card Expiry/CVV | Money/Amount | Work-Related,True,Contact Information | Financial Account Information | Work-Related Information,False,,ambiguous,True,no,6088,likely_non_responsive,,False,False,0,0,0,0,0,0,1.543,True,False,False,stage1_nr,False,,,0,False,,False,,6088
CNG_Data2k/files/Q00897.01-0000260598.XLSX,Q00897.01-0000260598.XLSX,.xlsx,70304,ok,True,True,text,True,1,0,360,False,1,False,100+,Name | Money/Amount,False,Financial Account Information,False,,ambiguous,True,yes,18416,standard,roster_by_rowcount bde_llm_count,False,False,0,0,0,0,0,0,4.872,False,False,True,,True,likely_no,no,9694,True,likely_non_responsive,True,,28110
CNG_Data2k/files/Q00897.01-0000739459.MSG,Q00897.01-0000739459.MSG,.msg,414208,ok,True,False,text,False,0,0,1,False,0,False,0-10,Money/Amount | Health,False,Financial Account Information | Health-Related Information,False,,ambiguous,True,no,6902,likely_non_responsive,,False,False,0,0,0,0,0,0,3.223,True,False,False,stage1_nr,False,,,0,False,,False,,6902
CNG_Data2k/files/Q00897.01-0000295639.DOCX,Q00897.01-0000295639.DOCX,.docx,65422,ok,True,False,text,False,0,0,2,False,0,False,0-10,Name | Address | Email | Phone,True,Contact Information,False,,ambiguous,True,yes,3964,standard,,False,False,0,0,0,0,0,0,2.339,False,False,True,,True,likely_no,no,4032,False,likely_non_responsive,True,,7996
CNG_Data2k/files/Q00897.01-0000849005.0001.PDF,Q00897.01-0000849005.0001.PDF,.pdf,1672022,ok,True,True,text,True,4,0,65,False,2,False,50-100,Name | Address | Email | Phone | Bank/Account Number | Money/Amount,True,Contact Information | Financial Account Information,False,,ambiguous,True,yes,11347,standard,bde_llm_count,True,True,4,0,0,0,0,1,10.565,False,False,True,,True,likely_no,no,6132,True,likely_non_responsive,True,,17479
CNG_Data2k/files/Q00897.01-0000905028.PDF,Q00897.01-0000905028.PDF,.pdf,65037,ok,True,False,text,False,14,0,1,False,0,False,0-10,Name | Address | Money/Amount | Work-Related,True,Contact Information | Financial Account Information | Work-Related Information,False,,ambiguous,True,yes,14126,standard,,False,False,0,0,0,0,0,0,4.676,False,False,True,,True,clear_yes,yes,14168,False,standard,False,,28294
CNG_Data2k/files/Q00897.01-0000865188.PDF,Q00897.01-0000865188.PDF,.pdf,156252,ok,True,False,text,False,1,0,1,False,0,False,0-10,Money/Amount,False,Financial Account Information,False,,clear_non_responsive,False,,0,likely_non_responsive,,False,False,0,0,0,0,0,0,0.168,True,False,False,stage1_nr,False,,,0,False,,False,,0
CNG_Data2k/files/Q00897.01-0000106795.XLSX,Q00897.01-0000106795.XLSX,.xlsx,1850417,ok,True,True,text,True,1,0,2227,False,3,False,100+,Name | Money/Amount,False,Financial Account Information,False,,ambiguous,True,yes,13704,standard,bde_llm_count,False,False,0,0,0,0,0,0,6.87,False,False,True,,True,likely_no,no,7291,True,likely_non_responsive,True,,20995
CNG_Data2k/files/Q00897.01-0000702934.0003.DOCX,Q00897.01-0000702934.0003.DOCX,.docx,26949,ok,True,False,text,False,0,0,1,False,0,False,0-10,Name | Health,False,Health-Related Information,False,,ambiguous,True,no,5370,likely_non_responsive,,False,False,0,0,0,0,0,0,0.98,True,False,False,stage1_nr,False,,,0,False,,False,,5370
CNG_Data2k/files/Q00897.01-0000391216.MSG,Q00897.01-0000391216.MSG,.msg,103424,ok,True,False,text,False,0,0,1,False,0,False,0-10,Address,True,Contact Information,False,,ambiguous,True,yes,4257,standard,,False,False,0,0,0,0,0,0,2.969,False,False,True,,True,likely_no,no,4329,False,likely_non_responsive,True,,8586
CNG_Data2k/files/Q00897.01-0000258246.PDF,Q00897.01-0000258246.PDF,.pdf,562782,ok,True,False,text,False,6,0,4,False,0,False,0-10,Name | Address | Email | Bank/Account Number | Money/Amount,True,Contact Information | Financial Account Information,False,,ambiguous,True,yes,4769,standard,"img_ocr:p2(1/1,+318chars)",False,False,0,1,1,1,0,1,8.598,False,False,True,,True,clear_yes,yes,4839,False,standard,False,,9608
CNG_Data2k/files/Q00897.01-0000249234.PDF,Q00897.01-0000249234.PDF,.pdf,61408,ok,True,True,text,True,1,0,8,False,0,False,0-10,Money/Amount,False,Financial Account Information,False,,ambiguous,True,no,7121,likely_non_responsive,bde_llm_count,True,True,1,0,0,0,0,1,7.017,True,False,False,stage1_nr,False,,,0,False,,False,,7121
CNG_Data2k/files/Q00897.01-0000832796.MSG,Q00897.01-0000832796.MSG,.msg,52224,ok,True,False,text,False,0,1,7,False,5,False,0-10,Name | Address | Email | Phone,True,Contact Information,False,,ambiguous,True,yes,12356,standard,bde_llm_count,False,False,0,0,0,0,0,0,5.141,False,False,True,,True,likely_yes,yes,6667,False,standard,False,,19023
CNG_Data2k/files/Q00897.01-0000412608.MSG,Q00897.01-0000412608.MSG,.msg,171520,ok,True,False,text,False,0,3,1,False,0,False,0-10,Name | Address | Email | Phone,True,Contact Information,False,,ambiguous,True,no,4090,likely_non_responsive,,False,False,0,0,0,0,0,0,1.492,True,False,False,stage1_nr,False,,,0,False,,False,,4090
CNG_Data2k/files/Q00897.01-0000019934.XLSX,Q00897.01-0000019934.XLSX,.xlsx,22965,ok,True,True,text,True,3,0,85,False,5,True,50-100,Name | Money/Amount,False,Financial Account Information,True,,ambiguous,True,yes,12190,structured_bde,roster_by_rowcount bde_llm_count_roster,False,False,0,0,0,0,0,0,6.288,False,True,True,,True,clear_yes,yes,6535,True,structured_bde,False,,18725
CNG_Data2k/files/Q00897.01-0000545894.0001.PDF,Q00897.01-0000545894.0001.PDF,.pdf,22564,ok,True,False,text,False,1,0,1,False,0,False,0-10,Money/Amount,False,Financial Account Information,False,,clear_non_responsive,False,,0,likely_non_responsive,,False,False,0,0,0,0,0,0,0.022,True,False,False,stage1_nr,False,,,0,False,,False,,0
CNG_Data2k/files/Q00897.01-0000835348.MSG,Q00897.01-0000835348.MSG,.msg,44032,ok,True,False,text,False,0,0,2,False,0,False,0-10,Name | Address | Email | Phone | Money/Amount,True,Contact Information | Financial Account Information,False,,ambiguous,True,no,3975,likely_non_responsive,,False,False,0,0,0,0,0,0,1.377,True,False,False,stage1_nr,False,,,0,False,,False,,3975
CNG_Data2k/files/Q00897.01-0000800284.MSG,Q00897.01-0000800284.MSG,.msg,30208,error,False,False,,False,0,0,0,False,0,False,,,False,,False,,,False,,0,review_error,MalformedRtf,False,False,0,0,0,0,0,0,0.429,False,False,False,extract_error,False,,,0,False,,False,,0
CNG_Data2k/files/Q00897.01-0000388358.MSG,Q00897.01-0000388358.MSG,.msg,100352,ok,True,False,text,False,0,0,1,False,0,False,0-10,Address | Email | Money/Amount,True,Contact Information | Financial Account Information,False,,ambiguous,True,no,3959,likely_non_responsive,,False,False,0,0,0,0,0,0,2.262,True,False,False,stage1_nr,False,,,0,False,,False,,3959
CNG_Data2k/files/Q00897.01-0000592065.MSG,Q00897.01-0000592065.MSG,.msg,157696,ok,True,False,text,False,0,0,2,False,0,False,0-10,Address | Email | Phone,True,Contact Information,False,,ambiguous,True,no,4044,likely_non_responsive,,False,False,0,0,0,0,0,0,1.309,True,False,False,stage1_nr,False,,,0,False,,False,,4044
CNG_Data2k/files/Q00897.01-0000865400.PDF,Q00897.01-0000865400.PDF,.pdf,1429474,ok,True,False,text,False,11,0,5,False,0,False,0-10,Name | Money/Amount | Work-Related,False,Financial Account Information | Work-Related Information,False,,ambiguous,True,yes,8020,standard,,False,False,0,0,0,0,0,0,4.063,False,False,True,,True,clear_yes,yes,8066,False,standard,False,,16086
CNG_Data2k/files/Q00897.01-0000828651.0001.XLSX,Q00897.01-0000828651.0001.XLSX,.xlsx,23918,ok,True,True,text,True,2,0,165,False,51,True,100+,Name | Address | Card/Transaction,True,Contact Information | Financial Account Information,True,,ambiguous,True,no,8457,structured_bde,roster_by_rowcount bde_llm_count_roster,False,False,0,0,0,0,0,0,6.759,False,True,True,,True,clear_no,no,4482,True,likely_non_responsive,True,,12939
CNG_Data2k/files/Q00897.01-0000551364.0001.XLSX,Q00897.01-0000551364.0001.XLSX,.xlsx,51065,ok,True,True,text,True,1,0,414,False,0,False,100+,Money/Amount,False,Financial Account Information,False,,ambiguous,True,no,15287,likely_non_responsive,roster_by_rowcount bde_llm_count,False,False,0,0,0,0,0,0,2.349,True,False,False,stage1_nr,False,,,0,False,,False,,15287
CNG_Data2k\files\Q00897.01-0000851968.XLS,Q00897.01-0000851968.XLS,.xls,22313,ok,True,True,text,True,1,0,64,False,0,False,50-100,Money/Amount,False,Financial Account Information,False,,ambiguous,True,no,3754,likely_non_responsive,roster_by_rowcount bde_llm_count,False,False,0,0,0,0,0,0,4.005,True,False,False,stage1_nr,False,,,0,False,,False,,3754
CNG_Data2k/files/Q00897.01-0000676340.MSG,Q00897.01-0000676340.MSG,.msg,161792,ok,True,False,text,False,0,2,7,False,5,False,0-10,Name | Address | Email | Phone,True,Contact Information,False,,ambiguous,True,yes,14437,standard,bde_llm_count,False,False,0,0,0,0,0,0,64.6,False,False,True,,True,borderline,no,7687,False,likely_non_responsive,True,,22124
CNG_Data2k/files/Q00897.01-0000102486.MSG,Q00897.01-0000102486.MSG,.msg,6025728,ok,True,False,text,False,0,3,2,False,0,False,0-10,Name | Email | Phone,True,Contact Information,False,,ambiguous,True,no,4612,likely_non_responsive,,False,False,0,0,0,0,0,0,2.227,True,False,False,stage1_nr,False,,,0,False,,False,,4612
CNG_Data2k/files/Q00897.01-0000890870.PDF,Q00897.01-0000890870.PDF,.pdf,21696,ok,True,False,text,False,4,0,30,False,30,False,20-50,Name | Phone,True,Contact Information,False,,ambiguous,True,yes,10412,standard,bde_llm_count_roster,False,False,0,0,0,0,0,0,9.111,False,False,True,,True,likely_yes,yes,5751,False,standard,False,,16163
CNG_Data2k/files/Q00897.01-0000259216.PDF,Q00897.01-0000259216.PDF,.pdf,21461,ok,True,False,text,False,2,0,1,False,0,False,0-10,Money/Amount,False,Financial Account Information,False,,clear_non_responsive,False,,0,likely_non_responsive,,False,False,0,0,0,0,0,0,0.044,True,False,False,stage1_nr,False,,,0,False,,False,,0
CNG_Data2k/files/Q00897.01-0000006155.PDF,Q00897.01-0000006155.PDF,.pdf,90129,ok,True,True,text,True,1,0,1,False,1,False,0-10,Name,False,,False,,ambiguous,True,yes,6772,standard,bde_llm_count,True,True,1,0,0,0,0,1,8.449,False,False,True,,True,likely_yes,yes,3868,False,standard,False,,10640
CNG_Data2k/files/Q00897.01-0000797509.0001.DOCX,Q00897.01-0000797509.0001.DOCX,.docx,18551,ok,True,False,text,False,0,0,3,False,0,False,0-10,Name | Address | Money/Amount | Health | Work-Related,True,Contact Information | Financial Account Information | Health-Related Information | Work-Related Information,False,,ambiguous,True,yes,4914,standard,,False,False,0,0,0,0,0,0,2.661,False,False,True,,True,likely_no,no,4994,False,likely_non_responsive,True,,9908
CNG_Data2k/files/Q00897.01-0000005549.PDF,Q00897.01-0000005549.PDF,.pdf,54893,ok,True,False,text,False,9,0,1,False,0,False,0-10,Name | Address | Email | Phone | Card Expiry/CVV | Money/Amount | Family | Work-Related,True,Contact Information | Financial Account Information | Family Information | Work-Related Information,False,,ambiguous,True,yes,7002,standard,,False,False,0,0,0,0,0,0,4.99,False,False,True,,True,clear_yes,yes,7018,False,standard,False,,14020
CNG_Data2k/files/Q00897.01-0000284406.0014.DOCX,Q00897.01-0000284406.0014.DOCX,.docx,119562,ok,True,False,text,False,0,0,1,False,0,False,0-10,Money/Amount,False,Financial Account Information,False,,clear_non_responsive,False,,0,likely_non_responsive,,False,False,0,0,0,0,0,0,0.08,True,False,False,stage1_nr,False,,,0,False,,False,,0
CNG_Data2k/files/Q00897.01-0000117164.PDF,Q00897.01-0000117164.PDF,.pdf,47528,ok,True,False,text,False,5,0,1,False,0,False,0-10,Money/Amount,False,Financial Account Information,False,,clear_non_responsive,False,,0,likely_non_responsive,,False,False,0,0,0,0,0,0,0.567,True,False,False,stage1_nr,False,,,0,False,,False,,0
CNG_Data2k/files/Q00897.01-0000356947.CSV,Q00897.01-0000356947.CSV,.csv,60502,ok,True,True,text,True,0,0,266,False,266,True,100+,SSN | Money/Amount,True,Government-Issued Identification | Financial Account Information,True,,clear_responsive,False,,6970,structured_bde,bde_llm_count_roster,False,False,0,0,0,0,0,0,65.673,False,True,True,,True,clear_yes,yes,8098,True,structured_bde,False,,15068
CNG_Data2k/files/Q00897.01-0000547442.0001.XLSX,Q00897.01-0000547442.0001.XLSX,.xlsx,70751,ok,True,True,text,True,1,0,56,False,0,False,50-100,Phone | Money/Amount,True,Contact Information | Financial Account Information,False,,ambiguous,True,no,17851,likely_non_responsive,bde_llm_count,False,False,0,0,0,0,0,0,2.131,True,False,False,stage1_nr,False,,,0,False,,False,,17851
CNG_Data2k/files/Q00897.01-0000283398.PDF,Q00897.01-0000283398.PDF,.pdf,107283,ok,True,True,text,True,2,0,18,False,0,False,10-20,Address | Phone | Card/Transaction | Money/Amount,True,Contact Information | Financial Account Information,False,,ambiguous,True,yes,6946,standard,bde_llm_count,True,True,2,0,0,0,0,1,9.339,False,False,True,,True,likely_no,no,3925,False,likely_non_responsive,True,,10871
CNG_Data2k/files/Q00897.01-0000539995.0001.PDF,Q00897.01-0000539995.0001.PDF,.pdf,22564,ok,True,False,text,False,1,0,1,False,0,False,0-10,Money/Amount,False,Financial Account Information,False,,clear_non_responsive,False,,0,likely_non_responsive,,False,False,0,0,0,0,0,0,0.025,True,False,False,stage1_nr,False,,,0,False,,False,,0
CNG_Data2k/files/Q00897.01-0000138995.PDF,Q00897.01-0000138995.PDF,.pdf,3150742,ok,True,True,text,True,15,0,212,False,51,True,100+,Name | Address | Email | Phone | Money/Amount,True,Contact Information | Financial Account Information,True,,ambiguous,True,yes,19896,structured_bde,bde_llm_count_roster,True,True,15,0,0,0,0,1,15.162,False,True,True,,True,likely_no,no,10420,True,likely_non_responsive,True,,30316
CNG_Data2k/files/Q00897.01-0000000101.PDF,Q00897.01-0000000101.PDF,.pdf,959519,ok,True,False,text,False,1,0,3,False,0,False,0-10,Name | Address | Email | Phone | SSN | Money/Amount | Work-Related,True,Contact Information | Government-Issued Identification | Financial Account Information | Work-Related Information,False,,clear_responsive,False,,0,standard,,False,False,0,0,0,0,0,0,3.158,False,False,True,,True,clear_yes,yes,4421,False,standard,False,,4421
CNG_Data2k/files/Q00897.01-0000792484.MSG,Q00897.01-0000792484.MSG,.msg,272896,ok,True,False,text,False,0,2,1,False,0,False,0-10,Card/Transaction,False,Financial Account Information,False,,ambiguous,True,no,3682,likely_non_responsive,,False,False,0,0,0,0,0,0,0.999,True,False,False,stage1_nr,False,,,0,False,,False,,3682
CNG_Data2k/files/Q00897.01-0000418727.MSG,Q00897.01-0000418727.MSG,.msg,180224,ok,True,False,text,False,0,2,5,False,0,False,0-10,Name | Email | Phone,True,Contact Information,False,,ambiguous,True,no,4512,likely_non_responsive,,False,False,0,0,0,0,0,0,2.004,True,False,False,stage1_nr,False,,,0,False,,False,,4512
CNG_Data2k/files/Q00897.01-0000106887.PDF,Q00897.01-0000106887.PDF,.pdf,894440,ok,True,False,text,False,12,0,4,False,0,False,0-10,Name | Address | Email | Money/Amount | Health | Work-Related,True,Contact Information | Financial Account Information | Health-Related Information | Work-Related Information,False,,ambiguous,True,yes,8623,standard,,True,True,12,0,0,0,0,1,11.918,False,False,True,,True,likely_yes,yes,8641,False,standard,False,,17264
CNG_Data2k/files/Q00897.01-0000884092.PDF,Q00897.01-0000884092.PDF,.pdf,100871,ok,True,False,text,False,1,0,1,False,0,False,0-10,Money/Amount,False,Financial Account Information,False,,clear_non_responsive,False,,0,likely_non_responsive,,False,False,0,0,0,0,0,0,0.241,True,False,False,stage1_nr,False,,,0,False,,False,,0
CNG_Data2k\files\Q00897.01-0000916127.XLS,Q00897.01-0000916127.XLS,.xls,21965,ok,True,True,text,True,1,0,59,False,59,True,50-100,SSN | Money/Amount,True,Government-Issued Identification | Financial Account Information,True,,clear_responsive,False,,3061,structured_bde,bde_llm_count_roster,False,False,0,0,0,0,0,0,3.961,False,True,True,,True,clear_yes,yes,4360,True,structured_bde,False,,7421
CNG_Data2k/files/Q00897.01-0000543105.0001.PDF,Q00897.01-0000543105.0001.PDF,.pdf,22572,ok,True,False,text,False,1,0,1,False,0,False,0-10,Money/Amount,False,Financial Account Information,False,,clear_non_responsive,False,,0,likely_non_responsive,,False,False,0,0,0,0,0,0,0.022,True,False,False,stage1_nr,False,,,0,False,,False,,0
CNG_Data2k/files/Q00897.01-0000728304.MSG,Q00897.01-0000728304.MSG,.msg,187392,ok,True,False,text,False,0,0,0,False,0,False,0-10,,False,,False,,clear_non_responsive,False,,0,likely_non_responsive,,False,False,0,0,0,0,0,0,1.222,True,False,False,stage1_nr,False,,,0,False,,False,,0
CNG_Data2k/files/Q00897.01-0000122108.TXT,Q00897.01-0000122108.TXT,.txt,43624,ok,True,False,text,False,0,0,1,False,0,False,0-10,Money/Amount,False,Financial Account Information,False,,clear_non_responsive,False,,0,likely_non_responsive,,False,False,0,0,0,0,0,0,0.077,True,False,False,stage1_nr,False,,,0,False,,False,,0
CNG_Data2k/files/Q00897.01-0000759573.MSG,Q00897.01-0000759573.MSG,.msg,50688,ok,True,False,text,False,0,0,7,False,6,False,0-10,Name | Address | Email | Phone,True,Contact Information,False,,ambiguous,True,yes,12379,standard,bde_llm_count,False,False,0,0,0,0,0,0,4.764,False,False,True,,True,likely_no,no,6641,False,likely_non_responsive,True,,19020
CNG_Data2k/files/Q00897.01-0000002896.PDF,Q00897.01-0000002896.PDF,.pdf,548506,ok,True,False,text,False,2,0,1,False,0,False,0-10,Name | Money/Amount | Work-Related,True,Financial Account Information | Work-Related Information,False,,ambiguous,True,yes,16790,standard,,False,False,0,0,0,0,0,0,5.693,False,False,True,,True,clear_yes,yes,16837,False,standard,False,,33627
CNG_Data2k/files/Q00897.01-0000689278.MSG,Q00897.01-0000689278.MSG,.msg,115200,ok,True,False,text,False,0,0,0,False,0,False,0-10,,False,,False,,clear_non_responsive,False,,0,likely_non_responsive,,False,False,0,0,0,0,0,0,0.088,True,False,False,stage1_nr,False,,,0,False,,False,,0
CNG_Data2k/files/Q00897.01-0000367763.MSG,Q00897.01-0000367763.MSG,.msg,193536,ok,True,False,text,False,0,0,2,False,0,False,0-10,Address | Email | Phone,True,Contact Information,False,,ambiguous,True,no,4146,likely_non_responsive,,False,False,0,0,0,0,0,0,1.77,True,False,False,stage1_nr,False,,,0,False,,False,,4146
CNG_Data2k/files/Q00897.01-0000652413.MSG,Q00897.01-0000652413.MSG,.msg,51712,ok,True,False,text,False,0,0,5,False,0,False,0-10,Name | Email,True,Contact Information,False,,ambiguous,True,no,4572,likely_non_responsive,,False,False,0,0,0,0,0,0,2.4,True,False,False,stage1_nr,False,,,0,False,,False,,4572
CNG_Data2k/files/Q00897.01-0000530501.0002.0001.PDF,Q00897.01-0000530501.0002.0001.PDF,.pdf,118547,ok,True,False,text,False,2,0,5,False,0,False,0-10,Name | Address | Phone | Money/Amount,True,Contact Information | Financial Account Information,False,,ambiguous,True,no,4598,likely_non_responsive,,False,False,0,0,0,0,0,0,1.343,True,False,False,stage1_nr,False,,,0,False,,False,,4598
CNG_Data2k/files/Q00897.01-0000866852.PDF,Q00897.01-0000866852.PDF,.pdf,1079779,ok,True,False,text,False,9,0,19,False,19,False,10-20,Address | Phone | SSN | Money/Amount,True,Contact Information | Government-Issued Identification | Financial Account Information,False,,clear_responsive,False,,7046,standard,"img_ocr:p5(1/1,+77chars) bde_llm_count_roster",False,False,0,1,1,1,0,1,69.454,False,False,True,,True,clear_yes,yes,8024,False,standard,False,,15070
CNG_Data2k/files/Q00897.01-0000000125.PDF,Q00897.01-0000000125.PDF,.pdf,1310249,ok,True,False,text,False,6,0,3,False,0,False,0-10,Name | Address | SSN | Date of Birth,True,Contact Information | Government-Issued Identification | Birth Information,False,,clear_responsive,False,,0,standard,,True,True,6,0,0,0,0,1,9.705,False,False,True,,True,clear_yes,yes,4993,False,standard,False,,4993
CNG_Data2k/files/Q00897.01-0000709035.0001.TXT,Q00897.01-0000709035.0001.TXT,.txt,2289,ok,True,False,text,False,0,0,15,False,0,False,10-20,Name | Address,True,Contact Information,False,,ambiguous,True,yes,8652,standard,bde_llm_count_roster,False,False,0,0,0,0,0,0,5.675,False,False,True,,True,likely_no,no,4841,False,likely_non_responsive,True,,13493
CNG_Data2k/files/Q00897.01-0000504395.MSG,Q00897.01-0000504395.MSG,.msg,97280,ok,True,False,text,False,0,0,3,False,0,False,0-10,Name | Address | Email | Tax ID | Money/Amount,True,Contact Information | Government-Issued Identification | Financial Account Information,False,,ambiguous,True,yes,4528,standard,,False,False,0,0,0,0,0,0,3.855,False,False,True,,True,borderline,no,4615,False,likely_non_responsive,True,,9143
CNG_Data2k/files/Q00897.01-0000717807.MSG,Q00897.01-0000717807.MSG,.msg,235520,ok,True,False,text,False,0,0,1,False,0,False,0-10,Address | Card/Transaction | Money/Amount,True,Contact Information | Financial Account Information,False,,ambiguous,True,no,4331,likely_non_responsive,,False,False,0,0,0,0,0,0,2.779,True,False,False,stage1_nr,False,,,0,False,,False,,4331
CNG_Data2k/files/Q00897.01-0000653427.0001.PDF,Q00897.01-0000653427.0001.PDF,.pdf,2911,ok,True,False,text,False,1,0,1,False,0,False,0-10,Address | Money/Amount,True,Contact Information | Financial Account Information,False,,ambiguous,True,no,3948,likely_non_responsive,,False,False,0,0,0,0,0,0,1.232,True,False,False,stage1_nr,False,,,0,False,,False,,3948
CNG_Data2k/files/Q00897.01-0000116831.PDF,Q00897.01-0000116831.PDF,.pdf,96507,ok,True,False,text,False,14,0,1,False,0,False,0-10,Money/Amount,False,Financial Account Information,False,,clear_non_responsive,False,,0,likely_non_responsive,,False,False,0,0,0,0,0,0,1.18,True,False,False,stage1_nr,False,,,0,False,,False,,0
CNG_Data2k/files/Q00897.01-0000559606.0001.XLSX,Q00897.01-0000559606.0001.XLSX,.xlsx,45794,ok,True,True,text,True,1,0,578,False,0,False,100+,Money/Amount,False,Financial Account Information,False,,ambiguous,True,no,11276,likely_non_responsive,roster_by_rowcount bde_llm_count,False,False,0,0,0,0,0,0,2.077,True,False,False,stage1_nr,False,,,0,False,,False,,11276
CNG_Data2k/files/Q00897.01-0000450981.0001.0004.XLSX,Q00897.01-0000450981.0001.0004.XLSX,.xlsx,153452,ok,True,True,text,True,15,0,78,False,0,False,50-100,Phone | Payment Card | Bank/Account Number | Money/Amount,True,Contact Information | Financial Account Information,False,,ambiguous,True,no,9204,likely_non_responsive,bde_llm_count,False,False,0,0,0,0,0,0,2.728,True,False,False,stage1_nr,False,,,0,False,,False,,9204
CNG_Data2k/files/Q00897.01-0000895383.PDF,Q00897.01-0000895383.PDF,.pdf,143446,ok,True,False,text,False,1,0,1,False,0,False,0-10,Name | Address | Phone | Money/Amount | Work-Related,True,Contact Information | Financial Account Information | Work-Related Information,False,,ambiguous,True,yes,4122,standard,,False,False,0,0,0,0,0,0,2.165,False,False,True,,True,clear_yes,yes,4170,False,standard,False,,8292
CNG_Data2k/files/Q00897.01-0000136152.PDF,Q00897.01-0000136152.PDF,.pdf,4535717,ok,True,True,text,True,15,0,272,False,0,False,100+,Name | Address | Email | Phone | Money/Amount,True,Contact Information | Financial Account Information,False,,ambiguous,True,yes,22800,standard,bde_llm_count,True,True,15,0,0,0,0,1,13.598,False,False,True,,True,likely_no,no,11839,True,likely_non_responsive,True,,34639
CNG_Data2k/files/Q00897.01-0000641257.0004.PDF,Q00897.01-0000641257.0004.PDF,.pdf,636135,ok,True,False,text,False,30,0,6,False,0,False,0-10,Name | Address | Email | Phone | Money/Amount | Health | Demographic | Work-Related,True,Contact Information | Financial Account Information | Health-Related Information | Demographic Information | Work-Related Information,False,,ambiguous,True,yes,7811,standard,,False,False,0,0,0,0,0,0,4.729,False,False,True,,True,likely_yes,yes,7836,False,standard,False,,15647
CNG_Data2k/files/Q00897.01-0000373122.MSG,Q00897.01-0000373122.MSG,.msg,229888,ok,True,False,text,False,0,0,3,False,0,False,0-10,Name | Address | Email | Phone | Money/Amount,True,Contact Information | Financial Account Information,False,,ambiguous,True,yes,5284,standard,,False,False,0,0,0,0,0,0,4.976,False,False,True,,True,borderline,no,5318,False,likely_non_responsive,True,,10602
CNG_Data2k/files/Q00897.01-0000895744.PDF,Q00897.01-0000895744.PDF,.pdf,11807,ok,True,False,text,False,1,0,0,False,0,False,0-10,,False,,False,,clear_non_responsive,False,,0,likely_non_responsive,,False,False,0,0,0,0,0,0,0.037,True,False,False,stage1_nr,False,,,0,False,,False,,0
CNG_Data2k/files/Q00897.01-0000635609.MSG,Q00897.01-0000635609.MSG,.msg,194560,ok,True,False,text,False,0,0,1,False,0,False,0-10,Address | Phone | Health,True,Contact Information | Health-Related Information,False,,ambiguous,True,no,8988,likely_non_responsive,,False,False,0,0,0,0,0,0,1.041,True,False,False,stage1_nr,False,,,0,False,,False,,8988
CNG_Data2k/files/Q00897.01-0000527101.0001.PDF,Q00897.01-0000527101.0001.PDF,.pdf,745679,ok,True,False,text,False,4,0,1,False,0,False,0-10,Money/Amount,False,Financial Account Information,False,,clear_non_responsive,False,,0,likely_non_responsive,,False,False,0,0,0,0,0,0,3.845,True,False,False,stage1_nr,False,,,0,False,,False,,0
CNG_Data2k/files/Q00897.01-0000638255.MSG,Q00897.01-0000638255.MSG,.msg,193024,ok,True,False,text,False,0,2,8,False,6,False,0-10,Name | Email | Phone | Money/Amount | Work-Related,True,Contact Information | Financial Account Information | Work-Related Information,False,,ambiguous,True,yes,22742,standard,bde_llm_count,False,False,0,0,0,0,0,0,5.841,False,False,True,,True,clear_yes,yes,11872,False,standard,False,,34614
CNG_Data2k/files/Q00897.01-0000516613.MSG,Q00897.01-0000516613.MSG,.msg,33280,ok,True,False,text,False,0,0,4,False,0,False,0-10,Name | Email | Phone | Money/Amount,True,Contact Information | Financial Account Information,False,,ambiguous,True,yes,4386,standard,,False,False,0,0,0,0,0,0,3.635,False,False,True,,True,likely_no,no,4392,False,likely_non_responsive,True,,8778
CNG_Data2k/files/Q00897.01-0000767219.MSG,Q00897.01-0000767219.MSG,.msg,407552,ok,True,False,text,False,0,2,4,False,0,False,0-10,Name | Address | Email | Phone | Bank/Account Number | Card/Transaction,True,Contact Information | Financial Account Information,False,,ambiguous,True,yes,5269,standard,,False,False,0,0,0,0,0,0,3.13,False,False,True,,True,likely_no,no,5317,False,likely_non_responsive,True,,10586
CNG_Data2k/files/Q00897.01-0000901530.PDF,Q00897.01-0000901530.PDF,.pdf,12767,ok,True,False,text,False,2,0,1,False,0,False,0-10,Money/Amount,False,Financial Account Information,False,,clear_non_responsive,False,,0,likely_non_responsive,,False,False,0,0,0,0,0,0,0.239,True,False,False,stage1_nr,False,,,0,False,,False,,0
CNG_Data2k/files/Q00897.01-0000670211.MSG,Q00897.01-0000670211.MSG,.msg,212992,ok,True,False,text,False,0,2,3,False,0,False,0-10,Name | Phone,True,Contact Information,False,,ambiguous,True,no,3722,likely_non_responsive,,False,False,0,0,0,0,0,0,1.245,True,False,False,stage1_nr,False,,,0,False,,False,,3722
CNG_Data2k/files/Q00897.01-0000890145.PDF,Q00897.01-0000890145.PDF,.pdf,22931,ok,True,False,text,False,4,0,30,False,30,False,20-50,Name | Phone,True,Contact Information,False,,ambiguous,True,yes,10861,standard,bde_llm_count_roster,False,False,0,0,0,0,0,0,7.947,False,False,True,,True,likely_no,no,6019,False,likely_non_responsive,True,,16880
CNG_Data2k/files/Q00897.01-0000108907.PDF,Q00897.01-0000108907.PDF,.pdf,286115,ok,True,False,text,False,3,0,1,False,0,False,0-10,Name | Phone | Money/Amount,True,Contact Information | Financial Account Information,False,,ambiguous,True,no,6715,likely_non_responsive,"img_ocr:p1,p1,p3(3/3,+575chars)",False,False,0,3,3,3,0,3,14.385,True,False,False,stage1_nr,False,,,0,False,,False,,6715
CNG_Data2k/files/Q00897.01-0000809658.0002.PDF,Q00897.01-0000809658.0002.PDF,.pdf,67658,ok,True,False,text,False,3,0,1,False,0,False,0-10,Name | Work-Related,True,Work-Related Information,False,,ambiguous,True,no,5520,likely_non_responsive,,False,False,0,0,0,0,0,0,1.635,True,False,False,stage1_nr,False,,,0,False,,False,,5520
CNG_Data2k/files/Q00897.01-0000887189.PDF,Q00897.01-0000887189.PDF,.pdf,185296,ok,True,False,text,False,1,0,2,False,0,False,0-10,Name | Address | Money/Amount,True,Contact Information | Financial Account Information,False,,ambiguous,True,no,3938,likely_non_responsive,,False,False,0,0,0,0,0,0,1.147,True,False,False,stage1_nr,False,,,0,False,,False,,3938
CNG_Data2k/files/Q00897.01-0000345608.PDF,Q00897.01-0000345608.PDF,.pdf,11943,ok,True,False,text,False,2,0,1,False,0,False,0-10,Money/Amount,False,Financial Account Information,False,,clear_non_responsive,False,,0,likely_non_responsive,,False,False,0,0,0,0,0,0,0.113,True,False,False,stage1_nr,False,,,0,False,,False,,0
CNG_Data2k/files/Q00897.01-0000777514.0001.PDF,Q00897.01-0000777514.0001.PDF,.pdf,6397763,ok,True,False,text,False,20,0,2,False,0,False,0-10,Name | Phone,True,Contact Information,False,,ambiguous,True,yes,12223,standard,,False,False,0,0,0,0,0,0,43.848,False,False,True,,True,likely_yes,yes,12293,False,standard,False,,24516
CNG_Data2k/files/Q00897.01-0000327943.XLSX,Q00897.01-0000327943.XLSX,.xlsx,19723,ok,True,True,text,True,1,0,5,False,0,False,0-10,Phone | Money/Amount,True,Contact Information | Financial Account Information,False,,ambiguous,True,no,7372,likely_non_responsive,bde_llm_count,False,False,0,0,0,0,0,0,2.088,True,False,False,stage1_nr,False,,,0,False,,False,,7372
CNG_Data2k/files/Q00897.01-0000018440.XLSX,Q00897.01-0000018440.XLSX,.xlsx,27681,ok,True,True,text,True,3,0,165,False,165,True,100+,Name | Phone | Money/Amount | Work-Related,True,Contact Information | Financial Account Information | Work-Related Information,True,,ambiguous,True,yes,7956,structured_bde,roster_by_rowcount bde_llm_count_roster,False,False,0,0,0,0,0,0,7.075,False,True,True,,True,likely_yes,yes,4467,True,structured_bde,False,,12423
CNG_Data2k/files/Q00897.01-0000841782.0001.XLSX,Q00897.01-0000841782.0001.XLSX,.xlsx,1804422,ok,True,True,text,True,23,0,226,False,0,False,100+,Phone | Payment Card,True,Contact Information | Financial Account Information,False,,ambiguous,True,no,11480,likely_non_responsive,bde_llm_count,False,False,0,0,0,0,0,0,4.654,True,False,False,stage1_nr,False,,,0,False,,False,,11480
CNG_Data2k/files/Q00897.01-0000288615.PDF,Q00897.01-0000288615.PDF,.pdf,3399728,ok,True,False,text,False,9,0,1,False,0,False,0-10,Money/Amount,False,Financial Account Information,False,,clear_non_responsive,False,,0,likely_non_responsive,"img_ocr:p2,p4(2/2,+34chars)",False,False,0,2,2,2,0,2,13.963,True,False,False,stage1_nr,False,,,0,False,,False,,0
CNG_Data2k/files/Q00897.01-0000681991.0001.PDF,Q00897.01-0000681991.0001.PDF,.pdf,176601,ok,True,False,text,False,1,0,1,False,0,False,0-10,Money/Amount,False,Financial Account Information,False,,clear_non_responsive,False,,0,likely_non_responsive,,False,False,0,0,0,0,0,0,0.122,True,False,False,stage1_nr,False,,,0,False,,False,,0
CNG_Data2k/files/Q00897.01-0000890119.PDF,Q00897.01-0000890119.PDF,.pdf,13462,ok,True,False,text,False,1,0,5,False,0,False,0-10,Name | Address,True,Contact Information,False,,ambiguous,True,yes,4571,standard,,False,False,0,0,0,0,0,0,3.926,False,False,True,,True,likely_yes,yes,4624,False,standard,False,,9195
CNG_Data2k/files/Q00897.01-0000111336.XLSX,Q00897.01-0000111336.XLSX,.xlsx,45875,ok,True,True,text,True,1,0,369,False,2,False,100+,Name | Money/Amount,False,Financial Account Information,False,,ambiguous,True,no,18836,likely_non_responsive,roster_by_rowcount bde_llm_count,False,False,0,0,0,0,0,0,4.049,True,False,False,stage1_nr,False,,,0,False,,False,,18836
CNG_Data2k/files/Q00897.01-0000601581.MSG,Q00897.01-0000601581.MSG,.msg,108032,ok,True,False,text,False,0,0,7,False,7,False,0-10,Name | Email | Phone,True,Contact Information,False,,ambiguous,True,yes,8574,standard,bde_llm_count,False,False,0,0,0,0,0,0,4.545,False,False,True,,True,likely_no,no,4728,False,likely_non_responsive,True,,13302
CNG_Data2k/files/Q00897.01-0000641284.MSG,Q00897.01-0000641284.MSG,.msg,72192,ok,True,False,text,False,0,1,3,False,0,False,0-10,Name | Email | Phone,True,Contact Information,False,,ambiguous,True,yes,6695,standard,,False,False,0,0,0,0,0,0,2.672,False,False,True,,True,likely_no,no,6745,False,likely_non_responsive,True,,13440
CNG_Data2k/files/Q00897.01-0000375399.MSG,Q00897.01-0000375399.MSG,.msg,145408,ok,True,False,text,False,0,1,0,False,0,False,0-10,,False,,False,,clear_non_responsive,False,,0,likely_non_responsive,,False,False,0,0,0,0,0,0,0.091,True,False,False,stage1_nr,False,,,0,False,,False,,0
CNG_Data2k/files/Q00897.01-0000913131.PDF,Q00897.01-0000913131.PDF,.pdf,37994,ok,True,True,text,True,2,0,27,False,27,False,20-50,Address | Phone | SSN | Money/Amount,True,Contact Information | Government-Issued Identification | Financial Account Information,False,,clear_responsive,False,,3754,standard,bde_llm_count_roster,True,True,2,0,0,0,0,1,10.373,False,False,True,,True,clear_yes,yes,4683,False,standard,False,,8437
CNG_Data2k/files/Q00897.01-0000012376.PDF,Q00897.01-0000012376.PDF,.pdf,2430984,ok,True,False,text,False,1,0,2,False,0,False,0-10,Name | Address | Email | Phone | SSN | Money/Amount | Work-Related,True,Contact Information | Government-Issued Identification | Financial Account Information | Work-Related Information,False,,clear_responsive,False,,0,standard,,False,False,0,0,0,0,0,0,1.573,False,False,True,,True,clear_yes,yes,4231,False,standard,False,,4231
CNG_Data2k/files/Q00897.01-0000482223.MSG,Q00897.01-0000482223.MSG,.msg,46592,ok,True,False,text,False,0,0,10,False,10,False,0-10,Name | Email | Money/Amount,True,Contact Information | Financial Account Information,False,,ambiguous,True,yes,11319,standard,bde_llm_count,False,False,0,0,0,0,0,0,7.315,False,False,True,,True,clear_no,no,6098,False,likely_non_responsive,True,,17417
CNG_Data2k/files/Q00897.01-0000831260.0001.XLSX,Q00897.01-0000831260.0001.XLSX,.xlsx,266781,ok,True,True,text,True,7,0,69,False,69,True,50-100,Name | Card/Transaction,False,Financial Account Information,True,,ambiguous,True,yes,8618,structured_bde,bde_llm_count_roster,False,False,0,0,0,0,0,0,6.996,False,True,True,,True,clear_no,no,4643,True,likely_non_responsive,True,,13261
CNG_Data2k/files/Q00897.01-0000854816.PDF,Q00897.01-0000854816.PDF,.pdf,122454,ok,True,False,text,False,2,0,1,False,0,False,0-10,Money/Amount,False,Financial Account Information,False,,clear_non_responsive,False,,0,likely_non_responsive,,False,False,0,0,0,0,0,0,0.067,True,False,False,stage1_nr,False,,,0,False,,False,,0
CNG_Data2k\files\Q00897.01-0000118955.DOC,Q00897.01-0000118955.DOC,.doc,109927,ok,True,False,text,False,0,0,3,False,0,False,0-10,Name | Phone,True,Contact Information,False,,ambiguous,True,yes,2050,standard,,False,False,0,0,0,0,0,0,2.359,False,False,True,,True,likely_yes,yes,2232,False,standard,False,,4282
CNG_Data2k/files/Q00897.01-0000481588.0001.PDF,Q00897.01-0000481588.0001.PDF,.pdf,482195,ok,True,False,text,False,34,0,14,False,7,False,10-20,Name | Address | Email | Phone | Money/Amount | Health,True,Contact Information | Financial Account Information | Health-Related Information,False,,ambiguous,True,no,15778,likely_non_responsive,bde_llm_count,False,False,0,0,0,0,0,0,5.945,True,False,False,stage1_nr,False,,,0,False,,False,,15778
CNG_Data2k/files/Q00897.01-0000764859.MSG,Q00897.01-0000764859.MSG,.msg,175616,ok,True,False,text,False,0,1,5,False,0,False,0-10,Name | Address | Email | Phone,True,Contact Information,False,,ambiguous,True,yes,6855,standard,,False,False,0,0,0,0,0,0,5.424,False,False,True,,True,likely_no,no,6861,False,likely_non_responsive,True,,13716
CNG_Data2k/files/Q00897.01-0000616899.0003.PDF,Q00897.01-0000616899.0003.PDF,.pdf,122399,ok,True,False,text,False,4,0,2,False,0,False,0-10,Name | Address | Email | Health,True,Contact Information | Health-Related Information,False,,ambiguous,True,no,5907,likely_non_responsive,,False,False,0,0,0,0,0,0,1.408,True,False,False,stage1_nr,False,,,0,False,,False,,5907
CNG_Data2k/files/Q00897.01-0000455575.MSG,Q00897.01-0000455575.MSG,.msg,202240,ok,True,False,text,False,0,0,2,False,0,False,0-10,Name | Address | Email | Phone | Money/Amount,True,Contact Information | Financial Account Information,False,,ambiguous,True,no,4112,likely_non_responsive,,False,False,0,0,0,0,0,0,1.768,True,False,False,stage1_nr,False,,,0,False,,False,,4112
CNG_Data2k/files/Q00897.01-0000013486.PDF,Q00897.01-0000013486.PDF,.pdf,121790,ok,True,True,text,True,1,0,15,False,1,False,10-20,Name | Address | Money/Amount,True,Contact Information | Financial Account Information,False,,ambiguous,True,yes,7065,standard,bde_llm_count,True,True,1,0,0,0,0,1,7.732,False,False,True,,True,clear_yes,yes,3985,False,standard,False,,11050
CNG_Data2k/files/Q00897.01-0000846194.MSG,Q00897.01-0000846194.MSG,.msg,28160,ok,True,False,text,False,0,0,2,False,0,False,0-10,Name | Address | Email | Phone,True,Contact Information,False,,ambiguous,True,yes,4563,standard,,False,False,0,0,0,0,0,0,2.756,False,False,True,,True,borderline,no,4638,False,likely_non_responsive,True,,9201
CNG_Data2k/files/Q00897.01-0000761973.MSG,Q00897.01-0000761973.MSG,.msg,84480,ok,True,False,text,False,0,0,98,False,98,True,50-100,Name | Address | Email,True,Contact Information,True,,ambiguous,True,yes,19068,bde,bde_llm_count_roster,False,False,0,0,0,0,0,0,15.476,False,True,True,,True,likely_yes,yes,10354,True,bde,False,,29422
CNG_Data2k/files/Q00897.01-0000107320.PDF,Q00897.01-0000107320.PDF,.pdf,299931,ok,True,True,text,True,15,0,226,False,3,False,100+,Address | Email | Phone | SSN | Money/Amount | Work-Related,True,Contact Information | Government-Issued Identification | Financial Account Information | Work-Related Information,False,,clear_responsive,False,,9869,standard,bde_llm_count,True,True,15,0,0,0,0,1,17.626,False,False,True,,True,likely_no,no,10667,True,likely_non_responsive,True,,20536
CNG_Data2k/files/Q00897.01-0000523806.0001.PDF,Q00897.01-0000523806.0001.PDF,.pdf,23221,ok,True,False,text,False,2,0,1,False,0,False,0-10,Phone,True,Contact Information,False,,ambiguous,True,no,3848,likely_non_responsive,,False,False,0,0,0,0,0,0,1.065,True,False,False,stage1_nr,False,,,0,False,,False,,3848
CNG_Data2k/files/Q00897.01-0000910272.PDF,Q00897.01-0000910272.PDF,.pdf,12441,ok,True,False,text,False,1,0,0,False,0,False,0-10,,False,,False,,clear_non_responsive,False,,0,likely_non_responsive,,False,False,0,0,0,0,0,0,0.039,True,False,False,stage1_nr,False,,,0,False,,False,,0
CNG_Data2k/files/Q00897.01-0000825698.0001.DOCX,Q00897.01-0000825698.0001.DOCX,.docx,28427,ok,True,False,text,False,0,0,1,False,0,False,0-10,Name | Money/Amount,True,Financial Account Information,False,,ambiguous,True,no,4901,likely_non_responsive,,False,False,0,0,0,0,0,0,0.918,True,False,False,stage1_nr,False,,,0,False,,False,,4901
CNG_Data2k/files/Q00897.01-0000440175.0001.PDF,Q00897.01-0000440175.0001.PDF,.pdf,71401,ok,True,False,text,False,2,0,0,False,0,False,0-10,,False,,False,,clear_non_responsive,False,,0,likely_non_responsive,"img_ocr:p1(1/1,+24chars)",False,False,0,1,1,1,0,1,4.194,True,False,False,stage1_nr,False,,,0,False,,False,,0
CNG_Data2k/files/Q00897.01-0000005150.PDF,Q00897.01-0000005150.PDF,.pdf,156126,ok,True,False,text,False,4,0,2,False,0,False,0-10,Name | Money/Amount | Work-Related,False,Financial Account Information | Work-Related Information,False,,ambiguous,True,yes,4327,standard,,False,False,0,0,0,0,0,0,5.615,False,False,True,,True,clear_yes,yes,4350,False,standard,False,,8677
CNG_Data2k/files/Q00897.01-0000786468.MSG,Q00897.01-0000786468.MSG,.msg,2053632,ok,True,False,text,False,0,2,6,False,0,False,0-10,Name | Address | Email | Phone | Card/Transaction,True,Contact Information | Financial Account Information,False,,ambiguous,True,yes,4321,standard,,False,False,0,0,0,0,0,0,3.476,False,False,True,,True,borderline,no,4354,False,likely_non_responsive,True,,8675
CNG_Data2k/files/Q00897.01-0000231217.PDF,Q00897.01-0000231217.PDF,.pdf,165444,ok,True,True,text,True,3,0,15,False,2,False,10-20,Name | Address | Phone | Tax ID | Bank/Account Number | Money/Amount,True,Contact Information | Government-Issued Identification | Financial Account Information,False,,ambiguous,True,yes,9233,standard,bde_llm_count,True,True,3,0,0,0,0,1,8.966,False,False,True,,True,likely_no,no,5059,False,likely_non_responsive,True,,14292
CNG_Data2k/files/Q00897.01-0000650888.MSG,Q00897.01-0000650888.MSG,.msg,20992,ok,True,False,text,False,0,0,0,False,0,False,0-10,,False,,False,,clear_non_responsive,False,,0,likely_non_responsive,,False,False,0,0,0,0,0,0,0.02,True,False,False,stage1_nr,False,,,0,False,,False,,0
CNG_Data2k/files/Q00897.01-0000757689.MSG,Q00897.01-0000757689.MSG,.msg,112640,ok,True,False,text,False,0,0,1,False,0,False,0-10,Address | Money/Amount | Health | Demographic | Work-Related,True,Contact Information | Financial Account Information | Health-Related Information | Demographic Information | Work-Related Information,False,,ambiguous,True,no,7118,likely_non_responsive,,False,False,0,0,0,0,0,0,3.911,True,False,False,stage1_nr,False,,,0,False,,False,,7118
CNG_Data2k/files/Q00897.01-0000262612.PDF,Q00897.01-0000262612.PDF,.pdf,652212,ok,True,False,text,False,309,0,73,False,0,False,50-100,Address | Phone | Payment Card | Money/Amount,True,Contact Information | Financial Account Information,False,,ambiguous,True,no,27310,likely_non_responsive,bde_llm_count,False,False,0,0,0,0,0,0,7.456,True,False,False,stage1_nr,False,,,0,False,,False,,27310
CNG_Data2k/files/Q00897.01-0000361254.MSG,Q00897.01-0000361254.MSG,.msg,237056,ok,True,False,text,False,0,0,1,False,0,False,0-10,Address,True,Contact Information,False,,ambiguous,True,no,3879,likely_non_responsive,,False,False,0,0,0,0,0,0,60.681,True,False,False,stage1_nr,False,,,0,False,,False,,3879
CNG_Data2k/files/Q00897.01-0000005962.PDF,Q00897.01-0000005962.PDF,.pdf,72640,ok,True,False,text,False,1,0,0,False,0,False,0-10,,False,,False,,clear_non_responsive,False,,0,likely_non_responsive,,True,True,1,0,0,0,0,1,4.299,True,False,False,stage1_nr,False,,,0,False,,False,,0
CNG_Data2k/files/Q00897.01-0000343102.PDF,Q00897.01-0000343102.PDF,.pdf,255612,ok,True,False,text,False,1,0,1,False,0,False,0-10,Name | Address | Phone | Money/Amount,True,Contact Information | Financial Account Information,False,,ambiguous,True,yes,4361,standard,"img_ocr:p1(1/1,+41chars)",False,False,0,1,1,1,0,1,7.245,False,False,True,,True,borderline,no,4430,False,likely_non_responsive,True,,8791
CNG_Data2k/files/Q00897.01-0000809114.0001.PDF,Q00897.01-0000809114.0001.PDF,.pdf,145268,ok,True,False,text,False,5,0,2,False,0,False,0-10,Name | Address | Money/Amount,True,Contact Information | Financial Account Information,False,,ambiguous,True,no,6786,likely_non_responsive,"img_ocr:p5(1/1,+12chars)",False,False,0,1,1,1,0,1,5.056,True,False,False,stage1_nr,False,,,0,False,,False,,6786
CNG_Data2k/files/Q00897.01-0000576710.0001.PDF,Q00897.01-0000576710.0001.PDF,.pdf,21152,ok,True,False,text,False,1,0,0,False,0,False,0-10,,False,,False,,clear_non_responsive,False,,0,likely_non_responsive,,False,False,0,0,0,0,0,0,0.046,True,False,False,stage1_nr,False,,,0,False,,False,,0
CNG_Data2k/files/Q00897.01-0000554868.MSG,Q00897.01-0000554868.MSG,.msg,202752,ok,True,False,text,False,0,0,2,False,0,False,0-10,Address | Email | Phone | Credentials,True,Contact Information | Access Credentials,False,,ambiguous,True,no,3978,likely_non_responsive,,False,False,0,0,0,0,0,0,1.845,True,False,False,stage1_nr,False,,,0,False,,False,,3978
CNG_Data2k/files/Q00897.01-0000854835.XLSX,Q00897.01-0000854835.XLSX,.xlsx,51443,ok,True,True,text,True,3,0,67,False,8,True,50-100,Name | Address | Money/Amount,True,Contact Information | Financial Account Information,True,,ambiguous,True,yes,11296,structured_bde,bde_llm_count_roster,False,False,0,0,0,0,0,0,7.519,False,True,True,,True,clear_yes,yes,6130,True,structured_bde,False,,17426
CNG_Data2k/files/Q00897.01-0000484212.0001.PDF,Q00897.01-0000484212.0001.PDF,.pdf,78363,ok,True,False,text,False,7,0,0,False,0,False,0-10,,False,,False,,clear_non_responsive,False,,0,likely_non_responsive,,False,False,0,0,0,0,0,0,0.992,True,False,False,stage1_nr,False,,,0,False,,False,,0
CNG_Data2k/files/Q00897.01-0000696873.MSG,Q00897.01-0000696873.MSG,.msg,179200,ok,True,False,text,False,0,0,1,False,0,False,0-10,Name | Address | Email | Account Balance | Money/Amount,True,Contact Information | Financial Account Information,False,,ambiguous,True,yes,4277,standard,,False,False,0,0,0,0,0,0,3.386,False,False,True,,True,clear_yes,yes,4349,False,standard,False,,8626
CNG_Data2k/files/Q00897.01-0000849724.MSG,Q00897.01-0000849724.MSG,.msg,1324544,ok,True,False,text,False,0,2,7,False,4,False,0-10,Name | Address | Email | Phone | Card/Transaction | Money/Amount,True,Contact Information | Financial Account Information,False,,ambiguous,True,yes,9529,standard,bde_llm_count,False,False,0,0,0,0,0,0,7.209,False,False,True,,True,likely_no,no,5223,False,likely_non_responsive,True,,14752
CNG_Data2k/files/Q00897.01-0000711790.MSG,Q00897.01-0000711790.MSG,.msg,132608,ok,True,False,text,False,0,0,1,False,0,False,0-10,Name,False,,False,,ambiguous,True,yes,3807,standard,,False,False,0,0,0,0,0,0,2.661,False,False,True,,True,borderline,no,3880,False,likely_non_responsive,True,,7687
CNG_Data2k/files/Q00897.01-0000430722.0001.XLSX,Q00897.01-0000430722.0001.XLSX,.xlsx,2053894,ok,True,True,text,True,14,0,695,False,0,False,100+,Phone | Money/Amount,True,Contact Information | Financial Account Information,False,,ambiguous,True,no,9646,likely_non_responsive,bde_llm_count,False,False,0,0,0,0,0,0,3.923,True,False,False,stage1_nr,False,,,0,False,,False,,9646
CNG_Data2k/files/Q00897.01-0000375571.MSG,Q00897.01-0000375571.MSG,.msg,172032,ok,True,False,text,False,0,0,1,False,0,False,0-10,Address | Money/Amount,True,Contact Information | Financial Account Information,False,,ambiguous,True,no,3931,likely_non_responsive,,False,False,0,0,0,0,0,0,1.556,True,False,False,stage1_nr,False,,,0,False,,False,,3931
CNG_Data2k/files/Q00897.01-0000407435.MSG,Q00897.01-0000407435.MSG,.msg,283648,ok,True,False,text,False,0,4,4,False,0,False,0-10,Name | Address | Email | Phone | Money/Amount,True,Contact Information | Financial Account Information,False,,ambiguous,True,yes,7009,standard,,False,False,0,0,0,0,0,0,6.617,False,False,True,,True,likely_no,no,7056,False,likely_non_responsive,True,,14065
CNG_Data2k/files/Q00897.01-0000039590.PDF,Q00897.01-0000039590.PDF,.pdf,120735,ok,True,True,text,True,1,0,5,False,0,False,0-10,Name | Address | Bank/Account Number | Money/Amount,True,Contact Information | Financial Account Information,False,,ambiguous,True,no,7092,likely_non_responsive,bde_llm_count,True,True,1,0,0,0,0,1,6.472,True,False,False,stage1_nr,False,,,0,False,,False,,7092
CNG_Data2k\files\Q00897.01-0000472303.0001.DOC,Q00897.01-0000472303.0001.DOC,.doc,183081,ok,True,False,text,False,0,0,1,False,0,False,0-10,Phone | Card Expiry/CVV | Card/Transaction | Money/Amount,True,Contact Information | Financial Account Information,False,,ambiguous,True,yes,2030,standard,,False,False,0,0,0,0,0,0,2.093,False,False,True,,True,clear_yes,yes,2231,False,standard,False,,4261
CNG_Data2k/files/Q00897.01-0000399406.MSG,Q00897.01-0000399406.MSG,.msg,167424,ok,True,False,text,False,0,0,1,False,0,False,0-10,Name | Bank/Account Number,True,Financial Account Information,False,,ambiguous,True,yes,6408,standard,,False,False,0,0,0,0,0,0,3.278,False,False,True,,True,borderline,no,6463,False,likely_non_responsive,True,,12871
CNG_Data2k/files/Q00897.01-0000721583.MSG,Q00897.01-0000721583.MSG,.msg,114688,ok,True,False,text,False,0,0,6,False,0,False,0-10,Name | Email | Phone | Money/Amount,True,Contact Information | Financial Account Information,False,,ambiguous,True,no,4289,likely_non_responsive,,False,False,0,0,0,0,0,0,1.783,True,False,False,stage1_nr,False,,,0,False,,False,,4289
CNG_Data2k/files/Q00897.01-0000399602.0001.PDF,Q00897.01-0000399602.0001.PDF,.pdf,49556,ok,True,False,text,False,17,0,1,False,0,False,0-10,Address | Card/Transaction | Money/Amount,True,Contact Information | Financial Account Information,False,,ambiguous,True,no,15702,likely_non_responsive,,False,False,0,0,0,0,0,0,1.718,True,False,False,stage1_nr,False,,,0,False,,False,,15702
CNG_Data2k/files/Q00897.01-0000651737.0001.PDF,Q00897.01-0000651737.0001.PDF,.pdf,31594,ok,True,True,text,True,1,0,3,False,0,False,0-10,Name | Address | Phone | Card Expiry/CVV | Money/Amount,True,Contact Information | Financial Account Information,False,,ambiguous,True,no,7393,likely_non_responsive,bde_llm_count,True,True,1,0,0,0,0,1,6.576,True,False,False,stage1_nr,False,,,0,False,,False,,7393
CNG_Data2k/files/Q00897.01-0000244974.PDF,Q00897.01-0000244974.PDF,.pdf,774173,ok,True,True,text,True,3,0,21,False,0,False,20-50,Address | Phone | Bank/Account Number | Money/Amount | Health,True,Contact Information | Financial Account Information | Health-Related Information,False,,ambiguous,True,no,8022,likely_non_responsive,bde_llm_count,True,True,3,0,0,0,0,1,7.931,True,False,False,stage1_nr,False,,,0,False,,False,,8022
CNG_Data2k/files/Q00897.01-0000342177.DOCX,Q00897.01-0000342177.DOCX,.docx,43801,ok,True,False,text,False,0,0,1,False,0,False,0-10,Name | Address | Health,True,Contact Information | Health-Related Information,False,,ambiguous,True,no,6956,likely_non_responsive,,False,False,0,0,0,0,0,0,1.848,True,False,False,stage1_nr,False,,,0,False,,False,,6956
CNG_Data2k/files/Q00897.01-0000857983.XLSX,Q00897.01-0000857983.XLSX,.xlsx,53009,ok,True,True,text,True,5,0,212,False,212,True,100+,Name | Credentials | Work-Related,False,Access Credentials | Work-Related Information,True,,ambiguous,True,yes,9814,structured_bde,roster_by_rowcount bde_llm_count_roster,False,False,0,0,0,0,0,0,4.941,False,True,True,,True,clear_yes,yes,5386,True,structured_bde,False,,15200
CNG_Data2k/files/Q00897.01-0000720691.MSG,Q00897.01-0000720691.MSG,.msg,431104,ok,True,False,text,False,0,0,1,False,0,False,0-10,Name | Address | Money/Amount | Demographic,True,Contact Information | Financial Account Information | Demographic Information,False,,ambiguous,True,no,8711,likely_non_responsive,,False,False,0,0,0,0,0,0,5.143,True,False,False,stage1_nr,False,,,0,False,,False,,8711
CNG_Data2k/files/Q00897.01-0000014238.PDF,Q00897.01-0000014238.PDF,.pdf,185367,ok,True,False,text,False,2,0,3,False,0,False,0-10,Name | Money/Amount | Health,False,Financial Account Information | Health-Related Information,False,,ambiguous,True,yes,4262,standard,,False,False,0,0,0,0,0,0,3.002,False,False,True,,True,likely_yes,yes,4324,False,standard,False,,8586
CNG_Data2k/files/Q00897.01-0000810794.0001.DOCX,Q00897.01-0000810794.0001.DOCX,.docx,32120,ok,True,False,text,False,0,0,1,False,0,False,0-10,Name | Address | Card Expiry/CVV,True,Contact Information | Financial Account Information,False,,ambiguous,True,no,6398,likely_non_responsive,,False,False,0,0,0,0,0,0,1.203,True,False,False,stage1_nr,False,,,0,False,,False,,6398
CNG_Data2k/files/Q00897.01-0000119287.PDF,Q00897.01-0000119287.PDF,.pdf,4208371,ok,True,True,text,True,10,0,26,False,2,False,20-50,Name | Address | Email | Phone | Money/Amount | Health | Demographic | Work-Related,True,Contact Information | Financial Account Information | Health-Related Information | Demographic Information | Work-Related Information,False,,ambiguous,True,yes,16646,standard,bde_llm_count,True,True,10,0,0,0,0,1,13.975,False,False,True,,True,clear_yes,yes,8841,False,standard,False,,25487
CNG_Data2k/files/Q00897.01-0000244533.PDF,Q00897.01-0000244533.PDF,.pdf,838938,ok,True,True,text,True,1,0,6,False,0,False,0-10,Name | Address | Email | Phone,True,Contact Information,False,,ambiguous,True,no,6928,likely_non_responsive,bde_llm_count,True,True,1,0,0,0,0,1,6.877,True,False,False,stage1_nr,False,,,0,False,,False,,6928
CNG_Data2k/files/Q00897.01-0000535106.0001.PDF,Q00897.01-0000535106.0001.PDF,.pdf,22378,ok,True,False,text,False,1,0,0,False,0,False,0-10,,False,,False,,clear_non_responsive,False,,0,likely_non_responsive,,False,False,0,0,0,0,0,0,0.025,True,False,False,stage1_nr,False,,,0,False,,False,,0
CNG_Data2k/files/Q00897.01-0000356168.DOCX,Q00897.01-0000356168.DOCX,.docx,1621092,ok,True,False,text,False,0,0,1,False,0,False,0-10,Money/Amount,False,Financial Account Information,False,,clear_non_responsive,False,,0,likely_non_responsive,,False,False,0,0,0,0,0,0,0.142,True,False,False,stage1_nr,False,,,0,False,,False,,0
CNG_Data2k/files/Q00897.01-0000260047.PDF,Q00897.01-0000260047.PDF,.pdf,1322848,ok,True,True,text,True,15,0,695,False,695,True,100+,Name | Money/Amount,False,Financial Account Information,True,,ambiguous,True,yes,34235,structured_bde,bde_llm_count_roster,True,True,15,0,0,0,0,1,20.597,False,True,True,,True,likely_yes,yes,17624,True,structured_bde,False,,51859
CNG_Data2k/files/Q00897.01-0000791268.MSG,Q00897.01-0000791268.MSG,.msg,137728,ok,True,False,text,False,0,0,4,False,0,False,0-10,Name | Address | Email | Phone,True,Contact Information,False,,ambiguous,True,yes,5684,standard,,False,False,0,0,0,0,0,0,3.592,False,False,True,,True,likely_yes,yes,5730,False,standard,False,,11414
CNG_Data2k/files/Q00897.01-0000642442.MSG,Q00897.01-0000642442.MSG,.msg,21504,ok,True,False,text,False,0,0,0,False,0,False,0-10,,False,,False,,clear_non_responsive,False,,0,likely_non_responsive,,False,False,0,0,0,0,0,0,0.024,True,False,False,stage1_nr,False,,,0,False,,False,,0
CNG_Data2k/files/Q00897.01-0000473956.0001.PDF,Q00897.01-0000473956.0001.PDF,.pdf,34999,ok,True,False,text,False,2,0,2,False,0,False,0-10,Name | Address | Phone | Money/Amount,True,Contact Information | Financial Account Information,False,,ambiguous,True,yes,4439,standard,,False,False,0,0,0,0,0,0,2.211,False,False,True,,True,likely_no,no,4481,False,likely_non_responsive,True,,8920
CNG_Data2k/files/Q00897.01-0000474285.MSG,Q00897.01-0000474285.MSG,.msg,205312,ok,True,False,text,False,0,1,3,False,0,False,0-10,Name | Address | Email | Card/Transaction | Money/Amount,True,Contact Information | Financial Account Information,False,,ambiguous,True,yes,5356,standard,,False,False,0,0,0,0,0,0,2.717,False,False,True,,True,likely_yes,yes,5391,False,standard,False,,10747
CNG_Data2k/files/Q00897.01-0000826608.MSG,Q00897.01-0000826608.MSG,.msg,54784,error,False,False,,False,0,0,0,False,0,False,,,False,,False,,,False,,0,review_error,MalformedRtf,False,False,0,0,0,0,0,0,1.223,False,False,False,extract_error,False,,,0,False,,False,,0
CNG_Data2k/files/Q00897.01-0000079110.PDF,Q00897.01-0000079110.PDF,.pdf,110467,ok,True,True,text,True,1,0,5,False,0,False,0-10,Name | Address | Phone | Bank/Account Number | Money/Amount,True,Contact Information | Financial Account Information,False,,ambiguous,True,no,7204,likely_non_responsive,bde_llm_count,True,True,1,0,0,0,0,1,6.649,True,False,False,stage1_nr,False,,,0,False,,False,,7204
CNG_Data2k/files/Q00897.01-0000651750.0001.XLSX,Q00897.01-0000651750.0001.XLSX,.xlsx,11602,ok,True,True,text,True,1,0,0,False,0,False,0-10,Money/Amount,False,Financial Account Information,False,,ambiguous,True,no,8265,structured_unreadable,bde_llm_count,False,False,0,0,0,0,0,0,2.998,False,False,True,,True,clear_no,no,4619,False,likely_non_responsive,True,,12884
CNG_Data2k/files/Q00897.01-0000834624.0001.PDF,Q00897.01-0000834624.0001.PDF,.pdf,421896,ok,True,False,text,False,3,0,6,False,0,False,0-10,Name | Address | Email | Phone | Money/Amount,True,Contact Information | Financial Account Information,False,,ambiguous,True,yes,4526,standard,,True,True,3,0,0,0,0,1,9.544,False,False,True,,True,likely_no,no,4595,False,likely_non_responsive,True,,9121
CNG_Data2k/files/Q00897.01-0000787288.MSG,Q00897.01-0000787288.MSG,.msg,92160,ok,True,False,text,False,0,5,8,False,4,False,0-10,Name | Address | Email | Phone | Card/Transaction | Money/Amount,True,Contact Information | Financial Account Information,False,,ambiguous,True,yes,11155,standard,bde_llm_count,False,False,0,0,0,0,0,0,6.737,False,False,True,,True,likely_no,no,6041,False,likely_non_responsive,True,,17196
CNG_Data2k/files/Q00897.01-0000258078.PDF,Q00897.01-0000258078.PDF,.pdf,445684,ok,True,False,text,False,7,0,2,False,0,False,0-10,Name | Address | Bank/Account Number | Money/Amount,True,Contact Information | Financial Account Information,False,,ambiguous,True,yes,6271,standard,"img_ocr:p2(1/1,+242chars)",False,False,0,1,1,1,0,1,7.85,False,False,True,,True,likely_no,no,6340,False,likely_non_responsive,True,,12611
CNG_Data2k/files/Q00897.01-0000894407.PDF,Q00897.01-0000894407.PDF,.pdf,181679,ok,True,False,text,False,2,0,2,False,0,False,0-10,Name | Email | Money/Amount,True,Contact Information | Financial Account Information,False,,ambiguous,True,yes,17275,standard,,False,False,0,0,0,0,0,0,2.832,False,False,True,,True,likely_yes,yes,17302,False,standard,False,,34577
CNG_Data2k/files/Q00897.01-0000669253.0002.PDF,Q00897.01-0000669253.0002.PDF,.pdf,8388,ok,True,False,text,False,7,0,4,False,0,False,0-10,Name | Address | Phone | Bank/Account Number | Money/Amount,True,Contact Information | Financial Account Information,False,,ambiguous,True,no,4774,likely_non_responsive,,False,False,0,0,0,0,0,0,1.31,True,False,False,stage1_nr,False,,,0,False,,False,,4774
CNG_Data2k/files/Q00897.01-0000082085.PDF,Q00897.01-0000082085.PDF,.pdf,1110925,ok,True,True,text,True,5,0,90,False,0,False,50-100,Name | Address | Email | Phone | Money/Amount,True,Contact Information | Financial Account Information,False,,ambiguous,True,yes,13005,standard,bde_llm_count,True,True,5,0,0,0,0,1,14.329,False,False,True,,True,clear_no,no,6958,True,likely_non_responsive,True,,19963
