file,verdict_scaled,verdict_unscaled,changed_cols,ext_scaled,size_bytes_scaled,status_scaled,searchable_scaled,programmatic_scaled,text_extractable_scaled,is_structured_scaled,page_or_sheet_count_scaled,attachment_count_scaled,estimated_entities_scaled,estimate_truncated_scaled,bde_person_count_scaled,bde_confirmed_scaled,entity_bucket_scaled,entities_found_scaled,value_signal_scaled,pi_categories_scaled,is_bde_scaled,complexity_bucket_scaled,ambiguity_scaled,llm_consulted_scaled,llm_responsive_scaled,llm_tokens_scaled,suggested_lane_scaled,detail_scaled,ocr_attempted_scaled,ocr_scaled,ocr_pages_scaled,img_ocr_qualifying_scaled,img_ocr_calls_scaled,img_ocr_ok_scaled,img_decode_failed_scaled,di_calls_scaled,elapsed_s_scaled,nr_stage1_scaled,bde_stage1_scaled,s2_ran_scaled,s2_skip_reason_scaled,s2_llm_consulted_scaled,s2_llm_responsiveness_scaled,s2_llm_responsive_scaled,s2_llm_tokens_scaled,s2_is_bde_scaled,s2_lane_scaled,s2_nr_scaled,s2_detail_scaled,llm_tokens_total_scaled,ext_unscaled,size_bytes_unscaled,status_unscaled,searchable_unscaled,programmatic_unscaled,text_extractable_unscaled,is_structured_unscaled,page_or_sheet_count_unscaled,attachment_count_unscaled,estimated_entities_unscaled,estimate_truncated_unscaled,bde_person_count_unscaled,bde_confirmed_unscaled,entity_bucket_unscaled,entities_found_unscaled,value_signal_unscaled,pi_categories_unscaled,is_bde_unscaled,complexity_bucket_unscaled,ambiguity_unscaled,llm_consulted_unscaled,llm_responsive_unscaled,llm_tokens_unscaled,suggested_lane_unscaled,detail_unscaled,ocr_attempted_unscaled,ocr_unscaled,ocr_pages_unscaled,img_ocr_qualifying_unscaled,img_ocr_calls_unscaled,img_ocr_ok_unscaled,img_decode_failed_unscaled,di_calls_unscaled,elapsed_s_unscaled,nr_stage1_unscaled,bde_stage1_unscaled,s2_ran_unscaled,s2_skip_reason_unscaled,s2_llm_consulted_unscaled,s2_llm_responsiveness_unscaled,s2_llm_responsive_unscaled,s2_llm_tokens_unscaled,s2_is_bde_unscaled,s2_lane_unscaled,s2_nr_unscaled,s2_detail_unscaled,llm_tokens_total_unscaled
CNG_Data2k_variance/files/Q00897.01-0000001899.PDF,responsive,nr,"estimated_entities,llm_tokens,elapsed_s,s2_llm_responsiveness,s2_llm_responsive,s2_llm_tokens,s2_lane,s2_nr,llm_tokens_total",.pdf,58729,ok,True,False,text,False,3,0,1,False,0,False,0-10,Name,False,,False,,ambiguous,True,yes,3916,standard,,False,False,0,0,0,0,0,0,5.082,False,False,True,,True,likely_yes,yes,3979,False,standard,False,,7895,.pdf,58729,ok,True,False,text,False,3,0,2,False,0,False,0-10,Name,False,,False,,ambiguous,True,yes,2157,standard,,False,False,0,0,0,0,0,0,2.641,False,False,True,,True,borderline,no,2330,False,likely_non_responsive,True,,4487
CNG_Data2k_variance/files/Q00897.01-0000002506.PDF,responsive,nr,"estimated_entities,llm_tokens,elapsed_s,s2_llm_responsiveness,s2_llm_responsive,s2_llm_tokens,s2_lane,s2_nr,llm_tokens_total",.pdf,399127,ok,True,False,text,False,1,0,2,False,0,False,0-10,Name | Work-Related,True,Work-Related Information,False,,ambiguous,True,yes,3896,standard,,False,False,0,0,0,0,0,0,5.573,False,False,True,,True,clear_yes,yes,3960,False,standard,False,,7856,.pdf,399127,ok,True,False,text,False,1,0,3,False,0,False,0-10,Name | Work-Related,True,Work-Related Information,False,,ambiguous,True,yes,2158,standard,,False,False,0,0,0,0,0,0,4.906,False,False,True,,True,clear_no,no,2290,False,likely_non_responsive,True,,4448
CNG_Data2k_variance/files/Q00897.01-0000004662.PDF,nr,responsive,"estimated_entities,entities_found,ambiguity,llm_consulted,llm_responsive,llm_tokens,suggested_lane,elapsed_s,nr_stage1,s2_ran,s2_skip_reason,s2_llm_consulted,s2_llm_responsiveness,s2_llm_responsive,s2_llm_tokens,s2_lane,llm_tokens_total",.pdf,61855,ok,True,False,text,False,1,0,0,False,0,False,0-10,,False,,False,,clear_non_responsive,False,,0,likely_non_responsive,,True,True,1,0,0,0,0,1,4.366,True,False,False,stage1_nr,False,,,0,False,,False,,0,.pdf,61855,ok,True,False,text,False,1,0,2,False,0,False,0-10,Name,False,,False,,ambiguous,True,yes,2016,standard,,True,True,1,0,0,0,0,1,6.174,False,False,True,,True,likely_yes,yes,2196,False,standard,False,,4212
CNG_Data2k_variance/files/Q00897.01-0000004740.PDF,nr,responsive,"estimated_entities,entities_found,ambiguity,llm_consulted,llm_responsive,llm_tokens,suggested_lane,elapsed_s,nr_stage1,s2_ran,s2_skip_reason,s2_llm_consulted,s2_llm_responsiveness,s2_llm_responsive,s2_llm_tokens,s2_lane,llm_tokens_total",.pdf,76911,ok,True,False,text,False,1,0,0,False,0,False,0-10,,False,,False,,clear_non_responsive,False,,0,likely_non_responsive,,True,True,1,0,0,0,0,1,4.23,True,False,False,stage1_nr,False,,,0,False,,False,,0,.pdf,76911,ok,True,False,text,False,1,0,2,False,0,False,0-10,Name,False,,False,,ambiguous,True,yes,1977,standard,,True,True,1,0,0,0,0,1,6.713,False,False,True,,True,likely_yes,yes,2163,False,standard,False,,4140
CNG_Data2k_variance/files/Q00897.01-0000005103.PDF,nr,responsive,"estimated_entities,entities_found,value_signal,ambiguity,llm_consulted,llm_responsive,llm_tokens,suggested_lane,elapsed_s,nr_stage1,s2_ran,s2_skip_reason,s2_llm_consulted,s2_llm_responsiveness,s2_llm_responsive,s2_llm_tokens,s2_lane,llm_tokens_total",.pdf,219897,ok,True,False,text,False,2,0,1,False,0,False,0-10,Money/Amount,False,Financial Account Information,False,,clear_non_responsive,False,,0,likely_non_responsive,,False,False,0,0,0,0,0,0,0.166,True,False,False,stage1_nr,False,,,0,False,,False,,0,.pdf,219897,ok,True,False,text,False,2,0,6,False,0,False,0-10,Name | Money/Amount,True,Financial Account Information,False,,ambiguous,True,yes,2630,standard,,False,False,0,0,0,0,0,0,3.395,False,False,True,,True,clear_yes,yes,2842,False,standard,False,,5472
CNG_Data2k_variance/files/Q00897.01-0000005462.PDF,nr,responsive,"entities_found,value_signal,ambiguity,llm_consulted,llm_responsive,llm_tokens,suggested_lane,elapsed_s,nr_stage1,s2_ran,s2_skip_reason,s2_llm_consulted,s2_llm_responsiveness,s2_llm_responsive,s2_llm_tokens,s2_lane,llm_tokens_total",.pdf,214436,ok,True,False,text,False,2,0,1,False,0,False,0-10,Money/Amount,False,Financial Account Information,False,,clear_non_responsive,False,,0,likely_non_responsive,,False,False,0,0,0,0,0,0,0.143,True,False,False,stage1_nr,False,,,0,False,,False,,0,.pdf,214436,ok,True,False,text,False,2,0,1,False,0,False,0-10,Name | Money/Amount,True,Financial Account Information,False,,ambiguous,True,yes,2450,standard,,False,False,0,0,0,0,0,0,2.548,False,False,True,,True,clear_yes,yes,2662,False,standard,False,,5112
CNG_Data2k_variance/files/Q00897.01-0000005550.PDF,nr,responsive,"estimated_entities,entities_found,ambiguity,llm_consulted,llm_responsive,llm_tokens,suggested_lane,elapsed_s,nr_stage1,s2_ran,s2_skip_reason,s2_llm_consulted,s2_llm_responsiveness,s2_llm_responsive,s2_llm_tokens,s2_lane,llm_tokens_total",.pdf,70931,ok,True,False,text,False,1,0,0,False,0,False,0-10,,False,,False,,clear_non_responsive,False,,0,likely_non_responsive,,True,True,1,0,0,0,0,1,4.366,True,False,False,stage1_nr,False,,,0,False,,False,,0,.pdf,70931,ok,True,False,text,False,1,0,1,False,0,False,0-10,Name,False,,False,,ambiguous,True,yes,2015,standard,,True,True,1,0,0,0,0,1,6.525,False,False,True,,True,clear_yes,yes,2214,False,standard,False,,4229
CNG_Data2k_variance/files/Q00897.01-0000006641.PDF,responsive,nr,"estimated_entities,bde_person_count,bde_confirmed,entities_found,value_signal,is_bde,llm_responsive,llm_tokens,suggested_lane,detail,elapsed_s,bde_stage1,s2_llm_responsiveness,s2_llm_responsive,s2_llm_tokens,s2_is_bde,s2_lane,s2_nr,llm_tokens_total",.pdf,92356,ok,True,False,text,False,1,0,1,False,0,False,0-10,Work-Related,False,Work-Related Information,False,,ambiguous,True,yes,5672,standard,,False,False,0,0,0,0,0,0,3.482,False,False,True,,True,likely_yes,yes,5702,False,standard,False,,11374,.pdf,92356,ok,True,False,text,False,1,0,8,False,8,True,0-10,Name | Work-Related,True,Work-Related Information,True,,ambiguous,True,no,7038,bde,bde_llm_count_roster,False,False,0,0,0,0,0,0,4.075,False,True,True,,True,clear_no,no,4108,True,likely_non_responsive,True,,11146
CNG_Data2k_variance/files/Q00897.01-0000013917.PDF,nr,responsive,"estimated_entities,bde_person_count,bde_confirmed,entity_bucket,entities_found,value_signal,is_bde,ambiguity,llm_consulted,llm_responsive,llm_tokens,suggested_lane,detail,elapsed_s,nr_stage1,bde_stage1,s2_ran,s2_skip_reason,s2_llm_consulted,s2_llm_responsiveness,s2_llm_responsive,s2_llm_tokens,s2_is_bde,s2_lane,llm_tokens_total",.pdf,256388,ok,True,False,text,False,1,0,1,False,0,False,0-10,Money/Amount,False,Financial Account Information,False,,clear_non_responsive,False,,0,likely_non_responsive,,False,False,0,0,0,0,0,0,0.122,True,False,False,stage1_nr,False,,,0,False,,False,,0,.pdf,256388,ok,True,False,text,False,1,0,21,False,21,True,20-50,Name | Money/Amount,True,Financial Account Information,True,,ambiguous,True,yes,4476,bde,bde_llm_count_roster,False,False,0,0,0,0,0,0,4.492,False,True,True,,True,clear_yes,yes,2883,True,bde,False,,7359
CNG_Data2k_variance/files/Q00897.01-0000016839.PDF,nr,responsive,"estimated_entities,llm_tokens,elapsed_s,s2_llm_responsiveness,s2_llm_responsive,s2_llm_tokens,s2_lane,s2_nr,llm_tokens_total",.pdf,168771,ok,True,False,text,False,1,0,2,False,0,False,0-10,Name | Email | Money/Amount,True,Contact Information | Financial Account Information,False,,ambiguous,True,yes,4190,standard,,False,False,0,0,0,0,0,0,3.189,False,False,True,,True,likely_no,no,4251,False,likely_non_responsive,True,,8441,.pdf,168771,ok,True,False,text,False,1,0,3,False,0,False,0-10,Name | Email | Money/Amount,True,Contact Information | Financial Account Information,False,,ambiguous,True,yes,2411,standard,,False,False,0,0,0,0,0,0,2.57,False,False,True,,True,likely_yes,yes,2593,False,standard,False,,5004
CNG_Data2k_variance/files/Q00897.01-0000100873.PDF,nr,responsive,"estimated_entities,llm_tokens,elapsed_s,s2_llm_responsiveness,s2_llm_responsive,s2_llm_tokens,s2_lane,s2_nr,llm_tokens_total",.pdf,100566,ok,True,False,text,False,2,0,2,False,0,False,0-10,Name | Address | Email | Phone | Money/Amount,True,Contact Information | Financial Account Information,False,,ambiguous,True,yes,5451,standard,,False,False,0,0,0,0,0,0,2.779,False,False,True,,True,likely_no,no,5523,False,likely_non_responsive,True,,10974,.pdf,100566,ok,True,False,text,False,2,0,5,False,0,False,0-10,Name | Address | Email | Phone | Money/Amount,True,Contact Information | Financial Account Information,False,,ambiguous,True,yes,3687,standard,,False,False,0,0,0,0,0,0,2.674,False,False,True,,True,clear_yes,yes,3908,False,standard,False,,7595
CNG_Data2k_variance/files/Q00897.01-0000107354.PDF,nr,responsive,"entities_found,llm_tokens,elapsed_s,s2_llm_responsiveness,s2_llm_responsive,s2_llm_tokens,s2_lane,s2_nr,llm_tokens_total",.pdf,2169325,ok,True,True,text,True,15,0,197,False,2,False,100+,Address | Email | Phone | SSN | Card/Transaction | Money/Amount | Work-Related,True,Contact Information | Government-Issued Identification | Financial Account Information | Work-Related Information,False,,clear_responsive,False,,9534,standard,bde_llm_count,True,True,15,0,0,0,0,1,18.144,False,False,True,,True,likely_no,no,10441,True,likely_non_responsive,True,,19975,.pdf,2169325,ok,True,True,text,True,15,0,197,False,2,False,100+,Name | Address | Email | Phone | SSN | Card/Transaction | Money/Amount | Work-Related,True,Contact Information | Government-Issued Identification | Financial Account Information | Work-Related Information,False,,clear_responsive,False,,7791,standard,bde_llm_count,True,True,15,0,0,0,0,1,16.213,False,False,True,,True,likely_yes,yes,8796,True,structured_bde,False,,16587
CNG_Data2k_variance/files/Q00897.01-0000108014.PDF,nr,responsive,"llm_tokens,elapsed_s,s2_llm_responsiveness,s2_llm_responsive,s2_llm_tokens,s2_lane,s2_nr,llm_tokens_total",.pdf,513625,ok,True,True,text,True,15,0,159,False,1,False,100+,Name | Email | Money/Amount | Health | Work-Related,True,Contact Information | Financial Account Information | Health-Related Information | Work-Related Information,False,,ambiguous,True,yes,17797,standard,bde_llm_count,True,True,15,0,0,0,0,1,15.813,False,False,True,,True,likely_no,no,9394,True,likely_non_responsive,True,,27191,.pdf,513625,ok,True,True,text,True,15,0,159,False,1,False,100+,Name | Email | Money/Amount | Health | Work-Related,True,Contact Information | Financial Account Information | Health-Related Information | Work-Related Information,False,,ambiguous,True,yes,14228,standard,bde_llm_count,True,True,15,0,0,0,0,1,17.221,False,False,True,,True,likely_yes,yes,7736,True,structured_bde,False,,21964
CNG_Data2k_variance/files/Q00897.01-0000109157.XLSX,nr,responsive,"estimated_entities,entity_bucket,llm_tokens,detail,elapsed_s,s2_llm_responsiveness,s2_llm_responsive,s2_llm_tokens,s2_is_bde,s2_lane,s2_nr,llm_tokens_total",.xlsx,7811,ok,True,True,text,True,1,0,4,False,2,False,0-10,Name | Phone | Money/Amount,True,Contact Information | Financial Account Information,False,,ambiguous,True,yes,7706,standard,bde_llm_count,False,False,0,0,0,0,0,0,3.631,False,False,True,,True,likely_no,no,4341,False,likely_non_responsive,True,,12047,.xlsx,7811,ok,True,True,text,True,1,0,40,False,2,False,20-50,Name | Phone | Money/Amount,True,Contact Information | Financial Account Information,False,,ambiguous,True,yes,4211,standard,roster_by_rowcount bde_llm_count,False,False,0,0,0,0,0,0,3.638,False,False,True,,True,clear_yes,yes,2684,True,structured_bde,False,,6895
CNG_Data2k_variance/files/Q00897.01-0000112775.PDF,nr,responsive,"llm_tokens,elapsed_s,s2_llm_responsiveness,s2_llm_responsive,s2_llm_tokens,s2_lane,s2_nr,llm_tokens_total",.pdf,6915,ok,True,False,text,False,1,0,1,False,0,False,0-10,Name | Address | Health,True,Contact Information | Health-Related Information,False,,ambiguous,True,yes,4037,standard,,False,False,0,0,0,0,0,0,2.674,False,False,True,,True,likely_no,no,4092,False,likely_non_responsive,True,,8129,.pdf,6915,ok,True,False,text,False,1,0,1,False,0,False,0-10,Name | Address | Health,True,Contact Information | Health-Related Information,False,,ambiguous,True,yes,2245,standard,,False,False,0,0,0,0,0,0,2.471,False,False,True,,True,likely_yes,yes,2425,False,standard,False,,4670
CNG_Data2k_variance/files/Q00897.01-0000118381.XLSX,nr,responsive,"llm_tokens,elapsed_s,s2_llm_responsiveness,s2_llm_responsive,s2_llm_tokens,s2_lane,s2_nr,llm_tokens_total",.xlsx,78571,ok,True,True,text,True,1,0,222,False,41,True,100+,Name | Address | Email | Payment Card,True,Contact Information | Financial Account Information,True,,ambiguous,True,yes,12311,structured_bde,bde_llm_count_roster,False,False,0,0,0,0,0,0,5.724,False,True,True,,True,clear_no,no,6510,True,likely_non_responsive,True,,18821,.xlsx,78571,ok,True,True,text,True,1,0,222,False,41,True,100+,Name | Address | Email | Payment Card,True,Contact Information | Financial Account Information,True,,ambiguous,True,yes,8772,structured_bde,bde_llm_count_roster,False,False,0,0,0,0,0,0,7.239,False,True,True,,True,clear_yes,yes,5096,True,structured_bde,False,,13868
CNG_Data2k_variance/files/Q00897.01-0000124474.PDF,nr,responsive,"bde_person_count,llm_tokens,elapsed_s,s2_llm_responsiveness,s2_llm_responsive,s2_llm_tokens,s2_lane,s2_nr,llm_tokens_total",.pdf,3680830,ok,True,True,text,True,15,0,541,False,51,True,100+,Name | Address | Phone | Money/Amount,True,Contact Information | Financial Account Information,True,,ambiguous,True,yes,29608,structured_bde,bde_llm_count_roster,True,True,15,0,0,0,0,1,22.567,False,True,True,,True,likely_no,no,15332,True,likely_non_responsive,True,,44940,.pdf,3680830,ok,True,True,text,True,15,0,541,False,541,True,100+,Name | Address | Phone | Money/Amount,True,Contact Information | Financial Account Information,True,,ambiguous,True,yes,26067,structured_bde,bde_llm_count_roster,True,True,15,0,0,0,0,1,25.812,False,True,True,,True,clear_yes,yes,13726,True,structured_bde,False,,39793
CNG_Data2k_variance/files/Q00897.01-0000124836.PDF,nr,responsive,"llm_tokens,elapsed_s,s2_llm_responsiveness,s2_llm_responsive,s2_llm_tokens,s2_lane,s2_nr,llm_tokens_total",.pdf,2275712,ok,True,True,text,True,15,0,246,False,0,False,100+,Name | Address | Email | Phone | Money/Amount,True,Contact Information | Financial Account Information,False,,ambiguous,True,yes,21260,standard,bde_llm_count,True,True,15,0,0,0,0,1,16.872,False,False,True,,True,clear_no,no,11180,True,likely_non_responsive,True,,32440,.pdf,2275712,ok,True,True,text,True,15,0,246,False,0,False,100+,Name | Address | Email | Phone | Money/Amount,True,Contact Information | Financial Account Information,False,,ambiguous,True,yes,17708,standard,bde_llm_count,True,True,15,0,0,0,0,1,16.346,False,False,True,,True,clear_yes,yes,9438,True,structured_bde,False,,27146
CNG_Data2k_variance/files/Q00897.01-0000125197.PDF,nr,responsive,"llm_tokens,elapsed_s,s2_llm_responsiveness,s2_llm_responsive,s2_llm_tokens,s2_lane,s2_nr,llm_tokens_total",.pdf,3211334,ok,True,True,text,True,15,0,219,False,6,False,100+,Name | Address | Email | Phone | Money/Amount,True,Contact Information | Financial Account Information,False,,ambiguous,True,yes,20670,standard,bde_llm_count,True,True,15,0,0,0,0,1,17.427,False,False,True,,True,likely_no,no,10825,True,likely_non_responsive,True,,31495,.pdf,3211334,ok,True,True,text,True,15,0,219,False,6,False,100+,Name | Address | Email | Phone | Money/Amount,True,Contact Information | Financial Account Information,False,,ambiguous,True,yes,17054,standard,bde_llm_count,True,True,15,0,0,0,0,1,17.485,False,False,True,,True,clear_yes,yes,9161,True,structured_bde,False,,26215
CNG_Data2k_variance/files/Q00897.01-0000125392.PDF,nr,responsive,"bde_person_count,llm_tokens,elapsed_s,s2_llm_responsiveness,s2_llm_responsive,s2_llm_tokens,s2_lane,s2_nr,llm_tokens_total",.pdf,2331681,ok,True,True,text,True,9,0,144,False,6,False,100+,Name | Address | Phone | Money/Amount,True,Contact Information | Financial Account Information,False,,ambiguous,True,yes,22801,standard,bde_llm_count,True,True,9,0,0,0,0,1,14.375,False,False,True,,True,borderline,no,11914,True,likely_non_responsive,True,,34715,.pdf,2331681,ok,True,True,text,True,9,0,144,False,0,False,100+,Name | Address | Phone | Money/Amount,True,Contact Information | Financial Account Information,False,,ambiguous,True,yes,19202,standard,bde_llm_count,True,True,9,0,0,0,0,1,19.764,False,False,True,,True,clear_yes,yes,10167,True,structured_bde,False,,29369
CNG_Data2k_variance\files\Q00897.01-0000126586.XLS,nr,responsive,"size_bytes,estimated_entities,bde_person_count,entity_bucket,llm_tokens,detail,elapsed_s,s2_llm_responsiveness,s2_llm_responsive,s2_llm_tokens,s2_is_bde,s2_lane,s2_nr,llm_tokens_total",.xls,12691,ok,True,True,text,True,1,0,1,False,2,False,0-10,Name | Address | Bank/Account Number,True,Contact Information | Financial Account Information,False,,ambiguous,True,yes,6938,standard,bde_llm_count,False,False,0,0,0,0,0,0,4.497,False,False,True,,True,likely_no,no,3950,False,likely_non_responsive,True,,10888,.xls,34304,ok,True,True,text,True,1,0,39,False,1,False,20-50,Name | Address | Bank/Account Number,True,Contact Information | Financial Account Information,False,,ambiguous,True,yes,3404,standard,roster_by_rowcount bde_llm_count,False,False,0,0,0,0,0,0,18.95,False,False,True,,True,likely_yes,yes,2288,True,structured_bde,False,,5692
CNG_Data2k_variance\files\Q00897.01-0000126638.XLS,nr,responsive,"size_bytes,estimated_entities,entity_bucket,llm_tokens,detail,elapsed_s,s2_llm_responsiveness,s2_llm_responsive,s2_llm_tokens,s2_is_bde,s2_lane,s2_nr,llm_tokens_total",.xls,12692,ok,True,True,text,True,1,0,1,False,1,False,0-10,Name | Address | Bank/Account Number,True,Contact Information | Financial Account Information,False,,ambiguous,True,yes,6901,standard,bde_llm_count,False,False,0,0,0,0,0,0,3.547,False,False,True,,True,likely_no,no,3942,False,likely_non_responsive,True,,10843,.xls,27648,ok,True,True,text,True,1,0,39,False,1,False,20-50,Name | Address | Bank/Account Number,True,Contact Information | Financial Account Information,False,,ambiguous,True,yes,3409,standard,roster_by_rowcount bde_llm_count,False,False,0,0,0,0,0,0,15.912,False,False,True,,True,likely_yes,yes,2299,True,structured_bde,False,,5708
CNG_Data2k_variance/files/Q00897.01-0000135879.PDF,nr,responsive,"bde_person_count,llm_tokens,elapsed_s,s2_llm_responsiveness,s2_llm_responsive,s2_llm_tokens,s2_lane,s2_nr,llm_tokens_total",.pdf,19026467,ok,True,True,text,True,15,0,292,False,6,False,100+,Name | Address | Email | Phone | Money/Amount,True,Contact Information | Financial Account Information,False,,ambiguous,True,yes,23422,standard,bde_llm_count,True,True,15,0,0,0,0,1,21.962,False,False,True,,True,likely_no,no,12158,True,likely_non_responsive,True,,35580,.pdf,19026467,ok,True,True,text,True,15,0,292,False,0,False,100+,Name | Address | Email | Phone | Money/Amount,True,Contact Information | Financial Account Information,False,,ambiguous,True,yes,19773,standard,bde_llm_count,True,True,15,0,0,0,0,1,15.7,False,False,True,,True,clear_yes,yes,10461,True,structured_bde,False,,30234
CNG_Data2k_variance/files/Q00897.01-0000136966.PDF,nr,responsive,"llm_tokens,elapsed_s,s2_llm_responsiveness,s2_llm_responsive,s2_llm_tokens,s2_lane,s2_nr,llm_tokens_total",.pdf,12004896,ok,True,True,text,True,15,0,216,False,0,False,100+,Name | Address | Email | Phone | Money/Amount,True,Contact Information | Financial Account Information,False,,ambiguous,True,yes,19425,standard,bde_llm_count,True,True,15,0,0,0,0,1,15.765,False,False,True,,True,likely_no,no,10085,True,likely_non_responsive,True,,29510,.pdf,12004896,ok,True,True,text,True,15,0,216,False,0,False,100+,Name | Address | Email | Phone | Money/Amount,True,Contact Information | Financial Account Information,False,,ambiguous,True,yes,15756,standard,bde_llm_count,True,True,15,0,0,0,0,1,19.843,False,False,True,,True,clear_yes,yes,8628,True,structured_bde,False,,24384
CNG_Data2k_variance/files/Q00897.01-0000137012.PDF,nr,responsive,"llm_tokens,elapsed_s,s2_llm_responsiveness,s2_llm_responsive,s2_llm_tokens,s2_lane,s2_nr,llm_tokens_total",.pdf,11094612,ok,True,True,text,True,15,0,272,False,0,False,100+,Name | Address | Email | Phone | Money/Amount,True,Contact Information | Financial Account Information,False,,ambiguous,True,yes,22426,standard,bde_llm_count,True,True,15,0,0,0,0,1,15.746,False,False,True,,True,clear_no,no,11632,True,likely_non_responsive,True,,34058,.pdf,11094612,ok,True,True,text,True,15,0,272,False,0,False,100+,Name | Address | Email | Phone | Money/Amount,True,Contact Information | Financial Account Information,False,,ambiguous,True,yes,18914,standard,bde_llm_count,True,True,15,0,0,0,0,1,19.587,False,False,True,,True,clear_yes,yes,10161,True,structured_bde,False,,29075
CNG_Data2k_variance/files/Q00897.01-0000137233.PDF,nr,responsive,"llm_tokens,elapsed_s,s2_llm_responsiveness,s2_llm_responsive,s2_llm_tokens,s2_lane,s2_nr,llm_tokens_total",.pdf,2292126,ok,True,True,text,True,15,0,239,False,0,False,100+,Name | Address | Email | Phone | Money/Amount,True,Contact Information | Financial Account Information,False,,ambiguous,True,yes,21983,standard,bde_llm_count,True,True,15,0,0,0,0,1,16.445,False,False,True,,True,clear_no,no,11300,True,likely_non_responsive,True,,33283,.pdf,2292126,ok,True,True,text,True,15,0,239,False,0,False,100+,Name | Address | Email | Phone | Money/Amount,True,Contact Information | Financial Account Information,False,,ambiguous,True,yes,18361,standard,bde_llm_count,True,True,15,0,0,0,0,1,13.325,False,False,True,,True,clear_yes,yes,9817,True,structured_bde,False,,28178
CNG_Data2k_variance/files/Q00897.01-0000138039.PDF,nr,responsive,"bde_person_count,llm_tokens,elapsed_s,s2_llm_responsiveness,s2_llm_responsive,s2_llm_tokens,s2_lane,s2_nr,llm_tokens_total",.pdf,247750,ok,True,True,text,True,3,0,59,False,3,False,50-100,Name | Address | Phone | Money/Amount,True,Contact Information | Financial Account Information,False,,ambiguous,True,yes,15131,standard,bde_llm_count,True,True,3,0,0,0,0,1,17.333,False,False,True,,True,likely_no,no,8013,True,likely_non_responsive,True,,23144,.pdf,247750,ok,True,True,text,True,3,0,59,False,0,False,50-100,Name | Address | Phone | Money/Amount,True,Contact Information | Financial Account Information,False,,ambiguous,True,yes,11504,standard,bde_llm_count,True,True,3,0,0,0,0,1,11.861,False,False,True,,True,likely_yes,yes,6351,True,structured_bde,False,,17855
CNG_Data2k_variance/files/Q00897.01-0000138121.PDF,nr,responsive,"llm_tokens,elapsed_s,s2_llm_responsiveness,s2_llm_responsive,s2_llm_tokens,s2_lane,s2_nr,llm_tokens_total",.pdf,333671,ok,True,True,text,True,4,0,88,False,0,False,50-100,Name | Address | Phone | Money/Amount,True,Contact Information | Financial Account Information,False,,ambiguous,True,yes,18044,standard,bde_llm_count,True,True,4,0,0,0,0,1,12.197,False,False,True,,True,likely_no,no,9502,True,likely_non_responsive,True,,27546,.pdf,333671,ok,True,True,text,True,4,0,88,False,0,False,50-100,Name | Address | Phone | Money/Amount,True,Contact Information | Financial Account Information,False,,ambiguous,True,yes,14536,standard,bde_llm_count,True,True,4,0,0,0,0,1,11.213,False,False,True,,True,clear_yes,yes,7864,True,structured_bde,False,,22400
CNG_Data2k_variance/files/Q00897.01-0000138136.PDF,responsive,nr,"bde_person_count,llm_tokens,elapsed_s,s2_llm_responsiveness,s2_llm_responsive,s2_llm_tokens,s2_lane,s2_nr,llm_tokens_total",.pdf,256748,ok,True,True,text,True,3,0,78,False,0,False,50-100,Name | Address | Phone | Money/Amount,True,Contact Information | Financial Account Information,False,,ambiguous,True,yes,15474,standard,bde_llm_count,True,True,3,0,0,0,0,1,12.232,False,False,True,,True,clear_yes,yes,8230,True,structured_bde,False,,23704,.pdf,256748,ok,True,True,text,True,3,0,78,False,2,False,50-100,Name | Address | Phone | Money/Amount,True,Contact Information | Financial Account Information,False,,ambiguous,True,yes,11941,standard,bde_llm_count,True,True,3,0,0,0,0,1,13.106,False,False,True,,True,likely_no,no,6558,True,likely_non_responsive,True,,18499
CNG_Data2k_variance/files/Q00897.01-0000139039.PDF,nr,responsive,"llm_tokens,elapsed_s,s2_llm_responsiveness,s2_llm_responsive,s2_llm_tokens,s2_lane,s2_nr,llm_tokens_total",.pdf,2667654,ok,True,True,text,True,15,0,216,False,0,False,100+,Name | Address | Email | Phone | Money/Amount,True,Contact Information | Financial Account Information,False,,ambiguous,True,yes,20080,standard,bde_llm_count,True,True,15,0,0,0,0,1,14.165,False,False,True,,True,clear_no,no,10437,True,likely_non_responsive,True,,30517,.pdf,2667654,ok,True,True,text,True,15,0,216,False,0,False,100+,Name | Address | Email | Phone | Money/Amount,True,Contact Information | Financial Account Information,False,,ambiguous,True,yes,16529,standard,bde_llm_count,True,True,15,0,0,0,0,1,13.59,False,False,True,,True,clear_yes,yes,8879,True,structured_bde,False,,25408
CNG_Data2k_variance/files/Q00897.01-0000179582.PDF,nr,responsive,"estimated_entities,bde_person_count,llm_tokens,detail,elapsed_s,s2_llm_responsiveness,s2_llm_responsive,s2_llm_tokens,s2_is_bde,s2_lane,s2_nr,llm_tokens_total",.pdf,148130,ok,True,False,text,False,14,0,3,False,0,False,0-10,Name | Address | Email | Phone | Bank/Account Number | Money/Amount,True,Contact Information | Financial Account Information,False,,ambiguous,True,yes,5666,standard,"img_ocr:p1(1/1,+7chars)",False,False,0,1,1,1,0,1,7.595,False,False,True,,True,likely_no,no,5716,False,likely_non_responsive,True,,11382,.pdf,148130,ok,True,False,text,False,14,0,7,False,2,False,0-10,Name | Address | Email | Phone | Bank/Account Number | Money/Amount,True,Contact Information | Financial Account Information,False,,ambiguous,True,yes,6923,standard,"img_ocr:p1(1/1,+7chars) bde_llm_count",False,False,0,1,1,1,0,1,8.157,False,False,True,,True,likely_yes,yes,4048,True,bde,False,,10971
CNG_Data2k_variance/files/Q00897.01-0000227270.PDF,nr,responsive,"estimated_entities,llm_tokens,elapsed_s,s2_llm_responsiveness,s2_llm_responsive,s2_llm_tokens,s2_lane,s2_nr,llm_tokens_total",.pdf,93072,ok,True,False,text,False,1,0,3,False,0,False,0-10,Name | Address | Phone | Money/Amount,True,Contact Information | Financial Account Information,False,,ambiguous,True,yes,4092,standard,"img_ocr:p1,p1(2/2,+35chars)",False,False,0,2,2,2,0,2,10.683,False,False,True,,True,likely_no,no,4155,False,likely_non_responsive,True,,8247,.pdf,93072,ok,True,False,text,False,1,0,4,False,0,False,0-10,Name | Address | Phone | Money/Amount,True,Contact Information | Financial Account Information,False,,ambiguous,True,yes,2323,standard,"img_ocr:p1,p1(2/2,+35chars)",False,False,0,2,2,2,0,2,10.805,False,False,True,,True,likely_yes,yes,2508,False,standard,False,,4831
CNG_Data2k_variance/files/Q00897.01-0000238553.PDF,nr,responsive,"llm_tokens,elapsed_s,s2_llm_responsiveness,s2_llm_responsive,s2_llm_tokens,s2_is_bde,s2_lane,s2_nr,llm_tokens_total",.pdf,2661071,ok,True,True,text,True,8,0,9,False,0,False,0-10,Name | Address | Account Balance | Money/Amount | Demographic | Work-Related,True,Contact Information | Financial Account Information | Demographic Information | Work-Related Information,False,,ambiguous,True,yes,17066,standard,bde_llm_count,True,True,8,0,0,0,0,1,12.174,False,False,True,,True,likely_no,no,9021,False,likely_non_responsive,True,,26087,.pdf,2661071,ok,True,True,text,True,8,0,9,False,0,False,0-10,Name | Address | Account Balance | Money/Amount | Demographic | Work-Related,True,Contact Information | Financial Account Information | Demographic Information | Work-Related Information,False,,ambiguous,True,yes,13548,standard,bde_llm_count,True,True,8,0,0,0,0,1,13.44,False,False,True,,True,likely_yes,yes,7397,True,structured_bde,False,,20945
CNG_Data2k_variance/files/Q00897.01-0000244755.PDF,nr,responsive,"llm_tokens,elapsed_s,s2_llm_responsiveness,s2_llm_responsive,s2_llm_tokens,s2_lane,s2_nr,llm_tokens_total",.pdf,216816,ok,True,True,text,True,15,0,157,False,0,False,100+,Name | Address | Phone | Money/Amount,True,Contact Information | Financial Account Information,False,,ambiguous,True,yes,13753,standard,bde_llm_count,True,True,15,0,0,0,0,1,13.146,False,False,True,,True,clear_no,no,7325,True,likely_non_responsive,True,,21078,.pdf,216816,ok,True,True,text,True,15,0,157,False,0,False,100+,Name | Address | Phone | Money/Amount,True,Contact Information | Financial Account Information,False,,ambiguous,True,yes,10221,standard,bde_llm_count,True,True,15,0,0,0,0,1,11.149,False,False,True,,True,clear_yes,yes,5731,True,structured_bde,False,,15952
CNG_Data2k_variance/files/Q00897.01-0000247521.PDF,nr,responsive,"estimated_entities,llm_tokens,elapsed_s,s2_llm_responsiveness,s2_llm_responsive,s2_llm_tokens,s2_lane,s2_nr,llm_tokens_total",.pdf,478315,ok,True,False,text,False,5,0,3,False,0,False,0-10,Name | Address | Phone | Bank/Account Number | Money/Amount,True,Contact Information | Financial Account Information,False,,ambiguous,True,yes,4590,standard,"img_ocr:p3(1/1,+345chars)",False,False,0,1,1,1,0,1,7.191,False,False,True,,True,likely_no,no,4642,False,likely_non_responsive,True,,9232,.pdf,478315,ok,True,False,text,False,5,0,6,False,0,False,0-10,Name | Address | Phone | Bank/Account Number | Money/Amount,True,Contact Information | Financial Account Information,False,,ambiguous,True,yes,2811,standard,"img_ocr:p3(1/1,+345chars)",False,False,0,1,1,1,0,1,6.805,False,False,True,,True,likely_yes,yes,2969,False,standard,False,,5780
CNG_Data2k_variance/files/Q00897.01-0000247579.PDF,nr,responsive,"estimated_entities,bde_person_count,llm_tokens,detail,elapsed_s,s2_llm_responsiveness,s2_llm_responsive,s2_llm_tokens,s2_is_bde,s2_lane,s2_nr,llm_tokens_total",.pdf,788356,ok,True,False,text,False,5,0,4,False,0,False,0-10,Name | Address | Phone | Bank/Account Number | Money/Amount,True,Contact Information | Financial Account Information,False,,ambiguous,True,yes,4933,standard,"img_ocr:p3,p3,p4(3/3,+365chars)",False,False,0,3,3,3,0,3,16.084,False,False,True,,True,likely_no,no,5029,False,likely_non_responsive,True,,9962,.pdf,788356,ok,True,False,text,False,5,0,9,False,2,False,0-10,Name | Address | Phone | Bank/Account Number | Money/Amount,True,Contact Information | Financial Account Information,False,,ambiguous,True,yes,5518,standard,"img_ocr:p3,p3,p4(3/3,+365chars) bde_llm_count",False,False,0,3,3,3,0,3,16.655,False,False,True,,True,clear_yes,yes,3339,True,bde,False,,8857
CNG_Data2k_variance/files/Q00897.01-0000248439.PDF,nr,responsive,"llm_responsive,llm_tokens,suggested_lane,elapsed_s,nr_stage1,s2_ran,s2_skip_reason,s2_llm_consulted,s2_llm_responsiveness,s2_llm_responsive,s2_llm_tokens,s2_is_bde,s2_lane,llm_tokens_total",.pdf,69860,ok,True,True,text,True,5,0,39,False,0,False,20-50,Name | Address | Email | Phone | Bank/Account Number | Money/Amount,True,Contact Information | Financial Account Information,False,,ambiguous,True,no,9899,likely_non_responsive,bde_llm_count,True,True,5,0,0,0,0,1,10.019,True,False,False,stage1_nr,False,,,0,False,,False,,9899,.pdf,69860,ok,True,True,text,True,5,0,39,False,0,False,20-50,Name | Address | Email | Phone | Bank/Account Number | Money/Amount,True,Contact Information | Financial Account Information,False,,ambiguous,True,yes,6335,standard,bde_llm_count,True,True,5,0,0,0,0,1,8.824,False,False,True,,True,clear_yes,yes,3767,True,structured_bde,False,,10102
CNG_Data2k_variance/files/Q00897.01-0000254590.PDF,responsive,nr,"llm_tokens,elapsed_s,s2_llm_responsiveness,s2_llm_responsive,s2_llm_tokens,s2_lane,s2_nr,llm_tokens_total",.pdf,99142,ok,True,False,text,False,3,0,1,False,0,False,0-10,Name | Address | Email | Phone | Bank/Account Number | Money/Amount | Work-Related,True,Contact Information | Financial Account Information | Work-Related Information,False,,ambiguous,True,yes,4585,standard,,False,False,0,0,0,0,0,0,2.905,False,False,True,,True,likely_yes,yes,4629,False,standard,False,,9214,.pdf,99142,ok,True,False,text,False,3,0,1,False,0,False,0-10,Name | Address | Email | Phone | Bank/Account Number | Money/Amount | Work-Related,True,Contact Information | Financial Account Information | Work-Related Information,False,,ambiguous,True,yes,2800,standard,,False,False,0,0,0,0,0,0,2.243,False,False,True,,True,likely_no,no,2996,False,likely_non_responsive,True,,5796
CNG_Data2k_variance/files/Q00897.01-0000256694.PDF,responsive,nr,"llm_tokens,elapsed_s,s2_llm_responsiveness,s2_llm_responsive,s2_llm_tokens,s2_lane,s2_nr,llm_tokens_total",.pdf,940401,ok,True,False,text,False,4,0,4,False,0,False,0-10,Name | Address | Phone | Bank/Account Number | Account Balance | Money/Amount,True,Contact Information | Financial Account Information,False,,ambiguous,True,yes,5583,standard,,False,False,0,0,0,0,0,0,2.537,False,False,True,,True,clear_yes,yes,5645,False,standard,False,,11228,.pdf,940401,ok,True,False,text,False,4,0,4,False,0,False,0-10,Name | Address | Phone | Bank/Account Number | Account Balance | Money/Amount,True,Contact Information | Financial Account Information,False,,ambiguous,True,yes,3823,standard,,False,False,0,0,0,0,0,0,4.384,False,False,True,,True,clear_no,no,4006,False,likely_non_responsive,True,,7829
CNG_Data2k_variance/files/Q00897.01-0000257085.PDF,nr,responsive,"estimated_entities,entities_found,llm_responsive,llm_tokens,suggested_lane,elapsed_s,nr_stage1,s2_ran,s2_skip_reason,s2_llm_consulted,s2_llm_responsiveness,s2_llm_responsive,s2_llm_tokens,s2_lane,llm_tokens_total",.pdf,38157,ok,True,True,text,True,1,0,3,False,2,False,0-10,Address | Phone | Bank/Account Number | Card Expiry/CVV | Money/Amount,True,Contact Information | Financial Account Information,False,,ambiguous,True,no,7457,likely_non_responsive,bde_llm_count,True,True,1,0,0,0,0,1,7.526,True,False,False,stage1_nr,False,,,0,False,,False,,7457,.pdf,38157,ok,True,True,text,True,1,0,6,False,2,False,0-10,Name | Address | Phone | Bank/Account Number | Card Expiry/CVV | Money/Amount,True,Contact Information | Financial Account Information,False,,ambiguous,True,yes,3925,standard,bde_llm_count,True,True,1,0,0,0,0,1,9.829,False,False,True,,True,likely_yes,yes,2593,False,standard,False,,6518
CNG_Data2k_variance/files/Q00897.01-0000258231.0001.PDF,nr,responsive,"llm_tokens,elapsed_s,s2_llm_responsiveness,s2_llm_responsive,s2_llm_tokens,s2_lane,s2_nr,llm_tokens_total",.pdf,252241,ok,True,False,text,False,3,0,1,False,0,False,0-10,Name | Address | Bank/Account Number | Money/Amount,True,Contact Information | Financial Account Information,False,,ambiguous,True,yes,4441,standard,"img_ocr:p2(1/1,+260chars)",False,False,0,1,1,1,0,1,7.5,False,False,True,,True,likely_no,no,4535,False,likely_non_responsive,True,,8976,.pdf,252241,ok,True,False,text,False,3,0,1,False,0,False,0-10,Name | Address | Bank/Account Number | Money/Amount,True,Contact Information | Financial Account Information,False,,ambiguous,True,yes,2668,standard,"img_ocr:p2(1/1,+260chars)",False,False,0,1,1,1,0,1,6.675,False,False,True,,True,likely_yes,yes,2844,False,standard,False,,5512
CNG_Data2k_variance/files/Q00897.01-0000259996.PDF,nr,responsive,"llm_tokens,elapsed_s,s2_llm_responsiveness,s2_llm_responsive,s2_llm_tokens,s2_lane,s2_nr,llm_tokens_total",.pdf,467011,ok,True,True,text,True,15,0,506,False,1,False,100+,Name | Address | Phone | Money/Amount,True,Contact Information | Financial Account Information,False,,ambiguous,True,yes,32433,standard,bde_llm_count,True,True,15,0,0,0,0,1,22.325,False,False,True,,True,likely_no,no,16749,True,likely_non_responsive,True,,49182,.pdf,467011,ok,True,True,text,True,15,0,506,False,1,False,100+,Name | Address | Phone | Money/Amount,True,Contact Information | Financial Account Information,False,,ambiguous,True,yes,28898,standard,bde_llm_count,True,True,15,0,0,0,0,1,21.534,False,False,True,,True,clear_yes,yes,15103,True,structured_bde,False,,44001
CNG_Data2k_variance/files/Q00897.01-0000260003.PDF,nr,responsive,"value_signal,llm_tokens,elapsed_s,s2_llm_responsiveness,s2_llm_responsive,s2_llm_tokens,s2_lane,s2_nr,llm_tokens_total",.pdf,1252622,ok,True,True,text,True,15,0,695,False,3,False,100+,Name | Card/Transaction | Money/Amount,False,Financial Account Information,False,,ambiguous,True,yes,32834,standard,bde_llm_count,True,True,15,0,0,0,0,1,22.264,False,False,True,,True,likely_no,no,16954,True,likely_non_responsive,True,,49788,.pdf,1252622,ok,True,True,text,True,15,0,695,False,3,False,100+,Name | Card/Transaction | Money/Amount,True,Financial Account Information,False,,ambiguous,True,yes,29300,standard,bde_llm_count,True,True,15,0,0,0,0,1,27.635,False,False,True,,True,likely_yes,yes,15307,True,structured_bde,False,,44607
CNG_Data2k_variance/files/Q00897.01-0000260267.PDF,nr,responsive,"bde_person_count,bde_confirmed,value_signal,is_bde,llm_tokens,suggested_lane,detail,elapsed_s,bde_stage1,s2_llm_responsiveness,s2_llm_responsive,s2_llm_tokens,s2_lane,s2_nr,llm_tokens_total",.pdf,1772230,ok,True,True,text,True,15,0,646,False,0,False,100+,Name | Money/Amount,False,Financial Account Information,False,,ambiguous,True,yes,35459,standard,bde_llm_count,True,True,15,0,0,0,0,1,28.531,False,False,True,,True,likely_no,no,18272,True,likely_non_responsive,True,,53731,.pdf,1772230,ok,True,True,text,True,15,0,646,False,646,True,100+,Name | Money/Amount,True,Financial Account Information,True,,ambiguous,True,yes,31958,structured_bde,bde_llm_count_roster,True,True,15,0,0,0,0,1,30.46,False,True,True,,True,likely_yes,yes,16633,True,structured_bde,False,,48591
CNG_Data2k_variance/files/Q00897.01-0000260815.XLSX,nr,responsive,"bde_confirmed,is_bde,llm_tokens,suggested_lane,detail,elapsed_s,bde_stage1,s2_llm_responsiveness,s2_llm_responsive,s2_llm_tokens,s2_lane,s2_nr,llm_tokens_total",.xlsx,20798,ok,True,True,text,True,1,0,63,False,1,True,50-100,Name | Phone | Money/Amount,True,Contact Information | Financial Account Information,True,,ambiguous,True,yes,17346,structured_bde,roster_by_rowcount bde_llm_count_roster,False,False,0,0,0,0,0,0,3.713,False,True,True,,True,likely_no,no,9150,True,likely_non_responsive,True,,26496,.xlsx,20798,ok,True,True,text,True,1,0,63,False,1,False,50-100,Name | Phone | Money/Amount,True,Contact Information | Financial Account Information,False,,ambiguous,True,yes,13783,standard,roster_by_rowcount bde_llm_count,False,False,0,0,0,0,0,0,3.784,False,False,True,,True,likely_yes,yes,7513,True,structured_bde,False,,21296
CNG_Data2k_variance/files/Q00897.01-0000275309.PDF,nr,responsive,"estimated_entities,llm_tokens,elapsed_s,s2_llm_responsiveness,s2_llm_responsive,s2_llm_tokens,s2_lane,s2_nr,llm_tokens_total",.pdf,451741,ok,True,True,text,True,2,0,2,False,2,False,0-10,Name | Address | Phone,True,Contact Information,False,,ambiguous,True,yes,7773,standard,bde_llm_count,True,True,2,0,0,0,0,1,11.601,False,False,True,,True,likely_no,no,4335,False,likely_non_responsive,True,,12108,.pdf,451741,ok,True,True,text,True,2,0,3,False,2,False,0-10,Name | Address | Phone,True,Contact Information,False,,ambiguous,True,yes,4164,standard,bde_llm_count,True,True,2,0,0,0,0,1,9.082,False,False,True,,True,clear_yes,yes,2692,False,standard,False,,6856
CNG_Data2k_variance/files/Q00897.01-0000275975.PDF,nr,responsive,"estimated_entities,llm_tokens,elapsed_s,s2_llm_responsiveness,s2_llm_responsive,s2_llm_tokens,s2_lane,s2_nr,llm_tokens_total",.pdf,84054,ok,True,False,text,False,1,0,2,False,0,False,0-10,Name | Address | Money/Amount,True,Contact Information | Financial Account Information,False,,ambiguous,True,yes,3839,standard,"img_ocr:p1(1/1,+59chars)",False,False,0,1,1,1,0,1,7.253,False,False,True,,True,likely_no,no,3927,False,likely_non_responsive,True,,7766,.pdf,84054,ok,True,False,text,False,1,0,5,False,0,False,0-10,Name | Address | Money/Amount,True,Contact Information | Financial Account Information,False,,ambiguous,True,yes,2057,standard,"img_ocr:p1(1/1,+59chars)",False,False,0,1,1,1,0,1,6.371,False,False,True,,True,likely_yes,yes,2250,False,standard,False,,4307
CNG_Data2k_variance/files/Q00897.01-0000278449.PDF,nr,responsive,"estimated_entities,bde_person_count,llm_tokens,detail,elapsed_s,s2_llm_responsiveness,s2_llm_responsive,s2_llm_tokens,s2_is_bde,s2_lane,s2_nr,llm_tokens_total",.pdf,771912,ok,True,False,text,False,4,0,3,False,0,False,0-10,Name | Address | Phone | SSN | Money/Amount,True,Contact Information | Government-Issued Identification | Financial Account Information,False,,clear_responsive,False,,0,standard,,True,True,4,0,0,0,0,1,7.122,False,False,True,,True,likely_no,no,4684,False,likely_non_responsive,True,,4684,.pdf,771912,ok,True,False,text,False,4,0,10,False,2,False,0-10,Name | Address | Phone | SSN | Money/Amount,True,Contact Information | Government-Issued Identification | Financial Account Information,False,,clear_responsive,False,,1981,standard,bde_llm_count,True,True,4,0,0,0,0,1,7.61,False,False,True,,True,clear_yes,yes,2974,True,bde,False,,4955
CNG_Data2k_variance/files/Q00897.01-0000279086.PDF,nr,responsive,"llm_tokens,elapsed_s,s2_llm_responsiveness,s2_llm_responsive,s2_llm_tokens,s2_is_bde,s2_lane,s2_nr,llm_tokens_total",.pdf,1462942,ok,True,True,text,True,6,0,24,False,3,False,20-50,Name | Address | Email | Phone | SSN | Tax ID | Card/Transaction | Money/Amount,True,Contact Information | Government-Issued Identification | Financial Account Information,False,,clear_responsive,False,,4618,standard,bde_llm_count,True,True,6,0,0,0,0,1,12.608,False,False,True,,True,clear_no,no,5459,False,likely_non_responsive,True,,10077,.pdf,1462942,ok,True,True,text,True,6,0,24,False,3,False,20-50,Name | Address | Email | Phone | SSN | Tax ID | Card/Transaction | Money/Amount,True,Contact Information | Government-Issued Identification | Financial Account Information,False,,clear_responsive,False,,2830,standard,bde_llm_count,True,True,6,0,0,0,0,1,10.082,False,False,True,,True,clear_yes,yes,3820,True,structured_bde,False,,6650
CNG_Data2k_variance/files/Q00897.01-0000282409.PDF,nr,responsive,"llm_tokens,elapsed_s,s2_llm_responsiveness,s2_llm_responsive,s2_llm_tokens,s2_lane,s2_nr,llm_tokens_total",.pdf,156373,ok,True,True,text,True,1,0,4,False,1,False,0-10,Name | Address | Phone | Money/Amount | Health,True,Contact Information | Financial Account Information | Health-Related Information,False,,ambiguous,True,yes,7024,standard,bde_llm_count,True,True,1,0,0,0,0,1,13.607,False,False,True,,True,likely_no,no,4009,False,likely_non_responsive,True,,11033,.pdf,156373,ok,True,True,text,True,1,0,4,False,1,False,0-10,Name | Address | Phone | Money/Amount | Health,True,Contact Information | Financial Account Information | Health-Related Information,False,,ambiguous,True,yes,3471,standard,bde_llm_count,True,True,1,0,0,0,0,1,8.553,False,False,True,,True,likely_yes,yes,2349,False,standard,False,,5820
CNG_Data2k_variance/files/Q00897.01-0000283262.PDF,nr,responsive,"bde_person_count,llm_tokens,elapsed_s,s2_llm_responsiveness,s2_llm_responsive,s2_llm_tokens,s2_is_bde,s2_lane,s2_nr,llm_tokens_total",.pdf,120345,ok,True,True,text,True,2,0,13,False,3,False,10-20,Name | Address | Phone | Card/Transaction | Money/Amount,True,Contact Information | Financial Account Information,False,,ambiguous,True,yes,7012,standard,bde_llm_count,True,True,2,0,0,0,0,1,9.265,False,False,True,,True,likely_no,no,3948,False,likely_non_responsive,True,,10960,.pdf,120345,ok,True,True,text,True,2,0,13,False,0,False,10-20,Name | Address | Phone | Card/Transaction | Money/Amount,True,Contact Information | Financial Account Information,False,,ambiguous,True,yes,3439,standard,bde_llm_count,True,True,2,0,0,0,0,1,7.969,False,False,True,,True,likely_yes,yes,2302,True,structured_bde,False,,5741
CNG_Data2k_variance/files/Q00897.01-0000288754.PDF,nr,responsive,"estimated_entities,bde_person_count,entity_bucket,llm_tokens,detail,elapsed_s,s2_llm_responsiveness,s2_llm_responsive,s2_llm_tokens,s2_is_bde,s2_lane,s2_nr,llm_tokens_total",.pdf,386683,ok,True,False,text,False,8,0,3,False,0,False,0-10,Name | Phone | Money/Amount,True,Contact Information | Financial Account Information,False,,ambiguous,True,yes,13817,standard,"img_ocr:p2,p3,p4,p8,p8(5/6,+114chars)",False,False,0,6,6,5,0,6,29.358,False,False,True,,True,likely_no,no,13839,False,likely_non_responsive,True,,27656,.pdf,386683,ok,True,False,text,False,8,0,13,False,1,False,10-20,Name | Phone | Money/Amount,True,Contact Information | Financial Account Information,False,,ambiguous,True,yes,23173,standard,"img_ocr:p2,p3,p4,p8,p8(5/6,+114chars) bde_llm_count",False,False,0,6,6,5,0,6,29.536,False,False,True,,True,likely_yes,yes,12212,True,bde,False,,35385
CNG_Data2k_variance/files/Q00897.01-0000288794.PDF,nr,responsive,"estimated_entities,entities_found,value_signal,ambiguity,llm_consulted,llm_responsive,llm_tokens,suggested_lane,detail,elapsed_s,nr_stage1,s2_ran,s2_skip_reason,s2_llm_consulted,s2_llm_responsiveness,s2_llm_responsive,s2_llm_tokens,s2_is_bde,s2_lane,llm_tokens_total",.pdf,3702452,ok,True,False,text,False,5,0,1,False,0,False,0-10,Money/Amount,False,Financial Account Information,False,,clear_non_responsive,False,,0,likely_non_responsive,"img_ocr:p2,p4(2/2,+36chars)",False,False,0,2,2,2,0,2,13.465,True,False,False,stage1_nr,False,,,0,False,,False,,0,.pdf,3702452,ok,True,False,text,False,5,0,9,False,0,False,0-10,Name | Money/Amount,True,Financial Account Information,False,,ambiguous,True,yes,29252,standard,"img_ocr:p2,p4(2/2,+36chars) bde_llm_count",False,False,0,2,2,2,0,2,22.256,False,False,True,,True,clear_yes,yes,15257,True,bde,False,,44509
CNG_Data2k_variance/files/Q00897.01-0000291988.PDF,responsive,nr,"estimated_entities,bde_person_count,bde_confirmed,is_bde,llm_tokens,suggested_lane,detail,elapsed_s,bde_stage1,s2_llm_responsiveness,s2_llm_responsive,s2_llm_tokens,s2_is_bde,s2_lane,s2_nr,llm_tokens_total",.pdf,187518,ok,True,False,text,False,2,0,1,False,0,False,0-10,Name | Email | Card/Transaction | Account Balance | Health | Work-Related,True,Contact Information | Financial Account Information | Health-Related Information | Work-Related Information,False,,ambiguous,True,yes,4901,standard,,False,False,0,0,0,0,0,0,2.583,False,False,True,,True,likely_yes,yes,4965,False,standard,False,,9866,.pdf,187518,ok,True,False,text,False,2,0,9,False,9,True,0-10,Name | Email | Card/Transaction | Account Balance | Health | Work-Related,True,Contact Information | Financial Account Information | Health-Related Information | Work-Related Information,True,,ambiguous,True,yes,5472,bde,bde_llm_count_roster,False,False,0,0,0,0,0,0,4.004,False,True,True,,True,borderline,no,3313,True,likely_non_responsive,True,,8785
CNG_Data2k_variance/files/Q00897.01-0000292534.PDF,nr,responsive,"llm_tokens,elapsed_s,s2_llm_responsiveness,s2_llm_responsive,s2_llm_tokens,s2_lane,s2_nr,llm_tokens_total",.pdf,1313,ok,True,False,text,False,1,0,1,False,0,False,0-10,Name | Money/Amount,True,Financial Account Information,False,,ambiguous,True,yes,3785,standard,,False,False,0,0,0,0,0,0,2.232,False,False,True,,True,likely_no,no,3845,False,likely_non_responsive,True,,7630,.pdf,1313,ok,True,False,text,False,1,0,1,False,0,False,0-10,Name | Money/Amount,True,Financial Account Information,False,,ambiguous,True,yes,2005,standard,,False,False,0,0,0,0,0,0,1.997,False,False,True,,True,likely_yes,yes,2195,False,standard,False,,4200
CNG_Data2k_variance/files/Q00897.01-0000293090.PDF,nr,responsive,"estimated_entities,bde_person_count,bde_confirmed,entity_bucket,entities_found,value_signal,is_bde,ambiguity,llm_consulted,llm_responsive,llm_tokens,suggested_lane,detail,elapsed_s,nr_stage1,bde_stage1,s2_ran,s2_skip_reason,s2_llm_consulted,s2_llm_responsiveness,s2_llm_responsive,s2_llm_tokens,s2_is_bde,s2_lane,llm_tokens_total",.pdf,144514,ok,True,False,text,False,7,0,1,False,0,False,0-10,Money/Amount,False,Financial Account Information,False,,clear_non_responsive,False,,0,likely_non_responsive,,False,False,0,0,0,0,0,0,0.525,True,False,False,stage1_nr,False,,,0,False,,False,,0,.pdf,144514,ok,True,False,text,False,7,0,384,False,384,True,100+,Name | Money/Amount,True,Financial Account Information,True,,ambiguous,True,yes,24961,bde,bde_llm_count_roster,False,False,0,0,0,0,0,0,35.962,False,True,True,,True,clear_yes,yes,14254,True,bde,False,,39215
CNG_Data2k_variance/files/Q00897.01-0000293104.PDF,nr,responsive,"estimated_entities,bde_person_count,bde_confirmed,entity_bucket,entities_found,value_signal,is_bde,ambiguity,llm_consulted,llm_responsive,llm_tokens,suggested_lane,detail,elapsed_s,nr_stage1,bde_stage1,s2_ran,s2_skip_reason,s2_llm_consulted,s2_llm_responsiveness,s2_llm_responsive,s2_llm_tokens,s2_is_bde,s2_lane,llm_tokens_total",.pdf,3947839,ok,True,False,text,False,27,0,1,False,0,False,0-10,Money/Amount,False,Financial Account Information,False,,clear_non_responsive,False,,0,likely_non_responsive,,False,False,0,0,0,0,0,0,3.731,True,False,False,stage1_nr,False,,,0,False,,False,,0,.pdf,3947839,ok,True,False,text,False,27,0,1118,False,1118,True,100+,Name | Money/Amount,True,Financial Account Information,True,,ambiguous,True,yes,31670,bde,bde_llm_count_roster,False,False,0,0,0,0,0,0,30.187,False,True,True,,True,clear_yes,yes,17360,True,bde,False,,49030
CNG_Data2k_variance/files/Q00897.01-0000293926.PDF,nr,responsive,"estimated_entities,bde_person_count,bde_confirmed,entity_bucket,entities_found,value_signal,is_bde,ambiguity,llm_consulted,llm_responsive,llm_tokens,suggested_lane,detail,elapsed_s,nr_stage1,bde_stage1,s2_ran,s2_skip_reason,s2_llm_consulted,s2_llm_responsiveness,s2_llm_responsive,s2_llm_tokens,s2_is_bde,s2_lane,llm_tokens_total",.pdf,3756836,ok,True,False,text,False,26,0,1,False,0,False,0-10,Money/Amount,False,Financial Account Information,False,,clear_non_responsive,False,,0,likely_non_responsive,,False,False,0,0,0,0,0,0,3.728,True,False,False,stage1_nr,False,,,0,False,,False,,0,.pdf,3756836,ok,True,False,text,False,26,0,1087,False,1087,True,100+,Name | Money/Amount,True,Financial Account Information,True,,ambiguous,True,yes,30039,bde,bde_llm_count_roster,False,False,0,0,0,0,0,0,54.931,False,True,True,,True,clear_yes,yes,17336,True,bde,False,,47375
CNG_Data2k_variance/files/Q00897.01-0000294501.PDF,nr,responsive,"estimated_entities,bde_person_count,bde_confirmed,entity_bucket,entities_found,value_signal,is_bde,ambiguity,llm_consulted,llm_responsive,llm_tokens,suggested_lane,detail,elapsed_s,nr_stage1,bde_stage1,s2_ran,s2_skip_reason,s2_llm_consulted,s2_llm_responsiveness,s2_llm_responsive,s2_llm_tokens,s2_is_bde,s2_lane,llm_tokens_total",.pdf,1626754,ok,True,False,text,False,10,0,1,False,0,False,0-10,Money/Amount,False,Financial Account Information,False,,clear_non_responsive,False,,0,likely_non_responsive,,False,False,0,0,0,0,0,0,1.804,True,False,False,stage1_nr,False,,,0,False,,False,,0,.pdf,1626754,ok,True,False,text,False,10,0,347,False,347,True,100+,Name | Money/Amount,True,Financial Account Information,True,,ambiguous,True,yes,32003,bde,bde_llm_count_roster,False,False,0,0,0,0,0,0,23.903,False,True,True,,True,clear_yes,yes,17405,True,bde,False,,49408
CNG_Data2k_variance/files/Q00897.01-0000294529.PDF,nr,responsive,"estimated_entities,bde_person_count,bde_confirmed,entity_bucket,entities_found,value_signal,is_bde,ambiguity,llm_consulted,llm_responsive,llm_tokens,suggested_lane,detail,elapsed_s,nr_stage1,bde_stage1,s2_ran,s2_skip_reason,s2_llm_consulted,s2_llm_responsiveness,s2_llm_responsive,s2_llm_tokens,s2_is_bde,s2_lane,llm_tokens_total",.pdf,346102,ok,True,False,text,False,3,0,1,False,0,False,0-10,Money/Amount,False,Financial Account Information,False,,clear_non_responsive,False,,0,likely_non_responsive,,False,False,0,0,0,0,0,0,0.467,True,False,False,stage1_nr,False,,,0,False,,False,,0,.pdf,346102,ok,True,False,text,False,3,0,11,False,5,True,10-20,Name | Money/Amount,True,Financial Account Information,True,,ambiguous,True,yes,8055,bde,bde_llm_count_roster,False,False,0,0,0,0,0,0,5.184,False,True,True,,True,likely_yes,yes,4655,True,bde,False,,12710
CNG_Data2k_variance/files/Q00897.01-0000294628.PDF,nr,responsive,"estimated_entities,llm_tokens,elapsed_s,s2_llm_responsiveness,s2_llm_responsive,s2_llm_tokens,s2_lane,s2_nr,llm_tokens_total",.pdf,143739,ok,True,False,text,False,2,0,1,False,0,False,0-10,Name | Address | Phone | Account Balance | Money/Amount,True,Contact Information | Financial Account Information,False,,ambiguous,True,yes,4722,standard,"img_ocr:p1,p1(2/2,+35chars)",False,False,0,2,2,2,0,2,11.082,False,False,True,,True,likely_no,no,4778,False,likely_non_responsive,True,,9500,.pdf,143739,ok,True,False,text,False,2,0,2,False,0,False,0-10,Name | Address | Phone | Account Balance | Money/Amount,True,Contact Information | Financial Account Information,False,,ambiguous,True,yes,2944,standard,"img_ocr:p1,p1(2/2,+35chars)",False,False,0,2,2,2,0,2,10.913,False,False,True,,True,clear_yes,yes,3107,False,standard,False,,6051
CNG_Data2k_variance/files/Q00897.01-0000295677.DOCX,nr,responsive,"estimated_entities,llm_tokens,elapsed_s,s2_llm_responsiveness,s2_llm_responsive,s2_llm_tokens,s2_lane,s2_nr,llm_tokens_total",.docx,65585,ok,True,False,text,False,0,0,2,False,0,False,0-10,Name | Address | Email | Phone,True,Contact Information,False,,ambiguous,True,yes,3958,standard,,False,False,0,0,0,0,0,0,2.986,False,False,True,,True,likely_no,no,4033,False,likely_non_responsive,True,,7991,.docx,65585,ok,True,False,text,False,0,0,4,False,0,False,0-10,Name | Address | Email | Phone,True,Contact Information,False,,ambiguous,True,yes,2189,standard,,False,False,0,0,0,0,0,0,1.682,False,False,True,,True,clear_yes,yes,2361,False,standard,False,,4550
CNG_Data2k_variance/files/Q00897.01-0000295833.PDF,nr,responsive,"estimated_entities,bde_person_count,bde_confirmed,is_bde,llm_tokens,suggested_lane,detail,elapsed_s,bde_stage1,s2_llm_responsiveness,s2_llm_responsive,s2_llm_tokens,s2_is_bde,s2_lane,s2_nr,llm_tokens_total",.pdf,1101072,ok,True,False,text,False,4,0,2,False,0,False,0-10,Name | Address | Money/Amount,True,Contact Information | Financial Account Information,False,,ambiguous,True,yes,4752,standard,,False,False,0,0,0,0,0,0,3.704,False,False,True,,True,likely_no,no,4827,False,likely_non_responsive,True,,9579,.pdf,1101072,ok,True,False,text,False,4,0,7,False,3,True,0-10,Name | Address | Money/Amount,True,Contact Information | Financial Account Information,True,,ambiguous,True,yes,5130,bde,bde_llm_count_roster,False,False,0,0,0,0,0,0,4.672,False,True,True,,True,likely_yes,yes,3153,True,bde,False,,8283
CNG_Data2k_variance/files/Q00897.01-0000303945.PDF,nr,responsive,"estimated_entities,bde_person_count,entity_bucket,llm_tokens,detail,elapsed_s,s2_llm_responsiveness,s2_llm_responsive,s2_llm_tokens,s2_is_bde,s2_lane,s2_nr,llm_tokens_total",.pdf,651881,ok,True,False,text,False,9,0,4,False,0,False,0-10,Name | Address | Email | Phone | Money/Amount | Health,True,Contact Information | Financial Account Information | Health-Related Information,False,,ambiguous,True,yes,7237,standard,,True,True,9,0,0,0,0,1,10.798,False,False,True,,True,likely_no,no,7276,False,likely_non_responsive,True,,14513,.pdf,651881,ok,True,False,text,False,9,0,14,False,4,False,10-20,Name | Address | Email | Phone | Money/Amount | Health,True,Contact Information | Financial Account Information | Health-Related Information,False,,ambiguous,True,yes,10115,standard,bde_llm_count,True,True,9,0,0,0,0,1,12.326,False,False,True,,True,likely_yes,yes,5642,True,bde,False,,15757
CNG_Data2k_variance/files/Q00897.01-0000303958.PDF,responsive,nr,"estimated_entities,bde_person_count,entity_bucket,llm_tokens,detail,elapsed_s,s2_llm_responsiveness,s2_llm_responsive,s2_llm_tokens,s2_is_bde,s2_lane,s2_nr,llm_tokens_total",.pdf,440145,ok,True,False,text,False,7,0,5,False,0,False,0-10,Name | Address | Email | Money/Amount,True,Contact Information | Financial Account Information,False,,ambiguous,True,yes,7119,standard,,True,True,7,0,0,0,0,1,12.242,False,False,True,,True,likely_yes,yes,7156,False,standard,False,,14275,.pdf,440145,ok,True,False,text,False,7,0,23,False,4,False,20-50,Name | Address | Email | Money/Amount,True,Contact Information | Financial Account Information,False,,ambiguous,True,yes,9833,standard,bde_llm_count,True,True,7,0,0,0,0,1,11.727,False,False,True,,True,likely_no,no,5516,True,likely_non_responsive,True,,15349
CNG_Data2k_variance/files/Q00897.01-0000305509.CSV,nr,responsive,"bde_person_count,value_signal,llm_tokens,elapsed_s,s2_llm_responsiveness,s2_llm_responsive,s2_llm_tokens,s2_lane,s2_nr,llm_tokens_total",.csv,14855,ok,True,True,text,True,0,0,117,False,3,False,100+,Name | Money/Amount | Work-Related,False,Financial Account Information | Work-Related Information,False,,ambiguous,True,yes,13467,standard,roster_by_rowcount bde_llm_count,False,False,0,0,0,0,0,0,4.137,False,False,True,,True,likely_no,no,7213,True,likely_non_responsive,True,,20680,.csv,14855,ok,True,True,text,True,0,0,117,False,0,False,100+,Name | Money/Amount | Work-Related,True,Financial Account Information | Work-Related Information,False,,ambiguous,True,yes,9900,standard,roster_by_rowcount bde_llm_count,False,False,0,0,0,0,0,0,3.893,False,False,True,,True,likely_yes,yes,5550,True,structured_bde,False,,15450
CNG_Data2k_variance/files/Q00897.01-0000310299.XLSX,nr,responsive,"estimated_entities,bde_person_count,entity_bucket,llm_tokens,detail,elapsed_s,s2_llm_responsiveness,s2_llm_responsive,s2_llm_tokens,s2_lane,s2_nr,llm_tokens_total",.xlsx,248173,ok,True,True,text,True,6,0,2634,False,2634,True,100+,Name | Phone,True,Contact Information,True,,ambiguous,True,yes,10585,structured_bde,roster_by_rowcount bde_llm_count_roster,False,False,0,0,0,0,0,0,7.602,False,True,True,,True,likely_no,no,5764,True,likely_non_responsive,True,,16349,.xlsx,248173,ok,True,True,text,True,6,0,9,False,9,True,0-10,Name | Phone,True,Contact Information,True,,ambiguous,True,yes,7068,structured_bde,bde_llm_count_roster,False,False,0,0,0,0,0,0,5.643,False,True,True,,True,likely_yes,yes,4129,True,structured_bde,False,,11197
CNG_Data2k_variance/files/Q00897.01-0000321193.XML,nr,responsive,"estimated_entities,bde_person_count,entity_bucket,llm_tokens,detail,elapsed_s,s2_llm_responsiveness,s2_llm_responsive,s2_llm_tokens,s2_is_bde,s2_lane,s2_nr,llm_tokens_total",.xml,176009,ok,True,False,text,False,0,0,1,False,0,False,0-10,Name | Phone | Money/Amount,True,Contact Information | Financial Account Information,False,,ambiguous,True,yes,13203,standard,,False,False,0,0,0,0,0,0,12.145,False,False,True,,True,likely_no,no,13289,False,likely_non_responsive,True,,26492,.xml,176009,ok,True,False,text,False,0,0,16,False,1,False,10-20,Name | Phone | Money/Amount,True,Contact Information | Financial Account Information,False,,ambiguous,True,yes,22017,standard,bde_llm_count,False,False,0,0,0,0,0,0,5.836,False,False,True,,True,likely_yes,yes,11640,True,bde,False,,33657
CNG_Data2k_variance/files/Q00897.01-0000326818.PDF,responsive,nr,"estimated_entities,bde_person_count,entity_bucket,llm_tokens,detail,elapsed_s,s2_llm_responsiveness,s2_llm_responsive,s2_llm_tokens,s2_is_bde,s2_lane,s2_nr,llm_tokens_total",.pdf,408400,ok,True,False,text,False,121,0,4,False,0,False,0-10,Name | Address | Phone | Card/Transaction | Money/Amount,True,Contact Information | Financial Account Information,False,,ambiguous,True,yes,17391,standard,,False,False,0,0,0,0,0,0,8.406,False,False,True,,True,likely_yes,yes,17525,False,standard,False,,34916,.pdf,408400,ok,True,False,text,False,121,0,16,False,1,False,10-20,Name | Address | Phone | Card/Transaction | Money/Amount,True,Contact Information | Financial Account Information,False,,ambiguous,True,yes,30362,standard,bde_llm_count,False,False,0,0,0,0,0,0,17.286,False,False,True,,True,likely_no,no,15860,True,likely_non_responsive,True,,46222
CNG_Data2k_variance/files/Q00897.01-0000327638.PDF,nr,responsive,"entities_found,llm_responsive,llm_tokens,suggested_lane,elapsed_s,nr_stage1,s2_ran,s2_skip_reason,s2_llm_consulted,s2_llm_responsiveness,s2_llm_responsive,s2_llm_tokens,s2_is_bde,s2_lane,llm_tokens_total",.pdf,2266571,ok,True,True,text,True,1,0,35,False,0,False,20-50,Address | Email | Phone | Bank/Account Number | Money/Amount,True,Contact Information | Financial Account Information,False,,ambiguous,True,no,7766,likely_non_responsive,bde_llm_count,True,True,1,0,0,0,0,1,10.323,True,False,False,stage1_nr,False,,,0,False,,False,,7766,.pdf,2266571,ok,True,True,text,True,1,0,35,False,0,False,20-50,Name | Address | Email | Phone | Bank/Account Number | Money/Amount,True,Contact Information | Financial Account Information,False,,ambiguous,True,yes,4237,standard,bde_llm_count,True,True,1,0,0,0,0,1,10.035,False,False,True,,True,clear_yes,yes,2706,True,structured_bde,False,,6943
CNG_Data2k_variance/files/Q00897.01-0000327643.PDF,nr,responsive,"entities_found,llm_tokens,elapsed_s,s2_llm_responsiveness,s2_llm_responsive,s2_llm_tokens,s2_is_bde,s2_lane,s2_nr,llm_tokens_total",.pdf,2431532,ok,True,True,text,True,1,0,37,False,0,False,20-50,Address | Email | Phone | Bank/Account Number | Money/Amount,True,Contact Information | Financial Account Information,False,,ambiguous,True,yes,7798,standard,bde_llm_count,True,True,1,0,0,0,0,1,9.204,False,False,True,,True,clear_no,no,4354,False,likely_non_responsive,True,,12152,.pdf,2431532,ok,True,True,text,True,1,0,37,False,0,False,20-50,Name | Address | Email | Phone | Bank/Account Number | Money/Amount,True,Contact Information | Financial Account Information,False,,ambiguous,True,yes,4254,standard,bde_llm_count,True,True,1,0,0,0,0,1,10.962,False,False,True,,True,likely_yes,yes,2709,True,structured_bde,False,,6963
CNG_Data2k_variance/files/Q00897.01-0000330235.0001.PDF,nr,responsive,"llm_tokens,elapsed_s,s2_llm_responsiveness,s2_llm_responsive,s2_llm_tokens,s2_is_bde,s2_lane,s2_nr,llm_tokens_total",.pdf,316618,ok,True,True,text,True,4,0,22,False,1,False,20-50,Name | Address | Phone | Bank/Account Number | Money/Amount,True,Contact Information | Financial Account Information,False,,ambiguous,True,yes,8668,standard,bde_llm_count,True,True,4,0,0,0,0,1,12.742,False,False,True,,True,likely_no,no,4829,False,likely_non_responsive,True,,13497,.pdf,316618,ok,True,True,text,True,4,0,22,False,1,False,20-50,Name | Address | Phone | Bank/Account Number | Money/Amount,True,Contact Information | Financial Account Information,False,,ambiguous,True,yes,5121,standard,bde_llm_count,True,True,4,0,0,0,0,1,8.781,False,False,True,,True,clear_yes,yes,3140,True,structured_bde,False,,8261
CNG_Data2k_variance/files/Q00897.01-0000341379.DOCX,nr,responsive,"llm_tokens,elapsed_s,s2_llm_responsiveness,s2_llm_responsive,s2_llm_tokens,s2_lane,s2_nr,llm_tokens_total",.docx,29457,ok,True,False,text,False,0,0,3,False,0,False,0-10,Name | Address | Phone,True,Contact Information,False,,ambiguous,True,yes,3891,standard,,False,False,0,0,0,0,0,0,3.278,False,False,True,,True,clear_no,no,3948,False,likely_non_responsive,True,,7839,.docx,29457,ok,True,False,text,False,0,0,3,False,0,False,0-10,Name | Address | Phone,True,Contact Information,False,,ambiguous,True,yes,2105,standard,,False,False,0,0,0,0,0,0,2.215,False,False,True,,True,clear_yes,yes,2279,False,standard,False,,4384
CNG_Data2k_variance/files/Q00897.01-0000341571.PDF,nr,responsive,"llm_tokens,elapsed_s,s2_llm_responsiveness,s2_llm_responsive,s2_llm_tokens,s2_lane,s2_nr,llm_tokens_total",.pdf,210016,ok,True,False,text,False,1,0,2,False,0,False,0-10,Name | Money/Amount | Student ID,True,Financial Account Information | Student-Related Information,False,,ambiguous,True,yes,3873,standard,,False,False,0,0,0,0,0,0,2.906,False,False,True,,True,likely_no,no,3945,False,likely_non_responsive,True,,7818,.pdf,210016,ok,True,False,text,False,1,0,2,False,0,False,0-10,Name | Money/Amount | Student ID,True,Financial Account Information | Student-Related Information,False,,ambiguous,True,yes,2078,standard,,False,False,0,0,0,0,0,0,2.436,False,False,True,,True,likely_yes,yes,2268,False,standard,False,,4346
CNG_Data2k_variance/files/Q00897.01-0000341657.PDF,nr,responsive,"llm_tokens,elapsed_s,s2_llm_responsiveness,s2_llm_responsive,s2_llm_tokens,s2_is_bde,s2_lane,s2_nr,llm_tokens_total",.pdf,43627,ok,True,True,text,True,1,0,17,False,1,False,10-20,Name | Address | Email | Money/Amount | Health | Student ID,True,Contact Information | Financial Account Information | Health-Related Information | Student-Related Information,False,,ambiguous,True,yes,7233,standard,bde_llm_count,True,True,1,0,0,0,0,1,14.666,False,False,True,,True,likely_no,no,4096,False,likely_non_responsive,True,,11329,.pdf,43627,ok,True,True,text,True,1,0,17,False,1,False,10-20,Name | Address | Email | Money/Amount | Health | Student ID,True,Contact Information | Financial Account Information | Health-Related Information | Student-Related Information,False,,ambiguous,True,yes,3659,standard,bde_llm_count,True,True,1,0,0,0,0,1,7.196,False,False,True,,True,clear_yes,yes,2419,True,structured_bde,False,,6078
CNG_Data2k_variance/files/Q00897.01-0000341762.PDF,nr,responsive,"llm_tokens,elapsed_s,s2_llm_responsiveness,s2_llm_responsive,s2_llm_tokens,s2_is_bde,s2_lane,s2_nr,llm_tokens_total",.pdf,128395,ok,True,True,text,True,2,0,11,False,1,False,10-20,Name | Email | Phone | Account Balance | Money/Amount,True,Contact Information | Financial Account Information,False,,ambiguous,True,yes,7580,standard,bde_llm_count,True,True,2,0,0,0,0,1,12.024,False,False,True,,True,likely_no,no,4300,False,likely_non_responsive,True,,11880,.pdf,128395,ok,True,True,text,True,2,0,11,False,1,False,10-20,Name | Email | Phone | Account Balance | Money/Amount,True,Contact Information | Financial Account Information,False,,ambiguous,True,yes,4023,standard,bde_llm_count,True,True,2,0,0,0,0,1,9.992,False,False,True,,True,likely_yes,yes,2614,True,structured_bde,False,,6637
CNG_Data2k_variance/files/Q00897.01-0000342011.PDF,nr,responsive,"estimated_entities,bde_person_count,llm_tokens,detail,elapsed_s,s2_llm_responsiveness,s2_llm_responsive,s2_llm_tokens,s2_is_bde,s2_lane,s2_nr,llm_tokens_total",.pdf,139011,ok,True,False,text,False,6,0,2,False,0,False,0-10,Name | Address | Phone,True,Contact Information,False,,ambiguous,True,yes,6131,standard,,False,False,0,0,0,0,0,0,3.189,False,False,True,,True,likely_no,no,6229,False,likely_non_responsive,True,,12360,.pdf,139011,ok,True,False,text,False,6,0,9,False,2,False,0-10,Name | Address | Phone,True,Contact Information,False,,ambiguous,True,yes,7917,standard,bde_llm_count,False,False,0,0,0,0,0,0,4.254,False,False,True,,True,likely_yes,yes,4551,True,bde,False,,12468
CNG_Data2k_variance/files/Q00897.01-0000344646.PDF,nr,responsive,"estimated_entities,entities_found,value_signal,ambiguity,llm_consulted,llm_responsive,llm_tokens,suggested_lane,elapsed_s,nr_stage1,s2_ran,s2_skip_reason,s2_llm_consulted,s2_llm_responsiveness,s2_llm_responsive,s2_llm_tokens,s2_lane,llm_tokens_total",.pdf,12247,ok,True,False,text,False,2,0,1,False,0,False,0-10,Money/Amount,False,Financial Account Information,False,,clear_non_responsive,False,,0,likely_non_responsive,,False,False,0,0,0,0,0,0,0.147,True,False,False,stage1_nr,False,,,0,False,,False,,0,.pdf,12247,ok,True,False,text,False,2,0,2,False,0,False,0-10,Name | Money/Amount,True,Financial Account Information,False,,ambiguous,True,yes,2928,standard,,False,False,0,0,0,0,0,0,4.942,False,False,True,,True,clear_yes,yes,3114,False,standard,False,,6042
CNG_Data2k_variance/files/Q00897.01-0000344665.PDF,nr,responsive,"estimated_entities,entities_found,value_signal,ambiguity,llm_consulted,llm_responsive,llm_tokens,suggested_lane,elapsed_s,nr_stage1,s2_ran,s2_skip_reason,s2_llm_consulted,s2_llm_responsiveness,s2_llm_responsive,s2_llm_tokens,s2_lane,llm_tokens_total",.pdf,14085,ok,True,False,text,False,2,0,1,False,0,False,0-10,Money/Amount,False,Financial Account Information,False,,clear_non_responsive,False,,0,likely_non_responsive,,False,False,0,0,0,0,0,0,0.158,True,False,False,stage1_nr,False,,,0,False,,False,,0,.pdf,14085,ok,True,False,text,False,2,0,2,False,0,False,0-10,Name | Money/Amount,True,Financial Account Information,False,,ambiguous,True,yes,3148,standard,,False,False,0,0,0,0,0,0,3.131,False,False,True,,True,clear_yes,yes,3318,False,standard,False,,6466
CNG_Data2k_variance/files/Q00897.01-0000344885.PDF,nr,responsive,"estimated_entities,entities_found,value_signal,ambiguity,llm_consulted,llm_responsive,llm_tokens,suggested_lane,elapsed_s,nr_stage1,s2_ran,s2_skip_reason,s2_llm_consulted,s2_llm_responsiveness,s2_llm_responsive,s2_llm_tokens,s2_lane,llm_tokens_total",.pdf,13486,ok,True,False,text,False,2,0,1,False,0,False,0-10,Money/Amount,False,Financial Account Information,False,,clear_non_responsive,False,,0,likely_non_responsive,,False,False,0,0,0,0,0,0,0.161,True,False,False,stage1_nr,False,,,0,False,,False,,0,.pdf,13486,ok,True,False,text,False,2,0,2,False,0,False,0-10,Name | Money/Amount,True,Financial Account Information,False,,ambiguous,True,yes,3060,standard,,False,False,0,0,0,0,0,0,2.952,False,False,True,,True,clear_yes,yes,3225,False,standard,False,,6285
CNG_Data2k_variance/files/Q00897.01-0000344947.PDF,nr,responsive,"estimated_entities,entities_found,value_signal,ambiguity,llm_consulted,llm_responsive,llm_tokens,suggested_lane,elapsed_s,nr_stage1,s2_ran,s2_skip_reason,s2_llm_consulted,s2_llm_responsiveness,s2_llm_responsive,s2_llm_tokens,s2_lane,llm_tokens_total",.pdf,17888,ok,True,False,text,False,3,0,1,False,0,False,0-10,Money/Amount,False,Financial Account Information,False,,clear_non_responsive,False,,0,likely_non_responsive,,False,False,0,0,0,0,0,0,0.258,True,False,False,stage1_nr,False,,,0,False,,False,,0,.pdf,17888,ok,True,False,text,False,3,0,2,False,0,False,0-10,Name | Money/Amount,True,Financial Account Information,False,,ambiguous,True,yes,3561,standard,,False,False,0,0,0,0,0,0,2.687,False,False,True,,True,clear_yes,yes,3727,False,standard,False,,7288
CNG_Data2k_variance/files/Q00897.01-0000345330.PDF,nr,responsive,"estimated_entities,entities_found,value_signal,ambiguity,llm_consulted,llm_responsive,llm_tokens,suggested_lane,elapsed_s,nr_stage1,s2_ran,s2_skip_reason,s2_llm_consulted,s2_llm_responsiveness,s2_llm_responsive,s2_llm_tokens,s2_lane,llm_tokens_total",.pdf,11943,ok,True,False,text,False,2,0,1,False,0,False,0-10,Money/Amount,False,Financial Account Information,False,,clear_non_responsive,False,,0,likely_non_responsive,,False,False,0,0,0,0,0,0,0.122,True,False,False,stage1_nr,False,,,0,False,,False,,0,.pdf,11943,ok,True,False,text,False,2,0,2,False,0,False,0-10,Name | Money/Amount,True,Financial Account Information,False,,ambiguous,True,yes,2788,standard,,False,False,0,0,0,0,0,0,4.888,False,False,True,,True,clear_yes,yes,2963,False,standard,False,,5751
CNG_Data2k_variance/files/Q00897.01-0000346057.PDF,nr,responsive,"estimated_entities,entities_found,value_signal,ambiguity,llm_consulted,llm_responsive,llm_tokens,suggested_lane,elapsed_s,nr_stage1,s2_ran,s2_skip_reason,s2_llm_consulted,s2_llm_responsiveness,s2_llm_responsive,s2_llm_tokens,s2_lane,llm_tokens_total",.pdf,11950,ok,True,False,text,False,2,0,1,False,0,False,0-10,Money/Amount,False,Financial Account Information,False,,clear_non_responsive,False,,0,likely_non_responsive,,False,False,0,0,0,0,0,0,0.131,True,False,False,stage1_nr,False,,,0,False,,False,,0,.pdf,11950,ok,True,False,text,False,2,0,2,False,0,False,0-10,Name | Money/Amount,True,Financial Account Information,False,,ambiguous,True,yes,2786,standard,,False,False,0,0,0,0,0,0,2.394,False,False,True,,True,clear_yes,yes,2983,False,standard,False,,5769
CNG_Data2k_variance/files/Q00897.01-0000346714.PDF,nr,responsive,"estimated_entities,llm_tokens,elapsed_s,s2_llm_responsiveness,s2_llm_responsive,s2_llm_tokens,s2_lane,s2_nr,llm_tokens_total",.pdf,223301,ok,True,False,text,False,1,0,5,False,0,False,0-10,Name | Phone | Money/Amount,True,Contact Information | Financial Account Information,False,,ambiguous,True,yes,16035,standard,,False,False,0,0,0,0,0,0,3.205,False,False,True,,True,likely_no,no,16029,False,likely_non_responsive,True,,32064,.pdf,223301,ok,True,False,text,False,1,0,6,False,0,False,0-10,Name | Phone | Money/Amount,True,Contact Information | Financial Account Information,False,,ambiguous,True,yes,14248,standard,,False,False,0,0,0,0,0,0,4.52,False,False,True,,True,likely_yes,yes,14455,False,standard,False,,28703
CNG_Data2k_variance/files/Q00897.01-0000346795.PDF,nr,responsive,"llm_tokens,elapsed_s,s2_llm_responsiveness,s2_llm_responsive,s2_llm_tokens,s2_lane,s2_nr,llm_tokens_total",.pdf,285202,ok,True,False,text,False,3,0,5,False,0,False,0-10,Name | Phone | Money/Amount,True,Contact Information | Financial Account Information,False,,ambiguous,True,yes,6246,standard,"img_ocr:p3,p3(2/2,+2chars)",False,False,0,2,2,2,0,2,12.568,False,False,True,,True,likely_no,no,6293,False,likely_non_responsive,True,,12539,.pdf,285202,ok,True,False,text,False,3,0,5,False,0,False,0-10,Name | Phone | Money/Amount,True,Contact Information | Financial Account Information,False,,ambiguous,True,yes,4479,standard,"img_ocr:p3,p3(2/2,+2chars)",False,False,0,2,2,2,0,2,11.741,False,False,True,,True,likely_yes,yes,4665,False,standard,False,,9144
CNG_Data2k_variance/files/Q00897.01-0000363983.MSG,nr,responsive,"estimated_entities,llm_tokens,elapsed_s,s2_llm_responsiveness,s2_llm_responsive,s2_llm_tokens,s2_lane,s2_nr,llm_tokens_total",.msg,295424,ok,True,False,text,False,0,0,1,False,0,False,0-10,Name | Address | Email | Phone | Card Expiry/CVV | Card/Transaction | Money/Amount,True,Contact Information | Financial Account Information,False,,ambiguous,True,yes,5736,standard,,False,False,0,0,0,0,0,0,62.864,False,False,True,,True,likely_no,no,5814,False,likely_non_responsive,True,,11550,.msg,295424,ok,True,False,text,False,0,0,5,False,0,False,0-10,Name | Address | Email | Phone | Card Expiry/CVV | Card/Transaction | Money/Amount,True,Contact Information | Financial Account Information,False,,ambiguous,True,yes,3966,standard,,False,False,0,0,0,0,0,0,5.376,False,False,True,,True,clear_yes,yes,4137,False,standard,False,,8103
CNG_Data2k_variance/files/Q00897.01-0000373112.MSG,nr,responsive,"estimated_entities,llm_tokens,elapsed_s,s2_llm_responsiveness,s2_llm_responsive,s2_llm_tokens,s2_lane,s2_nr,llm_tokens_total",.msg,219648,ok,True,False,text,False,0,0,3,False,0,False,0-10,Name | Address | Email | Phone | Money/Amount,True,Contact Information | Financial Account Information,False,,ambiguous,True,yes,4769,standard,,False,False,0,0,0,0,0,0,4.336,False,False,True,,True,clear_no,no,4854,False,likely_non_responsive,True,,9623,.msg,219648,ok,True,False,text,False,0,0,5,False,0,False,0-10,Name | Address | Email | Phone | Money/Amount,True,Contact Information | Financial Account Information,False,,ambiguous,True,yes,3016,standard,,False,False,0,0,0,0,0,0,5.937,False,False,True,,True,likely_yes,yes,3188,False,standard,False,,6204
CNG_Data2k_variance/files/Q00897.01-0000373122.MSG,nr,responsive,"estimated_entities,llm_tokens,elapsed_s,s2_llm_responsiveness,s2_llm_responsive,s2_llm_tokens,s2_lane,s2_nr,llm_tokens_total",.msg,229888,ok,True,False,text,False,0,0,3,False,0,False,0-10,Name | Address | Email | Phone | Money/Amount,True,Contact Information | Financial Account Information,False,,ambiguous,True,yes,5272,standard,,False,False,0,0,0,0,0,0,5.695,False,False,True,,True,likely_no,no,5340,False,likely_non_responsive,True,,10612,.msg,229888,ok,True,False,text,False,0,0,4,False,0,False,0-10,Name | Address | Email | Phone | Money/Amount,True,Contact Information | Financial Account Information,False,,ambiguous,True,yes,3488,standard,,False,False,0,0,0,0,0,0,9.286,False,False,True,,True,likely_yes,yes,3673,False,standard,False,,7161
CNG_Data2k_variance/files/Q00897.01-0000376104.MSG,nr,responsive,"estimated_entities,llm_tokens,elapsed_s,s2_llm_responsiveness,s2_llm_responsive,s2_llm_tokens,s2_lane,s2_nr,llm_tokens_total",.msg,218112,ok,True,False,text,False,0,0,4,False,0,False,0-10,Name | Address | Email | Phone | Money/Amount,True,Contact Information | Financial Account Information,False,,ambiguous,True,yes,4833,standard,,False,False,0,0,0,0,0,0,4.683,False,False,True,,True,likely_no,no,4912,False,likely_non_responsive,True,,9745,.msg,218112,ok,True,False,text,False,0,0,6,False,0,False,0-10,Name | Address | Email | Phone | Money/Amount,True,Contact Information | Financial Account Information,False,,ambiguous,True,yes,3066,standard,,False,False,0,0,0,0,0,0,5.038,False,False,True,,True,likely_yes,yes,3255,False,standard,False,,6321
CNG_Data2k_variance/files/Q00897.01-0000389573.MSG,nr,responsive,"llm_tokens,elapsed_s,s2_llm_responsiveness,s2_llm_responsive,s2_llm_tokens,s2_lane,s2_nr,llm_tokens_total",.msg,80384,ok,True,False,text,False,0,0,2,False,0,False,0-10,Name | Email,True,Contact Information,False,,ambiguous,True,yes,3892,standard,,False,False,0,0,0,0,0,0,3.151,False,False,True,,True,borderline,no,3963,False,likely_non_responsive,True,,7855,.msg,80384,ok,True,False,text,False,0,0,2,False,0,False,0-10,Name | Email,True,Contact Information,False,,ambiguous,True,yes,2130,standard,,False,False,0,0,0,0,0,0,3.058,False,False,True,,True,likely_yes,yes,2286,False,standard,False,,4416
CNG_Data2k_variance/files/Q00897.01-0000397749.MSG,nr,responsive,"estimated_entities,bde_person_count,bde_confirmed,entity_bucket,is_bde,llm_tokens,suggested_lane,elapsed_s,bde_stage1,s2_llm_responsiveness,s2_llm_responsive,s2_llm_tokens,s2_is_bde,s2_lane,s2_nr,llm_tokens_total",.msg,133120,ok,True,False,text,False,0,0,8,False,7,False,0-10,Name | Address | Email | Phone | Money/Amount,True,Contact Information | Financial Account Information,False,,ambiguous,True,yes,10735,standard,bde_llm_count,False,False,0,0,0,0,0,0,5.657,False,False,True,,True,likely_no,no,5830,False,likely_non_responsive,True,,16565,.msg,133120,ok,True,False,text,False,0,0,27,False,9,True,20-50,Name | Address | Email | Phone | Money/Amount,True,Contact Information | Financial Account Information,True,,ambiguous,True,yes,7180,bde,bde_llm_count,False,False,0,0,0,0,0,0,5.392,False,True,True,,True,likely_yes,yes,4209,True,bde,False,,11389
CNG_Data2k_variance/files/Q00897.01-0000400507.MSG,nr,responsive,"estimated_entities,bde_person_count,llm_tokens,detail,elapsed_s,s2_llm_responsiveness,s2_llm_responsive,s2_llm_tokens,s2_is_bde,s2_lane,s2_nr,llm_tokens_total",.msg,163840,ok,True,False,text,False,0,1,5,False,0,False,0-10,Name | Address | Email | Phone,True,Contact Information,False,,ambiguous,True,yes,4272,standard,,False,False,0,0,0,0,0,0,3.387,False,False,True,,True,likely_no,no,4317,False,likely_non_responsive,True,,8589,.msg,163840,ok,True,False,text,False,0,1,10,False,3,False,0-10,Name | Address | Email | Phone,True,Contact Information,False,,ambiguous,True,yes,4234,standard,bde_llm_count,False,False,0,0,0,0,0,0,6.118,False,False,True,,True,clear_yes,yes,2681,True,bde,False,,6915
CNG_Data2k_variance/files/Q00897.01-0000401737.MSG,nr,responsive,"estimated_entities,llm_tokens,elapsed_s,s2_llm_responsiveness,s2_llm_responsive,s2_llm_tokens,s2_lane,s2_nr,llm_tokens_total",.msg,95744,ok,True,False,text,False,0,0,3,False,0,False,0-10,Name | Address | Email,True,Contact Information,False,,ambiguous,True,yes,4104,standard,,False,False,0,0,0,0,0,0,2.94,False,False,True,,True,clear_no,no,4181,False,likely_non_responsive,True,,8285,.msg,95744,ok,True,False,text,False,0,0,5,False,0,False,0-10,Name | Address | Email,True,Contact Information,False,,ambiguous,True,yes,2325,standard,,False,False,0,0,0,0,0,0,2.855,False,False,True,,True,likely_yes,yes,2522,False,standard,False,,4847
CNG_Data2k_variance/files/Q00897.01-0000404375.0001.PDF,nr,responsive,"estimated_entities,bde_person_count,bde_confirmed,entity_bucket,is_bde,llm_responsive,llm_tokens,suggested_lane,detail,elapsed_s,bde_stage1,s2_llm_responsiveness,s2_llm_responsive,s2_llm_tokens,s2_is_bde,s2_lane,s2_nr,llm_tokens_total",.pdf,49289,ok,True,False,text,False,17,0,30,False,30,False,20-50,Name | Address | Card/Transaction | Money/Amount,True,Contact Information | Financial Account Information,False,,ambiguous,True,yes,30860,standard,bde_llm_count,False,False,0,0,0,0,0,0,11.244,False,False,True,,True,likely_no,no,16009,False,likely_non_responsive,True,,46869,.pdf,49289,ok,True,False,text,False,17,0,14,False,14,True,10-20,Name | Address | Card/Transaction | Money/Amount,True,Contact Information | Financial Account Information,True,,ambiguous,True,no,27012,bde,bde_llm_count_roster,False,False,0,0,0,0,0,0,7.582,False,True,True,,True,likely_yes,yes,14267,True,bde,False,,41279
CNG_Data2k_variance/files/Q00897.01-0000407435.MSG,responsive,nr,"estimated_entities,bde_person_count,entity_bucket,llm_tokens,detail,elapsed_s,s2_llm_responsiveness,s2_llm_responsive,s2_llm_tokens,s2_is_bde,s2_lane,s2_nr,llm_tokens_total",.msg,283648,ok,True,False,text,False,0,4,4,False,0,False,0-10,Name | Address | Email | Phone | Money/Amount,True,Contact Information | Financial Account Information,False,,ambiguous,True,yes,6985,standard,,False,False,0,0,0,0,0,0,3.977,False,False,True,,True,likely_yes,yes,7060,False,standard,False,,14045,.msg,283648,ok,True,False,text,False,0,4,22,False,4,False,20-50,Name | Address | Email | Phone | Money/Amount,True,Contact Information | Financial Account Information,False,,ambiguous,True,yes,9661,standard,bde_llm_count,False,False,0,0,0,0,0,0,5.125,False,False,True,,True,clear_no,no,5407,True,likely_non_responsive,True,,15068
CNG_Data2k_variance/files/Q00897.01-0000415326.MSG,nr,responsive,"estimated_entities,llm_tokens,elapsed_s,s2_llm_responsiveness,s2_llm_responsive,s2_llm_tokens,s2_lane,s2_nr,llm_tokens_total",.msg,152064,ok,True,False,text,False,0,1,2,False,0,False,0-10,Name | Email | Card/Transaction,True,Contact Information | Financial Account Information,False,,ambiguous,True,yes,3991,standard,,False,False,0,0,0,0,0,0,4.516,False,False,True,,True,borderline,no,4048,False,likely_non_responsive,True,,8039,.msg,152064,ok,True,False,text,False,0,1,3,False,0,False,0-10,Name | Email | Card/Transaction,True,Contact Information | Financial Account Information,False,,ambiguous,True,yes,2214,standard,,False,False,0,0,0,0,0,0,2.82,False,False,True,,True,likely_yes,yes,2396,False,standard,False,,4610
CNG_Data2k_variance/files/Q00897.01-0000424208.MSG,nr,responsive,"estimated_entities,llm_tokens,elapsed_s,s2_llm_responsiveness,s2_llm_responsive,s2_llm_tokens,s2_lane,s2_nr,llm_tokens_total",.msg,162816,ok,True,False,text,False,0,0,2,False,0,False,0-10,Name | Address | Health,True,Contact Information | Health-Related Information,False,,ambiguous,True,yes,3953,standard,,False,False,0,0,0,0,0,0,3.068,False,False,True,,True,likely_no,no,4014,False,likely_non_responsive,True,,7967,.msg,162816,ok,True,False,text,False,0,0,5,False,0,False,0-10,Name | Address | Health,True,Contact Information | Health-Related Information,False,,ambiguous,True,yes,2183,standard,,False,False,0,0,0,0,0,0,4.336,False,False,True,,True,likely_yes,yes,2356,False,standard,False,,4539
CNG_Data2k_variance/files/Q00897.01-0000425173.0001.PDF,nr,responsive,"estimated_entities,bde_person_count,bde_confirmed,entity_bucket,entities_found,value_signal,is_bde,ambiguity,llm_consulted,llm_responsive,llm_tokens,suggested_lane,detail,elapsed_s,nr_stage1,bde_stage1,s2_ran,s2_skip_reason,s2_llm_consulted,s2_llm_responsiveness,s2_llm_responsive,s2_llm_tokens,s2_is_bde,s2_lane,llm_tokens_total",.pdf,19286,ok,True,False,text,False,3,0,1,False,0,False,0-10,Money/Amount,False,Financial Account Information,False,,clear_non_responsive,False,,0,likely_non_responsive,,False,False,0,0,0,0,0,0,0.145,True,False,False,stage1_nr,False,,,0,False,,False,,0,.pdf,19286,ok,True,False,text,False,3,0,44,False,44,True,20-50,Name | Money/Amount,True,Financial Account Information,True,,ambiguous,True,yes,10668,bde,bde_llm_count_roster,False,False,0,0,0,0,0,0,9.436,False,True,True,,True,likely_yes,yes,6072,True,bde,False,,16740
CNG_Data2k_variance/files/Q00897.01-0000426759.MSG,nr,responsive,"estimated_entities,entities_found,llm_tokens,elapsed_s,s2_llm_responsiveness,s2_llm_responsive,s2_llm_tokens,s2_lane,s2_nr,llm_tokens_total",.msg,185856,ok,True,False,text,False,0,0,1,False,0,False,0-10,Address | Card/Transaction | Money/Amount,True,Contact Information | Financial Account Information,False,,ambiguous,True,yes,4141,standard,,False,False,0,0,0,0,0,0,3.437,False,False,True,,True,likely_no,no,4178,False,likely_non_responsive,True,,8319,.msg,185856,ok,True,False,text,False,0,0,3,False,0,False,0-10,Name | Address | Card/Transaction | Money/Amount,True,Contact Information | Financial Account Information,False,,ambiguous,True,yes,2355,standard,,False,False,0,0,0,0,0,0,3.408,False,False,True,,True,likely_yes,yes,2540,False,standard,False,,4895
CNG_Data2k_variance/files/Q00897.01-0000427736.MSG,nr,responsive,"estimated_entities,bde_person_count,entity_bucket,llm_tokens,detail,elapsed_s,s2_llm_responsiveness,s2_llm_responsive,s2_llm_tokens,s2_is_bde,s2_lane,s2_nr,llm_tokens_total",.msg,159232,ok,True,False,text,False,0,0,2,False,0,False,0-10,Name | Address | Email | Phone,True,Contact Information,False,,ambiguous,True,yes,4162,standard,,False,False,0,0,0,0,0,0,3.311,False,False,True,,True,clear_no,no,4252,False,likely_non_responsive,True,,8414,.msg,159232,ok,True,False,text,False,0,0,17,False,2,False,10-20,Name | Address | Email | Phone,True,Contact Information,False,,ambiguous,True,yes,3921,standard,bde_llm_count,False,False,0,0,0,0,0,0,4.826,False,False,True,,True,likely_yes,yes,2547,True,bde,False,,6468
CNG_Data2k_variance/files/Q00897.01-0000429941.MSG,nr,responsive,"estimated_entities,llm_tokens,elapsed_s,s2_llm_responsiveness,s2_llm_responsive,s2_llm_tokens,s2_lane,s2_nr,llm_tokens_total",.msg,120832,ok,True,False,text,False,0,0,3,False,0,False,0-10,Name | Address | Email | Phone | Money/Amount,True,Contact Information | Financial Account Information,False,,ambiguous,True,yes,4276,standard,,False,False,0,0,0,0,0,0,3.31,False,False,True,,True,likely_no,no,4343,False,likely_non_responsive,True,,8619,.msg,120832,ok,True,False,text,False,0,0,6,False,0,False,0-10,Name | Address | Email | Phone | Money/Amount,True,Contact Information | Financial Account Information,False,,ambiguous,True,yes,2525,standard,,False,False,0,0,0,0,0,0,3.147,False,False,True,,True,likely_yes,yes,2685,False,standard,False,,5210
CNG_Data2k_variance/files/Q00897.01-0000431365.0010.PDF,nr,undetermined,"status,searchable,text_extractable,page_or_sheet_count,estimated_entities,entity_bucket,entities_found,value_signal,pi_categories,ambiguity,llm_consulted,llm_responsive,llm_tokens,suggested_lane,detail,img_ocr_qualifying,img_ocr_calls,img_ocr_ok,di_calls,elapsed_s,s2_ran,s2_skip_reason,s2_llm_consulted,s2_llm_responsiveness,s2_llm_responsive,s2_llm_tokens,s2_lane,s2_nr,llm_tokens_total",.pdf,1820841,ok,True,False,text,False,10,0,3,False,0,False,0-10,Name | Address | Email | Phone | Money/Amount | Health,True,Contact Information | Financial Account Information | Health-Related Information,False,,ambiguous,True,yes,6727,standard,"img_ocr:p4,p4,p4,p4,p4,p4,p4,p4,p4,p4,p4,p4,p4,p4,p4,p6,p6,p6,p6,p6,p6,p6,p6,p6,p6,p8,p8,p8,p8,p8,p8,p8,p8,p9,p9,p9,p9,p9,p9,p9,p9,p9,p9,p9,p9,p9,p9,p9(48/51,+4476chars)",False,False,0,51,51,48,0,51,222.005,False,False,True,,True,likely_no,no,6790,False,likely_non_responsive,True,,13517,.pdf,1820841,timeout,False,False,,False,0,0,0,False,0,False,,,False,,False,,,False,,0,review_error,watchdog_killed,False,False,0,0,0,0,0,0,0.0,False,False,False,timeout,False,,,0,False,,False,,0
CNG_Data2k_variance/files/Q00897.01-0000431602.MSG,responsive,nr,"estimated_entities,bde_confirmed,entity_bucket,is_bde,llm_tokens,suggested_lane,elapsed_s,bde_stage1,s2_llm_responsiveness,s2_llm_responsive,s2_llm_tokens,s2_is_bde,s2_lane,s2_nr,llm_tokens_total",.msg,2468864,ok,True,False,text,False,0,3,9,False,7,False,0-10,Name | Email | Phone | Money/Amount,True,Contact Information | Financial Account Information,False,,ambiguous,True,yes,11094,standard,bde_llm_count,False,False,0,0,0,0,0,0,8.798,False,False,True,,True,likely_yes,yes,6042,False,standard,False,,17136,.msg,2468864,ok,True,False,text,False,0,3,13,False,7,True,10-20,Name | Email | Phone | Money/Amount,True,Contact Information | Financial Account Information,True,,ambiguous,True,yes,7600,bde,bde_llm_count,False,False,0,0,0,0,0,0,6.041,False,True,True,,True,clear_no,no,4378,True,likely_non_responsive,True,,11978
CNG_Data2k_variance/files/Q00897.01-0000434471.MSG,nr,responsive,"estimated_entities,entity_bucket,llm_tokens,elapsed_s,s2_llm_responsiveness,s2_llm_responsive,s2_llm_tokens,s2_is_bde,s2_lane,s2_nr,llm_tokens_total",.msg,190464,ok,True,False,text,False,0,1,7,False,4,False,0-10,Name | Address | Email | Phone | Money/Amount,True,Contact Information | Financial Account Information,False,,ambiguous,True,yes,17500,standard,bde_llm_count,False,False,0,0,0,0,0,0,8.744,False,False,True,,True,likely_no,no,9220,False,likely_non_responsive,True,,26720,.msg,190464,ok,True,False,text,False,0,1,23,False,4,False,20-50,Name | Address | Email | Phone | Money/Amount,True,Contact Information | Financial Account Information,False,,ambiguous,True,yes,13891,standard,bde_llm_count,False,False,0,0,0,0,0,0,7.952,False,False,True,,True,clear_yes,yes,7597,True,bde,False,,21488
CNG_Data2k_variance/files/Q00897.01-0000438618.MSG,nr,responsive,"estimated_entities,llm_tokens,elapsed_s,s2_llm_responsiveness,s2_llm_responsive,s2_llm_tokens,s2_lane,s2_nr,llm_tokens_total",.msg,109568,ok,True,False,text,False,0,0,3,False,0,False,0-10,Name | Address | Email,True,Contact Information,False,,ambiguous,True,yes,3903,standard,,False,False,0,0,0,0,0,0,3.197,False,False,True,,True,likely_no,no,3973,False,likely_non_responsive,True,,7876,.msg,109568,ok,True,False,text,False,0,0,6,False,0,False,0-10,Name | Address | Email,True,Contact Information,False,,ambiguous,True,yes,2105,standard,,False,False,0,0,0,0,0,0,2.401,False,False,True,,True,likely_yes,yes,2317,False,standard,False,,4422
CNG_Data2k_variance/files/Q00897.01-0000438807.MSG,nr,responsive,"estimated_entities,bde_confirmed,entity_bucket,is_bde,llm_tokens,suggested_lane,elapsed_s,bde_stage1,s2_llm_responsiveness,s2_llm_responsive,s2_llm_tokens,s2_is_bde,s2_lane,s2_nr,llm_tokens_total",.msg,161280,ok,True,False,text,False,0,1,15,False,9,False,10-20,Name | Address | Email | Phone | Money/Amount,True,Contact Information | Financial Account Information,False,,ambiguous,True,yes,15031,standard,bde_llm_count,False,False,0,0,0,0,0,0,6.096,False,False,True,,True,likely_no,no,7983,False,likely_non_responsive,True,,23014,.msg,161280,ok,True,False,text,False,0,1,38,False,9,True,20-50,Name | Address | Email | Phone | Money/Amount,True,Contact Information | Financial Account Information,True,,ambiguous,True,yes,11474,bde,bde_llm_count,False,False,0,0,0,0,0,0,6.0,False,True,True,,True,clear_yes,yes,6331,True,bde,False,,17805
CNG_Data2k_variance/files/Q00897.01-0000439326.0001.PDF,nr,responsive,"estimated_entities,bde_person_count,llm_tokens,detail,elapsed_s,s2_llm_responsiveness,s2_llm_responsive,s2_llm_tokens,s2_is_bde,s2_lane,s2_nr,llm_tokens_total",.pdf,125118,ok,True,False,text,False,1,0,4,False,0,False,0-10,Name | Address | Email | Phone | Money/Amount,True,Contact Information | Financial Account Information,False,,ambiguous,True,yes,4296,standard,,False,False,0,0,0,0,0,0,3.267,False,False,True,,True,clear_no,no,4339,False,likely_non_responsive,True,,8635,.pdf,125118,ok,True,False,text,False,1,0,7,False,2,False,0-10,Name | Address | Email | Phone | Money/Amount,True,Contact Information | Financial Account Information,False,,ambiguous,True,yes,4208,standard,bde_llm_count,False,False,0,0,0,0,0,0,3.989,False,False,True,,True,clear_yes,yes,2702,True,bde,False,,6910
CNG_Data2k_variance/files/Q00897.01-0000441136.MSG,nr,responsive,"estimated_entities,llm_tokens,elapsed_s,s2_llm_responsiveness,s2_llm_responsive,s2_llm_tokens,s2_lane,s2_nr,llm_tokens_total",.msg,225280,ok,True,False,text,False,0,0,1,False,0,False,0-10,Name | Address | Email | Phone | Credentials,True,Contact Information | Access Credentials,False,,ambiguous,True,yes,4409,standard,,False,False,0,0,0,0,0,0,3.724,False,False,True,,True,likely_no,no,4466,False,likely_non_responsive,True,,8875,.msg,225280,ok,True,False,text,False,0,0,2,False,0,False,0-10,Name | Address | Email | Phone | Credentials,True,Contact Information | Access Credentials,False,,ambiguous,True,yes,2640,standard,,False,False,0,0,0,0,0,0,2.586,False,False,True,,True,likely_yes,yes,2822,False,standard,False,,5462
CNG_Data2k_variance/files/Q00897.01-0000444504.0001.PDF,nr,responsive,"estimated_entities,bde_person_count,bde_confirmed,entity_bucket,entities_found,is_bde,llm_responsive,llm_tokens,suggested_lane,detail,elapsed_s,nr_stage1,bde_stage1,s2_ran,s2_skip_reason,s2_llm_consulted,s2_llm_responsiveness,s2_llm_responsive,s2_llm_tokens,s2_is_bde,s2_lane,llm_tokens_total",.pdf,63172,ok,True,False,text,False,21,0,1,False,0,False,0-10,Address | Card/Transaction | Money/Amount,True,Contact Information | Financial Account Information,False,,ambiguous,True,no,15752,likely_non_responsive,,False,False,0,0,0,0,0,0,2.339,True,False,False,stage1_nr,False,,,0,False,,False,,15752,.pdf,63172,ok,True,False,text,False,21,0,30,False,30,True,20-50,Name | Address | Card/Transaction | Money/Amount,True,Contact Information | Financial Account Information,True,,ambiguous,True,yes,27286,bde,bde_llm_count_roster,False,False,0,0,0,0,0,0,8.729,False,True,True,,True,likely_yes,yes,14272,True,bde,False,,41558
CNG_Data2k_variance/files/Q00897.01-0000447023.0001.PDF,nr,responsive,"estimated_entities,bde_person_count,bde_confirmed,entity_bucket,entities_found,value_signal,is_bde,ambiguity,llm_consulted,llm_responsive,llm_tokens,suggested_lane,detail,elapsed_s,nr_stage1,bde_stage1,s2_ran,s2_skip_reason,s2_llm_consulted,s2_llm_responsiveness,s2_llm_responsive,s2_llm_tokens,s2_is_bde,s2_lane,llm_tokens_total",.pdf,12781,ok,True,False,text,False,3,0,1,False,0,False,0-10,Money/Amount,False,Financial Account Information,False,,clear_non_responsive,False,,0,likely_non_responsive,,False,False,0,0,0,0,0,0,0.143,True,False,False,stage1_nr,False,,,0,False,,False,,0,.pdf,12781,ok,True,False,text,False,3,0,62,False,62,True,50-100,Name | Money/Amount,True,Financial Account Information,True,,ambiguous,True,yes,10124,bde,bde_llm_count_roster,False,False,0,0,0,0,0,0,9.844,False,True,True,,True,clear_yes,yes,6149,True,bde,False,,16273
CNG_Data2k_variance/files/Q00897.01-0000453467.MSG,nr,responsive,"estimated_entities,bde_person_count,bde_confirmed,is_bde,llm_tokens,suggested_lane,elapsed_s,bde_stage1,s2_llm_responsiveness,s2_llm_responsive,s2_llm_tokens,s2_is_bde,s2_lane,s2_nr,llm_tokens_total",.msg,119296,ok,True,False,text,False,0,0,26,False,18,False,20-50,Name | Address | Email | Phone,True,Contact Information,False,,ambiguous,True,yes,8622,standard,bde_llm_count_roster,False,False,0,0,0,0,0,0,7.482,False,False,True,,True,likely_no,no,4772,False,likely_non_responsive,True,,13394,.msg,119296,ok,True,False,text,False,0,0,28,False,28,True,20-50,Name | Address | Email | Phone,True,Contact Information,True,,ambiguous,True,yes,5086,bde,bde_llm_count_roster,False,False,0,0,0,0,0,0,5.767,False,True,True,,True,likely_yes,yes,3116,True,bde,False,,8202
CNG_Data2k_variance/files/Q00897.01-0000460864.0001.PDF,nr,responsive,"estimated_entities,bde_person_count,bde_confirmed,is_bde,llm_tokens,suggested_lane,detail,elapsed_s,bde_stage1,s2_llm_responsiveness,s2_llm_responsive,s2_llm_tokens,s2_is_bde,s2_lane,s2_nr,llm_tokens_total",.pdf,48557,ok,True,False,text,False,16,0,50,False,18,False,20-50,Name | Address | Card/Transaction | Money/Amount,True,Contact Information | Financial Account Information,False,,ambiguous,True,yes,31436,standard,bde_llm_count,False,False,0,0,0,0,0,0,14.112,False,False,True,,True,likely_no,no,16454,False,likely_non_responsive,True,,47890,.pdf,48557,ok,True,False,text,False,16,0,40,False,40,True,20-50,Name | Address | Card/Transaction | Money/Amount,True,Contact Information | Financial Account Information,True,,ambiguous,True,yes,27787,bde,bde_llm_count_roster,False,False,0,0,0,0,0,0,12.059,False,True,True,,True,likely_yes,yes,14579,True,bde,False,,42366
CNG_Data2k_variance/files/Q00897.01-0000468739.0001.PDF,nr,responsive,"estimated_entities,bde_person_count,entity_bucket,llm_tokens,detail,elapsed_s,s2_llm_responsiveness,s2_llm_responsive,s2_llm_tokens,s2_is_bde,s2_lane,s2_nr,llm_tokens_total",.pdf,384136,ok,True,False,text,False,2,0,3,False,0,False,0-10,Name | Address | Email | Phone | Money/Amount,True,Contact Information | Financial Account Information,False,,ambiguous,True,yes,4391,standard,,True,True,2,0,0,0,0,1,9.037,False,False,True,,True,likely_no,no,4455,False,likely_non_responsive,True,,8846,.pdf,384136,ok,True,False,text,False,2,0,11,False,2,False,10-20,Name | Address | Email | Phone | Money/Amount,True,Contact Information | Financial Account Information,False,,ambiguous,True,yes,4395,standard,bde_llm_count,True,True,2,0,0,0,0,1,9.322,False,False,True,,True,likely_yes,yes,2776,True,bde,False,,7171
CNG_Data2k_variance/files/Q00897.01-0000472204.MSG,nr,responsive,"estimated_entities,entities_found,ambiguity,llm_consulted,llm_responsive,llm_tokens,suggested_lane,elapsed_s,nr_stage1,s2_ran,s2_skip_reason,s2_llm_consulted,s2_llm_responsiveness,s2_llm_responsive,s2_llm_tokens,s2_lane,llm_tokens_total",.msg,23552,ok,True,False,text,False,0,0,0,False,0,False,0-10,,False,,False,,clear_non_responsive,False,,0,likely_non_responsive,,False,False,0,0,0,0,0,0,0.063,True,False,False,stage1_nr,False,,,0,False,,False,,0,.msg,23552,ok,True,False,text,False,0,0,1,False,0,False,0-10,Name,False,,False,,ambiguous,True,yes,2065,standard,,False,False,0,0,0,0,0,0,1.779,False,False,True,,True,likely_yes,yes,2253,False,standard,False,,4318
CNG_Data2k_variance/files/Q00897.01-0000473334.MSG,responsive,nr,"estimated_entities,bde_person_count,llm_tokens,detail,elapsed_s,s2_llm_responsiveness,s2_llm_responsive,s2_llm_tokens,s2_is_bde,s2_lane,s2_nr,llm_tokens_total",.msg,387072,ok,True,False,text,False,0,1,5,False,0,False,0-10,Name | Address | Email | Phone | Money/Amount,True,Contact Information | Financial Account Information,False,,ambiguous,True,yes,4968,standard,,False,False,0,0,0,0,0,0,3.145,False,False,True,,True,clear_yes,yes,5046,False,standard,False,,10014,.msg,387072,ok,True,False,text,False,0,1,8,False,4,False,0-10,Name | Address | Email | Phone | Money/Amount,True,Contact Information | Financial Account Information,False,,ambiguous,True,yes,5650,standard,bde_llm_count,False,False,0,0,0,0,0,0,5.772,False,False,True,,True,likely_no,no,3410,True,likely_non_responsive,True,,9060
CNG_Data2k_variance/files/Q00897.01-0000484196.MSG,nr,responsive,"estimated_entities,bde_confirmed,entity_bucket,is_bde,llm_tokens,suggested_lane,elapsed_s,bde_stage1,s2_llm_responsiveness,s2_llm_responsive,s2_llm_tokens,s2_is_bde,s2_lane,s2_nr,llm_tokens_total",.msg,41472,ok,True,False,text,False,0,0,7,False,7,False,0-10,Name | Email | Money/Amount | Work-Related,True,Contact Information | Financial Account Information | Work-Related Information,False,,ambiguous,True,yes,9938,standard,bde_llm_count,False,False,0,0,0,0,0,0,65.316,False,False,True,,True,likely_no,no,5432,False,likely_non_responsive,True,,15370,.msg,41472,ok,True,False,text,False,0,0,20,False,7,True,10-20,Name | Email | Money/Amount | Work-Related,True,Contact Information | Financial Account Information | Work-Related Information,True,,ambiguous,True,yes,6408,bde,bde_llm_count,False,False,0,0,0,0,0,0,5.634,False,True,True,,True,likely_yes,yes,3773,True,bde,False,,10181
CNG_Data2k_variance/files/Q00897.01-0000485139.MSG,nr,responsive,"estimated_entities,value_signal,llm_tokens,elapsed_s,s2_llm_responsiveness,s2_llm_responsive,s2_llm_tokens,s2_lane,s2_nr,llm_tokens_total",.msg,29184,ok,True,False,text,False,0,0,1,False,0,False,0-10,Name | Money/Amount | Work-Related,False,Financial Account Information | Work-Related Information,False,,ambiguous,True,yes,4354,standard,,False,False,0,0,0,0,0,0,3.118,False,False,True,,True,likely_no,no,4442,False,likely_non_responsive,True,,8796,.msg,29184,ok,True,False,text,False,0,0,6,False,0,False,0-10,Name | Money/Amount | Work-Related,True,Financial Account Information | Work-Related Information,False,,ambiguous,True,yes,2611,standard,,False,False,0,0,0,0,0,0,3.765,False,False,True,,True,likely_yes,yes,2796,False,standard,False,,5407
CNG_Data2k_variance\files\Q00897.01-0000501798.0001.XLS,nr,responsive,"size_bytes,estimated_entities,entity_bucket,llm_tokens,detail,elapsed_s,s2_llm_responsiveness,s2_llm_responsive,s2_llm_tokens,s2_lane,s2_nr,llm_tokens_total",.xls,101955,ok,True,True,text,True,1,0,725,False,2,False,100+,Name | Phone | Money/Amount,True,Contact Information | Financial Account Information,False,,ambiguous,True,yes,14148,standard,roster_by_rowcount bde_llm_count,False,False,0,0,0,0,0,0,4.812,False,False,True,,True,likely_no,no,7529,True,likely_non_responsive,True,,21677,.xls,347648,ok,True,True,text,True,1,0,22,False,2,False,20-50,Name | Phone | Money/Amount,True,Contact Information | Financial Account Information,False,,ambiguous,True,yes,10570,standard,bde_llm_count,False,False,0,0,0,0,0,0,17.176,False,False,True,,True,likely_yes,yes,5886,True,structured_bde,False,,16456
CNG_Data2k_variance\files\Q00897.01-0000501981.0001.XLS,nr,responsive,"size_bytes,estimated_entities,bde_confirmed,entity_bucket,is_bde,llm_tokens,suggested_lane,detail,elapsed_s,bde_stage1,s2_llm_responsiveness,s2_llm_responsive,s2_llm_tokens,s2_lane,s2_nr,llm_tokens_total",.xls,99450,ok,True,True,text,True,1,0,718,False,2,True,100+,Name | Phone | Money/Amount,True,Contact Information | Financial Account Information,True,,ambiguous,True,yes,14070,structured_bde,roster_by_rowcount bde_llm_count_roster,False,False,0,0,0,0,0,0,5.388,False,True,True,,True,likely_no,no,7515,True,likely_non_responsive,True,,21585,.xls,328192,ok,True,True,text,True,1,0,27,False,2,False,20-50,Name | Phone | Money/Amount,True,Contact Information | Financial Account Information,False,,ambiguous,True,yes,10542,standard,bde_llm_count,False,False,0,0,0,0,0,0,18.746,False,False,True,,True,likely_yes,yes,5869,True,structured_bde,False,,16411
CNG_Data2k_variance/files/Q00897.01-0000515746.MSG,responsive,nr,"estimated_entities,bde_person_count,bde_confirmed,entity_bucket,is_bde,llm_tokens,suggested_lane,elapsed_s,bde_stage1,s2_llm_responsiveness,s2_llm_responsive,s2_llm_tokens,s2_is_bde,s2_lane,s2_nr,llm_tokens_total",.msg,249344,ok,True,False,text,False,0,9,12,False,10,False,10-20,Name | Address | Email | Phone,True,Contact Information,False,,ambiguous,True,yes,14792,standard,bde_llm_count,False,False,0,0,0,0,0,0,6.642,False,False,True,,True,likely_yes,yes,7878,False,standard,False,,22670,.msg,249344,ok,True,False,text,False,0,9,29,False,14,True,20-50,Name | Address | Email | Phone,True,Contact Information,True,,ambiguous,True,yes,11264,bde,bde_llm_count,False,False,0,0,0,0,0,0,10.19,False,True,True,,True,likely_no,no,6221,True,likely_non_responsive,True,,17485
CNG_Data2k_variance/files/Q00897.01-0000521747.MSG,nr,responsive,"estimated_entities,entities_found,llm_tokens,elapsed_s,s2_llm_responsiveness,s2_llm_responsive,s2_llm_tokens,s2_lane,s2_nr,llm_tokens_total",.msg,128512,ok,True,False,text,False,0,0,1,False,0,False,0-10,Address,True,Contact Information,False,,ambiguous,True,yes,4970,standard,,False,False,0,0,0,0,0,0,2.946,False,False,True,,True,likely_no,no,5027,False,likely_non_responsive,True,,9997,.msg,128512,ok,True,False,text,False,0,0,2,False,0,False,0-10,Name | Address,True,Contact Information,False,,ambiguous,True,yes,3195,standard,,False,False,0,0,0,0,0,0,3.095,False,False,True,,True,likely_yes,yes,3385,False,standard,False,,6580
CNG_Data2k_variance/files/Q00897.01-0000537643.0001.PDF,nr,responsive,"estimated_entities,bde_person_count,bde_confirmed,entity_bucket,entities_found,value_signal,is_bde,ambiguity,llm_consulted,llm_responsive,llm_tokens,suggested_lane,detail,elapsed_s,nr_stage1,bde_stage1,s2_ran,s2_skip_reason,s2_llm_consulted,s2_llm_responsiveness,s2_llm_responsive,s2_llm_tokens,s2_is_bde,s2_lane,llm_tokens_total",.pdf,16021,ok,True,False,text,False,2,0,1,False,0,False,0-10,Money/Amount,False,Financial Account Information,False,,clear_non_responsive,False,,0,likely_non_responsive,,False,False,0,0,0,0,0,0,0.112,True,False,False,stage1_nr,False,,,0,False,,False,,0,.pdf,16021,ok,True,False,text,False,2,0,39,False,39,True,20-50,Name | Money/Amount,True,Financial Account Information,True,,ambiguous,True,yes,8534,bde,bde_llm_count_roster,False,False,0,0,0,0,0,0,8.631,False,True,True,,True,likely_yes,yes,4944,True,bde,False,,13478
CNG_Data2k_variance/files/Q00897.01-0000544605.0001.XLSX,nr,responsive,"bde_person_count,bde_confirmed,is_bde,llm_tokens,suggested_lane,detail,elapsed_s,bde_stage1,s2_llm_responsiveness,s2_llm_responsive,s2_llm_tokens,s2_lane,s2_nr,llm_tokens_total",.xlsx,86520,ok,True,True,text,True,4,0,109,False,27,False,100+,Name | Phone | Money/Amount,True,Contact Information | Financial Account Information,False,,ambiguous,True,yes,9877,standard,bde_llm_count,False,False,0,0,0,0,0,0,6.852,False,False,True,,True,clear_no,no,5269,True,likely_non_responsive,True,,15146,.xlsx,86520,ok,True,True,text,True,4,0,109,False,109,True,100+,Name | Phone | Money/Amount,True,Contact Information | Financial Account Information,True,,ambiguous,True,yes,6301,structured_bde,bde_llm_count_roster,False,False,0,0,0,0,0,0,7.087,False,True,True,,True,likely_yes,yes,3785,True,structured_bde,False,,10086
CNG_Data2k_variance/files/Q00897.01-0000547714.0001.XLSX,nr,responsive,"bde_person_count,bde_confirmed,is_bde,llm_tokens,suggested_lane,detail,elapsed_s,bde_stage1,s2_llm_responsiveness,s2_llm_responsive,s2_llm_tokens,s2_lane,s2_nr,llm_tokens_total",.xlsx,106184,ok,True,True,text,True,4,0,263,False,18,False,100+,Name | Payment Card | Money/Amount,True,Financial Account Information,False,,ambiguous,True,yes,11118,standard,bde_llm_count,False,False,0,0,0,0,0,0,12.1,False,False,True,,True,likely_no,no,6103,True,likely_non_responsive,True,,17221,.xlsx,106184,ok,True,True,text,True,4,0,263,False,263,True,100+,Name | Payment Card | Money/Amount,True,Financial Account Information,True,,ambiguous,True,yes,7535,structured_bde,bde_llm_count_roster,False,False,0,0,0,0,0,0,8.169,False,True,True,,True,likely_yes,yes,4430,True,structured_bde,False,,11965
CNG_Data2k_variance/files/Q00897.01-0000554638.0001.XLSX,nr,responsive,"bde_person_count,value_signal,llm_tokens,elapsed_s,s2_llm_responsiveness,s2_llm_responsive,s2_llm_tokens,s2_lane,s2_nr,llm_tokens_total",.xlsx,91710,ok,True,True,text,True,4,0,146,False,26,True,100+,Name | Money/Amount,False,Financial Account Information,True,,ambiguous,True,yes,11079,structured_bde,bde_llm_count_roster,False,False,0,0,0,0,0,0,10.37,False,True,True,,True,clear_no,no,6049,True,likely_non_responsive,True,,17128,.xlsx,91710,ok,True,True,text,True,4,0,146,False,24,True,100+,Name | Money/Amount,True,Financial Account Information,True,,ambiguous,True,yes,7522,structured_bde,bde_llm_count_roster,False,False,0,0,0,0,0,0,8.575,False,True,True,,True,clear_yes,yes,4373,True,structured_bde,False,,11895
CNG_Data2k_variance/files/Q00897.01-0000571924.0001.XLSX,nr,responsive,"value_signal,llm_tokens,elapsed_s,s2_llm_responsiveness,s2_llm_responsive,s2_llm_tokens,s2_lane,s2_nr,llm_tokens_total",.xlsx,126639,ok,True,True,text,True,6,0,187,False,187,True,100+,Name | Money/Amount,False,Financial Account Information,True,,ambiguous,True,yes,10452,structured_bde,bde_llm_count_roster,False,False,0,0,0,0,0,0,8.728,False,True,True,,True,likely_no,no,5804,True,likely_non_responsive,True,,16256,.xlsx,126639,ok,True,True,text,True,6,0,187,False,187,True,100+,Name | Money/Amount,True,Financial Account Information,True,,ambiguous,True,yes,6895,structured_bde,bde_llm_count_roster,False,False,0,0,0,0,0,0,7.93,False,True,True,,True,likely_yes,yes,4129,True,structured_bde,False,,11024
CNG_Data2k_variance/files/Q00897.01-0000590460.MSG,nr,responsive,"llm_tokens,elapsed_s,s2_llm_responsiveness,s2_llm_responsive,s2_llm_tokens,s2_lane,s2_nr,llm_tokens_total",.msg,555520,ok,True,False,text,False,0,1,1,False,0,False,0-10,Name | Email | Phone | Credentials,True,Contact Information | Access Credentials,False,,ambiguous,True,yes,3823,standard,,False,False,0,0,0,0,0,0,2.503,False,False,True,,True,borderline,no,3883,False,likely_non_responsive,True,,7706,.msg,555520,ok,True,False,text,False,0,1,1,False,0,False,0-10,Name | Email | Phone | Credentials,True,Contact Information | Access Credentials,False,,ambiguous,True,yes,2040,standard,,False,False,0,0,0,0,0,0,3.582,False,False,True,,True,likely_yes,yes,2235,False,standard,False,,4275
CNG_Data2k_variance/files/Q00897.01-0000611205.0001.XLSX,nr,responsive,"bde_person_count,llm_tokens,elapsed_s,s2_llm_responsiveness,s2_llm_responsive,s2_llm_tokens,s2_lane,s2_nr,llm_tokens_total",.xlsx,461896,ok,True,True,text,True,2,0,5500,False,55,True,100+,Name | Address,True,Contact Information,True,,ambiguous,True,yes,9773,structured_bde,roster_by_rowcount bde_llm_count_roster,False,False,0,0,0,0,0,0,6.807,False,True,True,,True,clear_no,no,5238,True,likely_non_responsive,True,,15011,.xlsx,461896,ok,True,True,text,True,2,0,5500,False,33,True,100+,Name | Address,True,Contact Information,True,,ambiguous,True,yes,6232,structured_bde,roster_by_rowcount bde_llm_count_roster,False,False,0,0,0,0,0,0,7.59,False,True,True,,True,clear_yes,yes,3786,True,structured_bde,False,,10018
CNG_Data2k_variance/files/Q00897.01-0000611817.0001.PDF,nr,responsive,"estimated_entities,bde_confirmed,entity_bucket,is_bde,llm_tokens,suggested_lane,elapsed_s,bde_stage1,s2_llm_responsiveness,s2_llm_responsive,s2_llm_tokens,s2_is_bde,s2_lane,s2_nr,llm_tokens_total",.pdf,5380206,ok,True,False,text,False,16,0,13,False,7,False,10-20,Name | Address | Phone | Card Expiry/CVV | Card/Transaction | Money/Amount,True,Contact Information | Financial Account Information,False,,ambiguous,True,yes,18242,standard,"img_ocr:p1,p3,p3,p15,p15,p15,p15(7/20,+892chars) bde_llm_count",False,False,0,20,20,7,0,20,101.657,False,False,True,,True,likely_no,no,9579,False,likely_non_responsive,True,,27821,.pdf,5380206,ok,True,False,text,False,16,0,27,False,7,True,20-50,Name | Address | Phone | Card Expiry/CVV | Card/Transaction | Money/Amount,True,Contact Information | Financial Account Information,True,,ambiguous,True,yes,14692,bde,"img_ocr:p1,p3,p3,p15,p15,p15,p15(7/20,+892chars) bde_llm_count",False,False,0,20,20,7,0,20,108.39,False,True,True,,True,likely_yes,yes,7923,True,bde,False,,22615
CNG_Data2k_variance/files/Q00897.01-0000611892.MSG,nr,responsive,"estimated_entities,bde_person_count,llm_tokens,detail,elapsed_s,s2_llm_responsiveness,s2_llm_responsive,s2_llm_tokens,s2_is_bde,s2_lane,s2_nr,llm_tokens_total",.msg,122368,ok,True,False,text,False,0,2,6,False,0,False,0-10,Name | Email | Phone,True,Contact Information,False,,ambiguous,True,yes,4863,standard,,False,False,0,0,0,0,0,0,3.532,False,False,True,,True,likely_no,no,4926,False,likely_non_responsive,True,,9789,.msg,122368,ok,True,False,text,False,0,2,9,False,4,False,0-10,Name | Email | Phone,True,Contact Information,False,,ambiguous,True,yes,5400,standard,bde_llm_count,False,False,0,0,0,0,0,0,4.791,False,False,True,,True,clear_yes,yes,3309,True,bde,False,,8709
CNG_Data2k_variance/files/Q00897.01-0000616152.MSG,nr,responsive,"estimated_entities,bde_confirmed,entity_bucket,is_bde,llm_tokens,suggested_lane,elapsed_s,bde_stage1,s2_llm_responsiveness,s2_llm_responsive,s2_llm_tokens,s2_is_bde,s2_lane,s2_nr,llm_tokens_total",.msg,354304,ok,True,False,text,False,0,7,7,False,7,False,0-10,Name | Address | Email | Phone,True,Contact Information,False,,ambiguous,True,yes,9935,standard,bde_llm_count,False,False,0,0,0,0,0,0,5.787,False,False,True,,True,borderline,no,5379,False,likely_non_responsive,True,,15314,.msg,354304,ok,True,False,text,False,0,7,18,False,7,True,10-20,Name | Address | Email | Phone,True,Contact Information,True,,ambiguous,True,yes,6283,bde,bde_llm_count,False,False,0,0,0,0,0,0,6.508,False,True,True,,True,clear_yes,yes,3762,True,bde,False,,10045
CNG_Data2k_variance/files/Q00897.01-0000616784.MSG,responsive,nr,"estimated_entities,bde_person_count,entity_bucket,llm_tokens,detail,elapsed_s,s2_llm_responsiveness,s2_llm_responsive,s2_llm_tokens,s2_is_bde,s2_lane,s2_nr,llm_tokens_total",.msg,228864,ok,True,False,text,False,0,4,5,False,0,False,0-10,Name | Address | Email | Phone | Credentials,True,Contact Information | Access Credentials,False,,ambiguous,True,yes,5399,standard,,False,False,0,0,0,0,0,0,3.619,False,False,True,,True,likely_yes,yes,5441,False,standard,False,,10840,.msg,228864,ok,True,False,text,False,0,4,14,False,2,False,10-20,Name | Address | Email | Phone | Credentials,True,Contact Information | Access Credentials,False,,ambiguous,True,yes,6472,standard,bde_llm_count,False,False,0,0,0,0,0,0,6.128,False,False,True,,True,likely_no,no,3818,True,likely_non_responsive,True,,10290
CNG_Data2k_variance/files/Q00897.01-0000617708.MSG,responsive,nr,"estimated_entities,bde_person_count,bde_confirmed,entity_bucket,is_bde,llm_tokens,suggested_lane,elapsed_s,bde_stage1,s2_llm_responsiveness,s2_llm_responsive,s2_llm_tokens,s2_is_bde,s2_lane,s2_nr,llm_tokens_total",.msg,178176,ok,True,False,text,False,0,0,8,False,7,False,0-10,Name | Address | Email | Phone | Money/Amount,True,Contact Information | Financial Account Information,False,,ambiguous,True,yes,19802,standard,bde_llm_count,False,False,0,0,0,0,0,0,11.141,False,False,True,,True,likely_yes,yes,10386,False,standard,False,,30188,.msg,178176,ok,True,False,text,False,0,0,35,False,8,True,20-50,Name | Address | Email | Phone | Money/Amount,True,Contact Information | Financial Account Information,True,,ambiguous,True,yes,16188,bde,bde_llm_count,False,False,0,0,0,0,0,0,11.267,False,True,True,,True,clear_no,no,8708,True,likely_non_responsive,True,,24896
CNG_Data2k_variance/files/Q00897.01-0000619558.MSG,responsive,nr,"estimated_entities,bde_person_count,entity_bucket,llm_tokens,detail,elapsed_s,s2_llm_responsiveness,s2_llm_responsive,s2_llm_tokens,s2_is_bde,s2_lane,s2_nr,llm_tokens_total",.msg,6029824,ok,True,False,text,False,0,5,6,False,0,False,0-10,Name | Address | Email | Phone,True,Contact Information,False,,ambiguous,True,yes,5162,standard,,False,False,0,0,0,0,0,0,4.553,False,False,True,,True,likely_yes,yes,5271,False,standard,False,,10433,.msg,6029824,ok,True,False,text,False,0,5,16,False,6,False,10-20,Name | Address | Email | Phone,True,Contact Information,False,,ambiguous,True,yes,6047,standard,bde_llm_count,False,False,0,0,0,0,0,0,7.515,False,False,True,,True,likely_no,no,3593,True,likely_non_responsive,True,,9640
CNG_Data2k_variance/files/Q00897.01-0000620055.MSG,nr,responsive,"estimated_entities,bde_person_count,entity_bucket,llm_tokens,detail,elapsed_s,s2_llm_responsiveness,s2_llm_responsive,s2_llm_tokens,s2_is_bde,s2_lane,s2_nr,llm_tokens_total",.msg,130048,ok,True,False,text,False,0,1,6,False,0,False,0-10,Name | Address | Email | Phone | Money/Amount,True,Contact Information | Financial Account Information,False,,ambiguous,True,yes,8741,standard,,False,False,0,0,0,0,0,0,6.44,False,False,True,,True,likely_no,no,8803,False,likely_non_responsive,True,,17544,.msg,130048,ok,True,False,text,False,0,1,30,False,6,False,20-50,Name | Address | Email | Phone | Money/Amount,True,Contact Information | Financial Account Information,False,,ambiguous,True,yes,13111,standard,bde_llm_count,False,False,0,0,0,0,0,0,9.483,False,False,True,,True,likely_yes,yes,7178,True,bde,False,,20289
CNG_Data2k_variance/files/Q00897.01-0000625733.MSG,nr,responsive,"estimated_entities,bde_confirmed,entity_bucket,is_bde,llm_tokens,suggested_lane,elapsed_s,bde_stage1,s2_llm_responsiveness,s2_llm_responsive,s2_llm_tokens,s2_is_bde,s2_lane,s2_nr,llm_tokens_total",.msg,85504,ok,True,False,text,False,0,1,7,False,7,False,0-10,Name | Address | Email | Phone,True,Contact Information,False,,ambiguous,True,yes,13648,standard,bde_llm_count,False,False,0,0,0,0,0,0,8.378,False,False,True,,True,likely_no,no,7293,False,likely_non_responsive,True,,20941,.msg,85504,ok,True,False,text,False,0,1,25,False,7,True,20-50,Name | Address | Email | Phone,True,Contact Information,True,,ambiguous,True,yes,10105,bde,bde_llm_count,False,False,0,0,0,0,0,0,5.825,False,True,True,,True,clear_yes,yes,5618,True,bde,False,,15723
CNG_Data2k_variance/files/Q00897.01-0000646403.MSG,nr,responsive,"estimated_entities,llm_tokens,elapsed_s,s2_llm_responsiveness,s2_llm_responsive,s2_llm_tokens,s2_lane,s2_nr,llm_tokens_total",.msg,118272,ok,True,False,text,False,0,0,1,False,0,False,0-10,Name | Email | Phone | Bank/Account Number,True,Contact Information | Financial Account Information,False,,ambiguous,True,yes,8061,standard,,False,False,0,0,0,0,0,0,3.156,False,False,True,,True,borderline,no,8122,False,likely_non_responsive,True,,16183,.msg,118272,ok,True,False,text,False,0,0,2,False,0,False,0-10,Name | Email | Phone | Bank/Account Number,True,Contact Information | Financial Account Information,False,,ambiguous,True,yes,6280,standard,,False,False,0,0,0,0,0,0,2.992,False,False,True,,True,likely_yes,yes,6487,False,standard,False,,12767
CNG_Data2k_variance/files/Q00897.01-0000654525.MSG,nr,responsive,"estimated_entities,bde_person_count,entity_bucket,llm_tokens,detail,elapsed_s,s2_llm_responsiveness,s2_llm_responsive,s2_llm_tokens,s2_is_bde,s2_lane,s2_nr,llm_tokens_total",.msg,171008,ok,True,False,text,False,0,7,3,False,0,False,0-10,Name | Address | Email | Phone | Card/Transaction | Money/Amount,True,Contact Information | Financial Account Information,False,,ambiguous,True,yes,4038,standard,,False,False,0,0,0,0,0,0,2.979,False,False,True,,True,likely_no,no,4110,False,likely_non_responsive,True,,8148,.msg,171008,ok,True,False,text,False,0,7,16,False,2,False,10-20,Name | Address | Email | Phone | Card/Transaction | Money/Amount,True,Contact Information | Financial Account Information,False,,ambiguous,True,yes,3726,standard,bde_llm_count,False,False,0,0,0,0,0,0,4.098,False,False,True,,True,likely_yes,yes,2465,True,bde,False,,6191
CNG_Data2k_variance/files/Q00897.01-0000655568.0001.XLSX,nr,responsive,"bde_person_count,value_signal,llm_tokens,elapsed_s,s2_llm_responsiveness,s2_llm_responsive,s2_llm_tokens,s2_lane,s2_nr,llm_tokens_total",.xlsx,36720,ok,True,True,text,True,1,0,602,False,14,True,100+,Name | Card/Transaction,False,Financial Account Information,True,,ambiguous,True,yes,9893,structured_bde,roster_by_rowcount bde_llm_count_roster,False,False,0,0,0,0,0,0,7.188,False,True,True,,True,likely_no,no,5441,True,likely_non_responsive,True,,15334,.xlsx,36720,ok,True,True,text,True,1,0,602,False,51,True,100+,Name | Card/Transaction,True,Financial Account Information,True,,ambiguous,True,yes,6312,structured_bde,roster_by_rowcount bde_llm_count_roster,False,False,0,0,0,0,0,0,7.379,False,True,True,,True,clear_yes,yes,3846,True,structured_bde,False,,10158
CNG_Data2k_variance/files/Q00897.01-0000657440.MSG,nr,responsive,"estimated_entities,bde_confirmed,entity_bucket,is_bde,llm_tokens,suggested_lane,elapsed_s,bde_stage1,s2_llm_responsiveness,s2_llm_responsive,s2_llm_tokens,s2_is_bde,s2_lane,s2_nr,llm_tokens_total",.msg,188416,ok,True,False,text,False,0,0,8,False,7,False,0-10,Name | Address | Email | Phone | Card/Transaction | Money/Amount,True,Contact Information | Financial Account Information,False,,ambiguous,True,yes,11843,standard,bde_llm_count,False,False,0,0,0,0,0,0,7.372,False,False,True,,True,likely_no,no,6382,False,likely_non_responsive,True,,18225,.msg,188416,ok,True,False,text,False,0,0,13,False,7,True,10-20,Name | Address | Email | Phone | Card/Transaction | Money/Amount,True,Contact Information | Financial Account Information,True,,ambiguous,True,yes,8271,bde,bde_llm_count,False,False,0,0,0,0,0,0,5.267,False,True,True,,True,likely_yes,yes,4727,True,bde,False,,12998
CNG_Data2k_variance/files/Q00897.01-0000658826.0001.PDF,nr,responsive,"estimated_entities,bde_person_count,llm_tokens,detail,elapsed_s,s2_llm_responsiveness,s2_llm_responsive,s2_llm_tokens,s2_is_bde,s2_lane,s2_nr,llm_tokens_total",.pdf,418691,ok,True,False,text,False,4,0,4,False,0,False,0-10,Name | Address | Phone | Money/Amount | Health,True,Contact Information | Financial Account Information | Health-Related Information,False,,ambiguous,True,yes,8772,standard,"img_ocr:p2,p4(2/2,+20chars)",False,False,0,2,2,2,0,2,11.343,False,False,True,,True,likely_no,no,8808,False,likely_non_responsive,True,,17580,.pdf,418691,ok,True,False,text,False,4,0,8,False,1,False,0-10,Name | Address | Phone | Money/Amount | Health,True,Contact Information | Financial Account Information | Health-Related Information,False,,ambiguous,True,yes,13113,standard,"img_ocr:p2,p4(2/2,+20chars) bde_llm_count",False,False,0,2,2,2,0,2,14.116,False,False,True,,True,likely_yes,yes,7176,True,bde,False,,20289
CNG_Data2k_variance/files/Q00897.01-0000662617.MSG,nr,responsive,"estimated_entities,bde_person_count,bde_confirmed,entity_bucket,is_bde,llm_tokens,suggested_lane,elapsed_s,bde_stage1,s2_llm_responsiveness,s2_llm_responsive,s2_llm_tokens,s2_is_bde,s2_lane,s2_nr,llm_tokens_total",.msg,584192,ok,True,False,text,False,0,2,10,False,10,False,0-10,Name | Address | Email | Phone,True,Contact Information,False,,ambiguous,True,yes,13429,standard,bde_llm_count,False,False,0,0,0,0,0,0,6.993,False,False,True,,True,likely_no,no,7175,False,likely_non_responsive,True,,20604,.msg,584192,ok,True,False,text,False,0,2,26,False,9,True,20-50,Name | Address | Email | Phone,True,Contact Information,True,,ambiguous,True,yes,9903,bde,bde_llm_count,False,False,0,0,0,0,0,0,6.318,False,True,True,,True,likely_yes,yes,5529,True,bde,False,,15432
CNG_Data2k_variance/files/Q00897.01-0000662994.MSG,nr,responsive,"estimated_entities,bde_person_count,entity_bucket,llm_tokens,elapsed_s,s2_llm_responsiveness,s2_llm_responsive,s2_llm_tokens,s2_is_bde,s2_lane,s2_nr,llm_tokens_total",.msg,172032,ok,True,False,text,False,0,0,10,False,5,False,0-10,Name | Address | Email | Phone | Money/Amount,True,Contact Information | Financial Account Information,False,,ambiguous,True,yes,12853,standard,bde_llm_count,False,False,0,0,0,0,0,0,6.063,False,False,True,,True,likely_no,no,6871,False,likely_non_responsive,True,,19724,.msg,172032,ok,True,False,text,False,0,0,23,False,6,False,20-50,Name | Address | Email | Phone | Money/Amount,True,Contact Information | Financial Account Information,False,,ambiguous,True,yes,9304,standard,bde_llm_count,False,False,0,0,0,0,0,0,5.439,False,False,True,,True,likely_yes,yes,5235,True,bde,False,,14539
CNG_Data2k_variance/files/Q00897.01-0000675594.MSG,responsive,nr,"estimated_entities,bde_person_count,entity_bucket,llm_tokens,detail,elapsed_s,s2_llm_responsiveness,s2_llm_responsive,s2_llm_tokens,s2_is_bde,s2_lane,s2_nr,llm_tokens_total",.msg,1217024,ok,True,False,text,False,0,3,4,False,0,False,0-10,Name | Address | Email | Phone | Money/Amount,True,Contact Information | Financial Account Information,False,,ambiguous,True,yes,5082,standard,,False,False,0,0,0,0,0,0,5.06,False,False,True,,True,likely_yes,yes,5126,False,standard,False,,10208,.msg,1217024,ok,True,False,text,False,0,3,11,False,3,False,10-20,Name | Address | Email | Phone | Money/Amount,True,Contact Information | Financial Account Information,False,,ambiguous,True,yes,5803,standard,bde_llm_count,False,False,0,0,0,0,0,0,6.535,False,False,True,,True,likely_no,no,3453,True,likely_non_responsive,True,,9256
CNG_Data2k_variance/files/Q00897.01-0000676359.MSG,nr,responsive,"estimated_entities,bde_person_count,bde_confirmed,entity_bucket,is_bde,llm_tokens,suggested_lane,elapsed_s,bde_stage1,s2_llm_responsiveness,s2_llm_responsive,s2_llm_tokens,s2_is_bde,s2_lane,s2_nr,llm_tokens_total",.msg,267776,ok,True,False,text,False,0,0,16,False,16,False,10-20,Name | Address | Email | Phone,True,Contact Information,False,,ambiguous,True,yes,16555,standard,bde_llm_count,False,False,0,0,0,0,0,0,7.538,False,False,True,,True,likely_no,no,8711,False,likely_non_responsive,True,,25266,.msg,267776,ok,True,False,text,False,0,0,28,False,14,True,20-50,Name | Address | Email | Phone,True,Contact Information,True,,ambiguous,True,yes,12937,bde,bde_llm_count,False,False,0,0,0,0,0,0,6.978,False,True,True,,True,likely_yes,yes,7041,True,bde,False,,19978
CNG_Data2k_variance/files/Q00897.01-0000681579.0001.DOCX,nr,responsive,"estimated_entities,llm_tokens,elapsed_s,s2_llm_responsiveness,s2_llm_responsive,s2_llm_tokens,s2_lane,s2_nr,llm_tokens_total",.docx,15312,ok,True,False,text,False,0,0,1,False,0,False,0-10,Name | Money/Amount,True,Financial Account Information,False,,ambiguous,True,yes,3863,standard,,False,False,0,0,0,0,0,0,2.595,False,False,True,,True,likely_no,no,3938,False,likely_non_responsive,True,,7801,.docx,15312,ok,True,False,text,False,0,0,2,False,0,False,0-10,Name | Money/Amount,True,Financial Account Information,False,,ambiguous,True,yes,2099,standard,,False,False,0,0,0,0,0,0,3.714,False,False,True,,True,likely_yes,yes,2298,False,standard,False,,4397
CNG_Data2k_variance/files/Q00897.01-0000689235.MSG,nr,responsive,"estimated_entities,llm_tokens,elapsed_s,s2_llm_responsiveness,s2_llm_responsive,s2_llm_tokens,s2_lane,s2_nr,llm_tokens_total",.msg,261120,ok,True,False,text,False,0,0,1,False,0,False,0-10,Name | Address | Phone | Card/Transaction | Money/Amount,True,Contact Information | Financial Account Information,False,,ambiguous,True,yes,4172,standard,,False,False,0,0,0,0,0,0,3.522,False,False,True,,True,likely_no,no,4224,False,likely_non_responsive,True,,8396,.msg,261120,ok,True,False,text,False,0,0,4,False,0,False,0-10,Name | Address | Phone | Card/Transaction | Money/Amount,True,Contact Information | Financial Account Information,False,,ambiguous,True,yes,2395,standard,,False,False,0,0,0,0,0,0,4.588,False,False,True,,True,likely_yes,yes,2574,False,standard,False,,4969
CNG_Data2k_variance/files/Q00897.01-0000696598.0001.PDF,nr,responsive,"llm_tokens,elapsed_s,s2_llm_responsiveness,s2_llm_responsive,s2_llm_tokens,s2_lane,s2_nr,llm_tokens_total",.pdf,112370,ok,True,True,text,True,2,0,6,False,2,False,0-10,Name | Address | Phone | Money/Amount | Work-Related,True,Contact Information | Financial Account Information | Work-Related Information,False,,ambiguous,True,yes,11143,standard,bde_llm_count,True,True,2,0,0,0,0,1,18.464,False,False,True,,True,likely_no,no,6053,False,likely_non_responsive,True,,17196,.pdf,112370,ok,True,True,text,True,2,0,6,False,2,False,0-10,Name | Address | Phone | Money/Amount | Work-Related,True,Contact Information | Financial Account Information | Work-Related Information,False,,ambiguous,True,yes,7565,standard,bde_llm_count,True,True,2,0,0,0,0,1,12.596,False,False,True,,True,likely_yes,yes,4384,False,standard,False,,11949
CNG_Data2k_variance/files/Q00897.01-0000696895.MSG,nr,responsive,"estimated_entities,bde_person_count,bde_confirmed,is_bde,llm_tokens,suggested_lane,elapsed_s,bde_stage1,s2_llm_responsiveness,s2_llm_responsive,s2_llm_tokens,s2_is_bde,s2_lane,s2_nr,llm_tokens_total",.msg,142848,ok,True,False,text,False,0,3,14,False,14,False,10-20,Name | Address | Email | Phone | Bank/Account Number | Money/Amount,True,Contact Information | Financial Account Information,False,,ambiguous,True,yes,10499,standard,bde_llm_count,False,False,0,0,0,0,0,0,5.988,False,False,True,,True,likely_no,no,5680,False,likely_non_responsive,True,,16179,.msg,142848,ok,True,False,text,False,0,3,18,False,18,True,10-20,Name | Address | Email | Phone | Bank/Account Number | Money/Amount,True,Contact Information | Financial Account Information,True,,ambiguous,True,yes,7055,bde,bde_llm_count,False,False,0,0,0,0,0,0,7.464,False,True,True,,True,clear_yes,yes,4056,True,bde,False,,11111
CNG_Data2k_variance/files/Q00897.01-0000697271.MSG,nr,responsive,"estimated_entities,llm_tokens,elapsed_s,s2_llm_responsiveness,s2_llm_responsive,s2_llm_tokens,s2_lane,s2_nr,llm_tokens_total",.msg,156160,ok,True,False,text,False,0,1,3,False,0,False,0-10,Name | Address | Email | Money/Amount | Credentials,True,Contact Information | Financial Account Information | Access Credentials,False,,ambiguous,True,yes,4223,standard,,False,False,0,0,0,0,0,0,4.831,False,False,True,,True,likely_no,no,4295,False,likely_non_responsive,True,,8518,.msg,156160,ok,True,False,text,False,0,1,4,False,0,False,0-10,Name | Address | Email | Money/Amount | Credentials,True,Contact Information | Financial Account Information | Access Credentials,False,,ambiguous,True,yes,2446,standard,,False,False,0,0,0,0,0,0,6.308,False,False,True,,True,likely_yes,yes,2630,False,standard,False,,5076
CNG_Data2k_variance/files/Q00897.01-0000702050.MSG,nr,responsive,"estimated_entities,bde_person_count,entity_bucket,llm_tokens,detail,elapsed_s,s2_llm_responsiveness,s2_llm_responsive,s2_llm_tokens,s2_is_bde,s2_lane,s2_nr,llm_tokens_total",.msg,192000,ok,True,False,text,False,0,2,6,False,0,False,0-10,Name | Address | Email | Phone | Money/Amount,True,Contact Information | Financial Account Information,False,,ambiguous,True,yes,9292,standard,,False,False,0,0,0,0,0,0,6.468,False,False,True,,True,likely_no,no,9326,False,likely_non_responsive,True,,18618,.msg,192000,ok,True,False,text,False,0,2,23,False,5,False,20-50,Name | Address | Email | Phone | Money/Amount,True,Contact Information | Financial Account Information,False,,ambiguous,True,yes,14185,standard,bde_llm_count,False,False,0,0,0,0,0,0,10.522,False,False,True,,True,clear_yes,yes,7692,True,bde,False,,21877
CNG_Data2k_variance/files/Q00897.01-0000702575.MSG,nr,responsive,"estimated_entities,bde_person_count,entity_bucket,llm_tokens,detail,elapsed_s,s2_llm_responsiveness,s2_llm_responsive,s2_llm_tokens,s2_is_bde,s2_lane,s2_nr,llm_tokens_total",.msg,100352,ok,True,False,text,False,0,0,4,False,0,False,0-10,Name | Address | Email | Phone,True,Contact Information,False,,ambiguous,True,yes,5623,standard,,False,False,0,0,0,0,0,0,3.358,False,False,True,,True,likely_no,no,5644,False,likely_non_responsive,True,,11267,.msg,100352,ok,True,False,text,False,0,0,16,False,3,False,10-20,Name | Address | Email | Phone,True,Contact Information,False,,ambiguous,True,yes,6789,standard,bde_llm_count,False,False,0,0,0,0,0,0,4.332,False,False,True,,True,clear_yes,yes,3998,True,bde,False,,10787
CNG_Data2k_variance/files/Q00897.01-0000710624.MSG,nr,responsive,"estimated_entities,llm_tokens,elapsed_s,s2_llm_responsiveness,s2_llm_responsive,s2_llm_tokens,s2_lane,s2_nr,llm_tokens_total",.msg,195072,ok,True,False,text,False,0,0,1,False,0,False,0-10,Name | Address | Email | Money/Amount,True,Contact Information | Financial Account Information,False,,ambiguous,True,yes,4279,standard,,False,False,0,0,0,0,0,0,3.864,False,False,True,,True,likely_no,no,4379,False,likely_non_responsive,True,,8658,.msg,195072,ok,True,False,text,False,0,0,5,False,0,False,0-10,Name | Address | Email | Money/Amount,True,Contact Information | Financial Account Information,False,,ambiguous,True,yes,2512,standard,,False,False,0,0,0,0,0,0,3.684,False,False,True,,True,likely_yes,yes,2698,False,standard,False,,5210
CNG_Data2k_variance\files\Q00897.01-0000713346.0001.XLS,nr,responsive,"size_bytes,estimated_entities,bde_confirmed,entity_bucket,is_bde,llm_tokens,suggested_lane,detail,elapsed_s,bde_stage1,s2_llm_responsiveness,s2_llm_responsive,s2_llm_tokens,s2_is_bde,s2_lane,s2_nr,llm_tokens_total",.xls,10880,ok,True,True,text,True,1,0,2,False,0,False,0-10,Name | Address | Phone,True,Contact Information,False,,ambiguous,True,yes,8193,standard,bde_llm_count,False,False,0,0,0,0,0,0,8.291,False,False,True,,True,likely_no,no,4739,False,likely_non_responsive,True,,12932,.xls,47616,ok,True,True,text,True,1,0,34,False,0,True,20-50,Name | Address | Phone,True,Contact Information,True,,ambiguous,True,yes,4771,structured_bde,roster_by_rowcount bde_llm_count_roster,False,False,0,0,0,0,0,0,16.608,False,True,True,,True,likely_yes,yes,3000,True,structured_bde,False,,7771
CNG_Data2k_variance/files/Q00897.01-0000713826.MSG,nr,responsive,"llm_tokens,elapsed_s,s2_llm_responsiveness,s2_llm_responsive,s2_llm_tokens,s2_lane,s2_nr,llm_tokens_total",.msg,154624,ok,True,False,text,False,0,0,1,False,0,False,0-10,Name | Address | Email,True,Contact Information,False,,ambiguous,True,yes,4137,standard,,False,False,0,0,0,0,0,0,2.777,False,False,True,,True,likely_no,no,4201,False,likely_non_responsive,True,,8338,.msg,154624,ok,True,False,text,False,0,0,1,False,0,False,0-10,Name | Address | Email,True,Contact Information,False,,ambiguous,True,yes,2349,standard,,False,False,0,0,0,0,0,0,3.225,False,False,True,,True,likely_yes,yes,2567,False,standard,False,,4916
CNG_Data2k_variance/files/Q00897.01-0000715995.MSG,nr,responsive,"llm_tokens,elapsed_s,s2_llm_responsiveness,s2_llm_responsive,s2_llm_tokens,s2_lane,s2_nr,llm_tokens_total",.msg,194048,ok,True,False,text,False,0,0,2,False,0,False,0-10,Name | Address | Email,True,Contact Information,False,,ambiguous,True,yes,4628,standard,,False,False,0,0,0,0,0,0,4.783,False,False,True,,True,likely_no,no,4672,False,likely_non_responsive,True,,9300,.msg,194048,ok,True,False,text,False,0,0,2,False,0,False,0-10,Name | Address | Email,True,Contact Information,False,,ambiguous,True,yes,2841,standard,,False,False,0,0,0,0,0,0,3.556,False,False,True,,True,likely_yes,yes,3013,False,standard,False,,5854
CNG_Data2k_variance/files/Q00897.01-0000728329.MSG,nr,responsive,"estimated_entities,bde_person_count,entity_bucket,llm_tokens,detail,elapsed_s,s2_llm_responsiveness,s2_llm_responsive,s2_llm_tokens,s2_is_bde,s2_lane,s2_nr,llm_tokens_total",.msg,119296,ok,True,False,text,False,0,2,6,False,0,False,0-10,Name | Address | Email | Phone | Money/Amount,True,Contact Information | Financial Account Information,False,,ambiguous,True,yes,5414,standard,,False,False,0,0,0,0,0,0,3.953,False,False,True,,True,likely_no,no,5455,False,likely_non_responsive,True,,10869,.msg,119296,ok,True,False,text,False,0,2,20,False,4,False,10-20,Name | Address | Email | Phone | Money/Amount,True,Contact Information | Financial Account Information,False,,ambiguous,True,yes,6402,standard,bde_llm_count,False,False,0,0,0,0,0,0,7.084,False,False,True,,True,likely_yes,yes,3805,True,bde,False,,10207
CNG_Data2k_variance/files/Q00897.01-0000734897.MSG,responsive,nr,"estimated_entities,bde_person_count,entity_bucket,llm_tokens,detail,elapsed_s,s2_llm_responsiveness,s2_llm_responsive,s2_llm_tokens,s2_is_bde,s2_lane,s2_nr,llm_tokens_total",.msg,145920,ok,True,False,text,False,0,1,5,False,0,False,0-10,Name | Address | Email | Phone,True,Contact Information,False,,ambiguous,True,yes,5046,standard,,False,False,0,0,0,0,0,0,4.09,False,False,True,,True,likely_yes,yes,5133,False,standard,False,,10179,.msg,145920,ok,True,False,text,False,0,1,14,False,3,False,10-20,Name | Address | Email | Phone,True,Contact Information,False,,ambiguous,True,yes,5775,standard,bde_llm_count,False,False,0,0,0,0,0,0,4.947,False,False,True,,True,likely_no,no,3495,True,likely_non_responsive,True,,9270
CNG_Data2k_variance/files/Q00897.01-0000735870.0001.PDF,nr,responsive,"estimated_entities,entity_bucket,llm_tokens,detail,elapsed_s,s2_llm_responsiveness,s2_llm_responsive,s2_llm_tokens,s2_is_bde,s2_lane,s2_nr,llm_tokens_total",.pdf,1017801,ok,True,False,text,False,8,0,1,False,0,False,0-10,Name | Email | Money/Amount,True,Contact Information | Financial Account Information,False,,ambiguous,True,yes,7216,standard,,False,False,0,0,0,0,0,0,7.488,False,False,True,,True,likely_no,no,7477,False,likely_non_responsive,True,,14693,.pdf,1017801,ok,True,False,text,False,8,0,43,False,0,False,20-50,Name | Email | Money/Amount,True,Contact Information | Financial Account Information,False,,ambiguous,True,yes,10093,standard,bde_llm_count,False,False,0,0,0,0,0,0,8.213,False,False,True,,True,likely_yes,yes,5807,True,bde,False,,15900
CNG_Data2k_variance/files/Q00897.01-0000754082.MSG,responsive,nr,"estimated_entities,bde_confirmed,entity_bucket,is_bde,llm_responsive,llm_tokens,suggested_lane,elapsed_s,bde_stage1,s2_llm_responsiveness,s2_llm_responsive,s2_llm_tokens,s2_is_bde,s2_lane,s2_nr,llm_tokens_total",.msg,102912,ok,True,False,text,False,0,0,33,False,7,False,20-50,Name | Address | Email | Phone | Money/Amount,True,Contact Information | Financial Account Information,False,,ambiguous,True,yes,17672,standard,bde_llm_count,False,False,0,0,0,0,0,0,9.109,False,False,True,,True,likely_yes,yes,9326,False,standard,False,,26998,.msg,102912,ok,True,False,text,False,0,0,80,False,7,True,50-100,Name | Address | Email | Phone | Money/Amount,True,Contact Information | Financial Account Information,True,,ambiguous,True,no,13927,bde,bde_llm_count,False,False,0,0,0,0,0,0,9.222,False,True,True,,True,likely_no,no,7715,True,likely_non_responsive,True,,21642
CNG_Data2k_variance/files/Q00897.01-0000757573.MSG,nr,responsive,"estimated_entities,bde_person_count,llm_tokens,detail,elapsed_s,s2_llm_responsiveness,s2_llm_responsive,s2_llm_tokens,s2_is_bde,s2_lane,s2_nr,llm_tokens_total",.msg,77312,ok,True,False,text,False,0,0,3,False,0,False,0-10,Name | Email | Phone | Work-Related,True,Contact Information | Work-Related Information,False,,ambiguous,True,yes,5049,standard,,False,False,0,0,0,0,0,0,4.42,False,False,True,,True,clear_no,no,5114,False,likely_non_responsive,True,,10163,.msg,77312,ok,True,False,text,False,0,0,8,False,3,False,0-10,Name | Email | Phone | Work-Related,True,Contact Information | Work-Related Information,False,,ambiguous,True,yes,5763,standard,bde_llm_count,False,False,0,0,0,0,0,0,5.22,False,False,True,,True,clear_yes,yes,3463,True,bde,False,,9226
CNG_Data2k_variance/files/Q00897.01-0000766387.MSG,nr,responsive,"estimated_entities,bde_person_count,entity_bucket,llm_tokens,detail,elapsed_s,s2_llm_responsiveness,s2_llm_responsive,s2_llm_tokens,s2_is_bde,s2_lane,s2_nr,llm_tokens_total",.msg,260608,ok,True,False,text,False,0,2,2,False,0,False,0-10,Name | Address | Email | Phone | Health,True,Contact Information | Health-Related Information,False,,ambiguous,True,yes,4930,standard,,False,False,0,0,0,0,0,0,3.487,False,False,True,,True,likely_no,no,5016,False,likely_non_responsive,True,,9946,.msg,260608,ok,True,False,text,False,0,2,12,False,1,False,10-20,Name | Address | Email | Phone | Health,True,Contact Information | Health-Related Information,False,,ambiguous,True,yes,5547,standard,bde_llm_count,False,False,0,0,0,0,0,0,4.754,False,False,True,,True,clear_yes,yes,3367,True,bde,False,,8914
CNG_Data2k_variance/files/Q00897.01-0000769046.MSG,nr,responsive,"estimated_entities,entity_bucket,llm_tokens,elapsed_s,s2_llm_responsiveness,s2_llm_responsive,s2_llm_tokens,s2_is_bde,s2_lane,s2_nr,llm_tokens_total",.msg,341504,ok,True,False,text,False,0,4,8,False,5,False,0-10,Name | Address | Email | Phone | Card/Transaction | Money/Amount,True,Contact Information | Financial Account Information,False,,ambiguous,True,yes,8148,standard,bde_llm_count,False,False,0,0,0,0,0,0,9.46,False,False,True,,True,clear_no,no,4504,False,likely_non_responsive,True,,12652,.msg,341504,ok,True,False,text,False,0,4,14,False,5,False,10-20,Name | Address | Email | Phone | Card/Transaction | Money/Amount,True,Contact Information | Financial Account Information,False,,ambiguous,True,yes,4541,standard,bde_llm_count,False,False,0,0,0,0,0,0,5.151,False,False,True,,True,likely_yes,yes,2843,True,bde,False,,7384
CNG_Data2k_variance/files/Q00897.01-0000772635.MSG,nr,responsive,"estimated_entities,bde_person_count,entity_bucket,llm_tokens,detail,elapsed_s,s2_llm_responsiveness,s2_llm_responsive,s2_llm_tokens,s2_is_bde,s2_lane,s2_nr,llm_tokens_total",.msg,41984,ok,True,False,text,False,0,0,6,False,0,False,0-10,Name | Address | Email | Phone | Money/Amount,True,Contact Information | Financial Account Information,False,,ambiguous,True,yes,6112,standard,,False,False,0,0,0,0,0,0,6.264,False,False,True,,True,likely_no,no,6191,False,likely_non_responsive,True,,12303,.msg,41984,ok,True,False,text,False,0,0,13,False,3,False,10-20,Name | Address | Email | Phone | Money/Amount,True,Contact Information | Financial Account Information,False,,ambiguous,True,yes,7873,standard,bde_llm_count,False,False,0,0,0,0,0,0,5.132,False,False,True,,True,likely_yes,yes,4521,True,bde,False,,12394
CNG_Data2k_variance/files/Q00897.01-0000777780.0001.PDF,nr,undetermined,"status,searchable,text_extractable,page_or_sheet_count,estimated_entities,entity_bucket,entities_found,value_signal,pi_categories,ambiguity,llm_consulted,llm_responsive,llm_tokens,suggested_lane,detail,img_ocr_qualifying,img_ocr_calls,img_ocr_ok,di_calls,elapsed_s,nr_stage1,s2_skip_reason,llm_tokens_total",.pdf,1460825,ok,True,False,text,False,78,0,2,False,0,False,0-10,Name | Address | Phone | Money/Amount,True,Contact Information | Financial Account Information,False,,ambiguous,True,no,17029,likely_non_responsive,"img_ocr:p12,p12,p15,p15,p22,p23,p26,p27,p30,p31,p34,p35,p38,p38,p43,p46,p47,p50,p51,p53,p54,p56,p57,p57,p60,p61,p61,p63,p64,p66,p67,p69,p69(33/36,+6236chars)",False,False,0,36,36,33,0,36,154.928,True,False,False,stage1_nr,False,,,0,False,,False,,17029,.pdf,1460825,timeout,False,False,,False,0,0,0,False,0,False,,,False,,False,,,False,,0,review_error,watchdog_killed,False,False,0,0,0,0,0,0,0.0,False,False,False,timeout,False,,,0,False,,False,,0
CNG_Data2k_variance/files/Q00897.01-0000789147.0001.PDF,nr,responsive,"llm_tokens,elapsed_s,s2_llm_responsiveness,s2_llm_responsive,s2_llm_tokens,s2_lane,s2_nr,llm_tokens_total",.pdf,43921,ok,True,False,text,False,1,0,2,False,0,False,0-10,Name | Address | Email | Phone | Bank/Account Number | Money/Amount,True,Contact Information | Financial Account Information,False,,ambiguous,True,yes,4127,standard,,False,False,0,0,0,0,0,0,2.997,False,False,True,,True,likely_no,no,4216,False,likely_non_responsive,True,,8343,.pdf,43921,ok,True,False,text,False,1,0,2,False,0,False,0-10,Name | Address | Email | Phone | Bank/Account Number | Money/Amount,True,Contact Information | Financial Account Information,False,,ambiguous,True,yes,2363,standard,,False,False,0,0,0,0,0,0,2.326,False,False,True,,True,clear_yes,yes,2517,False,standard,False,,4880
CNG_Data2k_variance/files/Q00897.01-0000793683.MSG,nr,responsive,"estimated_entities,bde_person_count,entity_bucket,llm_tokens,detail,elapsed_s,s2_llm_responsiveness,s2_llm_responsive,s2_llm_tokens,s2_is_bde,s2_lane,s2_nr,llm_tokens_total",.msg,70656,ok,True,False,text,False,0,2,3,False,0,False,0-10,Name | Address | Email | Phone | Money/Amount,True,Contact Information | Financial Account Information,False,,ambiguous,True,yes,5225,standard,,False,False,0,0,0,0,0,0,3.046,False,False,True,,True,likely_no,no,5265,False,likely_non_responsive,True,,10490,.msg,70656,ok,True,False,text,False,0,2,17,False,2,False,10-20,Name | Address | Email | Phone | Money/Amount,True,Contact Information | Financial Account Information,False,,ambiguous,True,yes,6063,standard,bde_llm_count,False,False,0,0,0,0,0,0,5.708,False,False,True,,True,clear_yes,yes,3637,True,bde,False,,9700
CNG_Data2k_variance/files/Q00897.01-0000794325.0001.PDF,nr,responsive,"estimated_entities,bde_person_count,bde_confirmed,entity_bucket,is_bde,llm_tokens,suggested_lane,elapsed_s,bde_stage1,s2_llm_responsiveness,s2_llm_responsive,s2_llm_tokens,s2_is_bde,s2_lane,s2_nr,llm_tokens_total",.pdf,3810632,ok,True,False,text,False,17,0,17,False,17,False,10-20,Name | Money/Amount | Work-Related,True,Financial Account Information | Work-Related Information,False,,ambiguous,True,yes,17240,standard,"img_ocr:p2(1/1,+52chars) bde_llm_count_roster",False,False,0,1,1,1,0,1,71.941,False,False,True,,True,likely_no,no,9092,False,likely_non_responsive,True,,26332,.pdf,3810632,ok,True,False,text,False,17,0,141,False,141,True,100+,Name | Money/Amount | Work-Related,True,Financial Account Information | Work-Related Information,True,,ambiguous,True,yes,13668,bde,"img_ocr:p2(1/1,+52chars) bde_llm_count_roster",False,False,0,1,1,1,0,1,13.023,False,True,True,,True,likely_yes,yes,7443,True,bde,False,,21111
CNG_Data2k_variance/files/Q00897.01-0000796084.MSG,nr,responsive,"llm_tokens,elapsed_s,s2_llm_responsiveness,s2_llm_responsive,s2_llm_tokens,s2_lane,s2_nr,llm_tokens_total",.msg,153088,ok,True,False,text,False,0,0,6,False,0,False,0-10,Name | Address | Email | Phone,True,Contact Information,False,,ambiguous,True,yes,4883,standard,,False,False,0,0,0,0,0,0,3.296,False,False,True,,True,likely_no,no,4892,False,likely_non_responsive,True,,9775,.msg,153088,ok,True,False,text,False,0,0,6,False,0,False,0-10,Name | Address | Email | Phone,True,Contact Information,False,,ambiguous,True,yes,3084,standard,,False,False,0,0,0,0,0,0,3.216,False,False,True,,True,likely_yes,yes,3261,False,standard,False,,6345
CNG_Data2k_variance/files/Q00897.01-0000796949.MSG,nr,responsive,"estimated_entities,entity_bucket,llm_tokens,elapsed_s,s2_llm_responsiveness,s2_llm_responsive,s2_llm_tokens,s2_is_bde,s2_lane,s2_nr,llm_tokens_total",.msg,222208,ok,True,False,text,False,0,0,8,False,3,False,0-10,Name | Address | Email | Phone | Money/Amount,True,Contact Information | Financial Account Information,False,,ambiguous,True,yes,10308,standard,bde_llm_count,False,False,0,0,0,0,0,0,5.289,False,False,True,,True,likely_no,no,5669,False,likely_non_responsive,True,,15977,.msg,222208,ok,True,False,text,False,0,0,39,False,3,False,20-50,Name | Address | Email | Phone | Money/Amount,True,Contact Information | Financial Account Information,False,,ambiguous,True,yes,6776,standard,bde_llm_count,False,False,0,0,0,0,0,0,5.408,False,False,True,,True,likely_yes,yes,3988,True,bde,False,,10764
CNG_Data2k_variance/files/Q00897.01-0000797109.MSG,nr,responsive,"estimated_entities,bde_person_count,llm_tokens,detail,elapsed_s,s2_llm_responsiveness,s2_llm_responsive,s2_llm_tokens,s2_is_bde,s2_lane,s2_nr,llm_tokens_total",.msg,698880,ok,True,False,text,False,0,2,6,False,0,False,0-10,Name | Address | Email | Phone | Money/Amount,True,Contact Information | Financial Account Information,False,,ambiguous,True,yes,6880,standard,,False,False,0,0,0,0,0,0,4.375,False,False,True,,True,likely_no,no,6945,False,likely_non_responsive,True,,13825,.msg,698880,ok,True,False,text,False,0,2,9,False,2,False,0-10,Name | Address | Email | Phone | Money/Amount,True,Contact Information | Financial Account Information,False,,ambiguous,True,yes,9358,standard,bde_llm_count,False,False,0,0,0,0,0,0,6.608,False,False,True,,True,likely_yes,yes,5272,True,bde,False,,14630
CNG_Data2k_variance/files/Q00897.01-0000799844.0001.PDF,nr,responsive,"estimated_entities,entities_found,ambiguity,llm_consulted,llm_responsive,llm_tokens,suggested_lane,elapsed_s,nr_stage1,s2_ran,s2_skip_reason,s2_llm_consulted,s2_llm_responsiveness,s2_llm_responsive,s2_llm_tokens,s2_lane,llm_tokens_total",.pdf,23148,ok,True,False,text,False,1,0,0,False,0,False,0-10,,False,,False,,clear_non_responsive,False,,0,likely_non_responsive,,False,False,0,0,0,0,0,0,0.049,True,False,False,stage1_nr,False,,,0,False,,False,,0,.pdf,23148,ok,True,False,text,False,1,0,2,False,0,False,0-10,Name,False,,False,,ambiguous,True,yes,2584,standard,,False,False,0,0,0,0,0,0,2.555,False,False,True,,True,clear_yes,yes,2782,False,standard,False,,5366
CNG_Data2k_variance/files/Q00897.01-0000801763.0002.DOCX,nr,responsive,"estimated_entities,llm_tokens,elapsed_s,s2_llm_responsiveness,s2_llm_responsive,s2_llm_tokens,s2_lane,s2_nr,llm_tokens_total",.docx,13898,ok,True,False,text,False,0,0,1,False,0,False,0-10,Name | Money/Amount | Student ID,True,Financial Account Information | Student-Related Information,False,,ambiguous,True,yes,3930,standard,,False,False,0,0,0,0,0,0,2.324,False,False,True,,True,likely_no,no,4010,False,likely_non_responsive,True,,7940,.docx,13898,ok,True,False,text,False,0,0,3,False,0,False,0-10,Name | Money/Amount | Student ID,True,Financial Account Information | Student-Related Information,False,,ambiguous,True,yes,2163,standard,,False,False,0,0,0,0,0,0,2.348,False,False,True,,True,likely_yes,yes,2341,False,standard,False,,4504
CNG_Data2k_variance/files/Q00897.01-0000804275.MSG,nr,responsive,"estimated_entities,bde_person_count,bde_confirmed,entity_bucket,is_bde,llm_tokens,suggested_lane,elapsed_s,bde_stage1,s2_llm_responsiveness,s2_llm_responsive,s2_llm_tokens,s2_is_bde,s2_lane,s2_nr,llm_tokens_total",.msg,179712,ok,True,False,text,False,0,4,10,False,6,False,0-10,Name | Address | Email | Phone,True,Contact Information,False,,ambiguous,True,yes,9372,standard,bde_llm_count,False,False,0,0,0,0,0,0,65.866,False,False,True,,True,likely_no,no,5081,False,likely_non_responsive,True,,14453,.msg,179712,ok,True,False,text,False,0,4,18,False,7,True,10-20,Name | Address | Email | Phone,True,Contact Information,True,,ambiguous,True,yes,5829,bde,bde_llm_count,False,False,0,0,0,0,0,0,7.331,False,True,True,,True,likely_yes,yes,3472,True,bde,False,,9301
CNG_Data2k_variance/files/Q00897.01-0000806744.MSG,nr,responsive,"estimated_entities,bde_person_count,llm_tokens,detail,elapsed_s,s2_llm_responsiveness,s2_llm_responsive,s2_llm_tokens,s2_is_bde,s2_lane,s2_nr,llm_tokens_total",.msg,309760,ok,True,False,text,False,0,1,4,False,0,False,0-10,Name | Address | Email | Phone,True,Contact Information,False,,ambiguous,True,yes,4242,standard,,False,False,0,0,0,0,0,0,3.312,False,False,True,,True,likely_no,no,4284,False,likely_non_responsive,True,,8526,.msg,309760,ok,True,False,text,False,0,1,10,False,3,False,0-10,Name | Address | Email | Phone,True,Contact Information,False,,ambiguous,True,yes,4106,standard,bde_llm_count,False,False,0,0,0,0,0,0,4.67,False,False,True,,True,likely_yes,yes,2688,True,bde,False,,6794
CNG_Data2k_variance/files/Q00897.01-0000811590.MSG,responsive,nr,"estimated_entities,bde_person_count,llm_tokens,detail,elapsed_s,s2_llm_responsiveness,s2_llm_responsive,s2_llm_tokens,s2_is_bde,s2_lane,s2_nr,llm_tokens_total",.msg,156672,ok,True,False,text,False,0,1,3,False,0,False,0-10,Name | Address | Email | Phone | Money/Amount | Work-Related,True,Contact Information | Financial Account Information | Work-Related Information,False,,ambiguous,True,yes,5263,standard,,False,False,0,0,0,0,0,0,3.27,False,False,True,,True,likely_yes,yes,5311,False,standard,False,,10574,.msg,156672,ok,True,False,text,False,0,1,10,False,2,False,0-10,Name | Address | Email | Phone | Money/Amount | Work-Related,True,Contact Information | Financial Account Information | Work-Related Information,False,,ambiguous,True,yes,6153,standard,bde_llm_count,False,False,0,0,0,0,0,0,5.154,False,False,True,,True,clear_no,no,3668,True,likely_non_responsive,True,,9821
CNG_Data2k_variance/files/Q00897.01-0000811685.0001.PDF,nr,responsive,"estimated_entities,bde_person_count,entity_bucket,llm_tokens,detail,elapsed_s,s2_llm_responsiveness,s2_llm_responsive,s2_llm_tokens,s2_is_bde,s2_lane,s2_nr,llm_tokens_total",.pdf,4739355,ok,True,False,text,False,11,0,4,False,0,False,0-10,Name | Address | Email | Money/Amount | Work-Related,True,Contact Information | Financial Account Information | Work-Related Information,False,,ambiguous,True,yes,8929,standard,,True,True,11,0,0,0,0,1,10.361,False,False,True,,True,likely_no,no,8982,False,likely_non_responsive,True,,17911,.pdf,4739355,ok,True,False,text,False,11,0,28,False,5,False,20-50,Name | Address | Email | Money/Amount | Work-Related,True,Contact Information | Financial Account Information | Work-Related Information,False,,ambiguous,True,yes,13532,standard,bde_llm_count,True,True,11,0,0,0,0,1,14.873,False,False,True,,True,likely_yes,yes,7340,True,bde,False,,20872
CNG_Data2k_variance/files/Q00897.01-0000812485.MSG,nr,responsive,"llm_tokens,elapsed_s,s2_llm_responsiveness,s2_llm_responsive,s2_llm_tokens,s2_lane,s2_nr,llm_tokens_total",.msg,137216,ok,True,False,text,False,0,0,2,False,0,False,0-10,Name | Address | Phone | Card/Transaction | Money/Amount,True,Contact Information | Financial Account Information,False,,ambiguous,True,yes,3922,standard,,False,False,0,0,0,0,0,0,3.698,False,False,True,,True,likely_no,no,3988,False,likely_non_responsive,True,,7910,.msg,137216,ok,True,False,text,False,0,0,2,False,0,False,0-10,Name | Address | Phone | Card/Transaction | Money/Amount,True,Contact Information | Financial Account Information,False,,ambiguous,True,yes,2147,standard,,False,False,0,0,0,0,0,0,2.191,False,False,True,,True,likely_yes,yes,2325,False,standard,False,,4472
CNG_Data2k_variance/files/Q00897.01-0000818172.MSG,nr,responsive,"estimated_entities,entity_bucket,llm_tokens,elapsed_s,s2_llm_responsiveness,s2_llm_responsive,s2_llm_tokens,s2_is_bde,s2_lane,s2_nr,llm_tokens_total",.msg,473088,ok,True,False,text,False,0,5,8,False,6,False,0-10,Name | Address | Email | Phone | Money/Amount,True,Contact Information | Financial Account Information,False,,ambiguous,True,yes,16688,standard,bde_llm_count,False,False,0,0,0,0,0,0,9.883,False,False,True,,True,likely_no,no,8798,False,likely_non_responsive,True,,25486,.msg,473088,ok,True,False,text,False,0,5,16,False,6,False,10-20,Name | Address | Email | Phone | Money/Amount,True,Contact Information | Financial Account Information,False,,ambiguous,True,yes,13051,standard,bde_llm_count,False,False,0,0,0,0,0,0,7.085,False,False,True,,True,likely_yes,yes,7159,True,bde,False,,20210
CNG_Data2k_variance/files/Q00897.01-0000819867.MSG,nr,responsive,"estimated_entities,bde_person_count,entity_bucket,llm_tokens,detail,elapsed_s,s2_llm_responsiveness,s2_llm_responsive,s2_llm_tokens,s2_is_bde,s2_lane,s2_nr,llm_tokens_total",.msg,441856,ok,True,False,text,False,0,4,4,False,0,False,0-10,Name | Email | Phone | Money/Amount,True,Contact Information | Financial Account Information,False,,ambiguous,True,yes,5700,standard,,False,False,0,0,0,0,0,0,4.258,False,False,True,,True,likely_no,no,5749,False,likely_non_responsive,True,,11449,.msg,441856,ok,True,False,text,False,0,4,13,False,3,False,10-20,Name | Email | Phone | Money/Amount,True,Contact Information | Financial Account Information,False,,ambiguous,True,yes,7026,standard,bde_llm_count,False,False,0,0,0,0,0,0,5.329,False,False,True,,True,likely_yes,yes,4094,True,bde,False,,11120
CNG_Data2k_variance/files/Q00897.01-0000825484.MSG,nr,responsive,"estimated_entities,bde_person_count,entity_bucket,llm_tokens,detail,elapsed_s,s2_llm_responsiveness,s2_llm_responsive,s2_llm_tokens,s2_is_bde,s2_lane,s2_nr,llm_tokens_total",.msg,81920,ok,True,False,text,False,0,3,6,False,0,False,0-10,Name | Address | Email | Phone,True,Contact Information,False,,ambiguous,True,yes,8716,standard,,False,False,0,0,0,0,0,0,5.178,False,False,True,,True,likely_no,no,8752,False,likely_non_responsive,True,,17468,.msg,81920,ok,True,False,text,False,0,3,22,False,4,False,20-50,Name | Address | Email | Phone,True,Contact Information,False,,ambiguous,True,yes,13051,standard,bde_llm_count,False,False,0,0,0,0,0,0,6.706,False,False,True,,True,likely_yes,yes,7141,True,bde,False,,20192
CNG_Data2k_variance/files/Q00897.01-0000830766.MSG,nr,responsive,"estimated_entities,bde_person_count,entity_bucket,llm_tokens,detail,elapsed_s,s2_llm_responsiveness,s2_llm_responsive,s2_llm_tokens,s2_is_bde,s2_lane,s2_nr,llm_tokens_total",.msg,161792,ok,True,False,text,False,0,2,6,False,0,False,0-10,Name | Address | Email | Phone,True,Contact Information,False,,ambiguous,True,yes,5217,standard,,False,False,0,0,0,0,0,0,3.463,False,False,True,,True,clear_no,no,5268,False,likely_non_responsive,True,,10485,.msg,161792,ok,True,False,text,False,0,2,18,False,6,False,10-20,Name | Address | Email | Phone,True,Contact Information,False,,ambiguous,True,yes,6066,standard,bde_llm_count,False,False,0,0,0,0,0,0,5.368,False,False,True,,True,likely_yes,yes,3606,True,bde,False,,9672
CNG_Data2k_variance/files/Q00897.01-0000832665.MSG,nr,responsive,"estimated_entities,bde_person_count,entity_bucket,llm_tokens,detail,elapsed_s,s2_llm_responsiveness,s2_llm_responsive,s2_llm_tokens,s2_is_bde,s2_lane,s2_nr,llm_tokens_total",.msg,11552768,ok,True,False,text,False,0,10,4,False,0,False,0-10,Name | Address | Email | Phone,True,Contact Information,False,,ambiguous,True,yes,4148,standard,,False,False,0,0,0,0,0,0,3.352,False,False,True,,True,clear_no,no,4235,False,likely_non_responsive,True,,8383,.msg,11552768,ok,True,False,text,False,0,10,21,False,2,False,20-50,Name | Address | Email | Phone,True,Contact Information,False,,ambiguous,True,yes,3952,standard,bde_llm_count,False,False,0,0,0,0,0,0,4.99,False,False,True,,True,clear_yes,yes,2604,True,bde,False,,6556
CNG_Data2k_variance/files/Q00897.01-0000833208.MSG,nr,responsive,"estimated_entities,llm_tokens,elapsed_s,s2_llm_responsiveness,s2_llm_responsive,s2_llm_tokens,s2_lane,s2_nr,llm_tokens_total",.msg,158208,ok,True,False,text,False,0,1,2,False,0,False,0-10,Name | Address | Email | Phone | Credentials,True,Contact Information | Access Credentials,False,,ambiguous,True,yes,4404,standard,,False,False,0,0,0,0,0,0,2.971,False,False,True,,True,likely_no,no,4501,False,likely_non_responsive,True,,8905,.msg,158208,ok,True,False,text,False,0,1,6,False,0,False,0-10,Name | Address | Email | Phone | Credentials,True,Contact Information | Access Credentials,False,,ambiguous,True,yes,2645,standard,,False,False,0,0,0,0,0,0,3.149,False,False,True,,True,likely_yes,yes,2821,False,standard,False,,5466
CNG_Data2k_variance/files/Q00897.01-0000833703.0002.DOCX,nr,responsive,"estimated_entities,bde_person_count,entity_bucket,llm_tokens,detail,elapsed_s,s2_llm_responsiveness,s2_llm_responsive,s2_llm_tokens,s2_is_bde,s2_lane,s2_nr,llm_tokens_total",.docx,87542,ok,True,False,text,False,0,0,3,False,0,False,0-10,Name | Address | Email | Phone | Money/Amount,True,Contact Information | Financial Account Information,False,,ambiguous,True,yes,8622,standard,,False,False,0,0,0,0,0,0,2.669,False,False,True,,True,likely_no,no,8697,False,likely_non_responsive,True,,17319,.docx,87542,ok,True,False,text,False,0,0,16,False,2,False,10-20,Name | Address | Email | Phone | Money/Amount,True,Contact Information | Financial Account Information,False,,ambiguous,True,yes,12884,standard,bde_llm_count,False,False,0,0,0,0,0,0,4.611,False,False,True,,True,likely_yes,yes,7033,True,bde,False,,19917
CNG_Data2k_variance/files/Q00897.01-0000834695.MSG,nr,responsive,"estimated_entities,bde_person_count,entity_bucket,llm_tokens,detail,elapsed_s,s2_llm_responsiveness,s2_llm_responsive,s2_llm_tokens,s2_is_bde,s2_lane,s2_nr,llm_tokens_total",.msg,141824,ok,True,False,text,False,0,0,4,False,0,False,0-10,Name | Address | Email | Phone,True,Contact Information,False,,ambiguous,True,yes,7130,standard,,False,False,0,0,0,0,0,0,4.754,False,False,True,,True,borderline,no,7195,False,likely_non_responsive,True,,14325,.msg,141824,ok,True,False,text,False,0,0,14,False,3,False,10-20,Name | Address | Email | Phone,True,Contact Information,False,,ambiguous,True,yes,9905,standard,bde_llm_count,False,False,0,0,0,0,0,0,7.784,False,False,True,,True,likely_yes,yes,5578,True,bde,False,,15483
CNG_Data2k_variance/files/Q00897.01-0000838933.0001.PDF,undetermined,nr,"status,searchable,text_extractable,page_or_sheet_count,estimated_entities,bde_person_count,entity_bucket,entities_found,value_signal,pi_categories,ambiguity,llm_consulted,llm_responsive,llm_tokens,suggested_lane,detail,elapsed_s,s2_ran,s2_skip_reason,s2_llm_consulted,s2_llm_responsiveness,s2_llm_responsive,s2_llm_tokens,s2_is_bde,s2_lane,s2_nr,llm_tokens_total",.pdf,3644916,error,False,False,,False,0,0,0,False,0,False,,,False,,False,,,False,,0,review_error,NameError,False,False,0,0,0,0,0,0,0.723,False,False,False,extract_error,False,,,0,False,,False,,0,.pdf,3644916,ok,True,False,text,False,72,0,29,False,6,False,20-50,Name | Address | Phone | Money/Amount,True,Contact Information | Financial Account Information,False,,ambiguous,True,yes,16076,standard,bde_llm_count,False,False,0,0,0,0,0,0,14.712,False,False,True,,True,likely_no,no,8629,True,likely_non_responsive,True,,24705
CNG_Data2k_variance/files/Q00897.01-0000840047.0001.DOCX,nr,responsive,"estimated_entities,bde_person_count,entity_bucket,llm_tokens,detail,elapsed_s,s2_llm_responsiveness,s2_llm_responsive,s2_llm_tokens,s2_is_bde,s2_lane,s2_nr,llm_tokens_total",.docx,486843,ok,True,False,text,False,0,0,5,False,0,False,0-10,Name | Address | Money/Amount | Health | Work-Related,True,Contact Information | Financial Account Information | Health-Related Information | Work-Related Information,False,,ambiguous,True,yes,6336,standard,,False,False,0,0,0,0,0,0,2.521,False,False,True,,True,likely_no,no,6403,False,likely_non_responsive,True,,12739,.docx,486843,ok,True,False,text,False,0,0,14,False,5,False,10-20,Name | Address | Money/Amount | Health | Work-Related,True,Contact Information | Financial Account Information | Health-Related Information | Work-Related Information,False,,ambiguous,True,yes,8335,standard,bde_llm_count,False,False,0,0,0,0,0,0,6.454,False,False,True,,True,likely_yes,yes,4771,True,bde,False,,13106
CNG_Data2k_variance/files/Q00897.01-0000840702.0002.PDF,nr,responsive,"estimated_entities,bde_person_count,llm_tokens,elapsed_s,s2_llm_responsiveness,s2_llm_responsive,s2_llm_tokens,s2_is_bde,s2_lane,s2_nr,llm_tokens_total",.pdf,102423,ok,True,True,text,True,5,0,9,False,9,False,0-10,Name | Address | Phone | Money/Amount,True,Contact Information | Financial Account Information,False,,ambiguous,True,yes,11154,standard,bde_llm_count,True,True,5,0,0,0,0,1,13.146,False,False,True,,True,likely_no,no,5978,False,likely_non_responsive,True,,17132,.pdf,102423,ok,True,True,text,True,5,0,8,False,6,False,0-10,Name | Address | Phone | Money/Amount,True,Contact Information | Financial Account Information,False,,ambiguous,True,yes,7580,standard,bde_llm_count,True,True,5,0,0,0,0,1,13.013,False,False,True,,True,clear_yes,yes,4323,True,structured_bde,False,,11903
CNG_Data2k_variance/files/Q00897.01-0000840772.MSG,nr,responsive,"estimated_entities,llm_tokens,elapsed_s,s2_llm_responsiveness,s2_llm_responsive,s2_llm_tokens,s2_lane,s2_nr,llm_tokens_total",.msg,151040,ok,True,False,text,False,0,0,1,False,0,False,0-10,Name | Card Expiry/CVV,True,Financial Account Information,False,,ambiguous,True,yes,4366,standard,,False,False,0,0,0,0,0,0,2.775,False,False,True,,True,borderline,no,4453,False,likely_non_responsive,True,,8819,.msg,151040,ok,True,False,text,False,0,0,3,False,0,False,0-10,Name | Card Expiry/CVV,True,Financial Account Information,False,,ambiguous,True,yes,2611,standard,,False,False,0,0,0,0,0,0,3.063,False,False,True,,True,likely_yes,yes,2787,False,standard,False,,5398
CNG_Data2k_variance/files/Q00897.01-0000843729.MSG,nr,responsive,"estimated_entities,bde_person_count,bde_confirmed,entity_bucket,is_bde,llm_tokens,suggested_lane,detail,elapsed_s,bde_stage1,s2_llm_responsiveness,s2_llm_responsive,s2_llm_tokens,s2_is_bde,s2_lane,s2_nr,llm_tokens_total",.msg,1203712,ok,True,False,text,False,0,1,14,False,14,False,10-20,Name | Address | Email | Phone | Money/Amount | Health,True,Contact Information | Financial Account Information | Health-Related Information,False,,ambiguous,True,yes,18222,standard,bde_llm_count,False,False,0,0,0,0,0,0,7.192,False,False,True,,True,clear_no,no,9532,False,likely_non_responsive,True,,27754,.msg,1203712,ok,True,False,text,False,0,1,41,False,41,True,20-50,Name | Address | Email | Phone | Money/Amount | Health,True,Contact Information | Financial Account Information | Health-Related Information,True,,ambiguous,True,yes,14608,bde,bde_llm_count_roster,False,False,0,0,0,0,0,0,8.927,False,True,True,,True,clear_yes,yes,7937,True,bde,False,,22545
CNG_Data2k_variance/files/Q00897.01-0000847031.0002.DOCX,nr,responsive,"estimated_entities,bde_person_count,value_signal,llm_tokens,detail,elapsed_s,s2_llm_responsiveness,s2_llm_responsive,s2_llm_tokens,s2_is_bde,s2_lane,s2_nr,llm_tokens_total",.docx,14804,ok,True,False,text,False,0,0,4,False,0,False,0-10,Name | Money/Amount | Work-Related,False,Financial Account Information | Work-Related Information,False,,ambiguous,True,yes,4741,standard,,False,False,0,0,0,0,0,0,2.793,False,False,True,,True,likely_no,no,4819,False,likely_non_responsive,True,,9560,.docx,14804,ok,True,False,text,False,0,0,7,False,3,False,0-10,Name | Money/Amount | Work-Related,True,Financial Account Information | Work-Related Information,False,,ambiguous,True,yes,5133,standard,bde_llm_count,False,False,0,0,0,0,0,0,4.105,False,False,True,,True,likely_yes,yes,3142,True,bde,False,,8275
CNG_Data2k_variance\files\Q00897.01-0000855219.XLS,nr,responsive,"size_bytes,estimated_entities,entity_bucket,value_signal,llm_tokens,detail,elapsed_s,s2_llm_responsiveness,s2_llm_responsive,s2_llm_tokens,s2_is_bde,s2_lane,s2_nr,llm_tokens_total",.xls,68934,ok,True,True,text,True,2,0,1,False,1,False,0-10,Name | Money/Amount,False,Financial Account Information,False,,ambiguous,True,yes,6750,standard,bde_llm_count,False,False,0,0,0,0,0,0,4.1,False,False,True,,True,likely_no,no,3874,False,likely_non_responsive,True,,10624,.xls,111616,ok,True,True,text,True,2,0,14,False,1,False,10-20,Name | Money/Amount,True,Financial Account Information,False,,ambiguous,True,yes,3230,standard,roster_by_rowcount bde_llm_count,False,False,0,0,0,0,0,0,18.568,False,False,True,,True,likely_yes,yes,2217,True,structured_bde,False,,5447
CNG_Data2k_variance/files/Q00897.01-0000859332.PDF,nr,responsive,"estimated_entities,bde_person_count,bde_confirmed,entity_bucket,entities_found,value_signal,is_bde,ambiguity,llm_consulted,llm_responsive,llm_tokens,suggested_lane,detail,elapsed_s,nr_stage1,bde_stage1,s2_ran,s2_skip_reason,s2_llm_consulted,s2_llm_responsiveness,s2_llm_responsive,s2_llm_tokens,s2_is_bde,s2_lane,llm_tokens_total",.pdf,49268,ok,True,False,text,False,1,0,1,False,0,False,0-10,Money/Amount,False,Financial Account Information,False,,clear_non_responsive,False,,0,likely_non_responsive,,False,False,0,0,0,0,0,0,0.098,True,False,False,stage1_nr,False,,,0,False,,False,,0,.pdf,49268,ok,True,False,text,False,1,0,18,False,10,True,10-20,Name | Money/Amount,True,Financial Account Information,True,,ambiguous,True,yes,3429,bde,bde_llm_count_roster,False,False,0,0,0,0,0,0,5.159,False,True,True,,True,clear_yes,yes,2338,True,bde,False,,5767
CNG_Data2k_variance/files/Q00897.01-0000859376.PDF,nr,responsive,"estimated_entities,bde_person_count,bde_confirmed,entity_bucket,entities_found,value_signal,is_bde,ambiguity,llm_consulted,llm_responsive,llm_tokens,suggested_lane,detail,elapsed_s,nr_stage1,bde_stage1,s2_ran,s2_skip_reason,s2_llm_consulted,s2_llm_responsiveness,s2_llm_responsive,s2_llm_tokens,s2_is_bde,s2_lane,llm_tokens_total",.pdf,103245,ok,True,False,text,False,1,0,1,False,0,False,0-10,Money/Amount,False,Financial Account Information,False,,clear_non_responsive,False,,0,likely_non_responsive,,False,False,0,0,0,0,0,0,0.047,True,False,False,stage1_nr,False,,,0,False,,False,,0,.pdf,103245,ok,True,False,text,False,1,0,22,False,12,True,20-50,Name | Money/Amount,True,Financial Account Information,True,,ambiguous,True,yes,3696,bde,bde_llm_count_roster,False,False,0,0,0,0,0,0,5.019,False,True,True,,True,clear_yes,yes,2496,True,bde,False,,6192
CNG_Data2k_variance/files/Q00897.01-0000863835.PDF,nr,responsive,"llm_tokens,elapsed_s,s2_llm_responsiveness,s2_llm_responsive,s2_llm_tokens,s2_lane,s2_nr,llm_tokens_total",.pdf,245642,ok,True,False,text,False,4,0,5,False,0,False,0-10,Name | Phone | Money/Amount,True,Contact Information | Financial Account Information,False,,ambiguous,True,yes,8243,standard,,False,False,0,0,0,0,0,0,3.0,False,False,True,,True,likely_no,no,8273,False,likely_non_responsive,True,,16516,.pdf,245642,ok,True,False,text,False,4,0,5,False,0,False,0-10,Name | Phone | Money/Amount,True,Contact Information | Financial Account Information,False,,ambiguous,True,yes,6502,standard,,False,False,0,0,0,0,0,0,3.698,False,False,True,,True,clear_yes,yes,6699,False,standard,False,,13201
CNG_Data2k_variance/files/Q00897.01-0000865587.PDF,nr,responsive,"entities_found,value_signal,ambiguity,llm_consulted,llm_responsive,llm_tokens,suggested_lane,elapsed_s,nr_stage1,s2_ran,s2_skip_reason,s2_llm_consulted,s2_llm_responsiveness,s2_llm_responsive,s2_llm_tokens,s2_lane,llm_tokens_total",.pdf,180274,ok,True,False,text,False,1,0,1,False,0,False,0-10,Money/Amount,False,Financial Account Information,False,,clear_non_responsive,False,,0,likely_non_responsive,,False,False,0,0,0,0,0,0,0.066,True,False,False,stage1_nr,False,,,0,False,,False,,0,.pdf,180274,ok,True,False,text,False,1,0,1,False,0,False,0-10,Name | Money/Amount,True,Financial Account Information,False,,ambiguous,True,yes,2528,standard,,False,False,0,0,0,0,0,0,2.993,False,False,True,,True,clear_yes,yes,2706,False,standard,False,,5234
CNG_Data2k_variance/files/Q00897.01-0000870391.PDF,nr,responsive,"llm_tokens,elapsed_s,s2_llm_responsiveness,s2_llm_responsive,s2_llm_tokens,s2_is_bde,s2_lane,s2_nr,llm_tokens_total",.pdf,73976,ok,True,False,text,False,6,0,17,False,0,False,10-20,Name | Address | Phone | Money/Amount,True,Contact Information | Financial Account Information,False,,ambiguous,True,yes,21883,standard,bde_llm_count,False,False,0,0,0,0,0,0,8.067,False,False,True,,True,clear_no,no,11318,False,likely_non_responsive,True,,33201,.pdf,73976,ok,True,False,text,False,6,0,17,False,0,False,10-20,Name | Address | Phone | Money/Amount,True,Contact Information | Financial Account Information,False,,ambiguous,True,yes,18371,standard,bde_llm_count,False,False,0,0,0,0,0,0,9.164,False,False,True,,True,clear_yes,yes,9855,True,bde,False,,28226
CNG_Data2k_variance\files\Q00897.01-0000871243.XLS,nr,responsive,"size_bytes,llm_tokens,elapsed_s,s2_llm_responsiveness,s2_llm_responsive,s2_llm_tokens,s2_lane,s2_nr,llm_tokens_total",.xls,35407,ok,True,True,text,True,2,0,184,False,184,True,100+,Money/Amount,False,Financial Account Information,True,,ambiguous,True,yes,10727,structured_bde,roster_by_rowcount bde_llm_count_roster,False,False,0,0,0,0,0,0,7.721,False,True,True,,True,likely_no,no,5830,True,likely_non_responsive,True,,16557,.xls,81408,ok,True,True,text,True,2,0,184,False,184,True,100+,Money/Amount,False,Financial Account Information,True,,ambiguous,True,yes,7188,structured_bde,roster_by_rowcount bde_llm_count_roster,False,False,0,0,0,0,0,0,13.143,False,True,True,,True,likely_yes,yes,4171,True,structured_bde,False,,11359
CNG_Data2k_variance/files/Q00897.01-0000872784.PDF,nr,responsive,"llm_tokens,elapsed_s,s2_llm_responsiveness,s2_llm_responsive,s2_llm_tokens,s2_lane,s2_nr,llm_tokens_total",.pdf,129395,ok,True,True,text,True,4,0,66,False,2,False,50-100,Name | Address | Phone | Money/Amount,True,Contact Information | Financial Account Information,False,,ambiguous,True,yes,14342,standard,bde_llm_count,True,True,4,0,0,0,0,1,69.061,False,False,True,,True,likely_no,no,7565,True,likely_non_responsive,True,,21907,.pdf,129395,ok,True,True,text,True,4,0,66,False,2,False,50-100,Name | Address | Phone | Money/Amount,True,Contact Information | Financial Account Information,False,,ambiguous,True,yes,10729,standard,bde_llm_count,True,True,4,0,0,0,0,1,11.942,False,False,True,,True,likely_yes,yes,5953,True,structured_bde,False,,16682
CNG_Data2k_variance/files/Q00897.01-0000875092.XLSX,nr,responsive,"llm_tokens,elapsed_s,s2_llm_responsiveness,s2_llm_responsive,s2_llm_tokens,s2_lane,s2_nr,llm_tokens_total",.xlsx,59624,ok,True,True,text,True,1,0,76,False,76,True,50-100,Name,False,,True,,ambiguous,True,yes,8549,structured_bde,roster_by_rowcount bde_llm_count_roster,False,False,0,0,0,0,0,0,8.604,False,True,True,,True,likely_no,no,4813,True,likely_non_responsive,True,,13362,.xlsx,59624,ok,True,True,text,True,1,0,76,False,76,True,50-100,Name,False,,True,,ambiguous,True,yes,5010,structured_bde,roster_by_rowcount bde_llm_count_roster,False,False,0,0,0,0,0,0,5.741,False,True,True,,True,clear_yes,yes,3150,True,structured_bde,False,,8160
CNG_Data2k_variance/files/Q00897.01-0000878853.0002.PDF,nr,responsive,"estimated_entities,bde_person_count,bde_confirmed,entity_bucket,is_bde,llm_tokens,suggested_lane,detail,elapsed_s,bde_stage1,s2_llm_responsiveness,s2_llm_responsive,s2_llm_tokens,s2_is_bde,s2_lane,s2_nr,llm_tokens_total",.pdf,116074,ok,True,False,text,False,8,0,1,False,0,False,0-10,Name | Address | Phone,True,Contact Information,False,,ambiguous,True,yes,13710,standard,,False,False,0,0,0,0,0,0,3.293,False,False,True,,True,likely_no,no,13735,False,likely_non_responsive,True,,27445,.pdf,116074,ok,True,False,text,False,8,0,45,False,45,True,20-50,Name | Address | Phone,True,Contact Information,True,,ambiguous,True,yes,23067,bde,bde_llm_count_roster,False,False,0,0,0,0,0,0,6.364,False,True,True,,True,clear_yes,yes,12267,True,bde,False,,35334
CNG_Data2k_variance/files/Q00897.01-0000883949.PDF,nr,responsive,"estimated_entities,bde_person_count,entity_bucket,llm_tokens,detail,elapsed_s,s2_llm_responsiveness,s2_llm_responsive,s2_llm_tokens,s2_is_bde,s2_lane,s2_nr,llm_tokens_total",.pdf,3279595,ok,True,False,text,False,37,0,2,False,0,False,0-10,Name | Address | Phone | Money/Amount | Health | Demographic | Work-Related,True,Contact Information | Financial Account Information | Health-Related Information | Demographic Information | Work-Related Information,False,,ambiguous,True,yes,10412,standard,,False,False,0,0,0,0,0,0,60.822,False,False,True,,True,likely_no,no,10498,False,likely_non_responsive,True,,20910,.pdf,3279595,ok,True,False,text,False,37,0,57,False,2,False,50-100,Name | Address | Phone | Money/Amount | Health | Demographic | Work-Related,True,Contact Information | Financial Account Information | Health-Related Information | Demographic Information | Work-Related Information,False,,ambiguous,True,yes,16486,standard,bde_llm_count,False,False,0,0,0,0,0,0,9.431,False,False,True,,True,likely_yes,yes,8837,True,bde,False,,25323
CNG_Data2k_variance/files/Q00897.01-0000884417.PNG,nr,responsive,"entities_found,value_signal,ambiguity,llm_consulted,llm_responsive,llm_tokens,suggested_lane,elapsed_s,nr_stage1,s2_ran,s2_skip_reason,s2_llm_consulted,s2_llm_responsiveness,s2_llm_responsive,s2_llm_tokens,s2_lane,llm_tokens_total",.png,64172,ok,True,False,text,False,1,0,1,False,0,False,0-10,Money/Amount,False,Financial Account Information,False,,clear_non_responsive,False,,0,likely_non_responsive,,True,True,1,0,0,0,0,1,4.371,True,False,False,stage1_nr,False,,,0,False,,False,,0,.png,64172,ok,True,False,text,False,1,0,1,False,0,False,0-10,Name | Money/Amount,True,Financial Account Information,False,,ambiguous,True,yes,1933,standard,,True,True,1,0,0,0,0,1,6.749,False,False,True,,True,likely_yes,yes,2127,False,standard,False,,4060
CNG_Data2k_variance/files/Q00897.01-0000887334.PDF,nr,responsive,"estimated_entities,llm_tokens,elapsed_s,s2_llm_responsiveness,s2_llm_responsive,s2_llm_tokens,s2_lane,s2_nr,llm_tokens_total",.pdf,59982,ok,True,False,text,False,1,0,3,False,0,False,0-10,Name | Address | Email | Phone | Money/Amount | Demographic,True,Contact Information | Financial Account Information | Demographic Information,False,,ambiguous,True,yes,4397,standard,,False,False,0,0,0,0,0,0,3.913,False,False,True,,True,likely_no,no,4478,False,likely_non_responsive,True,,8875,.pdf,59982,ok,True,False,text,False,1,0,4,False,0,False,0-10,Name | Address | Email | Phone | Money/Amount | Demographic,True,Contact Information | Financial Account Information | Demographic Information,False,,ambiguous,True,yes,2617,standard,,False,False,0,0,0,0,0,0,2.586,False,False,True,,True,likely_yes,yes,2833,False,standard,False,,5450
CNG_Data2k_variance/files/Q00897.01-0000888126.PDF,nr,responsive,"entities_found,value_signal,ambiguity,llm_consulted,llm_responsive,llm_tokens,suggested_lane,elapsed_s,nr_stage1,s2_ran,s2_skip_reason,s2_llm_consulted,s2_llm_responsiveness,s2_llm_responsive,s2_llm_tokens,s2_lane,llm_tokens_total",.pdf,15015,ok,True,False,text,False,1,0,1,False,0,False,0-10,Money/Amount,False,Financial Account Information,False,,clear_non_responsive,False,,0,likely_non_responsive,,False,False,0,0,0,0,0,0,0.097,True,False,False,stage1_nr,False,,,0,False,,False,,0,.pdf,15015,ok,True,False,text,False,1,0,1,False,0,False,0-10,Name | Money/Amount,True,Financial Account Information,False,,ambiguous,True,yes,2642,standard,,False,False,0,0,0,0,0,0,2.414,False,False,True,,True,likely_yes,yes,2818,False,standard,False,,5460
CNG_Data2k_variance/files/Q00897.01-0000888517.PDF,responsive,undetermined,"status,searchable,text_extractable,page_or_sheet_count,estimated_entities,bde_person_count,entity_bucket,entities_found,value_signal,pi_categories,ambiguity,llm_tokens,suggested_lane,detail,elapsed_s,s2_ran,s2_skip_reason,s2_llm_consulted,s2_llm_responsiveness,s2_llm_responsive,s2_llm_tokens,s2_is_bde,s2_lane,llm_tokens_total",.pdf,3075319,ok,True,False,text,False,309,0,230,False,3,False,100+,Address | Phone | SSN | Money/Amount | Work-Related,True,Contact Information | Government-Issued Identification | Financial Account Information | Work-Related Information,False,,clear_responsive,False,,14489,standard,bde_llm_count,False,False,0,0,0,0,0,0,96.249,False,False,True,,True,clear_yes,yes,15427,True,bde,False,,29916,.pdf,3075319,timeout,False,False,,False,0,0,0,False,0,False,,,False,,False,,,False,,0,review_error,watchdog_killed,False,False,0,0,0,0,0,0,0.0,False,False,False,timeout,False,,,0,False,,False,,0
CNG_Data2k_variance/files/Q00897.01-0000889647.PDF,responsive,nr,"estimated_entities,entities_found,value_signal,ambiguity,llm_consulted,llm_responsive,llm_tokens,suggested_lane,elapsed_s,nr_stage1,s2_ran,s2_skip_reason,s2_llm_consulted,s2_llm_responsiveness,s2_llm_responsive,s2_llm_tokens,s2_lane,llm_tokens_total",.pdf,12298,ok,True,False,text,False,1,0,3,False,0,False,0-10,Name | Money/Amount,True,Financial Account Information,False,,ambiguous,True,yes,4202,standard,,False,False,0,0,0,0,0,0,2.928,False,False,True,,True,likely_yes,yes,4252,False,standard,False,,8454,.pdf,12298,ok,True,False,text,False,1,0,1,False,0,False,0-10,Money/Amount,False,Financial Account Information,False,,clear_non_responsive,False,,0,likely_non_responsive,,False,False,0,0,0,0,0,0,0.574,True,False,False,stage1_nr,False,,,0,False,,False,,0
CNG_Data2k_variance/files/Q00897.01-0000890817.PDF,nr,responsive,"estimated_entities,entities_found,value_signal,ambiguity,llm_consulted,llm_responsive,llm_tokens,suggested_lane,elapsed_s,nr_stage1,s2_ran,s2_skip_reason,s2_llm_consulted,s2_llm_responsiveness,s2_llm_responsive,s2_llm_tokens,s2_lane,llm_tokens_total",.pdf,11716,ok,True,False,text,False,2,0,1,False,0,False,0-10,Money/Amount,False,Financial Account Information,False,,clear_non_responsive,False,,0,likely_non_responsive,,False,False,0,0,0,0,0,0,0.129,True,False,False,stage1_nr,False,,,0,False,,False,,0,.pdf,11716,ok,True,False,text,False,2,0,2,False,0,False,0-10,Name | Money/Amount,True,Financial Account Information,False,,ambiguous,True,yes,2744,standard,,False,False,0,0,0,0,0,0,3.929,False,False,True,,True,clear_yes,yes,2934,False,standard,False,,5678
CNG_Data2k_variance/files/Q00897.01-0000890821.PDF,nr,responsive,"estimated_entities,bde_person_count,bde_confirmed,entity_bucket,entities_found,is_bde,ambiguity,llm_consulted,llm_responsive,llm_tokens,suggested_lane,detail,elapsed_s,nr_stage1,bde_stage1,s2_ran,s2_skip_reason,s2_llm_consulted,s2_llm_responsiveness,s2_llm_responsive,s2_llm_tokens,s2_is_bde,s2_lane,llm_tokens_total",.pdf,25170,ok,True,False,text,False,4,0,0,False,0,False,0-10,,False,,False,,clear_non_responsive,False,,0,likely_non_responsive,,False,False,0,0,0,0,0,0,0.272,True,False,False,stage1_nr,False,,,0,False,,False,,0,.pdf,25170,ok,True,False,text,False,4,0,40,False,40,True,20-50,Name,False,,True,,ambiguous,True,yes,8704,bde,bde_llm_count_roster,False,False,0,0,0,0,0,0,11.258,False,True,True,,True,likely_yes,yes,4923,True,bde,False,,13627
CNG_Data2k_variance/files/Q00897.01-0000892814.PDF,nr,responsive,"estimated_entities,entities_found,ambiguity,llm_consulted,llm_responsive,llm_tokens,suggested_lane,elapsed_s,nr_stage1,s2_ran,s2_skip_reason,s2_llm_consulted,s2_llm_responsiveness,s2_llm_responsive,s2_llm_tokens,s2_lane,llm_tokens_total",.pdf,36812,ok,True,False,text,False,4,0,0,False,0,False,0-10,,False,,False,,clear_non_responsive,False,,0,likely_non_responsive,,False,False,0,0,0,0,0,0,0.695,True,False,False,stage1_nr,False,,,0,False,,False,,0,.pdf,36812,ok,True,False,text,False,4,0,4,False,0,False,0-10,Name,False,,False,,ambiguous,True,yes,5613,standard,,False,False,0,0,0,0,0,0,5.411,False,False,True,,True,clear_yes,yes,5822,False,standard,False,,11435
CNG_Data2k_variance/files/Q00897.01-0000895891.PDF,nr,responsive,"estimated_entities,entities_found,value_signal,ambiguity,llm_consulted,llm_responsive,llm_tokens,suggested_lane,elapsed_s,nr_stage1,s2_ran,s2_skip_reason,s2_llm_consulted,s2_llm_responsiveness,s2_llm_responsive,s2_llm_tokens,s2_lane,llm_tokens_total",.pdf,15139,ok,True,False,text,False,2,0,1,False,0,False,0-10,Money/Amount,False,Financial Account Information,False,,clear_non_responsive,False,,0,likely_non_responsive,,False,False,0,0,0,0,0,0,0.099,True,False,False,stage1_nr,False,,,0,False,,False,,0,.pdf,15139,ok,True,False,text,False,2,0,2,False,0,False,0-10,Name | Money/Amount,True,Financial Account Information,False,,ambiguous,True,yes,2676,standard,,False,False,0,0,0,0,0,0,4.459,False,False,True,,True,likely_yes,yes,2850,False,standard,False,,5526
CNG_Data2k_variance/files/Q00897.01-0000896091.PDF,nr,responsive,"estimated_entities,entities_found,value_signal,ambiguity,llm_consulted,llm_responsive,llm_tokens,suggested_lane,elapsed_s,nr_stage1,s2_ran,s2_skip_reason,s2_llm_consulted,s2_llm_responsiveness,s2_llm_responsive,s2_llm_tokens,s2_lane,llm_tokens_total",.pdf,12810,ok,True,False,text,False,2,0,1,False,0,False,0-10,Money/Amount,False,Financial Account Information,False,,clear_non_responsive,False,,0,likely_non_responsive,,False,False,0,0,0,0,0,0,0.152,True,False,False,stage1_nr,False,,,0,False,,False,,0,.pdf,12810,ok,True,False,text,False,2,0,3,False,0,False,0-10,Name | Money/Amount,True,Financial Account Information,False,,ambiguous,True,yes,2969,standard,,False,False,0,0,0,0,0,0,3.347,False,False,True,,True,clear_yes,yes,3161,False,standard,False,,6130
CNG_Data2k_variance/files/Q00897.01-0000896389.PDF,nr,responsive,"estimated_entities,entities_found,value_signal,ambiguity,llm_consulted,llm_responsive,llm_tokens,suggested_lane,elapsed_s,nr_stage1,s2_ran,s2_skip_reason,s2_llm_consulted,s2_llm_responsiveness,s2_llm_responsive,s2_llm_tokens,s2_lane,llm_tokens_total",.pdf,13286,ok,True,False,text,False,2,0,1,False,0,False,0-10,Money/Amount,False,Financial Account Information,False,,clear_non_responsive,False,,0,likely_non_responsive,,False,False,0,0,0,0,0,0,0.148,True,False,False,stage1_nr,False,,,0,False,,False,,0,.pdf,13286,ok,True,False,text,False,2,0,4,False,0,False,0-10,Name | Money/Amount,True,Financial Account Information,False,,ambiguous,True,yes,3051,standard,,False,False,0,0,0,0,0,0,4.216,False,False,True,,True,clear_yes,yes,3259,False,standard,False,,6310
CNG_Data2k_variance/files/Q00897.01-0000896407.PDF,nr,responsive,"estimated_entities,entities_found,value_signal,ambiguity,llm_consulted,llm_responsive,llm_tokens,suggested_lane,elapsed_s,nr_stage1,s2_ran,s2_skip_reason,s2_llm_consulted,s2_llm_responsiveness,s2_llm_responsive,s2_llm_tokens,s2_lane,llm_tokens_total",.pdf,13285,ok,True,False,text,False,2,0,1,False,0,False,0-10,Money/Amount,False,Financial Account Information,False,,clear_non_responsive,False,,0,likely_non_responsive,,False,False,0,0,0,0,0,0,0.167,True,False,False,stage1_nr,False,,,0,False,,False,,0,.pdf,13285,ok,True,False,text,False,2,0,4,False,0,False,0-10,Name | Money/Amount,True,Financial Account Information,False,,ambiguous,True,yes,3053,standard,,False,False,0,0,0,0,0,0,3.299,False,False,True,,True,clear_yes,yes,3240,False,standard,False,,6293
CNG_Data2k_variance/files/Q00897.01-0000896515.PDF,nr,responsive,"estimated_entities,entities_found,value_signal,ambiguity,llm_consulted,llm_responsive,llm_tokens,suggested_lane,elapsed_s,nr_stage1,s2_ran,s2_skip_reason,s2_llm_consulted,s2_llm_responsiveness,s2_llm_responsive,s2_llm_tokens,s2_lane,llm_tokens_total",.pdf,13008,ok,True,False,text,False,2,0,1,False,0,False,0-10,Money/Amount,False,Financial Account Information,False,,clear_non_responsive,False,,0,likely_non_responsive,,False,False,0,0,0,0,0,0,0.148,True,False,False,stage1_nr,False,,,0,False,,False,,0,.pdf,13008,ok,True,False,text,False,2,0,3,False,0,False,0-10,Name | Money/Amount,True,Financial Account Information,False,,ambiguous,True,yes,3006,standard,,False,False,0,0,0,0,0,0,3.18,False,False,True,,True,clear_yes,yes,3195,False,standard,False,,6201
CNG_Data2k_variance/files/Q00897.01-0000896659.PDF,nr,responsive,"estimated_entities,entities_found,value_signal,ambiguity,llm_consulted,llm_responsive,llm_tokens,suggested_lane,elapsed_s,nr_stage1,s2_ran,s2_skip_reason,s2_llm_consulted,s2_llm_responsiveness,s2_llm_responsive,s2_llm_tokens,s2_lane,llm_tokens_total",.pdf,12907,ok,True,False,text,False,2,0,1,False,0,False,0-10,Money/Amount,False,Financial Account Information,False,,clear_non_responsive,False,,0,likely_non_responsive,,False,False,0,0,0,0,0,0,0.232,True,False,False,stage1_nr,False,,,0,False,,False,,0,.pdf,12907,ok,True,False,text,False,2,0,4,False,0,False,0-10,Name | Money/Amount,True,Financial Account Information,False,,ambiguous,True,yes,2968,standard,,False,False,0,0,0,0,0,0,2.857,False,False,True,,True,clear_yes,yes,3188,False,standard,False,,6156
CNG_Data2k_variance/files/Q00897.01-0000896835.PDF,nr,responsive,"estimated_entities,entities_found,value_signal,ambiguity,llm_consulted,llm_responsive,llm_tokens,suggested_lane,elapsed_s,nr_stage1,s2_ran,s2_skip_reason,s2_llm_consulted,s2_llm_responsiveness,s2_llm_responsive,s2_llm_tokens,s2_lane,llm_tokens_total",.pdf,13524,ok,True,False,text,False,2,0,1,False,0,False,0-10,Money/Amount,False,Financial Account Information,False,,clear_non_responsive,False,,0,likely_non_responsive,,False,False,0,0,0,0,0,0,0.15,True,False,False,stage1_nr,False,,,0,False,,False,,0,.pdf,13524,ok,True,False,text,False,2,0,2,False,0,False,0-10,Name | Money/Amount,True,Financial Account Information,False,,ambiguous,True,yes,3045,standard,,False,False,0,0,0,0,0,0,3.563,False,False,True,,True,clear_yes,yes,3247,False,standard,False,,6292
CNG_Data2k_variance/files/Q00897.01-0000896881.PDF,nr,responsive,"estimated_entities,entities_found,value_signal,ambiguity,llm_consulted,llm_responsive,llm_tokens,suggested_lane,elapsed_s,nr_stage1,s2_ran,s2_skip_reason,s2_llm_consulted,s2_llm_responsiveness,s2_llm_responsive,s2_llm_tokens,s2_lane,llm_tokens_total",.pdf,16331,ok,True,False,text,False,2,0,1,False,0,False,0-10,Money/Amount,False,Financial Account Information,False,,clear_non_responsive,False,,0,likely_non_responsive,,False,False,0,0,0,0,0,0,0.106,True,False,False,stage1_nr,False,,,0,False,,False,,0,.pdf,16331,ok,True,False,text,False,2,0,2,False,0,False,0-10,Name | Money/Amount,True,Financial Account Information,False,,ambiguous,True,yes,2868,standard,,False,False,0,0,0,0,0,0,2.643,False,False,True,,True,clear_yes,yes,3065,False,standard,False,,5933
CNG_Data2k_variance/files/Q00897.01-0000896917.PDF,nr,responsive,"estimated_entities,entities_found,value_signal,ambiguity,llm_consulted,llm_responsive,llm_tokens,suggested_lane,elapsed_s,nr_stage1,s2_ran,s2_skip_reason,s2_llm_consulted,s2_llm_responsiveness,s2_llm_responsive,s2_llm_tokens,s2_lane,llm_tokens_total",.pdf,17516,ok,True,False,text,False,3,0,1,False,0,False,0-10,Money/Amount,False,Financial Account Information,False,,clear_non_responsive,False,,0,likely_non_responsive,,False,False,0,0,0,0,0,0,0.112,True,False,False,stage1_nr,False,,,0,False,,False,,0,.pdf,17516,ok,True,False,text,False,3,0,2,False,0,False,0-10,Name | Money/Amount,True,Financial Account Information,False,,ambiguous,True,yes,3018,standard,,False,False,0,0,0,0,0,0,3.039,False,False,True,,True,clear_yes,yes,3186,False,standard,False,,6204
CNG_Data2k_variance/files/Q00897.01-0000896933.PDF,nr,responsive,"entities_found,value_signal,ambiguity,llm_consulted,llm_responsive,llm_tokens,suggested_lane,elapsed_s,nr_stage1,s2_ran,s2_skip_reason,s2_llm_consulted,s2_llm_responsiveness,s2_llm_responsive,s2_llm_tokens,s2_lane,llm_tokens_total",.pdf,16684,ok,True,False,text,False,2,0,1,False,0,False,0-10,Money/Amount,False,Financial Account Information,False,,clear_non_responsive,False,,0,likely_non_responsive,,False,False,0,0,0,0,0,0,0.104,True,False,False,stage1_nr,False,,,0,False,,False,,0,.pdf,16684,ok,True,False,text,False,2,0,1,False,0,False,0-10,Name | Money/Amount,True,Financial Account Information,False,,ambiguous,True,yes,2939,standard,,False,False,0,0,0,0,0,0,9.203,False,False,True,,True,clear_yes,yes,3131,False,standard,False,,6070
CNG_Data2k_variance/files/Q00897.01-0000897166.PDF,nr,responsive,"estimated_entities,entities_found,value_signal,ambiguity,llm_consulted,llm_responsive,llm_tokens,suggested_lane,elapsed_s,nr_stage1,s2_ran,s2_skip_reason,s2_llm_consulted,s2_llm_responsiveness,s2_llm_responsive,s2_llm_tokens,s2_lane,llm_tokens_total",.pdf,13784,ok,True,False,text,False,2,0,1,False,0,False,0-10,Money/Amount,False,Financial Account Information,False,,clear_non_responsive,False,,0,likely_non_responsive,,False,False,0,0,0,0,0,0,0.186,True,False,False,stage1_nr,False,,,0,False,,False,,0,.pdf,13784,ok,True,False,text,False,2,0,2,False,0,False,0-10,Name | Money/Amount,True,Financial Account Information,False,,ambiguous,True,yes,3079,standard,,False,False,0,0,0,0,0,0,8.47,False,False,True,,True,clear_yes,yes,3255,False,standard,False,,6334
CNG_Data2k_variance/files/Q00897.01-0000897194.PDF,nr,responsive,"estimated_entities,entities_found,value_signal,ambiguity,llm_consulted,llm_responsive,llm_tokens,suggested_lane,elapsed_s,nr_stage1,s2_ran,s2_skip_reason,s2_llm_consulted,s2_llm_responsiveness,s2_llm_responsive,s2_llm_tokens,s2_lane,llm_tokens_total",.pdf,13777,ok,True,False,text,False,2,0,1,False,0,False,0-10,Money/Amount,False,Financial Account Information,False,,clear_non_responsive,False,,0,likely_non_responsive,,False,False,0,0,0,0,0,0,0.164,True,False,False,stage1_nr,False,,,0,False,,False,,0,.pdf,13777,ok,True,False,text,False,2,0,2,False,0,False,0-10,Name | Money/Amount,True,Financial Account Information,False,,ambiguous,True,yes,3071,standard,,False,False,0,0,0,0,0,0,12.574,False,False,True,,True,clear_yes,yes,3254,False,standard,False,,6325
CNG_Data2k_variance/files/Q00897.01-0000897290.PDF,nr,responsive,"entities_found,value_signal,ambiguity,llm_consulted,llm_responsive,llm_tokens,suggested_lane,elapsed_s,nr_stage1,s2_ran,s2_skip_reason,s2_llm_consulted,s2_llm_responsiveness,s2_llm_responsive,s2_llm_tokens,s2_lane,llm_tokens_total",.pdf,16963,ok,True,False,text,False,2,0,1,False,0,False,0-10,Money/Amount,False,Financial Account Information,False,,clear_non_responsive,False,,0,likely_non_responsive,,False,False,0,0,0,0,0,0,0.121,True,False,False,stage1_nr,False,,,0,False,,False,,0,.pdf,16963,ok,True,False,text,False,2,0,1,False,0,False,0-10,Name | Money/Amount,True,Financial Account Information,False,,ambiguous,True,yes,3001,standard,,False,False,0,0,0,0,0,0,9.198,False,False,True,,True,clear_yes,yes,3184,False,standard,False,,6185
CNG_Data2k_variance/files/Q00897.01-0000898137.PDF,nr,responsive,"estimated_entities,entities_found,value_signal,ambiguity,llm_consulted,llm_responsive,llm_tokens,suggested_lane,elapsed_s,nr_stage1,s2_ran,s2_skip_reason,s2_llm_consulted,s2_llm_responsiveness,s2_llm_responsive,s2_llm_tokens,s2_lane,llm_tokens_total",.pdf,13331,ok,True,False,text,False,2,0,1,False,0,False,0-10,Money/Amount,False,Financial Account Information,False,,clear_non_responsive,False,,0,likely_non_responsive,,False,False,0,0,0,0,0,0,0.156,True,False,False,stage1_nr,False,,,0,False,,False,,0,.pdf,13331,ok,True,False,text,False,2,0,2,False,0,False,0-10,Name | Money/Amount,True,Financial Account Information,False,,ambiguous,True,yes,3047,standard,,False,False,0,0,0,0,0,0,2.52,False,False,True,,True,clear_yes,yes,3227,False,standard,False,,6274
CNG_Data2k_variance/files/Q00897.01-0000898435.PDF,nr,responsive,"entities_found,value_signal,ambiguity,llm_consulted,llm_responsive,llm_tokens,suggested_lane,elapsed_s,nr_stage1,s2_ran,s2_skip_reason,s2_llm_consulted,s2_llm_responsiveness,s2_llm_responsive,s2_llm_tokens,s2_lane,llm_tokens_total",.pdf,15633,ok,True,False,text,False,2,0,1,False,0,False,0-10,Money/Amount,False,Financial Account Information,False,,clear_non_responsive,False,,0,likely_non_responsive,,False,False,0,0,0,0,0,0,0.086,True,False,False,stage1_nr,False,,,0,False,,False,,0,.pdf,15633,ok,True,False,text,False,2,0,1,False,0,False,0-10,Name | Money/Amount,True,Financial Account Information,False,,ambiguous,True,yes,2734,standard,,False,False,0,0,0,0,0,0,2.794,False,False,True,,True,clear_yes,yes,2924,False,standard,False,,5658
CNG_Data2k_variance/files/Q00897.01-0000898493.PDF,nr,responsive,"estimated_entities,entities_found,value_signal,ambiguity,llm_consulted,llm_responsive,llm_tokens,suggested_lane,elapsed_s,nr_stage1,s2_ran,s2_skip_reason,s2_llm_consulted,s2_llm_responsiveness,s2_llm_responsive,s2_llm_tokens,s2_lane,llm_tokens_total",.pdf,13335,ok,True,False,text,False,2,0,1,False,0,False,0-10,Money/Amount,False,Financial Account Information,False,,clear_non_responsive,False,,0,likely_non_responsive,,False,False,0,0,0,0,0,0,0.232,True,False,False,stage1_nr,False,,,0,False,,False,,0,.pdf,13335,ok,True,False,text,False,2,0,2,False,0,False,0-10,Name | Money/Amount,True,Financial Account Information,False,,ambiguous,True,yes,3039,standard,,False,False,0,0,0,0,0,0,2.41,False,False,True,,True,clear_yes,yes,3224,False,standard,False,,6263
CNG_Data2k_variance/files/Q00897.01-0000898524.PDF,nr,responsive,"estimated_entities,bde_person_count,entity_bucket,llm_tokens,detail,elapsed_s,s2_llm_responsiveness,s2_llm_responsive,s2_llm_tokens,s2_is_bde,s2_lane,s2_nr,llm_tokens_total",.pdf,19670,ok,True,False,text,False,3,0,1,False,0,False,0-10,Name | Address | Phone | Money/Amount,True,Contact Information | Financial Account Information,False,,ambiguous,True,yes,5978,standard,,False,False,0,0,0,0,0,0,2.889,False,False,True,,True,likely_no,no,6059,False,likely_non_responsive,True,,12037,.pdf,19670,ok,True,False,text,False,3,0,18,False,1,False,10-20,Name | Address | Phone | Money/Amount,True,Contact Information | Financial Account Information,False,,ambiguous,True,yes,7696,standard,bde_llm_count,False,False,0,0,0,0,0,0,4.811,False,False,True,,True,likely_yes,yes,4470,True,bde,False,,12166
CNG_Data2k_variance/files/Q00897.01-0000898667.PDF,nr,responsive,"entities_found,value_signal,ambiguity,llm_consulted,llm_responsive,llm_tokens,suggested_lane,elapsed_s,nr_stage1,s2_ran,s2_skip_reason,s2_llm_consulted,s2_llm_responsiveness,s2_llm_responsive,s2_llm_tokens,s2_lane,llm_tokens_total",.pdf,11404,ok,True,False,text,False,2,0,1,False,0,False,0-10,Money/Amount,False,Financial Account Information,False,,clear_non_responsive,False,,0,likely_non_responsive,,False,False,0,0,0,0,0,0,0.09,True,False,False,stage1_nr,False,,,0,False,,False,,0,.pdf,11404,ok,True,False,text,False,2,0,1,False,0,False,0-10,Name | Money/Amount,True,Financial Account Information,False,,ambiguous,True,yes,2739,standard,,False,False,0,0,0,0,0,0,2.265,False,False,True,,True,clear_yes,yes,2903,False,standard,False,,5642
CNG_Data2k_variance/files/Q00897.01-0000898804.PDF,nr,responsive,"entities_found,value_signal,ambiguity,llm_consulted,llm_responsive,llm_tokens,suggested_lane,elapsed_s,nr_stage1,s2_ran,s2_skip_reason,s2_llm_consulted,s2_llm_responsiveness,s2_llm_responsive,s2_llm_tokens,s2_lane,llm_tokens_total",.pdf,11090,ok,True,False,text,False,2,0,1,False,0,False,0-10,Money/Amount,False,Financial Account Information,False,,clear_non_responsive,False,,0,likely_non_responsive,,False,False,0,0,0,0,0,0,0.079,True,False,False,stage1_nr,False,,,0,False,,False,,0,.pdf,11090,ok,True,False,text,False,2,0,1,False,0,False,0-10,Name | Money/Amount,True,Financial Account Information,False,,ambiguous,True,yes,2662,standard,,False,False,0,0,0,0,0,0,2.215,False,False,True,,True,likely_yes,yes,2852,False,standard,False,,5514
CNG_Data2k_variance/files/Q00897.01-0000899006.PDF,nr,responsive,"estimated_entities,entities_found,value_signal,ambiguity,llm_consulted,llm_responsive,llm_tokens,suggested_lane,elapsed_s,nr_stage1,s2_ran,s2_skip_reason,s2_llm_consulted,s2_llm_responsiveness,s2_llm_responsive,s2_llm_tokens,s2_lane,llm_tokens_total",.pdf,12826,ok,True,False,text,False,2,0,1,False,0,False,0-10,Money/Amount,False,Financial Account Information,False,,clear_non_responsive,False,,0,likely_non_responsive,,False,False,0,0,0,0,0,0,0.143,True,False,False,stage1_nr,False,,,0,False,,False,,0,.pdf,12826,ok,True,False,text,False,2,0,2,False,0,False,0-10,Name | Money/Amount,True,Financial Account Information,False,,ambiguous,True,yes,2991,standard,,False,False,0,0,0,0,0,0,2.42,False,False,True,,True,clear_yes,yes,3167,False,standard,False,,6158
CNG_Data2k_variance/files/Q00897.01-0000899060.PDF,nr,responsive,"entities_found,value_signal,ambiguity,llm_consulted,llm_responsive,llm_tokens,suggested_lane,elapsed_s,nr_stage1,s2_ran,s2_skip_reason,s2_llm_consulted,s2_llm_responsiveness,s2_llm_responsive,s2_llm_tokens,s2_lane,llm_tokens_total",.pdf,15392,ok,True,False,text,False,2,0,1,False,0,False,0-10,Money/Amount,False,Financial Account Information,False,,clear_non_responsive,False,,0,likely_non_responsive,,False,False,0,0,0,0,0,0,0.09,True,False,False,stage1_nr,False,,,0,False,,False,,0,.pdf,15392,ok,True,False,text,False,2,0,1,False,0,False,0-10,Name | Money/Amount,True,Financial Account Information,False,,ambiguous,True,yes,2730,standard,,False,False,0,0,0,0,0,0,2.321,False,False,True,,True,likely_yes,yes,2917,False,standard,False,,5647
CNG_Data2k_variance/files/Q00897.01-0000899068.PDF,nr,responsive,"entities_found,value_signal,ambiguity,llm_consulted,llm_responsive,llm_tokens,suggested_lane,elapsed_s,nr_stage1,s2_ran,s2_skip_reason,s2_llm_consulted,s2_llm_responsiveness,s2_llm_responsive,s2_llm_tokens,s2_lane,llm_tokens_total",.pdf,15363,ok,True,False,text,False,2,0,1,False,0,False,0-10,Money/Amount,False,Financial Account Information,False,,clear_non_responsive,False,,0,likely_non_responsive,,False,False,0,0,0,0,0,0,0.093,True,False,False,stage1_nr,False,,,0,False,,False,,0,.pdf,15363,ok,True,False,text,False,2,0,1,False,0,False,0-10,Name | Money/Amount,True,Financial Account Information,False,,ambiguous,True,yes,2733,standard,,False,False,0,0,0,0,0,0,2.689,False,False,True,,True,clear_yes,yes,2924,False,standard,False,,5657
CNG_Data2k_variance/files/Q00897.01-0000900279.PDF,nr,responsive,"estimated_entities,entities_found,value_signal,ambiguity,llm_consulted,llm_responsive,llm_tokens,suggested_lane,elapsed_s,nr_stage1,s2_ran,s2_skip_reason,s2_llm_consulted,s2_llm_responsiveness,s2_llm_responsive,s2_llm_tokens,s2_lane,llm_tokens_total",.pdf,15706,ok,True,False,text,False,2,0,1,False,0,False,0-10,Money/Amount,False,Financial Account Information,False,,clear_non_responsive,False,,0,likely_non_responsive,,False,False,0,0,0,0,0,0,0.093,True,False,False,stage1_nr,False,,,0,False,,False,,0,.pdf,15706,ok,True,False,text,False,2,0,2,False,0,False,0-10,Name | Money/Amount,True,Financial Account Information,False,,ambiguous,True,yes,2768,standard,,False,False,0,0,0,0,0,0,2.987,False,False,True,,True,clear_yes,yes,2946,False,standard,False,,5714
CNG_Data2k_variance/files/Q00897.01-0000901236.PDF,nr,responsive,"estimated_entities,entities_found,value_signal,ambiguity,llm_consulted,llm_responsive,llm_tokens,suggested_lane,elapsed_s,nr_stage1,s2_ran,s2_skip_reason,s2_llm_consulted,s2_llm_responsiveness,s2_llm_responsive,s2_llm_tokens,s2_lane,llm_tokens_total",.pdf,12697,ok,True,False,text,False,2,0,1,False,0,False,0-10,Money/Amount,False,Financial Account Information,False,,clear_non_responsive,False,,0,likely_non_responsive,,False,False,0,0,0,0,0,0,0.141,True,False,False,stage1_nr,False,,,0,False,,False,,0,.pdf,12697,ok,True,False,text,False,2,0,3,False,0,False,0-10,Name | Money/Amount,True,Financial Account Information,False,,ambiguous,True,yes,2960,standard,,False,False,0,0,0,0,0,0,3.035,False,False,True,,True,likely_yes,yes,3152,False,standard,False,,6112
CNG_Data2k_variance/files/Q00897.01-0000901445.PDF,responsive,nr,"estimated_entities,bde_person_count,entity_bucket,llm_tokens,detail,elapsed_s,s2_llm_responsiveness,s2_llm_responsive,s2_llm_tokens,s2_is_bde,s2_lane,s2_nr,llm_tokens_total",.pdf,18941,ok,True,False,text,False,3,0,1,False,0,False,0-10,Name | Address | Phone | Money/Amount,True,Contact Information | Financial Account Information,False,,ambiguous,True,yes,5725,standard,,False,False,0,0,0,0,0,0,3.056,False,False,True,,True,likely_yes,yes,5771,False,standard,False,,11496,.pdf,18941,ok,True,False,text,False,3,0,20,False,1,False,10-20,Name | Address | Phone | Money/Amount,True,Contact Information | Financial Account Information,False,,ambiguous,True,yes,7174,standard,bde_llm_count,False,False,0,0,0,0,0,0,5.081,False,False,True,,True,likely_no,no,4176,True,likely_non_responsive,True,,11350
CNG_Data2k_variance/files/Q00897.01-0000901537.PDF,nr,responsive,"estimated_entities,entities_found,value_signal,ambiguity,llm_consulted,llm_responsive,llm_tokens,suggested_lane,elapsed_s,nr_stage1,s2_ran,s2_skip_reason,s2_llm_consulted,s2_llm_responsiveness,s2_llm_responsive,s2_llm_tokens,s2_lane,llm_tokens_total",.pdf,12761,ok,True,False,text,False,2,0,1,False,0,False,0-10,Money/Amount,False,Financial Account Information,False,,clear_non_responsive,False,,0,likely_non_responsive,,False,False,0,0,0,0,0,0,0.14,True,False,False,stage1_nr,False,,,0,False,,False,,0,.pdf,12761,ok,True,False,text,False,2,0,3,False,0,False,0-10,Name | Money/Amount,True,Financial Account Information,False,,ambiguous,True,yes,2972,standard,,False,False,0,0,0,0,0,0,2.988,False,False,True,,True,clear_yes,yes,3197,False,standard,False,,6169
CNG_Data2k_variance/files/Q00897.01-0000901770.PDF,nr,responsive,"estimated_entities,bde_person_count,entity_bucket,llm_tokens,detail,elapsed_s,s2_llm_responsiveness,s2_llm_responsive,s2_llm_tokens,s2_is_bde,s2_lane,s2_nr,llm_tokens_total",.pdf,19806,ok,True,False,text,False,3,0,1,False,0,False,0-10,Name | Address | Phone | Money/Amount,True,Contact Information | Financial Account Information,False,,ambiguous,True,yes,5750,standard,,False,False,0,0,0,0,0,0,4.153,False,False,True,,True,likely_no,no,5808,False,likely_non_responsive,True,,11558,.pdf,19806,ok,True,False,text,False,3,0,17,False,1,False,10-20,Name | Address | Phone | Money/Amount,True,Contact Information | Financial Account Information,False,,ambiguous,True,yes,7254,standard,bde_llm_count,False,False,0,0,0,0,0,0,4.339,False,False,True,,True,likely_yes,yes,4225,True,bde,False,,11479
CNG_Data2k_variance/files/Q00897.01-0000901833.PDF,nr,responsive,"estimated_entities,bde_person_count,entity_bucket,llm_tokens,detail,elapsed_s,s2_llm_responsiveness,s2_llm_responsive,s2_llm_tokens,s2_is_bde,s2_lane,s2_nr,llm_tokens_total",.pdf,19918,ok,True,False,text,False,3,0,1,False,0,False,0-10,Name | Address | Phone | Money/Amount,True,Contact Information | Financial Account Information,False,,ambiguous,True,yes,5739,standard,,False,False,0,0,0,0,0,0,2.723,False,False,True,,True,likely_no,no,5819,False,likely_non_responsive,True,,11558,.pdf,19918,ok,True,False,text,False,3,0,17,False,1,False,10-20,Name | Address | Phone | Money/Amount,True,Contact Information | Financial Account Information,False,,ambiguous,True,yes,7265,standard,bde_llm_count,False,False,0,0,0,0,0,0,3.627,False,False,True,,True,likely_yes,yes,4246,True,bde,False,,11511
CNG_Data2k_variance/files/Q00897.01-0000902569.PDF,nr,responsive,"entities_found,value_signal,ambiguity,llm_consulted,llm_responsive,llm_tokens,suggested_lane,elapsed_s,nr_stage1,s2_ran,s2_skip_reason,s2_llm_consulted,s2_llm_responsiveness,s2_llm_responsive,s2_llm_tokens,s2_lane,llm_tokens_total",.pdf,15246,ok,True,False,text,False,2,0,1,False,0,False,0-10,Money/Amount,False,Financial Account Information,False,,clear_non_responsive,False,,0,likely_non_responsive,,False,False,0,0,0,0,0,0,0.083,True,False,False,stage1_nr,False,,,0,False,,False,,0,.pdf,15246,ok,True,False,text,False,2,0,1,False,0,False,0-10,Name | Money/Amount,True,Financial Account Information,False,,ambiguous,True,yes,2686,standard,,False,False,0,0,0,0,0,0,2.504,False,False,True,,True,clear_yes,yes,2866,False,standard,False,,5552
CNG_Data2k_variance/files/Q00897.01-0000903528.PDF,nr,responsive,"estimated_entities,entities_found,value_signal,ambiguity,llm_consulted,llm_responsive,llm_tokens,suggested_lane,elapsed_s,nr_stage1,s2_ran,s2_skip_reason,s2_llm_consulted,s2_llm_responsiveness,s2_llm_responsive,s2_llm_tokens,s2_lane,llm_tokens_total",.pdf,12773,ok,True,False,text,False,2,0,1,False,0,False,0-10,Money/Amount,False,Financial Account Information,False,,clear_non_responsive,False,,0,likely_non_responsive,,False,False,0,0,0,0,0,0,0.136,True,False,False,stage1_nr,False,,,0,False,,False,,0,.pdf,12773,ok,True,False,text,False,2,0,3,False,0,False,0-10,Name | Money/Amount,True,Financial Account Information,False,,ambiguous,True,yes,2970,standard,,False,False,0,0,0,0,0,0,4.847,False,False,True,,True,clear_yes,yes,3186,False,standard,False,,6156
CNG_Data2k_variance/files/Q00897.01-0000903720.PDF,nr,responsive,"estimated_entities,entities_found,value_signal,ambiguity,llm_consulted,llm_responsive,llm_tokens,suggested_lane,elapsed_s,nr_stage1,s2_ran,s2_skip_reason,s2_llm_consulted,s2_llm_responsiveness,s2_llm_responsive,s2_llm_tokens,s2_lane,llm_tokens_total",.pdf,11130,ok,True,False,text,False,2,0,1,False,0,False,0-10,Money/Amount,False,Financial Account Information,False,,clear_non_responsive,False,,0,likely_non_responsive,,False,False,0,0,0,0,0,0,0.079,True,False,False,stage1_nr,False,,,0,False,,False,,0,.pdf,11130,ok,True,False,text,False,2,0,3,False,0,False,0-10,Name | Money/Amount,True,Financial Account Information,False,,ambiguous,True,yes,2692,standard,,False,False,0,0,0,0,0,0,2.32,False,False,True,,True,clear_yes,yes,2875,False,standard,False,,5567
CNG_Data2k_variance/files/Q00897.01-0000905102.PDF,nr,responsive,"estimated_entities,entities_found,value_signal,ambiguity,llm_consulted,llm_responsive,llm_tokens,suggested_lane,elapsed_s,nr_stage1,s2_ran,s2_skip_reason,s2_llm_consulted,s2_llm_responsiveness,s2_llm_responsive,s2_llm_tokens,s2_lane,llm_tokens_total",.pdf,15715,ok,True,False,text,False,2,0,1,False,0,False,0-10,Money/Amount,False,Financial Account Information,False,,clear_non_responsive,False,,0,likely_non_responsive,,False,False,0,0,0,0,0,0,0.089,True,False,False,stage1_nr,False,,,0,False,,False,,0,.pdf,15715,ok,True,False,text,False,2,0,2,False,0,False,0-10,Name | Money/Amount,True,Financial Account Information,False,,ambiguous,True,yes,2761,standard,,False,False,0,0,0,0,0,0,2.401,False,False,True,,True,likely_yes,yes,2942,False,standard,False,,5703
CNG_Data2k_variance/files/Q00897.01-0000907336.PDF,responsive,nr,"estimated_entities,bde_person_count,entity_bucket,llm_tokens,detail,elapsed_s,s2_llm_responsiveness,s2_llm_responsive,s2_llm_tokens,s2_is_bde,s2_lane,s2_nr,llm_tokens_total",.pdf,24276,ok,True,False,text,False,6,0,1,False,0,False,0-10,Name | Address | Phone,True,Contact Information,False,,ambiguous,True,yes,6521,standard,,False,False,0,0,0,0,0,0,3.132,False,False,True,,True,likely_yes,yes,6597,False,standard,False,,13118,.pdf,24276,ok,True,False,text,False,6,0,18,False,1,False,10-20,Name | Address | Phone,True,Contact Information,False,,ambiguous,True,yes,8925,standard,bde_llm_count,False,False,0,0,0,0,0,0,5.955,False,False,True,,True,likely_no,no,5042,True,likely_non_responsive,True,,13967
CNG_Data2k_variance/files/Q00897.01-0000907776.PDF,responsive,undetermined,"status,searchable,text_extractable,page_or_sheet_count,estimated_entities,bde_person_count,bde_confirmed,entity_bucket,entities_found,value_signal,pi_categories,is_bde,ambiguity,llm_tokens,suggested_lane,detail,elapsed_s,bde_stage1,s2_ran,s2_skip_reason,s2_llm_consulted,s2_llm_responsiveness,s2_llm_responsive,s2_llm_tokens,s2_is_bde,s2_lane,llm_tokens_total",.pdf,5001044,ok,True,False,text,False,577,0,409,False,409,True,100+,Address | Phone | SSN | Money/Amount | Work-Related,True,Contact Information | Government-Issued Identification | Financial Account Information | Work-Related Information,True,,clear_responsive,False,,14269,bde,bde_llm_count_roster,False,False,0,0,0,0,0,0,177.793,False,True,True,,True,clear_yes,yes,15369,True,bde,False,,29638,.pdf,5001044,timeout,False,False,,False,0,0,0,False,0,False,,,False,,False,,,False,,0,review_error,watchdog_killed,False,False,0,0,0,0,0,0,0.0,False,False,False,timeout,False,,,0,False,,False,,0
CNG_Data2k_variance/files/Q00897.01-0000907809.PDF,responsive,undetermined,"status,searchable,text_extractable,page_or_sheet_count,estimated_entities,bde_person_count,bde_confirmed,entity_bucket,entities_found,value_signal,pi_categories,is_bde,ambiguity,llm_tokens,suggested_lane,detail,img_ocr_qualifying,img_ocr_calls,img_ocr_ok,di_calls,elapsed_s,bde_stage1,s2_ran,s2_skip_reason,s2_llm_consulted,s2_llm_responsiveness,s2_llm_responsive,s2_llm_tokens,s2_is_bde,s2_lane,llm_tokens_total",.pdf,2294716,ok,True,False,text,False,466,0,386,False,6,True,100+,Name | Address | Phone | SSN | Payment Card | Money/Amount | Work-Related,True,Contact Information | Government-Issued Identification | Financial Account Information | Work-Related Information,True,,clear_responsive,False,,12918,bde,"img_ocr:p1,p1,p1,p1,p1,p4,p4,p11,p28,p29,p31,p32(12/13,+311chars) bde_llm_count_roster",False,False,0,13,13,12,0,13,83.043,False,True,True,,True,clear_yes,yes,13925,True,bde,False,,26843,.pdf,2294716,timeout,False,False,,False,0,0,0,False,0,False,,,False,,False,,,False,,0,review_error,watchdog_killed,False,False,0,0,0,0,0,0,0.0,False,False,False,timeout,False,,,0,False,,False,,0
CNG_Data2k_variance/files/Q00897.01-0000908411.PDF,nr,responsive,"estimated_entities,bde_person_count,bde_confirmed,entity_bucket,entities_found,is_bde,ambiguity,llm_consulted,llm_responsive,llm_tokens,suggested_lane,detail,elapsed_s,nr_stage1,bde_stage1,s2_ran,s2_skip_reason,s2_llm_consulted,s2_llm_responsiveness,s2_llm_responsive,s2_llm_tokens,s2_is_bde,s2_lane,llm_tokens_total",.pdf,90697,ok,True,False,text,False,10,0,0,False,0,False,0-10,,False,,False,,clear_non_responsive,False,,0,likely_non_responsive,,False,False,0,0,0,0,0,0,1.753,True,False,False,stage1_nr,False,,,0,False,,False,,0,.pdf,90697,ok,True,False,text,False,10,0,12,False,6,True,10-20,Name,False,,True,,ambiguous,True,yes,27015,bde,bde_llm_count_roster,False,False,0,0,0,0,0,0,18.406,False,True,True,,True,clear_yes,yes,14160,True,bde,False,,41175
CNG_Data2k_variance/files/Q00897.01-0000908856.PDF,responsive,undetermined,"status,searchable,text_extractable,page_or_sheet_count,estimated_entities,bde_person_count,bde_confirmed,entity_bucket,entities_found,value_signal,pi_categories,is_bde,ambiguity,llm_tokens,suggested_lane,detail,elapsed_s,bde_stage1,s2_ran,s2_skip_reason,s2_llm_consulted,s2_llm_responsiveness,s2_llm_responsive,s2_llm_tokens,s2_is_bde,s2_lane,llm_tokens_total",.pdf,5594465,ok,True,False,text,False,657,0,488,False,5,True,100+,Address | Phone | SSN | Money/Amount | Work-Related,True,Contact Information | Government-Issued Identification | Financial Account Information | Work-Related Information,True,,clear_responsive,False,,14232,bde,bde_llm_count_roster,False,False,0,0,0,0,0,0,202.469,False,True,True,,True,clear_yes,yes,15177,True,bde,False,,29409,.pdf,5594465,timeout,False,False,,False,0,0,0,False,0,False,,,False,,False,,,False,,0,review_error,watchdog_killed,False,False,0,0,0,0,0,0,0.0,False,False,False,timeout,False,,,0,False,,False,,0
CNG_Data2k_variance/files/Q00897.01-0000909406.PDF,responsive,undetermined,"status,searchable,text_extractable,page_or_sheet_count,estimated_entities,bde_person_count,bde_confirmed,entity_bucket,entities_found,value_signal,pi_categories,is_bde,ambiguity,llm_tokens,suggested_lane,detail,elapsed_s,bde_stage1,s2_ran,s2_skip_reason,s2_llm_consulted,s2_llm_responsiveness,s2_llm_responsive,s2_llm_tokens,s2_is_bde,s2_lane,llm_tokens_total",.pdf,6211044,ok,True,False,text,False,701,0,512,False,5,True,100+,Address | Phone | SSN | Money/Amount | Work-Related,True,Contact Information | Government-Issued Identification | Financial Account Information | Work-Related Information,True,,clear_responsive,False,,14257,bde,bde_llm_count_roster,False,False,0,0,0,0,0,0,215.378,False,True,True,,True,clear_yes,yes,15184,True,bde,False,,29441,.pdf,6211044,timeout,False,False,,False,0,0,0,False,0,False,,,False,,False,,,False,,0,review_error,watchdog_killed,False,False,0,0,0,0,0,0,0.0,False,False,False,timeout,False,,,0,False,,False,,0
CNG_Data2k_variance/files/Q00897.01-0000909515.PDF,responsive,undetermined,"status,searchable,text_extractable,page_or_sheet_count,estimated_entities,bde_person_count,bde_confirmed,entity_bucket,entities_found,value_signal,pi_categories,is_bde,ambiguity,llm_tokens,suggested_lane,detail,elapsed_s,bde_stage1,s2_ran,s2_skip_reason,s2_llm_consulted,s2_llm_responsiveness,s2_llm_responsive,s2_llm_tokens,s2_is_bde,s2_lane,llm_tokens_total",.pdf,6271480,ok,True,False,text,False,705,0,510,False,510,True,100+,Address | Phone | SSN | Money/Amount | Work-Related,True,Contact Information | Government-Issued Identification | Financial Account Information | Work-Related Information,True,,clear_responsive,False,,14354,bde,bde_llm_count_roster,False,False,0,0,0,0,0,0,240.486,False,True,True,,True,clear_yes,yes,15406,True,bde,False,,29760,.pdf,6271480,timeout,False,False,,False,0,0,0,False,0,False,,,False,,False,,,False,,0,review_error,watchdog_killed,False,False,0,0,0,0,0,0,0.0,False,False,False,timeout,False,,,0,False,,False,,0
CNG_Data2k_variance/files/Q00897.01-0000909586.PDF,responsive,undetermined,"status,searchable,text_extractable,page_or_sheet_count,estimated_entities,bde_person_count,bde_confirmed,entity_bucket,entities_found,value_signal,pi_categories,is_bde,ambiguity,llm_tokens,suggested_lane,detail,elapsed_s,bde_stage1,s2_ran,s2_skip_reason,s2_llm_consulted,s2_llm_responsiveness,s2_llm_responsive,s2_llm_tokens,s2_is_bde,s2_lane,llm_tokens_total",.pdf,6425697,ok,True,False,text,False,716,0,509,False,5,True,100+,Address | Phone | SSN | Money/Amount | Work-Related,True,Contact Information | Government-Issued Identification | Financial Account Information | Work-Related Information,True,,clear_responsive,False,,14351,bde,bde_llm_count_roster,False,False,0,0,0,0,0,0,222.009,False,True,True,,True,clear_yes,yes,15289,True,bde,False,,29640,.pdf,6425697,timeout,False,False,,False,0,0,0,False,0,False,,,False,,False,,,False,,0,review_error,watchdog_killed,False,False,0,0,0,0,0,0,0.0,False,False,False,timeout,False,,,0,False,,False,,0
CNG_Data2k_variance/files/Q00897.01-0000909631.PDF,responsive,undetermined,"status,searchable,text_extractable,page_or_sheet_count,estimated_entities,bde_person_count,bde_confirmed,entity_bucket,entities_found,value_signal,pi_categories,is_bde,ambiguity,llm_tokens,suggested_lane,detail,img_ocr_qualifying,img_ocr_calls,img_ocr_ok,di_calls,elapsed_s,bde_stage1,s2_ran,s2_skip_reason,s2_llm_consulted,s2_llm_responsiveness,s2_llm_responsive,s2_llm_tokens,s2_is_bde,s2_lane,llm_tokens_total",.pdf,2744976,ok,True,False,text,False,516,0,495,False,495,True,100+,Name | Address | Phone | SSN | Money/Amount | Work-Related,True,Contact Information | Government-Issued Identification | Financial Account Information | Work-Related Information,True,,clear_responsive,False,,12946,bde,"img_ocr:p1,p1,p1,p1,p1,p6,p6,p7,p9,p11,p22,p24,p29(13/14,+355chars) bde_llm_count_roster",False,False,0,14,14,13,0,14,92.732,False,True,True,,True,clear_yes,yes,14058,True,bde,False,,27004,.pdf,2744976,timeout,False,False,,False,0,0,0,False,0,False,,,False,,False,,,False,,0,review_error,watchdog_killed,False,False,0,0,0,0,0,0,0.0,False,False,False,timeout,False,,,0,False,,False,,0
CNG_Data2k_variance/files/Q00897.01-0000910073.PDF,nr,responsive,"estimated_entities,entities_found,value_signal,ambiguity,llm_consulted,llm_responsive,llm_tokens,suggested_lane,elapsed_s,nr_stage1,s2_ran,s2_skip_reason,s2_llm_consulted,s2_llm_responsiveness,s2_llm_responsive,s2_llm_tokens,s2_lane,llm_tokens_total",.pdf,14062,ok,True,False,text,False,2,0,1,False,0,False,0-10,Money/Amount,False,Financial Account Information,False,,clear_non_responsive,False,,0,likely_non_responsive,,False,False,0,0,0,0,0,0,0.168,True,False,False,stage1_nr,False,,,0,False,,False,,0,.pdf,14062,ok,True,False,text,False,2,0,2,False,0,False,0-10,Name | Money/Amount,True,Financial Account Information,False,,ambiguous,True,yes,3141,standard,,False,False,0,0,0,0,0,0,4.254,False,False,True,,True,clear_yes,yes,3314,False,standard,False,,6455
CNG_Data2k_variance/files/Q00897.01-0000910568.PDF,nr,responsive,"estimated_entities,bde_person_count,bde_confirmed,entity_bucket,entities_found,value_signal,is_bde,ambiguity,llm_consulted,llm_responsive,llm_tokens,suggested_lane,detail,elapsed_s,nr_stage1,bde_stage1,s2_ran,s2_skip_reason,s2_llm_consulted,s2_llm_responsiveness,s2_llm_responsive,s2_llm_tokens,s2_is_bde,s2_lane,llm_tokens_total",.pdf,241128,ok,True,False,text,False,42,0,1,False,0,False,0-10,Money/Amount,False,Financial Account Information,False,,clear_non_responsive,False,,0,likely_non_responsive,,False,False,0,0,0,0,0,0,3.766,True,False,False,stage1_nr,False,,,0,False,,False,,0,.pdf,241128,ok,True,False,text,False,42,0,22,False,22,True,20-50,Name | Money/Amount,True,Financial Account Information,True,,ambiguous,True,yes,26154,bde,bde_llm_count_roster,False,False,0,0,0,0,0,0,31.18,False,True,True,,True,likely_yes,yes,13718,True,bde,False,,39872
CNG_Data2k_variance/files/Q00897.01-0000910677.PDF,nr,responsive,"estimated_entities,bde_person_count,bde_confirmed,entity_bucket,entities_found,value_signal,is_bde,ambiguity,llm_consulted,llm_responsive,llm_tokens,suggested_lane,detail,elapsed_s,nr_stage1,bde_stage1,s2_ran,s2_skip_reason,s2_llm_consulted,s2_llm_responsiveness,s2_llm_responsive,s2_llm_tokens,s2_is_bde,s2_lane,llm_tokens_total",.pdf,240495,ok,True,False,text,False,33,0,1,False,0,False,0-10,Money/Amount,False,Financial Account Information,False,,clear_non_responsive,False,,0,likely_non_responsive,,False,False,0,0,0,0,0,0,4.608,True,False,False,stage1_nr,False,,,0,False,,False,,0,.pdf,240495,ok,True,False,text,False,33,0,55,False,55,True,50-100,Name | Money/Amount,True,Financial Account Information,True,,ambiguous,True,yes,30853,bde,bde_llm_count_roster,False,False,0,0,0,0,0,0,65.973,False,True,True,,True,clear_yes,yes,16170,True,bde,False,,47023
CNG_Data2k_variance/files/Q00897.01-0000910852.PDF,responsive,nr,"estimated_entities,bde_person_count,bde_confirmed,is_bde,llm_tokens,suggested_lane,detail,elapsed_s,bde_stage1,s2_llm_responsiveness,s2_llm_responsive,s2_llm_tokens,s2_is_bde,s2_lane,s2_nr,llm_tokens_total",.pdf,10345,ok,True,False,text,False,1,0,6,False,0,False,0-10,Name | Phone | Money/Amount,True,Contact Information | Financial Account Information,False,,ambiguous,True,yes,4116,standard,,False,False,0,0,0,0,0,0,3.998,False,False,True,,True,likely_yes,yes,4178,False,standard,False,,8294,.pdf,10345,ok,True,False,text,False,1,0,7,False,7,True,0-10,Name | Phone | Money/Amount,True,Contact Information | Financial Account Information,True,,ambiguous,True,yes,4128,bde,bde_llm_count_roster,False,False,0,0,0,0,0,0,5.232,False,True,True,,True,borderline,no,2634,True,likely_non_responsive,True,,6762
CNG_Data2k_variance/files/Q00897.01-0000911491.PDF,nr,responsive,"estimated_entities,entities_found,value_signal,ambiguity,llm_consulted,llm_responsive,llm_tokens,suggested_lane,elapsed_s,nr_stage1,s2_ran,s2_skip_reason,s2_llm_consulted,s2_llm_responsiveness,s2_llm_responsive,s2_llm_tokens,s2_lane,llm_tokens_total",.pdf,13875,ok,True,False,text,False,2,0,1,False,0,False,0-10,Money/Amount,False,Financial Account Information,False,,clear_non_responsive,False,,0,likely_non_responsive,,False,False,0,0,0,0,0,0,0.155,True,False,False,stage1_nr,False,,,0,False,,False,,0,.pdf,13875,ok,True,False,text,False,2,0,2,False,0,False,0-10,Name | Money/Amount,True,Financial Account Information,False,,ambiguous,True,yes,3130,standard,,False,False,0,0,0,0,0,0,4.507,False,False,True,,True,clear_yes,yes,3358,False,standard,False,,6488
CNG_Data2k_variance/files/Q00897.01-0000911631.PDF,nr,responsive,"estimated_entities,entities_found,ambiguity,llm_consulted,llm_responsive,llm_tokens,suggested_lane,elapsed_s,nr_stage1,s2_ran,s2_skip_reason,s2_llm_consulted,s2_llm_responsiveness,s2_llm_responsive,s2_llm_tokens,s2_lane,llm_tokens_total",.pdf,9859,ok,True,False,text,False,2,0,0,False,0,False,0-10,,False,,False,,clear_non_responsive,False,,0,likely_non_responsive,,False,False,0,0,0,0,0,0,0.039,True,False,False,stage1_nr,False,,,0,False,,False,,0,.pdf,9859,ok,True,False,text,False,2,0,1,False,0,False,0-10,Name,False,,False,,ambiguous,True,yes,2297,standard,,False,False,0,0,0,0,0,0,2.464,False,False,True,,True,clear_yes,yes,2476,False,standard,False,,4773
CNG_Data2k_variance/files/Q00897.01-0000912028.PDF,nr,responsive,"estimated_entities,bde_person_count,bde_confirmed,entity_bucket,entities_found,is_bde,ambiguity,llm_consulted,llm_responsive,llm_tokens,suggested_lane,detail,elapsed_s,nr_stage1,bde_stage1,s2_ran,s2_skip_reason,s2_llm_consulted,s2_llm_responsiveness,s2_llm_responsive,s2_llm_tokens,s2_is_bde,s2_lane,llm_tokens_total",.pdf,379211,ok,True,False,text,False,47,0,0,False,0,False,0-10,,False,,False,,clear_non_responsive,False,,0,likely_non_responsive,,False,False,0,0,0,0,0,0,5.202,True,False,False,stage1_nr,False,,,0,False,,False,,0,.pdf,379211,ok,True,False,text,False,47,0,266,False,266,True,100+,Name,False,,True,,ambiguous,True,yes,24970,bde,bde_llm_count_roster,False,False,0,0,0,0,0,0,18.272,False,True,True,,True,clear_yes,yes,13281,True,bde,False,,38251
CNG_Data2k_variance/files/Q00897.01-0000912528.PDF,nr,responsive,"estimated_entities,entities_found,ambiguity,llm_consulted,llm_responsive,llm_tokens,suggested_lane,elapsed_s,nr_stage1,s2_ran,s2_skip_reason,s2_llm_consulted,s2_llm_responsiveness,s2_llm_responsive,s2_llm_tokens,s2_lane,llm_tokens_total",.pdf,110890,ok,True,False,text,False,3,0,0,False,0,False,0-10,,False,,False,,clear_non_responsive,False,,0,likely_non_responsive,,False,False,0,0,0,0,0,0,0.229,True,False,False,stage1_nr,False,,,0,False,,False,,0,.pdf,110890,ok,True,False,text,False,3,0,5,False,0,False,0-10,Name,False,,False,,ambiguous,True,yes,3686,standard,,False,False,0,0,0,0,0,0,2.895,False,False,True,,True,clear_yes,yes,3880,False,standard,False,,7566
CNG_Data2k_variance/files/Q00897.01-0000913051.PDF,nr,responsive,"estimated_entities,bde_person_count,bde_confirmed,entities_found,is_bde,ambiguity,llm_consulted,llm_responsive,llm_tokens,suggested_lane,detail,elapsed_s,nr_stage1,bde_stage1,s2_ran,s2_skip_reason,s2_llm_consulted,s2_llm_responsiveness,s2_llm_responsive,s2_llm_tokens,s2_is_bde,s2_lane,llm_tokens_total",.pdf,108618,ok,True,False,text,False,3,0,0,False,0,False,0-10,,False,,False,,clear_non_responsive,False,,0,likely_non_responsive,,False,False,0,0,0,0,0,0,0.179,True,False,False,stage1_nr,False,,,0,False,,False,,0,.pdf,108618,ok,True,False,text,False,3,0,8,False,2,True,0-10,Name,False,,True,,ambiguous,True,yes,5406,bde,bde_llm_count_roster,False,False,0,0,0,0,0,0,3.957,False,True,True,,True,clear_yes,yes,3297,True,bde,False,,8703
CNG_Data2k_variance/files/Q00897.01-0000914327.PDF,nr,responsive,"estimated_entities,entities_found,elapsed_s,s2_llm_responsiveness,s2_llm_responsive,s2_llm_tokens,s2_lane,s2_nr,llm_tokens_total",.pdf,322333,ok,True,False,text,False,3,0,1,False,0,False,0-10,Phone | SSN | Money/Amount | Work-Related,True,Contact Information | Government-Issued Identification | Financial Account Information | Work-Related Information,False,,clear_responsive,False,,0,standard,"img_ocr:p3(1/1,+6chars)",False,False,0,1,1,1,0,1,6.458,False,False,True,,True,likely_no,no,6512,False,likely_non_responsive,True,,6512,.pdf,322333,ok,True,False,text,False,3,0,2,False,0,False,0-10,Name | Phone | SSN | Money/Amount | Work-Related,True,Contact Information | Government-Issued Identification | Financial Account Information | Work-Related Information,False,,clear_responsive,False,,0,standard,"img_ocr:p3(1/1,+6chars)",False,False,0,1,1,1,0,1,6.016,False,False,True,,True,likely_yes,yes,4874,False,standard,False,,4874
CNG_Data2k_variance/files/Q00897.01-0000916340.PDF,nr,responsive,"estimated_entities,entities_found,value_signal,ambiguity,llm_consulted,llm_responsive,llm_tokens,suggested_lane,elapsed_s,nr_stage1,s2_ran,s2_skip_reason,s2_llm_consulted,s2_llm_responsiveness,s2_llm_responsive,s2_llm_tokens,s2_lane,llm_tokens_total",.pdf,221059,ok,True,False,text,False,2,0,1,False,0,False,0-10,Money/Amount,False,Financial Account Information,False,,clear_non_responsive,False,,0,likely_non_responsive,,False,False,0,0,0,0,0,0,0.151,True,False,False,stage1_nr,False,,,0,False,,False,,0,.pdf,221059,ok,True,False,text,False,2,0,4,False,0,False,0-10,Name | Money/Amount,True,Financial Account Information,False,,ambiguous,True,yes,2585,standard,,False,False,0,0,0,0,0,0,3.26,False,False,True,,True,clear_yes,yes,2774,False,standard,False,,5359
CNG_Data2k_variance/files/Q00897.01-0000916868.PDF,nr,responsive,"bde_person_count,llm_tokens,elapsed_s,s2_llm_responsiveness,s2_llm_responsive,s2_llm_tokens,s2_is_bde,s2_lane,s2_nr,llm_tokens_total",.pdf,990630,ok,True,True,text,True,6,0,7,False,4,False,0-10,Name | Address | Email | Phone | Money/Amount | Health | Work-Related,True,Contact Information | Financial Account Information | Health-Related Information | Work-Related Information,False,,ambiguous,True,yes,11992,standard,bde_llm_count,True,True,6,0,0,0,0,1,12.055,False,False,True,,True,likely_no,no,6455,False,likely_non_responsive,True,,18447,.pdf,990630,ok,True,True,text,True,6,0,7,False,1,False,0-10,Name | Address | Email | Phone | Money/Amount | Health | Work-Related,True,Contact Information | Financial Account Information | Health-Related Information | Work-Related Information,False,,ambiguous,True,yes,8403,standard,bde_llm_count,True,True,6,0,0,0,0,1,10.199,False,False,True,,True,likely_yes,yes,4818,True,structured_bde,False,,13221
