rel_path,file_name,ext,size_bytes,status,searchable,programmatic,text_extractable,is_structured,page_or_sheet_count,attachment_count,estimated_entities,estimate_truncated,bde_person_count,bde_confirmed,entity_bucket,entities_found,value_signal,pi_categories,is_bde,complexity_bucket,ambiguity,llm_consulted,llm_responsive,llm_tokens,suggested_lane,detail,ocr_attempted,ocr,ocr_pages,img_ocr_qualifying,img_ocr_calls,img_ocr_ok,img_decode_failed,di_calls,elapsed_s,nr_stage1,bde_stage1,s2_ran,s2_skip_reason,s2_llm_consulted,s2_llm_responsiveness,s2_llm_responsive,s2_llm_tokens,s2_is_bde,s2_lane,s2_nr,s2_detail,llm_tokens_total
CNG_Data2k_variance/files/Q00897.01-0000911526.PDF,Q00897.01-0000911526.PDF,.pdf,37312,ok,True,True,text,True,2,0,44,False,1,False,20-50,SSN | Money/Amount,True,Government-Issued Identification | Financial Account Information,False,,clear_responsive,False,,3714,standard,bde_llm_count,True,True,2,0,0,0,0,1,15.026,False,False,True,,True,clear_yes,yes,4575,False,standard,False,,8289
CNG_Data2k_variance/files/Q00897.01-0000908633.PDF,Q00897.01-0000908633.PDF,.pdf,37483,ok,True,False,text,False,5,0,30,False,30,False,20-50,Name | Phone | Money/Amount,True,Contact Information | Financial Account Information,False,,ambiguous,True,yes,15387,standard,bde_llm_count_roster,False,False,0,0,0,0,0,0,10.334,False,False,True,,True,clear_yes,yes,8251,False,standard,False,,23638
CNG_Data2k_variance/files/Q00897.01-0000205779.PDF,Q00897.01-0000205779.PDF,.pdf,90374,ok,True,False,text,False,1,0,4,False,0,False,0-10,Name | Address | Phone | Money/Amount,True,Contact Information | Financial Account Information,False,,ambiguous,True,yes,4000,standard,"img_ocr:p1(1/1,+31chars)",False,False,0,1,1,1,0,1,7.226,False,False,True,,True,clear_no,no,4065,False,likely_non_responsive,True,,8065
CNG_Data2k_variance/files/Q00897.01-0000898137.PDF,Q00897.01-0000898137.PDF,.pdf,13331,ok,True,False,text,False,2,0,1,False,0,False,0-10,Money/Amount,False,Financial Account Information,False,,clear_non_responsive,False,,0,likely_non_responsive,,False,False,0,0,0,0,0,0,0.148,True,False,False,stage1_nr,False,,,0,False,,False,,0
CNG_Data2k_variance/files/Q00897.01-0000760269.MSG,Q00897.01-0000760269.MSG,.msg,78336,ok,True,False,text,False,0,0,2,False,0,False,0-10,Address | Email | Phone,True,Contact Information,False,,ambiguous,True,no,4127,likely_non_responsive,,False,False,0,0,0,0,0,0,1.781,True,False,False,stage1_nr,False,,,0,False,,False,,4127
CNG_Data2k_variance/files/Q00897.01-0000298047.XLSX,Q00897.01-0000298047.XLSX,.xlsx,37391,ok,True,True,text,True,4,0,721,False,721,True,100+,Phone | Payment Card | Card/Transaction | Money/Amount,True,Contact Information | Financial Account Information,True,,ambiguous,True,yes,7048,structured_bde,roster_by_rowcount bde_llm_count_roster,False,False,0,0,0,0,0,0,5.587,False,True,True,,True,likely_yes,yes,3973,True,structured_bde,False,,11021
CNG_Data2k_variance/files/Q00897.01-0000857383.PDF,Q00897.01-0000857383.PDF,.pdf,593554,ok,True,False,text,False,2,0,1,False,0,False,0-10,Name | Address | Money/Amount | Work-Related,True,Contact Information | Financial Account Information | Work-Related Information,False,,ambiguous,True,yes,5324,standard,,False,False,0,0,0,0,0,0,3.102,False,False,True,,True,clear_yes,yes,5383,False,standard,False,,10707
CNG_Data2k_variance/files/Q00897.01-0000425832.MSG,Q00897.01-0000425832.MSG,.msg,335872,ok,True,False,text,False,0,1,3,False,0,False,0-10,Name | Address | Email | Money/Amount,True,Contact Information | Financial Account Information,False,,ambiguous,True,yes,4339,standard,,False,False,0,0,0,0,0,0,3.155,False,False,True,,True,likely_yes,yes,4329,False,standard,False,,8668
CNG_Data2k_variance/files/Q00897.01-0000806074.MSG,Q00897.01-0000806074.MSG,.msg,141312,ok,True,False,text,False,0,1,9,False,9,False,0-10,Name | Address | Email | Phone | Health,True,Contact Information | Health-Related Information,False,,ambiguous,True,yes,12832,standard,bde_llm_count,False,False,0,0,0,0,0,0,6.013,False,False,True,,True,clear_yes,yes,6845,False,standard,False,,19677
CNG_Data2k_variance/files/Q00897.01-0000111892.XLSX,Q00897.01-0000111892.XLSX,.xlsx,62244,ok,True,True,text,True,1,0,573,False,0,False,100+,Work-Related,False,Work-Related Information,False,,ambiguous,True,no,10655,likely_non_responsive,roster_by_rowcount bde_llm_count,False,False,0,0,0,0,0,0,3.27,True,False,False,stage1_nr,False,,,0,False,,False,,10655
CNG_Data2k_variance/files/Q00897.01-0000198577.PDF,Q00897.01-0000198577.PDF,.pdf,13978,ok,True,False,text,False,1,0,2,False,0,False,0-10,Address | Phone | Money/Amount | Health,True,Contact Information | Financial Account Information | Health-Related Information,False,,ambiguous,True,no,4064,likely_non_responsive,"img_ocr:p1(1/1,+21chars)",False,False,0,1,1,1,0,1,5.399,True,False,False,stage1_nr,False,,,0,False,,False,,4064
CNG_Data2k_variance/files/Q00897.01-0000669108.MSG,Q00897.01-0000669108.MSG,.msg,315392,ok,True,False,text,False,0,1,3,False,0,False,0-10,Phone,True,Contact Information,False,,ambiguous,True,no,3719,likely_non_responsive,,False,False,0,0,0,0,0,0,1.297,True,False,False,stage1_nr,False,,,0,False,,False,,3719
CNG_Data2k_variance/files/Q00897.01-0000293090.PDF,Q00897.01-0000293090.PDF,.pdf,144514,ok,True,False,text,False,7,0,1,False,0,False,0-10,Money/Amount,False,Financial Account Information,False,,clear_non_responsive,False,,0,likely_non_responsive,,False,False,0,0,0,0,0,0,0.465,True,False,False,stage1_nr,False,,,0,False,,False,,0
CNG_Data2k_variance/files/Q00897.01-0000737466.MSG,Q00897.01-0000737466.MSG,.msg,108544,ok,True,False,text,False,0,0,1,False,0,False,0-10,Name | Address | Email | Phone,True,Contact Information,False,,ambiguous,True,yes,4045,standard,,False,False,0,0,0,0,0,0,2.759,False,False,True,,True,likely_no,no,4107,False,likely_non_responsive,True,,8152
CNG_Data2k_variance/files/Q00897.01-0000681448.MSG,Q00897.01-0000681448.MSG,.msg,179200,ok,True,False,text,False,0,3,5,False,0,False,0-10,Name | Address | Email | Phone,True,Contact Information,False,,ambiguous,True,yes,6343,standard,,False,False,0,0,0,0,0,0,4.353,False,False,True,,True,likely_no,no,6420,False,likely_non_responsive,True,,12763
CNG_Data2k_variance/files/Q00897.01-0000116631.PDF,Q00897.01-0000116631.PDF,.pdf,354017,ok,True,True,text,True,4,0,329,False,0,False,100+,Money/Amount,False,Financial Account Information,False,,ambiguous,True,no,20329,likely_non_responsive,bde_llm_count,True,True,4,0,0,0,0,1,12.583,True,False,False,stage1_nr,False,,,0,False,,False,,20329
CNG_Data2k_variance/files/Q00897.01-0000871126.PDF,Q00897.01-0000871126.PDF,.pdf,1426871,ok,True,True,text,True,1,0,1,False,1,False,0-10,Name | Address,True,Contact Information,False,,ambiguous,True,yes,9102,standard,bde_llm_count,True,True,1,0,0,0,0,1,8.743,False,False,True,,True,clear_yes,yes,5019,False,standard,False,,14121
CNG_Data2k_variance/files/Q00897.01-0000662583.0001.PDF,Q00897.01-0000662583.0001.PDF,.pdf,538201,ok,True,False,text,False,2,0,2,False,0,False,0-10,Name | Health,True,Health-Related Information,False,,ambiguous,True,no,4763,likely_non_responsive,,True,True,2,0,0,0,0,1,6.85,True,False,False,stage1_nr,False,,,0,False,,False,,4763
CNG_Data2k_variance/files/Q00897.01-0000022192.XLSX,Q00897.01-0000022192.XLSX,.xlsx,35022,ok,True,True,text,True,6,0,307,False,0,False,100+,Money/Amount | Credentials | Work-Related,False,Financial Account Information | Access Credentials | Work-Related Information,False,,ambiguous,True,yes,7548,standard,roster_by_rowcount bde_llm_count,False,False,0,0,0,0,0,0,4.637,False,False,True,,True,likely_yes,yes,4241,True,structured_bde,False,,11789
CNG_Data2k_variance/files/Q00897.01-0000614359.0001.XLSX,Q00897.01-0000614359.0001.XLSX,.xlsx,85762,ok,True,True,text,True,1,0,0,False,0,False,0-10,,False,,False,,ambiguous,True,no,8460,structured_unreadable,bde_llm_count,False,False,0,0,0,0,0,0,3.926,False,False,True,,True,clear_no,no,4705,False,likely_non_responsive,True,,13165
CNG_Data2k_variance/files/Q00897.01-0000757615.MSG,Q00897.01-0000757615.MSG,.msg,102400,ok,True,False,text,False,0,0,1,False,0,False,0-10,Money/Amount | Demographic | Work-Related,False,Financial Account Information | Demographic Information | Work-Related Information,False,,ambiguous,True,no,6628,likely_non_responsive,,False,False,0,0,0,0,0,0,3.195,True,False,False,stage1_nr,False,,,0,False,,False,,6628
CNG_Data2k_variance/files/Q00897.01-0000730158.MSG,Q00897.01-0000730158.MSG,.msg,159232,ok,True,False,text,False,0,0,2,False,0,False,0-10,Name | Address | Email,True,Contact Information,False,,ambiguous,True,no,4224,likely_non_responsive,,False,False,0,0,0,0,0,0,1.502,True,False,False,stage1_nr,False,,,0,False,,False,,4224
CNG_Data2k_variance/files/Q00897.01-0000365786.MSG,Q00897.01-0000365786.MSG,.msg,155136,ok,True,False,text,False,0,0,1,False,0,False,0-10,Address | Phone | Money/Amount,True,Contact Information | Financial Account Information,False,,ambiguous,True,no,4055,likely_non_responsive,,False,False,0,0,0,0,0,0,1.694,True,False,False,stage1_nr,False,,,0,False,,False,,4055
CNG_Data2k_variance/files/Q00897.01-0000139083.PDF,Q00897.01-0000139083.PDF,.pdf,2070660,ok,True,True,text,True,15,0,234,False,2,False,100+,Name | Address | Email | Phone | Card/Transaction | Money/Amount,True,Contact Information | Financial Account Information,False,,ambiguous,True,yes,20695,standard,bde_llm_count,True,True,15,0,0,0,0,1,13.812,False,False,True,,True,likely_no,no,10732,True,likely_non_responsive,True,,31427
CNG_Data2k_variance/files/Q00897.01-0000646611.MSG,Q00897.01-0000646611.MSG,.msg,110080,ok,True,False,text,False,0,0,3,False,0,False,0-10,Name | Phone,True,Contact Information,False,,ambiguous,True,no,6002,likely_non_responsive,,False,False,0,0,0,0,0,0,1.262,True,False,False,stage1_nr,False,,,0,False,,False,,6002
CNG_Data2k_variance/files/Q00897.01-0000775040.MSG,Q00897.01-0000775040.MSG,.msg,77824,ok,True,False,text,False,0,2,8,False,4,False,0-10,Name | Address | Email | Phone,True,Contact Information,False,,ambiguous,True,yes,10457,standard,bde_llm_count,False,False,0,0,0,0,0,0,6.51,False,False,True,,True,likely_no,no,5692,False,likely_non_responsive,True,,16149
CNG_Data2k_variance/files/Q00897.01-0000441703.MSG,Q00897.01-0000441703.MSG,.msg,288768,ok,True,False,text,False,0,1,2,False,0,False,0-10,Name | Address | Email | Phone | Card/Transaction | Account Balance,True,Contact Information | Financial Account Information,False,,ambiguous,True,yes,3921,standard,,False,False,0,0,0,0,0,0,3.322,False,False,True,,True,borderline,no,3963,False,likely_non_responsive,True,,7884
CNG_Data2k_variance/files/Q00897.01-0000905558.PDF,Q00897.01-0000905558.PDF,.pdf,648479,ok,True,False,text,False,69,0,62,False,5,False,50-100,Address | Phone | SSN | Money/Amount | Work-Related,True,Contact Information | Government-Issued Identification | Financial Account Information | Work-Related Information,False,,clear_responsive,False,,14172,standard,bde_llm_count,False,False,0,0,0,0,0,0,15.499,False,False,True,,True,clear_yes,yes,15096,True,bde,False,,29268
CNG_Data2k_variance/files/Q00897.01-0000236522.0002.XLSX,Q00897.01-0000236522.0002.XLSX,.xlsx,56849,ok,True,True,text,True,1,0,1,False,0,False,0-10,SSN | Money/Amount,True,Government-Issued Identification | Financial Account Information,False,,clear_responsive,False,,3330,standard,bde_llm_count,False,False,0,0,0,0,0,0,3.046,False,False,True,,True,clear_no,no,4253,False,likely_non_responsive,True,,7583
CNG_Data2k_variance/files/Q00897.01-0000657440.MSG,Q00897.01-0000657440.MSG,.msg,188416,ok,True,False,text,False,0,0,8,False,7,False,0-10,Name | Address | Email | Phone | Card/Transaction | Money/Amount,True,Contact Information | Financial Account Information,False,,ambiguous,True,yes,11819,standard,bde_llm_count,False,False,0,0,0,0,0,0,6.659,False,False,True,,True,likely_no,no,6370,False,likely_non_responsive,True,,18189
CNG_Data2k_variance/files/Q00897.01-0000094370.PDF,Q00897.01-0000094370.PDF,.pdf,38645,ok,True,False,text,False,2,0,2,False,0,False,0-10,Name | Email | Phone | Money/Amount,True,Contact Information | Financial Account Information,False,,ambiguous,True,no,4049,likely_non_responsive,,False,False,0,0,0,0,0,0,0.992,True,False,False,stage1_nr,False,,,0,False,,False,,4049
CNG_Data2k_variance/files/Q00897.01-0000659807.MSG,Q00897.01-0000659807.MSG,.msg,603648,ok,True,False,text,False,0,3,2,False,0,False,0-10,Name | Address | Email | Phone,True,Contact Information,False,,ambiguous,True,yes,3815,standard,,False,False,0,0,0,0,0,0,5.686,False,False,True,,True,clear_no,no,3893,False,likely_non_responsive,True,,7708
CNG_Data2k_variance/files/Q00897.01-0000498399.MSG,Q00897.01-0000498399.MSG,.msg,29696,ok,True,False,text,False,0,0,17,False,5,False,10-20,Name | Address | Email | Phone,True,Contact Information,False,,ambiguous,True,yes,9721,standard,bde_llm_count,False,False,0,0,0,0,0,0,6.292,False,False,True,,True,likely_yes,yes,5310,False,standard,False,,15031
CNG_Data2k_variance/files/Q00897.01-0000831333.MSG,Q00897.01-0000831333.MSG,.msg,69120,ok,True,False,text,False,0,0,3,False,0,False,0-10,Address | Email | Phone | Money/Amount,True,Contact Information | Financial Account Information,False,,ambiguous,True,no,4160,likely_non_responsive,,False,False,0,0,0,0,0,0,2.092,True,False,False,stage1_nr,False,,,0,False,,False,,4160
CNG_Data2k_variance/files/Q00897.01-0000576043.0001.PNG,Q00897.01-0000576043.0001.PNG,.png,2931170,ok,True,True,text,True,1,0,51,False,0,False,50-100,Address | Money/Amount,True,Contact Information | Financial Account Information,False,,ambiguous,True,no,12602,likely_non_responsive,bde_llm_count,True,True,1,0,0,0,0,1,9.634,True,False,False,stage1_nr,False,,,0,False,,False,,12602
CNG_Data2k_variance/files/Q00897.01-0000295207.PDF,Q00897.01-0000295207.PDF,.pdf,506074,ok,True,True,text,True,1,0,5,False,0,False,0-10,Money/Amount,False,Financial Account Information,False,,ambiguous,True,no,6583,likely_non_responsive,bde_llm_count,True,True,1,0,0,0,0,1,7.738,True,False,False,stage1_nr,False,,,0,False,,False,,6583
CNG_Data2k_variance/files/Q00897.01-0000254590.PDF,Q00897.01-0000254590.PDF,.pdf,99142,ok,True,False,text,False,3,0,1,False,0,False,0-10,Name | Address | Email | Phone | Bank/Account Number | Money/Amount | Work-Related,True,Contact Information | Financial Account Information | Work-Related Information,False,,ambiguous,True,yes,4582,standard,,False,False,0,0,0,0,0,0,2.881,False,False,True,,True,likely_yes,yes,4620,False,standard,False,,9202
CNG_Data2k_variance/files/Q00897.01-0000754177.MSG,Q00897.01-0000754177.MSG,.msg,111104,ok,True,False,text,False,0,0,1,False,0,False,0-10,Address | Money/Amount | Demographic | Work-Related,True,Contact Information | Financial Account Information | Demographic Information | Work-Related Information,False,,ambiguous,True,no,7052,likely_non_responsive,,False,False,0,0,0,0,0,0,3.746,True,False,False,stage1_nr,False,,,0,False,,False,,7052
CNG_Data2k_variance/files/Q00897.01-0000392793.MSG,Q00897.01-0000392793.MSG,.msg,145408,ok,True,False,text,False,0,0,2,False,0,False,0-10,Name | Address | Email | Phone | Money/Amount,True,Contact Information | Financial Account Information,False,,ambiguous,True,yes,4545,standard,,False,False,0,0,0,0,0,0,5.85,False,False,True,,True,likely_no,no,4623,False,likely_non_responsive,True,,9168
CNG_Data2k_variance/files/Q00897.01-0000330511.PDF,Q00897.01-0000330511.PDF,.pdf,391216,ok,True,False,text,False,4,0,1,False,0,False,0-10,Name | Address | Bank/Account Number | Money/Amount,True,Contact Information | Financial Account Information,False,,ambiguous,True,yes,4295,standard,,False,False,0,0,0,0,0,0,2.597,False,False,True,,True,likely_no,no,4382,False,likely_non_responsive,True,,8677
CNG_Data2k_variance\files\Q00897.01-0000341540.DOC,Q00897.01-0000341540.DOC,.doc,186414,ok,True,False,text,False,0,0,6,False,0,False,0-10,Name | Address | Email | Phone | Money/Amount,True,Contact Information | Financial Account Information,False,,ambiguous,True,yes,4678,standard,,False,False,0,0,0,0,0,0,2.738,False,False,True,,True,clear_yes,yes,4730,False,standard,False,,9408
CNG_Data2k_variance/files/Q00897.01-0000307404.MSG,Q00897.01-0000307404.MSG,.msg,146432,ok,True,False,text,False,0,2,9,False,6,False,0-10,Name | Address | Email | Phone | Card/Transaction | Money/Amount,True,Contact Information | Financial Account Information,False,,ambiguous,True,yes,13985,standard,bde_llm_count,False,False,0,0,0,0,0,0,7.484,False,False,True,,True,likely_yes,yes,7426,False,standard,False,,21411
CNG_Data2k_variance/files/Q00897.01-0000808346.0001.DOCX,Q00897.01-0000808346.0001.DOCX,.docx,22626,ok,True,False,text,False,0,0,1,False,0,False,0-10,Name | Address,True,Contact Information,False,,ambiguous,True,no,5320,likely_non_responsive,,False,False,0,0,0,0,0,0,3.839,True,False,False,stage1_nr,False,,,0,False,,False,,5320
CNG_Data2k_variance/files/Q00897.01-0000613673.0001.XLSX,Q00897.01-0000613673.0001.XLSX,.xlsx,22066,ok,True,True,text,True,2,0,151,False,0,False,100+,Address,True,Contact Information,False,,ambiguous,True,no,8458,likely_non_responsive,roster_by_rowcount bde_llm_count,False,False,0,0,0,0,0,0,2.641,True,False,False,stage1_nr,False,,,0,False,,False,,8458
CNG_Data2k_variance/files/Q00897.01-0000546996.0001.CSV,Q00897.01-0000546996.0001.CSV,.csv,127460,ok,True,True,text,True,0,0,524,False,0,False,100+,Phone | Money/Amount,True,Contact Information | Financial Account Information,False,,ambiguous,True,no,17298,likely_non_responsive,roster_by_rowcount bde_llm_count,False,False,0,0,0,0,0,0,2.905,True,False,False,stage1_nr,False,,,0,False,,False,,17298
CNG_Data2k_variance/files/Q00897.01-0000000712.PDF,Q00897.01-0000000712.PDF,.pdf,428996,ok,True,True,text,True,5,0,66,False,2,False,50-100,Name | Address | Phone | SSN | Date of Birth | Card Expiry/CVV | Money/Amount | Work-Related,True,Contact Information | Government-Issued Identification | Birth Information | Financial Account Information | Work-Related Information,False,,clear_responsive,False,,6315,standard,bde_llm_count,True,True,5,0,0,0,0,1,10.725,False,False,True,,True,clear_yes,yes,7147,True,structured_bde,False,,13462
CNG_Data2k_variance/files/Q00897.01-0000865162.PDF,Q00897.01-0000865162.PDF,.pdf,103532,ok,True,False,text,False,1,0,1,False,0,False,0-10,Name | Address | Money/Amount | Work-Related,True,Contact Information | Financial Account Information | Work-Related Information,False,,ambiguous,True,yes,4119,standard,,False,False,0,0,0,0,0,0,2.448,False,False,True,,True,clear_yes,yes,4154,False,standard,False,,8273
CNG_Data2k_variance/files/Q00897.01-0000422168.MSG,Q00897.01-0000422168.MSG,.msg,251392,ok,True,False,text,False,0,2,5,False,0,False,0-10,Name | Address | Email | Phone,True,Contact Information,False,,ambiguous,True,yes,5787,standard,,False,False,0,0,0,0,0,0,3.705,False,False,True,,True,likely_no,no,5823,False,likely_non_responsive,True,,11610
CNG_Data2k_variance/files/Q00897.01-0000372456.MSG,Q00897.01-0000372456.MSG,.msg,172544,ok,True,False,text,False,0,0,3,False,0,False,0-10,Name | Address | Email | Phone | Card Expiry/CVV | Money/Amount,True,Contact Information | Financial Account Information,False,,ambiguous,True,no,4330,likely_non_responsive,,False,False,0,0,0,0,0,0,61.221,True,False,False,stage1_nr,False,,,0,False,,False,,4330
CNG_Data2k_variance/files/Q00897.01-0000304935.XLSX,Q00897.01-0000304935.XLSX,.xlsx,136832,ok,True,True,text,True,12,0,1044,False,0,False,100+,Money/Amount,False,Financial Account Information,False,,ambiguous,True,no,6986,likely_non_responsive,roster_by_rowcount bde_llm_count,False,False,0,0,0,0,0,0,2.554,True,False,False,stage1_nr,False,,,0,False,,False,,6986
CNG_Data2k_variance/files/Q00897.01-0000288951.XLSX,Q00897.01-0000288951.XLSX,.xlsx,30217,ok,True,True,text,True,6,0,71,False,0,False,50-100,Phone | Payment Card | Money/Amount,True,Contact Information | Financial Account Information,False,,ambiguous,True,no,15372,likely_non_responsive,roster_by_rowcount bde_llm_count,False,False,0,0,0,0,0,0,2.937,True,False,False,stage1_nr,False,,,0,False,,False,,15372
CNG_Data2k_variance/files/Q00897.01-0000675430.MSG,Q00897.01-0000675430.MSG,.msg,15490560,ok,True,False,text,False,0,7,4,False,0,False,0-10,Name | Address | Email | Phone | Money/Amount,True,Contact Information | Financial Account Information,False,,ambiguous,True,yes,4214,standard,,False,False,0,0,0,0,0,0,6.309,False,False,True,,True,likely_no,no,4274,False,likely_non_responsive,True,,8488
CNG_Data2k_variance/files/Q00897.01-0000910281.PDF,Q00897.01-0000910281.PDF,.pdf,539082,ok,True,False,text,False,130,0,96,False,96,True,50-100,Address | Phone | SSN | Money/Amount,True,Contact Information | Government-Issued Identification | Financial Account Information,True,,clear_responsive,False,,12648,bde,"img_ocr:p1,p1,p1,p1,p1,p1,p2,p2(8/9,+189chars) bde_llm_count_roster",False,False,0,9,9,8,0,9,45.487,False,True,True,,True,clear_yes,yes,13743,True,bde,False,,26391
CNG_Data2k_variance/files/Q00897.01-0000916029.PDF,Q00897.01-0000916029.PDF,.pdf,267387,ok,True,False,text,False,2,0,3,False,0,False,0-10,Name | Address | Phone | Money/Amount,True,Contact Information | Financial Account Information,False,,ambiguous,True,yes,4332,standard,,False,False,0,0,0,0,0,0,4.396,False,False,True,,True,clear_no,no,4372,False,likely_non_responsive,True,,8704
CNG_Data2k_variance/files/Q00897.01-0000399406.MSG,Q00897.01-0000399406.MSG,.msg,167424,ok,True,False,text,False,0,0,1,False,0,False,0-10,Name | Bank/Account Number,True,Financial Account Information,False,,ambiguous,True,yes,6403,standard,,False,False,0,0,0,0,0,0,4.167,False,False,True,,True,likely_no,no,6476,False,likely_non_responsive,True,,12879
CNG_Data2k_variance/files/Q00897.01-0000891229.PDF,Q00897.01-0000891229.PDF,.pdf,11872,ok,True,False,text,False,1,0,1,False,0,False,0-10,Phone,True,Contact Information,False,,ambiguous,True,yes,3831,standard,,False,False,0,0,0,0,0,0,3.224,False,False,True,,True,borderline,no,3907,False,likely_non_responsive,True,,7738
CNG_Data2k_variance/files/Q00897.01-0000872791.PDF,Q00897.01-0000872791.PDF,.pdf,4657364,ok,True,True,text,True,10,0,321,False,2,False,100+,Name | Address | Money/Amount | Credentials | Health,True,Contact Information | Financial Account Information | Access Credentials | Health-Related Information,False,,ambiguous,True,yes,22162,standard,bde_llm_count,True,True,10,0,0,0,0,1,27.486,False,False,True,,True,likely_no,no,11571,True,likely_non_responsive,True,,33733
CNG_Data2k_variance/files/Q00897.01-0000139039.PDF,Q00897.01-0000139039.PDF,.pdf,2667654,ok,True,True,text,True,15,0,216,False,0,False,100+,Name | Address | Email | Phone | Money/Amount,True,Contact Information | Financial Account Information,False,,ambiguous,True,yes,20029,standard,bde_llm_count,True,True,15,0,0,0,0,1,12.444,False,False,True,,True,clear_yes,yes,10475,True,structured_bde,False,,30504
CNG_Data2k_variance/files/Q00897.01-0000908126.PDF,Q00897.01-0000908126.PDF,.pdf,397356,ok,True,False,text,False,96,0,1,False,0,False,0-10,Name | Address | Money/Amount,True,Contact Information | Financial Account Information,False,,ambiguous,True,yes,16110,standard,,False,False,0,0,0,0,0,0,8.036,False,False,True,,True,clear_yes,yes,16179,False,standard,False,,32289
CNG_Data2k_variance/files/Q00897.01-0000723505.MSG,Q00897.01-0000723505.MSG,.msg,399872,ok,True,False,text,False,0,0,1,False,0,False,0-10,Money/Amount | Health | Work-Related,False,Financial Account Information | Health-Related Information | Work-Related Information,False,,ambiguous,True,no,7491,likely_non_responsive,,False,False,0,0,0,0,0,0,60.093,True,False,False,stage1_nr,False,,,0,False,,False,,7491
CNG_Data2k_variance/files/Q00897.01-0000109435.XLSX,Q00897.01-0000109435.XLSX,.xlsx,17031,ok,True,True,text,True,2,0,114,False,1,False,100+,,False,,False,,ambiguous,True,no,7140,likely_non_responsive,roster_by_rowcount bde_llm_count,False,False,0,0,0,0,0,0,3.541,True,False,False,stage1_nr,False,,,0,False,,False,,7140
CNG_Data2k_variance/files/Q00897.01-0000397536.0001.0009.XLSX,Q00897.01-0000397536.0001.0009.XLSX,.xlsx,158458,ok,True,True,text,True,15,0,55,False,0,False,50-100,Money/Amount,False,Financial Account Information,False,,ambiguous,True,no,8126,likely_non_responsive,bde_llm_count,False,False,0,0,0,0,0,0,2.36,True,False,False,stage1_nr,False,,,0,False,,False,,8126
CNG_Data2k_variance/files/Q00897.01-0000562049.0001.PDF,Q00897.01-0000562049.0001.PDF,.pdf,20970,ok,True,False,text,False,1,0,0,False,0,False,0-10,,False,,False,,clear_non_responsive,False,,0,likely_non_responsive,,False,False,0,0,0,0,0,0,0.021,True,False,False,stage1_nr,False,,,0,False,,False,,0
CNG_Data2k_variance/files/Q00897.01-0000020737.XLSX,Q00897.01-0000020737.XLSX,.xlsx,21156,ok,True,True,text,True,3,0,63,False,8,True,50-100,Name | Money/Amount,False,Financial Account Information,True,,ambiguous,True,yes,10539,structured_bde,roster_by_rowcount bde_llm_count_roster,False,False,0,0,0,0,0,0,5.126,False,True,True,,True,clear_yes,yes,5741,True,structured_bde,False,,16280
CNG_Data2k_variance/files/Q00897.01-0000114821.PDF,Q00897.01-0000114821.PDF,.pdf,16654,ok,True,False,text,False,9,0,1,False,0,False,0-10,Card/Transaction | Money/Amount | Work-Related,False,Financial Account Information | Work-Related Information,False,,ambiguous,True,no,8524,likely_non_responsive,,False,False,0,0,0,0,0,0,1.602,True,False,False,stage1_nr,False,,,0,False,,False,,8524
CNG_Data2k_variance/files/Q00897.01-0000912407.PDF,Q00897.01-0000912407.PDF,.pdf,47034,ok,True,True,text,True,2,0,35,False,1,False,20-50,Name | SSN | Money/Amount,True,Government-Issued Identification | Financial Account Information,False,,clear_responsive,False,,3695,standard,bde_llm_count,True,True,2,0,0,0,0,1,8.85,False,False,True,,True,clear_yes,yes,4544,False,standard,False,,8239
CNG_Data2k_variance/files/Q00897.01-0000657341.0001.XLSX,Q00897.01-0000657341.0001.XLSX,.xlsx,15872,ok,True,True,text,True,1,0,1,False,0,False,0-10,Phone | Money/Amount,True,Contact Information | Financial Account Information,False,,ambiguous,True,no,7799,likely_non_responsive,bde_llm_count,False,False,0,0,0,0,0,0,3.533,True,False,False,stage1_nr,False,,,0,False,,False,,7799
CNG_Data2k_variance/files/Q00897.01-0000675480.MSG,Q00897.01-0000675480.MSG,.msg,422912,ok,True,False,text,False,0,4,3,False,0,False,0-10,Name | Address | Email | Phone,True,Contact Information,False,,ambiguous,True,yes,5502,standard,,False,False,0,0,0,0,0,0,3.499,False,False,True,,True,likely_yes,yes,5566,False,standard,False,,11068
CNG_Data2k_variance/files/Q00897.01-0000819611.MSG,Q00897.01-0000819611.MSG,.msg,47616,ok,True,False,text,False,0,0,11,False,2,False,10-20,Name | Address | Email | Phone,True,Contact Information,False,,ambiguous,True,yes,14963,standard,bde_llm_count,False,False,0,0,0,0,0,0,5.151,False,False,True,,True,likely_yes,yes,7926,False,standard,False,,22889
CNG_Data2k_variance/files/Q00897.01-0000905659.PDF,Q00897.01-0000905659.PDF,.pdf,122355,ok,True,False,text,False,22,0,1,False,0,False,0-10,Address | Money/Amount,True,Contact Information | Financial Account Information,False,,ambiguous,True,yes,15920,standard,,False,False,0,0,0,0,0,0,5.788,False,False,True,,True,likely_yes,yes,15964,False,standard,False,,31884
CNG_Data2k_variance/files/Q00897.01-0000709781.MSG,Q00897.01-0000709781.MSG,.msg,175616,ok,True,False,text,False,0,0,1,False,0,False,0-10,Phone | Money/Amount,True,Contact Information | Financial Account Information,False,,ambiguous,True,no,3944,likely_non_responsive,,False,False,0,0,0,0,0,0,1.318,True,False,False,stage1_nr,False,,,0,False,,False,,3944
CNG_Data2k_variance/files/Q00897.01-0000009779.PDF,Q00897.01-0000009779.PDF,.pdf,320099,ok,True,True,text,True,1,0,2,False,1,False,0-10,Name | Email | Money/Amount | Work-Related,True,Contact Information | Financial Account Information | Work-Related Information,False,,ambiguous,True,yes,7203,standard,bde_llm_count,True,True,1,0,0,0,0,1,10.897,False,False,True,,True,likely_yes,yes,4067,False,standard,False,,11270
CNG_Data2k_variance/files/Q00897.01-0000695072.MSG,Q00897.01-0000695072.MSG,.msg,135680,ok,True,False,text,False,0,0,1,False,0,False,0-10,Name | Address | Email | Credentials,True,Contact Information | Access Credentials,False,,ambiguous,True,yes,3826,standard,,False,False,0,0,0,0,0,0,2.924,False,False,True,,True,borderline,no,3896,False,likely_non_responsive,True,,7722
CNG_Data2k_variance/files/Q00897.01-0000001975.PDF,Q00897.01-0000001975.PDF,.pdf,49283,ok,True,False,text,False,1,0,3,False,0,False,0-10,Name | Date of Birth,True,Birth Information,False,,ambiguous,True,yes,3906,standard,,False,False,0,0,0,0,0,0,4.75,False,False,True,,True,clear_yes,yes,3939,False,standard,False,,7845
CNG_Data2k_variance/files/Q00897.01-0000916170.PDF,Q00897.01-0000916170.PDF,.pdf,89098,ok,True,True,text,True,1,0,8,False,0,False,0-10,Address | Phone | Money/Amount,True,Contact Information | Financial Account Information,False,,ambiguous,True,no,6942,likely_non_responsive,bde_llm_count,True,True,1,0,0,0,0,1,6.913,True,False,False,stage1_nr,False,,,0,False,,False,,6942
CNG_Data2k_variance/files/Q00897.01-0000397126.MSG,Q00897.01-0000397126.MSG,.msg,193536,ok,True,False,text,False,0,6,7,False,4,False,0-10,Name | Address | Email | Phone | Money/Amount,True,Contact Information | Financial Account Information,False,,ambiguous,True,yes,10045,standard,bde_llm_count,False,False,0,0,0,0,0,0,5.874,False,False,True,,True,likely_no,no,5510,False,likely_non_responsive,True,,15555
CNG_Data2k_variance/files/Q00897.01-0000344986.PDF,Q00897.01-0000344986.PDF,.pdf,15999,ok,True,False,text,False,3,0,1,False,0,False,0-10,Address | Money/Amount,True,Contact Information | Financial Account Information,False,,ambiguous,True,yes,5020,standard,,False,False,0,0,0,0,0,0,2.177,False,False,True,,True,clear_yes,yes,5043,False,standard,False,,10063
CNG_Data2k_variance/files/Q00897.01-0000642611.MSG,Q00897.01-0000642611.MSG,.msg,21504,ok,True,False,text,False,0,0,0,False,0,False,0-10,,False,,False,,clear_non_responsive,False,,0,likely_non_responsive,,False,False,0,0,0,0,0,0,0.054,True,False,False,stage1_nr,False,,,0,False,,False,,0
CNG_Data2k_variance/files/Q00897.01-0000766079.MSG,Q00897.01-0000766079.MSG,.msg,203776,ok,True,False,text,False,0,0,2,False,0,False,0-10,Name | Address | Email | Phone,True,Contact Information,False,,ambiguous,True,no,4233,likely_non_responsive,,False,False,0,0,0,0,0,0,2.016,True,False,False,stage1_nr,False,,,0,False,,False,,4233
CNG_Data2k_variance/files/Q00897.01-0000304376.XLSX,Q00897.01-0000304376.XLSX,.xlsx,33277,ok,True,True,text,True,3,0,155,False,4,False,100+,Name,False,,False,,ambiguous,True,no,7252,likely_non_responsive,roster_by_rowcount bde_llm_count,False,False,0,0,0,0,0,0,3.749,True,False,False,stage1_nr,False,,,0,False,,False,,7252
CNG_Data2k_variance/files/Q00897.01-0000426086.MSG,Q00897.01-0000426086.MSG,.msg,413696,ok,True,False,text,False,0,1,1,False,0,False,0-10,Name | Address | Email | Phone | Money/Amount,True,Contact Information | Financial Account Information,False,,ambiguous,True,no,4117,likely_non_responsive,,False,False,0,0,0,0,0,0,1.942,True,False,False,stage1_nr,False,,,0,False,,False,,4117
CNG_Data2k_variance/files/Q00897.01-0000654901.MSG,Q00897.01-0000654901.MSG,.msg,216064,ok,True,False,text,False,0,6,1,False,0,False,0-10,Name | Address | Email | Phone | Money/Amount,True,Contact Information | Financial Account Information,False,,ambiguous,True,yes,3770,standard,,False,False,0,0,0,0,0,0,3.141,False,False,True,,True,likely_no,no,3838,False,likely_non_responsive,True,,7608
CNG_Data2k_variance/files/Q00897.01-0000470739.0012.XLSX,Q00897.01-0000470739.0012.XLSX,.xlsx,26653,ok,True,True,text,True,1,0,2,False,0,False,0-10,Address | Phone | Money/Amount,True,Contact Information | Financial Account Information,False,,ambiguous,True,no,18282,likely_non_responsive,bde_llm_count,False,False,0,0,0,0,0,0,3.702,True,False,False,stage1_nr,False,,,0,False,,False,,18282
CNG_Data2k_variance/files/Q00897.01-0000325270.0001.PNG,Q00897.01-0000325270.0001.PNG,.png,92388,ok,True,False,text,False,1,0,1,False,0,False,0-10,Address | Phone | Money/Amount,True,Contact Information | Financial Account Information,False,,ambiguous,True,yes,3929,standard,,True,True,1,0,0,0,0,1,6.511,False,False,True,,True,clear_no,no,4006,False,likely_non_responsive,True,,7935
CNG_Data2k_variance/files/Q00897.01-0000709940.MSG,Q00897.01-0000709940.MSG,.msg,106496,ok,True,False,text,False,0,0,1,False,0,False,0-10,Name | Email | Phone | Credentials,True,Contact Information | Access Credentials,False,,ambiguous,True,yes,3810,standard,,False,False,0,0,0,0,0,0,2.334,False,False,True,,True,likely_yes,yes,3859,False,standard,False,,7669
CNG_Data2k_variance/files/Q00897.01-0000656441.MSG,Q00897.01-0000656441.MSG,.msg,537088,ok,True,False,text,False,0,6,11,False,7,False,10-20,Name | Address | Email | Phone | Money/Amount,True,Contact Information | Financial Account Information,False,,ambiguous,True,yes,14897,standard,bde_llm_count,False,False,0,0,0,0,0,0,7.617,False,False,True,,True,likely_yes,yes,7929,False,standard,False,,22826
CNG_Data2k_variance/files/Q00897.01-0000005919.PDF,Q00897.01-0000005919.PDF,.pdf,54963,ok,True,False,text,False,9,0,3,False,0,False,0-10,Name | Address | Email | Phone | Card Expiry/CVV | Money/Amount | Family | Work-Related,True,Contact Information | Financial Account Information | Family Information | Work-Related Information,False,,ambiguous,True,yes,7028,standard,,False,False,0,0,0,0,0,0,3.731,False,False,True,,True,clear_yes,yes,7070,False,standard,False,,14098
CNG_Data2k_variance/files/Q00897.01-0000016923.PDF,Q00897.01-0000016923.PDF,.pdf,116555,ok,True,False,text,False,1,0,2,False,0,False,0-10,Name | Address | Phone | Money/Amount | Work-Related,True,Contact Information | Financial Account Information | Work-Related Information,False,,ambiguous,True,yes,4423,standard,"img_ocr:none(1 calls,0 chars)",False,False,0,1,1,0,0,1,8.816,False,False,True,,True,clear_yes,yes,4482,False,standard,False,,8905
CNG_Data2k_variance/files/Q00897.01-0000892628.PDF,Q00897.01-0000892628.PDF,.pdf,11492,ok,True,False,text,False,1,0,0,False,0,False,0-10,,False,,False,,clear_non_responsive,False,,0,likely_non_responsive,,False,False,0,0,0,0,0,0,0.06,True,False,False,stage1_nr,False,,,0,False,,False,,0
CNG_Data2k_variance/files/Q00897.01-0000276296.PDF,Q00897.01-0000276296.PDF,.pdf,242442,ok,True,False,text,False,1,0,1,False,0,False,0-10,Name | Address | Money/Amount | Health,True,Contact Information | Financial Account Information | Health-Related Information,False,,ambiguous,True,no,4009,likely_non_responsive,,True,True,1,0,0,0,0,1,7.244,True,False,False,stage1_nr,False,,,0,False,,False,,4009
CNG_Data2k_variance/files/Q00897.01-0000254697.PDF,Q00897.01-0000254697.PDF,.pdf,1296086,ok,True,True,text,True,11,0,131,False,0,False,100+,Address | Money/Amount,True,Contact Information | Financial Account Information,False,,ambiguous,True,no,16370,likely_non_responsive,bde_llm_count,True,True,11,0,0,0,0,1,10.459,True,False,False,stage1_nr,False,,,0,False,,False,,16370
CNG_Data2k_variance/files/Q00897.01-0000179582.PDF,Q00897.01-0000179582.PDF,.pdf,148130,ok,True,False,text,False,14,0,3,False,0,False,0-10,Name | Address | Email | Phone | Bank/Account Number | Money/Amount,True,Contact Information | Financial Account Information,False,,ambiguous,True,yes,5647,standard,"img_ocr:p1(1/1,+7chars)",False,False,0,1,1,1,0,1,8.656,False,False,True,,True,likely_no,no,5713,False,likely_non_responsive,True,,11360
CNG_Data2k_variance/files/Q00897.01-0000518770.0001.XLSX,Q00897.01-0000518770.0001.XLSX,.xlsx,245324,ok,True,True,text,True,1,0,566,False,0,False,100+,Phone | Money/Amount,True,Contact Information | Financial Account Information,False,,ambiguous,True,no,19611,likely_non_responsive,bde_llm_count,False,False,0,0,0,0,0,0,3.283,True,False,False,stage1_nr,False,,,0,False,,False,,19611
CNG_Data2k_variance/files/Q00897.01-0000813666.MSG,Q00897.01-0000813666.MSG,.msg,294400,ok,True,False,text,False,0,9,10,False,6,False,0-10,Name | Address | Email | Phone | Money/Amount,True,Contact Information | Financial Account Information,False,,ambiguous,True,yes,19001,standard,bde_llm_count,False,False,0,0,0,0,0,0,11.354,False,False,True,,True,likely_no,no,9967,False,likely_non_responsive,True,,28968
CNG_Data2k_variance/files/Q00897.01-0000902728.PDF,Q00897.01-0000902728.PDF,.pdf,11814,ok,True,False,text,False,1,0,0,False,0,False,0-10,,False,,False,,clear_non_responsive,False,,0,likely_non_responsive,,False,False,0,0,0,0,0,0,0.043,True,False,False,stage1_nr,False,,,0,False,,False,,0
CNG_Data2k_variance/files/Q00897.01-0000902569.PDF,Q00897.01-0000902569.PDF,.pdf,15246,ok,True,False,text,False,2,0,1,False,0,False,0-10,Money/Amount,False,Financial Account Information,False,,clear_non_responsive,False,,0,likely_non_responsive,,False,False,0,0,0,0,0,0,0.075,True,False,False,stage1_nr,False,,,0,False,,False,,0
CNG_Data2k_variance/files/Q00897.01-0000611205.0001.XLSX,Q00897.01-0000611205.0001.XLSX,.xlsx,461896,ok,True,True,text,True,2,0,5500,False,44,True,100+,Name | Address,True,Contact Information,True,,ambiguous,True,yes,9748,structured_bde,roster_by_rowcount bde_llm_count_roster,False,False,0,0,0,0,0,0,6.902,False,True,True,,True,clear_no,no,5229,True,likely_non_responsive,True,,14977
CNG_Data2k_variance/files/Q00897.01-0000902975.PDF,Q00897.01-0000902975.PDF,.pdf,15788,ok,True,False,text,False,2,0,1,False,0,False,0-10,Money/Amount,False,Financial Account Information,False,,clear_non_responsive,False,,0,likely_non_responsive,,False,False,0,0,0,0,0,0,0.091,True,False,False,stage1_nr,False,,,0,False,,False,,0
CNG_Data2k_variance/files/Q00897.01-0000250539.XLSX,Q00897.01-0000250539.XLSX,.xlsx,23238,ok,True,True,text,True,1,0,214,False,0,False,100+,Phone | Money/Amount,True,Contact Information | Financial Account Information,False,,ambiguous,True,no,14616,likely_non_responsive,bde_llm_count,False,False,0,0,0,0,0,0,2.504,True,False,False,stage1_nr,False,,,0,False,,False,,14616
CNG_Data2k_variance/files/Q00897.01-0000341619.PDF,Q00897.01-0000341619.PDF,.pdf,121682,ok,True,True,text,True,3,0,35,False,1,False,20-50,Name | Address | Money/Amount | Student ID,True,Contact Information | Financial Account Information | Student-Related Information,False,,ambiguous,True,yes,7737,standard,bde_llm_count,True,True,3,0,0,0,0,1,8.5,False,False,True,,True,likely_no,no,4355,False,likely_non_responsive,True,,12092
CNG_Data2k_variance/files/Q00897.01-0000530381.0001.PDF,Q00897.01-0000530381.0001.PDF,.pdf,22599,ok,True,False,text,False,1,0,1,False,0,False,0-10,Money/Amount,False,Financial Account Information,False,,clear_non_responsive,False,,0,likely_non_responsive,,False,False,0,0,0,0,0,0,0.024,True,False,False,stage1_nr,False,,,0,False,,False,,0
CNG_Data2k_variance/files/Q00897.01-0000797203.0002.PDF,Q00897.01-0000797203.0002.PDF,.pdf,121192,ok,True,False,text,False,9,0,1,False,0,False,0-10,Health | Work-Related,False,Health-Related Information | Work-Related Information,False,,ambiguous,True,no,9062,likely_non_responsive,,False,False,0,0,0,0,0,0,1.897,True,False,False,stage1_nr,False,,,0,False,,False,,9062
CNG_Data2k_variance/files/Q00897.01-0000669911.MSG,Q00897.01-0000669911.MSG,.msg,185856,ok,True,False,text,False,0,2,3,False,0,False,0-10,Name | Phone,True,Contact Information,False,,ambiguous,True,no,3720,likely_non_responsive,,False,False,0,0,0,0,0,0,1.196,True,False,False,stage1_nr,False,,,0,False,,False,,3720
CNG_Data2k_variance/files/Q00897.01-0000628595.MSG,Q00897.01-0000628595.MSG,.msg,77824,ok,True,False,text,False,0,2,9,False,9,False,0-10,Name | Address | Email | Phone,True,Contact Information,False,,ambiguous,True,yes,8483,standard,bde_llm_count,False,False,0,0,0,0,0,0,7.278,False,False,True,,True,borderline,no,4694,False,likely_non_responsive,True,,13177
CNG_Data2k_variance/files/Q00897.01-0000277041.PDF,Q00897.01-0000277041.PDF,.pdf,610253,ok,True,False,text,False,4,0,3,False,0,False,0-10,Name | Address | Phone | Money/Amount,True,Contact Information | Financial Account Information,False,,ambiguous,True,no,4368,likely_non_responsive,,True,True,4,0,0,0,0,1,26.723,True,False,False,stage1_nr,False,,,0,False,,False,,4368
CNG_Data2k_variance/files/Q00897.01-0000913051.PDF,Q00897.01-0000913051.PDF,.pdf,108618,ok,True,False,text,False,3,0,0,False,0,False,0-10,,False,,False,,clear_non_responsive,False,,0,likely_non_responsive,,False,False,0,0,0,0,0,0,0.26,True,False,False,stage1_nr,False,,,0,False,,False,,0
CNG_Data2k_variance/files/Q00897.01-0000756129.MSG,Q00897.01-0000756129.MSG,.msg,69120,ok,True,False,text,False,0,0,1,False,0,False,0-10,Name | Address | Email | Credentials,True,Contact Information | Access Credentials,False,,ambiguous,True,yes,3870,standard,,False,False,0,0,0,0,0,0,2.813,False,False,True,,True,likely_yes,yes,3929,False,standard,False,,7799
CNG_Data2k_variance/files/Q00897.01-0000840147.0002.PDF,Q00897.01-0000840147.0002.PDF,.pdf,418776,ok,True,True,text,True,12,0,7,False,4,False,0-10,Name | Address | Email | Phone | Money/Amount | Demographic | Work-Related,True,Contact Information | Financial Account Information | Demographic Information | Work-Related Information,False,,ambiguous,True,yes,17103,standard,bde_llm_count,True,True,12,0,0,0,0,1,72.103,False,False,True,,True,clear_yes,yes,8982,False,standard,False,,26085
CNG_Data2k_variance/files/Q00897.01-0000720703.MSG,Q00897.01-0000720703.MSG,.msg,181760,ok,True,False,text,False,0,0,1,False,0,False,0-10,Name | Address | Email | Money/Amount,True,Contact Information | Financial Account Information,False,,ambiguous,True,yes,4255,standard,,False,False,0,0,0,0,0,0,4.143,False,False,True,,True,clear_yes,yes,4319,False,standard,False,,8574
CNG_Data2k_variance/files/Q00897.01-0000862101.XLSX,Q00897.01-0000862101.XLSX,.xlsx,19977,ok,True,True,text,True,1,0,95,False,33,True,50-100,Phone | SSN | Payment Card,True,Contact Information | Government-Issued Identification | Financial Account Information,True,,clear_responsive,False,,6714,structured_bde,bde_llm_count_roster,False,False,0,0,0,0,0,0,6.023,False,True,True,,True,clear_yes,yes,7789,True,structured_bde,False,,14503
CNG_Data2k_variance/files/Q00897.01-0000905627.PDF,Q00897.01-0000905627.PDF,.pdf,7363,ok,True,False,text,False,1,0,0,False,0,False,0-10,,False,,False,,clear_non_responsive,False,,0,likely_non_responsive,,False,False,0,0,0,0,0,0,0.037,True,False,False,stage1_nr,False,,,0,False,,False,,0
CNG_Data2k_variance/files/Q00897.01-0000901770.PDF,Q00897.01-0000901770.PDF,.pdf,19806,ok,True,False,text,False,3,0,1,False,0,False,0-10,Name | Address | Phone | Money/Amount,True,Contact Information | Financial Account Information,False,,ambiguous,True,yes,5744,standard,,False,False,0,0,0,0,0,0,3.924,False,False,True,,True,likely_yes,yes,5796,False,standard,False,,11540
CNG_Data2k_variance/files/Q00897.01-0000258211.0002.PDF,Q00897.01-0000258211.0002.PDF,.pdf,262629,ok,True,False,text,False,3,0,1,False,0,False,0-10,Name | Address | Bank/Account Number | Money/Amount,True,Contact Information | Financial Account Information,False,,ambiguous,True,yes,4440,standard,"img_ocr:p2(1/1,+386chars)",False,False,0,1,1,1,0,1,7.145,False,False,True,,True,likely_no,no,4534,False,likely_non_responsive,True,,8974
CNG_Data2k_variance/files/Q00897.01-0000898667.PDF,Q00897.01-0000898667.PDF,.pdf,11404,ok,True,False,text,False,2,0,1,False,0,False,0-10,Money/Amount,False,Financial Account Information,False,,clear_non_responsive,False,,0,likely_non_responsive,,False,False,0,0,0,0,0,0,0.087,True,False,False,stage1_nr,False,,,0,False,,False,,0
CNG_Data2k_variance/files/Q00897.01-0000420917.0001.PDF,Q00897.01-0000420917.0001.PDF,.pdf,4503058,ok,True,True,text,True,10,0,36,False,0,False,20-50,Address | Email | Phone | Money/Amount,True,Contact Information | Financial Account Information,False,,ambiguous,True,no,21855,likely_non_responsive,bde_llm_count,True,True,10,0,0,0,0,1,11.921,True,False,False,stage1_nr,False,,,0,False,,False,,21855
CNG_Data2k_variance/files/Q00897.01-0000022030.XLSX,Q00897.01-0000022030.XLSX,.xlsx,34965,ok,True,True,text,True,6,0,307,False,1,False,100+,Name | Money/Amount | Credentials | Work-Related,False,Financial Account Information | Access Credentials | Work-Related Information,False,,ambiguous,True,yes,7782,standard,roster_by_rowcount bde_llm_count,False,False,0,0,0,0,0,0,3.537,False,False,True,,True,likely_yes,yes,4352,True,structured_bde,False,,12134
CNG_Data2k_variance/files/Q00897.01-0000015729.PDF,Q00897.01-0000015729.PDF,.pdf,324273,ok,True,False,text,False,1,0,9,False,9,False,0-10,Name | Money/Amount | Work-Related,False,Financial Account Information | Work-Related Information,False,,ambiguous,True,yes,9197,standard,bde_llm_count_roster,False,False,0,0,0,0,0,0,5.051,False,False,True,,True,clear_yes,yes,5079,False,standard,False,,14276
CNG_Data2k_variance/files/Q00897.01-0000871581.TXT,Q00897.01-0000871581.TXT,.txt,1579,ok,True,False,text,False,0,0,2,False,0,False,0-10,Address | Phone | Money/Amount,True,Contact Information | Financial Account Information,False,,ambiguous,True,no,3954,likely_non_responsive,,False,False,0,0,0,0,0,0,1.495,True,False,False,stage1_nr,False,,,0,False,,False,,3954
CNG_Data2k_variance/files/Q00897.01-0000012493.PDF,Q00897.01-0000012493.PDF,.pdf,2444830,ok,True,False,text,False,1,0,2,False,0,False,0-10,Name | Address | Email | Phone | SSN | Money/Amount | Work-Related,True,Contact Information | Government-Issued Identification | Financial Account Information | Work-Related Information,False,,clear_responsive,False,,0,standard,,False,False,0,0,0,0,0,0,1.655,False,False,True,,True,clear_yes,yes,4199,False,standard,False,,4199
CNG_Data2k_variance/files/Q00897.01-0000691345.MSG,Q00897.01-0000691345.MSG,.msg,221184,ok,True,False,text,False,0,1,2,False,0,False,0-10,Phone,True,Contact Information,False,,ambiguous,True,no,4570,likely_non_responsive,,False,False,0,0,0,0,0,0,1.57,True,False,False,stage1_nr,False,,,0,False,,False,,4570
CNG_Data2k_variance/files/Q00897.01-0000324992.HTM,Q00897.01-0000324992.HTM,.htm,28831,ok,True,False,text,False,0,0,1,False,0,False,0-10,Money/Amount,False,Financial Account Information,False,,clear_non_responsive,False,,0,likely_non_responsive,,False,False,0,0,0,0,0,0,0.025,True,False,False,stage1_nr,False,,,0,False,,False,,0
CNG_Data2k_variance/files/Q00897.01-0000431491.0001.XLSX,Q00897.01-0000431491.0001.XLSX,.xlsx,64315,ok,True,True,text,True,3,0,2574,False,0,False,100+,Money/Amount,False,Financial Account Information,False,,ambiguous,True,no,8319,likely_non_responsive,roster_by_rowcount bde_llm_count,False,False,0,0,0,0,0,0,3.346,True,False,False,stage1_nr,False,,,0,False,,False,,8319
CNG_Data2k_variance\files\Q00897.01-0000852012.XLS,Q00897.01-0000852012.XLS,.xls,26595,ok,True,True,text,True,1,0,64,False,0,False,50-100,Money/Amount,False,Financial Account Information,False,,ambiguous,True,no,7343,likely_non_responsive,roster_by_rowcount bde_llm_count,False,False,0,0,0,0,0,0,3.408,True,False,False,stage1_nr,False,,,0,False,,False,,7343
CNG_Data2k_variance/files/Q00897.01-0000086603.PDF,Q00897.01-0000086603.PDF,.pdf,1096550,ok,True,True,text,True,3,0,16,False,1,False,10-20,Name | Address | Email | Tax ID | Money/Amount,True,Contact Information | Government-Issued Identification | Financial Account Information,False,,ambiguous,True,yes,13504,standard,bde_llm_count,True,True,3,0,0,0,0,1,13.271,False,False,True,,True,likely_yes,yes,7206,False,standard,False,,20710
CNG_Data2k_variance/files/Q00897.01-0000806233.MSG,Q00897.01-0000806233.MSG,.msg,97280,ok,True,False,text,False,0,1,3,False,0,False,0-10,Name | Address | Email | Phone | Money/Amount,True,Contact Information | Financial Account Information,False,,ambiguous,True,yes,4195,standard,,False,False,0,0,0,0,0,0,3.425,False,False,True,,True,likely_no,no,4240,False,likely_non_responsive,True,,8435
CNG_Data2k_variance/files/Q00897.01-0000457014.MSG,Q00897.01-0000457014.MSG,.msg,368128,ok,True,False,text,False,0,0,1,False,0,False,0-10,Address | Money/Amount,True,Contact Information | Financial Account Information,False,,ambiguous,True,no,6576,likely_non_responsive,,False,False,0,0,0,0,0,0,3.411,True,False,False,stage1_nr,False,,,0,False,,False,,6576
CNG_Data2k_variance/files/Q00897.01-0000836237.0001.DOCX,Q00897.01-0000836237.0001.DOCX,.docx,54460,ok,True,False,text,False,0,0,1,False,0,False,0-10,Name | Address,True,Contact Information,False,,ambiguous,True,no,6679,likely_non_responsive,,False,False,0,0,0,0,0,0,1.396,True,False,False,stage1_nr,False,,,0,False,,False,,6679
CNG_Data2k_variance/files/Q00897.01-0000594724.MSG,Q00897.01-0000594724.MSG,.msg,1993728,ok,True,False,text,False,0,3,9,False,7,False,0-10,Name | Address | Email | Phone,True,Contact Information,False,,ambiguous,True,yes,8434,standard,bde_llm_count,False,False,0,0,0,0,0,0,5.702,False,False,True,,True,likely_no,no,4677,False,likely_non_responsive,True,,13111
CNG_Data2k_variance/files/Q00897.01-0000246306.PDF,Q00897.01-0000246306.PDF,.pdf,125963,ok,True,False,text,False,1,0,1,False,0,False,0-10,Money/Amount,False,Financial Account Information,False,,clear_non_responsive,False,,0,likely_non_responsive,,False,False,0,0,0,0,0,0,0.062,True,False,False,stage1_nr,False,,,0,False,,False,,0
CNG_Data2k_variance/files/Q00897.01-0000583040.0001.PDF,Q00897.01-0000583040.0001.PDF,.pdf,21152,ok,True,False,text,False,1,0,0,False,0,False,0-10,,False,,False,,clear_non_responsive,False,,0,likely_non_responsive,,False,False,0,0,0,0,0,0,0.023,True,False,False,stage1_nr,False,,,0,False,,False,,0
CNG_Data2k_variance/files/Q00897.01-0000125197.PDF,Q00897.01-0000125197.PDF,.pdf,3211334,ok,True,True,text,True,15,0,219,False,6,False,100+,Name | Address | Email | Phone | Money/Amount,True,Contact Information | Financial Account Information,False,,ambiguous,False,,9852,standard,llm_failed:JSONDecodeError bde_llm_count,True,True,15,0,0,0,0,1,23.378,False,False,True,,True,likely_yes,yes,10897,True,structured_bde,False,,20749
CNG_Data2k_variance/files/Q00897.01-0000626463.MSG,Q00897.01-0000626463.MSG,.msg,58880,ok,True,False,text,False,0,1,6,False,0,False,0-10,Name | Address | Email | Phone,True,Contact Information,False,,ambiguous,True,yes,5059,standard,,False,False,0,0,0,0,0,0,4.15,False,False,True,,True,likely_no,no,5091,False,likely_non_responsive,True,,10150
CNG_Data2k_variance/files/Q00897.01-0000005595.PDF,Q00897.01-0000005595.PDF,.pdf,1651395,ok,True,True,text,True,2,0,28,False,3,False,20-50,Name | Money/Amount,False,Financial Account Information,False,,ambiguous,True,yes,8832,standard,bde_llm_count,True,True,2,0,0,0,0,1,13.181,False,False,True,,True,likely_yes,yes,4890,False,standard,False,,13722
CNG_Data2k_variance/files/Q00897.01-0000651651.0001.PDF,Q00897.01-0000651651.0001.PDF,.pdf,31545,ok,True,True,text,True,1,0,7,False,0,False,0-10,Name | Address | Phone | Card Expiry/CVV | Money/Amount,True,Contact Information | Financial Account Information,False,,ambiguous,True,no,7384,likely_non_responsive,bde_llm_count,True,True,1,0,0,0,0,1,7.153,True,False,False,stage1_nr,False,,,0,False,,False,,7384
CNG_Data2k_variance/files/Q00897.01-0000434788.0002.XLSX,Q00897.01-0000434788.0002.XLSX,.xlsx,757791,ok,True,True,text,True,10,0,92,False,0,False,50-100,Phone | Payment Card | Money/Amount,True,Contact Information | Financial Account Information,False,,ambiguous,True,no,14184,likely_non_responsive,bde_llm_count,False,False,0,0,0,0,0,0,3.825,True,False,False,stage1_nr,False,,,0,False,,False,,14184
CNG_Data2k_variance/files/Q00897.01-0000904382.PDF,Q00897.01-0000904382.PDF,.pdf,64925,ok,True,False,text,False,13,0,3,False,0,False,0-10,Name | Address | Phone | Money/Amount | Work-Related,True,Contact Information | Financial Account Information | Work-Related Information,False,,ambiguous,True,yes,14085,standard,,False,False,0,0,0,0,0,0,4.182,False,False,True,,True,clear_yes,yes,14153,False,standard,False,,28238
CNG_Data2k_variance/files/Q00897.01-0000834965.0001.DOCM,Q00897.01-0000834965.0001.DOCM,.docm,25061,ok,True,False,text,False,0,0,2,False,0,False,0-10,Name | Address | Card/Transaction,True,Contact Information | Financial Account Information,False,,ambiguous,True,no,4267,likely_non_responsive,,False,False,0,0,0,0,0,0,1.86,True,False,False,stage1_nr,False,,,0,False,,False,,4267
CNG_Data2k_variance/files/Q00897.01-0000898075.PDF,Q00897.01-0000898075.PDF,.pdf,20698,ok,True,True,text,True,3,0,53,False,3,True,50-100,Name | Address | Phone | Money/Amount | Work-Related,True,Contact Information | Financial Account Information | Work-Related Information,True,,ambiguous,True,yes,9146,structured_bde,bde_llm_count_roster,True,True,3,0,0,0,0,1,13.173,False,True,True,,True,clear_yes,yes,5029,True,structured_bde,False,,14175
CNG_Data2k_variance/files/Q00897.01-0000788010.0001.DOCX,Q00897.01-0000788010.0001.DOCX,.docx,32303,ok,True,False,text,False,0,0,1,False,0,False,0-10,Money/Amount,False,Financial Account Information,False,,clear_non_responsive,False,,0,likely_non_responsive,,False,False,0,0,0,0,0,0,0.059,True,False,False,stage1_nr,False,,,0,False,,False,,0
CNG_Data2k_variance/files/Q00897.01-0000134627.PDF,Q00897.01-0000134627.PDF,.pdf,772723,ok,True,True,text,True,4,0,55,False,0,False,50-100,Phone | Money/Amount,True,Contact Information | Financial Account Information,False,,ambiguous,True,no,9806,likely_non_responsive,bde_llm_count,True,True,4,0,0,0,0,1,9.158,True,False,False,stage1_nr,False,,,0,False,,False,,9806
CNG_Data2k_variance/files/Q00897.01-0000630634.0001.XLSX,Q00897.01-0000630634.0001.XLSX,.xlsx,46008,ok,True,True,text,True,1,0,523,False,0,False,100+,Payment Card | Money/Amount,True,Financial Account Information,False,,ambiguous,True,no,9564,likely_non_responsive,roster_by_rowcount bde_llm_count,False,False,0,0,0,0,0,0,3.11,True,False,False,stage1_nr,False,,,0,False,,False,,9564
CNG_Data2k_variance/files/Q00897.01-0000684689.MSG,Q00897.01-0000684689.MSG,.msg,224768,ok,True,False,text,False,0,0,5,False,0,False,0-10,Name | Address,True,Contact Information,False,,ambiguous,True,no,5073,likely_non_responsive,,False,False,0,0,0,0,0,0,1.594,True,False,False,stage1_nr,False,,,0,False,,False,,5073
CNG_Data2k_variance/files/Q00897.01-0000397159.0001.PDF,Q00897.01-0000397159.0001.PDF,.pdf,176252,ok,True,False,text,False,1,0,1,False,0,False,0-10,Card Expiry/CVV | Money/Amount,False,Financial Account Information,False,,ambiguous,True,no,4568,likely_non_responsive,,False,False,0,0,0,0,0,0,1.451,True,False,False,stage1_nr,False,,,0,False,,False,,4568
CNG_Data2k_variance/files/Q00897.01-0000686860.MSG,Q00897.01-0000686860.MSG,.msg,169472,ok,True,False,text,False,0,0,1,False,0,False,0-10,Name | Address | Email | Phone | Card/Transaction | Money/Amount,True,Contact Information | Financial Account Information,False,,ambiguous,True,yes,4318,standard,,False,False,0,0,0,0,0,0,3.977,False,False,True,,True,likely_yes,yes,4393,False,standard,False,,8711
CNG_Data2k_variance/files/Q00897.01-0000901833.PDF,Q00897.01-0000901833.PDF,.pdf,19918,ok,True,False,text,False,3,0,2,False,0,False,0-10,Name | Address | Phone | Money/Amount,True,Contact Information | Financial Account Information,False,,ambiguous,True,yes,5793,standard,,False,False,0,0,0,0,0,0,7.914,False,False,True,,True,likely_yes,yes,5829,False,standard,False,,11622
CNG_Data2k_variance/files/Q00897.01-0000293965.PDF,Q00897.01-0000293965.PDF,.pdf,141407,ok,True,False,text,False,3,0,2,False,0,False,0-10,Name | Address | Phone | Account Balance | Money/Amount,True,Contact Information | Financial Account Information,False,,ambiguous,True,yes,4847,standard,"img_ocr:p1,p1(2/2,+35chars)",False,False,0,2,2,2,0,2,10.898,False,False,True,,True,likely_no,no,4898,False,likely_non_responsive,True,,9745
CNG_Data2k_variance\files\Q00897.01-0000828874.0002.XLS,Q00897.01-0000828874.0002.XLS,.xls,307460,ok,True,True,text,True,1,0,96,False,2,False,50-100,Name | Money/Amount,False,Financial Account Information,False,,ambiguous,True,yes,13073,standard,bde_llm_count,False,False,0,0,0,0,0,0,6.675,False,False,True,,True,likely_no,no,6990,True,likely_non_responsive,True,,20063
CNG_Data2k_variance/files/Q00897.01-0000841750.0022.PDF,Q00897.01-0000841750.0022.PDF,.pdf,22590,ok,True,False,text,False,9,0,1,False,0,False,0-10,Card/Transaction | Money/Amount | Work-Related,False,Financial Account Information | Work-Related Information,False,,ambiguous,True,no,10232,likely_non_responsive,,False,False,0,0,0,0,0,0,1.378,True,False,False,stage1_nr,False,,,0,False,,False,,10232
CNG_Data2k_variance/files/Q00897.01-0000671999.0001.RTF,Q00897.01-0000671999.0001.RTF,.rtf,25348,ok,True,False,text,False,0,0,1,False,0,False,0-10,Phone | Bank/Account Number | Money/Amount,True,Contact Information | Financial Account Information,False,,ambiguous,True,no,3765,likely_non_responsive,,False,False,0,0,0,0,0,0,1.243,True,False,False,stage1_nr,False,,,0,False,,False,,3765
CNG_Data2k_variance/files/Q00897.01-0000915820.PDF,Q00897.01-0000915820.PDF,.pdf,212710,ok,True,False,text,False,2,0,1,False,0,False,0-10,Name | Phone | Money/Amount,True,Contact Information | Financial Account Information,False,,ambiguous,True,yes,4324,standard,,False,False,0,0,0,0,0,0,3.194,False,False,True,,True,likely_yes,yes,4370,False,standard,False,,8694
CNG_Data2k_variance/files/Q00897.01-0000884337.MSG,Q00897.01-0000884337.MSG,.msg,184832,ok,True,False,text,False,0,0,2,False,0,False,0-10,Name | Address | Email,True,Contact Information,False,,ambiguous,True,no,5953,likely_non_responsive,,False,False,0,0,0,0,0,0,1.701,True,False,False,stage1_nr,False,,,0,False,,False,,5953
CNG_Data2k_variance/files/Q00897.01-0000791279.MSG,Q00897.01-0000791279.MSG,.msg,151552,ok,True,False,text,False,0,0,3,False,0,False,0-10,Name | Address | Email | Phone | Money/Amount,True,Contact Information | Financial Account Information,False,,ambiguous,True,yes,4601,standard,,False,False,0,0,0,0,0,0,3.807,False,False,True,,True,likely_no,no,4642,False,likely_non_responsive,True,,9243
CNG_Data2k_variance/files/Q00897.01-0000820813.0002.DOCX,Q00897.01-0000820813.0002.DOCX,.docx,36687,ok,True,False,text,False,0,0,1,False,0,False,0-10,Address,True,Contact Information,False,,ambiguous,True,no,5500,likely_non_responsive,,False,False,0,0,0,0,0,0,1.479,True,False,False,stage1_nr,False,,,0,False,,False,,5500
CNG_Data2k_variance/files/Q00897.01-0000616784.MSG,Q00897.01-0000616784.MSG,.msg,228864,ok,True,False,text,False,0,4,5,False,0,False,0-10,Name | Address | Email | Phone | Credentials,True,Contact Information | Access Credentials,False,,ambiguous,True,yes,5400,standard,,False,False,0,0,0,0,0,0,6.013,False,False,True,,True,likely_yes,yes,5480,False,standard,False,,10880
CNG_Data2k_variance/files/Q00897.01-0000744035.MSG,Q00897.01-0000744035.MSG,.msg,172544,ok,True,False,text,False,0,0,2,False,0,False,0-10,Address | Email | Phone,True,Contact Information,False,,ambiguous,True,no,4102,likely_non_responsive,,False,False,0,0,0,0,0,0,1.998,True,False,False,stage1_nr,False,,,0,False,,False,,4102
CNG_Data2k_variance/files/Q00897.01-0000809725.0001.DOCX,Q00897.01-0000809725.0001.DOCX,.docx,24695,ok,True,False,text,False,0,0,1,False,0,False,0-10,Name | Health,False,Health-Related Information,False,,ambiguous,True,no,5417,likely_non_responsive,,False,False,0,0,0,0,0,0,1.697,True,False,False,stage1_nr,False,,,0,False,,False,,5417
CNG_Data2k_variance/files/Q00897.01-0000459873.MSG,Q00897.01-0000459873.MSG,.msg,108544,ok,True,False,text,False,0,0,3,False,0,False,0-10,Name | Address | Email | Phone,True,Contact Information,False,,ambiguous,True,yes,4858,standard,,False,False,0,0,0,0,0,0,3.503,False,False,True,,True,likely_no,no,4891,False,likely_non_responsive,True,,9749
CNG_Data2k_variance/files/Q00897.01-0000265072.CSV,Q00897.01-0000265072.CSV,.csv,36433,ok,True,True,text,True,0,0,299,False,0,False,100+,Card/Transaction,False,Financial Account Information,False,,ambiguous,True,no,11136,likely_non_responsive,roster_by_rowcount bde_llm_count,False,False,0,0,0,0,0,0,2.404,True,False,False,stage1_nr,False,,,0,False,,False,,11136
CNG_Data2k_variance/files/Q00897.01-0000678910.MSG,Q00897.01-0000678910.MSG,.msg,139776,ok,True,False,text,False,0,0,0,False,0,False,0-10,,False,,False,,clear_non_responsive,False,,0,likely_non_responsive,,False,False,0,0,0,0,0,0,0.955,True,False,False,stage1_nr,False,,,0,False,,False,,0
CNG_Data2k_variance/files/Q00897.01-0000892153.PDF,Q00897.01-0000892153.PDF,.pdf,42518,ok,True,False,text,False,6,0,6,False,0,False,0-10,Name | Address,True,Contact Information,False,,ambiguous,True,yes,8700,standard,,False,False,0,0,0,0,0,0,4.383,False,False,True,,True,likely_yes,yes,8774,False,standard,False,,17474
CNG_Data2k_variance/files/Q00897.01-0000107968.XLSX,Q00897.01-0000107968.XLSX,.xlsx,11707301,ok,True,True,text,True,17,0,294,False,0,False,100+,Phone | Money/Amount,True,Contact Information | Financial Account Information,False,,ambiguous,True,no,7878,likely_non_responsive,bde_llm_count,False,False,0,0,0,0,0,0,22.108,True,False,False,stage1_nr,False,,,0,False,,False,,7878
CNG_Data2k_variance/files/Q00897.01-0000112101.XLSX,Q00897.01-0000112101.XLSX,.xlsx,33931,ok,True,True,text,True,1,0,573,False,0,False,100+,Work-Related,False,Work-Related Information,False,,ambiguous,True,no,8376,likely_non_responsive,roster_by_rowcount bde_llm_count,False,False,0,0,0,0,0,0,2.984,True,False,False,stage1_nr,False,,,0,False,,False,,8376
CNG_Data2k_variance/files/Q00897.01-0000472204.MSG,Q00897.01-0000472204.MSG,.msg,23552,ok,True,False,text,False,0,0,0,False,0,False,0-10,,False,,False,,clear_non_responsive,False,,0,likely_non_responsive,,False,False,0,0,0,0,0,0,0.066,True,False,False,stage1_nr,False,,,0,False,,False,,0
CNG_Data2k_variance/files/Q00897.01-0000834695.MSG,Q00897.01-0000834695.MSG,.msg,141824,ok,True,False,text,False,0,0,4,False,0,False,0-10,Name | Address | Email | Phone,True,Contact Information,False,,ambiguous,True,yes,7128,standard,,False,False,0,0,0,0,0,0,4.909,False,False,True,,True,likely_no,no,7194,False,likely_non_responsive,True,,14322
CNG_Data2k_variance/files/Q00897.01-0000108014.PDF,Q00897.01-0000108014.PDF,.pdf,513625,ok,True,True,text,True,15,0,159,False,2,False,100+,Name | Email | Money/Amount | Health | Work-Related,True,Contact Information | Financial Account Information | Health-Related Information | Work-Related Information,False,,ambiguous,True,yes,17792,standard,bde_llm_count,True,True,15,0,0,0,0,1,13.212,False,False,True,,True,likely_no,no,9394,True,likely_non_responsive,True,,27186
CNG_Data2k_variance/files/Q00897.01-0000693432.MSG,Q00897.01-0000693432.MSG,.msg,163328,ok,True,False,text,False,0,0,0,False,0,False,0-10,,False,,False,,clear_non_responsive,False,,0,likely_non_responsive,,False,False,0,0,0,0,0,0,0.981,True,False,False,stage1_nr,False,,,0,False,,False,,0
CNG_Data2k_variance/files/Q00897.01-0000818298.0001.PDF,Q00897.01-0000818298.0001.PDF,.pdf,131944,ok,True,True,text,True,2,0,10,False,2,False,0-10,Name | Address | Money/Amount,True,Contact Information | Financial Account Information,False,,ambiguous,True,no,7612,likely_non_responsive,bde_llm_count,True,True,2,0,0,0,0,1,8.145,True,False,False,stage1_nr,False,,,0,False,,False,,7612
CNG_Data2k_variance/files/Q00897.01-0000326818.PDF,Q00897.01-0000326818.PDF,.pdf,408400,ok,True,False,text,False,121,0,1,False,0,False,0-10,Name | Address | Phone | Card/Transaction | Money/Amount,True,Contact Information | Financial Account Information,False,,ambiguous,True,yes,17474,standard,,False,False,0,0,0,0,0,0,9.292,False,False,True,,True,likely_yes,yes,17526,False,standard,False,,35000
CNG_Data2k_variance/files/Q00897.01-0000044990.PDF,Q00897.01-0000044990.PDF,.pdf,91342,ok,True,False,text,False,2,0,2,False,0,False,0-10,Phone | Bank/Account Number | Money/Amount,True,Contact Information | Financial Account Information,False,,ambiguous,True,no,4161,likely_non_responsive,"img_ocr:p1,p1(2/2,+339chars)",False,False,0,2,2,2,0,2,9.794,True,False,False,stage1_nr,False,,,0,False,,False,,4161
CNG_Data2k_variance/files/Q00897.01-0000592254.0001.PDF,Q00897.01-0000592254.0001.PDF,.pdf,129668,ok,True,False,text,False,1,0,0,False,0,False,0-10,,False,,False,,clear_non_responsive,False,,0,likely_non_responsive,,False,False,0,0,0,0,0,0,0.092,True,False,False,stage1_nr,False,,,0,False,,False,,0
CNG_Data2k_variance/files/Q00897.01-0000404375.0001.PDF,Q00897.01-0000404375.0001.PDF,.pdf,49289,ok,True,False,text,False,17,0,20,False,20,False,10-20,Name | Address | Card/Transaction | Money/Amount,True,Contact Information | Financial Account Information,False,,ambiguous,True,yes,30918,standard,bde_llm_count,False,False,0,0,0,0,0,0,8.52,False,False,True,,True,likely_no,no,16007,False,likely_non_responsive,True,,46925
CNG_Data2k_variance/files/Q00897.01-0000276503.PDF,Q00897.01-0000276503.PDF,.pdf,250449,ok,True,False,text,False,2,0,2,False,0,False,0-10,Name | Address | Phone | Money/Amount,True,Contact Information | Financial Account Information,False,,ambiguous,True,no,4031,likely_non_responsive,,True,True,2,0,0,0,0,1,7.316,True,False,False,stage1_nr,False,,,0,False,,False,,4031
CNG_Data2k_variance/files/Q00897.01-0000850271.PDF,Q00897.01-0000850271.PDF,.pdf,2367326,ok,True,True,text,True,8,0,71,False,0,False,50-100,Name | Address | Phone | Money/Amount,True,Contact Information | Financial Account Information,False,,ambiguous,True,no,16067,likely_non_responsive,bde_llm_count,True,True,8,0,0,0,0,1,60.661,True,False,False,stage1_nr,False,,,0,False,,False,,16067
CNG_Data2k_variance/files/Q00897.01-0000344646.PDF,Q00897.01-0000344646.PDF,.pdf,12247,ok,True,False,text,False,2,0,1,False,0,False,0-10,Money/Amount,False,Financial Account Information,False,,clear_non_responsive,False,,0,likely_non_responsive,,False,False,0,0,0,0,0,0,0.216,True,False,False,stage1_nr,False,,,0,False,,False,,0
CNG_Data2k_variance/files/Q00897.01-0000401140.MSG,Q00897.01-0000401140.MSG,.msg,116736,ok,True,False,text,False,0,0,14,False,14,False,10-20,Name | Address | Email | Phone | Money/Amount,True,Contact Information | Financial Account Information,False,,ambiguous,True,yes,16788,standard,bde_llm_count,False,False,0,0,0,0,0,0,8.783,False,False,True,,True,likely_yes,yes,8766,False,standard,False,,25554
CNG_Data2k_variance/files/Q00897.01-0000347574.PDF,Q00897.01-0000347574.PDF,.pdf,269313,ok,True,True,text,True,2,0,10,False,1,False,0-10,Address | Phone | Money/Amount,True,Contact Information | Financial Account Information,False,,ambiguous,True,yes,7585,standard,bde_llm_count,True,True,2,0,0,0,0,1,69.59,False,False,True,,True,clear_no,no,4249,False,likely_non_responsive,True,,11834
CNG_Data2k_variance/files/Q00897.01-0000842575.MSG,Q00897.01-0000842575.MSG,.msg,325632,ok,True,False,text,False,0,1,5,False,0,False,0-10,Name | Email,True,Contact Information,False,,ambiguous,True,yes,5759,standard,,False,False,0,0,0,0,0,0,3.558,False,False,True,,True,likely_no,no,5844,False,likely_non_responsive,True,,11603
CNG_Data2k_variance/files/Q00897.01-0000519083.0001.XLSX,Q00897.01-0000519083.0001.XLSX,.xlsx,124846,ok,True,True,text,True,1,0,455,False,455,True,100+,Name | Phone | Money/Amount,True,Contact Information | Financial Account Information,True,,ambiguous,True,yes,18490,structured_bde,bde_llm_count_roster,False,False,0,0,0,0,0,0,4.521,False,True,True,,True,likely_no,no,9701,True,likely_non_responsive,True,,28191
CNG_Data2k_variance/files/Q00897.01-0000112427.XLSX,Q00897.01-0000112427.XLSX,.xlsx,615427,ok,True,True,text,True,3,0,129,False,0,False,100+,Phone | Bank/Account Number | Money/Amount,True,Contact Information | Financial Account Information,False,,ambiguous,True,no,15418,likely_non_responsive,roster_by_rowcount bde_llm_count,False,False,0,0,0,0,0,0,2.588,True,False,False,stage1_nr,False,,,0,False,,False,,15418
CNG_Data2k_variance/files/Q00897.01-0000389716.MSG,Q00897.01-0000389716.MSG,.msg,118784,ok,True,False,text,False,0,0,2,False,0,False,0-10,Name | Address | Email | Phone | Card/Transaction | Money/Amount | Credentials,True,Contact Information | Financial Account Information | Access Credentials,False,,ambiguous,True,no,4663,likely_non_responsive,,False,False,0,0,0,0,0,0,3.462,True,False,False,stage1_nr,False,,,0,False,,False,,4663
CNG_Data2k_variance/files/Q00897.01-0000721600.MSG,Q00897.01-0000721600.MSG,.msg,217600,ok,True,False,text,False,0,2,2,False,0,False,0-10,Name | Address | Email | Phone | Money/Amount | Health,True,Contact Information | Financial Account Information | Health-Related Information,False,,ambiguous,True,yes,4425,standard,,False,False,0,0,0,0,0,0,61.755,False,False,True,,True,likely_no,no,4507,False,likely_non_responsive,True,,8932
CNG_Data2k_variance/files/Q00897.01-0000697181.MSG,Q00897.01-0000697181.MSG,.msg,143872,ok,True,False,text,False,0,0,1,False,0,False,0-10,Name,False,,False,,ambiguous,True,yes,3966,standard,,False,False,0,0,0,0,0,0,3.017,False,False,True,,True,borderline,no,4020,False,likely_non_responsive,True,,7986
CNG_Data2k_variance\files\Q00897.01-0000850439.DOC,Q00897.01-0000850439.DOC,.doc,22452,ok,True,False,text,False,0,0,0,False,0,False,0-10,,False,,False,,clear_non_responsive,False,,0,likely_non_responsive,,False,False,0,0,0,0,0,0,0.038,True,False,False,stage1_nr,False,,,0,False,,False,,0
CNG_Data2k_variance/files/Q00897.01-0000902839.PDF,Q00897.01-0000902839.PDF,.pdf,20338,ok,True,False,text,False,3,0,1,False,0,False,0-10,Address | Phone | Money/Amount,True,Contact Information | Financial Account Information,False,,ambiguous,True,no,5814,likely_non_responsive,,False,False,0,0,0,0,0,0,1.246,True,False,False,stage1_nr,False,,,0,False,,False,,5814
CNG_Data2k_variance/files/Q00897.01-0000899068.PDF,Q00897.01-0000899068.PDF,.pdf,15363,ok,True,False,text,False,2,0,1,False,0,False,0-10,Money/Amount,False,Financial Account Information,False,,clear_non_responsive,False,,0,likely_non_responsive,,False,False,0,0,0,0,0,0,0.086,True,False,False,stage1_nr,False,,,0,False,,False,,0
CNG_Data2k_variance/files/Q00897.01-0000139431.XLSX,Q00897.01-0000139431.XLSX,.xlsx,13799,ok,True,True,text,True,3,0,0,False,0,False,0-10,Address | Card/Transaction | Money/Amount,True,Contact Information | Financial Account Information,False,,ambiguous,True,no,6732,structured_unreadable,bde_llm_count,False,False,0,0,0,0,0,0,3.321,False,False,True,,True,clear_no,no,3840,False,likely_non_responsive,True,,10572
CNG_Data2k_variance/files/Q00897.01-0000537422.0001.PDF,Q00897.01-0000537422.0001.PDF,.pdf,22633,ok,True,False,text,False,1,0,1,False,0,False,0-10,Money/Amount,False,Financial Account Information,False,,clear_non_responsive,False,,0,likely_non_responsive,,False,False,0,0,0,0,0,0,0.026,True,False,False,stage1_nr,False,,,0,False,,False,,0
CNG_Data2k_variance/files/Q00897.01-0000842950.0001.PDF,Q00897.01-0000842950.0001.PDF,.pdf,453507,ok,True,False,text,False,4,0,1,False,0,False,0-10,Address | Phone | Money/Amount,True,Contact Information | Financial Account Information,False,,ambiguous,True,no,5626,likely_non_responsive,,False,False,0,0,0,0,0,0,3.093,True,False,False,stage1_nr,False,,,0,False,,False,,5626
CNG_Data2k_variance/files/Q00897.01-0000909631.PDF,Q00897.01-0000909631.PDF,.pdf,2744976,ok,True,False,text,False,516,0,495,False,51,True,100+,Name | Address | Phone | SSN | Money/Amount | Work-Related,True,Contact Information | Government-Issued Identification | Financial Account Information | Work-Related Information,True,,clear_responsive,False,,13073,bde,"img_ocr:p1,p1,p1,p1,p1,p6,p6,p7,p9,p11,p22,p24,p29(13/14,+355chars) bde_llm_count_roster",False,False,0,14,14,13,0,14,86.606,False,True,True,,True,clear_yes,yes,13992,True,bde,False,,27065
CNG_Data2k_variance/files/Q00897.01-0000807571.0001.DOCX,Q00897.01-0000807571.0001.DOCX,.docx,31171,ok,True,False,text,False,0,0,1,False,0,False,0-10,Health | Work-Related,False,Health-Related Information | Work-Related Information,False,,ambiguous,True,no,5556,likely_non_responsive,,False,False,0,0,0,0,0,0,1.186,True,False,False,stage1_nr,False,,,0,False,,False,,5556
CNG_Data2k_variance/files/Q00897.01-0000884215.PDF,Q00897.01-0000884215.PDF,.pdf,1391833,ok,True,True,text,True,15,0,343,False,2,False,100+,Name | Address | Phone | SSN | Money/Amount | Health | Work-Related,True,Contact Information | Government-Issued Identification | Financial Account Information | Health-Related Information | Work-Related Information,False,,clear_responsive,False,,8806,standard,bde_llm_count,True,True,15,0,0,0,0,1,10.264,False,False,True,,True,likely_yes,yes,9685,True,structured_bde,False,,18491
CNG_Data2k_variance/files/Q00897.01-0000669939.0002.PDF,Q00897.01-0000669939.0002.PDF,.pdf,9273,ok,True,False,text,False,8,0,3,False,0,False,0-10,Name | Address | Phone | Bank/Account Number | Money/Amount,True,Contact Information | Financial Account Information,False,,ambiguous,True,yes,5257,standard,,False,False,0,0,0,0,0,0,3.195,False,False,True,,True,clear_no,no,5322,False,likely_non_responsive,True,,10579
CNG_Data2k_variance/files/Q00897.01-0000017337.PDF,Q00897.01-0000017337.PDF,.pdf,166209,ok,True,False,text,False,1,0,1,False,0,False,0-10,Name | Email | Work-Related,True,Contact Information | Work-Related Information,False,,ambiguous,True,no,3823,likely_non_responsive,"img_ocr:p1(1/1,+15chars)",False,False,0,1,1,1,0,1,6.131,True,False,False,stage1_nr,False,,,0,False,,False,,3823
CNG_Data2k_variance/files/Q00897.01-0000658826.0001.PDF,Q00897.01-0000658826.0001.PDF,.pdf,418691,ok,True,False,text,False,4,0,4,False,0,False,0-10,Name | Address | Phone | Money/Amount | Health,True,Contact Information | Financial Account Information | Health-Related Information,False,,ambiguous,True,yes,8759,standard,"img_ocr:p2,p4(2/2,+20chars)",False,False,0,2,2,2,0,2,11.577,False,False,True,,True,likely_no,no,8806,False,likely_non_responsive,True,,17565
CNG_Data2k_variance/files/Q00897.01-0000892287.PDF,Q00897.01-0000892287.PDF,.pdf,203654,ok,True,False,text,False,30,0,12,False,6,False,10-20,Address | Phone | SSN | Money/Amount | Work-Related,True,Contact Information | Government-Issued Identification | Financial Account Information | Work-Related Information,False,,clear_responsive,False,,13802,standard,bde_llm_count_roster,False,False,0,0,0,0,0,0,9.84,False,False,True,,True,clear_yes,yes,14759,False,standard,False,,28561
CNG_Data2k_variance/files/Q00897.01-0000368645.MSG,Q00897.01-0000368645.MSG,.msg,245760,ok,True,False,text,False,0,0,1,False,0,False,0-10,Email | Money/Amount,True,Contact Information | Financial Account Information,False,,ambiguous,True,no,4126,likely_non_responsive,,False,False,0,0,0,0,0,0,60.273,True,False,False,stage1_nr,False,,,0,False,,False,,4126
CNG_Data2k_variance/files/Q00897.01-0000529321.0001.PDF,Q00897.01-0000529321.0001.PDF,.pdf,22565,ok,True,False,text,False,1,0,1,False,0,False,0-10,Money/Amount,False,Financial Account Information,False,,clear_non_responsive,False,,0,likely_non_responsive,,False,False,0,0,0,0,0,0,0.025,True,False,False,stage1_nr,False,,,0,False,,False,,0
CNG_Data2k_variance/files/Q00897.01-0000529743.0001.PDF,Q00897.01-0000529743.0001.PDF,.pdf,22571,ok,True,False,text,False,1,0,1,False,0,False,0-10,Money/Amount,False,Financial Account Information,False,,clear_non_responsive,False,,0,likely_non_responsive,,False,False,0,0,0,0,0,0,0.028,True,False,False,stage1_nr,False,,,0,False,,False,,0
CNG_Data2k_variance/files/Q00897.01-0000113654.PDF,Q00897.01-0000113654.PDF,.pdf,316538,ok,True,True,text,True,1,0,47,False,0,False,20-50,Money/Amount,False,Financial Account Information,False,,ambiguous,True,no,10577,likely_non_responsive,bde_llm_count,True,True,1,0,0,0,0,1,12.506,True,False,False,stage1_nr,False,,,0,False,,False,,10577
CNG_Data2k_variance/files/Q00897.01-0000853052.PDF,Q00897.01-0000853052.PDF,.pdf,18168,ok,True,True,text,True,1,0,3,False,1,False,0-10,Name | Money/Amount,True,Financial Account Information,False,,ambiguous,True,no,6883,likely_non_responsive,bde_llm_count,True,True,1,0,0,0,0,1,6.775,True,False,False,stage1_nr,False,,,0,False,,False,,6883
CNG_Data2k_variance/files/Q00897.01-0000806768.0001.DOCX,Q00897.01-0000806768.0001.DOCX,.docx,34557,ok,True,False,text,False,0,0,2,False,0,False,0-10,Name,False,,False,,ambiguous,True,no,5595,likely_non_responsive,,False,False,0,0,0,0,0,0,1.388,True,False,False,stage1_nr,False,,,0,False,,False,,5595
CNG_Data2k_variance/files/Q00897.01-0000606326.0001.PDF,Q00897.01-0000606326.0001.PDF,.pdf,21148,ok,True,False,text,False,1,0,0,False,0,False,0-10,,False,,False,,clear_non_responsive,False,,0,likely_non_responsive,,False,False,0,0,0,0,0,0,0.023,True,False,False,stage1_nr,False,,,0,False,,False,,0
CNG_Data2k_variance/files/Q00897.01-0000561905.0001.XLSX,Q00897.01-0000561905.0001.XLSX,.xlsx,767336,ok,True,True,text,True,1,0,5106,False,0,False,100+,Name | Phone | Payment Card,True,Contact Information | Financial Account Information,False,,ambiguous,True,yes,19497,standard,bde_llm_count,False,False,0,0,0,0,0,0,5.455,False,False,True,,True,likely_no,no,10247,True,likely_non_responsive,True,,29744
CNG_Data2k_variance/files/Q00897.01-0000256694.PDF,Q00897.01-0000256694.PDF,.pdf,940401,ok,True,False,text,False,4,0,4,False,0,False,0-10,Address | Phone | Bank/Account Number | Account Balance | Money/Amount,True,Contact Information | Financial Account Information,False,,ambiguous,True,yes,5600,standard,,False,False,0,0,0,0,0,0,2.809,False,False,True,,True,likely_no,no,5658,False,likely_non_responsive,True,,11258
CNG_Data2k_variance/files/Q00897.01-0000701493.0001.PDF,Q00897.01-0000701493.0001.PDF,.pdf,87066,ok,True,True,text,True,2,0,7,False,1,False,0-10,Name | Address | Phone | Money/Amount,True,Contact Information | Financial Account Information,False,,ambiguous,True,yes,9524,standard,bde_llm_count,True,True,2,0,0,0,0,1,70.172,False,False,True,,True,borderline,no,5255,False,likely_non_responsive,True,,14779
CNG_Data2k_variance/files/Q00897.01-0000264818.CSV,Q00897.01-0000264818.CSV,.csv,145011,ok,True,True,text,True,0,0,1232,False,0,False,100+,Payment Card | Card/Transaction,True,Financial Account Information,False,,ambiguous,True,no,11411,likely_non_responsive,roster_by_rowcount bde_llm_count,False,False,0,0,0,0,0,0,2.174,True,False,False,stage1_nr,False,,,0,False,,False,,11411
CNG_Data2k_variance/files/Q00897.01-0000654072.MSG,Q00897.01-0000654072.MSG,.msg,448512,ok,True,False,text,False,0,10,7,False,6,False,0-10,Name | Address | Email | Phone | Money/Amount,True,Contact Information | Financial Account Information,False,,ambiguous,True,yes,16716,standard,bde_llm_count,False,False,0,0,0,0,0,0,15.523,False,False,True,,True,likely_no,no,8826,False,likely_non_responsive,True,,25542
CNG_Data2k_variance/files/Q00897.01-0000341926.DOCX,Q00897.01-0000341926.DOCX,.docx,27691,ok,True,False,text,False,0,0,1,False,0,False,0-10,Name | Address | Health,True,Contact Information | Health-Related Information,False,,ambiguous,True,no,5230,likely_non_responsive,,False,False,0,0,0,0,0,0,1.473,True,False,False,stage1_nr,False,,,0,False,,False,,5230
CNG_Data2k_variance/files/Q00897.01-0000693668.MSG,Q00897.01-0000693668.MSG,.msg,205824,ok,True,False,text,False,0,0,2,False,0,False,0-10,Name | Address | Work-Related,True,Contact Information | Work-Related Information,False,,ambiguous,True,yes,4378,standard,,False,False,0,0,0,0,0,0,5.068,False,False,True,,True,likely_yes,yes,4547,False,standard,False,,8925
CNG_Data2k_variance/files/Q00897.01-0000662850.MSG,Q00897.01-0000662850.MSG,.msg,348160,ok,True,False,text,False,0,24,7,False,2,False,0-10,Name | Address | Email | Phone,True,Contact Information,False,,ambiguous,True,yes,8265,standard,bde_llm_count,False,False,0,0,0,0,0,0,7.107,False,False,True,,True,likely_no,no,4591,False,likely_non_responsive,True,,12856
CNG_Data2k_variance/files/Q00897.01-0000427736.MSG,Q00897.01-0000427736.MSG,.msg,159232,ok,True,False,text,False,0,0,2,False,0,False,0-10,Name | Address | Email | Phone,True,Contact Information,False,,ambiguous,True,yes,4153,standard,,False,False,0,0,0,0,0,0,3.95,False,False,True,,True,likely_no,no,4254,False,likely_non_responsive,True,,8407
CNG_Data2k_variance/files/Q00897.01-0000868743.TXT,Q00897.01-0000868743.TXT,.txt,4979,ok,True,False,text,False,0,0,8,False,0,False,0-10,Name | Address | Phone | Money/Amount,True,Contact Information | Financial Account Information,False,,ambiguous,True,yes,11608,standard,bde_llm_count,False,False,0,0,0,0,0,0,18.834,False,False,True,,True,likely_yes,yes,6287,False,standard,False,,17895
CNG_Data2k_variance/files/Q00897.01-0000912028.PDF,Q00897.01-0000912028.PDF,.pdf,379211,ok,True,False,text,False,47,0,0,False,0,False,0-10,,False,,False,,clear_non_responsive,False,,0,likely_non_responsive,,False,False,0,0,0,0,0,0,4.645,True,False,False,stage1_nr,False,,,0,False,,False,,0
CNG_Data2k_variance/files/Q00897.01-0000416474.MSG,Q00897.01-0000416474.MSG,.msg,130560,ok,True,False,text,False,0,0,1,False,0,False,0-10,Name | Email | Card/Transaction | Money/Amount,True,Contact Information | Financial Account Information,False,,ambiguous,True,yes,3880,standard,,False,False,0,0,0,0,0,0,2.672,False,False,True,,True,likely_no,no,3942,False,likely_non_responsive,True,,7822
CNG_Data2k_variance/files/Q00897.01-0000267041.XLSX,Q00897.01-0000267041.XLSX,.xlsx,13210,ok,True,True,text,True,1,0,30,False,0,False,20-50,Phone | Money/Amount,True,Contact Information | Financial Account Information,False,,ambiguous,True,no,10464,likely_non_responsive,bde_llm_count,False,False,0,0,0,0,0,0,2.865,True,False,False,stage1_nr,False,,,0,False,,False,,10464
CNG_Data2k_variance/files/Q00897.01-0000855691.XLSX,Q00897.01-0000855691.XLSX,.xlsx,251235,ok,True,True,text,True,3,0,563,False,6,True,100+,Name | Money/Amount,False,Financial Account Information,True,,ambiguous,True,yes,12256,structured_bde,bde_llm_count_roster,False,False,0,0,0,0,0,0,6.139,False,True,True,,True,clear_yes,yes,6604,True,structured_bde,False,,18860
CNG_Data2k_variance/files/Q00897.01-0000620628.0001.0008.XLSX,Q00897.01-0000620628.0001.0008.XLSX,.xlsx,1152995,ok,True,True,text,True,14,0,318,False,0,False,100+,Phone,True,Contact Information,False,,ambiguous,True,no,10996,likely_non_responsive,bde_llm_count,False,False,0,0,0,0,0,0,4.195,True,False,False,stage1_nr,False,,,0,False,,False,,10996
CNG_Data2k_variance/files/Q00897.01-0000109874.XLSX,Q00897.01-0000109874.XLSX,.xlsx,808054,ok,True,True,text,True,29,0,204,False,0,False,100+,Money/Amount,False,Financial Account Information,False,,ambiguous,True,no,7720,likely_non_responsive,bde_llm_count,False,False,0,0,0,0,0,0,3.689,True,False,False,stage1_nr,False,,,0,False,,False,,7720
CNG_Data2k_variance/files/Q00897.01-0000846297.MSG,Q00897.01-0000846297.MSG,.msg,25600,ok,True,False,text,False,0,0,2,False,0,False,0-10,Name | Address | Email | Phone,True,Contact Information,False,,ambiguous,True,yes,4302,standard,,False,False,0,0,0,0,0,0,63.61,False,False,True,,True,clear_no,no,4373,False,likely_non_responsive,True,,8675
CNG_Data2k_variance/files/Q00897.01-0000692186.MSG,Q00897.01-0000692186.MSG,.msg,220672,ok,True,False,text,False,0,0,1,False,0,False,0-10,Address | Email | Money/Amount,True,Contact Information | Financial Account Information,False,,ambiguous,True,no,4199,likely_non_responsive,,False,False,0,0,0,0,0,0,2.23,True,False,False,stage1_nr,False,,,0,False,,False,,4199
CNG_Data2k_variance/files/Q00897.01-0000663437.MSG,Q00897.01-0000663437.MSG,.msg,291840,ok,True,False,text,False,0,2,3,False,0,False,0-10,Name | Address | Email | Phone,True,Contact Information,False,,ambiguous,True,yes,4290,standard,,False,False,0,0,0,0,0,0,3.617,False,False,True,,True,likely_no,no,4356,False,likely_non_responsive,True,,8646
CNG_Data2k_variance/files/Q00897.01-0000669073.0002.PDF,Q00897.01-0000669073.0002.PDF,.pdf,11953,ok,True,False,text,False,11,0,3,False,0,False,0-10,Name | Address | Phone | Bank/Account Number | Money/Amount,True,Contact Information | Financial Account Information,False,,ambiguous,True,yes,5134,standard,,False,False,0,0,0,0,0,0,3.027,False,False,True,,True,clear_no,no,5238,False,likely_non_responsive,True,,10372
CNG_Data2k_variance/files/Q00897.01-0000283262.PDF,Q00897.01-0000283262.PDF,.pdf,120345,ok,True,True,text,True,2,0,13,False,2,False,10-20,Name | Address | Phone | Card/Transaction | Money/Amount,True,Contact Information | Financial Account Information,False,,ambiguous,True,yes,7000,standard,bde_llm_count,True,True,2,0,0,0,0,1,9.868,False,False,True,,True,likely_yes,yes,3973,False,standard,False,,10973
CNG_Data2k_variance/files/Q00897.01-0000247419.PDF,Q00897.01-0000247419.PDF,.pdf,933186,ok,True,False,text,False,2,0,1,False,0,False,0-10,Money/Amount,False,Financial Account Information,False,,clear_non_responsive,False,,0,likely_non_responsive,,False,False,0,0,0,0,0,0,0.135,True,False,False,stage1_nr,False,,,0,False,,False,,0
CNG_Data2k_variance/files/Q00897.01-0000861297.XLSX,Q00897.01-0000861297.XLSX,.xlsx,3153021,ok,True,True,text,True,1,0,13341,False,4,True,100+,SSN | Money/Amount,True,Government-Issued Identification | Financial Account Information,True,,clear_responsive,False,,11202,structured_bde,bde_llm_count_roster,False,False,0,0,0,0,0,0,7.643,False,True,True,,True,clear_yes,yes,12174,True,structured_bde,False,,23376
CNG_Data2k_variance/files/Q00897.01-0000807619.MSG,Q00897.01-0000807619.MSG,.msg,68608,ok,True,False,text,False,0,2,3,False,0,False,0-10,Name | Address | Email | Phone | Credentials,True,Contact Information | Access Credentials,False,,ambiguous,True,no,4231,likely_non_responsive,,False,False,0,0,0,0,0,0,1.402,True,False,False,stage1_nr,False,,,0,False,,False,,4231
CNG_Data2k_variance/files/Q00897.01-0000548697.0001.XLSX,Q00897.01-0000548697.0001.XLSX,.xlsx,33228,ok,True,True,text,True,1,0,258,False,0,False,100+,Phone | Money/Amount,True,Contact Information | Financial Account Information,False,,ambiguous,True,no,11700,likely_non_responsive,roster_by_rowcount bde_llm_count,False,False,0,0,0,0,0,0,3.19,True,False,False,stage1_nr,False,,,0,False,,False,,11700
CNG_Data2k_variance/files/Q00897.01-0000314044.PDF,Q00897.01-0000314044.PDF,.pdf,22783539,ok,True,False,text,False,15,0,2,False,0,False,0-10,Name | Email | Money/Amount | Health,True,Contact Information | Financial Account Information | Health-Related Information,False,,ambiguous,True,no,9187,likely_non_responsive,,True,True,15,0,0,0,0,1,14.773,True,False,False,stage1_nr,False,,,0,False,,False,,9187
CNG_Data2k_variance/files/Q00897.01-0000275359.PDF,Q00897.01-0000275359.PDF,.pdf,1078037,ok,True,True,text,True,2,0,18,False,2,False,10-20,Name | Address | Phone,True,Contact Information,False,,ambiguous,True,no,7664,likely_non_responsive,bde_llm_count,True,True,2,0,0,0,0,1,11.028,True,False,False,stage1_nr,False,,,0,False,,False,,7664
CNG_Data2k_variance/files/Q00897.01-0000391263.MSG,Q00897.01-0000391263.MSG,.msg,86528,ok,True,False,text,False,0,0,1,False,0,False,0-10,Email | Phone,True,Contact Information,False,,ambiguous,True,no,4422,likely_non_responsive,,False,False,0,0,0,0,0,0,2.015,True,False,False,stage1_nr,False,,,0,False,,False,,4422
CNG_Data2k_variance/files/Q00897.01-0000285759.PNG,Q00897.01-0000285759.PNG,.png,75991,ok,True,True,text,True,1,0,2,False,2,False,0-10,Name,False,,False,,ambiguous,True,yes,6710,standard,bde_llm_count,True,True,1,0,0,0,0,1,8.555,False,False,True,,True,clear_no,no,3826,False,likely_non_responsive,True,,10536
CNG_Data2k_variance/files/Q00897.01-0000023455.PDF,Q00897.01-0000023455.PDF,.pdf,27539,ok,True,False,text,False,1,0,1,False,0,False,0-10,Money/Amount,False,Financial Account Information,False,,clear_non_responsive,False,,0,likely_non_responsive,"img_ocr:p1,p1,p1,p1(4/4,+4chars)",False,False,0,4,4,4,0,4,17.134,True,False,False,stage1_nr,False,,,0,False,,False,,0
CNG_Data2k_variance/files/Q00897.01-0000291580.PDF,Q00897.01-0000291580.PDF,.pdf,612807,ok,True,False,text,False,4,0,58,False,58,True,50-100,Name | Phone | Money/Amount,True,Contact Information | Financial Account Information,True,,ambiguous,True,yes,14067,bde,bde_llm_count_roster,False,False,0,0,0,0,0,0,10.3,False,True,True,,True,clear_yes,yes,7699,True,bde,False,,21766
CNG_Data2k_variance/files/Q00897.01-0000895552.PDF,Q00897.01-0000895552.PDF,.pdf,17184,ok,True,True,text,True,2,0,36,False,3,False,20-50,Name | Address | Phone | Money/Amount | Work-Related,True,Contact Information | Financial Account Information | Work-Related Information,False,,ambiguous,True,yes,8273,standard,bde_llm_count,True,True,2,0,0,0,0,1,10.145,False,False,True,,True,clear_yes,yes,4591,False,standard,False,,12864
CNG_Data2k_variance/files/Q00897.01-0000112070.XLSX,Q00897.01-0000112070.XLSX,.xlsx,35022,ok,True,True,text,True,1,0,573,False,0,False,100+,Work-Related,False,Work-Related Information,False,,ambiguous,True,no,8406,likely_non_responsive,roster_by_rowcount bde_llm_count,False,False,0,0,0,0,0,0,2.477,True,False,False,stage1_nr,False,,,0,False,,False,,8406
CNG_Data2k_variance/files/Q00897.01-0000894045.PDF,Q00897.01-0000894045.PDF,.pdf,47438,ok,True,True,text,True,2,0,35,False,9,False,20-50,Name | SSN | Money/Amount,True,Government-Issued Identification | Financial Account Information,False,,clear_responsive,False,,3977,standard,bde_llm_count_roster,True,True,2,0,0,0,0,1,9.249,False,False,True,,True,clear_yes,yes,4874,False,standard,False,,8851
CNG_Data2k_variance/files/Q00897.01-0000771251.MSG,Q00897.01-0000771251.MSG,.msg,133632,ok,True,False,text,False,0,0,17,False,2,False,10-20,Name | Address | Email | Phone,True,Contact Information,False,,ambiguous,True,yes,7549,standard,bde_llm_count,False,False,0,0,0,0,0,0,5.161,False,False,True,,True,likely_no,no,4207,False,likely_non_responsive,True,,11756
CNG_Data2k_variance/files/Q00897.01-0000391554.MSG,Q00897.01-0000391554.MSG,.msg,69632,ok,True,False,text,False,0,0,1,False,0,False,0-10,Name | Address | Health,True,Contact Information | Health-Related Information,False,,ambiguous,True,yes,4581,standard,,False,False,0,0,0,0,0,0,2.986,False,False,True,,True,clear_no,no,4632,False,likely_non_responsive,True,,9213
CNG_Data2k_variance/files/Q00897.01-0000655113.MSG,Q00897.01-0000655113.MSG,.msg,2311168,ok,True,False,text,False,0,3,3,False,0,False,0-10,Name | Address | Email | Phone | Card/Transaction | Money/Amount,True,Contact Information | Financial Account Information,False,,ambiguous,True,yes,4023,standard,,False,False,0,0,0,0,0,0,2.652,False,False,True,,True,clear_no,no,4068,False,likely_non_responsive,True,,8091
CNG_Data2k_variance/files/Q00897.01-0000688078.MSG,Q00897.01-0000688078.MSG,.msg,239616,ok,True,False,text,False,0,0,2,False,0,False,0-10,Name | Address | Email | Phone,True,Contact Information,False,,ambiguous,True,yes,5292,standard,,False,False,0,0,0,0,0,0,3.254,False,False,True,,True,borderline,no,5389,False,likely_non_responsive,True,,10681
CNG_Data2k_variance/files/Q00897.01-0000660588.MSG,Q00897.01-0000660588.MSG,.msg,626176,ok,True,False,text,False,0,4,0,False,0,False,0-10,,False,,False,,clear_non_responsive,False,,0,likely_non_responsive,,False,False,0,0,0,0,0,0,4.065,True,False,False,stage1_nr,False,,,0,False,,False,,0
CNG_Data2k_variance/files/Q00897.01-0000283850.PDF,Q00897.01-0000283850.PDF,.pdf,16504,ok,True,False,text,False,1,0,2,False,0,False,0-10,Name | Email | Phone | Money/Amount,True,Contact Information | Financial Account Information,False,,ambiguous,True,yes,4025,standard,,False,False,0,0,0,0,0,0,2.659,False,False,True,,True,clear_no,no,4082,False,likely_non_responsive,True,,8107
CNG_Data2k_variance/files/Q00897.01-0000847936.0003.DOCX,Q00897.01-0000847936.0003.DOCX,.docx,21433,ok,True,False,text,False,0,0,2,False,0,False,0-10,Name | Address | Money/Amount | Work-Related,True,Contact Information | Financial Account Information | Work-Related Information,False,,ambiguous,True,yes,4101,standard,,False,False,0,0,0,0,0,0,62.641,False,False,True,,True,clear_yes,yes,4104,False,standard,False,,8205
CNG_Data2k_variance/files/Q00897.01-0000532609.0001.PDF,Q00897.01-0000532609.0001.PDF,.pdf,21152,ok,True,False,text,False,1,0,0,False,0,False,0-10,,False,,False,,clear_non_responsive,False,,0,likely_non_responsive,,False,False,0,0,0,0,0,0,0.022,True,False,False,stage1_nr,False,,,0,False,,False,,0
CNG_Data2k_variance/files/Q00897.01-0000547463.0001.XLSX,Q00897.01-0000547463.0001.XLSX,.xlsx,60434,ok,True,True,text,True,1,0,507,False,0,False,100+,Money/Amount,False,Financial Account Information,False,,ambiguous,True,no,15339,likely_non_responsive,roster_by_rowcount bde_llm_count,False,False,0,0,0,0,0,0,3.47,True,False,False,stage1_nr,False,,,0,False,,False,,15339
CNG_Data2k_variance/files/Q00897.01-0000344806.PDF,Q00897.01-0000344806.PDF,.pdf,26214,ok,True,False,text,False,4,0,1,False,0,False,0-10,Name | Address | Money/Amount,True,Contact Information | Financial Account Information,False,,ambiguous,True,yes,6296,standard,,False,False,0,0,0,0,0,0,3.756,False,False,True,,True,clear_yes,yes,6363,False,standard,False,,12659
CNG_Data2k_variance/files/Q00897.01-0000906009.PDF,Q00897.01-0000906009.PDF,.pdf,22338,ok,True,False,text,False,6,0,1,False,0,False,0-10,Address | Phone,True,Contact Information,False,,ambiguous,True,no,6245,likely_non_responsive,,False,False,0,0,0,0,0,0,2.04,True,False,False,stage1_nr,False,,,0,False,,False,,6245
CNG_Data2k_variance/files/Q00897.01-0000759052.MSG,Q00897.01-0000759052.MSG,.msg,75264,ok,True,False,text,False,0,0,3,False,0,False,0-10,Name | Address | Email | Phone,True,Contact Information,False,,ambiguous,True,no,4274,likely_non_responsive,,False,False,0,0,0,0,0,0,1.683,True,False,False,stage1_nr,False,,,0,False,,False,,4274
CNG_Data2k_variance/files/Q00897.01-0000651733.0001.PDF,Q00897.01-0000651733.0001.PDF,.pdf,26687,ok,True,True,text,True,1,0,5,False,0,False,0-10,Name | Address | Phone | Card Expiry/CVV | Money/Amount,True,Contact Information | Financial Account Information,False,,ambiguous,True,no,7206,likely_non_responsive,bde_llm_count,True,True,1,0,0,0,0,1,6.94,True,False,False,stage1_nr,False,,,0,False,,False,,7206
CNG_Data2k_variance/files/Q00897.01-0000905825.PDF,Q00897.01-0000905825.PDF,.pdf,150972,ok,True,False,text,False,19,0,50,False,51,True,20-50,Name | Address | Phone,True,Contact Information,True,,ambiguous,True,yes,34005,bde,bde_llm_count_roster,False,False,0,0,0,0,0,0,12.866,False,True,True,,True,clear_yes,yes,17616,False,standard,False,,51621
CNG_Data2k_variance/files/Q00897.01-0000745146.0001.PDF,Q00897.01-0000745146.0001.PDF,.pdf,629278,ok,True,True,text,True,8,0,4,False,4,False,0-10,Name | Address | Email | Phone | Money/Amount,True,Contact Information | Financial Account Information,False,,ambiguous,True,yes,15987,standard,bde_llm_count,True,True,8,0,0,0,0,1,12.658,False,False,True,,True,clear_yes,yes,8475,False,standard,False,,24462
CNG_Data2k_variance/files/Q00897.01-0000661310.0001.PDF,Q00897.01-0000661310.0001.PDF,.pdf,79598,ok,True,False,text,False,1,0,2,False,0,False,0-10,Address | Email | Phone | Money/Amount,True,Contact Information | Financial Account Information,False,,ambiguous,True,no,4142,likely_non_responsive,,False,False,0,0,0,0,0,0,1.669,True,False,False,stage1_nr,False,,,0,False,,False,,4142
CNG_Data2k_variance/files/Q00897.01-0000906211.PDF,Q00897.01-0000906211.PDF,.pdf,12388,ok,True,False,text,False,1,0,0,False,0,False,0-10,,False,,False,,clear_non_responsive,False,,0,likely_non_responsive,,False,False,0,0,0,0,0,0,0.039,True,False,False,stage1_nr,False,,,0,False,,False,,0
CNG_Data2k_variance/files/Q00897.01-0000303945.PDF,Q00897.01-0000303945.PDF,.pdf,651881,ok,True,False,text,False,9,0,4,False,0,False,0-10,Name | Address | Email | Phone | Money/Amount | Health,True,Contact Information | Financial Account Information | Health-Related Information,False,,ambiguous,True,yes,7213,standard,,True,True,9,0,0,0,0,1,12.743,False,False,True,,True,likely_no,no,7271,False,likely_non_responsive,True,,14484
CNG_Data2k_variance/files/Q00897.01-0000716735.MSG,Q00897.01-0000716735.MSG,.msg,325120,ok,True,False,text,False,0,0,1,False,0,False,0-10,Money/Amount,False,Financial Account Information,False,,clear_non_responsive,False,,0,likely_non_responsive,,False,False,0,0,0,0,0,0,1.404,True,False,False,stage1_nr,False,,,0,False,,False,,0
CNG_Data2k_variance/files/Q00897.01-0000251684.XLSX,Q00897.01-0000251684.XLSX,.xlsx,26115,ok,True,True,text,True,1,0,67,False,0,False,50-100,Name | Address | Phone | Money/Amount,True,Contact Information | Financial Account Information,False,,ambiguous,True,no,8469,likely_non_responsive,roster_by_rowcount bde_llm_count,False,False,0,0,0,0,0,0,1.803,True,False,False,stage1_nr,False,,,0,False,,False,,8469
CNG_Data2k_variance/files/Q00897.01-0000549731.MSG,Q00897.01-0000549731.MSG,.msg,168448,ok,True,False,text,False,0,0,0,False,0,False,0-10,,False,,False,,clear_non_responsive,False,,0,likely_non_responsive,,False,False,0,0,0,0,0,0,0.195,True,False,False,stage1_nr,False,,,0,False,,False,,0
CNG_Data2k_variance\files\Q00897.01-0000290415.XLS,Q00897.01-0000290415.XLS,.xls,36962,ok,True,True,text,True,1,0,241,False,241,True,100+,Name | SSN | Money/Amount | Health,True,Government-Issued Identification | Financial Account Information | Health-Related Information,True,,clear_responsive,False,,7305,structured_bde,bde_llm_count_roster,False,False,0,0,0,0,0,0,5.327,False,True,True,,True,clear_yes,yes,8545,True,structured_bde,False,,15850
CNG_Data2k_variance/files/Q00897.01-0000431365.0010.PDF,Q00897.01-0000431365.0010.PDF,.pdf,1820841,ok,True,False,text,False,10,0,3,False,0,False,0-10,Name | Address | Email | Phone | Money/Amount | Health,True,Contact Information | Financial Account Information | Health-Related Information,False,,ambiguous,True,yes,6735,standard,"img_ocr:p4,p4,p4,p4,p4,p4,p4,p4,p4,p4,p4,p4,p4,p4,p4,p6,p6,p6,p6,p6,p6,p6,p6,p6,p6,p8,p8,p8,p8,p8,p8,p8,p8,p9,p9,p9,p9,p9,p9,p9,p9,p9,p9,p9,p9,p9,p9,p9(48/51,+4476chars)",False,False,0,51,51,48,0,51,217.023,False,False,True,,True,likely_yes,yes,6794,False,standard,False,,13529
CNG_Data2k_variance/files/Q00897.01-0000641335.MSG,Q00897.01-0000641335.MSG,.msg,67072,ok,True,False,text,False,0,1,4,False,0,False,0-10,Name | Address | Email | Phone | Money/Amount | Work-Related,True,Contact Information | Financial Account Information | Work-Related Information,False,,ambiguous,True,yes,6690,standard,,False,False,0,0,0,0,0,0,3.136,False,False,True,,True,likely_yes,yes,6741,False,standard,False,,13431
CNG_Data2k_variance/files/Q00897.01-0000820564.0004.PDF,Q00897.01-0000820564.0004.PDF,.pdf,973842,ok,True,False,text,False,24,0,3,False,0,False,0-10,Name | Address | Email | Bank/Account Number | Card Expiry/CVV | Demographic | Work-Related,True,Contact Information | Financial Account Information | Demographic Information | Work-Related Information,False,,ambiguous,True,yes,10218,standard,,False,False,0,0,0,0,0,0,10.27,False,False,True,,True,likely_yes,yes,10273,False,standard,False,,20491
CNG_Data2k_variance/files/Q00897.01-0000803745.0003.DOCM,Q00897.01-0000803745.0003.DOCM,.docm,97281,ok,True,False,text,False,0,0,4,False,0,False,0-10,Name | Address | Email,True,Contact Information,False,,ambiguous,True,yes,6863,standard,,False,False,0,0,0,0,0,0,3.633,False,False,True,,True,likely_yes,yes,6883,False,standard,False,,13746
CNG_Data2k_variance/files/Q00897.01-0000131111.PDF,Q00897.01-0000131111.PDF,.pdf,666960,ok,True,True,text,True,4,0,39,False,0,False,20-50,Name | Phone | Money/Amount,True,Contact Information | Financial Account Information,False,,ambiguous,True,yes,8853,standard,bde_llm_count,True,True,4,0,0,0,0,1,13.477,False,False,True,,True,likely_no,no,4897,False,likely_non_responsive,True,,13750
CNG_Data2k_variance/files/Q00897.01-0000777859.0001.DOCX,Q00897.01-0000777859.0001.DOCX,.docx,52765,ok,True,False,text,False,0,0,1,False,0,False,0-10,Money/Amount,False,Financial Account Information,False,,clear_non_responsive,False,,0,likely_non_responsive,,False,False,0,0,0,0,0,0,0.054,True,False,False,stage1_nr,False,,,0,False,,False,,0
CNG_Data2k_variance/files/Q00897.01-0000664632.0001.XLSX,Q00897.01-0000664632.0001.XLSX,.xlsx,14988,ok,True,True,text,True,1,0,131,False,2,False,100+,Name | Phone | Money/Amount,True,Contact Information | Financial Account Information,False,,ambiguous,True,no,7921,likely_non_responsive,roster_by_rowcount bde_llm_count,False,False,0,0,0,0,0,0,4.648,True,False,False,stage1_nr,False,,,0,False,,False,,7921
CNG_Data2k_variance/files/Q00897.01-0000283203.PDF,Q00897.01-0000283203.PDF,.pdf,305235,ok,True,True,text,True,4,0,13,False,1,False,10-20,Name | Address | Phone | Military ID | Money/Amount | Health,True,Contact Information | Government-Issued Identification | Financial Account Information | Health-Related Information,False,,ambiguous,True,yes,12440,standard,bde_llm_count,True,True,4,0,0,0,0,1,8.954,False,False,True,,True,clear_yes,yes,6682,False,standard,False,,19122
CNG_Data2k_variance/files/Q00897.01-0000672955.MSG,Q00897.01-0000672955.MSG,.msg,149504,ok,True,False,text,False,0,0,1,False,0,False,0-10,Address | Email,True,Contact Information,False,,ambiguous,True,no,4184,likely_non_responsive,,False,False,0,0,0,0,0,0,3.798,True,False,False,stage1_nr,False,,,0,False,,False,,4184
CNG_Data2k_variance/files/Q00897.01-0000330235.0001.PDF,Q00897.01-0000330235.0001.PDF,.pdf,316618,ok,True,True,text,True,4,0,22,False,1,False,20-50,Name | Address | Phone | Bank/Account Number | Money/Amount,True,Contact Information | Financial Account Information,False,,ambiguous,True,yes,8683,standard,bde_llm_count,True,True,4,0,0,0,0,1,16.385,False,False,True,,True,likely_no,no,4835,False,likely_non_responsive,True,,13518
CNG_Data2k_variance/files/Q00897.01-0000891201.PDF,Q00897.01-0000891201.PDF,.pdf,12195,ok,True,False,text,False,1,0,5,False,0,False,0-10,Name | Address | Phone,True,Contact Information,False,,ambiguous,True,yes,4416,standard,,False,False,0,0,0,0,0,0,4.418,False,False,True,,True,likely_yes,yes,4456,False,standard,False,,8872
CNG_Data2k_variance/files/Q00897.01-0000294423.PDF,Q00897.01-0000294423.PDF,.pdf,12170,ok,True,False,text,False,1,0,1,False,0,False,0-10,SSN | Money/Amount,True,Government-Issued Identification | Financial Account Information,False,,clear_responsive,False,,0,standard,,False,False,0,0,0,0,0,0,1.553,False,False,True,,True,likely_yes,yes,3843,False,standard,False,,3843
CNG_Data2k_variance/files/Q00897.01-0000787294.MSG,Q00897.01-0000787294.MSG,.msg,43520,ok,True,False,text,False,0,2,2,False,0,False,0-10,Name | Address | Phone | Card/Transaction | Money/Amount,True,Contact Information | Financial Account Information,False,,ambiguous,True,yes,4325,standard,,False,False,0,0,0,0,0,0,3.729,False,False,True,,True,likely_no,no,4397,False,likely_non_responsive,True,,8722
CNG_Data2k_variance/files/Q00897.01-0000614391.0001.PPTX,Q00897.01-0000614391.0001.PPTX,.pptx,6428543,ok,True,False,text,False,25,0,1,False,0,False,0-10,Card/Transaction | Money/Amount,False,Financial Account Information,False,,ambiguous,True,no,4563,likely_non_responsive,,False,False,0,0,0,0,0,0,1.9,True,False,False,stage1_nr,False,,,0,False,,False,,4563
CNG_Data2k_variance/files/Q00897.01-0000112775.PDF,Q00897.01-0000112775.PDF,.pdf,6915,ok,True,False,text,False,1,0,1,False,0,False,0-10,Name | Address | Health,True,Contact Information | Health-Related Information,False,,ambiguous,True,yes,4037,standard,,False,False,0,0,0,0,0,0,3.584,False,False,True,,True,likely_no,no,4084,False,likely_non_responsive,True,,8121
CNG_Data2k_variance/files/Q00897.01-0000892814.PDF,Q00897.01-0000892814.PDF,.pdf,36812,ok,True,False,text,False,4,0,0,False,0,False,0-10,,False,,False,,clear_non_responsive,False,,0,likely_non_responsive,,False,False,0,0,0,0,0,0,0.43,True,False,False,stage1_nr,False,,,0,False,,False,,0
CNG_Data2k_variance/files/Q00897.01-0000908918.PDF,Q00897.01-0000908918.PDF,.pdf,535056,ok,True,False,text,False,120,0,1,False,0,False,0-10,Name | Address | Money/Amount,True,Contact Information | Financial Account Information,False,,ambiguous,True,yes,16178,standard,,False,False,0,0,0,0,0,0,9.715,False,False,True,,True,clear_yes,yes,16218,False,standard,False,,32396
CNG_Data2k_variance/files/Q00897.01-0000795999.MSG,Q00897.01-0000795999.MSG,.msg,175104,ok,True,False,text,False,0,0,5,False,0,False,0-10,Name | Address | Email | Phone,True,Contact Information,False,,ambiguous,True,yes,6291,standard,,False,False,0,0,0,0,0,0,3.537,False,False,True,,True,likely_yes,yes,6402,False,standard,False,,12693
CNG_Data2k_variance/files/Q00897.01-0000107041.0001.PDF,Q00897.01-0000107041.0001.PDF,.pdf,160648,ok,True,False,text,False,3,0,5,False,0,False,0-10,Name | Address | Email | Phone | Money/Amount,True,Contact Information | Financial Account Information,False,,ambiguous,True,yes,5078,standard,,False,False,0,0,0,0,0,0,2.671,False,False,True,,True,likely_no,no,5171,False,likely_non_responsive,True,,10249
CNG_Data2k_variance/files/Q00897.01-0000274441.PDF,Q00897.01-0000274441.PDF,.pdf,2936688,ok,True,True,text,True,15,0,45,False,2,False,20-50,Name | Address | Phone | Money/Amount | Health,True,Contact Information | Financial Account Information | Health-Related Information,False,,ambiguous,True,yes,18653,standard,bde_llm_count,True,True,15,0,0,0,0,1,20.727,False,False,True,,True,clear_yes,yes,9801,False,standard,False,,28454
CNG_Data2k_variance/files/Q00897.01-0000894850.PDF,Q00897.01-0000894850.PDF,.pdf,184230,ok,True,False,text,False,21,0,12,False,6,False,10-20,Name | Address | Phone,True,Contact Information,False,,ambiguous,True,yes,29567,standard,bde_llm_count_roster,False,False,0,0,0,0,0,0,10.249,False,False,True,,True,clear_yes,yes,15267,False,standard,False,,44834
CNG_Data2k_variance/files/Q00897.01-0000466583.MSG,Q00897.01-0000466583.MSG,.msg,125440,ok,True,False,text,False,0,0,15,False,15,False,10-20,Name | Address | Email | Phone | Money/Amount,True,Contact Information | Financial Account Information,False,,ambiguous,True,no,9385,likely_non_responsive,bde_llm_count,False,False,0,0,0,0,0,0,3.975,True,False,False,stage1_nr,False,,,0,False,,False,,9385
CNG_Data2k_variance/files/Q00897.01-0000685152.MSG,Q00897.01-0000685152.MSG,.msg,239104,ok,True,False,text,False,0,0,1,False,0,False,0-10,Address | Email | Work-Related,True,Contact Information | Work-Related Information,False,,ambiguous,True,no,4496,likely_non_responsive,,False,False,0,0,0,0,0,0,2.537,True,False,False,stage1_nr,False,,,0,False,,False,,4496
CNG_Data2k_variance/files/Q00897.01-0000890817.PDF,Q00897.01-0000890817.PDF,.pdf,11716,ok,True,False,text,False,2,0,1,False,0,False,0-10,Money/Amount,False,Financial Account Information,False,,clear_non_responsive,False,,0,likely_non_responsive,,False,False,0,0,0,0,0,0,0.111,True,False,False,stage1_nr,False,,,0,False,,False,,0
CNG_Data2k_variance/files/Q00897.01-0000544262.0001.PDF,Q00897.01-0000544262.0001.PDF,.pdf,23620,ok,True,False,text,False,1,0,1,False,0,False,0-10,Money/Amount,False,Financial Account Information,False,,clear_non_responsive,False,,0,likely_non_responsive,,False,False,0,0,0,0,0,0,0.024,True,False,False,stage1_nr,False,,,0,False,,False,,0
CNG_Data2k_variance/files/Q00897.01-0000283270.PDF,Q00897.01-0000283270.PDF,.pdf,113552,ok,True,False,text,False,1,0,4,False,0,False,0-10,Name | Address | Phone | Money/Amount,True,Contact Information | Financial Account Information,False,,ambiguous,True,yes,4459,standard,,False,False,0,0,0,0,0,0,3.957,False,False,True,,True,likely_no,no,4523,False,likely_non_responsive,True,,8982
CNG_Data2k_variance/files/Q00897.01-0000892443.PDF,Q00897.01-0000892443.PDF,.pdf,11520,ok,True,False,text,False,1,0,0,False,0,False,0-10,,False,,False,,clear_non_responsive,False,,0,likely_non_responsive,,False,False,0,0,0,0,0,0,0.116,True,False,False,stage1_nr,False,,,0,False,,False,,0
CNG_Data2k_variance/files/Q00897.01-0000756934.MSG,Q00897.01-0000756934.MSG,.msg,122368,ok,True,False,text,False,0,0,1,False,0,False,0-10,Money/Amount | Health | Work-Related,False,Financial Account Information | Health-Related Information | Work-Related Information,False,,ambiguous,True,no,8421,likely_non_responsive,,False,False,0,0,0,0,0,0,4.984,True,False,False,stage1_nr,False,,,0,False,,False,,8421
CNG_Data2k_variance/files/Q00897.01-0000577637.0001.XLSX,Q00897.01-0000577637.0001.XLSX,.xlsx,203794,ok,True,True,text,True,6,0,321,False,321,True,100+,Name | Money/Amount,False,Financial Account Information,True,,ambiguous,True,yes,10850,structured_bde,bde_llm_count_roster,False,False,0,0,0,0,0,0,7.6,False,True,True,,True,likely_no,no,5934,True,likely_non_responsive,True,,16784
CNG_Data2k_variance/files/Q00897.01-0000776655.0002.PDF,Q00897.01-0000776655.0002.PDF,.pdf,712486,ok,True,False,text,False,16,0,7,False,0,False,0-10,Email | Phone | Money/Amount | Health | Work-Related,True,Contact Information | Financial Account Information | Health-Related Information | Work-Related Information,False,,ambiguous,True,no,17315,likely_non_responsive,"img_ocr:p4,p5,p7,p10,p12,p13(6/6,+62chars) bde_llm_count",False,False,0,6,6,6,0,6,28.561,True,False,False,stage1_nr,False,,,0,False,,False,,17315
CNG_Data2k_variance/files/Q00897.01-0000905254.PDF,Q00897.01-0000905254.PDF,.pdf,12320,ok,True,False,text,False,1,0,0,False,0,False,0-10,,False,,False,,clear_non_responsive,False,,0,likely_non_responsive,,False,False,0,0,0,0,0,0,0.033,True,False,False,stage1_nr,False,,,0,False,,False,,0
CNG_Data2k_variance/files/Q00897.01-0000903156.PDF,Q00897.01-0000903156.PDF,.pdf,21863,ok,True,True,text,True,3,0,44,False,2,False,20-50,Name | Address | Phone | Money/Amount | Work-Related,True,Contact Information | Financial Account Information | Work-Related Information,False,,ambiguous,True,yes,9193,standard,bde_llm_count_roster,True,True,3,0,0,0,0,1,11.438,False,False,True,,True,clear_yes,yes,5073,False,standard,False,,14266
CNG_Data2k_variance/files/Q00897.01-0000021802.PDF,Q00897.01-0000021802.PDF,.pdf,361457,ok,True,False,text,False,1,0,7,False,6,False,0-10,Name | Money/Amount | Work-Related,False,Financial Account Information | Work-Related Information,False,,ambiguous,True,yes,31780,standard,bde_llm_count,False,False,0,0,0,0,0,0,6.599,False,False,True,,True,clear_yes,yes,16377,False,standard,False,,48157
CNG_Data2k_variance/files/Q00897.01-0000012397.PDF,Q00897.01-0000012397.PDF,.pdf,336212,ok,True,False,text,False,1,0,3,False,0,False,0-10,Name | Email | Work-Related,True,Contact Information | Work-Related Information,False,,ambiguous,True,yes,4094,standard,,False,False,0,0,0,0,0,0,2.971,False,False,True,,True,likely_no,no,4156,False,likely_non_responsive,True,,8250
CNG_Data2k_variance/files/Q00897.01-0000471151.0002.XLSX,Q00897.01-0000471151.0002.XLSX,.xlsx,26864,ok,True,True,text,True,1,0,83,False,0,False,50-100,Card/Transaction | Work-Related,False,Financial Account Information | Work-Related Information,False,,ambiguous,True,no,10069,likely_non_responsive,roster_by_rowcount bde_llm_count,False,False,0,0,0,0,0,0,4.051,True,False,False,stage1_nr,False,,,0,False,,False,,10069
CNG_Data2k_variance/files/Q00897.01-0000305892.PDF,Q00897.01-0000305892.PDF,.pdf,48956,ok,True,False,text,False,5,0,1,False,0,False,0-10,Money/Amount,False,Financial Account Information,False,,clear_non_responsive,False,,0,likely_non_responsive,,False,False,0,0,0,0,0,0,0.612,True,False,False,stage1_nr,False,,,0,False,,False,,0
CNG_Data2k_variance/files/Q00897.01-0000014270.PDF,Q00897.01-0000014270.PDF,.pdf,57599,ok,True,False,text,False,3,0,1,False,0,False,0-10,Name | Bank/Account Number | Money/Amount,True,Financial Account Information,False,,ambiguous,True,yes,3928,standard,,False,False,0,0,0,0,0,0,2.849,False,False,True,,True,clear_yes,yes,3972,False,standard,False,,7900
CNG_Data2k_variance/files/Q00897.01-0000871561.TXT,Q00897.01-0000871561.TXT,.txt,1890,ok,True,False,text,False,0,0,1,False,0,False,0-10,Address | Phone | Money/Amount,True,Contact Information | Financial Account Information,False,,ambiguous,True,no,3993,likely_non_responsive,,False,False,0,0,0,0,0,0,2.811,True,False,False,stage1_nr,False,,,0,False,,False,,3993
CNG_Data2k_variance/files/Q00897.01-0000854835.XLSX,Q00897.01-0000854835.XLSX,.xlsx,51443,ok,True,True,text,True,3,0,67,False,67,True,50-100,Name | Address | Money/Amount,True,Contact Information | Financial Account Information,True,,ambiguous,True,yes,11258,structured_bde,bde_llm_count_roster,False,False,0,0,0,0,0,0,6.513,False,True,True,,True,clear_yes,yes,6126,True,structured_bde,False,,17384
CNG_Data2k_variance/files/Q00897.01-0000534760.0001.PDF,Q00897.01-0000534760.0001.PDF,.pdf,22569,ok,True,False,text,False,1,0,1,False,0,False,0-10,Money/Amount,False,Financial Account Information,False,,clear_non_responsive,False,,0,likely_non_responsive,,False,False,0,0,0,0,0,0,0.042,True,False,False,stage1_nr,False,,,0,False,,False,,0
CNG_Data2k_variance/files/Q00897.01-0000786832.MSG,Q00897.01-0000786832.MSG,.msg,37888,ok,True,False,text,False,0,2,6,False,0,False,0-10,Name | Address | Email | Phone,True,Contact Information,False,,ambiguous,True,yes,4457,standard,,False,False,0,0,0,0,0,0,4.602,False,False,True,,True,likely_yes,yes,4510,False,standard,False,,8967
CNG_Data2k_variance/files/Q00897.01-0000252334.PDF,Q00897.01-0000252334.PDF,.pdf,60752,ok,True,False,text,False,1,0,2,False,0,False,0-10,Name | Money/Amount,True,Financial Account Information,False,,ambiguous,True,no,3839,likely_non_responsive,"img_ocr:p1(1/1,+10chars)",False,False,0,1,1,1,0,1,5.211,True,False,False,stage1_nr,False,,,0,False,,False,,3839
CNG_Data2k_variance/files/Q00897.01-0000896881.PDF,Q00897.01-0000896881.PDF,.pdf,16331,ok,True,False,text,False,2,0,1,False,0,False,0-10,Money/Amount,False,Financial Account Information,False,,clear_non_responsive,False,,0,likely_non_responsive,,False,False,0,0,0,0,0,0,0.083,True,False,False,stage1_nr,False,,,0,False,,False,,0
CNG_Data2k_variance/files/Q00897.01-0000700377.MSG,Q00897.01-0000700377.MSG,.msg,157696,ok,True,False,text,False,0,0,0,False,0,False,0-10,,False,,False,,clear_non_responsive,False,,0,likely_non_responsive,,False,False,0,0,0,0,0,0,0.882,True,False,False,stage1_nr,False,,,0,False,,False,,0
CNG_Data2k_variance/files/Q00897.01-0000881693.XLSX,Q00897.01-0000881693.XLSX,.xlsx,15302,ok,True,True,text,True,1,0,200000,True,0,False,100+,Address | Payment Card | Money/Amount,True,Contact Information | Financial Account Information,False,,ambiguous,True,yes,13517,standard,roster_by_rowcount bde_llm_count,False,False,0,0,0,0,0,0,5.237,False,False,True,,True,clear_no,no,7173,True,likely_non_responsive,True,,20690
CNG_Data2k_variance/files/Q00897.01-0000826528.0001.PDF,Q00897.01-0000826528.0001.PDF,.pdf,680449,ok,True,False,text,False,21,0,1,False,0,False,0-10,Name | Address | Money/Amount | Health | Demographic | Work-Related,True,Contact Information | Financial Account Information | Health-Related Information | Demographic Information | Work-Related Information,False,,ambiguous,True,no,9017,likely_non_responsive,,False,False,0,0,0,0,0,0,7.269,True,False,False,stage1_nr,False,,,0,False,,False,,9017
CNG_Data2k_variance/files/Q00897.01-0000537178.0001.CSV,Q00897.01-0000537178.0001.CSV,.csv,119065,ok,True,True,text,True,0,0,600,False,0,False,100+,Money/Amount,False,Financial Account Information,False,,ambiguous,True,no,15003,likely_non_responsive,roster_by_rowcount bde_llm_count,False,False,0,0,0,0,0,0,63.092,True,False,False,stage1_nr,False,,,0,False,,False,,15003
CNG_Data2k_variance/files/Q00897.01-0000251384.XLSX,Q00897.01-0000251384.XLSX,.xlsx,131219,ok,True,True,text,True,10,0,1232,False,0,False,100+,Name | Address | Money/Amount,True,Contact Information | Financial Account Information,False,,ambiguous,True,no,7468,likely_non_responsive,roster_by_rowcount bde_llm_count,False,False,0,0,0,0,0,0,2.962,True,False,False,stage1_nr,False,,,0,False,,False,,7468
CNG_Data2k_variance/files/Q00897.01-0000467113.0002.PDF,Q00897.01-0000467113.0002.PDF,.pdf,227514,ok,True,False,text,False,2,0,1,False,0,False,0-10,Money/Amount,False,Financial Account Information,False,,clear_non_responsive,False,,0,likely_non_responsive,,False,False,0,0,0,0,0,0,0.129,True,False,False,stage1_nr,False,,,0,False,,False,,0
CNG_Data2k_variance\files\Q00897.01-0000127634.XLS,Q00897.01-0000127634.XLS,.xls,33502,ok,True,True,text,True,2,0,136,False,1,False,100+,Money/Amount,False,Financial Account Information,False,,ambiguous,True,no,7566,likely_non_responsive,roster_by_rowcount bde_llm_count,False,False,0,0,0,0,0,0,1.924,True,False,False,stage1_nr,False,,,0,False,,False,,7566
CNG_Data2k_variance/files/Q00897.01-0000007836.PDF,Q00897.01-0000007836.PDF,.pdf,77929,ok,True,False,text,False,1,0,1,False,0,False,0-10,Work-Related,False,Work-Related Information,False,,ambiguous,True,no,5133,likely_non_responsive,,False,False,0,0,0,0,0,0,3.024,True,False,False,stage1_nr,False,,,0,False,,False,,5133
CNG_Data2k_variance/files/Q00897.01-0000108704.PDF,Q00897.01-0000108704.PDF,.pdf,1209599,ok,True,True,text,True,5,0,50,False,1,False,20-50,Name | Email | Phone | Money/Amount,True,Contact Information | Financial Account Information,False,,ambiguous,True,no,15414,likely_non_responsive,bde_llm_count,True,True,5,0,0,0,0,1,11.49,True,False,False,stage1_nr,False,,,0,False,,False,,15414
CNG_Data2k_variance/files/Q00897.01-0000606732.0001.XLSX,Q00897.01-0000606732.0001.XLSX,.xlsx,41725,ok,True,True,text,True,1,0,69,False,69,True,50-100,Payment Card | Money/Amount,True,Financial Account Information,True,,ambiguous,True,yes,9793,structured_bde,roster_by_rowcount bde_llm_count_roster,False,False,0,0,0,0,0,0,3.891,False,True,True,,True,clear_no,no,5352,True,likely_non_responsive,True,,15145
CNG_Data2k_variance/files/Q00897.01-0000910587.PDF,Q00897.01-0000910587.PDF,.pdf,7032,ok,True,False,text,False,1,0,1,False,0,False,0-10,Name | Address,True,Contact Information,False,,ambiguous,True,yes,4054,standard,,False,False,0,0,0,0,0,0,2.976,False,False,True,,True,clear_yes,yes,4118,False,standard,False,,8172
CNG_Data2k_variance/files/Q00897.01-0000822542.MSG,Q00897.01-0000822542.MSG,.msg,102912,ok,True,False,text,False,0,0,7,False,4,False,0-10,Name | Address | Email | Phone | Money/Amount,True,Contact Information | Financial Account Information,False,,ambiguous,True,yes,8112,standard,bde_llm_count,False,False,0,0,0,0,0,0,4.746,False,False,True,,True,likely_no,no,4530,False,likely_non_responsive,True,,12642
CNG_Data2k_variance/files/Q00897.01-0000910606.PDF,Q00897.01-0000910606.PDF,.pdf,10265,ok,True,False,text,False,1,0,0,False,0,False,0-10,,False,,False,,clear_non_responsive,False,,0,likely_non_responsive,,False,False,0,0,0,0,0,0,0.12,True,False,False,stage1_nr,False,,,0,False,,False,,0
CNG_Data2k_variance/files/Q00897.01-0000459100.MSG,Q00897.01-0000459100.MSG,.msg,117760,ok,True,False,text,False,0,0,9,False,0,False,0-10,Name | Address | Email | Phone | Money/Amount,True,Contact Information | Financial Account Information,False,,ambiguous,True,no,9534,likely_non_responsive,bde_llm_count,False,False,0,0,0,0,0,0,2.823,True,False,False,stage1_nr,False,,,0,False,,False,,9534
CNG_Data2k_variance/files/Q00897.01-0000103313.PDF,Q00897.01-0000103313.PDF,.pdf,112150,ok,True,False,text,False,1,0,3,False,0,False,0-10,Name | Phone | Money/Amount,True,Contact Information | Financial Account Information,False,,ambiguous,True,yes,3995,standard,"img_ocr:p1(1/1,+17chars)",False,False,0,1,1,1,0,1,8.257,False,False,True,,True,likely_no,no,4087,False,likely_non_responsive,True,,8082
CNG_Data2k_variance/files/Q00897.01-0000909586.PDF,Q00897.01-0000909586.PDF,.pdf,6425697,error,False,False,,False,0,0,0,False,0,False,,,False,,False,,,False,,0,review_error,NameError,False,False,0,0,0,0,0,0,60.005,False,False,False,extract_error,False,,,0,False,,False,,0
CNG_Data2k_variance/files/Q00897.01-0000727424.MSG,Q00897.01-0000727424.MSG,.msg,158208,ok,True,False,text,False,0,0,2,False,0,False,0-10,Address | Email | Phone | Credentials,True,Contact Information | Access Credentials,False,,ambiguous,True,no,3946,likely_non_responsive,,False,False,0,0,0,0,0,0,1.531,True,False,False,stage1_nr,False,,,0,False,,False,,3946
CNG_Data2k_variance/files/Q00897.01-0000284181.0002.PDF,Q00897.01-0000284181.0002.PDF,.pdf,17994,ok,True,False,text,False,1,0,3,False,0,False,0-10,Name | Address | Phone | Money/Amount | Health,True,Contact Information | Financial Account Information | Health-Related Information,False,,ambiguous,True,yes,4351,standard,,False,False,0,0,0,0,0,0,3.217,False,False,True,,True,likely_no,no,4395,False,likely_non_responsive,True,,8746
CNG_Data2k_variance/files/Q00897.01-0000107012.XLSX,Q00897.01-0000107012.XLSX,.xlsx,30284,ok,True,True,text,True,2,0,105,False,0,False,100+,Phone | Payment Card | Money/Amount,True,Contact Information | Financial Account Information,False,,ambiguous,True,no,8544,likely_non_responsive,roster_by_rowcount bde_llm_count,False,False,0,0,0,0,0,0,1.949,True,False,False,stage1_nr,False,,,0,False,,False,,8544
CNG_Data2k_variance/files/Q00897.01-0000449427.MSG,Q00897.01-0000449427.MSG,.msg,159744,ok,True,False,text,False,0,0,2,False,0,False,0-10,Name | Address | Health,True,Contact Information | Health-Related Information,False,,ambiguous,True,yes,3924,standard,,False,False,0,0,0,0,0,0,3.091,False,False,True,,True,likely_yes,yes,3978,False,standard,False,,7902
CNG_Data2k_variance/files/Q00897.01-0000661831.0001.0005.PDF,Q00897.01-0000661831.0001.0005.PDF,.pdf,572652,ok,True,False,text,False,26,0,4,False,0,False,0-10,Name | Address | Email | Phone | Money/Amount,True,Contact Information | Financial Account Information,False,,ambiguous,True,yes,11156,standard,,False,False,0,0,0,0,0,0,4.986,False,False,True,,True,likely_no,no,11216,False,likely_non_responsive,True,,22372
CNG_Data2k_variance/files/Q00897.01-0000888693.PDF,Q00897.01-0000888693.PDF,.pdf,2998850,ok,True,False,text,False,322,0,249,False,249,True,100+,Address | Phone | SSN | Money/Amount | Work-Related,True,Contact Information | Government-Issued Identification | Financial Account Information | Work-Related Information,True,,clear_responsive,False,,14429,bde,bde_llm_count_roster,False,False,0,0,0,0,0,0,56.037,False,True,True,,True,clear_yes,yes,15328,True,bde,False,,29757
CNG_Data2k_variance/files/Q00897.01-0000792702.MSG,Q00897.01-0000792702.MSG,.msg,50176,error,False,False,,False,0,0,0,False,0,False,,,False,,False,,,False,,0,review_error,MalformedRtf,False,False,0,0,0,0,0,0,0.99,False,False,False,extract_error,False,,,0,False,,False,,0
CNG_Data2k_variance/files/Q00897.01-0000735870.0001.PDF,Q00897.01-0000735870.0001.PDF,.pdf,1017801,ok,True,False,text,False,8,0,1,False,0,False,0-10,Name | Email | Money/Amount,True,Contact Information | Financial Account Information,False,,ambiguous,True,yes,7217,standard,,False,False,0,0,0,0,0,0,6.055,False,False,True,,True,likely_no,no,7287,False,likely_non_responsive,True,,14504
CNG_Data2k_variance/files/Q00897.01-0000883949.PDF,Q00897.01-0000883949.PDF,.pdf,3279595,ok,True,False,text,False,37,0,3,False,0,False,0-10,Name | Address | Phone | Money/Amount | Health | Demographic | Work-Related,True,Contact Information | Financial Account Information | Health-Related Information | Demographic Information | Work-Related Information,False,,ambiguous,True,yes,10455,standard,,False,False,0,0,0,0,0,0,6.257,False,False,True,,True,likely_no,no,10509,False,likely_non_responsive,True,,20964
CNG_Data2k_variance/files/Q00897.01-0000907252.PDF,Q00897.01-0000907252.PDF,.pdf,807247,ok,True,False,text,False,112,0,11,False,11,False,10-20,Address | Phone | Money/Amount,True,Contact Information | Financial Account Information,False,,ambiguous,False,,17514,standard,llm_failed:JSONDecodeError bde_llm_count_roster,False,False,0,0,0,0,0,0,28.384,False,False,True,,True,clear_yes,yes,18650,False,standard,False,,36164
CNG_Data2k_variance/files/Q00897.01-0000004740.PDF,Q00897.01-0000004740.PDF,.pdf,76911,ok,True,False,text,False,1,0,0,False,0,False,0-10,,False,,False,,clear_non_responsive,False,,0,likely_non_responsive,,True,True,1,0,0,0,0,1,4.317,True,False,False,stage1_nr,False,,,0,False,,False,,0
CNG_Data2k_variance/files/Q00897.01-0000327638.PDF,Q00897.01-0000327638.PDF,.pdf,2266571,ok,True,True,text,True,1,0,35,False,0,False,20-50,Address | Email | Phone | Bank/Account Number | Money/Amount,True,Contact Information | Financial Account Information,False,,ambiguous,True,yes,7806,standard,bde_llm_count,True,True,1,0,0,0,0,1,8.611,False,False,True,,True,clear_no,no,4337,False,likely_non_responsive,True,,12143
CNG_Data2k_variance/files/Q00897.01-0000905102.PDF,Q00897.01-0000905102.PDF,.pdf,15715,ok,True,False,text,False,2,0,1,False,0,False,0-10,Money/Amount,False,Financial Account Information,False,,clear_non_responsive,False,,0,likely_non_responsive,,False,False,0,0,0,0,0,0,0.083,True,False,False,stage1_nr,False,,,0,False,,False,,0
CNG_Data2k_variance/files/Q00897.01-0000006263.PDF,Q00897.01-0000006263.PDF,.pdf,168545,ok,True,False,text,False,1,0,2,False,0,False,0-10,Name | Phone | SSN,True,Contact Information | Government-Issued Identification,False,,clear_responsive,False,,0,standard,,False,False,0,0,0,0,0,0,1.796,False,False,True,,True,clear_yes,yes,4413,False,standard,False,,4413
CNG_Data2k_variance/files/Q00897.01-0000702474.MSG,Q00897.01-0000702474.MSG,.msg,217088,ok,True,False,text,False,0,0,2,False,0,False,0-10,Address | Email | Phone | Money/Amount | Credentials,True,Contact Information | Financial Account Information | Access Credentials,False,,ambiguous,True,no,3974,likely_non_responsive,,False,False,0,0,0,0,0,0,1.784,True,False,False,stage1_nr,False,,,0,False,,False,,3974
CNG_Data2k_variance/files/Q00897.01-0000247521.PDF,Q00897.01-0000247521.PDF,.pdf,478315,ok,True,False,text,False,5,0,3,False,0,False,0-10,Name | Address | Phone | Bank/Account Number | Money/Amount,True,Contact Information | Financial Account Information,False,,ambiguous,True,no,4593,likely_non_responsive,"img_ocr:p3(1/1,+345chars)",False,False,0,1,1,1,0,1,6.05,True,False,False,stage1_nr,False,,,0,False,,False,,4593
CNG_Data2k_variance/files/Q00897.01-0000728277.MSG,Q00897.01-0000728277.MSG,.msg,119808,ok,True,False,text,False,0,0,1,False,0,False,0-10,Email,True,Contact Information,False,,ambiguous,True,no,4060,likely_non_responsive,,False,False,0,0,0,0,0,0,1.528,True,False,False,stage1_nr,False,,,0,False,,False,,4060
CNG_Data2k_variance/files/Q00897.01-0000908350.PDF,Q00897.01-0000908350.PDF,.pdf,841969,ok,True,False,text,False,125,0,30,False,30,False,20-50,Name | Address | Phone | Money/Amount,True,Contact Information | Financial Account Information,False,,ambiguous,True,yes,35022,standard,bde_llm_count_roster,False,False,0,0,0,0,0,0,20.199,False,False,True,,True,clear_yes,yes,18077,False,standard,False,,53099
CNG_Data2k_variance/files/Q00897.01-0000129575.PDF,Q00897.01-0000129575.PDF,.pdf,2883805,ok,True,True,text,True,15,0,103,False,0,False,100+,Phone | Money/Amount,True,Contact Information | Financial Account Information,False,,ambiguous,True,no,14589,likely_non_responsive,bde_llm_count,True,True,15,0,0,0,0,1,13.491,True,False,False,stage1_nr,False,,,0,False,,False,,14589
CNG_Data2k_variance/files/Q00897.01-0000721963.MSG,Q00897.01-0000721963.MSG,.msg,230912,ok,True,False,text,False,0,0,6,False,0,False,0-10,Name | Address | Money/Amount,True,Contact Information | Financial Account Information,False,,ambiguous,True,no,5086,likely_non_responsive,,False,False,0,0,0,0,0,0,60.303,True,False,False,stage1_nr,False,,,0,False,,False,,5086
CNG_Data2k_variance/files/Q00897.01-0000800656.MSG,Q00897.01-0000800656.MSG,.msg,179200,ok,True,False,text,False,0,0,3,False,0,False,0-10,Name | Email | Card Expiry/CVV,True,Contact Information | Financial Account Information,False,,ambiguous,True,yes,4166,standard,,False,False,0,0,0,0,0,0,7.331,False,False,True,,True,borderline,no,4245,False,likely_non_responsive,True,,8411
CNG_Data2k_variance/files/Q00897.01-0000573745.0001.PDF,Q00897.01-0000573745.0001.PDF,.pdf,20968,ok,True,False,text,False,1,0,0,False,0,False,0-10,,False,,False,,clear_non_responsive,False,,0,likely_non_responsive,,False,False,0,0,0,0,0,0,0.026,True,False,False,stage1_nr,False,,,0,False,,False,,0
CNG_Data2k_variance/files/Q00897.01-0000835274.MSG,Q00897.01-0000835274.MSG,.msg,237568,error,False,False,,False,0,0,0,False,0,False,,,False,,False,,,False,,0,review_error,UnicodeDecodeError,False,False,0,0,0,0,0,0,1.047,False,False,False,extract_error,False,,,0,False,,False,,0
CNG_Data2k_variance\files\Q00897.01-0000126586.XLS,Q00897.01-0000126586.XLS,.xls,12691,ok,True,True,text,True,1,0,1,False,1,False,0-10,Name | Address | Bank/Account Number,True,Contact Information | Financial Account Information,False,,ambiguous,True,yes,6900,standard,bde_llm_count,False,False,0,0,0,0,0,0,6.195,False,False,True,,True,likely_no,no,3952,False,likely_non_responsive,True,,10852
CNG_Data2k_variance/files/Q00897.01-0000023961.XLSX,Q00897.01-0000023961.XLSX,.xlsx,140208,ok,True,True,text,True,2,0,483,False,483,True,100+,Name | Phone | Money/Amount,True,Contact Information | Financial Account Information,True,,ambiguous,True,yes,18114,structured_bde,bde_llm_count_roster,False,False,0,0,0,0,0,0,10.324,False,True,True,,True,clear_yes,yes,9661,True,structured_bde,False,,27775
CNG_Data2k_variance/files/Q00897.01-0000425240.0001.XLSX,Q00897.01-0000425240.0001.XLSX,.xlsx,22359,ok,True,True,text,True,1,0,275,False,0,False,100+,Phone | Money/Amount,True,Contact Information | Financial Account Information,False,,ambiguous,True,no,8341,likely_non_responsive,roster_by_rowcount bde_llm_count,False,False,0,0,0,0,0,0,2.54,True,False,False,stage1_nr,False,,,0,False,,False,,8341
CNG_Data2k_variance/files/Q00897.01-0000740510.MSG,Q00897.01-0000740510.MSG,.msg,271872,ok,True,False,text,False,0,0,0,False,0,False,0-10,,False,,False,,clear_non_responsive,False,,0,likely_non_responsive,,False,False,0,0,0,0,0,0,1.96,True,False,False,stage1_nr,False,,,0,False,,False,,0
CNG_Data2k_variance/files/Q00897.01-0000005040.PDF,Q00897.01-0000005040.PDF,.pdf,61096,ok,True,False,text,False,9,0,2,False,0,False,0-10,Name | Address | Email | Phone | Date of Birth | Card Expiry/CVV | Money/Amount | Family | Work-Related,True,Contact Information | Birth Information | Financial Account Information | Family Information | Work-Related Information,False,,ambiguous,True,yes,7410,standard,,False,False,0,0,0,0,0,0,3.953,False,False,True,,True,clear_yes,yes,7408,False,standard,False,,14818
CNG_Data2k_variance/files/Q00897.01-0000616047.MSG,Q00897.01-0000616047.MSG,.msg,864256,ok,True,False,text,False,0,1,1,False,0,False,0-10,Name | Address | Email | Phone,True,Contact Information,False,,ambiguous,True,yes,3863,standard,,False,False,0,0,0,0,0,0,3.081,False,False,True,,True,likely_no,no,3942,False,likely_non_responsive,True,,7805
CNG_Data2k_variance/files/Q00897.01-0000104182.XLSX,Q00897.01-0000104182.XLSX,.xlsx,194362,ok,True,True,text,True,1,0,58,False,0,False,50-100,Address | Phone | Money/Amount,True,Contact Information | Financial Account Information,False,,ambiguous,True,no,10413,likely_non_responsive,roster_by_rowcount bde_llm_count,False,False,0,0,0,0,0,0,2.244,True,False,False,stage1_nr,False,,,0,False,,False,,10413
CNG_Data2k_variance\files\Q00897.01-0000841218.0003.DOC,Q00897.01-0000841218.0003.DOC,.doc,33084,ok,True,False,text,False,0,0,1,False,0,False,0-10,Address | Money/Amount,True,Contact Information | Financial Account Information,False,,ambiguous,True,no,4663,likely_non_responsive,,False,False,0,0,0,0,0,0,1.177,True,False,False,stage1_nr,False,,,0,False,,False,,4663
CNG_Data2k_variance/files/Q00897.01-0000264959.CSV,Q00897.01-0000264959.CSV,.csv,303533,ok,True,True,text,True,0,0,64,False,0,False,50-100,Payment Card | Card/Transaction,True,Financial Account Information,False,,ambiguous,True,no,11508,likely_non_responsive,bde_llm_count,False,False,0,0,0,0,0,0,2.46,True,False,False,stage1_nr,False,,,0,False,,False,,11508
CNG_Data2k_variance/files/Q00897.01-0000276462.PDF,Q00897.01-0000276462.PDF,.pdf,271399,ok,True,False,text,False,2,0,7,False,4,False,0-10,Name | Address | Phone | Money/Amount,True,Contact Information | Financial Account Information,False,,ambiguous,True,no,7250,likely_non_responsive,bde_llm_count,True,True,2,0,0,0,0,1,8.87,True,False,False,stage1_nr,False,,,0,False,,False,,7250
CNG_Data2k_variance/files/Q00897.01-0000551385.MSG,Q00897.01-0000551385.MSG,.msg,120832,ok,True,False,text,False,0,1,0,False,0,False,0-10,,False,,False,,clear_non_responsive,False,,0,likely_non_responsive,,False,False,0,0,0,0,0,0,0.441,True,False,False,stage1_nr,False,,,0,False,,False,,0
CNG_Data2k_variance/files/Q00897.01-0000005462.PDF,Q00897.01-0000005462.PDF,.pdf,214436,ok,True,False,text,False,2,0,1,False,0,False,0-10,Money/Amount,False,Financial Account Information,False,,clear_non_responsive,False,,0,likely_non_responsive,,False,False,0,0,0,0,0,0,0.163,True,False,False,stage1_nr,False,,,0,False,,False,,0
CNG_Data2k_variance/files/Q00897.01-0000422275.MSG,Q00897.01-0000422275.MSG,.msg,219136,ok,True,False,text,False,0,0,7,False,0,False,0-10,Email | Money/Amount,True,Contact Information | Financial Account Information,False,,ambiguous,True,yes,7514,standard,bde_llm_count,False,False,0,0,0,0,0,0,4.013,False,False,True,,True,likely_no,no,4202,False,likely_non_responsive,True,,11716
CNG_Data2k_variance/files/Q00897.01-0000536827.0001.PDF,Q00897.01-0000536827.0001.PDF,.pdf,25002,ok,True,False,text,False,2,0,0,False,0,False,0-10,,False,,False,,clear_non_responsive,False,,0,likely_non_responsive,,False,False,0,0,0,0,0,0,0.025,True,False,False,stage1_nr,False,,,0,False,,False,,0
CNG_Data2k_variance/files/Q00897.01-0000856363.PDF,Q00897.01-0000856363.PDF,.pdf,61146,ok,True,True,text,True,1,0,8,False,1,False,0-10,Name | Bank/Account Number | Money/Amount,True,Financial Account Information,False,,ambiguous,True,yes,6766,standard,bde_llm_count,True,True,1,0,0,0,0,1,8.547,False,False,True,,True,clear_yes,yes,3829,False,standard,False,,10595
CNG_Data2k_variance/files/Q00897.01-0000558643.0001.XLSX,Q00897.01-0000558643.0001.XLSX,.xlsx,57074,ok,True,True,text,True,1,0,467,False,0,False,100+,Money/Amount,False,Financial Account Information,False,,ambiguous,True,no,15229,likely_non_responsive,roster_by_rowcount bde_llm_count,False,False,0,0,0,0,0,0,2.235,True,False,False,stage1_nr,False,,,0,False,,False,,15229
CNG_Data2k_variance/files/Q00897.01-0000898727.PDF,Q00897.01-0000898727.PDF,.pdf,61582,ok,True,False,text,False,13,0,2,False,0,False,0-10,Name | Address | Phone | Money/Amount | Work-Related,True,Contact Information | Financial Account Information | Work-Related Information,False,,ambiguous,True,yes,14024,standard,,False,False,0,0,0,0,0,0,5.216,False,False,True,,True,clear_yes,yes,14093,False,standard,False,,28117
CNG_Data2k_variance/files/Q00897.01-0000617708.MSG,Q00897.01-0000617708.MSG,.msg,178176,ok,True,False,text,False,0,0,8,False,7,False,0-10,Name | Address | Email | Phone | Money/Amount,True,Contact Information | Financial Account Information,False,,ambiguous,True,yes,19734,standard,bde_llm_count,False,False,0,0,0,0,0,0,6.77,False,False,True,,True,likely_no,no,10362,False,likely_non_responsive,True,,30096
CNG_Data2k_variance/files/Q00897.01-0000734021.MSG,Q00897.01-0000734021.MSG,.msg,171008,ok,True,False,text,False,0,0,1,False,0,False,0-10,Name | Address | Card/Transaction | Money/Amount,True,Contact Information | Financial Account Information,False,,ambiguous,True,yes,3958,standard,,False,False,0,0,0,0,0,0,4.306,False,False,True,,True,likely_no,no,4014,False,likely_non_responsive,True,,7972
CNG_Data2k_variance/files/Q00897.01-0000680059.MSG,Q00897.01-0000680059.MSG,.msg,48640,ok,True,False,text,False,0,0,5,False,0,False,0-10,Name | Address | Email | Phone,True,Contact Information,False,,ambiguous,True,yes,6544,standard,,False,False,0,0,0,0,0,0,4.167,False,False,True,,True,likely_yes,yes,6621,False,standard,False,,13165
CNG_Data2k_variance/files/Q00897.01-0000257085.PDF,Q00897.01-0000257085.PDF,.pdf,38157,ok,True,True,text,True,1,0,3,False,2,False,0-10,Address | Phone | Bank/Account Number | Card Expiry/CVV | Money/Amount,True,Contact Information | Financial Account Information,False,,ambiguous,True,no,7461,likely_non_responsive,bde_llm_count,True,True,1,0,0,0,0,1,6.397,True,False,False,stage1_nr,False,,,0,False,,False,,7461
CNG_Data2k_variance/files/Q00897.01-0000411178.MSG,Q00897.01-0000411178.MSG,.msg,146432,ok,True,False,text,False,0,0,2,False,0,False,0-10,Name | Address | Email | Phone,True,Contact Information,False,,ambiguous,True,yes,4134,standard,,False,False,0,0,0,0,0,0,4.504,False,False,True,,True,clear_no,no,4263,False,likely_non_responsive,True,,8397
CNG_Data2k_variance/files/Q00897.01-0000276480.0003.PDF,Q00897.01-0000276480.0003.PDF,.pdf,62099,ok,True,False,text,False,4,0,1,False,0,False,0-10,Email | Money/Amount,True,Contact Information | Financial Account Information,False,,ambiguous,True,no,4958,likely_non_responsive,,False,False,0,0,0,0,0,0,1.924,True,False,False,stage1_nr,False,,,0,False,,False,,4958
CNG_Data2k_variance/files/Q00897.01-0000275376.PDF,Q00897.01-0000275376.PDF,.pdf,73117,ok,True,True,text,True,1,0,18,False,1,False,10-20,Name | Address | Phone,True,Contact Information,False,,ambiguous,True,no,7322,likely_non_responsive,bde_llm_count,True,True,1,0,0,0,0,1,7.543,True,False,False,stage1_nr,False,,,0,False,,False,,7322
CNG_Data2k_variance/files/Q00897.01-0000310738.PDF,Q00897.01-0000310738.PDF,.pdf,13371381,ok,True,False,text,False,37,0,5,False,0,False,0-10,Name | Address | Email | Phone | Money/Amount | Health,True,Contact Information | Financial Account Information | Health-Related Information,False,,ambiguous,True,no,9974,likely_non_responsive,"img_ocr:none(2 calls,0 chars)",False,False,0,2,2,0,0,2,21.372,True,False,False,stage1_nr,False,,,0,False,,False,,9974
CNG_Data2k_variance/files/Q00897.01-0000811454.0001.PDF,Q00897.01-0000811454.0001.PDF,.pdf,7674,ok,True,False,text,False,1,0,0,False,0,False,0-10,,False,,False,,clear_non_responsive,False,,0,likely_non_responsive,,False,False,0,0,0,0,0,0,0.033,True,False,False,stage1_nr,False,,,0,False,,False,,0
CNG_Data2k_variance/files/Q00897.01-0000651847.0001.PDF,Q00897.01-0000651847.0001.PDF,.pdf,370973,ok,True,False,text,False,9,0,114,False,114,True,100+,Name | Address | Email | Card/Transaction,True,Contact Information | Financial Account Information,True,,ambiguous,True,yes,20987,bde,"img_ocr:p1,p1(2/2,+125chars) bde_llm_count_roster",False,False,0,2,2,2,0,2,15.607,False,True,True,,True,likely_no,no,10957,True,likely_non_responsive,True,,31944
CNG_Data2k_variance/files/Q00897.01-0000526595.0001.PDF,Q00897.01-0000526595.0001.PDF,.pdf,22599,ok,True,False,text,False,1,0,1,False,0,False,0-10,Money/Amount,False,Financial Account Information,False,,clear_non_responsive,False,,0,likely_non_responsive,,False,False,0,0,0,0,0,0,0.035,True,False,False,stage1_nr,False,,,0,False,,False,,0
CNG_Data2k_variance/files/Q00897.01-0000341379.DOCX,Q00897.01-0000341379.DOCX,.docx,29457,ok,True,False,text,False,0,0,3,False,0,False,0-10,Name | Address | Phone,True,Contact Information,False,,ambiguous,True,yes,3871,standard,,False,False,0,0,0,0,0,0,3.244,False,False,True,,True,likely_no,no,3941,False,likely_non_responsive,True,,7812
CNG_Data2k_variance/files/Q00897.01-0000652949.MSG,Q00897.01-0000652949.MSG,.msg,161792,ok,True,False,text,False,0,2,8,False,4,False,0-10,Name | Address | Email | Phone | Money/Amount,True,Contact Information | Financial Account Information,False,,ambiguous,True,yes,9024,standard,bde_llm_count,False,False,0,0,0,0,0,0,5.74,False,False,True,,True,likely_no,no,4973,False,likely_non_responsive,True,,13997
CNG_Data2k_variance/files/Q00897.01-0000669447.MSG,Q00897.01-0000669447.MSG,.msg,177664,ok,True,False,text,False,0,2,3,False,0,False,0-10,Name | Phone,True,Contact Information,False,,ambiguous,True,no,3724,likely_non_responsive,,False,False,0,0,0,0,0,0,1.493,True,False,False,stage1_nr,False,,,0,False,,False,,3724
CNG_Data2k_variance/files/Q00897.01-0000822395.0001.PDF,Q00897.01-0000822395.0001.PDF,.pdf,218275,ok,True,False,text,False,1,0,6,False,0,False,0-10,Name | Address | Money/Amount | Work-Related,True,Contact Information | Financial Account Information | Work-Related Information,False,,ambiguous,True,yes,6148,standard,,False,False,0,0,0,0,0,0,4.204,False,False,True,,True,clear_yes,yes,6233,False,standard,False,,12381
CNG_Data2k_variance/files/Q00897.01-0000533174.0001.PDF,Q00897.01-0000533174.0001.PDF,.pdf,22602,ok,True,False,text,False,1,0,1,False,0,False,0-10,Money/Amount,False,Financial Account Information,False,,clear_non_responsive,False,,0,likely_non_responsive,,False,False,0,0,0,0,0,0,0.027,True,False,False,stage1_nr,False,,,0,False,,False,,0
CNG_Data2k_variance/files/Q00897.01-0000890278.PDF,Q00897.01-0000890278.PDF,.pdf,30376,ok,True,False,text,False,6,0,50,False,51,True,20-50,Name | Phone,True,Contact Information,True,,ambiguous,True,yes,13552,bde,bde_llm_count_roster,False,False,0,0,0,0,0,0,14.478,False,True,True,,True,likely_yes,yes,7247,False,standard,False,,20799
CNG_Data2k_variance/files/Q00897.01-0000286156.PDF,Q00897.01-0000286156.PDF,.pdf,3406072,ok,True,False,text,False,5,0,5,False,0,False,0-10,Name | Address,True,Contact Information,False,,ambiguous,True,yes,5236,standard,,True,True,5,0,0,0,0,1,11.159,False,False,True,,True,clear_yes,yes,5302,False,standard,False,,10538
CNG_Data2k_variance/files/Q00897.01-0000119629.PDF,Q00897.01-0000119629.PDF,.pdf,134920,ok,True,False,text,False,1,0,0,False,0,False,0-10,,False,,False,,clear_non_responsive,False,,0,likely_non_responsive,,False,False,0,0,0,0,0,0,0.056,True,False,False,stage1_nr,False,,,0,False,,False,,0
CNG_Data2k_variance/files/Q00897.01-0000652234.MSG,Q00897.01-0000652234.MSG,.msg,295936,ok,True,False,text,False,0,6,4,False,0,False,0-10,Name | Address | Email | Phone | Money/Amount,True,Contact Information | Financial Account Information,False,,ambiguous,True,yes,5205,standard,,False,False,0,0,0,0,0,0,4.09,False,False,True,,True,clear_no,no,5234,False,likely_non_responsive,True,,10439
CNG_Data2k_variance/files/Q00897.01-0000677079.MSG,Q00897.01-0000677079.MSG,.msg,212480,ok,True,False,text,False,0,0,1,False,0,False,0-10,Phone,True,Contact Information,False,,ambiguous,True,no,5589,likely_non_responsive,,False,False,0,0,0,0,0,0,2.396,True,False,False,stage1_nr,False,,,0,False,,False,,5589
CNG_Data2k_variance/files/Q00897.01-0000242957.PDF,Q00897.01-0000242957.PDF,.pdf,134566,ok,True,True,text,True,1,0,14,False,0,False,10-20,Name | Phone | Bank/Account Number | Money/Amount,True,Contact Information | Financial Account Information,False,,ambiguous,True,yes,6967,standard,bde_llm_count,True,True,1,0,0,0,0,1,8.145,False,False,True,,True,clear_no,no,3949,False,likely_non_responsive,True,,10916
CNG_Data2k_variance/files/Q00897.01-0000832934.MSG,Q00897.01-0000832934.MSG,.msg,70656,ok,True,False,text,False,0,0,10,False,5,False,0-10,Name | Address | Email | Phone,True,Contact Information,False,,ambiguous,True,yes,9034,standard,bde_llm_count,False,False,0,0,0,0,0,0,5.76,False,False,True,,True,clear_no,no,4947,False,likely_non_responsive,True,,13981
CNG_Data2k_variance/files/Q00897.01-0000911816.PDF,Q00897.01-0000911816.PDF,.pdf,166981,ok,True,True,text,True,4,0,47,False,3,False,20-50,Name | Address | SSN | Money/Amount,True,Contact Information | Government-Issued Identification | Financial Account Information,False,,clear_responsive,False,,4797,standard,bde_llm_count,True,True,4,0,0,0,0,1,9.437,False,False,True,,True,clear_yes,yes,5692,False,standard,False,,10489
CNG_Data2k_variance/files/Q00897.01-0000849085.MSG,Q00897.01-0000849085.MSG,.msg,229888,error,False,False,,False,0,0,0,False,0,False,,,False,,False,,,False,,0,review_error,MalformedRtf,False,False,0,0,0,0,0,0,0.751,False,False,False,extract_error,False,,,0,False,,False,,0
CNG_Data2k_variance/files/Q00897.01-0000878853.0002.PDF,Q00897.01-0000878853.0002.PDF,.pdf,116074,ok,True,False,text,False,8,0,1,False,0,False,0-10,Name | Address | Phone,True,Contact Information,False,,ambiguous,True,yes,13680,standard,,False,False,0,0,0,0,0,0,3.344,False,False,True,,True,clear_yes,yes,13784,False,standard,False,,27464
CNG_Data2k_variance/files/Q00897.01-0000915035.PDF,Q00897.01-0000915035.PDF,.pdf,1066883,ok,True,False,text,False,1,0,3,False,0,False,0-10,Name | Address | Email | Phone | SSN | Work-Related,True,Contact Information | Government-Issued Identification | Work-Related Information,False,,clear_responsive,False,,0,standard,,False,False,0,0,0,0,0,0,1.822,False,False,True,,True,clear_yes,yes,4387,False,standard,False,,4387
CNG_Data2k_variance/files/Q00897.01-0000707577.MSG,Q00897.01-0000707577.MSG,.msg,138752,ok,True,False,text,False,0,0,1,False,0,False,0-10,Name | Address | Phone,True,Contact Information,False,,ambiguous,True,yes,4026,standard,,False,False,0,0,0,0,0,0,4.447,False,False,True,,True,borderline,no,4093,False,likely_non_responsive,True,,8119
CNG_Data2k_variance/files/Q00897.01-0000242546.PDF,Q00897.01-0000242546.PDF,.pdf,683953,ok,True,True,text,True,2,0,11,False,1,False,10-20,Name | Address | Email | Phone | Money/Amount,True,Contact Information | Financial Account Information,False,,ambiguous,True,no,7981,likely_non_responsive,bde_llm_count,True,True,2,0,0,0,0,1,9.293,True,False,False,stage1_nr,False,,,0,False,,False,,7981
CNG_Data2k_variance/files/Q00897.01-0000316759.PDF,Q00897.01-0000316759.PDF,.pdf,1496784,ok,True,False,text,False,1,0,1,False,0,False,0-10,Money/Amount | Demographic,False,Financial Account Information | Demographic Information,False,,ambiguous,True,no,4346,likely_non_responsive,"img_ocr:p1,p1,p1,p1,p1,p1,p1,p1,p1(9/14,+168chars)",False,False,0,14,14,9,0,14,62.486,True,False,False,stage1_nr,False,,,0,False,,False,,4346
CNG_Data2k_variance/files/Q00897.01-0000134280.PDF,Q00897.01-0000134280.PDF,.pdf,628603,ok,True,True,text,True,4,0,45,False,0,False,20-50,Phone | Money/Amount,True,Contact Information | Financial Account Information,False,,ambiguous,True,no,8923,likely_non_responsive,bde_llm_count,True,True,4,0,0,0,0,1,7.549,True,False,False,stage1_nr,False,,,0,False,,False,,8923
CNG_Data2k_variance/files/Q00897.01-0000504135.MSG,Q00897.01-0000504135.MSG,.msg,84992,ok,True,False,text,False,0,0,2,False,0,False,0-10,Address | Email | Phone | Money/Amount | Health,True,Contact Information | Financial Account Information | Health-Related Information,False,,ambiguous,True,no,4298,likely_non_responsive,,False,False,0,0,0,0,0,0,2.563,True,False,False,stage1_nr,False,,,0,False,,False,,4298
CNG_Data2k_variance/files/Q00897.01-0000242062.XLSX,Q00897.01-0000242062.XLSX,.xlsx,17129,ok,True,True,text,True,2,0,26,False,0,False,20-50,Address | Phone | Money/Amount,True,Contact Information | Financial Account Information,False,,ambiguous,True,no,12495,likely_non_responsive,bde_llm_count,False,False,0,0,0,0,0,0,3.599,True,False,False,stage1_nr,False,,,0,False,,False,,12495
CNG_Data2k_variance/files/Q00897.01-0000118965.DOCX,Q00897.01-0000118965.DOCX,.docx,29665,ok,True,False,text,False,0,0,2,False,0,False,0-10,Email | Phone | Money/Amount | Health,True,Contact Information | Financial Account Information | Health-Related Information,False,,ambiguous,True,no,4506,likely_non_responsive,,False,False,0,0,0,0,0,0,1.349,True,False,False,stage1_nr,False,,,0,False,,False,,4506
CNG_Data2k_variance/files/Q00897.01-0000258932.PDF,Q00897.01-0000258932.PDF,.pdf,210105,ok,True,False,text,False,3,0,1,False,0,False,0-10,Money/Amount,False,Financial Account Information,False,,clear_non_responsive,False,,0,likely_non_responsive,,False,False,0,0,0,0,0,0,0.09,True,False,False,stage1_nr,False,,,0,False,,False,,0
CNG_Data2k_variance/files/Q00897.01-0000840504.MSG,Q00897.01-0000840504.MSG,.msg,179712,ok,True,False,text,False,0,2,4,False,0,False,0-10,Name | Email | Phone | Card/Transaction | Money/Amount,True,Contact Information | Financial Account Information,False,,ambiguous,True,yes,5271,standard,,False,False,0,0,0,0,0,0,3.37,False,False,True,,True,likely_no,no,5319,False,likely_non_responsive,True,,10590
CNG_Data2k_variance/files/Q00897.01-0000332032.0001.PDF,Q00897.01-0000332032.0001.PDF,.pdf,313320,ok,True,False,text,False,4,0,1,False,0,False,0-10,Name | Address | Bank/Account Number | Money/Amount,True,Contact Information | Financial Account Information,False,,ambiguous,True,yes,4348,standard,"img_ocr:p2(1/1,+234chars)",False,False,0,1,1,1,0,1,7.234,False,False,True,,True,likely_no,no,4422,False,likely_non_responsive,True,,8770
CNG_Data2k_variance/files/Q00897.01-0000446401.MSG,Q00897.01-0000446401.MSG,.msg,175104,ok,True,False,text,False,0,1,1,False,0,False,0-10,Money/Amount,False,Financial Account Information,False,,clear_non_responsive,False,,0,likely_non_responsive,,False,False,0,0,0,0,0,0,0.147,True,False,False,stage1_nr,False,,,0,False,,False,,0
CNG_Data2k_variance/files/Q00897.01-0000719080.MSG,Q00897.01-0000719080.MSG,.msg,200704,ok,True,False,text,False,0,1,2,False,0,False,0-10,Name | Phone,True,Contact Information,False,,ambiguous,True,no,4501,likely_non_responsive,,False,False,0,0,0,0,0,0,2.381,True,False,False,stage1_nr,False,,,0,False,,False,,4501
CNG_Data2k_variance/files/Q00897.01-0000447752.0001.XLSX,Q00897.01-0000447752.0001.XLSX,.xlsx,421206,ok,True,True,text,True,17,0,51,False,0,False,50-100,Phone | Payment Card | Bank/Account Number | Money/Amount,True,Contact Information | Financial Account Information,False,,ambiguous,True,no,10123,likely_non_responsive,bde_llm_count,False,False,0,0,0,0,0,0,2.544,True,False,False,stage1_nr,False,,,0,False,,False,,10123
CNG_Data2k_variance/files/Q00897.01-0000305346.XLSX,Q00897.01-0000305346.XLSX,.xlsx,3828878,ok,True,True,text,True,9,0,54,False,0,False,50-100,,False,,False,,ambiguous,True,no,7356,likely_non_responsive,bde_llm_count,False,False,0,0,0,0,0,0,4.647,True,False,False,stage1_nr,False,,,0,False,,False,,7356
CNG_Data2k_variance/files/Q00897.01-0000835278.0001.PDF,Q00897.01-0000835278.0001.PDF,.pdf,178810,ok,True,False,text,False,2,0,4,False,0,False,0-10,Name | Address | Email | Phone,True,Contact Information,False,,ambiguous,True,yes,4923,standard,"img_ocr:p1(1/1,+16chars)",False,False,0,1,1,1,0,1,6.721,False,False,True,,True,likely_no,no,4972,False,likely_non_responsive,True,,9895
CNG_Data2k_variance/files/Q00897.01-0000307374.PDF,Q00897.01-0000307374.PDF,.pdf,137233,ok,True,False,text,False,1,0,0,False,0,False,0-10,,False,,False,,clear_non_responsive,False,,0,likely_non_responsive,"img_ocr:none(1 calls,0 chars)",False,False,0,1,1,0,0,1,4.286,True,False,False,stage1_nr,False,,,0,False,,False,,0
CNG_Data2k_variance/files/Q00897.01-0000016217.PDF,Q00897.01-0000016217.PDF,.pdf,284842,ok,True,False,text,False,1,0,3,False,0,False,0-10,Name | Email | Money/Amount | Work-Related,True,Contact Information | Financial Account Information | Work-Related Information,False,,ambiguous,True,yes,8168,standard,,False,False,0,0,0,0,0,0,3.655,False,False,True,,True,likely_yes,yes,8227,False,standard,False,,16395
CNG_Data2k_variance/files/Q00897.01-0000803503.0002.DOCX,Q00897.01-0000803503.0002.DOCX,.docx,23313,ok,True,False,text,False,0,0,3,False,0,False,0-10,Name | Address | Money/Amount | Demographic | Work-Related,True,Contact Information | Financial Account Information | Demographic Information | Work-Related Information,False,,ambiguous,True,no,6269,likely_non_responsive,,False,False,0,0,0,0,0,0,1.472,True,False,False,stage1_nr,False,,,0,False,,False,,6269
CNG_Data2k_variance/files/Q00897.01-0000859455.PDF,Q00897.01-0000859455.PDF,.pdf,172663,ok,True,False,text,False,2,0,1,False,0,False,0-10,Credentials,False,Access Credentials,False,,ambiguous,True,yes,4411,standard,"img_ocr:p1,p2(2/4,+68chars)",False,False,0,4,4,2,0,4,19.866,False,False,True,,True,likely_no,no,4461,False,likely_non_responsive,True,,8872
CNG_Data2k_variance/files/Q00897.01-0000538051.MSG,Q00897.01-0000538051.MSG,.msg,122368,ok,True,False,text,False,0,0,1,False,0,False,0-10,Money/Amount,False,Financial Account Information,False,,clear_non_responsive,False,,0,likely_non_responsive,,False,False,0,0,0,0,0,0,0.285,True,False,False,stage1_nr,False,,,0,False,,False,,0
CNG_Data2k_variance/files/Q00897.01-0000248711.PDF,Q00897.01-0000248711.PDF,.pdf,1071885,ok,True,False,text,False,3,0,1,False,0,False,0-10,Money/Amount,False,Financial Account Information,False,,clear_non_responsive,False,,0,likely_non_responsive,,False,False,0,0,0,0,0,0,0.363,True,False,False,stage1_nr,False,,,0,False,,False,,0
CNG_Data2k_variance/files/Q00897.01-0000009568.XLSX,Q00897.01-0000009568.XLSX,.xlsx,254012,ok,True,True,text,True,3,0,484,False,484,True,100+,Name | Money/Amount,False,Financial Account Information,True,,ambiguous,True,yes,14399,structured_bde,bde_llm_count_roster,False,False,0,0,0,0,0,0,6.275,False,True,True,,True,likely_yes,yes,7690,True,structured_bde,False,,22089
CNG_Data2k_variance/files/Q00897.01-0000769784.0001.PDF,Q00897.01-0000769784.0001.PDF,.pdf,234637,ok,True,True,text,True,15,0,194,False,6,False,100+,Name | Address | Phone | Money/Amount | Health | Work-Related,True,Contact Information | Financial Account Information | Health-Related Information | Work-Related Information,False,,ambiguous,True,yes,17440,standard,bde_llm_count,True,True,15,0,0,0,0,1,12.6,False,False,True,,True,likely_no,no,9146,True,likely_non_responsive,True,,26586
CNG_Data2k_variance/files/Q00897.01-0000907776.PDF,Q00897.01-0000907776.PDF,.pdf,5001044,error,False,False,,False,0,0,0,False,0,False,,,False,,False,,,False,,0,review_error,NameError,False,False,0,0,0,0,0,0,60.005,False,False,False,extract_error,False,,,0,False,,False,,0
CNG_Data2k_variance/files/Q00897.01-0000865492.PDF,Q00897.01-0000865492.PDF,.pdf,102368,ok,True,False,text,False,1,0,1,False,0,False,0-10,Name | Address | Money/Amount,True,Contact Information | Financial Account Information,False,,ambiguous,True,yes,3966,standard,,False,False,0,0,0,0,0,0,2.821,False,False,True,,True,clear_yes,yes,4029,False,standard,False,,7995
CNG_Data2k_variance/files/Q00897.01-0000861432.XLSX,Q00897.01-0000861432.XLSX,.xlsx,672621,ok,True,True,text,True,1,0,9446,False,9446,True,100+,Phone | SSN | Payment Card,True,Contact Information | Government-Issued Identification | Financial Account Information,True,,clear_responsive,False,,7456,structured_bde,bde_llm_count_roster,False,False,0,0,0,0,0,0,4.119,False,True,True,,True,clear_yes,yes,8319,True,structured_bde,False,,15775
CNG_Data2k_variance/files/Q00897.01-0000868021.PDF,Q00897.01-0000868021.PDF,.pdf,594344,ok,True,True,text,True,11,0,113,False,19,True,100+,Name | Address | Money/Amount,True,Contact Information | Financial Account Information,True,,ambiguous,True,yes,12203,structured_bde,bde_llm_count_roster,True,True,11,0,0,0,0,1,13.078,False,True,True,,True,clear_yes,yes,6581,True,structured_bde,False,,18784
CNG_Data2k_variance/files/Q00897.01-0000116873.PDF,Q00897.01-0000116873.PDF,.pdf,476040,ok,True,False,text,False,70,0,1,False,0,False,0-10,Payment Card | Money/Amount,True,Financial Account Information,False,,ambiguous,True,no,14630,likely_non_responsive,,False,False,0,0,0,0,0,0,7.878,True,False,False,stage1_nr,False,,,0,False,,False,,14630
CNG_Data2k_variance/files/Q00897.01-0000253834.TXT,Q00897.01-0000253834.TXT,.txt,3269,ok,True,False,text,False,0,0,1,False,0,False,0-10,Money/Amount,False,Financial Account Information,False,,clear_non_responsive,False,,0,likely_non_responsive,,False,False,0,0,0,0,0,0,0.021,True,False,False,stage1_nr,False,,,0,False,,False,,0
CNG_Data2k_variance/files/Q00897.01-0000109728.PDF,Q00897.01-0000109728.PDF,.pdf,36435,ok,True,False,text,False,9,0,1,False,0,False,0-10,Money/Amount | Work-Related,False,Financial Account Information | Work-Related Information,False,,ambiguous,True,no,10136,likely_non_responsive,,False,False,0,0,0,0,0,0,1.594,True,False,False,stage1_nr,False,,,0,False,,False,,10136
CNG_Data2k_variance/files/Q00897.01-0000676359.MSG,Q00897.01-0000676359.MSG,.msg,267776,ok,True,False,text,False,0,0,16,False,14,False,10-20,Name | Address | Email | Phone,True,Contact Information,False,,ambiguous,True,yes,16492,standard,bde_llm_count,False,False,0,0,0,0,0,0,7.114,False,False,True,,True,likely_no,no,8694,False,likely_non_responsive,True,,25186
CNG_Data2k_variance/files/Q00897.01-0000347448.PDF,Q00897.01-0000347448.PDF,.pdf,80971,ok,True,True,text,True,1,0,5,False,2,False,0-10,Name | Address | Phone | Card Expiry/CVV | Health,True,Contact Information | Financial Account Information | Health-Related Information,False,,ambiguous,True,yes,9097,standard,bde_llm_count,True,True,1,0,0,0,0,1,69.887,False,False,True,,True,clear_yes,yes,5008,False,standard,False,,14105
CNG_Data2k_variance/files/Q00897.01-0000467450.MSG,Q00897.01-0000467450.MSG,.msg,534528,ok,True,False,text,False,0,9,8,False,8,False,0-10,Name | Address | Email | Phone | Money/Amount,True,Contact Information | Financial Account Information,False,,ambiguous,True,yes,13563,standard,bde_llm_count,False,False,0,0,0,0,0,0,8.573,False,False,True,,True,likely_no,no,7242,False,likely_non_responsive,True,,20805
CNG_Data2k_variance/files/Q00897.01-0000659033.MSG,Q00897.01-0000659033.MSG,.msg,142848,ok,True,False,text,False,0,2,5,False,0,False,0-10,Name | Address | Email | Phone | Money/Amount,True,Contact Information | Financial Account Information,False,,ambiguous,True,no,4525,likely_non_responsive,,False,False,0,0,0,0,0,0,1.614,True,False,False,stage1_nr,False,,,0,False,,False,,4525
CNG_Data2k_variance/files/Q00897.01-0000755743.MSG,Q00897.01-0000755743.MSG,.msg,69632,ok,True,False,text,False,0,0,2,False,0,False,0-10,Name | Address | Email | Phone,True,Contact Information,False,,ambiguous,True,yes,4065,standard,,False,False,0,0,0,0,0,0,2.752,False,False,True,,True,clear_no,no,4139,False,likely_non_responsive,True,,8204
CNG_Data2k_variance/files/Q00897.01-0000394574.MSG,Q00897.01-0000394574.MSG,.msg,82944,ok,True,False,text,False,0,0,2,False,0,False,0-10,Name | Email | Money/Amount,True,Contact Information | Financial Account Information,False,,ambiguous,True,yes,4787,standard,,False,False,0,0,0,0,0,0,3.632,False,False,True,,True,likely_no,no,4856,False,likely_non_responsive,True,,9643
CNG_Data2k_variance\files\Q00897.01-0000017536.XLS,Q00897.01-0000017536.XLS,.xls,69968,ok,True,True,text,True,2,0,2,False,2,False,0-10,Name | Money/Amount,False,Financial Account Information,False,,ambiguous,True,yes,7060,standard,bde_llm_count,False,False,0,0,0,0,0,0,5.001,False,False,True,,True,likely_no,no,4008,False,likely_non_responsive,True,,11068
CNG_Data2k_variance/files/Q00897.01-0000545302.0001.PDF,Q00897.01-0000545302.0001.PDF,.pdf,22620,ok,True,False,text,False,1,0,1,False,0,False,0-10,Money/Amount,False,Financial Account Information,False,,clear_non_responsive,False,,0,likely_non_responsive,,False,False,0,0,0,0,0,0,0.16,True,False,False,stage1_nr,False,,,0,False,,False,,0
CNG_Data2k_variance/files/Q00897.01-0000818043.MSG,Q00897.01-0000818043.MSG,.msg,110080,ok,True,False,text,False,0,0,6,False,0,False,0-10,Name | Phone,True,Contact Information,False,,ambiguous,True,no,4146,likely_non_responsive,,False,False,0,0,0,0,0,0,1.198,True,False,False,stage1_nr,False,,,0,False,,False,,4146
CNG_Data2k_variance/files/Q00897.01-0000427521.0001.PDF,Q00897.01-0000427521.0001.PDF,.pdf,995347,ok,True,False,text,False,22,0,1,False,0,False,0-10,Email | Money/Amount,True,Contact Information | Financial Account Information,False,,ambiguous,True,no,7096,likely_non_responsive,"img_ocr:p1,p1,p2,p6,p22(5/12,+75chars)",False,False,0,12,12,5,0,12,73.179,True,False,False,stage1_nr,False,,,0,False,,False,,7096
CNG_Data2k_variance/files/Q00897.01-0000896835.PDF,Q00897.01-0000896835.PDF,.pdf,13524,ok,True,False,text,False,2,0,1,False,0,False,0-10,Money/Amount,False,Financial Account Information,False,,clear_non_responsive,False,,0,likely_non_responsive,,False,False,0,0,0,0,0,0,0.256,True,False,False,stage1_nr,False,,,0,False,,False,,0
CNG_Data2k_variance/files/Q00897.01-0000250009.PDF,Q00897.01-0000250009.PDF,.pdf,164609,ok,True,True,text,True,9,0,72,False,0,False,50-100,Name | Address | Email | Phone | Bank/Account Number | Money/Amount,True,Contact Information | Financial Account Information,False,,ambiguous,True,yes,10492,standard,bde_llm_count,True,True,9,0,0,0,0,1,10.054,False,False,True,,True,clear_no,no,5706,True,likely_non_responsive,True,,16198
CNG_Data2k_variance/files/Q00897.01-0000891830.PDF,Q00897.01-0000891830.PDF,.pdf,22184,ok,True,False,text,False,6,0,1,False,0,False,0-10,Address | Phone | Money/Amount,True,Contact Information | Financial Account Information,False,,ambiguous,True,no,6224,likely_non_responsive,,False,False,0,0,0,0,0,0,1.702,True,False,False,stage1_nr,False,,,0,False,,False,,6224
CNG_Data2k_variance/files/Q00897.01-0000654461.MSG,Q00897.01-0000654461.MSG,.msg,224768,ok,True,False,text,False,0,1,2,False,0,False,0-10,Name | Address | Email | Phone | Card/Transaction | Money/Amount,True,Contact Information | Financial Account Information,False,,ambiguous,True,no,3962,likely_non_responsive,,False,False,0,0,0,0,0,0,2.798,True,False,False,stage1_nr,False,,,0,False,,False,,3962
CNG_Data2k_variance/files/Q00897.01-0000545143.0001.PDF,Q00897.01-0000545143.0001.PDF,.pdf,740771,ok,True,False,text,False,4,0,1,False,0,False,0-10,Money/Amount,False,Financial Account Information,False,,clear_non_responsive,False,,0,likely_non_responsive,,False,False,0,0,0,0,0,0,4.305,True,False,False,stage1_nr,False,,,0,False,,False,,0
CNG_Data2k_variance/files/Q00897.01-0000253831.TXT,Q00897.01-0000253831.TXT,.txt,24673,ok,True,False,text,False,0,0,1,False,0,False,0-10,Money/Amount,False,Financial Account Information,False,,clear_non_responsive,False,,0,likely_non_responsive,,False,False,0,0,0,0,0,0,0.04,True,False,False,stage1_nr,False,,,0,False,,False,,0
CNG_Data2k_variance/files/Q00897.01-0000125784.XLSX,Q00897.01-0000125784.XLSX,.xlsx,59703,ok,True,True,text,True,2,0,679,False,0,False,100+,Phone | Money/Amount,True,Contact Information | Financial Account Information,False,,ambiguous,True,no,10653,likely_non_responsive,bde_llm_count,False,False,0,0,0,0,0,0,3.011,True,False,False,stage1_nr,False,,,0,False,,False,,10653
CNG_Data2k_variance/files/Q00897.01-0000516964.0001.0001.PDF,Q00897.01-0000516964.0001.0001.PDF,.pdf,172278,ok,True,False,text,False,12,0,44,False,44,False,20-50,Name | Address | Card/Transaction | Money/Amount,True,Contact Information | Financial Account Information,False,,ambiguous,True,yes,22968,standard,bde_llm_count_roster,False,False,0,0,0,0,0,0,74.846,False,False,True,,True,likely_no,no,11970,False,likely_non_responsive,True,,34938
CNG_Data2k_variance/files/Q00897.01-0000077639.PDF,Q00897.01-0000077639.PDF,.pdf,136084,ok,True,False,text,False,21,0,3,False,0,False,0-10,Address | Email | Phone | Bank/Account Number | Money/Amount,True,Contact Information | Financial Account Information,False,,ambiguous,True,no,7522,likely_non_responsive,"img_ocr:p1(1/1,+18chars)",False,False,0,1,1,1,0,1,7.013,True,False,False,stage1_nr,False,,,0,False,,False,,7522
CNG_Data2k_variance/files/Q00897.01-0000801763.0002.DOCX,Q00897.01-0000801763.0002.DOCX,.docx,13898,ok,True,False,text,False,0,0,1,False,0,False,0-10,Name | Money/Amount | Student ID,True,Financial Account Information | Student-Related Information,False,,ambiguous,True,yes,3954,standard,,False,False,0,0,0,0,0,0,3.009,False,False,True,,True,likely_no,no,4024,False,likely_non_responsive,True,,7978
CNG_Data2k_variance/files/Q00897.01-0000242096.XLSX,Q00897.01-0000242096.XLSX,.xlsx,18939,ok,True,True,text,True,2,0,5,False,0,False,0-10,Name | Address | Phone | Money/Amount,True,Contact Information | Financial Account Information,False,,ambiguous,True,no,7792,likely_non_responsive,bde_llm_count,False,False,0,0,0,0,0,0,2.829,True,False,False,stage1_nr,False,,,0,False,,False,,7792
CNG_Data2k_variance/files/Q00897.01-0000534587.0001.PDF,Q00897.01-0000534587.0001.PDF,.pdf,21149,ok,True,False,text,False,1,0,0,False,0,False,0-10,,False,,False,,clear_non_responsive,False,,0,likely_non_responsive,,False,False,0,0,0,0,0,0,0.033,True,False,False,stage1_nr,False,,,0,False,,False,,0
CNG_Data2k_variance/files/Q00897.01-0000547349.0001.PDF,Q00897.01-0000547349.0001.PDF,.pdf,20772,ok,True,False,text,False,1,0,0,False,0,False,0-10,,False,,False,,clear_non_responsive,False,,0,likely_non_responsive,,False,False,0,0,0,0,0,0,0.024,True,False,False,stage1_nr,False,,,0,False,,False,,0
CNG_Data2k_variance/files/Q00897.01-0000890853.PDF,Q00897.01-0000890853.PDF,.pdf,13323,ok,True,False,text,False,1,0,0,False,0,False,0-10,,False,,False,,clear_non_responsive,False,,0,likely_non_responsive,,False,False,0,0,0,0,0,0,0.063,True,False,False,stage1_nr,False,,,0,False,,False,,0
CNG_Data2k_variance/files/Q00897.01-0000344799.PDF,Q00897.01-0000344799.PDF,.pdf,907443,ok,True,True,text,True,3,0,32,False,16,False,20-50,Name | Address | Email | Phone | Money/Amount,True,Contact Information | Financial Account Information,False,,ambiguous,True,yes,7908,standard,bde_llm_count,True,True,3,0,0,0,0,1,15.72,False,False,True,,True,likely_no,no,4442,False,likely_non_responsive,True,,12350
CNG_Data2k_variance/files/Q00897.01-0000346193.PDF,Q00897.01-0000346193.PDF,.pdf,31629,ok,True,False,text,False,7,0,1,False,0,False,0-10,Address | Money/Amount,True,Contact Information | Financial Account Information,False,,ambiguous,True,yes,6845,standard,,False,False,0,0,0,0,0,0,3.573,False,False,True,,True,clear_yes,yes,6898,False,standard,False,,13743
CNG_Data2k_variance/files/Q00897.01-0000914702.PDF,Q00897.01-0000914702.PDF,.pdf,284602,ok,True,True,text,True,2,0,9,False,6,False,0-10,Name | Money/Amount,False,Financial Account Information,False,,ambiguous,True,yes,8130,standard,bde_llm_count_roster,True,True,2,0,0,0,0,1,11.995,False,False,True,,True,clear_yes,yes,4531,False,standard,False,,12661
CNG_Data2k_variance\files\Q00897.01-0000808535.0001.DOC,Q00897.01-0000808535.0001.DOC,.doc,44722,ok,True,False,text,False,0,0,1,False,0,False,0-10,Address | Health,True,Contact Information | Health-Related Information,False,,ambiguous,True,no,6717,likely_non_responsive,,False,False,0,0,0,0,0,0,3.25,True,False,False,stage1_nr,False,,,0,False,,False,,6717
CNG_Data2k_variance/files/Q00897.01-0000663672.0005.PDF,Q00897.01-0000663672.0005.PDF,.pdf,180178,ok,True,False,text,False,6,0,4,False,0,False,0-10,Name | Address | Phone | Tax ID | Money/Amount,True,Contact Information | Government-Issued Identification | Financial Account Information,False,,ambiguous,True,no,7029,likely_non_responsive,"img_ocr:p1,p1,p1,p1,p2,p3(6/9,+321chars)",False,False,0,9,9,6,0,9,41.38,True,False,False,stage1_nr,False,,,0,False,,False,,7029
CNG_Data2k_variance/files/Q00897.01-0000643048.MSG,Q00897.01-0000643048.MSG,.msg,23552,ok,True,False,text,False,0,0,0,False,0,False,0-10,,False,,False,,clear_non_responsive,False,,0,likely_non_responsive,,False,False,0,0,0,0,0,0,0.03,True,False,False,stage1_nr,False,,,0,False,,False,,0
CNG_Data2k_variance/files/Q00897.01-0000818441.0001.PDF,Q00897.01-0000818441.0001.PDF,.pdf,544776,ok,True,True,text,True,15,0,17,False,2,False,10-20,Name | Address | Email | Phone | Money/Amount,True,Contact Information | Financial Account Information,False,,ambiguous,True,yes,18031,standard,bde_llm_count,True,True,15,0,0,0,0,1,10.892,False,False,True,,True,likely_yes,yes,9497,False,standard,False,,27528
CNG_Data2k_variance/files/Q00897.01-0000373112.MSG,Q00897.01-0000373112.MSG,.msg,219648,ok,True,False,text,False,0,0,3,False,0,False,0-10,Name | Address | Email | Phone | Money/Amount,True,Contact Information | Financial Account Information,False,,ambiguous,True,yes,4757,standard,,False,False,0,0,0,0,0,0,61.716,False,False,True,,True,likely_no,no,4836,False,likely_non_responsive,True,,9593
CNG_Data2k_variance/files/Q00897.01-0000115232.PDF,Q00897.01-0000115232.PDF,.pdf,53114,ok,True,False,text,False,2,0,1,False,0,False,0-10,Name | Card/Transaction | Money/Amount | Work-Related,False,Financial Account Information | Work-Related Information,False,,ambiguous,True,no,8397,likely_non_responsive,"img_ocr:p1(1/1,+34chars)",False,False,0,1,1,1,0,1,6.355,True,False,False,stage1_nr,False,,,0,False,,False,,8397
CNG_Data2k_variance/files/Q00897.01-0000713622.MSG,Q00897.01-0000713622.MSG,.msg,61952,ok,True,False,text,False,0,0,10,False,10,False,0-10,Name | Address | Email | Phone,True,Contact Information,False,,ambiguous,True,yes,9863,standard,bde_llm_count,False,False,0,0,0,0,0,0,67.777,False,False,True,,True,likely_no,no,5311,False,likely_non_responsive,True,,15174
CNG_Data2k_variance/files/Q00897.01-0000463684.0001.XLSX,Q00897.01-0000463684.0001.XLSX,.xlsx,14973,ok,True,True,text,True,1,0,0,False,0,False,0-10,Money/Amount,False,Financial Account Information,False,,ambiguous,True,no,7661,structured_unreadable,bde_llm_count_roster,False,False,0,0,0,0,0,0,3.529,False,False,True,,True,clear_no,no,4301,False,likely_non_responsive,True,,11962
CNG_Data2k_variance/files/Q00897.01-0000811040.0001.PDF,Q00897.01-0000811040.0001.PDF,.pdf,236239,ok,True,False,text,False,5,0,2,False,0,False,0-10,Name,False,,False,,ambiguous,True,no,5177,likely_non_responsive,,False,False,0,0,0,0,0,0,1.306,True,False,False,stage1_nr,False,,,0,False,,False,,5177
CNG_Data2k_variance/files/Q00897.01-0000258231.0001.PDF,Q00897.01-0000258231.0001.PDF,.pdf,252241,ok,True,False,text,False,3,0,1,False,0,False,0-10,Name | Address | Bank/Account Number | Money/Amount,True,Contact Information | Financial Account Information,False,,ambiguous,True,yes,4450,standard,"img_ocr:p2(1/1,+260chars)",False,False,0,1,1,1,0,1,6.851,False,False,True,,True,likely_no,no,4520,False,likely_non_responsive,True,,8970
CNG_Data2k_variance/files/Q00897.01-0000342011.PDF,Q00897.01-0000342011.PDF,.pdf,139011,ok,True,False,text,False,6,0,2,False,0,False,0-10,Name | Address | Phone,True,Contact Information,False,,ambiguous,True,yes,6127,standard,,False,False,0,0,0,0,0,0,3.355,False,False,True,,True,likely_no,no,6213,False,likely_non_responsive,True,,12340
CNG_Data2k_variance/files/Q00897.01-0000146303.XLSX,Q00897.01-0000146303.XLSX,.xlsx,330288,ok,True,True,text,True,8,0,73,False,4,False,50-100,Name | Email | Phone | Money/Amount,True,Contact Information | Financial Account Information,False,,ambiguous,True,yes,8477,standard,bde_llm_count,False,False,0,0,0,0,0,0,3.665,False,False,True,,True,borderline,no,4689,True,likely_non_responsive,True,,13166
CNG_Data2k_variance/files/Q00897.01-0000790830.MSG,Q00897.01-0000790830.MSG,.msg,62464,ok,True,False,text,False,0,1,3,False,0,False,0-10,Name | Address | Email | Phone | Health,True,Contact Information | Health-Related Information,False,,ambiguous,True,yes,6057,standard,,False,False,0,0,0,0,0,0,3.204,False,False,True,,True,likely_yes,yes,6144,False,standard,False,,12201
CNG_Data2k_variance/files/Q00897.01-0000897570.PDF,Q00897.01-0000897570.PDF,.pdf,20652,ok,True,True,text,True,3,0,53,False,3,True,50-100,Name | Address | Phone | Money/Amount | Work-Related,True,Contact Information | Financial Account Information | Work-Related Information,True,,ambiguous,True,yes,9127,structured_bde,bde_llm_count_roster,True,True,3,0,0,0,0,1,10.793,False,True,True,,True,clear_yes,yes,5038,True,structured_bde,False,,14165
CNG_Data2k_variance/files/Q00897.01-0000264300.XLSX,Q00897.01-0000264300.XLSX,.xlsx,144096,ok,True,True,text,True,3,0,1398,False,0,False,100+,Address | Money/Amount,True,Contact Information | Financial Account Information,False,,ambiguous,True,no,12254,likely_non_responsive,roster_by_rowcount bde_llm_count,False,False,0,0,0,0,0,0,3.209,True,False,False,stage1_nr,False,,,0,False,,False,,12254
CNG_Data2k_variance/files/Q00897.01-0000138208.PDF,Q00897.01-0000138208.PDF,.pdf,424582,ok,True,True,text,True,3,0,56,False,1,False,50-100,Name | Address | Phone | Money/Amount,True,Contact Information | Financial Account Information,False,,ambiguous,True,yes,10644,standard,bde_llm_count,True,True,3,0,0,0,0,1,9.301,False,False,True,,True,likely_no,no,5810,True,likely_non_responsive,True,,16454
CNG_Data2k_variance/files/Q00897.01-0000731959.0001.PDF,Q00897.01-0000731959.0001.PDF,.pdf,272873,ok,True,True,text,True,5,0,91,False,4,False,50-100,Name | Address | Phone | Tax ID | Bank/Account Number | Money/Amount,True,Contact Information | Government-Issued Identification | Financial Account Information,False,,ambiguous,True,no,13350,likely_non_responsive,bde_llm_count,True,True,5,0,0,0,0,1,10.537,True,False,False,stage1_nr,False,,,0,False,,False,,13350
CNG_Data2k_variance/files/Q00897.01-0000894354.PDF,Q00897.01-0000894354.PDF,.pdf,36537,ok,True,False,text,False,5,0,1,False,0,False,0-10,Address | Money/Amount,True,Contact Information | Financial Account Information,False,,ambiguous,True,yes,6933,standard,,False,False,0,0,0,0,0,0,4.901,False,False,True,,True,likely_yes,yes,7019,False,standard,False,,13952
CNG_Data2k_variance/files/Q00897.01-0000242010.CSV,Q00897.01-0000242010.CSV,.csv,2142,ok,True,True,text,True,0,0,6,False,0,False,0-10,Address | Phone | Money/Amount,True,Contact Information | Financial Account Information,False,,ambiguous,True,no,8157,likely_non_responsive,bde_llm_count,False,False,0,0,0,0,0,0,3.789,True,False,False,stage1_nr,False,,,0,False,,False,,8157
CNG_Data2k_variance/files/Q00897.01-0000673030.MSG,Q00897.01-0000673030.MSG,.msg,126976,ok,True,False,text,False,0,1,1,False,0,False,0-10,Name | Money/Amount,True,Financial Account Information,False,,ambiguous,True,no,3771,likely_non_responsive,,False,False,0,0,0,0,0,0,1.221,True,False,False,stage1_nr,False,,,0,False,,False,,3771
CNG_Data2k_variance/files/Q00897.01-0000647502.MSG,Q00897.01-0000647502.MSG,.msg,168960,ok,True,False,text,False,0,0,1,False,0,False,0-10,Address | Email,True,Contact Information,False,,ambiguous,True,no,8643,likely_non_responsive,,False,False,0,0,0,0,0,0,1.528,True,False,False,stage1_nr,False,,,0,False,,False,,8643
CNG_Data2k_variance/files/Q00897.01-0000002743.PDF,Q00897.01-0000002743.PDF,.pdf,2479894,ok,True,False,text,False,1,0,2,False,0,False,0-10,Name | Address | Email | Phone | SSN | Money/Amount | Work-Related,True,Contact Information | Government-Issued Identification | Financial Account Information | Work-Related Information,False,,clear_responsive,False,,0,standard,,False,False,0,0,0,0,0,0,2.055,False,False,True,,True,clear_yes,yes,4264,False,standard,False,,4264
CNG_Data2k_variance/files/Q00897.01-0000654525.MSG,Q00897.01-0000654525.MSG,.msg,171008,ok,True,False,text,False,0,7,12,False,2,False,10-20,Name | Address | Email | Phone | Card/Transaction | Money/Amount,True,Contact Information | Financial Account Information,False,,ambiguous,True,yes,7322,standard,bde_llm_count,False,False,0,0,0,0,0,0,4.869,False,False,True,,True,likely_no,no,4111,False,likely_non_responsive,True,,11433
CNG_Data2k_variance/files/Q00897.01-0000769046.MSG,Q00897.01-0000769046.MSG,.msg,341504,ok,True,False,text,False,0,4,8,False,4,False,0-10,Name | Address | Email | Phone | Card/Transaction | Money/Amount,True,Contact Information | Financial Account Information,False,,ambiguous,True,yes,8155,standard,bde_llm_count,False,False,0,0,0,0,0,0,5.2,False,False,True,,True,likely_no,no,4487,False,likely_non_responsive,True,,12642
CNG_Data2k_variance/files/Q00897.01-0000827205.0003.PPTX,Q00897.01-0000827205.0003.PPTX,.pptx,6938654,ok,True,False,text,False,32,0,1,False,0,False,0-10,Address | Money/Amount,True,Contact Information | Financial Account Information,False,,ambiguous,True,no,5866,likely_non_responsive,,False,False,0,0,0,0,0,0,1.667,True,False,False,stage1_nr,False,,,0,False,,False,,5866
CNG_Data2k_variance/files/Q00897.01-0000330135.0001.PDF,Q00897.01-0000330135.0001.PDF,.pdf,345573,ok,True,True,text,True,5,0,21,False,1,False,20-50,Name | Address | Phone | Bank/Account Number | Money/Amount,True,Contact Information | Financial Account Information,False,,ambiguous,True,yes,8867,standard,bde_llm_count,True,True,5,0,0,0,0,1,9.473,False,False,True,,True,likely_no,no,4930,False,likely_non_responsive,True,,13797
CNG_Data2k_variance/files/Q00897.01-0000263097.0001.PDF,Q00897.01-0000263097.0001.PDF,.pdf,247029,ok,True,True,text,True,14,0,168,False,0,False,100+,Name | Address | Phone | Money/Amount,True,Contact Information | Financial Account Information,False,,ambiguous,True,no,17897,likely_non_responsive,bde_llm_count,True,True,14,0,0,0,0,1,9.041,True,False,False,stage1_nr,False,,,0,False,,False,,17897
CNG_Data2k_variance/files/Q00897.01-0000865235.PDF,Q00897.01-0000865235.PDF,.pdf,284994,ok,True,False,text,False,2,0,5,False,0,False,0-10,Name | Phone | Money/Amount,True,Contact Information | Financial Account Information,False,,ambiguous,True,yes,5898,standard,,False,False,0,0,0,0,0,0,5.023,False,False,True,,True,likely_no,no,5929,False,likely_non_responsive,True,,11827
CNG_Data2k_variance/files/Q00897.01-0000838933.0001.PDF,Q00897.01-0000838933.0001.PDF,.pdf,3644916,error,False,False,,False,0,0,0,False,0,False,,,False,,False,,,False,,0,review_error,NameError,False,False,0,0,0,0,0,0,0.729,False,False,False,extract_error,False,,,0,False,,False,,0
CNG_Data2k_variance/files/Q00897.01-0000800990.0002.PDF,Q00897.01-0000800990.0002.PDF,.pdf,100261,ok,True,False,text,False,3,0,1,False,0,False,0-10,Name | Money/Amount | Student ID,True,Financial Account Information | Student-Related Information,False,,ambiguous,True,yes,5702,standard,,False,False,0,0,0,0,0,0,3.084,False,False,True,,True,clear_yes,yes,5745,False,standard,False,,11447
CNG_Data2k_variance/files/Q00897.01-0000002023.PDF,Q00897.01-0000002023.PDF,.pdf,728439,ok,True,False,text,False,3,0,3,False,0,False,0-10,Name | Money/Amount | Work-Related,True,Financial Account Information | Work-Related Information,False,,ambiguous,True,yes,4715,standard,,False,False,0,0,0,0,0,0,3.664,False,False,True,,True,likely_yes,yes,4789,False,standard,False,,9504
CNG_Data2k_variance/files/Q00897.01-0000369225.MSG,Q00897.01-0000369225.MSG,.msg,221696,ok,True,False,text,False,0,0,1,False,0,False,0-10,Address | Email | Phone | Money/Amount,True,Contact Information | Financial Account Information,False,,ambiguous,True,no,4184,likely_non_responsive,,False,False,0,0,0,0,0,0,2.477,True,False,False,stage1_nr,False,,,0,False,,False,,4184
CNG_Data2k_variance/files/Q00897.01-0000013067.PDF,Q00897.01-0000013067.PDF,.pdf,79483,ok,True,False,text,False,2,0,3,False,0,False,0-10,Name | Money/Amount,True,Financial Account Information,False,,ambiguous,True,yes,4547,standard,,False,False,0,0,0,0,0,0,2.868,False,False,True,,True,clear_yes,yes,4610,False,standard,False,,9157
CNG_Data2k_variance/files/Q00897.01-0000840568.0001.DOCX,Q00897.01-0000840568.0001.DOCX,.docx,249122,ok,True,False,text,False,0,0,1,False,0,False,0-10,Card Expiry/CVV | Money/Amount,False,Financial Account Information,False,,ambiguous,True,no,8477,likely_non_responsive,,False,False,0,0,0,0,0,0,1.497,True,False,False,stage1_nr,False,,,0,False,,False,,8477
CNG_Data2k_variance/files/Q00897.01-0000863835.PDF,Q00897.01-0000863835.PDF,.pdf,245642,ok,True,False,text,False,4,0,5,False,0,False,0-10,Name | Phone | Money/Amount,True,Contact Information | Financial Account Information,False,,ambiguous,True,yes,8240,standard,,False,False,0,0,0,0,0,0,3.355,False,False,True,,True,clear_yes,yes,8283,False,standard,False,,16523
CNG_Data2k_variance/files/Q00897.01-0000809789.0001.DOCX,Q00897.01-0000809789.0001.DOCX,.docx,23967,ok,True,False,text,False,0,0,1,False,0,False,0-10,Health,False,Health-Related Information,False,,ambiguous,True,no,5364,likely_non_responsive,,False,False,0,0,0,0,0,0,3.847,True,False,False,stage1_nr,False,,,0,False,,False,,5364
CNG_Data2k_variance/files/Q00897.01-0000346683.PDF,Q00897.01-0000346683.PDF,.pdf,157364,ok,True,False,text,False,3,0,55,False,55,True,50-100,Name | Phone | Money/Amount,True,Contact Information | Financial Account Information,True,,ambiguous,True,yes,13476,bde,bde_llm_count_roster,False,False,0,0,0,0,0,0,11.548,False,True,True,,True,clear_yes,yes,7391,True,bde,False,,20867
CNG_Data2k_variance/files/Q00897.01-0000660558.0001.XLSX,Q00897.01-0000660558.0001.XLSX,.xlsx,13077,ok,True,True,text,True,1,0,0,False,0,False,0-10,Money/Amount,False,Financial Account Information,False,,ambiguous,True,no,9634,structured_unreadable,bde_llm_count,False,False,0,0,0,0,0,0,3.653,False,False,True,,True,clear_no,no,5310,False,likely_non_responsive,True,,14944
CNG_Data2k_variance/files/Q00897.01-0000762561.MSG,Q00897.01-0000762561.MSG,.msg,68096,ok,True,False,text,False,0,0,4,False,0,False,0-10,Name | Address | Email | Phone | Money/Amount,True,Contact Information | Financial Account Information,False,,ambiguous,True,yes,4606,standard,,False,False,0,0,0,0,0,0,3.103,False,False,True,,True,likely_no,no,4666,False,likely_non_responsive,True,,9272
CNG_Data2k_variance/files/Q00897.01-0000270055.PDF,Q00897.01-0000270055.PDF,.pdf,104574,ok,True,False,text,False,1,0,3,False,0,False,0-10,Name | Address | Email | Phone | Card Expiry/CVV,True,Contact Information | Financial Account Information,False,,ambiguous,True,yes,4353,standard,,True,True,1,0,0,0,0,1,8.42,False,False,True,,True,likely_no,no,4425,False,likely_non_responsive,True,,8778
CNG_Data2k_variance/files/Q00897.01-0000891174.PDF,Q00897.01-0000891174.PDF,.pdf,53265,ok,True,False,text,False,12,0,100,False,100,True,50-100,Name | Phone | Money/Amount,True,Contact Information | Financial Account Information,True,,ambiguous,True,yes,21374,bde,bde_llm_count_roster,False,False,0,0,0,0,0,0,17.201,False,True,True,,True,likely_no,no,11510,True,likely_non_responsive,True,,32884
CNG_Data2k_variance/files/Q00897.01-0000573672.0001.XLSX,Q00897.01-0000573672.0001.XLSX,.xlsx,54168,ok,True,True,text,True,1,0,434,False,0,False,100+,Name | Money/Amount,False,Financial Account Information,False,,ambiguous,True,yes,15954,standard,roster_by_rowcount bde_llm_count,False,False,0,0,0,0,0,0,6.93,False,False,True,,True,likely_no,no,8504,True,likely_non_responsive,True,,24458
CNG_Data2k_variance/files/Q00897.01-0000659179.0002.PDF,Q00897.01-0000659179.0002.PDF,.pdf,479843,ok,True,False,text,False,1,0,1,False,0,False,0-10,Name | Address,True,Contact Information,False,,ambiguous,True,yes,4968,standard,,True,True,1,0,0,0,0,1,6.713,False,False,True,,True,clear_yes,yes,5024,False,standard,False,,9992
CNG_Data2k_variance/files/Q00897.01-0000650899.MSG,Q00897.01-0000650899.MSG,.msg,20992,ok,True,False,text,False,0,0,0,False,0,False,0-10,,False,,False,,clear_non_responsive,False,,0,likely_non_responsive,,False,False,0,0,0,0,0,0,0.026,True,False,False,stage1_nr,False,,,0,False,,False,,0
CNG_Data2k_variance/files/Q00897.01-0000544605.0001.XLSX,Q00897.01-0000544605.0001.XLSX,.xlsx,86520,ok,True,True,text,True,4,0,109,False,24,False,100+,Name | Phone | Money/Amount,True,Contact Information | Financial Account Information,False,,ambiguous,True,yes,9946,standard,bde_llm_count,False,False,0,0,0,0,0,0,9.57,False,False,True,,True,likely_no,no,5495,True,likely_non_responsive,True,,15441
CNG_Data2k_variance/files/Q00897.01-0000537885.0001.PDF,Q00897.01-0000537885.0001.PDF,.pdf,23618,ok,True,False,text,False,1,0,1,False,0,False,0-10,Money/Amount,False,Financial Account Information,False,,clear_non_responsive,False,,0,likely_non_responsive,,False,False,0,0,0,0,0,0,0.045,True,False,False,stage1_nr,False,,,0,False,,False,,0
CNG_Data2k_variance/files/Q00897.01-0000227003.PDF,Q00897.01-0000227003.PDF,.pdf,1697266,ok,True,False,text,False,1,0,3,False,0,False,0-10,Phone | Money/Amount,True,Contact Information | Financial Account Information,False,,ambiguous,True,no,4004,likely_non_responsive,,True,True,1,0,0,0,0,1,5.627,True,False,False,stage1_nr,False,,,0,False,,False,,4004
CNG_Data2k_variance/files/Q00897.01-0000002102.PDF,Q00897.01-0000002102.PDF,.pdf,550368,ok,True,True,text,True,11,0,91,False,3,False,50-100,Name | Address | Email | Phone | SSN | Money/Amount | Health | Work-Related,True,Contact Information | Government-Issued Identification | Financial Account Information | Health-Related Information | Work-Related Information,False,,clear_responsive,False,,6771,standard,bde_llm_count,True,True,11,0,0,0,0,1,11.372,False,False,True,,True,clear_yes,yes,7609,True,structured_bde,False,,14380
CNG_Data2k_variance/files/Q00897.01-0000542949.0001.PDF,Q00897.01-0000542949.0001.PDF,.pdf,22565,ok,True,False,text,False,1,0,1,False,0,False,0-10,Money/Amount,False,Financial Account Information,False,,clear_non_responsive,False,,0,likely_non_responsive,,False,False,0,0,0,0,0,0,0.033,True,False,False,stage1_nr,False,,,0,False,,False,,0
CNG_Data2k_variance/files/Q00897.01-0000901236.PDF,Q00897.01-0000901236.PDF,.pdf,12697,ok,True,False,text,False,2,0,1,False,0,False,0-10,Money/Amount,False,Financial Account Information,False,,clear_non_responsive,False,,0,likely_non_responsive,,False,False,0,0,0,0,0,0,0.132,True,False,False,stage1_nr,False,,,0,False,,False,,0
CNG_Data2k_variance/files/Q00897.01-0000413169.0001.PDF,Q00897.01-0000413169.0001.PDF,.pdf,60414,ok,True,False,text,False,21,0,30,False,10,False,20-50,Name | Card/Transaction | Money/Amount,False,Financial Account Information,False,,ambiguous,True,yes,31228,standard,bde_llm_count,False,False,0,0,0,0,0,0,10.288,False,False,True,,True,likely_no,no,16126,False,likely_non_responsive,True,,47354
CNG_Data2k_variance/files/Q00897.01-0000654951.MSG,Q00897.01-0000654951.MSG,.msg,57344,ok,True,False,text,False,0,1,5,False,0,False,0-10,Name | Address | Email | Phone,True,Contact Information,False,,ambiguous,True,yes,3931,standard,,False,False,0,0,0,0,0,0,4.561,False,False,True,,True,clear_no,no,3995,False,likely_non_responsive,True,,7926
CNG_Data2k_variance/files/Q00897.01-0000625542.MSG,Q00897.01-0000625542.MSG,.msg,59904,ok,True,False,text,False,0,1,6,False,0,False,0-10,Name | Address | Email | Phone,True,Contact Information,False,,ambiguous,True,yes,6574,standard,,False,False,0,0,0,0,0,0,4.126,False,False,True,,True,likely_no,no,6636,False,likely_non_responsive,True,,13210
CNG_Data2k_variance/files/Q00897.01-0000911491.PDF,Q00897.01-0000911491.PDF,.pdf,13875,ok,True,False,text,False,2,0,1,False,0,False,0-10,Money/Amount,False,Financial Account Information,False,,clear_non_responsive,False,,0,likely_non_responsive,,False,False,0,0,0,0,0,0,0.157,True,False,False,stage1_nr,False,,,0,False,,False,,0
CNG_Data2k_variance/files/Q00897.01-0000362089.MSG,Q00897.01-0000362089.MSG,.msg,311808,ok,True,False,text,False,0,0,1,False,0,False,0-10,Name | Email | Phone | Money/Amount | Demographic,True,Contact Information | Financial Account Information | Demographic Information,False,,ambiguous,True,no,5075,likely_non_responsive,,False,False,0,0,0,0,0,0,2.153,True,False,False,stage1_nr,False,,,0,False,,False,,5075
CNG_Data2k_variance/files/Q00897.01-0000856462.PDF,Q00897.01-0000856462.PDF,.pdf,422811,ok,True,True,text,True,2,0,5,False,1,False,0-10,Name | Address | Email | Phone | Money/Amount,True,Contact Information | Financial Account Information,False,,ambiguous,True,yes,7535,standard,bde_llm_count,True,True,2,0,0,0,0,1,11.169,False,False,True,,True,clear_yes,yes,4252,False,standard,False,,11787
CNG_Data2k_variance/files/Q00897.01-0000270795.DOCX,Q00897.01-0000270795.DOCX,.docx,42018,ok,True,False,text,False,0,0,0,False,0,False,0-10,,False,,False,,clear_non_responsive,False,,0,likely_non_responsive,,False,False,0,0,0,0,0,0,0.063,True,False,False,stage1_nr,False,,,0,False,,False,,0
CNG_Data2k_variance/files/Q00897.01-0000717968.0001.DOCX,Q00897.01-0000717968.0001.DOCX,.docx,166637,ok,True,False,text,False,0,0,1,False,0,False,0-10,Name | Address | Card Expiry/CVV | Account Balance | Money/Amount | Health | Work-Related,True,Contact Information | Financial Account Information | Health-Related Information | Work-Related Information,False,,ambiguous,True,no,8839,likely_non_responsive,,False,False,0,0,0,0,0,0,61.518,True,False,False,stage1_nr,False,,,0,False,,False,,8839
CNG_Data2k_variance/files/Q00897.01-0000262734.PDF,Q00897.01-0000262734.PDF,.pdf,703101,ok,True,False,text,False,334,0,92,False,0,False,50-100,Address | Phone | Passport | Payment Card | Money/Amount,True,Contact Information | Government-Issued Identification | Financial Account Information,False,,ambiguous,True,no,27244,likely_non_responsive,bde_llm_count,False,False,0,0,0,0,0,0,9.25,True,False,False,stage1_nr,False,,,0,False,,False,,27244
CNG_Data2k_variance/files/Q00897.01-0000480447.MSG,Q00897.01-0000480447.MSG,.msg,87552,ok,True,False,text,False,0,0,3,False,0,False,0-10,Name | Address | Email | Phone | Money/Amount,True,Contact Information | Financial Account Information,False,,ambiguous,True,yes,4570,standard,,False,False,0,0,0,0,0,0,3.216,False,False,True,,True,likely_no,no,4649,False,likely_non_responsive,True,,9219
CNG_Data2k_variance\files\Q00897.01-0000847202.0001.0006.XLS,Q00897.01-0000847202.0001.0006.XLS,.xls,15182,ok,True,True,text,True,1,0,65,False,0,False,50-100,Health,False,Health-Related Information,False,,ambiguous,True,no,7011,likely_non_responsive,roster_by_rowcount bde_llm_count,False,False,0,0,0,0,0,0,4.726,True,False,False,stage1_nr,False,,,0,False,,False,,7011
CNG_Data2k_variance\files\Q00897.01-0000851905.XLS,Q00897.01-0000851905.XLS,.xls,22275,ok,True,True,text,True,1,0,64,False,0,False,50-100,Phone | Money/Amount,True,Contact Information | Financial Account Information,False,,ambiguous,True,no,7312,likely_non_responsive,roster_by_rowcount bde_llm_count,False,False,0,0,0,0,0,0,3.089,True,False,False,stage1_nr,False,,,0,False,,False,,7312
CNG_Data2k_variance/files/Q00897.01-0000757573.MSG,Q00897.01-0000757573.MSG,.msg,77312,ok,True,False,text,False,0,0,3,False,0,False,0-10,Name | Email | Phone | Work-Related,True,Contact Information | Work-Related Information,False,,ambiguous,True,yes,5040,standard,,False,False,0,0,0,0,0,0,3.853,False,False,True,,True,clear_no,no,5092,False,likely_non_responsive,True,,10132
CNG_Data2k_variance/files/Q00897.01-0000321193.XML,Q00897.01-0000321193.XML,.xml,176009,ok,True,False,text,False,0,0,1,False,0,False,0-10,Name | Phone | Money/Amount,True,Contact Information | Financial Account Information,False,,ambiguous,True,yes,13218,standard,,False,False,0,0,0,0,0,0,3.282,False,False,True,,True,likely_no,no,13289,False,likely_non_responsive,True,,26507
CNG_Data2k_variance/files/Q00897.01-0000356971.CSV,Q00897.01-0000356971.CSV,.csv,154132,ok,True,True,text,True,0,0,652,False,652,True,100+,SSN | Money/Amount,True,Government-Issued Identification | Financial Account Information,True,,clear_responsive,False,,7045,structured_bde,bde_llm_count_roster,False,False,0,0,0,0,0,0,5.046,False,True,True,,True,clear_yes,yes,8167,True,structured_bde,False,,15212
CNG_Data2k_variance/files/Q00897.01-0000439741.0001.PPTX,Q00897.01-0000439741.0001.PPTX,.pptx,28377975,ok,True,False,text,False,36,0,1,False,0,False,0-10,Address | Money/Amount,True,Contact Information | Financial Account Information,False,,ambiguous,True,no,7900,likely_non_responsive,,False,False,0,0,0,0,0,0,1.632,True,False,False,stage1_nr,False,,,0,False,,False,,7900
CNG_Data2k_variance/files/Q00897.01-0000004000.PDF,Q00897.01-0000004000.PDF,.pdf,383361,ok,True,False,text,False,1,0,2,False,0,False,0-10,Name | Work-Related,True,Work-Related Information,False,,ambiguous,True,yes,3911,standard,,False,False,0,0,0,0,0,0,5.1,False,False,True,,True,clear_no,no,3937,False,likely_non_responsive,True,,7848
CNG_Data2k_variance/files/Q00897.01-0000138897.PDF,Q00897.01-0000138897.PDF,.pdf,3078733,ok,True,True,text,True,15,0,260,False,8,False,100+,Name | Address | Email | Phone | Money/Amount,True,Contact Information | Financial Account Information,False,,ambiguous,True,yes,21477,standard,bde_llm_count,True,True,15,0,0,0,0,1,17.497,False,False,True,,True,clear_yes,yes,11108,True,structured_bde,False,,32585
CNG_Data2k_variance/files/Q00897.01-0000819867.MSG,Q00897.01-0000819867.MSG,.msg,441856,ok,True,False,text,False,0,4,4,False,0,False,0-10,Name | Email | Phone | Money/Amount,True,Contact Information | Financial Account Information,False,,ambiguous,True,yes,5664,standard,,False,False,0,0,0,0,0,0,4.139,False,False,True,,True,likely_yes,yes,5727,False,standard,False,,11391
CNG_Data2k_variance/files/Q00897.01-0000412608.MSG,Q00897.01-0000412608.MSG,.msg,171520,ok,True,False,text,False,0,3,1,False,0,False,0-10,Name | Address | Email | Phone,True,Contact Information,False,,ambiguous,True,no,4093,likely_non_responsive,,False,False,0,0,0,0,0,0,1.645,True,False,False,stage1_nr,False,,,0,False,,False,,4093
CNG_Data2k_variance/files/Q00897.01-0000380961.0002.XLSX,Q00897.01-0000380961.0002.XLSX,.xlsx,30610,ok,True,True,text,True,2,0,125,False,0,False,100+,Name | Card/Transaction,False,Financial Account Information,False,,ambiguous,True,yes,8127,standard,bde_llm_count,False,False,0,0,0,0,0,0,6.242,False,False,True,,True,likely_no,no,4632,True,likely_non_responsive,True,,12759
CNG_Data2k_variance/files/Q00897.01-0000451424.MSG,Q00897.01-0000451424.MSG,.msg,365568,ok,True,False,text,False,0,0,6,False,0,False,0-10,Name | Address | Money/Amount,True,Contact Information | Financial Account Information,False,,ambiguous,True,no,6819,likely_non_responsive,,False,False,0,0,0,0,0,0,3.74,True,False,False,stage1_nr,False,,,0,False,,False,,6819
CNG_Data2k_variance/files/Q00897.01-0000242686.PDF,Q00897.01-0000242686.PDF,.pdf,34503,ok,True,True,text,True,1,0,7,False,0,False,0-10,Address | Money/Amount,True,Contact Information | Financial Account Information,False,,ambiguous,True,no,7057,likely_non_responsive,bde_llm_count,True,True,1,0,0,0,0,1,6.379,True,False,False,stage1_nr,False,,,0,False,,False,,7057
CNG_Data2k_variance/files/Q00897.01-0000238553.PDF,Q00897.01-0000238553.PDF,.pdf,2661071,ok,True,True,text,True,8,0,9,False,0,False,0-10,Name | Address | Account Balance | Money/Amount | Demographic | Work-Related,True,Contact Information | Financial Account Information | Demographic Information | Work-Related Information,False,,ambiguous,True,yes,17100,standard,bde_llm_count,True,True,8,0,0,0,0,1,12.436,False,False,True,,True,likely_yes,yes,9036,False,standard,False,,26136
CNG_Data2k_variance/files/Q00897.01-0000430058.MSG,Q00897.01-0000430058.MSG,.msg,127488,ok,True,False,text,False,0,0,2,False,0,False,0-10,Email,True,Contact Information,False,,ambiguous,True,yes,3888,standard,,False,False,0,0,0,0,0,0,1.993,False,False,True,,True,clear_no,no,3944,False,likely_non_responsive,True,,7832
CNG_Data2k_variance/files/Q00897.01-0000856823.PDF,Q00897.01-0000856823.PDF,.pdf,395445,ok,True,False,text,False,11,0,4,False,0,False,0-10,Name | Address | Phone | SSN | Money/Amount,True,Contact Information | Government-Issued Identification | Financial Account Information,False,,clear_responsive,False,,0,standard,,True,True,11,0,0,0,0,1,7.914,False,False,True,,True,clear_yes,yes,6987,False,standard,False,,6987
CNG_Data2k_variance/files/Q00897.01-0000903720.PDF,Q00897.01-0000903720.PDF,.pdf,11130,ok,True,False,text,False,2,0,1,False,0,False,0-10,Money/Amount,False,Financial Account Information,False,,clear_non_responsive,False,,0,likely_non_responsive,,False,False,0,0,0,0,0,0,0.156,True,False,False,stage1_nr,False,,,0,False,,False,,0
CNG_Data2k_variance/files/Q00897.01-0000530540.0001.PDF,Q00897.01-0000530540.0001.PDF,.pdf,22702,ok,True,False,text,False,1,0,1,False,0,False,0-10,Money/Amount,False,Financial Account Information,False,,clear_non_responsive,False,,0,likely_non_responsive,,False,False,0,0,0,0,0,0,0.027,True,False,False,stage1_nr,False,,,0,False,,False,,0
CNG_Data2k_variance/files/Q00897.01-0000834135.0004.DOCX,Q00897.01-0000834135.0004.DOCX,.docx,80953,ok,True,False,text,False,0,0,2,False,0,False,0-10,Name | Work-Related,True,Work-Related Information,False,,ambiguous,True,no,8692,likely_non_responsive,,False,False,0,0,0,0,0,0,1.391,True,False,False,stage1_nr,False,,,0,False,,False,,8692
CNG_Data2k_variance/files/Q00897.01-0000808400.MSG,Q00897.01-0000808400.MSG,.msg,357376,error,False,False,,False,0,0,0,False,0,False,,,False,,False,,,False,,0,review_error,KeyError,False,False,0,0,0,0,0,0,12.516,False,False,False,extract_error,False,,,0,False,,False,,0
CNG_Data2k_variance/files/Q00897.01-0000467968.MSG,Q00897.01-0000467968.MSG,.msg,112640,ok,True,False,text,False,0,3,2,False,0,False,0-10,Name | Address | Phone | Money/Amount | Health,True,Contact Information | Financial Account Information | Health-Related Information,False,,ambiguous,True,yes,4417,standard,,False,False,0,0,0,0,0,0,3.103,False,False,True,,True,likely_no,no,4519,False,likely_non_responsive,True,,8936
CNG_Data2k_variance/files/Q00897.01-0000642454.MSG,Q00897.01-0000642454.MSG,.msg,19456,ok,True,False,text,False,0,0,0,False,0,False,0-10,,False,,False,,clear_non_responsive,False,,0,likely_non_responsive,,False,False,0,0,0,0,0,0,0.024,True,False,False,stage1_nr,False,,,0,False,,False,,0
CNG_Data2k_variance/files/Q00897.01-0000414192.MSG,Q00897.01-0000414192.MSG,.msg,2692096,ok,True,False,text,False,0,5,3,False,0,False,0-10,Email | Phone | Health | Work-Related,True,Contact Information | Health-Related Information | Work-Related Information,False,,ambiguous,True,no,4766,likely_non_responsive,,False,False,0,0,0,0,0,0,1.703,True,False,False,stage1_nr,False,,,0,False,,False,,4766
CNG_Data2k_variance/files/Q00897.01-0000707109.MSG,Q00897.01-0000707109.MSG,.msg,219136,ok,True,False,text,False,0,0,2,False,0,False,0-10,Address | Email | Phone | Money/Amount | Credentials,True,Contact Information | Financial Account Information | Access Credentials,False,,ambiguous,True,no,4008,likely_non_responsive,,False,False,0,0,0,0,0,0,1.947,True,False,False,stage1_nr,False,,,0,False,,False,,4008
CNG_Data2k_variance/files/Q00897.01-0000819291.0001.PDF,Q00897.01-0000819291.0001.PDF,.pdf,28736,ok,True,False,text,False,1,0,4,False,0,False,0-10,Name | Address | Email | Phone | Money/Amount,True,Contact Information | Financial Account Information,False,,ambiguous,True,no,4087,likely_non_responsive,,True,True,1,0,0,0,0,1,5.197,True,False,False,stage1_nr,False,,,0,False,,False,,4087
CNG_Data2k_variance/files/Q00897.01-0000791633.0001.PDF,Q00897.01-0000791633.0001.PDF,.pdf,64824,ok,True,False,text,False,1,0,2,False,0,False,0-10,Name | Address | Phone | Card Expiry/CVV | Money/Amount | Health,True,Contact Information | Financial Account Information | Health-Related Information,False,,ambiguous,True,yes,4383,standard,,False,False,0,0,0,0,0,0,3.022,False,False,True,,True,likely_no,no,4450,False,likely_non_responsive,True,,8833
CNG_Data2k_variance/files/Q00897.01-0000910073.PDF,Q00897.01-0000910073.PDF,.pdf,14062,ok,True,False,text,False,2,0,1,False,0,False,0-10,Money/Amount,False,Financial Account Information,False,,clear_non_responsive,False,,0,likely_non_responsive,,False,False,0,0,0,0,0,0,0.152,True,False,False,stage1_nr,False,,,0,False,,False,,0
CNG_Data2k_variance/files/Q00897.01-0000695902.MSG,Q00897.01-0000695902.MSG,.msg,200704,ok,True,False,text,False,0,0,7,False,0,False,0-10,Name | Address | Email | Phone,True,Contact Information,False,,ambiguous,True,no,7284,likely_non_responsive,bde_llm_count,False,False,0,0,0,0,0,0,4.035,True,False,False,stage1_nr,False,,,0,False,,False,,7284
CNG_Data2k_variance/files/Q00897.01-0000865587.PDF,Q00897.01-0000865587.PDF,.pdf,180274,ok,True,False,text,False,1,0,1,False,0,False,0-10,Money/Amount,False,Financial Account Information,False,,clear_non_responsive,False,,0,likely_non_responsive,,False,False,0,0,0,0,0,0,0.073,True,False,False,stage1_nr,False,,,0,False,,False,,0
CNG_Data2k_variance/files/Q00897.01-0000794325.0001.PDF,Q00897.01-0000794325.0001.PDF,.pdf,3810632,ok,True,False,text,False,17,0,15,False,15,False,10-20,Name | Money/Amount | Work-Related,True,Financial Account Information | Work-Related Information,False,,ambiguous,True,yes,17213,standard,"img_ocr:p2(1/1,+52chars) bde_llm_count_roster",False,False,0,1,1,1,0,1,12.372,False,False,True,,True,likely_no,no,9081,False,likely_non_responsive,True,,26294
CNG_Data2k_variance/files/Q00897.01-0000673692.0001.PDF,Q00897.01-0000673692.0001.PDF,.pdf,2921,ok,True,False,text,False,1,0,1,False,0,False,0-10,Address | Money/Amount,True,Contact Information | Financial Account Information,False,,ambiguous,True,no,3946,likely_non_responsive,,False,False,0,0,0,0,0,0,1.374,True,False,False,stage1_nr,False,,,0,False,,False,,3946
CNG_Data2k_variance/files/Q00897.01-0000843049.MSG,Q00897.01-0000843049.MSG,.msg,475648,ok,True,False,text,False,0,1,1,False,0,False,0-10,Name | Address | Email | Phone,True,Contact Information,False,,ambiguous,True,no,3785,likely_non_responsive,,False,False,0,0,0,0,0,0,1.426,True,False,False,stage1_nr,False,,,0,False,,False,,3785
CNG_Data2k_variance/files/Q00897.01-0000904719.PDF,Q00897.01-0000904719.PDF,.pdf,20104,ok,True,False,text,False,3,0,1,False,0,False,0-10,Name | Address | Phone | Money/Amount,True,Contact Information | Financial Account Information,False,,ambiguous,True,yes,6042,standard,,False,False,0,0,0,0,0,0,7.66,False,False,True,,True,likely_yes,yes,6100,False,standard,False,,12142
CNG_Data2k_variance/files/Q00897.01-0000130358.PDF,Q00897.01-0000130358.PDF,.pdf,1311976,ok,True,True,text,True,8,0,43,False,0,False,20-50,Phone | Money/Amount,True,Contact Information | Financial Account Information,False,,ambiguous,True,no,10692,likely_non_responsive,bde_llm_count,True,True,8,0,0,0,0,1,12.58,True,False,False,stage1_nr,False,,,0,False,,False,,10692
CNG_Data2k_variance/files/Q00897.01-0000244755.PDF,Q00897.01-0000244755.PDF,.pdf,216816,ok,True,True,text,True,15,0,157,False,0,False,100+,Name | Address | Phone | Money/Amount,True,Contact Information | Financial Account Information,False,,ambiguous,True,yes,13747,standard,bde_llm_count,True,True,15,0,0,0,0,1,11.211,False,False,True,,True,clear_no,no,7335,True,likely_non_responsive,True,,21082
CNG_Data2k_variance/files/Q00897.01-0000007285.XLSX,Q00897.01-0000007285.XLSX,.xlsx,16036,ok,True,True,text,True,1,0,7,False,7,False,0-10,SSN | Money/Amount | Work-Related,True,Government-Issued Identification | Financial Account Information | Work-Related Information,False,,clear_responsive,False,,3913,standard,bde_llm_count_roster,False,False,0,0,0,0,0,0,3.209,False,False,True,,True,clear_yes,yes,4862,False,standard,False,,8775
CNG_Data2k_variance/files/Q00897.01-0000020981.PDF,Q00897.01-0000020981.PDF,.pdf,31249,ok,True,False,text,False,3,0,7,False,7,False,0-10,Name | Address | Email | Phone | Money/Amount | Demographic | Work-Related,True,Contact Information | Financial Account Information | Demographic Information | Work-Related Information,False,,ambiguous,True,yes,9587,standard,bde_llm_count_roster,False,False,0,0,0,0,0,0,5.317,False,False,True,,True,clear_yes,yes,5243,False,standard,False,,14830
CNG_Data2k_variance\files\Q00897.01-0000497348.0001.XLS,Q00897.01-0000497348.0001.XLS,.xls,86370,ok,True,True,text,True,1,0,595,False,2,False,100+,Name | Money/Amount,False,Financial Account Information,False,,ambiguous,True,yes,13348,standard,roster_by_rowcount bde_llm_count,False,False,0,0,0,0,0,0,4.7,False,False,True,,True,likely_no,no,7157,True,likely_non_responsive,True,,20505
CNG_Data2k_variance/files/Q00897.01-0000501836.MSG,Q00897.01-0000501836.MSG,.msg,28672,ok,True,False,text,False,0,0,3,False,0,False,0-10,Address | Phone | Card/Transaction | Money/Amount,True,Contact Information | Financial Account Information,False,,ambiguous,True,no,3804,likely_non_responsive,,False,False,0,0,0,0,0,0,1.588,True,False,False,stage1_nr,False,,,0,False,,False,,3804
CNG_Data2k_variance/files/Q00897.01-0000001899.PDF,Q00897.01-0000001899.PDF,.pdf,58729,ok,True,False,text,False,3,0,1,False,0,False,0-10,Name,False,,False,,ambiguous,True,yes,3907,standard,,False,False,0,0,0,0,0,0,5.552,False,False,True,,True,likely_yes,yes,3974,False,standard,False,,7881
CNG_Data2k_variance/files/Q00897.01-0000907544.PDF,Q00897.01-0000907544.PDF,.pdf,8012,ok,True,False,text,False,1,0,5,False,0,False,0-10,Name | Phone,True,Contact Information,False,,ambiguous,True,yes,3904,standard,,False,False,0,0,0,0,0,0,4.222,False,False,True,,True,borderline,no,3946,False,likely_non_responsive,True,,7850
CNG_Data2k_variance/files/Q00897.01-0000860858.PDF,Q00897.01-0000860858.PDF,.pdf,631548,ok,True,True,text,True,1,0,5,False,4,False,0-10,Name | Address | Phone | Money/Amount,True,Contact Information | Financial Account Information,False,,ambiguous,True,yes,8751,standard,bde_llm_count,True,True,1,0,0,0,0,1,17.92,False,False,True,,True,clear_yes,yes,4852,False,standard,False,,13603
CNG_Data2k_variance/files/Q00897.01-0000020262.PDF,Q00897.01-0000020262.PDF,.pdf,810118,ok,True,True,text,True,2,0,17,False,2,False,10-20,Name | Address | Email | Phone | Money/Amount,True,Contact Information | Financial Account Information,False,,ambiguous,True,yes,7422,standard,bde_llm_count,True,True,2,0,0,0,0,1,10.826,False,False,True,,True,likely_yes,yes,4116,False,standard,False,,11538
CNG_Data2k_variance/files/Q00897.01-0000262413.PDF,Q00897.01-0000262413.PDF,.pdf,405300,ok,True,False,text,False,185,0,19,False,0,False,10-20,Phone | Payment Card | Money/Amount,True,Contact Information | Financial Account Information,False,,ambiguous,True,no,27073,likely_non_responsive,bde_llm_count,False,False,0,0,0,0,0,0,5.552,True,False,False,stage1_nr,False,,,0,False,,False,,27073
CNG_Data2k_variance/files/Q00897.01-0000638253.MSG,Q00897.01-0000638253.MSG,.msg,243712,ok,True,False,text,False,0,4,8,False,8,False,0-10,Name | Email | Phone | Money/Amount | Work-Related,True,Contact Information | Financial Account Information | Work-Related Information,False,,ambiguous,True,yes,22968,standard,bde_llm_count,False,False,0,0,0,0,0,0,18.26,False,False,True,,True,likely_yes,yes,11943,False,standard,False,,34911
CNG_Data2k_variance/files/Q00897.01-0000852978.PDF,Q00897.01-0000852978.PDF,.pdf,52745,ok,True,True,text,True,1,0,36,False,2,False,20-50,Name | Address | Phone | Money/Amount | Work-Related,True,Contact Information | Financial Account Information | Work-Related Information,False,,ambiguous,True,yes,8013,standard,bde_llm_count,True,True,1,0,0,0,0,1,11.878,False,False,True,,True,clear_yes,yes,4453,False,standard,False,,12466
CNG_Data2k_variance/files/Q00897.01-0000115745.CSV,Q00897.01-0000115745.CSV,.csv,4927,ok,True,True,text,True,0,0,101,False,0,False,100+,Money/Amount,False,Financial Account Information,False,,ambiguous,True,no,8501,likely_non_responsive,roster_by_rowcount bde_llm_count,False,False,0,0,0,0,0,0,2.412,True,False,False,stage1_nr,False,,,0,False,,False,,8501
CNG_Data2k_variance/files/Q00897.01-0000763576.0001.PDF,Q00897.01-0000763576.0001.PDF,.pdf,85881,ok,True,False,text,False,1,0,2,False,0,False,0-10,Name | Phone,True,Contact Information,False,,ambiguous,True,yes,4020,standard,,False,False,0,0,0,0,0,0,2.673,False,False,True,,True,likely_no,no,4063,False,likely_non_responsive,True,,8083
CNG_Data2k_variance/files/Q00897.01-0000675594.MSG,Q00897.01-0000675594.MSG,.msg,1217024,ok,True,False,text,False,0,3,4,False,0,False,0-10,Name | Address | Email | Phone | Money/Amount,True,Contact Information | Financial Account Information,False,,ambiguous,True,yes,5088,standard,,False,False,0,0,0,0,0,0,4.85,False,False,True,,True,likely_yes,yes,5153,False,standard,False,,10241
CNG_Data2k_variance/files/Q00897.01-0000673128.MSG,Q00897.01-0000673128.MSG,.msg,155648,ok,True,False,text,False,0,0,1,False,0,False,0-10,Address | Email,True,Contact Information,False,,ambiguous,True,no,4153,likely_non_responsive,,False,False,0,0,0,0,0,0,1.889,True,False,False,stage1_nr,False,,,0,False,,False,,4153
CNG_Data2k_variance/files/Q00897.01-0000685500.MSG,Q00897.01-0000685500.MSG,.msg,262656,ok,True,False,text,False,0,0,3,False,0,False,0-10,Email | Money/Amount | Work-Related,True,Contact Information | Financial Account Information | Work-Related Information,False,,ambiguous,True,no,5928,likely_non_responsive,,False,False,0,0,0,0,0,0,1.706,True,False,False,stage1_nr,False,,,0,False,,False,,5928
CNG_Data2k_variance/files/Q00897.01-0000590155.0001.CSV,Q00897.01-0000590155.0001.CSV,.csv,9527680,ok,True,True,text,True,0,0,46063,False,0,False,100+,Money/Amount,False,Financial Account Information,False,,ambiguous,True,no,15753,likely_non_responsive,roster_by_rowcount bde_llm_count,False,False,0,0,0,0,0,0,5.878,True,False,False,stage1_nr,False,,,0,False,,False,,15753
CNG_Data2k_variance/files/Q00897.01-0000295239.PDF,Q00897.01-0000295239.PDF,.pdf,312386,ok,True,False,text,False,6,0,4,False,0,False,0-10,Name | Address | Email | Phone | Bank/Account Number | Money/Amount,True,Contact Information | Financial Account Information,False,,ambiguous,True,yes,5213,standard,"img_ocr:p2(1/1,+7chars)",False,False,0,1,1,1,0,1,7.756,False,False,True,,True,likely_no,no,5255,False,likely_non_responsive,True,,10468
CNG_Data2k_variance/files/Q00897.01-0000640174.0002.PDF,Q00897.01-0000640174.0002.PDF,.pdf,2908290,ok,True,True,text,True,15,0,112,False,0,False,100+,Name | Email | Phone | Money/Amount | Health,True,Contact Information | Financial Account Information | Health-Related Information,False,,ambiguous,True,yes,19870,standard,bde_llm_count,True,True,15,0,0,0,0,1,14.081,False,False,True,,True,likely_no,no,10423,True,likely_non_responsive,True,,30293
CNG_Data2k_variance/files/Q00897.01-0000906839.PDF,Q00897.01-0000906839.PDF,.pdf,3563610,ok,True,True,text,True,15,0,359,False,359,True,100+,Name | Address | Phone | SSN | Money/Amount | Work-Related,True,Contact Information | Government-Issued Identification | Financial Account Information | Work-Related Information,True,,clear_responsive,False,,11942,structured_bde,bde_llm_count_roster,True,True,15,0,0,0,0,1,28.466,False,True,True,,True,clear_yes,yes,13031,True,structured_bde,False,,24973
CNG_Data2k_variance/files/Q00897.01-0000116954.PDF,Q00897.01-0000116954.PDF,.pdf,478354,ok,True,False,text,False,69,0,1,False,0,False,0-10,Payment Card | Money/Amount,True,Financial Account Information,False,,ambiguous,True,no,14470,likely_non_responsive,,False,False,0,0,0,0,0,0,7.809,True,False,False,stage1_nr,False,,,0,False,,False,,14470
CNG_Data2k_variance/files/Q00897.01-0000905555.PDF,Q00897.01-0000905555.PDF,.pdf,7362,ok,True,False,text,False,1,0,0,False,0,False,0-10,,False,,False,,clear_non_responsive,False,,0,likely_non_responsive,,False,False,0,0,0,0,0,0,0.031,True,False,False,stage1_nr,False,,,0,False,,False,,0
CNG_Data2k_variance/files/Q00897.01-0000587998.0001.PNG,Q00897.01-0000587998.0001.PNG,.png,633556,ok,True,True,text,True,1,0,21,False,0,False,20-50,Money/Amount,False,Financial Account Information,False,,ambiguous,True,no,9024,likely_non_responsive,bde_llm_count,True,True,1,0,0,0,0,1,8.117,True,False,False,stage1_nr,False,,,0,False,,False,,9024
CNG_Data2k_variance/files/Q00897.01-0000862162.XLSX,Q00897.01-0000862162.XLSX,.xlsx,22089,ok,True,True,text,True,1,0,118,False,118,True,100+,Phone | SSN | Payment Card | Money/Amount,True,Contact Information | Government-Issued Identification | Financial Account Information,True,,clear_responsive,False,,6713,structured_bde,bde_llm_count_roster,False,False,0,0,0,0,0,0,11.201,False,True,True,,True,clear_yes,yes,7789,True,structured_bde,False,,14502
CNG_Data2k_variance/files/Q00897.01-0000836200.0001.DOCX,Q00897.01-0000836200.0001.DOCX,.docx,14913,ok,True,False,text,False,0,0,1,False,0,False,0-10,Money/Amount | Health,False,Financial Account Information | Health-Related Information,False,,ambiguous,True,no,4358,likely_non_responsive,,False,False,0,0,0,0,0,0,1.245,True,False,False,stage1_nr,False,,,0,False,,False,,4358
CNG_Data2k_variance/files/Q00897.01-0000000045.PDF,Q00897.01-0000000045.PDF,.pdf,1101984,ok,True,True,text,True,4,0,14,False,2,False,10-20,Name | Address | Phone | Money/Amount,True,Contact Information | Financial Account Information,False,,ambiguous,True,yes,10320,standard,bde_llm_count,True,True,4,0,0,0,0,1,12.157,False,False,True,,True,clear_yes,yes,5583,False,standard,False,,15903
CNG_Data2k_variance/files/Q00897.01-0000673717.MSG,Q00897.01-0000673717.MSG,.msg,200192,ok,True,False,text,False,0,1,1,False,0,False,0-10,Name | Money/Amount,True,Financial Account Information,False,,ambiguous,True,no,3787,likely_non_responsive,,False,False,0,0,0,0,0,0,1.532,True,False,False,stage1_nr,False,,,0,False,,False,,3787
CNG_Data2k_variance/files/Q00897.01-0000004333.PDF,Q00897.01-0000004333.PDF,.pdf,187489,ok,True,True,text,True,2,0,10,False,2,False,0-10,Name | Address | Phone | Money/Amount,True,Contact Information | Financial Account Information,False,,ambiguous,True,yes,10312,standard,bde_llm_count,True,True,2,0,0,0,0,1,10.653,False,False,True,,True,clear_yes,yes,5618,False,standard,False,,15930
CNG_Data2k_variance/files/Q00897.01-0000347324.PDF,Q00897.01-0000347324.PDF,.pdf,18128,ok,True,False,text,False,3,0,1,False,0,False,0-10,Address | Money/Amount,True,Contact Information | Financial Account Information,False,,ambiguous,True,yes,5227,standard,,False,False,0,0,0,0,0,0,2.74,False,False,True,,True,clear_yes,yes,5272,False,standard,False,,10499
CNG_Data2k_variance/files/Q00897.01-0000374202.MSG,Q00897.01-0000374202.MSG,.msg,237056,ok,True,False,text,False,0,0,1,False,0,False,0-10,Address | Email | Money/Amount,True,Contact Information | Financial Account Information,False,,ambiguous,True,no,4334,likely_non_responsive,,False,False,0,0,0,0,0,0,1.822,True,False,False,stage1_nr,False,,,0,False,,False,,4334
CNG_Data2k_variance/files/Q00897.01-0000770016.0001.PDF,Q00897.01-0000770016.0001.PDF,.pdf,29713,ok,True,True,text,True,2,0,9,False,1,False,0-10,Name | Address | Phone | Tax ID | Bank/Account Number | Money/Amount,True,Contact Information | Government-Issued Identification | Financial Account Information,False,,ambiguous,True,no,7534,likely_non_responsive,bde_llm_count,True,True,2,0,0,0,0,1,10.011,True,False,False,stage1_nr,False,,,0,False,,False,,7534
CNG_Data2k_variance/files/Q00897.01-0000295833.PDF,Q00897.01-0000295833.PDF,.pdf,1101072,ok,True,False,text,False,4,0,2,False,0,False,0-10,Name | Address | Money/Amount,True,Contact Information | Financial Account Information,False,,ambiguous,True,yes,4783,standard,,False,False,0,0,0,0,0,0,3.553,False,False,True,,True,likely_no,no,4824,False,likely_non_responsive,True,,9607
CNG_Data2k_variance/files/Q00897.01-0000717839.MSG,Q00897.01-0000717839.MSG,.msg,155648,ok,True,False,text,False,0,0,4,False,0,False,0-10,Name | Address | Email | Phone,True,Contact Information,False,,ambiguous,True,no,4045,likely_non_responsive,,False,False,0,0,0,0,0,0,1.63,True,False,False,stage1_nr,False,,,0,False,,False,,4045
CNG_Data2k_variance/files/Q00897.01-0000751987.MSG,Q00897.01-0000751987.MSG,.msg,75264,ok,True,False,text,False,0,0,2,False,0,False,0-10,Address | Email | Phone,True,Contact Information,False,,ambiguous,True,no,4678,likely_non_responsive,,False,False,0,0,0,0,0,0,2.161,True,False,False,stage1_nr,False,,,0,False,,False,,4678
CNG_Data2k_variance/files/Q00897.01-0000899060.PDF,Q00897.01-0000899060.PDF,.pdf,15392,ok,True,False,text,False,2,0,1,False,0,False,0-10,Money/Amount,False,Financial Account Information,False,,clear_non_responsive,False,,0,likely_non_responsive,,False,False,0,0,0,0,0,0,0.081,True,False,False,stage1_nr,False,,,0,False,,False,,0
CNG_Data2k_variance/files/Q00897.01-0000009270.PDF,Q00897.01-0000009270.PDF,.pdf,429143,ok,True,False,text,False,3,0,5,False,0,False,0-10,Name | Money/Amount | Work-Related,True,Financial Account Information | Work-Related Information,False,,ambiguous,True,yes,6029,standard,,False,False,0,0,0,0,0,0,3.579,False,False,True,,True,likely_yes,yes,6058,False,standard,False,,12087
CNG_Data2k_variance/files/Q00897.01-0000798382.0001.DOCX,Q00897.01-0000798382.0001.DOCX,.docx,41553,ok,True,False,text,False,0,0,6,False,0,False,0-10,Name | Address | Card/Transaction | Money/Amount | Health | Work-Related,True,Contact Information | Financial Account Information | Health-Related Information | Work-Related Information,False,,ambiguous,True,yes,8679,standard,,False,False,0,0,0,0,0,0,3.839,False,False,True,,True,clear_yes,yes,8719,False,standard,False,,17398
CNG_Data2k_variance/files/Q00897.01-0000013203.PDF,Q00897.01-0000013203.PDF,.pdf,833795,ok,True,False,text,False,1,0,0,False,0,False,0-10,,False,,False,,clear_non_responsive,False,,0,likely_non_responsive,,True,True,1,0,0,0,0,1,5.549,True,False,False,stage1_nr,False,,,0,False,,False,,0
CNG_Data2k_variance/files/Q00897.01-0000776914.0001.PDF,Q00897.01-0000776914.0001.PDF,.pdf,897375,ok,True,False,text,False,2,0,6,False,0,False,0-10,Name | Address | SSN | Date of Birth | Account Balance,True,Contact Information | Government-Issued Identification | Birth Information | Financial Account Information,False,,clear_responsive,False,,0,standard,,True,True,2,0,0,0,0,1,7.997,False,False,True,,True,clear_yes,yes,5064,False,standard,False,,5064
CNG_Data2k_variance/files/Q00897.01-0000915994.PDF,Q00897.01-0000915994.PDF,.pdf,450189,ok,True,True,text,True,2,0,17,False,4,False,10-20,Name | Email | Money/Amount | Work-Related,True,Contact Information | Financial Account Information | Work-Related Information,False,,ambiguous,True,yes,7527,standard,bde_llm_count_roster,True,True,2,0,0,0,0,1,10.394,False,False,True,,True,clear_yes,yes,4216,False,standard,False,,11743
CNG_Data2k_variance/files/Q00897.01-0000012631.PDF,Q00897.01-0000012631.PDF,.pdf,24711,ok,True,True,text,True,1,0,6,False,1,False,0-10,Name | Money/Amount,True,Financial Account Information,False,,ambiguous,True,yes,6740,standard,bde_llm_count,True,True,1,0,0,0,0,1,7.727,False,False,True,,True,likely_yes,yes,3863,False,standard,False,,10603
CNG_Data2k_variance/files/Q00897.01-0000244619.PDF,Q00897.01-0000244619.PDF,.pdf,46404,ok,True,True,text,True,5,0,38,False,0,False,20-50,Name | Address | Phone | Bank/Account Number | Money/Amount,True,Contact Information | Financial Account Information,False,,ambiguous,True,no,8337,likely_non_responsive,bde_llm_count,True,True,5,0,0,0,0,1,7.64,True,False,False,stage1_nr,False,,,0,False,,False,,8337
CNG_Data2k_variance/files/Q00897.01-0000434228.MSG,Q00897.01-0000434228.MSG,.msg,4110336,ok,True,False,text,False,0,6,4,False,0,False,0-10,Name | Email | Card/Transaction,True,Contact Information | Financial Account Information,False,,ambiguous,True,yes,4094,standard,,False,False,0,0,0,0,0,0,3.757,False,False,True,,True,borderline,no,4167,False,likely_non_responsive,True,,8261
CNG_Data2k_variance/files/Q00897.01-0000681939.MSG,Q00897.01-0000681939.MSG,.msg,174080,ok,True,False,text,False,0,3,6,False,0,False,0-10,Name | Address | Email | Phone | Money/Amount | Credentials,True,Contact Information | Financial Account Information | Access Credentials,False,,ambiguous,True,yes,5722,standard,,False,False,0,0,0,0,0,0,4.63,False,False,True,,True,likely_no,no,5746,False,likely_non_responsive,True,,11468
CNG_Data2k_variance/files/Q00897.01-0000427382.MSG,Q00897.01-0000427382.MSG,.msg,145408,ok,True,False,text,False,0,5,2,False,0,False,0-10,Phone,True,Contact Information,False,,ambiguous,True,no,4371,likely_non_responsive,,False,False,0,0,0,0,0,0,2.305,True,False,False,stage1_nr,False,,,0,False,,False,,4371
CNG_Data2k_variance/files/Q00897.01-0000543452.0001.PDF,Q00897.01-0000543452.0001.PDF,.pdf,22564,ok,True,False,text,False,1,0,1,False,0,False,0-10,Money/Amount,False,Financial Account Information,False,,clear_non_responsive,False,,0,likely_non_responsive,,False,False,0,0,0,0,0,0,0.028,True,False,False,stage1_nr,False,,,0,False,,False,,0
CNG_Data2k_variance/files/Q00897.01-0000455575.MSG,Q00897.01-0000455575.MSG,.msg,202240,ok,True,False,text,False,0,0,2,False,0,False,0-10,Name | Address | Email | Phone | Money/Amount,True,Contact Information | Financial Account Information,False,,ambiguous,True,no,4123,likely_non_responsive,,False,False,0,0,0,0,0,0,1.893,True,False,False,stage1_nr,False,,,0,False,,False,,4123
CNG_Data2k_variance/files/Q00897.01-0000827617.0001.PDF,Q00897.01-0000827617.0001.PDF,.pdf,153900,ok,True,False,text,False,8,0,34,False,18,False,20-50,Name | Card/Transaction | Money/Amount,False,Financial Account Information,False,,ambiguous,True,yes,18104,standard,bde_llm_count,False,False,0,0,0,0,0,0,7.881,False,False,True,,True,clear_no,no,9348,False,likely_non_responsive,True,,27452
CNG_Data2k_variance/files/Q00897.01-0000118697.DOCX,Q00897.01-0000118697.DOCX,.docx,15425,ok,True,False,text,False,0,0,1,False,0,False,0-10,Money/Amount | Work-Related,False,Financial Account Information | Work-Related Information,False,,ambiguous,True,no,4333,likely_non_responsive,,False,False,0,0,0,0,0,0,1.134,True,False,False,stage1_nr,False,,,0,False,,False,,4333
CNG_Data2k_variance/files/Q00897.01-0000585593.0001.CSV,Q00897.01-0000585593.0001.CSV,.csv,9767809,ok,True,True,text,True,0,0,47225,False,0,False,100+,Money/Amount,False,Financial Account Information,False,,ambiguous,True,no,15783,likely_non_responsive,roster_by_rowcount bde_llm_count,False,False,0,0,0,0,0,0,4.303,True,False,False,stage1_nr,False,,,0,False,,False,,15783
CNG_Data2k_variance/files/Q00897.01-0000707121.MSG,Q00897.01-0000707121.MSG,.msg,186368,ok,True,False,text,False,0,0,2,False,0,False,0-10,Name | Address | Email | Phone | Payment Card | Money/Amount,True,Contact Information | Financial Account Information,False,,ambiguous,True,yes,4301,standard,,False,False,0,0,0,0,0,0,62.725,False,False,True,,True,clear_yes,yes,4361,False,standard,False,,8662
CNG_Data2k_variance/files/Q00897.01-0000011225.PDF,Q00897.01-0000011225.PDF,.pdf,216864,ok,True,False,text,False,1,0,6,False,0,False,0-10,Name | Address | Email | Phone,True,Contact Information,False,,ambiguous,True,yes,4130,standard,,False,False,0,0,0,0,0,0,5.467,False,False,True,,True,likely_no,no,4144,False,likely_non_responsive,True,,8274
CNG_Data2k_variance/files/Q00897.01-0000006848.PDF,Q00897.01-0000006848.PDF,.pdf,409903,ok,True,True,text,True,3,0,19,False,1,False,10-20,Address | Phone | Money/Amount,True,Contact Information | Financial Account Information,False,,ambiguous,True,no,7621,likely_non_responsive,bde_llm_count,True,True,3,0,0,0,0,1,8.95,True,False,False,stage1_nr,False,,,0,False,,False,,7621
CNG_Data2k_variance/files/Q00897.01-0000541114.0001.XLSX,Q00897.01-0000541114.0001.XLSX,.xlsx,72642,ok,True,True,text,True,4,0,97,False,20,True,50-100,Name | Phone | Money/Amount,True,Contact Information | Financial Account Information,True,,ambiguous,True,yes,9924,structured_bde,bde_llm_count_roster,False,False,0,0,0,0,0,0,67.389,False,True,True,,True,likely_no,no,5475,True,likely_non_responsive,True,,15399
CNG_Data2k_variance/files/Q00897.01-0000881384.XLSX,Q00897.01-0000881384.XLSX,.xlsx,54987,ok,True,True,text,True,2,0,434,False,0,False,100+,Address | Money/Amount,True,Contact Information | Financial Account Information,False,,ambiguous,True,no,14980,likely_non_responsive,roster_by_rowcount bde_llm_count,False,False,0,0,0,0,0,0,3.059,True,False,False,stage1_nr,False,,,0,False,,False,,14980
CNG_Data2k_variance/files/Q00897.01-0000138136.PDF,Q00897.01-0000138136.PDF,.pdf,256748,ok,True,True,text,True,3,0,78,False,3,False,50-100,Name | Address | Phone | Money/Amount,True,Contact Information | Financial Account Information,False,,ambiguous,True,yes,15531,standard,bde_llm_count,True,True,3,0,0,0,0,1,9.935,False,False,True,,True,clear_no,no,8206,True,likely_non_responsive,True,,23737
CNG_Data2k_variance/files/Q00897.01-0000117646.PDF,Q00897.01-0000117646.PDF,.pdf,401089,ok,True,False,text,False,4,0,4,False,0,False,0-10,Name | Address | Email | Phone | Money/Amount | Health,True,Contact Information | Financial Account Information | Health-Related Information,False,,ambiguous,True,yes,7219,standard,,True,True,4,0,0,0,0,1,9.933,False,False,True,,True,clear_yes,yes,7252,False,standard,False,,14471
CNG_Data2k_variance/files/Q00897.01-0000603416.0001.XLSX,Q00897.01-0000603416.0001.XLSX,.xlsx,35367,ok,True,True,text,True,1,0,267,False,0,False,100+,Phone | Money/Amount,True,Contact Information | Financial Account Information,False,,ambiguous,True,no,12065,likely_non_responsive,roster_by_rowcount bde_llm_count,False,False,0,0,0,0,0,0,2.799,True,False,False,stage1_nr,False,,,0,False,,False,,12065
CNG_Data2k_variance/files/Q00897.01-0000112542.PDF,Q00897.01-0000112542.PDF,.pdf,29585,ok,True,False,text,False,1,0,1,False,0,False,0-10,Name | Address | Phone,True,Contact Information,False,,ambiguous,True,yes,4543,standard,"img_ocr:none(1 calls,0 chars)",False,False,0,1,1,0,0,1,7.719,False,False,True,,True,clear_yes,yes,4569,False,standard,False,,9112
CNG_Data2k_variance/files/Q00897.01-0000253315.XLSX,Q00897.01-0000253315.XLSX,.xlsx,29078,ok,True,True,text,True,1,0,94,False,0,False,50-100,Name | Address | Phone | Money/Amount,True,Contact Information | Financial Account Information,False,,ambiguous,True,no,8033,likely_non_responsive,roster_by_rowcount bde_llm_count,False,False,0,0,0,0,0,0,2.432,True,False,False,stage1_nr,False,,,0,False,,False,,8033
CNG_Data2k_variance/files/Q00897.01-0000537703.0001.PDF,Q00897.01-0000537703.0001.PDF,.pdf,186907,ok,True,False,text,False,4,0,1,False,0,False,0-10,Money/Amount,False,Financial Account Information,False,,clear_non_responsive,False,,0,likely_non_responsive,,False,False,0,0,0,0,0,0,0.368,True,False,False,stage1_nr,False,,,0,False,,False,,0
CNG_Data2k_variance/files/Q00897.01-0000439708.0001.XLSX,Q00897.01-0000439708.0001.XLSX,.xlsx,2066735,ok,True,True,text,True,25,0,412,False,0,False,100+,Phone | Payment Card,True,Contact Information | Financial Account Information,False,,ambiguous,True,no,11283,likely_non_responsive,bde_llm_count,False,False,0,0,0,0,0,0,5.276,True,False,False,stage1_nr,False,,,0,False,,False,,11283
CNG_Data2k_variance/files/Q00897.01-0000897505.PDF,Q00897.01-0000897505.PDF,.pdf,64931,ok,True,False,text,False,13,0,3,False,0,False,0-10,Name | Address | Phone | Work-Related,True,Contact Information | Work-Related Information,False,,ambiguous,True,yes,14122,standard,,False,False,0,0,0,0,0,0,4.372,False,False,True,,True,clear_yes,yes,14185,False,standard,False,,28307
CNG_Data2k_variance/files/Q00897.01-0000727167.MSG,Q00897.01-0000727167.MSG,.msg,232960,ok,True,False,text,False,0,0,7,False,1,False,0-10,Address | Email | Phone | Money/Amount,True,Contact Information | Financial Account Information,False,,ambiguous,True,no,11619,likely_non_responsive,bde_llm_count,False,False,0,0,0,0,0,0,3.042,True,False,False,stage1_nr,False,,,0,False,,False,,11619
CNG_Data2k_variance/files/Q00897.01-0000617114.MSG,Q00897.01-0000617114.MSG,.msg,183296,ok,True,False,text,False,0,3,6,False,0,False,0-10,Name | Address | Email | Phone | Money/Amount,True,Contact Information | Financial Account Information,False,,ambiguous,True,yes,10001,standard,,False,False,0,0,0,0,0,0,8.444,False,False,True,,True,likely_yes,yes,10101,False,standard,False,,20102
CNG_Data2k_variance/files/Q00897.01-0000270768.DOCX,Q00897.01-0000270768.DOCX,.docx,58212,ok,True,False,text,False,0,0,2,False,0,False,0-10,Name | Address | Demographic | Work-Related,True,Contact Information | Demographic Information | Work-Related Information,False,,ambiguous,True,yes,6485,standard,,False,False,0,0,0,0,0,0,2.597,False,False,True,,True,likely_no,no,6550,False,likely_non_responsive,True,,13035
CNG_Data2k_variance/files/Q00897.01-0000654633.MSG,Q00897.01-0000654633.MSG,.msg,57344,ok,True,False,text,False,0,1,1,False,0,False,0-10,Name | Card/Transaction,False,Financial Account Information,False,,ambiguous,True,yes,3713,standard,,False,False,0,0,0,0,0,0,2.795,False,False,True,,True,borderline,no,3773,False,likely_non_responsive,True,,7486
CNG_Data2k_variance/files/Q00897.01-0000846202.0002.DOCX,Q00897.01-0000846202.0002.DOCX,.docx,52653,ok,True,False,text,False,0,0,1,False,0,False,0-10,Money/Amount,False,Financial Account Information,False,,clear_non_responsive,False,,0,likely_non_responsive,,False,False,0,0,0,0,0,0,0.067,True,False,False,stage1_nr,False,,,0,False,,False,,0
CNG_Data2k_variance/files/Q00897.01-0000455543.MSG,Q00897.01-0000455543.MSG,.msg,179200,ok,True,False,text,False,0,2,2,False,0,False,0-10,Name | Address | Email | Phone | Money/Amount,True,Contact Information | Financial Account Information,False,,ambiguous,True,no,4094,likely_non_responsive,,False,False,0,0,0,0,0,0,1.599,True,False,False,stage1_nr,False,,,0,False,,False,,4094
CNG_Data2k_variance/files/Q00897.01-0000473447.MSG,Q00897.01-0000473447.MSG,.msg,78336,ok,True,False,text,False,0,0,15,False,6,False,10-20,Name | Address | Email | Phone | Money/Amount,True,Contact Information | Financial Account Information,False,,ambiguous,True,yes,10690,standard,bde_llm_count,False,False,0,0,0,0,0,0,6.966,False,False,True,,True,likely_no,no,5769,False,likely_non_responsive,True,,16459
CNG_Data2k_variance/files/Q00897.01-0000356973.CSV,Q00897.01-0000356973.CSV,.csv,154453,ok,True,True,text,True,0,0,653,False,653,True,100+,SSN | Money/Amount,True,Government-Issued Identification | Financial Account Information,True,,clear_responsive,False,,7040,structured_bde,bde_llm_count_roster,False,False,0,0,0,0,0,0,4.562,False,True,True,,True,clear_yes,yes,8157,True,structured_bde,False,,15197
CNG_Data2k_variance/files/Q00897.01-0000528580.0001.PDF,Q00897.01-0000528580.0001.PDF,.pdf,22624,ok,True,False,text,False,1,0,1,False,0,False,0-10,Money/Amount,False,Financial Account Information,False,,clear_non_responsive,False,,0,likely_non_responsive,,False,False,0,0,0,0,0,0,0.028,True,False,False,stage1_nr,False,,,0,False,,False,,0
CNG_Data2k_variance/files/Q00897.01-0000483588.MSG,Q00897.01-0000483588.MSG,.msg,29184,ok,True,False,text,False,0,0,5,False,0,False,0-10,Name | Address | Email | Phone,True,Contact Information,False,,ambiguous,True,yes,4903,standard,,False,False,0,0,0,0,0,0,2.988,False,False,True,,True,likely_no,no,4937,False,likely_non_responsive,True,,9840
CNG_Data2k_variance/files/Q00897.01-0000405353.MSG,Q00897.01-0000405353.MSG,.msg,9861120,ok,True,False,text,False,0,2,1,False,0,False,0-10,Phone,True,Contact Information,False,,ambiguous,True,no,3736,likely_non_responsive,,False,False,0,0,0,0,0,0,1.381,True,False,False,stage1_nr,False,,,0,False,,False,,3736
CNG_Data2k_variance/files/Q00897.01-0000453467.MSG,Q00897.01-0000453467.MSG,.msg,119296,ok,True,False,text,False,0,0,26,False,18,False,20-50,Name | Address | Email | Phone,True,Contact Information,False,,ambiguous,True,yes,8526,standard,bde_llm_count,False,False,0,0,0,0,0,0,8.093,False,False,True,,True,likely_no,no,4889,False,likely_non_responsive,True,,13415
CNG_Data2k_variance/files/Q00897.01-0000398366.0001.JPG,Q00897.01-0000398366.0001.JPG,.jpg,1824680,ok,True,False,text,False,1,0,2,False,0,False,0-10,Name | Address | Bank/Account Number | Money/Amount,True,Contact Information | Financial Account Information,False,,ambiguous,True,no,3919,likely_non_responsive,,True,True,1,0,0,0,0,1,6.427,True,False,False,stage1_nr,False,,,0,False,,False,,3919
CNG_Data2k_variance/files/Q00897.01-0000330585.0001.PDF,Q00897.01-0000330585.0001.PDF,.pdf,296845,ok,True,False,text,False,4,0,1,False,0,False,0-10,Name | Address | Bank/Account Number | Money/Amount,True,Contact Information | Financial Account Information,False,,ambiguous,True,yes,4397,standard,"img_ocr:p2(1/1,+346chars)",False,False,0,1,1,1,0,1,7.374,False,False,True,,True,likely_no,no,4464,False,likely_non_responsive,True,,8861
CNG_Data2k_variance/files/Q00897.01-0000307498.XLSX,Q00897.01-0000307498.XLSX,.xlsx,13491,ok,True,True,text,True,3,0,0,False,0,False,0-10,Name | Card Expiry/CVV,True,Financial Account Information,False,,ambiguous,True,no,6946,structured_unreadable,bde_llm_count,False,False,0,0,0,0,0,0,5.33,False,False,True,,True,clear_no,no,3958,False,likely_non_responsive,True,,10904
CNG_Data2k_variance/files/Q00897.01-0000662152.MSG,Q00897.01-0000662152.MSG,.msg,1436672,ok,True,False,text,False,0,4,4,False,0,False,0-10,Name | Address | Email | Phone,True,Contact Information,False,,ambiguous,True,no,4153,likely_non_responsive,,False,False,0,0,0,0,0,0,1.622,True,False,False,stage1_nr,False,,,0,False,,False,,4153
CNG_Data2k_variance/files/Q00897.01-0000366278.MSG,Q00897.01-0000366278.MSG,.msg,259072,ok,True,False,text,False,0,0,1,False,0,False,0-10,Address | Card/Transaction,True,Contact Information | Financial Account Information,False,,ambiguous,True,no,3971,likely_non_responsive,,False,False,0,0,0,0,0,0,2.904,True,False,False,stage1_nr,False,,,0,False,,False,,3971
CNG_Data2k_variance/files/Q00897.01-0000252315.XLSX,Q00897.01-0000252315.XLSX,.xlsx,98219,ok,True,True,text,True,8,0,1694,False,0,False,100+,Phone | Money/Amount,True,Contact Information | Financial Account Information,False,,ambiguous,True,no,11185,likely_non_responsive,roster_by_rowcount bde_llm_count,False,False,0,0,0,0,0,0,2.936,True,False,False,stage1_nr,False,,,0,False,,False,,11185
CNG_Data2k_variance/files/Q00897.01-0000258724.0001.PDF,Q00897.01-0000258724.0001.PDF,.pdf,287183,ok,True,False,text,False,3,0,1,False,0,False,0-10,Name | Address | Bank/Account Number | Money/Amount,True,Contact Information | Financial Account Information,False,,ambiguous,True,yes,4317,standard,"img_ocr:p2(1/1,+293chars)",False,False,0,1,1,1,0,1,7.744,False,False,True,,True,likely_no,no,4385,False,likely_non_responsive,True,,8702
CNG_Data2k_variance/files/Q00897.01-0000571736.MSG,Q00897.01-0000571736.MSG,.msg,251904,ok,True,False,text,False,0,0,0,False,0,False,0-10,,False,,False,,clear_non_responsive,False,,0,likely_non_responsive,,False,False,0,0,0,0,0,0,1.139,True,False,False,stage1_nr,False,,,0,False,,False,,0
CNG_Data2k_variance/files/Q00897.01-0000259996.PDF,Q00897.01-0000259996.PDF,.pdf,467011,ok,True,True,text,True,15,0,506,False,1,False,100+,Name | Address | Phone | Money/Amount,True,Contact Information | Financial Account Information,False,,ambiguous,True,yes,32432,standard,bde_llm_count,True,True,15,0,0,0,0,1,19.118,False,False,True,,True,likely_yes,yes,16746,True,structured_bde,False,,49178
CNG_Data2k_variance/files/Q00897.01-0000469418.MSG,Q00897.01-0000469418.MSG,.msg,114176,ok,True,False,text,False,0,0,6,False,0,False,0-10,Name | Address | Email | Money/Amount | Work-Related,True,Contact Information | Financial Account Information | Work-Related Information,False,,ambiguous,True,yes,5584,standard,,False,False,0,0,0,0,0,0,3.703,False,False,True,,True,likely_yes,yes,5623,False,standard,False,,11207
CNG_Data2k_variance/files/Q00897.01-0000666802.0002.XLSX,Q00897.01-0000666802.0002.XLSX,.xlsx,15845,ok,True,True,text,True,1,0,3,False,0,False,0-10,Phone | Money/Amount,True,Contact Information | Financial Account Information,False,,ambiguous,True,no,9550,likely_non_responsive,bde_llm_count,False,False,0,0,0,0,0,0,3.445,True,False,False,stage1_nr,False,,,0,False,,False,,9550
CNG_Data2k_variance/files/Q00897.01-0000909406.PDF,Q00897.01-0000909406.PDF,.pdf,6211044,ok,True,False,text,False,701,0,511,False,511,True,100+,Address | Phone | SSN | Money/Amount | Work-Related,True,Contact Information | Government-Issued Identification | Financial Account Information | Work-Related Information,True,,clear_responsive,False,,14391,bde,bde_llm_count_roster,False,False,0,0,0,0,0,0,129.822,False,True,True,,True,clear_yes,yes,15410,True,bde,False,,29801
CNG_Data2k_variance/files/Q00897.01-0000262650.PDF,Q00897.01-0000262650.PDF,.pdf,529317,ok,True,False,text,False,245,0,110,False,0,False,100+,Phone | Payment Card | Money/Amount,True,Contact Information | Financial Account Information,False,,ambiguous,True,no,27358,likely_non_responsive,bde_llm_count,False,False,0,0,0,0,0,0,6.148,True,False,False,stage1_nr,False,,,0,False,,False,,27358
CNG_Data2k_variance/files/Q00897.01-0000535746.0001.PDF,Q00897.01-0000535746.0001.PDF,.pdf,22563,ok,True,False,text,False,1,0,1,False,0,False,0-10,Money/Amount,False,Financial Account Information,False,,clear_non_responsive,False,,0,likely_non_responsive,,False,False,0,0,0,0,0,0,0.021,True,False,False,stage1_nr,False,,,0,False,,False,,0
CNG_Data2k_variance/files/Q00897.01-0000345002.PDF,Q00897.01-0000345002.PDF,.pdf,25697,ok,True,False,text,False,4,0,1,False,0,False,0-10,Name | Address | Money/Amount,True,Contact Information | Financial Account Information,False,,ambiguous,True,yes,6269,standard,,False,False,0,0,0,0,0,0,3.01,False,False,True,,True,clear_yes,yes,6300,False,standard,False,,12569
CNG_Data2k_variance/files/Q00897.01-0000836801.0001.XLSX,Q00897.01-0000836801.0001.XLSX,.xlsx,275966,ok,True,True,text,True,3,0,263,False,0,True,100+,Name | Phone | Money/Amount,True,Contact Information | Financial Account Information,True,,ambiguous,True,yes,9960,structured_bde,bde_llm_count_roster,False,False,0,0,0,0,0,0,5.69,False,True,True,,True,clear_no,no,5421,True,likely_non_responsive,True,,15381
CNG_Data2k_variance/files/Q00897.01-0000275309.PDF,Q00897.01-0000275309.PDF,.pdf,451741,ok,True,True,text,True,2,0,1,False,1,False,0-10,Name | Address | Phone,True,Contact Information,False,,ambiguous,True,yes,7656,standard,bde_llm_count,True,True,2,0,0,0,0,1,9.679,False,False,True,,True,likely_no,no,4356,False,likely_non_responsive,True,,12012
CNG_Data2k_variance/files/Q00897.01-0000859376.PDF,Q00897.01-0000859376.PDF,.pdf,103245,ok,True,False,text,False,1,0,1,False,0,False,0-10,Money/Amount,False,Financial Account Information,False,,clear_non_responsive,False,,0,likely_non_responsive,,False,False,0,0,0,0,0,0,0.071,True,False,False,stage1_nr,False,,,0,False,,False,,0
CNG_Data2k_variance/files/Q00897.01-0000332103.0001.PDF,Q00897.01-0000332103.0001.PDF,.pdf,347266,ok,True,False,text,False,4,0,1,False,0,False,0-10,Name | Address | Bank/Account Number | Money/Amount,True,Contact Information | Financial Account Information,False,,ambiguous,True,yes,4392,standard,"img_ocr:p2(1/1,+357chars)",False,False,0,1,1,1,0,1,7.161,False,False,True,,True,likely_no,no,4463,False,likely_non_responsive,True,,8855
CNG_Data2k_variance/files/Q00897.01-0000394698.MSG,Q00897.01-0000394698.MSG,.msg,65536,ok,True,False,text,False,0,0,4,False,0,False,0-10,Name | Address | Email | Phone,True,Contact Information,False,,ambiguous,True,yes,4084,standard,,False,False,0,0,0,0,0,0,8.346,False,False,True,,True,borderline,no,4146,False,likely_non_responsive,True,,8230
CNG_Data2k_variance/files/Q00897.01-0000883318.JPG,Q00897.01-0000883318.JPG,.jpg,822390,ok,True,False,text,False,1,0,1,False,0,False,0-10,Money/Amount | Credentials,False,Financial Account Information | Access Credentials,False,,ambiguous,True,no,3951,likely_non_responsive,,True,True,1,0,0,0,0,1,5.696,True,False,False,stage1_nr,False,,,0,False,,False,,3951
CNG_Data2k_variance/files/Q00897.01-0000827765.0001.PDF,Q00897.01-0000827765.0001.PDF,.pdf,147584,ok,True,False,text,False,7,0,34,False,34,False,20-50,Name | Card/Transaction | Money/Amount,False,Financial Account Information,False,,ambiguous,True,yes,16348,standard,bde_llm_count_roster,False,False,0,0,0,0,0,0,7.961,False,False,True,,True,likely_no,no,8391,False,likely_non_responsive,True,,24739
CNG_Data2k_variance/files/Q00897.01-0000669174.MSG,Q00897.01-0000669174.MSG,.msg,324096,ok,True,False,text,False,0,1,3,False,0,False,0-10,Phone,True,Contact Information,False,,ambiguous,True,no,3721,likely_non_responsive,,False,False,0,0,0,0,0,0,1.228,True,False,False,stage1_nr,False,,,0,False,,False,,3721
CNG_Data2k_variance/files/Q00897.01-0000847762.MSG,Q00897.01-0000847762.MSG,.msg,30720,ok,True,False,text,False,0,0,7,False,7,False,0-10,Name | Address | Email | Phone,True,Contact Information,False,,ambiguous,True,yes,8789,standard,bde_llm_count,False,False,0,0,0,0,0,0,65.799,False,False,True,,True,likely_no,no,4798,False,likely_non_responsive,True,,13587
CNG_Data2k_variance/files/Q00897.01-0000000109.PDF,Q00897.01-0000000109.PDF,.pdf,403782,ok,True,True,text,True,1,0,18,False,1,False,10-20,Name | Address | Email | Phone | SSN | Date of Birth | Money/Amount | Work-Related,True,Contact Information | Government-Issued Identification | Birth Information | Financial Account Information | Work-Related Information,False,,clear_responsive,False,,3279,standard,bde_llm_count,True,True,1,0,0,0,0,1,10.413,False,False,True,,True,clear_yes,yes,4127,False,standard,False,,7406
CNG_Data2k_variance\files\Q00897.01-0000473932.0002.DOC,Q00897.01-0000473932.0002.DOC,.doc,34635,ok,True,False,text,False,0,0,3,False,0,False,0-10,Name | Address | Money/Amount,True,Contact Information | Financial Account Information,False,,ambiguous,True,yes,7300,standard,,False,False,0,0,0,0,0,0,3.385,False,False,True,,True,clear_no,no,7330,False,likely_non_responsive,True,,14630
CNG_Data2k_variance/files/Q00897.01-0000753231.MSG,Q00897.01-0000753231.MSG,.msg,89600,ok,True,False,text,False,0,0,2,False,0,False,0-10,Address | Email | Phone | Money/Amount | Credentials,True,Contact Information | Financial Account Information | Access Credentials,False,,ambiguous,True,no,4738,likely_non_responsive,,False,False,0,0,0,0,0,0,2.496,True,False,False,stage1_nr,False,,,0,False,,False,,4738
CNG_Data2k_variance/files/Q00897.01-0000430211.MSG,Q00897.01-0000430211.MSG,.msg,265216,ok,True,False,text,False,0,0,1,False,0,False,0-10,Name | Address | Money/Amount,True,Contact Information | Financial Account Information,False,,ambiguous,True,no,5278,likely_non_responsive,,False,False,0,0,0,0,0,0,2.852,True,False,False,stage1_nr,False,,,0,False,,False,,5278
CNG_Data2k_variance/files/Q00897.01-0000671443.0001.PDF,Q00897.01-0000671443.0001.PDF,.pdf,248595,ok,True,False,text,False,1,0,2,False,0,False,0-10,Name | Money/Amount | Health,True,Financial Account Information | Health-Related Information,False,,ambiguous,True,no,4255,likely_non_responsive,,True,True,1,0,0,0,0,1,5.677,True,False,False,stage1_nr,False,,,0,False,,False,,4255
CNG_Data2k_variance/files/Q00897.01-0000911774.PDF,Q00897.01-0000911774.PDF,.pdf,60898,ok,True,False,text,False,2,0,1,False,0,False,0-10,Phone | SSN | Money/Amount,True,Contact Information | Government-Issued Identification | Financial Account Information,False,,clear_responsive,False,,0,standard,,True,True,2,0,0,0,0,1,11.625,False,False,True,,True,clear_yes,yes,4702,False,standard,False,,4702
CNG_Data2k_variance/files/Q00897.01-0000890287.PDF,Q00897.01-0000890287.PDF,.pdf,11283,ok,True,False,text,False,1,0,1,False,0,False,0-10,Name | Phone,True,Contact Information,False,,ambiguous,True,yes,4338,standard,,False,False,0,0,0,0,0,0,2.819,False,False,True,,True,likely_no,no,4403,False,likely_non_responsive,True,,8741
CNG_Data2k_variance/files/Q00897.01-0000753716.MSG,Q00897.01-0000753716.MSG,.msg,82432,ok,True,False,text,False,0,0,2,False,0,False,0-10,Address | Email | Phone | Money/Amount,True,Contact Information | Financial Account Information,False,,ambiguous,True,no,4767,likely_non_responsive,,False,False,0,0,0,0,0,0,2.136,True,False,False,stage1_nr,False,,,0,False,,False,,4767
CNG_Data2k_variance/files/Q00897.01-0000439326.0001.PDF,Q00897.01-0000439326.0001.PDF,.pdf,125118,ok,True,False,text,False,1,0,4,False,0,False,0-10,Name | Address | Email | Phone | Money/Amount,True,Contact Information | Financial Account Information,False,,ambiguous,True,yes,4280,standard,,False,False,0,0,0,0,0,0,2.463,False,False,True,,True,clear_yes,yes,4334,False,standard,False,,8614
CNG_Data2k_variance/files/Q00897.01-0000342957.PDF,Q00897.01-0000342957.PDF,.pdf,8003208,ok,True,True,text,True,13,0,20,False,1,False,10-20,Name | Address | Phone | Date of Birth | Money/Amount | Health | Demographic,True,Contact Information | Birth Information | Financial Account Information | Health-Related Information | Demographic Information,False,,ambiguous,True,yes,16331,standard,bde_llm_count,True,True,13,0,0,0,0,1,15.668,False,False,True,,True,clear_yes,yes,8625,False,standard,False,,24956
CNG_Data2k_variance/files/Q00897.01-0000825737.0001.RTF,Q00897.01-0000825737.0001.RTF,.rtf,82285,ok,True,False,text,False,0,0,11,False,4,False,10-20,Name | Address | Money/Amount,True,Contact Information | Financial Account Information,False,,ambiguous,True,no,16536,likely_non_responsive,bde_llm_count,False,False,0,0,0,0,0,0,4.738,True,False,False,stage1_nr,False,,,0,False,,False,,16536
CNG_Data2k_variance/files/Q00897.01-0000835317.MSG,Q00897.01-0000835317.MSG,.msg,127488,ok,True,False,text,False,0,5,19,False,9,False,10-20,Name | Address | Email | Phone,True,Contact Information,False,,ambiguous,True,yes,12387,standard,bde_llm_count,False,False,0,0,0,0,0,0,6.805,False,False,True,,True,likely_yes,yes,6694,False,standard,False,,19081
CNG_Data2k_variance/files/Q00897.01-0000244980.PDF,Q00897.01-0000244980.PDF,.pdf,1089782,ok,True,False,text,False,3,0,1,False,0,False,0-10,Address | Phone | Bank/Account Number | Money/Amount,True,Contact Information | Financial Account Information,False,,ambiguous,True,no,4381,likely_non_responsive,"img_ocr:p3(1/1,+467chars)",False,False,0,1,1,1,0,1,7.85,True,False,False,stage1_nr,False,,,0,False,,False,,4381
CNG_Data2k_variance/files/Q00897.01-0000654537.MSG,Q00897.01-0000654537.MSG,.msg,96768,ok,True,False,text,False,0,3,3,False,0,False,0-10,Name | Address | Email | Phone | Money/Amount,True,Contact Information | Financial Account Information,False,,ambiguous,True,yes,4509,standard,,False,False,0,0,0,0,0,0,3.121,False,False,True,,True,likely_no,no,4604,False,likely_non_responsive,True,,9113
CNG_Data2k_variance/files/Q00897.01-0000789697.0001.PDF,Q00897.01-0000789697.0001.PDF,.pdf,25408,ok,True,False,text,False,2,0,1,False,0,False,0-10,Name | Address | Email | Phone | Bank/Account Number | Money/Amount,True,Contact Information | Financial Account Information,False,,ambiguous,True,yes,3861,standard,,False,False,0,0,0,0,0,0,15.754,False,False,True,,True,likely_yes,yes,3934,False,standard,False,,7795
CNG_Data2k_variance/files/Q00897.01-0000546876.0001.XLSX,Q00897.01-0000546876.0001.XLSX,.xlsx,17293,ok,True,True,text,True,1,0,142,False,0,False,100+,Phone,True,Contact Information,False,,ambiguous,True,no,11583,likely_non_responsive,roster_by_rowcount bde_llm_count,False,False,0,0,0,0,0,0,58.476,True,False,False,stage1_nr,False,,,0,False,,False,,11583
CNG_Data2k_variance/files/Q00897.01-0000279746.PDF,Q00897.01-0000279746.PDF,.pdf,25933,ok,True,False,text,False,1,0,1,False,0,False,0-10,Name | Address | Phone,True,Contact Information,False,,ambiguous,True,yes,3856,standard,,True,True,1,0,0,0,0,1,6.709,False,False,True,,True,likely_yes,yes,3939,False,standard,False,,7795
CNG_Data2k_variance/files/Q00897.01-0000598444.0001.CSV,Q00897.01-0000598444.0001.CSV,.csv,9263710,ok,True,True,text,True,0,0,44782,False,0,False,100+,Money/Amount,False,Financial Account Information,False,,ambiguous,True,no,15774,likely_non_responsive,roster_by_rowcount bde_llm_count,False,False,0,0,0,0,0,0,4.339,True,False,False,stage1_nr,False,,,0,False,,False,,15774
CNG_Data2k_variance/files/Q00897.01-0000519121.0001.XLSX,Q00897.01-0000519121.0001.XLSX,.xlsx,98811,ok,True,True,text,True,1,0,402,False,1,False,100+,Name | Phone | Money/Amount,True,Contact Information | Financial Account Information,False,,ambiguous,True,yes,18479,standard,bde_llm_count,False,False,0,0,0,0,0,0,4.312,False,False,True,,True,likely_no,no,9702,True,likely_non_responsive,True,,28181
CNG_Data2k_variance/files/Q00897.01-0000822413.0001.PDF,Q00897.01-0000822413.0001.PDF,.pdf,1920043,ok,True,False,text,False,85,0,9,False,4,False,0-10,Name | Address | Email | Phone | Card Expiry/CVV | Money/Amount | Health | Demographic | Work-Related,True,Contact Information | Financial Account Information | Health-Related Information | Demographic Information | Work-Related Information,False,,ambiguous,True,yes,18147,standard,bde_llm_count,False,False,0,0,0,0,0,0,9.375,False,False,True,,True,borderline,no,9559,False,likely_non_responsive,True,,27706
CNG_Data2k_variance/files/Q00897.01-0000658138.0002.PDF,Q00897.01-0000658138.0002.PDF,.pdf,466837,ok,True,True,text,True,3,0,134,False,0,False,100+,Money/Amount,False,Financial Account Information,False,,ambiguous,True,no,12400,likely_non_responsive,bde_llm_count,True,True,3,0,0,0,0,1,10.531,True,False,False,stage1_nr,False,,,0,False,,False,,12400
CNG_Data2k_variance/files/Q00897.01-0000668856.0001.PDF,Q00897.01-0000668856.0001.PDF,.pdf,184288,ok,True,False,text,False,14,0,44,False,0,False,20-50,Address | Phone | Card/Transaction | Account Balance | Money/Amount,True,Contact Information | Financial Account Information,False,,ambiguous,True,yes,23117,standard,"img_ocr:p1,p1(2/2,+35chars) bde_llm_count",False,False,0,2,2,2,0,2,13.63,False,False,True,,True,clear_no,no,12001,False,likely_non_responsive,True,,35118
CNG_Data2k_variance/files/Q00897.01-0000183955.PDF,Q00897.01-0000183955.PDF,.pdf,80974,ok,True,False,text,False,2,0,52,False,52,True,50-100,Name | Address | Phone | Money/Amount,True,Contact Information | Financial Account Information,True,,ambiguous,True,yes,13543,bde,bde_llm_count_roster,False,False,0,0,0,0,0,0,6.626,False,True,True,,True,likely_no,no,7073,True,likely_non_responsive,True,,20616
CNG_Data2k_variance/files/Q00897.01-0000532893.0001.PDF,Q00897.01-0000532893.0001.PDF,.pdf,22579,ok,True,False,text,False,1,0,1,False,0,False,0-10,Money/Amount,False,Financial Account Information,False,,clear_non_responsive,False,,0,likely_non_responsive,,False,False,0,0,0,0,0,0,0.025,True,False,False,stage1_nr,False,,,0,False,,False,,0
CNG_Data2k_variance/files/Q00897.01-0000809848.MSG,Q00897.01-0000809848.MSG,.msg,3403264,ok,True,False,text,False,0,1,0,False,0,False,0-10,,False,,False,,clear_non_responsive,False,,0,likely_non_responsive,,False,False,0,0,0,0,0,0,0.373,True,False,False,stage1_nr,False,,,0,False,,False,,0
CNG_Data2k_variance/files/Q00897.01-0000113790.PDF,Q00897.01-0000113790.PDF,.pdf,20011,ok,True,False,text,False,9,0,1,False,0,False,0-10,Card/Transaction | Money/Amount | Work-Related,False,Financial Account Information | Work-Related Information,False,,ambiguous,True,no,6924,likely_non_responsive,,False,False,0,0,0,0,0,0,1.655,True,False,False,stage1_nr,False,,,0,False,,False,,6924
CNG_Data2k_variance/files/Q00897.01-0000841722.0005.PDF,Q00897.01-0000841722.0005.PDF,.pdf,21468,ok,True,False,text,False,9,0,1,False,0,False,0-10,Card/Transaction | Money/Amount | Work-Related,False,Financial Account Information | Work-Related Information,False,,ambiguous,True,no,10571,likely_non_responsive,,False,False,0,0,0,0,0,0,1.516,True,False,False,stage1_nr,False,,,0,False,,False,,10571
CNG_Data2k_variance/files/Q00897.01-0000260815.XLSX,Q00897.01-0000260815.XLSX,.xlsx,20798,ok,True,True,text,True,1,0,63,False,1,False,50-100,Name | Phone | Money/Amount,True,Contact Information | Financial Account Information,False,,ambiguous,True,yes,17350,standard,roster_by_rowcount bde_llm_count,False,False,0,0,0,0,0,0,4.615,False,False,True,,True,likely_no,no,9162,True,likely_non_responsive,True,,26512
CNG_Data2k_variance/files/Q00897.01-0000344491.PDF,Q00897.01-0000344491.PDF,.pdf,15602,ok,True,False,text,False,3,0,1,False,0,False,0-10,Address | Money/Amount,True,Contact Information | Financial Account Information,False,,ambiguous,True,yes,4960,standard,,False,False,0,0,0,0,0,0,2.555,False,False,True,,True,clear_yes,yes,5011,False,standard,False,,9971
CNG_Data2k_variance/files/Q00897.01-0000854400.XLSX,Q00897.01-0000854400.XLSX,.xlsx,13697,ok,True,True,text,True,1,0,158,False,0,False,100+,Name,False,,False,,ambiguous,True,no,7024,likely_non_responsive,roster_by_rowcount bde_llm_count,False,False,0,0,0,0,0,0,2.512,True,False,False,stage1_nr,False,,,0,False,,False,,7024
CNG_Data2k_variance/files/Q00897.01-0000447625.0004.PDF,Q00897.01-0000447625.0004.PDF,.pdf,127838,ok,True,False,text,False,2,0,0,False,0,False,0-10,,False,,False,,clear_non_responsive,False,,0,likely_non_responsive,,False,False,0,0,0,0,0,0,0.365,True,False,False,stage1_nr,False,,,0,False,,False,,0
CNG_Data2k_variance/files/Q00897.01-0000814348.0001.DOCX,Q00897.01-0000814348.0001.DOCX,.docx,23152,ok,True,False,text,False,0,0,0,False,0,False,0-10,,False,,False,,clear_non_responsive,False,,0,likely_non_responsive,,False,False,0,0,0,0,0,0,0.044,True,False,False,stage1_nr,False,,,0,False,,False,,0
CNG_Data2k_variance/files/Q00897.01-0000141391.XLSX,Q00897.01-0000141391.XLSX,.xlsx,82004,ok,True,True,text,True,3,0,669,False,0,False,100+,Address | Phone | Money/Amount,True,Contact Information | Financial Account Information,False,,ambiguous,True,no,13963,likely_non_responsive,roster_by_rowcount bde_llm_count,False,False,0,0,0,0,0,0,3.187,True,False,False,stage1_nr,False,,,0,False,,False,,13963
CNG_Data2k_variance\files\Q00897.01-0000658195.0001.XLS,Q00897.01-0000658195.0001.XLS,.xls,54468,ok,True,True,text,True,7,0,594,False,0,True,100+,Name | Address | Phone | Money/Amount,True,Contact Information | Financial Account Information,True,,ambiguous,True,yes,8446,structured_bde,roster_by_rowcount bde_llm_count_roster,False,False,0,0,0,0,0,0,4.527,False,True,True,,True,likely_no,no,4673,True,likely_non_responsive,True,,13119
CNG_Data2k_variance/files/Q00897.01-0000535134.0001.PDF,Q00897.01-0000535134.0001.PDF,.pdf,22624,ok,True,False,text,False,1,0,1,False,0,False,0-10,Money/Amount,False,Financial Account Information,False,,clear_non_responsive,False,,0,likely_non_responsive,,False,False,0,0,0,0,0,0,0.025,True,False,False,stage1_nr,False,,,0,False,,False,,0
CNG_Data2k_variance/files/Q00897.01-0000914108.PDF,Q00897.01-0000914108.PDF,.pdf,9351,ok,True,False,text,False,5,0,1,False,0,False,0-10,Name | Address | Phone | Money/Amount,True,Contact Information | Financial Account Information,False,,ambiguous,True,yes,6806,standard,,False,False,0,0,0,0,0,0,3.598,False,False,True,,True,likely_no,no,6890,False,likely_non_responsive,True,,13696
CNG_Data2k_variance/files/Q00897.01-0000807229.MSG,Q00897.01-0000807229.MSG,.msg,180736,ok,True,False,text,False,0,7,12,False,6,False,10-20,Name | Address | Email | Phone,True,Contact Information,False,,ambiguous,True,yes,11459,standard,bde_llm_count,False,False,0,0,0,0,0,0,7.019,False,False,True,,True,clear_no,no,6188,False,likely_non_responsive,True,,17647
CNG_Data2k_variance/files/Q00897.01-0000113965.PDF,Q00897.01-0000113965.PDF,.pdf,27554,ok,True,False,text,False,11,0,1,False,0,False,0-10,Card/Transaction | Money/Amount | Health | Work-Related,False,Financial Account Information | Health-Related Information | Work-Related Information,False,,ambiguous,True,no,10313,likely_non_responsive,,False,False,0,0,0,0,0,0,1.631,True,False,False,stage1_nr,False,,,0,False,,False,,10313
CNG_Data2k_variance/files/Q00897.01-0000126761.XLSX,Q00897.01-0000126761.XLSX,.xlsx,49524,ok,True,True,text,True,2,0,530,False,0,False,100+,Address | Money/Amount,True,Contact Information | Financial Account Information,False,,ambiguous,True,no,9835,likely_non_responsive,roster_by_rowcount bde_llm_count,False,False,0,0,0,0,0,0,2.664,True,False,False,stage1_nr,False,,,0,False,,False,,9835
CNG_Data2k_variance/files/Q00897.01-0000912696.PDF,Q00897.01-0000912696.PDF,.pdf,234806,ok,True,False,text,False,51,0,1,False,0,False,0-10,Address,True,Contact Information,False,,ambiguous,False,,0,standard,llm_failed:JSONDecodeError,False,False,0,0,0,0,0,0,14.692,False,False,True,,True,clear_yes,yes,16098,False,standard,False,,16098
CNG_Data2k_variance/files/Q00897.01-0000344947.PDF,Q00897.01-0000344947.PDF,.pdf,17888,ok,True,False,text,False,3,0,1,False,0,False,0-10,Money/Amount,False,Financial Account Information,False,,clear_non_responsive,False,,0,likely_non_responsive,,False,False,0,0,0,0,0,0,0.23,True,False,False,stage1_nr,False,,,0,False,,False,,0
CNG_Data2k_variance/files/Q00897.01-0000529064.0001.PDF,Q00897.01-0000529064.0001.PDF,.pdf,22596,ok,True,False,text,False,1,0,1,False,0,False,0-10,Money/Amount,False,Financial Account Information,False,,clear_non_responsive,False,,0,likely_non_responsive,,False,False,0,0,0,0,0,0,0.024,True,False,False,stage1_nr,False,,,0,False,,False,,0
CNG_Data2k_variance/files/Q00897.01-0000592915.0001.XLSX,Q00897.01-0000592915.0001.XLSX,.xlsx,76733,ok,True,True,text,True,1,0,53,False,0,False,50-100,Phone | Payment Card | Money/Amount,True,Contact Information | Financial Account Information,False,,ambiguous,True,no,17614,likely_non_responsive,bde_llm_count,False,False,0,0,0,0,0,0,2.986,True,False,False,stage1_nr,False,,,0,False,,False,,17614
CNG_Data2k_variance/files/Q00897.01-0000618231.0002.XLSX,Q00897.01-0000618231.0002.XLSX,.xlsx,994205,ok,True,True,text,True,1,0,71,False,0,False,50-100,Money/Amount,False,Financial Account Information,False,,ambiguous,True,no,19222,likely_non_responsive,bde_llm_count,False,False,0,0,0,0,0,0,4.021,True,False,False,stage1_nr,False,,,0,False,,False,,19222
CNG_Data2k_variance/files/Q00897.01-0000361068.MSG,Q00897.01-0000361068.MSG,.msg,41472,ok,True,False,text,False,0,0,4,False,0,False,0-10,Name | Address | Email | Phone | Money/Amount,True,Contact Information | Financial Account Information,False,,ambiguous,True,no,4390,likely_non_responsive,,False,False,0,0,0,0,0,0,2.743,True,False,False,stage1_nr,False,,,0,False,,False,,4390
CNG_Data2k_variance/files/Q00897.01-0000671759.0001.XLSX,Q00897.01-0000671759.0001.XLSX,.xlsx,104993,ok,True,True,text,True,1,0,283,False,0,False,100+,Address | Phone | Payment Card | Card/Transaction | Money/Amount,True,Contact Information | Financial Account Information,False,,ambiguous,True,no,10866,likely_non_responsive,bde_llm_count,False,False,0,0,0,0,0,0,3.321,True,False,False,stage1_nr,False,,,0,False,,False,,10866
CNG_Data2k_variance/files/Q00897.01-0000436206.MSG,Q00897.01-0000436206.MSG,.msg,176128,ok,True,False,text,False,0,1,11,False,6,False,10-20,Name | Address | Email | Phone | Money/Amount,True,Contact Information | Financial Account Information,False,,ambiguous,True,yes,11113,standard,bde_llm_count,False,False,0,0,0,0,0,0,6.471,False,False,True,,True,likely_no,no,5995,False,likely_non_responsive,True,,17108
CNG_Data2k_variance/files/Q00897.01-0000675549.MSG,Q00897.01-0000675549.MSG,.msg,59904,ok,True,False,text,False,0,1,4,False,0,False,0-10,Name | Address | Email | Phone | Money/Amount,True,Contact Information | Financial Account Information,False,,ambiguous,True,yes,5176,standard,,False,False,0,0,0,0,0,0,3.31,False,False,True,,True,likely_no,no,5257,False,likely_non_responsive,True,,10433
CNG_Data2k_variance/files/Q00897.01-0000908999.PDF,Q00897.01-0000908999.PDF,.pdf,14702,ok,True,False,text,False,4,0,2,False,0,False,0-10,Name | Address | Phone | Money/Amount,True,Contact Information | Financial Account Information,False,,ambiguous,True,yes,5133,standard,,False,False,0,0,0,0,0,0,2.384,False,False,True,,True,clear_yes,yes,5197,False,standard,False,,10330
CNG_Data2k_variance/files/Q00897.01-0000859340.XLSX,Q00897.01-0000859340.XLSX,.xlsx,1394973,ok,True,True,text,True,39,0,1585,False,1585,True,100+,Name | Money/Amount,False,Financial Account Information,True,,ambiguous,True,yes,7752,structured_bde,bde_llm_count_roster,False,False,0,0,0,0,0,0,8.324,False,True,True,,True,likely_yes,yes,4470,True,structured_bde,False,,12222
CNG_Data2k_variance/files/Q00897.01-0000563597.0001.PDF,Q00897.01-0000563597.0001.PDF,.pdf,126156,ok,True,False,text,False,1,0,0,False,0,False,0-10,,False,,False,,clear_non_responsive,False,,0,likely_non_responsive,,False,False,0,0,0,0,0,0,0.168,True,False,False,stage1_nr,False,,,0,False,,False,,0
CNG_Data2k_variance/files/Q00897.01-0000361254.MSG,Q00897.01-0000361254.MSG,.msg,237056,ok,True,False,text,False,0,0,1,False,0,False,0-10,Address,True,Contact Information,False,,ambiguous,True,no,3883,likely_non_responsive,,False,False,0,0,0,0,0,0,2.144,True,False,False,stage1_nr,False,,,0,False,,False,,3883
CNG_Data2k_variance/files/Q00897.01-0000389573.MSG,Q00897.01-0000389573.MSG,.msg,80384,ok,True,False,text,False,0,0,2,False,0,False,0-10,Name | Email,True,Contact Information,False,,ambiguous,True,yes,3886,standard,,False,False,0,0,0,0,0,0,2.71,False,False,True,,True,likely_yes,yes,3967,False,standard,False,,7853
CNG_Data2k_variance/files/Q00897.01-0000457597.MSG,Q00897.01-0000457597.MSG,.msg,323072,ok,True,False,text,False,0,0,1,False,0,False,0-10,Address | Money/Amount | Health,True,Contact Information | Financial Account Information | Health-Related Information,False,,ambiguous,True,no,6705,likely_non_responsive,,False,False,0,0,0,0,0,0,2.898,True,False,False,stage1_nr,False,,,0,False,,False,,6705
CNG_Data2k_variance/files/Q00897.01-0000330304.0001.PDF,Q00897.01-0000330304.0001.PDF,.pdf,448159,ok,True,False,text,False,7,0,1,False,0,False,0-10,Name | Address | Bank/Account Number | Money/Amount,True,Contact Information | Financial Account Information,False,,ambiguous,True,yes,4525,standard,,False,False,0,0,0,0,0,0,3.358,False,False,True,,True,likely_no,no,4589,False,likely_non_responsive,True,,9114
CNG_Data2k_variance/files/Q00897.01-0000020744.XLSX,Q00897.01-0000020744.XLSX,.xlsx,15693,ok,True,True,text,True,1,0,66,False,66,True,50-100,Name | Money/Amount,False,Financial Account Information,True,,ambiguous,True,yes,10944,structured_bde,roster_by_rowcount bde_llm_count_roster,False,False,0,0,0,0,0,0,8.059,False,True,True,,True,clear_yes,yes,6051,True,structured_bde,False,,16995
CNG_Data2k_variance/files/Q00897.01-0000000163.PDF,Q00897.01-0000000163.PDF,.pdf,2543000,ok,True,False,text,False,1,0,2,False,0,False,0-10,Name | Address | Email | Phone | SSN | Money/Amount | Work-Related,True,Contact Information | Government-Issued Identification | Financial Account Information | Work-Related Information,False,,clear_responsive,False,,0,standard,,False,False,0,0,0,0,0,0,5.622,False,False,True,,True,clear_yes,yes,4285,False,standard,False,,4285
CNG_Data2k_variance/files/Q00897.01-0000438944.0001.DOCX,Q00897.01-0000438944.0001.DOCX,.docx,36514,ok,True,False,text,False,0,0,1,False,0,False,0-10,Name,False,,False,,ambiguous,True,no,3711,likely_non_responsive,,False,False,0,0,0,0,0,0,1.313,True,False,False,stage1_nr,False,,,0,False,,False,,3711
CNG_Data2k_variance/files/Q00897.01-0000747837.MSG,Q00897.01-0000747837.MSG,.msg,110592,ok,True,False,text,False,0,0,1,False,0,False,0-10,Work-Related,False,Work-Related Information,False,,ambiguous,True,no,4450,likely_non_responsive,,False,False,0,0,0,0,0,0,3.179,True,False,False,stage1_nr,False,,,0,False,,False,,4450
CNG_Data2k_variance/files/Q00897.01-0000283080.PDF,Q00897.01-0000283080.PDF,.pdf,645650,ok,True,True,text,True,6,0,16,False,1,False,10-20,Name | Address | Phone | Military ID | Money/Amount | Health,True,Contact Information | Government-Issued Identification | Financial Account Information | Health-Related Information,False,,ambiguous,True,yes,13800,standard,bde_llm_count,True,True,6,0,0,0,0,1,10.505,False,False,True,,True,clear_yes,yes,7350,False,standard,False,,21150
CNG_Data2k_variance/files/Q00897.01-0000894298.PDF,Q00897.01-0000894298.PDF,.pdf,26326,ok,True,False,text,False,4,0,1,False,0,False,0-10,Money/Amount,False,Financial Account Information,False,,clear_non_responsive,False,,0,likely_non_responsive,,False,False,0,0,0,0,0,0,0.207,True,False,False,stage1_nr,False,,,0,False,,False,,0
CNG_Data2k_variance/files/Q00897.01-0000397536.0001.0002.XLSX,Q00897.01-0000397536.0001.0002.XLSX,.xlsx,158354,ok,True,True,text,True,15,0,55,False,0,False,50-100,Money/Amount,False,Financial Account Information,False,,ambiguous,True,no,8130,likely_non_responsive,bde_llm_count,False,False,0,0,0,0,0,0,2.867,True,False,False,stage1_nr,False,,,0,False,,False,,8130
CNG_Data2k_variance/files/Q00897.01-0000543280.0001.PDF,Q00897.01-0000543280.0001.PDF,.pdf,22568,ok,True,False,text,False,1,0,1,False,0,False,0-10,Money/Amount,False,Financial Account Information,False,,clear_non_responsive,False,,0,likely_non_responsive,,False,False,0,0,0,0,0,0,0.05,True,False,False,stage1_nr,False,,,0,False,,False,,0
CNG_Data2k_variance/files/Q00897.01-0000839194.0002.DOCX,Q00897.01-0000839194.0002.DOCX,.docx,38001,ok,True,False,text,False,0,0,1,False,0,False,0-10,Name,False,,False,,ambiguous,True,no,8696,likely_non_responsive,,False,False,0,0,0,0,0,0,1.378,True,False,False,stage1_nr,False,,,0,False,,False,,8696
CNG_Data2k_variance/files/Q00897.01-0000896091.PDF,Q00897.01-0000896091.PDF,.pdf,12810,ok,True,False,text,False,2,0,1,False,0,False,0-10,Money/Amount,False,Financial Account Information,False,,clear_non_responsive,False,,0,likely_non_responsive,,False,False,0,0,0,0,0,0,0.12,True,False,False,stage1_nr,False,,,0,False,,False,,0
CNG_Data2k_variance/files/Q00897.01-0000135638.PDF,Q00897.01-0000135638.PDF,.pdf,67279,ok,True,True,text,True,1,0,1,False,0,False,0-10,,False,,False,,ambiguous,True,no,7193,likely_non_responsive,bde_llm_count,True,True,1,0,0,0,0,1,6.877,True,False,False,stage1_nr,False,,,0,False,,False,,7193
CNG_Data2k_variance/files/Q00897.01-0000911034.PDF,Q00897.01-0000911034.PDF,.pdf,22586,ok,True,False,text,False,6,0,1,False,0,False,0-10,Name | Address | Phone | Money/Amount,True,Contact Information | Financial Account Information,False,,ambiguous,True,no,6311,likely_non_responsive,,False,False,0,0,0,0,0,0,3.267,True,False,False,stage1_nr,False,,,0,False,,False,,6311
CNG_Data2k_variance/files/Q00897.01-0000903293.PDF,Q00897.01-0000903293.PDF,.pdf,20787,ok,True,False,text,False,3,0,1,False,0,False,0-10,Name | Address | Phone | Money/Amount,True,Contact Information | Financial Account Information,False,,ambiguous,True,no,5885,likely_non_responsive,,False,False,0,0,0,0,0,0,1.64,True,False,False,stage1_nr,False,,,0,False,,False,,5885
CNG_Data2k_variance/files/Q00897.01-0000910683.PDF,Q00897.01-0000910683.PDF,.pdf,7783,ok,True,False,text,False,1,0,3,False,0,False,0-10,Name | Phone,True,Contact Information,False,,ambiguous,True,yes,3836,standard,,False,False,0,0,0,0,0,0,3.351,False,False,True,,True,borderline,no,3902,False,likely_non_responsive,True,,7738
CNG_Data2k_variance/files/Q00897.01-0000913654.PDF,Q00897.01-0000913654.PDF,.pdf,37757,ok,True,True,text,True,2,0,27,False,6,False,20-50,Address | Phone | SSN | Money/Amount,True,Contact Information | Government-Issued Identification | Financial Account Information,False,,clear_responsive,False,,3665,standard,bde_llm_count_roster,True,True,2,0,0,0,0,1,10.572,False,False,True,,True,clear_yes,yes,4539,False,standard,False,,8204
CNG_Data2k_variance/files/Q00897.01-0000360161.MSG,Q00897.01-0000360161.MSG,.msg,412672,ok,True,False,text,False,0,0,1,False,0,False,0-10,Email,True,Contact Information,False,,ambiguous,True,no,4753,likely_non_responsive,,False,False,0,0,0,0,0,0,3.955,True,False,False,stage1_nr,False,,,0,False,,False,,4753
CNG_Data2k_variance/files/Q00897.01-0000518917.0001.XLSX,Q00897.01-0000518917.0001.XLSX,.xlsx,197335,ok,True,True,text,True,1,0,555,False,0,False,100+,Phone | Money/Amount,True,Contact Information | Financial Account Information,False,,ambiguous,True,no,19598,likely_non_responsive,bde_llm_count,False,False,0,0,0,0,0,0,3.382,True,False,False,stage1_nr,False,,,0,False,,False,,19598
CNG_Data2k_variance/files/Q00897.01-0000122117.TXT,Q00897.01-0000122117.TXT,.txt,11095,ok,True,False,text,False,0,0,1,False,0,False,0-10,Money/Amount,False,Financial Account Information,False,,clear_non_responsive,False,,0,likely_non_responsive,,False,False,0,0,0,0,0,0,0.035,True,False,False,stage1_nr,False,,,0,False,,False,,0
CNG_Data2k_variance/files/Q00897.01-0000722791.MSG,Q00897.01-0000722791.MSG,.msg,99328,ok,True,False,text,False,0,0,2,False,0,False,0-10,Name | Address | Phone,True,Contact Information,False,,ambiguous,True,yes,5150,standard,,False,False,0,0,0,0,0,0,61.77,False,False,True,,True,clear_no,no,5220,False,likely_non_responsive,True,,10370
CNG_Data2k_variance/files/Q00897.01-0000838777.MSG,Q00897.01-0000838777.MSG,.msg,178688,ok,True,False,text,False,0,3,12,False,6,False,10-20,Name | Address | Email | Phone,True,Contact Information,False,,ambiguous,True,yes,18836,standard,bde_llm_count,False,False,0,0,0,0,0,0,67.684,False,False,True,,True,likely_no,no,9902,False,likely_non_responsive,True,,28738
CNG_Data2k_variance/files/Q00897.01-0000711143.0001.PDF,Q00897.01-0000711143.0001.PDF,.pdf,59419,ok,True,True,text,True,3,0,4,False,0,False,0-10,Name | Address | Email | Phone | Card/Transaction | Money/Amount,True,Contact Information | Financial Account Information,False,,ambiguous,True,yes,8634,standard,bde_llm_count,True,True,3,0,0,0,0,1,11.788,False,False,True,,True,likely_no,no,4793,False,likely_non_responsive,True,,13427
CNG_Data2k_variance/files/Q00897.01-0000909732.PDF,Q00897.01-0000909732.PDF,.pdf,18149,ok,True,False,text,False,3,0,1,False,0,False,0-10,Money/Amount,False,Financial Account Information,False,,clear_non_responsive,False,,0,likely_non_responsive,,False,False,0,0,0,0,0,0,0.095,True,False,False,stage1_nr,False,,,0,False,,False,,0
CNG_Data2k_variance/files/Q00897.01-0000618231.0001.XLSX,Q00897.01-0000618231.0001.XLSX,.xlsx,965034,ok,True,True,text,True,1,0,70,False,0,False,50-100,Money/Amount,False,Financial Account Information,False,,ambiguous,True,no,18910,likely_non_responsive,bde_llm_count,False,False,0,0,0,0,0,0,3.593,True,False,False,stage1_nr,False,,,0,False,,False,,18910
CNG_Data2k_variance/files/Q00897.01-0000887256.PDF,Q00897.01-0000887256.PDF,.pdf,76293,ok,True,False,text,False,6,0,6,False,0,False,0-10,Name | Address | Email | Phone | Card/Transaction | Money/Amount | Demographic,True,Contact Information | Financial Account Information | Demographic Information,False,,ambiguous,True,yes,9291,standard,,False,False,0,0,0,0,0,0,3.219,False,False,True,,True,borderline,no,9354,False,likely_non_responsive,True,,18645
CNG_Data2k_variance/files/Q00897.01-0000884417.PNG,Q00897.01-0000884417.PNG,.png,64172,ok,True,False,text,False,1,0,1,False,0,False,0-10,Money/Amount,False,Financial Account Information,False,,clear_non_responsive,False,,0,likely_non_responsive,,True,True,1,0,0,0,0,1,4.159,True,False,False,stage1_nr,False,,,0,False,,False,,0
CNG_Data2k_variance/files/Q00897.01-0000543103.0001.PDF,Q00897.01-0000543103.0001.PDF,.pdf,22573,ok,True,False,text,False,1,0,1,False,0,False,0-10,Money/Amount,False,Financial Account Information,False,,clear_non_responsive,False,,0,likely_non_responsive,,False,False,0,0,0,0,0,0,0.026,True,False,False,stage1_nr,False,,,0,False,,False,,0
CNG_Data2k_variance/files/Q00897.01-0000017174.PDF,Q00897.01-0000017174.PDF,.pdf,346125,ok,True,False,text,False,2,0,5,False,0,False,0-10,Name | Address | Money/Amount | Work-Related,True,Contact Information | Financial Account Information | Work-Related Information,False,,ambiguous,True,yes,4632,standard,,False,False,0,0,0,0,0,0,3.885,False,False,True,,True,clear_yes,yes,4701,False,standard,False,,9333
CNG_Data2k_variance/files/Q00897.01-0000883467.PDF,Q00897.01-0000883467.PDF,.pdf,16400,ok,True,False,text,False,3,0,4,False,0,False,0-10,Name | Address | Phone | Tax ID | Bank/Account Number | Money/Amount,True,Contact Information | Government-Issued Identification | Financial Account Information,False,,ambiguous,True,yes,6833,standard,,False,False,0,0,0,0,0,0,3.732,False,False,True,,True,clear_yes,yes,6875,False,standard,False,,13708
CNG_Data2k_variance/files/Q00897.01-0000659494.0001.XLSX,Q00897.01-0000659494.0001.XLSX,.xlsx,81770,ok,True,True,text,True,8,0,491,False,0,False,100+,Phone | Payment Card | Money/Amount,True,Contact Information | Financial Account Information,False,,ambiguous,True,no,13259,likely_non_responsive,bde_llm_count,False,False,0,0,0,0,0,0,2.371,True,False,False,stage1_nr,False,,,0,False,,False,,13259
CNG_Data2k_variance/files/Q00897.01-0000231287.PDF,Q00897.01-0000231287.PDF,.pdf,652348,ok,True,True,text,True,3,0,10,False,3,False,0-10,Name | Address | Email | Phone | Bank/Account Number | Money/Amount,True,Contact Information | Financial Account Information,False,,ambiguous,True,yes,8710,standard,bde_llm_count,True,True,3,0,0,0,0,1,11.681,False,False,True,,True,likely_no,no,4789,False,likely_non_responsive,True,,13499
CNG_Data2k_variance/files/Q00897.01-0000515405.0001.PDF,Q00897.01-0000515405.0001.PDF,.pdf,808320,ok,True,False,text,False,1,0,4,False,0,False,0-10,Name | Address | Email | Phone | Payment Card | Card Expiry/CVV | Card/Transaction | Money/Amount,True,Contact Information | Financial Account Information,False,,ambiguous,True,yes,3998,standard,,True,True,1,0,0,0,0,1,7.678,False,False,True,,True,clear_yes,yes,4028,False,standard,False,,8026
CNG_Data2k_variance/files/Q00897.01-0000777617.MSG,Q00897.01-0000777617.MSG,.msg,40448,ok,True,False,text,False,0,1,6,False,0,False,0-10,Name | Email | Phone,True,Contact Information,False,,ambiguous,True,yes,3964,standard,,False,False,0,0,0,0,0,0,3.651,False,False,True,,True,likely_no,no,4020,False,likely_non_responsive,True,,7984
CNG_Data2k_variance/files/Q00897.01-0000611732.0002.PDF,Q00897.01-0000611732.0002.PDF,.pdf,112718,ok,True,False,text,False,1,0,0,False,0,False,0-10,,False,,False,,clear_non_responsive,False,,0,likely_non_responsive,,False,False,0,0,0,0,0,0,0.114,True,False,False,stage1_nr,False,,,0,False,,False,,0
CNG_Data2k_variance/files/Q00897.01-0000875226.PDF,Q00897.01-0000875226.PDF,.pdf,62472,ok,True,False,text,False,2,0,3,False,0,False,0-10,Name | Address | Phone | Money/Amount,True,Contact Information | Financial Account Information,False,,ambiguous,True,yes,4516,standard,"img_ocr:p1(1/1,+17chars)",False,False,0,1,1,1,0,1,7.749,False,False,True,,True,likely_no,no,4573,False,likely_non_responsive,True,,9089
CNG_Data2k_variance/files/Q00897.01-0000839072.0001.DOCX,Q00897.01-0000839072.0001.DOCX,.docx,51810,ok,True,False,text,False,0,0,3,False,0,False,0-10,Name,False,,False,,ambiguous,True,no,8459,likely_non_responsive,,False,False,0,0,0,0,0,0,1.49,True,False,False,stage1_nr,False,,,0,False,,False,,8459
CNG_Data2k_variance/files/Q00897.01-0000430686.MSG,Q00897.01-0000430686.MSG,.msg,272384,ok,True,False,text,False,0,0,1,False,0,False,0-10,Name | Address | Money/Amount,True,Contact Information | Financial Account Information,False,,ambiguous,True,no,5371,likely_non_responsive,,False,False,0,0,0,0,0,0,3.153,True,False,False,stage1_nr,False,,,0,False,,False,,5371
CNG_Data2k_variance/files/Q00897.01-0000807573.0001.PDF,Q00897.01-0000807573.0001.PDF,.pdf,521589,ok,True,False,text,False,2,0,2,False,0,False,0-10,Name | Address | Health,True,Contact Information | Health-Related Information,False,,ambiguous,True,no,5979,likely_non_responsive,,True,True,2,0,0,0,0,1,6.47,True,False,False,stage1_nr,False,,,0,False,,False,,5979
CNG_Data2k_variance/files/Q00897.01-0000547714.0001.XLSX,Q00897.01-0000547714.0001.XLSX,.xlsx,106184,ok,True,True,text,True,4,0,263,False,26,True,100+,Name | Payment Card | Money/Amount,True,Financial Account Information,True,,ambiguous,True,yes,11138,structured_bde,bde_llm_count_roster,False,False,0,0,0,0,0,0,8.714,False,True,True,,True,likely_yes,yes,6103,True,structured_bde,False,,17241
CNG_Data2k_variance/files/Q00897.01-0000896389.PDF,Q00897.01-0000896389.PDF,.pdf,13286,ok,True,False,text,False,2,0,1,False,0,False,0-10,Money/Amount,False,Financial Account Information,False,,clear_non_responsive,False,,0,likely_non_responsive,,False,False,0,0,0,0,0,0,0.13,True,False,False,stage1_nr,False,,,0,False,,False,,0
CNG_Data2k_variance/files/Q00897.01-0000504707.MSG,Q00897.01-0000504707.MSG,.msg,84992,ok,True,False,text,False,0,0,1,False,0,False,0-10,Email,True,Contact Information,False,,ambiguous,True,yes,3890,standard,,False,False,0,0,0,0,0,0,3.588,False,False,True,,True,borderline,no,3964,False,likely_non_responsive,True,,7854
CNG_Data2k_variance/files/Q00897.01-0000443938.0003.PDF,Q00897.01-0000443938.0003.PDF,.pdf,320834,ok,True,False,text,False,1,0,1,False,0,False,0-10,Name | Address | Phone,True,Contact Information,False,,ambiguous,True,yes,3997,standard,,True,True,1,0,0,0,0,1,7.177,False,False,True,,True,clear_yes,yes,4056,False,standard,False,,8053
CNG_Data2k_variance/files/Q00897.01-0000121348.PDF,Q00897.01-0000121348.PDF,.pdf,271202,ok,True,False,text,False,4,0,7,False,2,False,0-10,Name | Address | Phone | Card/Transaction | Money/Amount,True,Contact Information | Financial Account Information,False,,ambiguous,True,yes,10939,standard,bde_llm_count,False,False,0,0,0,0,0,0,4.979,False,False,True,,True,clear_yes,yes,5952,False,standard,False,,16891
CNG_Data2k_variance/files/Q00897.01-0000133217.PDF,Q00897.01-0000133217.PDF,.pdf,469943,ok,True,True,text,True,3,0,28,False,0,False,20-50,Phone | Money/Amount,True,Contact Information | Financial Account Information,False,,ambiguous,True,no,8636,likely_non_responsive,bde_llm_count,True,True,3,0,0,0,0,1,10.782,True,False,False,stage1_nr,False,,,0,False,,False,,8636
CNG_Data2k_variance/files/Q00897.01-0000664004.0001.XLSX,Q00897.01-0000664004.0001.XLSX,.xlsx,27772,ok,True,True,text,True,1,0,108,False,108,True,100+,Name | Email | Phone | Card/Transaction,True,Contact Information | Financial Account Information,True,,ambiguous,True,yes,9180,structured_bde,bde_llm_count_roster,False,False,0,0,0,0,0,0,8.534,False,True,True,,True,likely_no,no,5111,True,likely_non_responsive,True,,14291
CNG_Data2k_variance/files/Q00897.01-0000899735.PDF,Q00897.01-0000899735.PDF,.pdf,63231,ok,True,False,text,False,14,0,2,False,0,False,0-10,Name | Address | Phone | Money/Amount | Work-Related,True,Contact Information | Financial Account Information | Work-Related Information,False,,ambiguous,True,yes,14047,standard,,False,False,0,0,0,0,0,0,5.851,False,False,True,,True,clear_yes,yes,14148,False,standard,False,,28195
CNG_Data2k_variance/files/Q00897.01-0000896426.PDF,Q00897.01-0000896426.PDF,.pdf,63575,ok,True,False,text,False,13,0,3,False,0,False,0-10,Name | Address | Phone | Money/Amount | Work-Related,True,Contact Information | Financial Account Information | Work-Related Information,False,,ambiguous,True,yes,14063,standard,,False,False,0,0,0,0,0,0,13.945,False,False,True,,True,clear_yes,yes,14085,False,standard,False,,28148
CNG_Data2k_variance/files/Q00897.01-0000870391.PDF,Q00897.01-0000870391.PDF,.pdf,73976,ok,True,False,text,False,6,0,17,False,0,False,10-20,Name | Address | Phone | Money/Amount,True,Contact Information | Financial Account Information,False,,ambiguous,True,yes,21903,standard,bde_llm_count,False,False,0,0,0,0,0,0,8.149,False,False,True,,True,clear_no,no,11323,False,likely_non_responsive,True,,33226
CNG_Data2k_variance/files/Q00897.01-0000443429.0001.PDF,Q00897.01-0000443429.0001.PDF,.pdf,38253,ok,True,False,text,False,2,0,2,False,0,False,0-10,Name | Address | Email | Phone | Card/Transaction | Money/Amount,True,Contact Information | Financial Account Information,False,,ambiguous,True,yes,4664,standard,,False,False,0,0,0,0,0,0,3.641,False,False,True,,True,likely_no,no,4722,False,likely_non_responsive,True,,9386
CNG_Data2k_variance/files/Q00897.01-0000534633.0001.CSV,Q00897.01-0000534633.0001.CSV,.csv,147706,ok,True,True,text,True,0,0,608,False,0,False,100+,Phone | Money/Amount,True,Contact Information | Financial Account Information,False,,ambiguous,True,no,17324,likely_non_responsive,roster_by_rowcount bde_llm_count,False,False,0,0,0,0,0,0,62.438,True,False,False,stage1_nr,False,,,0,False,,False,,17324
CNG_Data2k_variance/files/Q00897.01-0000356725.CSV,Q00897.01-0000356725.CSV,.csv,93493,ok,True,True,text,True,0,0,630,False,51,True,100+,Name | Money/Amount | Work-Related,False,Financial Account Information | Work-Related Information,True,,ambiguous,True,yes,12077,structured_bde,bde_llm_count_roster,False,False,0,0,0,0,0,0,7.781,False,True,True,,True,clear_yes,yes,6579,True,structured_bde,False,,18656
CNG_Data2k_variance/files/Q00897.01-0000304289.XLSX,Q00897.01-0000304289.XLSX,.xlsx,33479,ok,True,True,text,True,8,0,292,False,0,False,100+,,False,,False,,ambiguous,True,no,7302,likely_non_responsive,roster_by_rowcount bde_llm_count,False,False,0,0,0,0,0,0,2.492,True,False,False,stage1_nr,False,,,0,False,,False,,7302
CNG_Data2k_variance/files/Q00897.01-0000812389.MSG,Q00897.01-0000812389.MSG,.msg,3164160,ok,True,False,text,False,0,23,3,False,0,False,0-10,Name | Address | Email | Phone | Card/Transaction,True,Contact Information | Financial Account Information,False,,ambiguous,True,yes,4154,standard,,False,False,0,0,0,0,0,0,3.263,False,False,True,,True,likely_no,no,4230,False,likely_non_responsive,True,,8384
CNG_Data2k_variance/files/Q00897.01-0000656045.MSG,Q00897.01-0000656045.MSG,.msg,249856,ok,True,False,text,False,0,3,3,False,0,False,0-10,Name | Email | Phone | Money/Amount,True,Contact Information | Financial Account Information,False,,ambiguous,True,yes,4135,standard,,False,False,0,0,0,0,0,0,3.891,False,False,True,,True,likely_no,no,4227,False,likely_non_responsive,True,,8362
CNG_Data2k_variance/files/Q00897.01-0000459944.0001.PDF,Q00897.01-0000459944.0001.PDF,.pdf,209376,ok,True,True,text,True,2,0,7,False,2,False,0-10,Name | Address | Health,True,Contact Information | Health-Related Information,False,,ambiguous,True,no,10118,likely_non_responsive,bde_llm_count,True,True,2,0,0,0,0,1,7.694,True,False,False,stage1_nr,False,,,0,False,,False,,10118
CNG_Data2k_variance/files/Q00897.01-0000343551.XLSX,Q00897.01-0000343551.XLSX,.xlsx,2979036,ok,True,True,text,True,1,0,11874,False,11874,True,100+,Address | SSN | Money/Amount,True,Contact Information | Government-Issued Identification | Financial Account Information,True,,clear_responsive,False,,11223,structured_bde,bde_llm_count_roster,False,False,0,0,0,0,0,0,6.587,False,True,True,,True,clear_yes,yes,12189,True,structured_bde,False,,23412
CNG_Data2k_variance/files/Q00897.01-0000523964.0001.PDF,Q00897.01-0000523964.0001.PDF,.pdf,22971,ok,True,False,text,False,2,0,1,False,0,False,0-10,Phone,True,Contact Information,False,,ambiguous,True,no,3843,likely_non_responsive,,False,False,0,0,0,0,0,0,1.325,True,False,False,stage1_nr,False,,,0,False,,False,,3843
CNG_Data2k_variance/files/Q00897.01-0000798246.MSG,Q00897.01-0000798246.MSG,.msg,464384,ok,True,False,text,False,0,2,0,False,0,False,0-10,,False,,False,,clear_non_responsive,False,,0,likely_non_responsive,,False,False,0,0,0,0,0,0,0.088,True,False,False,stage1_nr,False,,,0,False,,False,,0
CNG_Data2k_variance/files/Q00897.01-0000111463.XLSX,Q00897.01-0000111463.XLSX,.xlsx,152138,ok,True,True,text,True,2,0,612,False,2,False,100+,Name | Phone | Money/Amount,True,Contact Information | Financial Account Information,False,,ambiguous,True,yes,13696,standard,roster_by_rowcount bde_llm_count,False,False,0,0,0,0,0,0,5.027,False,False,True,,True,clear_no,no,7321,True,likely_non_responsive,True,,21017
CNG_Data2k_variance/files/Q00897.01-0000118565.PDF,Q00897.01-0000118565.PDF,.pdf,135791,ok,True,False,text,False,1,0,2,False,0,False,0-10,Name | Health | Work-Related,True,Health-Related Information | Work-Related Information,False,,ambiguous,True,yes,4383,standard,,False,False,0,0,0,0,0,0,2.598,False,False,True,,True,likely_no,no,4454,False,likely_non_responsive,True,,8837
CNG_Data2k_variance/files/Q00897.01-0000658007.MSG,Q00897.01-0000658007.MSG,.msg,98816,ok,True,False,text,False,0,0,4,False,0,False,0-10,Name | Email | Card/Transaction | Money/Amount,True,Contact Information | Financial Account Information,False,,ambiguous,True,no,4033,likely_non_responsive,,False,False,0,0,0,0,0,0,2.385,True,False,False,stage1_nr,False,,,0,False,,False,,4033
CNG_Data2k_variance/files/Q00897.01-0000406519.MSG,Q00897.01-0000406519.MSG,.msg,225792,ok,True,False,text,False,0,3,2,False,0,False,0-10,Name | Email,True,Contact Information,False,,ambiguous,True,no,4154,likely_non_responsive,,False,False,0,0,0,0,0,0,1.799,True,False,False,stage1_nr,False,,,0,False,,False,,4154
CNG_Data2k_variance/files/Q00897.01-0000346654.PDF,Q00897.01-0000346654.PDF,.pdf,418030,ok,True,False,text,False,4,0,55,False,55,True,50-100,Name | Email | Phone | Money/Amount,True,Contact Information | Financial Account Information,True,,ambiguous,True,yes,14993,bde,bde_llm_count_roster,False,False,0,0,0,0,0,0,11.32,False,True,True,,True,clear_yes,yes,8176,True,bde,False,,23169
CNG_Data2k_variance/files/Q00897.01-0000114546.PDF,Q00897.01-0000114546.PDF,.pdf,17998,ok,True,False,text,False,9,0,1,False,0,False,0-10,Card/Transaction | Money/Amount | Work-Related,False,Financial Account Information | Work-Related Information,False,,ambiguous,True,no,9670,likely_non_responsive,,False,False,0,0,0,0,0,0,1.575,True,False,False,stage1_nr,False,,,0,False,,False,,9670
CNG_Data2k_variance/files/Q00897.01-0000614360.MSG,Q00897.01-0000614360.MSG,.msg,99840,ok,True,False,text,False,0,0,13,False,5,False,10-20,Name | Money/Amount | Health,False,Financial Account Information | Health-Related Information,False,,ambiguous,True,no,9456,likely_non_responsive,bde_llm_count,False,False,0,0,0,0,0,0,4.293,True,False,False,stage1_nr,False,,,0,False,,False,,9456
CNG_Data2k_variance/files/Q00897.01-0000023081.XLSX,Q00897.01-0000023081.XLSX,.xlsx,250745,ok,True,True,text,True,3,0,1742,False,1742,True,100+,Name,False,,True,,ambiguous,True,yes,8866,structured_bde,bde_llm_count_roster,False,False,0,0,0,0,0,0,7.275,False,True,True,,True,clear_yes,yes,5015,True,structured_bde,False,,13881
CNG_Data2k_variance/files/Q00897.01-0000913799.PDF,Q00897.01-0000913799.PDF,.pdf,79217,ok,True,True,text,True,2,0,9,False,4,False,0-10,SSN | Money/Amount,True,Government-Issued Identification | Financial Account Information,False,,clear_responsive,False,,4647,standard,bde_llm_count_roster,True,True,2,0,0,0,0,1,8.509,False,False,True,,True,clear_yes,yes,5471,False,standard,False,,10118
CNG_Data2k_variance/files/Q00897.01-0000256921.PDF,Q00897.01-0000256921.PDF,.pdf,1494839,ok,True,False,text,False,8,0,5,False,0,False,0-10,Name | Address | Card Expiry/CVV | Money/Amount | Work-Related,True,Contact Information | Financial Account Information | Work-Related Information,False,,ambiguous,True,yes,8699,standard,,True,True,8,0,0,0,0,1,9.885,False,False,True,,True,likely_no,no,8768,False,likely_non_responsive,True,,17467
CNG_Data2k_variance/files/Q00897.01-0000005550.PDF,Q00897.01-0000005550.PDF,.pdf,70931,ok,True,False,text,False,1,0,0,False,0,False,0-10,,False,,False,,clear_non_responsive,False,,0,likely_non_responsive,,True,True,1,0,0,0,0,1,4.192,True,False,False,stage1_nr,False,,,0,False,,False,,0
CNG_Data2k_variance/files/Q00897.01-0000398492.MSG,Q00897.01-0000398492.MSG,.msg,355840,ok,True,False,text,False,0,0,1,False,0,False,0-10,Name | Address | Money/Amount,True,Contact Information | Financial Account Information,False,,ambiguous,True,no,6801,likely_non_responsive,,False,False,0,0,0,0,0,0,3.555,True,False,False,stage1_nr,False,,,0,False,,False,,6801
CNG_Data2k_variance/files/Q00897.01-0000670308.0001.PDF,Q00897.01-0000670308.0001.PDF,.pdf,33575,ok,True,False,text,False,10,0,32,False,0,False,20-50,Address | Phone | Account Balance | Money/Amount,True,Contact Information | Financial Account Information,False,,ambiguous,True,no,18821,likely_non_responsive,bde_llm_count,False,False,0,0,0,0,0,0,2.989,True,False,False,stage1_nr,False,,,0,False,,False,,18821
CNG_Data2k_variance/files/Q00897.01-0000133133.PDF,Q00897.01-0000133133.PDF,.pdf,641151,ok,True,True,text,True,4,0,48,False,0,False,20-50,Name | Phone | Money/Amount,True,Contact Information | Financial Account Information,False,,ambiguous,True,yes,9294,standard,bde_llm_count,True,True,4,0,0,0,0,1,11.571,False,False,True,,True,likely_no,no,5138,False,likely_non_responsive,True,,14432
CNG_Data2k_variance/files/Q00897.01-0000341657.PDF,Q00897.01-0000341657.PDF,.pdf,43627,ok,True,True,text,True,1,0,17,False,1,False,10-20,Name | Address | Email | Money/Amount | Health | Student ID,True,Contact Information | Financial Account Information | Health-Related Information | Student-Related Information,False,,ambiguous,True,yes,7215,standard,bde_llm_count,True,True,1,0,0,0,0,1,9.553,False,False,True,,True,likely_no,no,4095,False,likely_non_responsive,True,,11310
CNG_Data2k_variance/files/Q00897.01-0000479731.MSG,Q00897.01-0000479731.MSG,.msg,39936,ok,True,False,text,False,0,0,5,False,0,False,0-10,Name | Address | Email | Phone | Money/Amount,True,Contact Information | Financial Account Information,False,,ambiguous,True,yes,6967,standard,,False,False,0,0,0,0,0,0,3.475,False,False,True,,True,likely_no,no,7044,False,likely_non_responsive,True,,14011
CNG_Data2k_variance/files/Q00897.01-0000661787.MSG,Q00897.01-0000661787.MSG,.msg,46080,ok,True,False,text,False,0,0,7,False,4,False,0-10,Name | Address | Email | Phone,True,Contact Information,False,,ambiguous,True,yes,10698,standard,bde_llm_count,False,False,0,0,0,0,0,0,4.962,False,False,True,,True,likely_no,no,5850,False,likely_non_responsive,True,,16548
CNG_Data2k_variance/files/Q00897.01-0000699487.MSG,Q00897.01-0000699487.MSG,.msg,187392,ok,True,False,text,False,0,0,1,False,0,False,0-10,Name | Address | Email | Money/Amount,True,Contact Information | Financial Account Information,False,,ambiguous,True,yes,4270,standard,,False,False,0,0,0,0,0,0,3.691,False,False,True,,True,clear_yes,yes,4338,False,standard,False,,8608
CNG_Data2k_variance/files/Q00897.01-0000468441.MSG,Q00897.01-0000468441.MSG,.msg,147968,ok,True,False,text,False,0,0,9,False,6,False,0-10,Name | Address | Email | Phone | Health,True,Contact Information | Health-Related Information,False,,ambiguous,True,yes,11002,standard,bde_llm_count,False,False,0,0,0,0,0,0,6.51,False,False,True,,True,clear_yes,yes,5943,False,standard,False,,16945
CNG_Data2k_variance/files/Q00897.01-0000451495.0001.PDF,Q00897.01-0000451495.0001.PDF,.pdf,35693,ok,True,False,text,False,2,0,2,False,0,False,0-10,Name | Phone,True,Contact Information,False,,ambiguous,True,no,5079,likely_non_responsive,,False,False,0,0,0,0,0,0,1.45,True,False,False,stage1_nr,False,,,0,False,,False,,5079
CNG_Data2k_variance/files/Q00897.01-0000669017.MSG,Q00897.01-0000669017.MSG,.msg,182272,ok,True,False,text,False,0,2,3,False,0,False,0-10,Phone,True,Contact Information,False,,ambiguous,True,no,3741,likely_non_responsive,,False,False,0,0,0,0,0,0,2.17,True,False,False,stage1_nr,False,,,0,False,,False,,3741
CNG_Data2k_variance/files/Q00897.01-0000804234.MSG,Q00897.01-0000804234.MSG,.msg,70656,ok,True,False,text,False,0,3,10,False,14,False,0-10,Name | Address | Email | Phone | Money/Amount | Demographic,True,Contact Information | Financial Account Information | Demographic Information,False,,ambiguous,True,no,11612,likely_non_responsive,bde_llm_count,False,False,0,0,0,0,0,0,6.083,True,False,False,stage1_nr,False,,,0,False,,False,,11612
CNG_Data2k_variance/files/Q00897.01-0000777737.0001.DOCX,Q00897.01-0000777737.0001.DOCX,.docx,59033,ok,True,False,text,False,0,0,1,False,0,False,0-10,Money/Amount,False,Financial Account Information,False,,clear_non_responsive,False,,0,likely_non_responsive,,False,False,0,0,0,0,0,0,0.055,True,False,False,stage1_nr,False,,,0,False,,False,,0
CNG_Data2k_variance/files/Q00897.01-0000120865.PDF,Q00897.01-0000120865.PDF,.pdf,127348,ok,True,False,text,False,1,0,1,False,0,False,0-10,Address | Phone | Tax ID | Money/Amount,True,Contact Information | Government-Issued Identification | Financial Account Information,False,,ambiguous,True,no,4204,likely_non_responsive,,False,False,0,0,0,0,0,0,1.135,True,False,False,stage1_nr,False,,,0,False,,False,,4204
CNG_Data2k_variance/files/Q00897.01-0000778968.0001.PDF,Q00897.01-0000778968.0001.PDF,.pdf,118991,ok,True,False,text,False,3,0,11,False,11,False,10-20,Name | Phone,True,Contact Information,False,,ambiguous,True,no,10027,likely_non_responsive,"img_ocr:p1(1/1,+15chars) bde_llm_count_roster",False,False,0,1,1,1,0,1,7.917,True,False,False,stage1_nr,False,,,0,False,,False,,10027
CNG_Data2k_variance/files/Q00897.01-0000766387.MSG,Q00897.01-0000766387.MSG,.msg,260608,ok,True,False,text,False,0,2,4,False,0,False,0-10,Name | Address | Email | Phone | Health,True,Contact Information | Health-Related Information,False,,ambiguous,True,yes,4949,standard,,False,False,0,0,0,0,0,0,3.834,False,False,True,,True,likely_no,no,5017,False,likely_non_responsive,True,,9966
CNG_Data2k_variance/files/Q00897.01-0000289478.PDF,Q00897.01-0000289478.PDF,.pdf,173988,ok,True,False,text,False,1,0,1,False,0,False,0-10,Address | Money/Amount,True,Contact Information | Financial Account Information,False,,ambiguous,True,no,4020,likely_non_responsive,,False,False,0,0,0,0,0,0,1.138,True,False,False,stage1_nr,False,,,0,False,,False,,4020
CNG_Data2k_variance/files/Q00897.01-0000691537.MSG,Q00897.01-0000691537.MSG,.msg,207360,ok,True,False,text,False,0,0,1,False,0,False,0-10,Account Balance,False,Financial Account Information,False,,ambiguous,True,no,4239,likely_non_responsive,,False,False,0,0,0,0,0,0,2.734,True,False,False,stage1_nr,False,,,0,False,,False,,4239
CNG_Data2k_variance\files\Q00897.01-0000006443.XLS,Q00897.01-0000006443.XLS,.xls,19636,ok,True,True,text,True,3,0,12,False,12,False,10-20,Name | Phone | Money/Amount | Work-Related,True,Contact Information | Financial Account Information | Work-Related Information,False,,ambiguous,True,yes,9530,standard,bde_llm_count_roster,False,False,0,0,0,0,0,0,4.8,False,False,True,,True,clear_yes,yes,5260,False,standard,False,,14790
CNG_Data2k_variance/files/Q00897.01-0000341077.PDF,Q00897.01-0000341077.PDF,.pdf,800544,ok,True,False,text,False,1,0,0,False,0,False,0-10,,False,,False,,clear_non_responsive,False,,0,likely_non_responsive,,True,True,1,0,0,0,0,1,4.328,True,False,False,stage1_nr,False,,,0,False,,False,,0
CNG_Data2k_variance/files/Q00897.01-0000812485.MSG,Q00897.01-0000812485.MSG,.msg,137216,ok,True,False,text,False,0,0,2,False,0,False,0-10,Name | Address | Phone | Card/Transaction | Money/Amount,True,Contact Information | Financial Account Information,False,,ambiguous,True,yes,3947,standard,,False,False,0,0,0,0,0,0,3.102,False,False,True,,True,likely_no,no,3988,False,likely_non_responsive,True,,7935
CNG_Data2k_variance/files/Q00897.01-0000635662.MSG,Q00897.01-0000635662.MSG,.msg,104448,ok,True,False,text,False,0,0,4,False,0,False,0-10,Name | Email,True,Contact Information,False,,ambiguous,True,yes,4011,standard,,False,False,0,0,0,0,0,0,2.523,False,False,True,,True,likely_no,no,4074,False,likely_non_responsive,True,,8085
CNG_Data2k_variance/files/Q00897.01-0000545428.0001.PDF,Q00897.01-0000545428.0001.PDF,.pdf,22633,ok,True,False,text,False,1,0,1,False,0,False,0-10,Money/Amount,False,Financial Account Information,False,,clear_non_responsive,False,,0,likely_non_responsive,,False,False,0,0,0,0,0,0,0.148,True,False,False,stage1_nr,False,,,0,False,,False,,0
CNG_Data2k_variance/files/Q00897.01-0000910852.PDF,Q00897.01-0000910852.PDF,.pdf,10345,ok,True,False,text,False,1,0,6,False,0,False,0-10,Name | Phone | Money/Amount,True,Contact Information | Financial Account Information,False,,ambiguous,True,yes,4124,standard,,False,False,0,0,0,0,0,0,3.719,False,False,True,,True,borderline,no,4177,False,likely_non_responsive,True,,8301
CNG_Data2k_variance/files/Q00897.01-0000655568.0001.XLSX,Q00897.01-0000655568.0001.XLSX,.xlsx,36720,ok,True,True,text,True,1,0,602,False,10,True,100+,Name | Card/Transaction,False,Financial Account Information,True,,ambiguous,True,yes,9946,structured_bde,roster_by_rowcount bde_llm_count_roster,False,False,0,0,0,0,0,0,8.701,False,True,True,,True,likely_no,no,5455,True,likely_non_responsive,True,,15401
CNG_Data2k_variance\files\Q00897.01-0000851687.XLS,Q00897.01-0000851687.XLS,.xls,22204,ok,True,True,text,True,1,0,66,False,0,False,50-100,Name | Money/Amount,False,Financial Account Information,False,,ambiguous,True,no,7311,likely_non_responsive,roster_by_rowcount bde_llm_count,False,False,0,0,0,0,0,0,2.821,True,False,False,stage1_nr,False,,,0,False,,False,,7311
CNG_Data2k_variance/files/Q00897.01-0000903153.PDF,Q00897.01-0000903153.PDF,.pdf,20435,ok,True,False,text,False,3,0,1,False,0,False,0-10,Name | Address | Phone | Money/Amount,True,Contact Information | Financial Account Information,False,,ambiguous,True,no,5844,likely_non_responsive,,False,False,0,0,0,0,0,0,1.691,True,False,False,stage1_nr,False,,,0,False,,False,,5844
CNG_Data2k_variance/files/Q00897.01-0000887634.PDF,Q00897.01-0000887634.PDF,.pdf,6242,ok,True,False,text,False,2,0,10,False,10,False,0-10,Name | Phone | Money/Amount,True,Contact Information | Financial Account Information,False,,ambiguous,True,yes,9061,standard,bde_llm_count_roster,False,False,0,0,0,0,0,0,6.188,False,False,True,,True,clear_yes,yes,5055,False,standard,False,,14116
CNG_Data2k_variance/files/Q00897.01-0000346057.PDF,Q00897.01-0000346057.PDF,.pdf,11950,ok,True,False,text,False,2,0,1,False,0,False,0-10,Money/Amount,False,Financial Account Information,False,,clear_non_responsive,False,,0,likely_non_responsive,,False,False,0,0,0,0,0,0,0.115,True,False,False,stage1_nr,False,,,0,False,,False,,0
CNG_Data2k_variance/files/Q00897.01-0000611817.0001.PDF,Q00897.01-0000611817.0001.PDF,.pdf,5380206,ok,True,False,text,False,16,0,14,False,7,False,10-20,Name | Address | Phone | Card Expiry/CVV | Card/Transaction | Money/Amount,True,Contact Information | Financial Account Information,False,,ambiguous,True,yes,18250,standard,"img_ocr:p1,p3,p3,p15,p15,p15,p15(7/20,+892chars) bde_llm_count",False,False,0,20,20,7,0,20,102.18,False,False,True,,True,likely_no,no,9543,False,likely_non_responsive,True,,27793
CNG_Data2k_variance/files/Q00897.01-0000396189.MSG,Q00897.01-0000396189.MSG,.msg,457216,ok,True,False,text,False,0,0,2,False,0,False,0-10,Name | Address | Email | Phone | Money/Amount,True,Contact Information | Financial Account Information,False,,ambiguous,True,no,5210,likely_non_responsive,,False,False,0,0,0,0,0,0,1.891,True,False,False,stage1_nr,False,,,0,False,,False,,5210
CNG_Data2k_variance/files/Q00897.01-0000553610.MSG,Q00897.01-0000553610.MSG,.msg,164864,ok,True,False,text,False,0,0,6,False,0,False,0-10,Name | Email | Phone | Money/Amount,True,Contact Information | Financial Account Information,False,,ambiguous,True,yes,4745,standard,,False,False,0,0,0,0,0,0,3.084,False,False,True,,True,likely_no,no,4803,False,likely_non_responsive,True,,9548
CNG_Data2k_variance/files/Q00897.01-0000835633.MSG,Q00897.01-0000835633.MSG,.msg,990208,ok,True,False,text,False,0,3,9,False,5,False,0-10,Name | Address | Email | Phone | Money/Amount | Health,True,Contact Information | Financial Account Information | Health-Related Information,False,,ambiguous,True,no,8939,likely_non_responsive,bde_llm_count,False,False,0,0,0,0,0,0,4.079,True,False,False,stage1_nr,False,,,0,False,,False,,8939
CNG_Data2k_variance/files/Q00897.01-0000100717.PDF,Q00897.01-0000100717.PDF,.pdf,605769,ok,True,True,text,True,2,0,23,False,0,False,20-50,Address | Money/Amount,True,Contact Information | Financial Account Information,False,,ambiguous,True,no,10069,likely_non_responsive,bde_llm_count,True,True,2,0,0,0,0,1,9.749,True,False,False,stage1_nr,False,,,0,False,,False,,10069
CNG_Data2k_variance/files/Q00897.01-0000841750.0009.PDF,Q00897.01-0000841750.0009.PDF,.pdf,10659,ok,True,False,text,False,3,0,1,False,0,False,0-10,Address | Money/Amount | Work-Related,True,Contact Information | Financial Account Information | Work-Related Information,False,,ambiguous,True,no,5544,likely_non_responsive,,False,False,0,0,0,0,0,0,0.928,True,False,False,stage1_nr,False,,,0,False,,False,,5544
CNG_Data2k_variance/files/Q00897.01-0000466100.MSG,Q00897.01-0000466100.MSG,.msg,90112,ok,True,False,text,False,0,0,8,False,4,False,0-10,Name | Email | Phone | Money/Amount,True,Contact Information | Financial Account Information,False,,ambiguous,True,yes,10947,standard,bde_llm_count,False,False,0,0,0,0,0,0,6.707,False,False,True,,True,likely_no,no,5915,False,likely_non_responsive,True,,16862
CNG_Data2k_variance/files/Q00897.01-0000003729.PDF,Q00897.01-0000003729.PDF,.pdf,57185,ok,True,False,text,False,3,0,1,False,0,False,0-10,Name | Family,True,Family Information,False,,ambiguous,True,yes,3886,standard,,False,False,0,0,0,0,0,0,3.605,False,False,True,,True,borderline,no,3968,False,likely_non_responsive,True,,7854
CNG_Data2k_variance/files/Q00897.01-0000797403.0001.PDF,Q00897.01-0000797403.0001.PDF,.pdf,9024744,ok,True,True,text,True,15,0,50,False,1,False,20-50,Name | Address | Email | Phone | SSN | Card/Transaction | Account Balance | Money/Amount | Health | Work-Related,True,Contact Information | Government-Issued Identification | Financial Account Information | Health-Related Information | Work-Related Information,False,,clear_responsive,False,,8287,standard,bde_llm_count,True,True,15,0,0,0,0,1,9.807,False,False,True,,True,clear_yes,yes,9217,False,standard,False,,17504
CNG_Data2k_variance/files/Q00897.01-0000138039.PDF,Q00897.01-0000138039.PDF,.pdf,247750,ok,True,True,text,True,3,0,59,False,0,False,50-100,Name | Address | Phone | Money/Amount,True,Contact Information | Financial Account Information,False,,ambiguous,True,yes,15045,standard,bde_llm_count,True,True,3,0,0,0,0,1,10.418,False,False,True,,True,likely_no,no,8011,True,likely_non_responsive,True,,23056
CNG_Data2k_variance/files/Q00897.01-0000008810.PDF,Q00897.01-0000008810.PDF,.pdf,97727,ok,True,False,text,False,2,0,0,False,0,False,0-10,,False,,False,,clear_non_responsive,False,,0,likely_non_responsive,,False,False,0,0,0,0,0,0,0.158,True,False,False,stage1_nr,False,,,0,False,,False,,0
CNG_Data2k_variance/files/Q00897.01-0000305987.XLSX,Q00897.01-0000305987.XLSX,.xlsx,155256,ok,True,True,text,True,1,0,312,False,1,False,100+,Name | Email | Work-Related,True,Contact Information | Work-Related Information,False,,ambiguous,True,yes,7209,standard,roster_by_rowcount bde_llm_count,False,False,0,0,0,0,0,0,3.936,False,False,True,,True,likely_yes,yes,4085,True,structured_bde,False,,11294
CNG_Data2k_variance/files/Q00897.01-0000814474.0003.PDF,Q00897.01-0000814474.0003.PDF,.pdf,813991,ok,True,False,text,False,10,0,1,False,0,False,0-10,Money/Amount | Credentials,False,Financial Account Information | Access Credentials,False,,ambiguous,True,no,8490,likely_non_responsive,,True,True,10,0,0,0,0,1,8.187,True,False,False,stage1_nr,False,,,0,False,,False,,8490
CNG_Data2k_variance/files/Q00897.01-0000907336.PDF,Q00897.01-0000907336.PDF,.pdf,24276,ok,True,False,text,False,6,0,1,False,0,False,0-10,Name | Address | Phone,True,Contact Information,False,,ambiguous,True,yes,6527,standard,,False,False,0,0,0,0,0,0,3.847,False,False,True,,True,likely_no,no,6620,False,likely_non_responsive,True,,13147
CNG_Data2k_variance/files/Q00897.01-0000591184.MSG,Q00897.01-0000591184.MSG,.msg,272384,ok,True,False,text,False,0,0,1,False,0,False,0-10,Name | Address | Money/Amount,True,Contact Information | Financial Account Information,False,,ambiguous,True,no,4738,likely_non_responsive,,False,False,0,0,0,0,0,0,2.565,True,False,False,stage1_nr,False,,,0,False,,False,,4738
CNG_Data2k_variance/files/Q00897.01-0000646403.MSG,Q00897.01-0000646403.MSG,.msg,118272,ok,True,False,text,False,0,0,1,False,0,False,0-10,Name | Email | Phone | Bank/Account Number,True,Contact Information | Financial Account Information,False,,ambiguous,True,yes,8073,standard,,False,False,0,0,0,0,0,0,2.406,False,False,True,,True,likely_no,no,8109,False,likely_non_responsive,True,,16182
CNG_Data2k_variance/files/Q00897.01-0000088773.PDF,Q00897.01-0000088773.PDF,.pdf,5957767,ok,True,True,text,True,15,0,185,False,2,False,100+,Name | Address | Email | Phone | Bank/Account Number | Card/Transaction | Money/Amount,True,Contact Information | Financial Account Information,False,,ambiguous,True,yes,24285,standard,bde_llm_count,True,True,15,0,0,0,0,1,15.268,False,False,True,,True,clear_yes,yes,12614,True,structured_bde,False,,36899
CNG_Data2k_variance/files/Q00897.01-0000899006.PDF,Q00897.01-0000899006.PDF,.pdf,12826,ok,True,False,text,False,2,0,1,False,0,False,0-10,Money/Amount,False,Financial Account Information,False,,clear_non_responsive,False,,0,likely_non_responsive,,False,False,0,0,0,0,0,0,0.137,True,False,False,stage1_nr,False,,,0,False,,False,,0
CNG_Data2k_variance/files/Q00897.01-0000100244.DOCX,Q00897.01-0000100244.DOCX,.docx,62434,ok,True,False,text,False,0,0,1,False,0,False,0-10,Money/Amount,False,Financial Account Information,False,,clear_non_responsive,False,,0,likely_non_responsive,,False,False,0,0,0,0,0,0,0.091,True,False,False,stage1_nr,False,,,0,False,,False,,0
CNG_Data2k_variance/files/Q00897.01-0000612769.0001.DOCX,Q00897.01-0000612769.0001.DOCX,.docx,45419,ok,True,False,text,False,0,0,1,False,0,False,0-10,Address | Email | Health,True,Contact Information | Health-Related Information,False,,ambiguous,True,no,7692,likely_non_responsive,,False,False,0,0,0,0,0,0,4.57,True,False,False,stage1_nr,False,,,0,False,,False,,7692
CNG_Data2k_variance/files/Q00897.01-0000803339.0001.VCF,Q00897.01-0000803339.0001.VCF,.vcf,384,no_parser,False,False,unknown,False,0,0,0,False,0,False,,,False,,False,,,False,,0,needs_parser,unsupported_ext,False,False,0,0,0,0,0,0,0.0,False,False,False,no_parser,False,,,0,False,,False,,0
CNG_Data2k_variance/files/Q00897.01-0000810216.MSG,Q00897.01-0000810216.MSG,.msg,80384,error,False,False,,False,0,0,0,False,0,False,,,False,,False,,,False,,0,review_error,KeyError,False,False,0,0,0,0,0,0,1.061,False,False,False,extract_error,False,,,0,False,,False,,0
CNG_Data2k_variance/files/Q00897.01-0000110954.XLSX,Q00897.01-0000110954.XLSX,.xlsx,22008,ok,True,True,text,True,1,0,175,False,0,True,100+,Phone | Money/Amount,True,Contact Information | Financial Account Information,True,,ambiguous,True,no,11698,structured_bde,roster_by_rowcount bde_llm_count_roster,False,False,0,0,0,0,0,0,6.352,False,True,True,,True,clear_no,no,6329,True,likely_non_responsive,True,,18027
CNG_Data2k_variance/files/Q00897.01-0000669947.0002.PDF,Q00897.01-0000669947.0002.PDF,.pdf,6506,ok,True,False,text,False,5,0,6,False,0,False,0-10,Name | Address | Phone | Bank/Account Number | Money/Amount,True,Contact Information | Financial Account Information,False,,ambiguous,True,yes,5026,standard,,False,False,0,0,0,0,0,0,3.171,False,False,True,,True,clear_no,no,5134,False,likely_non_responsive,True,,10160
CNG_Data2k_variance/files/Q00897.01-0000473334.MSG,Q00897.01-0000473334.MSG,.msg,387072,ok,True,False,text,False,0,1,5,False,0,False,0-10,Name | Address | Email | Phone | Money/Amount,True,Contact Information | Financial Account Information,False,,ambiguous,True,yes,5006,standard,,False,False,0,0,0,0,0,0,3.645,False,False,True,,True,likely_no,no,5070,False,likely_non_responsive,True,,10076
CNG_Data2k_variance/files/Q00897.01-0000572004.MSG,Q00897.01-0000572004.MSG,.msg,136192,ok,True,False,text,False,0,0,1,False,0,False,0-10,Name | Email,True,Contact Information,False,,ambiguous,True,yes,3958,standard,,False,False,0,0,0,0,0,0,3.652,False,False,True,,True,likely_yes,yes,4054,False,standard,False,,8012
CNG_Data2k_variance/files/Q00897.01-0000264934.CSV,Q00897.01-0000264934.CSV,.csv,437320,ok,True,True,text,True,0,0,66,False,0,False,50-100,,False,,False,,ambiguous,True,no,11471,likely_non_responsive,bde_llm_count,False,False,0,0,0,0,0,0,2.813,True,False,False,stage1_nr,False,,,0,False,,False,,11471
CNG_Data2k_variance/files/Q00897.01-0000534390.0001.PDF,Q00897.01-0000534390.0001.PDF,.pdf,20970,ok,True,False,text,False,1,0,0,False,0,False,0-10,,False,,False,,clear_non_responsive,False,,0,likely_non_responsive,,False,False,0,0,0,0,0,0,0.023,True,False,False,stage1_nr,False,,,0,False,,False,,0
CNG_Data2k_variance/files/Q00897.01-0000686536.MSG,Q00897.01-0000686536.MSG,.msg,153088,ok,True,False,text,False,0,0,1,False,0,False,0-10,Name | Email | Card/Transaction | Money/Amount,True,Contact Information | Financial Account Information,False,,ambiguous,True,no,4121,likely_non_responsive,,False,False,0,0,0,0,0,0,1.688,True,False,False,stage1_nr,False,,,0,False,,False,,4121
CNG_Data2k_variance/files/Q00897.01-0000843209.MSG,Q00897.01-0000843209.MSG,.msg,33792,error,False,False,,False,0,0,0,False,0,False,,,False,,False,,,False,,0,review_error,KeyError,False,False,0,0,0,0,0,0,0.39,False,False,False,extract_error,False,,,0,False,,False,,0
CNG_Data2k_variance/files/Q00897.01-0000896515.PDF,Q00897.01-0000896515.PDF,.pdf,13008,ok,True,False,text,False,2,0,1,False,0,False,0-10,Money/Amount,False,Financial Account Information,False,,clear_non_responsive,False,,0,likely_non_responsive,,False,False,0,0,0,0,0,0,0.136,True,False,False,stage1_nr,False,,,0,False,,False,,0
CNG_Data2k_variance/files/Q00897.01-0000011862.PDF,Q00897.01-0000011862.PDF,.pdf,256743,ok,True,True,text,True,1,0,2,False,1,False,0-10,Name | Email | Work-Related,True,Contact Information | Work-Related Information,False,,ambiguous,True,yes,7193,standard,bde_llm_count,True,True,1,0,0,0,0,1,8.977,False,False,True,,True,likely_yes,yes,4064,False,standard,False,,11257
CNG_Data2k_variance/files/Q00897.01-0000538971.MSG,Q00897.01-0000538971.MSG,.msg,267264,ok,True,False,text,False,0,0,9,False,2,False,0-10,Name | Address | Email | Phone,True,Contact Information,False,,ambiguous,True,yes,13594,standard,bde_llm_count,False,False,0,0,0,0,0,0,8.914,False,False,True,,True,borderline,no,7246,False,likely_non_responsive,True,,20840
CNG_Data2k_variance/files/Q00897.01-0000120021.PDF,Q00897.01-0000120021.PDF,.pdf,92782,ok,True,False,text,False,1,0,50,False,51,True,20-50,Name | Phone | Payment Card,True,Contact Information | Financial Account Information,True,,ambiguous,True,yes,9876,bde,bde_llm_count_roster,False,False,0,0,0,0,0,0,8.285,False,True,True,,True,clear_yes,yes,5475,False,standard,False,,15351
CNG_Data2k_variance/files/Q00897.01-0000000400.PDF,Q00897.01-0000000400.PDF,.pdf,115606,ok,True,False,text,False,4,0,1,False,0,False,0-10,Address | Phone | SSN | Money/Amount | Work-Related,True,Contact Information | Government-Issued Identification | Financial Account Information | Work-Related Information,False,,clear_responsive,False,,0,standard,"img_ocr:none(1 calls,0 chars)",False,False,0,1,1,0,0,1,6.559,False,False,True,,True,clear_yes,yes,13283,False,standard,False,,13283
CNG_Data2k_variance/files/Q00897.01-0000907809.PDF,Q00897.01-0000907809.PDF,.pdf,2294716,ok,True,False,text,False,466,0,386,False,386,True,100+,Name | Address | Phone | SSN | Payment Card | Money/Amount | Work-Related,True,Contact Information | Government-Issued Identification | Financial Account Information | Work-Related Information,True,,clear_responsive,False,,12857,bde,"img_ocr:p1,p1,p1,p1,p1,p4,p4,p11,p28,p29,p31,p32(12/13,+311chars) bde_llm_count_roster",False,False,0,13,13,12,0,13,75.816,False,True,True,,True,clear_yes,yes,13924,True,bde,False,,26781
CNG_Data2k_variance/files/Q00897.01-0000007625.CSV,Q00897.01-0000007625.CSV,.csv,3738073,ok,True,True,text,True,0,0,23160,False,4,True,100+,SSN | Money/Amount,True,Government-Issued Identification | Financial Account Information,True,,clear_responsive,False,,6098,structured_bde,bde_llm_count_roster,False,False,0,0,0,0,0,0,3.61,False,True,True,,True,clear_yes,yes,6929,True,structured_bde,False,,13027
CNG_Data2k_variance/files/Q00897.01-0000132491.PDF,Q00897.01-0000132491.PDF,.pdf,128857,ok,True,True,text,True,1,0,39,False,0,False,20-50,Phone | Money/Amount,True,Contact Information | Financial Account Information,False,,ambiguous,True,no,7486,likely_non_responsive,bde_llm_count,True,True,1,0,0,0,0,1,12.702,True,False,False,stage1_nr,False,,,0,False,,False,,7486
CNG_Data2k_variance/files/Q00897.01-0000767000.0002.DOCX,Q00897.01-0000767000.0002.DOCX,.docx,533104,ok,True,False,text,False,0,0,2,False,0,False,0-10,Name | Address | Phone | Money/Amount | Work-Related,True,Contact Information | Financial Account Information | Work-Related Information,False,,ambiguous,True,yes,8146,standard,,False,False,0,0,0,0,0,0,3.498,False,False,True,,True,borderline,no,8256,False,likely_non_responsive,True,,16402
CNG_Data2k_variance/files/Q00897.01-0000596903.0001.PDF,Q00897.01-0000596903.0001.PDF,.pdf,20967,ok,True,False,text,False,1,0,0,False,0,False,0-10,,False,,False,,clear_non_responsive,False,,0,likely_non_responsive,,False,False,0,0,0,0,0,0,0.027,True,False,False,stage1_nr,False,,,0,False,,False,,0
CNG_Data2k_variance/files/Q00897.01-0000652569.0001.PDF,Q00897.01-0000652569.0001.PDF,.pdf,43109,ok,True,False,text,False,1,0,4,False,0,False,0-10,Name | Address | Money/Amount,True,Contact Information | Financial Account Information,False,,ambiguous,True,yes,4138,standard,,False,False,0,0,0,0,0,0,3.07,False,False,True,,True,clear_no,no,4218,False,likely_non_responsive,True,,8356
CNG_Data2k_variance/files/Q00897.01-0000463660.0001.PDF,Q00897.01-0000463660.0001.PDF,.pdf,36187,ok,True,False,text,False,12,0,38,False,38,False,20-50,Name | Card/Transaction | Money/Amount | Health,False,Financial Account Information | Health-Related Information,False,,ambiguous,True,yes,24828,standard,bde_llm_count_roster,False,False,0,0,0,0,0,0,12.16,False,False,True,,True,likely_no,no,12969,False,likely_non_responsive,True,,37797
CNG_Data2k_variance\files\Q00897.01-0000127553.XLS,Q00897.01-0000127553.XLS,.xls,39360,ok,True,True,text,True,2,0,136,False,0,False,100+,,False,,False,,ambiguous,True,no,7553,likely_non_responsive,roster_by_rowcount bde_llm_count,False,False,0,0,0,0,0,0,2.329,True,False,False,stage1_nr,False,,,0,False,,False,,7553
CNG_Data2k_variance/files/Q00897.01-0000845103.0002.PDF,Q00897.01-0000845103.0002.PDF,.pdf,158947,ok,True,False,text,False,49,0,2,False,0,False,0-10,Name | Address | Phone | Money/Amount | Health | Work-Related,True,Contact Information | Financial Account Information | Health-Related Information | Work-Related Information,False,,ambiguous,True,no,8429,likely_non_responsive,,False,False,0,0,0,0,0,0,2.045,True,False,False,stage1_nr,False,,,0,False,,False,,8429
CNG_Data2k_variance/files/Q00897.01-0000819505.MSG,Q00897.01-0000819505.MSG,.msg,536064,ok,True,False,text,False,0,1,8,False,6,False,0-10,Name | Address | Email | Phone | Money/Amount,True,Contact Information | Financial Account Information,False,,ambiguous,True,yes,20252,standard,bde_llm_count,False,False,0,0,0,0,0,0,34.894,False,False,True,,True,likely_no,no,10580,False,likely_non_responsive,True,,30832
CNG_Data2k_variance/files/Q00897.01-0000876141.PDF,Q00897.01-0000876141.PDF,.pdf,4340093,ok,True,True,text,True,3,0,45,False,0,False,20-50,Address | Phone | Money/Amount,True,Contact Information | Financial Account Information,False,,ambiguous,True,no,8858,likely_non_responsive,bde_llm_count,True,True,3,0,0,0,0,1,7.796,True,False,False,stage1_nr,False,,,0,False,,False,,8858
CNG_Data2k_variance/files/Q00897.01-0000438450.0003.PDF,Q00897.01-0000438450.0003.PDF,.pdf,351353,ok,True,False,text,False,11,0,1,False,0,False,0-10,Name | Money/Amount,True,Financial Account Information,False,,ambiguous,True,no,6734,likely_non_responsive,"img_ocr:p1,p4(2/2,+51chars)",False,False,0,2,2,2,0,2,10.893,True,False,False,stage1_nr,False,,,0,False,,False,,6734
CNG_Data2k_variance/files/Q00897.01-0000841758.0018.PDF,Q00897.01-0000841758.0018.PDF,.pdf,24133,ok,True,False,text,False,9,0,1,False,0,False,0-10,Card/Transaction | Money/Amount | Work-Related,False,Financial Account Information | Work-Related Information,False,,ambiguous,True,no,11300,likely_non_responsive,,False,False,0,0,0,0,0,0,1.207,True,False,False,stage1_nr,False,,,0,False,,False,,11300
CNG_Data2k_variance/files/Q00897.01-0000554886.MSG,Q00897.01-0000554886.MSG,.msg,116224,ok,True,False,text,False,0,0,10,False,9,False,0-10,Name | Email | Phone | Money/Amount,True,Contact Information | Financial Account Information,False,,ambiguous,True,no,8348,likely_non_responsive,bde_llm_count,False,False,0,0,0,0,0,0,4.801,True,False,False,stage1_nr,False,,,0,False,,False,,8348
CNG_Data2k_variance/files/Q00897.01-0000532454.0001.PDF,Q00897.01-0000532454.0001.PDF,.pdf,22733,ok,True,False,text,False,1,0,1,False,0,False,0-10,Money/Amount,False,Financial Account Information,False,,clear_non_responsive,False,,0,likely_non_responsive,,False,False,0,0,0,0,0,0,0.032,True,False,False,stage1_nr,False,,,0,False,,False,,0
CNG_Data2k_variance/files/Q00897.01-0000438807.MSG,Q00897.01-0000438807.MSG,.msg,161280,ok,True,False,text,False,0,1,15,False,10,False,10-20,Name | Address | Email | Phone | Money/Amount,True,Contact Information | Financial Account Information,False,,ambiguous,True,yes,15008,standard,bde_llm_count,False,False,0,0,0,0,0,0,7.478,False,False,True,,True,likely_no,no,7986,False,likely_non_responsive,True,,22994
CNG_Data2k_variance/files/Q00897.01-0000760191.MSG,Q00897.01-0000760191.MSG,.msg,70656,ok,True,False,text,False,0,0,1,False,0,False,0-10,Address | Email,True,Contact Information,False,,ambiguous,True,no,3843,likely_non_responsive,,False,False,0,0,0,0,0,0,1.906,True,False,False,stage1_nr,False,,,0,False,,False,,3843
CNG_Data2k_variance/files/Q00897.01-0000283622.MSG,Q00897.01-0000283622.MSG,.msg,143360,ok,True,False,text,False,0,0,3,False,0,False,0-10,Name | Email,True,Contact Information,False,,ambiguous,True,yes,5070,standard,,False,False,0,0,0,0,0,0,2.497,False,False,True,,True,likely_yes,yes,5129,False,standard,False,,10199
CNG_Data2k_variance/files/Q00897.01-0000258613.0001.PDF,Q00897.01-0000258613.0001.PDF,.pdf,281442,ok,True,False,text,False,3,0,1,False,0,False,0-10,Name | Address | Bank/Account Number | Money/Amount,True,Contact Information | Financial Account Information,False,,ambiguous,True,yes,4356,standard,"img_ocr:p2(1/1,+292chars)",False,False,0,1,1,1,0,1,7.236,False,False,True,,True,likely_no,no,4402,False,likely_non_responsive,True,,8758
CNG_Data2k_variance/files/Q00897.01-0000468990.MSG,Q00897.01-0000468990.MSG,.msg,60416,ok,True,False,text,False,0,0,4,False,0,False,0-10,Name | Address | Email | Phone,True,Contact Information,False,,ambiguous,True,no,4223,likely_non_responsive,,False,False,0,0,0,0,0,0,1.419,True,False,False,stage1_nr,False,,,0,False,,False,,4223
CNG_Data2k_variance/files/Q00897.01-0000459618.0001.PDF,Q00897.01-0000459618.0001.PDF,.pdf,42109,ok,True,False,text,False,14,0,34,False,18,False,20-50,Name | Address | Phone | Card/Transaction | Money/Amount,True,Contact Information | Financial Account Information,False,,ambiguous,True,yes,27851,standard,bde_llm_count,False,False,0,0,0,0,0,0,9.893,False,False,True,,True,clear_no,no,14197,False,likely_non_responsive,True,,42048
CNG_Data2k_variance/files/Q00897.01-0000367948.MSG,Q00897.01-0000367948.MSG,.msg,256512,ok,True,False,text,False,0,0,9,False,0,False,0-10,Name | Address | Email,True,Contact Information,False,,ambiguous,True,yes,7815,standard,bde_llm_count,False,False,0,0,0,0,0,0,64.161,False,False,True,,True,likely_no,no,4383,False,likely_non_responsive,True,,12198
CNG_Data2k_variance/files/Q00897.01-0000845448.0003.PDF,Q00897.01-0000845448.0003.PDF,.pdf,224601,ok,True,True,text,True,4,0,29,False,0,False,20-50,Name | Address | Email | Phone | Money/Amount,True,Contact Information | Financial Account Information,False,,ambiguous,True,yes,11423,standard,bde_llm_count,True,True,4,0,0,0,0,1,13.709,False,False,True,,True,likely_yes,yes,6160,False,standard,False,,17583
CNG_Data2k_variance/files/Q00897.01-0000283853.PDF,Q00897.01-0000283853.PDF,.pdf,16501,ok,True,False,text,False,1,0,2,False,0,False,0-10,Name | Email | Phone | Money/Amount,True,Contact Information | Financial Account Information,False,,ambiguous,True,yes,4009,standard,,False,False,0,0,0,0,0,0,2.529,False,False,True,,True,likely_no,no,4065,False,likely_non_responsive,True,,8074
CNG_Data2k_variance/files/Q00897.01-0000546809.MSG,Q00897.01-0000546809.MSG,.msg,117248,ok,True,False,text,False,0,0,3,False,0,False,0-10,Name | Address | Email | Phone,True,Contact Information,False,,ambiguous,True,no,4126,likely_non_responsive,,False,False,0,0,0,0,0,0,1.552,True,False,False,stage1_nr,False,,,0,False,,False,,4126
CNG_Data2k_variance/files/Q00897.01-0000390053.MSG,Q00897.01-0000390053.MSG,.msg,80384,ok,True,False,text,False,0,0,2,False,0,False,0-10,Name | Email,True,Contact Information,False,,ambiguous,True,yes,3902,standard,,False,False,0,0,0,0,0,0,3.49,False,False,True,,True,borderline,no,3980,False,likely_non_responsive,True,,7882
CNG_Data2k_variance/files/Q00897.01-0000008669.PDF,Q00897.01-0000008669.PDF,.pdf,46268,ok,True,True,text,True,2,0,37,False,1,False,20-50,Name | Address | Money/Amount | Work-Related,True,Contact Information | Financial Account Information | Work-Related Information,False,,ambiguous,True,yes,9237,standard,bde_llm_count,True,True,2,0,0,0,0,1,10.183,False,False,True,,True,clear_yes,yes,5069,False,standard,False,,14306
CNG_Data2k_variance/files/Q00897.01-0000459088.MSG,Q00897.01-0000459088.MSG,.msg,232960,ok,True,False,text,False,0,0,5,False,0,False,0-10,Name | Address | Email | Phone | Money/Amount,True,Contact Information | Financial Account Information,False,,ambiguous,True,yes,5325,standard,,False,False,0,0,0,0,0,0,3.59,False,False,True,,True,likely_yes,yes,5376,False,standard,False,,10701
CNG_Data2k_variance/files/Q00897.01-0000773701.MSG,Q00897.01-0000773701.MSG,.msg,72192,ok,True,False,text,False,0,0,1,False,0,False,0-10,Name | Email | Phone | Money/Amount,True,Contact Information | Financial Account Information,False,,ambiguous,True,yes,4699,standard,,False,False,0,0,0,0,0,0,4.497,False,False,True,,True,clear_yes,yes,4752,False,standard,False,,9451
CNG_Data2k_variance/files/Q00897.01-0000483658.MSG,Q00897.01-0000483658.MSG,.msg,29184,ok,True,False,text,False,0,0,2,False,0,False,0-10,Name | Address | Email | Phone | Money/Amount | Work-Related,True,Contact Information | Financial Account Information | Work-Related Information,False,,ambiguous,True,yes,4577,standard,,False,False,0,0,0,0,0,0,2.869,False,False,True,,True,likely_yes,yes,4625,False,standard,False,,9202
CNG_Data2k_variance/files/Q00897.01-0000809680.0002.DOCX,Q00897.01-0000809680.0002.DOCX,.docx,64561,ok,True,False,text,False,0,0,0,False,0,False,0-10,,False,,False,,clear_non_responsive,False,,0,likely_non_responsive,,False,False,0,0,0,0,0,0,0.078,True,False,False,stage1_nr,False,,,0,False,,False,,0
CNG_Data2k_variance/files/Q00897.01-0000896659.PDF,Q00897.01-0000896659.PDF,.pdf,12907,ok,True,False,text,False,2,0,1,False,0,False,0-10,Money/Amount,False,Financial Account Information,False,,clear_non_responsive,False,,0,likely_non_responsive,,False,False,0,0,0,0,0,0,0.133,True,False,False,stage1_nr,False,,,0,False,,False,,0
CNG_Data2k_variance/files/Q00897.01-0000860934.XLSX,Q00897.01-0000860934.XLSX,.xlsx,390141,ok,True,True,text,True,8,0,3043,False,3043,True,100+,Name | Phone | Money/Amount | Work-Related,True,Contact Information | Financial Account Information | Work-Related Information,True,,ambiguous,True,yes,8515,structured_bde,roster_by_rowcount bde_llm_count_roster,False,False,0,0,0,0,0,0,5.98,False,True,True,,True,likely_yes,yes,4729,True,structured_bde,False,,13244
CNG_Data2k_variance/files/Q00897.01-0000112388.XLSX,Q00897.01-0000112388.XLSX,.xlsx,248213,ok,True,True,text,True,1,0,138,False,0,False,100+,Phone | Payment Card | Money/Amount,True,Contact Information | Financial Account Information,False,,ambiguous,True,no,32794,likely_non_responsive,bde_llm_count,False,False,0,0,0,0,0,0,3.113,True,False,False,stage1_nr,False,,,0,False,,False,,32794
CNG_Data2k_variance/files/Q00897.01-0000662248.0003.PDF,Q00897.01-0000662248.0003.PDF,.pdf,78427,ok,True,False,text,False,1,0,1,False,0,False,0-10,Name | Address,True,Contact Information,False,,ambiguous,True,yes,5061,standard,,False,False,0,0,0,0,0,0,3.563,False,False,True,,True,likely_yes,yes,5134,False,standard,False,,10195
CNG_Data2k_variance\files\Q00897.01-0000787229.0005.DOC,Q00897.01-0000787229.0005.DOC,.doc,30485,ok,True,False,text,False,0,0,1,False,0,False,0-10,Money/Amount | Health,False,Financial Account Information | Health-Related Information,False,,ambiguous,True,no,6196,likely_non_responsive,,False,False,0,0,0,0,0,0,3.487,True,False,False,stage1_nr,False,,,0,False,,False,,6196
CNG_Data2k_variance/files/Q00897.01-0000904703.PDF,Q00897.01-0000904703.PDF,.pdf,17775,ok,True,True,text,True,2,0,30,False,2,False,20-50,Name | Address | Phone | Money/Amount,True,Contact Information | Financial Account Information,False,,ambiguous,True,yes,8302,standard,bde_llm_count,True,True,2,0,0,0,0,1,10.166,False,False,True,,True,clear_yes,yes,4597,False,standard,False,,12899
CNG_Data2k_variance/files/Q00897.01-0000669368.0002.PDF,Q00897.01-0000669368.0002.PDF,.pdf,9945,ok,True,False,text,False,9,0,6,False,0,False,0-10,Address | Phone | Bank/Account Number | Money/Amount,True,Contact Information | Financial Account Information,False,,ambiguous,True,no,4663,likely_non_responsive,,False,False,0,0,0,0,0,0,1.503,True,False,False,stage1_nr,False,,,0,False,,False,,4663
CNG_Data2k_variance/files/Q00897.01-0000892112.PDF,Q00897.01-0000892112.PDF,.pdf,11938,ok,True,False,text,False,1,0,0,False,0,False,0-10,,False,,False,,clear_non_responsive,False,,0,likely_non_responsive,,False,False,0,0,0,0,0,0,0.034,True,False,False,stage1_nr,False,,,0,False,,False,,0
CNG_Data2k_variance/files/Q00897.01-0000841718.0033.PDF,Q00897.01-0000841718.0033.PDF,.pdf,19237,ok,True,False,text,False,9,0,1,False,0,False,0-10,Card/Transaction | Money/Amount | Work-Related,False,Financial Account Information | Work-Related Information,False,,ambiguous,True,no,11066,likely_non_responsive,,False,False,0,0,0,0,0,0,1.764,True,False,False,stage1_nr,False,,,0,False,,False,,11066
CNG_Data2k_variance/files/Q00897.01-0000625997.MSG,Q00897.01-0000625997.MSG,.msg,55808,ok,True,False,text,False,0,1,8,False,7,False,0-10,Name | Address | Email | Phone,True,Contact Information,False,,ambiguous,True,yes,8839,standard,bde_llm_count,False,False,0,0,0,0,0,0,5.137,False,False,True,,True,likely_yes,yes,4925,False,standard,False,,13764
CNG_Data2k_variance/files/Q00897.01-0000846740.0001.XLSX,Q00897.01-0000846740.0001.XLSX,.xlsx,12753,ok,True,True,text,True,3,0,1,False,0,False,0-10,Phone | Money/Amount,True,Contact Information | Financial Account Information,False,,ambiguous,True,no,7170,likely_non_responsive,bde_llm_count,False,False,0,0,0,0,0,0,61.291,True,False,False,stage1_nr,False,,,0,False,,False,,7170
CNG_Data2k_variance/files/Q00897.01-0000526829.0001.PDF,Q00897.01-0000526829.0001.PDF,.pdf,22671,ok,True,False,text,False,1,0,1,False,0,False,0-10,Money/Amount,False,Financial Account Information,False,,clear_non_responsive,False,,0,likely_non_responsive,,False,False,0,0,0,0,0,0,0.031,True,False,False,stage1_nr,False,,,0,False,,False,,0
CNG_Data2k_variance/files/Q00897.01-0000401737.MSG,Q00897.01-0000401737.MSG,.msg,95744,ok,True,False,text,False,0,0,3,False,0,False,0-10,Name | Address | Email,True,Contact Information,False,,ambiguous,True,yes,4141,standard,,False,False,0,0,0,0,0,0,3.035,False,False,True,,True,clear_yes,yes,4159,False,standard,False,,8300
CNG_Data2k_variance/files/Q00897.01-0000664833.MSG,Q00897.01-0000664833.MSG,.msg,144896,ok,True,False,text,False,0,3,10,False,3,False,0-10,Name | Address | Email | Phone | Money/Amount,True,Contact Information | Financial Account Information,False,,ambiguous,True,no,7688,likely_non_responsive,bde_llm_count,False,False,0,0,0,0,0,0,3.92,True,False,False,stage1_nr,False,,,0,False,,False,,7688
CNG_Data2k_variance/files/Q00897.01-0000248674.PDF,Q00897.01-0000248674.PDF,.pdf,206211,ok,True,False,text,False,1,0,1,False,0,False,0-10,Name | Phone | Money/Amount,True,Contact Information | Financial Account Information,False,,ambiguous,True,no,3887,likely_non_responsive,"img_ocr:p1(1/1,+19chars)",False,False,0,1,1,1,0,1,5.489,True,False,False,stage1_nr,False,,,0,False,,False,,3887
CNG_Data2k_variance/files/Q00897.01-0000304947.XLSX,Q00897.01-0000304947.XLSX,.xlsx,58751,ok,True,True,text,True,5,0,728,False,0,False,100+,Address | Phone | Money/Amount,True,Contact Information | Financial Account Information,False,,ambiguous,True,no,8180,likely_non_responsive,roster_by_rowcount bde_llm_count,False,False,0,0,0,0,0,0,2.36,True,False,False,stage1_nr,False,,,0,False,,False,,8180
CNG_Data2k_variance/files/Q00897.01-0000908429.PDF,Q00897.01-0000908429.PDF,.pdf,12326,ok,True,False,text,False,1,0,0,False,0,False,0-10,,False,,False,,clear_non_responsive,False,,0,likely_non_responsive,,False,False,0,0,0,0,0,0,0.04,True,False,False,stage1_nr,False,,,0,False,,False,,0
CNG_Data2k_variance/files/Q00897.01-0000404450.0001.XLSX,Q00897.01-0000404450.0001.XLSX,.xlsx,134148,ok,True,True,text,True,6,0,425,False,0,False,100+,Name | Phone | Payment Card | Money/Amount,True,Contact Information | Financial Account Information,False,,ambiguous,True,no,9465,likely_non_responsive,bde_llm_count,False,False,0,0,0,0,0,0,2.95,True,False,False,stage1_nr,False,,,0,False,,False,,9465
CNG_Data2k_variance/files/Q00897.01-0000097964.PDF,Q00897.01-0000097964.PDF,.pdf,125595,ok,True,False,text,False,2,0,2,False,0,False,0-10,Name | Address | Money/Amount,True,Contact Information | Financial Account Information,False,,ambiguous,True,no,4563,likely_non_responsive,,False,False,0,0,0,0,0,0,1.683,True,False,False,stage1_nr,False,,,0,False,,False,,4563
CNG_Data2k_variance/files/Q00897.01-0000914984.PDF,Q00897.01-0000914984.PDF,.pdf,365936,ok,True,True,text,True,1,0,8,False,1,False,0-10,Name | Email | Money/Amount | Work-Related,True,Contact Information | Financial Account Information | Work-Related Information,False,,ambiguous,True,yes,7205,standard,bde_llm_count,True,True,1,0,0,0,0,1,10.624,False,False,True,,True,likely_yes,yes,4092,False,standard,False,,11297
CNG_Data2k_variance/files/Q00897.01-0000450318.MSG,Q00897.01-0000450318.MSG,.msg,146432,ok,True,False,text,False,0,0,4,False,0,False,0-10,Name | Address | Email | Money/Amount | Credentials,True,Contact Information | Financial Account Information | Access Credentials,False,,ambiguous,True,yes,4865,standard,,False,False,0,0,0,0,0,0,3.582,False,False,True,,True,likely_yes,yes,4954,False,standard,False,,9819
CNG_Data2k_variance/files/Q00897.01-0000701122.MSG,Q00897.01-0000701122.MSG,.msg,291840,ok,True,False,text,False,0,0,1,False,0,False,0-10,Address | Email,True,Contact Information,False,,ambiguous,True,no,4522,likely_non_responsive,,False,False,0,0,0,0,0,0,4.248,True,False,False,stage1_nr,False,,,0,False,,False,,4522
CNG_Data2k_variance/files/Q00897.01-0000672558.MSG,Q00897.01-0000672558.MSG,.msg,155648,ok,True,False,text,False,0,1,1,False,0,False,0-10,Name | Money/Amount,True,Financial Account Information,False,,ambiguous,True,no,3832,likely_non_responsive,,False,False,0,0,0,0,0,0,1.381,True,False,False,stage1_nr,False,,,0,False,,False,,3832
CNG_Data2k_variance/files/Q00897.01-0000013917.PDF,Q00897.01-0000013917.PDF,.pdf,256388,ok,True,False,text,False,1,0,1,False,0,False,0-10,Money/Amount,False,Financial Account Information,False,,clear_non_responsive,False,,0,likely_non_responsive,,False,False,0,0,0,0,0,0,0.115,True,False,False,stage1_nr,False,,,0,False,,False,,0
CNG_Data2k_variance/files/Q00897.01-0000485139.MSG,Q00897.01-0000485139.MSG,.msg,29184,ok,True,False,text,False,0,0,1,False,0,False,0-10,Name | Money/Amount | Work-Related,False,Financial Account Information | Work-Related Information,False,,ambiguous,True,yes,4357,standard,,False,False,0,0,0,0,0,0,2.698,False,False,True,,True,likely_no,no,4450,False,likely_non_responsive,True,,8807
CNG_Data2k_variance/files/Q00897.01-0000457960.0001.PDF,Q00897.01-0000457960.0001.PDF,.pdf,163541,ok,True,False,text,False,1,0,2,False,0,False,0-10,Name | Phone,True,Contact Information,False,,ambiguous,True,no,3934,likely_non_responsive,"img_ocr:p1(1/1,+16chars)",False,False,0,1,1,1,0,1,5.687,True,False,False,stage1_nr,False,,,0,False,,False,,3934
CNG_Data2k_variance/files/Q00897.01-0000016300.PDF,Q00897.01-0000016300.PDF,.pdf,954213,ok,True,False,text,False,1,0,3,False,0,False,0-10,Name | Address | Email | Phone | SSN | Work-Related,True,Contact Information | Government-Issued Identification | Work-Related Information,False,,clear_responsive,False,,0,standard,,False,False,0,0,0,0,0,0,1.815,False,False,True,,True,clear_yes,yes,8148,False,standard,False,,8148
CNG_Data2k_variance/files/Q00897.01-0000860830.PDF,Q00897.01-0000860830.PDF,.pdf,218235,ok,True,True,text,True,1,0,16,False,1,False,10-20,Name | Email | Phone,True,Contact Information,False,,ambiguous,True,yes,7584,standard,bde_llm_count,True,True,1,0,0,0,0,1,12.192,False,False,True,,True,likely_yes,yes,4247,False,standard,False,,11831
CNG_Data2k_variance/files/Q00897.01-0000010880.PDF,Q00897.01-0000010880.PDF,.pdf,59238,ok,True,False,text,False,1,0,0,False,0,False,0-10,,False,,False,,clear_non_responsive,False,,0,likely_non_responsive,,False,False,0,0,0,0,0,0,0.036,True,False,False,stage1_nr,False,,,0,False,,False,,0
CNG_Data2k_variance\files\Q00897.01-0000480219.0002.DOC,Q00897.01-0000480219.0002.DOC,.doc,50889,ok,True,False,text,False,0,0,1,False,0,False,0-10,Name | Money/Amount | Work-Related,True,Financial Account Information | Work-Related Information,False,,ambiguous,True,no,8544,likely_non_responsive,,False,False,0,0,0,0,0,0,1.623,True,False,False,stage1_nr,False,,,0,False,,False,,8544
CNG_Data2k_variance/files/Q00897.01-0000471241.0001.0008.XLSX,Q00897.01-0000471241.0001.0008.XLSX,.xlsx,1144293,ok,True,True,text,True,31,0,541,False,0,False,100+,Phone | Money/Amount,True,Contact Information | Financial Account Information,False,,ambiguous,True,no,11168,likely_non_responsive,bde_llm_count,False,False,0,0,0,0,0,0,3.692,True,False,False,stage1_nr,False,,,0,False,,False,,11168
CNG_Data2k_variance/files/Q00897.01-0000535881.0001.PDF,Q00897.01-0000535881.0001.PDF,.pdf,20966,ok,True,False,text,False,1,0,0,False,0,False,0-10,,False,,False,,clear_non_responsive,False,,0,likely_non_responsive,,False,False,0,0,0,0,0,0,0.022,True,False,False,stage1_nr,False,,,0,False,,False,,0
CNG_Data2k_variance/files/Q00897.01-0000516703.MSG,Q00897.01-0000516703.MSG,.msg,62464,ok,True,False,text,False,0,2,10,False,6,False,0-10,Name | Address | Email | Phone,True,Contact Information,False,,ambiguous,True,yes,13321,standard,bde_llm_count,False,False,0,0,0,0,0,0,6.742,False,False,True,,True,likely_no,no,7100,False,likely_non_responsive,True,,20421
CNG_Data2k_variance/files/Q00897.01-0000893649.PDF,Q00897.01-0000893649.PDF,.pdf,22414,ok,True,False,text,False,6,0,1,False,0,False,0-10,Address | Phone | Money/Amount,True,Contact Information | Financial Account Information,False,,ambiguous,True,no,6247,likely_non_responsive,,False,False,0,0,0,0,0,0,1.582,True,False,False,stage1_nr,False,,,0,False,,False,,6247
CNG_Data2k_variance/files/Q00897.01-0000412561.MSG,Q00897.01-0000412561.MSG,.msg,242176,ok,True,False,text,False,0,0,1,False,0,False,0-10,Name | Address | Email | Credentials,True,Contact Information | Access Credentials,False,,ambiguous,True,yes,4618,standard,,False,False,0,0,0,0,0,0,4.189,False,False,True,,True,likely_no,no,4661,False,likely_non_responsive,True,,9279
CNG_Data2k_variance/files/Q00897.01-0000274581.PDF,Q00897.01-0000274581.PDF,.pdf,55082,ok,True,True,text,True,2,0,18,False,1,False,10-20,Name | Address | Phone | Date of Birth | Card Expiry/CVV | Card/Transaction | Money/Amount | Health,True,Contact Information | Birth Information | Financial Account Information | Health-Related Information,False,,ambiguous,True,yes,7816,standard,bde_llm_count,True,True,2,0,0,0,0,1,10.67,False,False,True,,True,clear_yes,yes,4376,False,standard,False,,12192
CNG_Data2k_variance/files/Q00897.01-0000344519.PDF,Q00897.01-0000344519.PDF,.pdf,30684,ok,True,False,text,False,5,0,1,False,0,False,0-10,Address | Money/Amount,True,Contact Information | Financial Account Information,False,,ambiguous,True,yes,6920,standard,,False,False,0,0,0,0,0,0,2.937,False,False,True,,True,likely_no,no,6994,False,likely_non_responsive,True,,13914
CNG_Data2k_variance/files/Q00897.01-0000303958.PDF,Q00897.01-0000303958.PDF,.pdf,440145,ok,True,False,text,False,7,0,5,False,0,False,0-10,Name | Address | Email | Money/Amount,True,Contact Information | Financial Account Information,False,,ambiguous,True,yes,7119,standard,,True,True,7,0,0,0,0,1,11.996,False,False,True,,True,clear_yes,yes,7149,False,standard,False,,14268
CNG_Data2k_variance/files/Q00897.01-0000474548.0001.JPG,Q00897.01-0000474548.0001.JPG,.jpg,277934,ok,True,False,text,False,1,0,1,False,0,False,0-10,Address | Email | Card/Transaction,True,Contact Information | Financial Account Information,False,,ambiguous,True,no,3935,likely_non_responsive,,True,True,1,0,0,0,0,1,5.482,True,False,False,stage1_nr,False,,,0,False,,False,,3935
CNG_Data2k_variance/files/Q00897.01-0000543942.0001.PDF,Q00897.01-0000543942.0001.PDF,.pdf,22563,ok,True,False,text,False,1,0,1,False,0,False,0-10,Money/Amount,False,Financial Account Information,False,,clear_non_responsive,False,,0,likely_non_responsive,,False,False,0,0,0,0,0,0,0.046,True,False,False,stage1_nr,False,,,0,False,,False,,0
CNG_Data2k_variance/files/Q00897.01-0000451215.0001.PDF,Q00897.01-0000451215.0001.PDF,.pdf,289130,ok,True,False,text,False,25,0,1,False,0,False,0-10,Name | Address | Money/Amount | Health | Work-Related,True,Contact Information | Financial Account Information | Health-Related Information | Work-Related Information,False,,ambiguous,True,no,8937,likely_non_responsive,,False,False,0,0,0,0,0,0,2.403,True,False,False,stage1_nr,False,,,0,False,,False,,8937
CNG_Data2k_variance/files/Q00897.01-0000842896.MSG,Q00897.01-0000842896.MSG,.msg,179712,ok,True,False,text,False,0,2,4,False,0,False,0-10,Name | Address | Email | Phone | Health,True,Contact Information | Health-Related Information,False,,ambiguous,True,yes,4592,standard,,False,False,0,0,0,0,0,0,3.396,False,False,True,,True,clear_no,no,4638,False,likely_non_responsive,True,,9230
CNG_Data2k_variance/files/Q00897.01-0000246096.PDF,Q00897.01-0000246096.PDF,.pdf,564239,ok,True,True,text,True,1,0,10,False,0,False,0-10,Name | Address | Email | Money/Amount,True,Contact Information | Financial Account Information,False,,ambiguous,True,no,7573,likely_non_responsive,bde_llm_count,True,True,1,0,0,0,0,1,7.877,True,False,False,stage1_nr,False,,,0,False,,False,,7573
CNG_Data2k_variance/files/Q00897.01-0000137911.PDF,Q00897.01-0000137911.PDF,.pdf,249172,ok,True,True,text,True,3,0,60,False,2,False,50-100,Name | Address | Phone | Money/Amount,True,Contact Information | Financial Account Information,False,,ambiguous,True,yes,15275,standard,bde_llm_count,True,True,3,0,0,0,0,1,11.34,False,False,True,,True,clear_no,no,8078,True,likely_non_responsive,True,,23353
CNG_Data2k_variance/files/Q00897.01-0000736546.MSG,Q00897.01-0000736546.MSG,.msg,290816,ok,True,False,text,False,0,0,1,False,0,False,0-10,Name | Address | Email | Phone | Money/Amount | Health,True,Contact Information | Financial Account Information | Health-Related Information,False,,ambiguous,True,yes,4569,standard,,False,False,0,0,0,0,0,0,4.41,False,False,True,,True,likely_yes,yes,4618,False,standard,False,,9187
CNG_Data2k_variance/files/Q00897.01-0000262537.PDF,Q00897.01-0000262537.PDF,.pdf,690918,ok,True,False,text,False,309,0,288,False,0,False,100+,Address | Phone | Payment Card | Money/Amount,True,Contact Information | Financial Account Information,False,,ambiguous,True,no,27698,likely_non_responsive,bde_llm_count,False,False,0,0,0,0,0,0,8.293,True,False,False,stage1_nr,False,,,0,False,,False,,27698
CNG_Data2k_variance/files/Q00897.01-0000663108.MSG,Q00897.01-0000663108.MSG,.msg,805888,ok,True,False,text,False,0,3,4,False,0,False,0-10,Name | Address | Email | Phone,True,Contact Information,False,,ambiguous,True,yes,4145,standard,,False,False,0,0,0,0,0,0,3.476,False,False,True,,True,clear_no,no,4189,False,likely_non_responsive,True,,8334
CNG_Data2k_variance/files/Q00897.01-0000400507.MSG,Q00897.01-0000400507.MSG,.msg,163840,ok,True,False,text,False,0,1,6,False,0,False,0-10,Name | Address | Email | Phone,True,Contact Information,False,,ambiguous,True,yes,4260,standard,,False,False,0,0,0,0,0,0,3.541,False,False,True,,True,clear_yes,yes,4313,False,standard,False,,8573
CNG_Data2k_variance/files/Q00897.01-0000629483.MSG,Q00897.01-0000629483.MSG,.msg,110592,ok,True,False,text,False,0,3,4,False,0,False,0-10,Name | Address | Email | Phone | Money/Amount,True,Contact Information | Financial Account Information,False,,ambiguous,True,yes,6567,standard,,False,False,0,0,0,0,0,0,3.945,False,False,True,,True,likely_yes,yes,6660,False,standard,False,,13227
CNG_Data2k_variance/files/Q00897.01-0000895088.PDF,Q00897.01-0000895088.PDF,.pdf,56117,ok,True,False,text,False,9,0,2,False,0,False,0-10,Name | Address | Email | Phone | Card Expiry/CVV | Money/Amount | Family | Work-Related,True,Contact Information | Financial Account Information | Family Information | Work-Related Information,False,,ambiguous,True,yes,7183,standard,,False,False,0,0,0,0,0,0,2.932,False,False,True,,True,clear_yes,yes,7212,False,standard,False,,14395
CNG_Data2k_variance/files/Q00897.01-0000764927.MSG,Q00897.01-0000764927.MSG,.msg,192000,ok,True,False,text,False,0,2,6,False,0,False,0-10,Name | Address | Email | Phone | Money/Amount,True,Contact Information | Financial Account Information,False,,ambiguous,True,yes,4628,standard,,False,False,0,0,0,0,0,0,4.367,False,False,True,,True,likely_no,no,4694,False,likely_non_responsive,True,,9322
CNG_Data2k_variance/files/Q00897.01-0000673710.0001.PDF,Q00897.01-0000673710.0001.PDF,.pdf,2855,ok,True,False,text,False,1,0,1,False,0,False,0-10,Address | Money/Amount,True,Contact Information | Financial Account Information,False,,ambiguous,True,no,3910,likely_non_responsive,,False,False,0,0,0,0,0,0,0.99,True,False,False,stage1_nr,False,,,0,False,,False,,3910
CNG_Data2k_variance/files/Q00897.01-0000108532.PDF,Q00897.01-0000108532.PDF,.pdf,424828,ok,True,True,text,True,13,0,428,False,0,False,100+,Card/Transaction | Money/Amount | Work-Related,False,Financial Account Information | Work-Related Information,False,,ambiguous,True,no,20402,likely_non_responsive,bde_llm_count,True,True,13,0,0,0,0,1,12.28,True,False,False,stage1_nr,False,,,0,False,,False,,20402
CNG_Data2k_variance/files/Q00897.01-0000729937.MSG,Q00897.01-0000729937.MSG,.msg,344064,ok,True,False,text,False,0,8,3,False,0,False,0-10,Name | Address | Email | Phone,True,Contact Information,False,,ambiguous,True,no,4155,likely_non_responsive,,False,False,0,0,0,0,0,0,1.447,True,False,False,stage1_nr,False,,,0,False,,False,,4155
CNG_Data2k_variance/files/Q00897.01-0000906346.PDF,Q00897.01-0000906346.PDF,.pdf,659145,ok,True,False,text,False,137,0,1,False,0,False,0-10,Address | Money/Amount,True,Contact Information | Financial Account Information,False,,ambiguous,True,yes,16182,standard,,False,False,0,0,0,0,0,0,11.666,False,False,True,,True,likely_no,no,16217,False,likely_non_responsive,True,,32399
CNG_Data2k_variance/files/Q00897.01-0000539513.0001.PDF,Q00897.01-0000539513.0001.PDF,.pdf,22604,ok,True,False,text,False,1,0,1,False,0,False,0-10,Money/Amount,False,Financial Account Information,False,,clear_non_responsive,False,,0,likely_non_responsive,,False,False,0,0,0,0,0,0,0.023,True,False,False,stage1_nr,False,,,0,False,,False,,0
CNG_Data2k_variance/files/Q00897.01-0000534877.0001.PDF,Q00897.01-0000534877.0001.PDF,.pdf,22791,ok,True,False,text,False,1,0,1,False,0,False,0-10,Money/Amount,False,Financial Account Information,False,,clear_non_responsive,False,,0,likely_non_responsive,,False,False,0,0,0,0,0,0,0.032,True,False,False,stage1_nr,False,,,0,False,,False,,0
CNG_Data2k_variance/files/Q00897.01-0000889344.PDF,Q00897.01-0000889344.PDF,.pdf,1685991,ok,True,True,text,True,15,0,438,False,8,False,100+,Address | Phone | SSN | Money/Amount | Work-Related,True,Contact Information | Government-Issued Identification | Financial Account Information | Work-Related Information,False,,clear_responsive,False,,12081,standard,bde_llm_count,True,True,15,0,0,0,0,1,19.268,False,False,True,,True,clear_yes,yes,13088,True,structured_bde,False,,25169
CNG_Data2k_variance/files/Q00897.01-0000484109.MSG,Q00897.01-0000484109.MSG,.msg,41984,ok,True,False,text,False,0,0,7,False,7,False,0-10,Name | Address | Email | Phone | Money/Amount,True,Contact Information | Financial Account Information,False,,ambiguous,True,yes,14123,standard,bde_llm_count,False,False,0,0,0,0,0,0,6.172,False,False,True,,True,likely_no,no,7554,False,likely_non_responsive,True,,21677
CNG_Data2k_variance/files/Q00897.01-0000890475.PDF,Q00897.01-0000890475.PDF,.pdf,890225,ok,True,False,text,False,121,0,130,False,51,True,100+,Address | Phone | SSN | Money/Amount | Work-Related,True,Contact Information | Government-Issued Identification | Financial Account Information | Work-Related Information,True,,clear_responsive,False,,13271,bde,bde_llm_count_roster,False,False,0,0,0,0,0,0,22.451,False,True,True,,True,clear_yes,yes,14236,True,bde,False,,27507
CNG_Data2k_variance/files/Q00897.01-0000262531.PDF,Q00897.01-0000262531.PDF,.pdf,786963,ok,True,False,text,False,341,0,407,False,0,False,100+,Address | Phone | Payment Card | Money/Amount,True,Contact Information | Financial Account Information,False,,ambiguous,True,no,28037,likely_non_responsive,bde_llm_count,False,False,0,0,0,0,0,0,9.621,True,False,False,stage1_nr,False,,,0,False,,False,,28037
CNG_Data2k_variance/files/Q00897.01-0000888420.PDF,Q00897.01-0000888420.PDF,.pdf,39824,ok,True,False,text,False,4,0,30,False,30,False,20-50,Name | Address | Phone | Money/Amount,True,Contact Information | Financial Account Information,False,,ambiguous,True,yes,15886,standard,bde_llm_count_roster,False,False,0,0,0,0,0,0,8.647,False,False,True,,True,clear_yes,yes,8226,False,standard,False,,24112
CNG_Data2k_variance/files/Q00897.01-0000347032.PDF,Q00897.01-0000347032.PDF,.pdf,391759,ok,True,False,text,False,97,0,2,False,0,False,0-10,Name | Address | Phone | Money/Amount,True,Contact Information | Financial Account Information,False,,ambiguous,True,yes,16076,standard,,False,False,0,0,0,0,0,0,67.556,False,False,True,,True,clear_yes,yes,16129,False,standard,False,,32205
CNG_Data2k_variance/files/Q00897.01-0000327643.PDF,Q00897.01-0000327643.PDF,.pdf,2431532,ok,True,True,text,True,1,0,37,False,0,False,20-50,Address | Email | Phone | Bank/Account Number | Money/Amount,True,Contact Information | Financial Account Information,False,,ambiguous,True,yes,7826,standard,bde_llm_count,True,True,1,0,0,0,0,1,9.187,False,False,True,,True,likely_no,no,4351,False,likely_non_responsive,True,,12177
CNG_Data2k_variance/files/Q00897.01-0000309481.XLSX,Q00897.01-0000309481.XLSX,.xlsx,192573,ok,True,True,text,True,6,0,883,False,0,False,100+,Phone | Payment Card | Money/Amount,True,Contact Information | Financial Account Information,False,,ambiguous,True,no,10108,likely_non_responsive,roster_by_rowcount bde_llm_count,False,False,0,0,0,0,0,0,2.309,True,False,False,stage1_nr,False,,,0,False,,False,,10108
CNG_Data2k_variance/files/Q00897.01-0000852757.XLSX,Q00897.01-0000852757.XLSX,.xlsx,5992997,ok,True,True,text,True,3,0,250,True,4,True,100+,Phone | Money/Amount,True,Contact Information | Financial Account Information,True,,ambiguous,True,no,15488,structured_bde,bde_llm_count_roster,False,False,0,0,0,0,0,0,8.57,False,True,True,,True,likely_no,no,8191,True,likely_non_responsive,True,,23679
CNG_Data2k_variance/files/Q00897.01-0000777391.0001.PPTX,Q00897.01-0000777391.0001.PPTX,.pptx,71549,ok,True,False,text,False,6,0,1,False,0,False,0-10,Money/Amount | Work-Related,False,Financial Account Information | Work-Related Information,False,,ambiguous,True,no,4789,likely_non_responsive,,False,False,0,0,0,0,0,0,2.836,True,False,False,stage1_nr,False,,,0,False,,False,,4789
CNG_Data2k_variance/files/Q00897.01-0000466998.0002.DOCX,Q00897.01-0000466998.0002.DOCX,.docx,24698,ok,True,False,text,False,0,0,1,False,0,False,0-10,Health,False,Health-Related Information,False,,ambiguous,True,no,5476,likely_non_responsive,,False,False,0,0,0,0,0,0,1.344,True,False,False,stage1_nr,False,,,0,False,,False,,5476
CNG_Data2k_variance/files/Q00897.01-0000798997.MSG,Q00897.01-0000798997.MSG,.msg,29184,ok,True,False,text,False,0,1,4,False,0,False,0-10,Name | Address | Email | Phone,True,Contact Information,False,,ambiguous,True,yes,4149,standard,,False,False,0,0,0,0,0,0,2.994,False,False,True,,True,likely_no,no,4208,False,likely_non_responsive,True,,8357
CNG_Data2k_variance/files/Q00897.01-0000589860.0001.PDF,Q00897.01-0000589860.0001.PDF,.pdf,20962,ok,True,False,text,False,1,0,0,False,0,False,0-10,,False,,False,,clear_non_responsive,False,,0,likely_non_responsive,,False,False,0,0,0,0,0,0,0.029,True,False,False,stage1_nr,False,,,0,False,,False,,0
CNG_Data2k_variance/files/Q00897.01-0000839701.0001.XLSX,Q00897.01-0000839701.0001.XLSX,.xlsx,20837,ok,True,True,text,True,2,0,526,False,0,False,100+,,False,,False,,ambiguous,True,no,7178,likely_non_responsive,roster_by_rowcount bde_llm_count,False,False,0,0,0,0,0,0,2.635,True,False,False,stage1_nr,False,,,0,False,,False,,7178
CNG_Data2k_variance/files/Q00897.01-0000640784.0004.PDF,Q00897.01-0000640784.0004.PDF,.pdf,78799,ok,True,False,text,False,1,0,1,False,0,False,0-10,Name | Date of Birth | Money/Amount | Work-Related,True,Birth Information | Financial Account Information | Work-Related Information,False,,ambiguous,True,yes,3985,standard,,False,False,0,0,0,0,0,0,2.627,False,False,True,,True,clear_yes,yes,4023,False,standard,False,,8008
CNG_Data2k_variance/files/Q00897.01-0000539886.0001.PDF,Q00897.01-0000539886.0001.PDF,.pdf,22623,ok,True,False,text,False,1,0,1,False,0,False,0-10,Money/Amount,False,Financial Account Information,False,,clear_non_responsive,False,,0,likely_non_responsive,,False,False,0,0,0,0,0,0,0.034,True,False,False,stage1_nr,False,,,0,False,,False,,0
CNG_Data2k_variance/files/Q00897.01-0000288193.XLSX,Q00897.01-0000288193.XLSX,.xlsx,483506,ok,True,True,text,True,1,0,66,False,26,True,50-100,Name,False,,True,,ambiguous,True,yes,7394,structured_bde,roster_by_rowcount bde_llm_count_roster,False,False,0,0,0,0,0,0,6.91,False,True,True,,True,clear_no,no,4221,True,likely_non_responsive,True,,11615
CNG_Data2k_variance/files/Q00897.01-0000792913.MSG,Q00897.01-0000792913.MSG,.msg,156672,ok,True,False,text,False,0,0,4,False,0,False,0-10,Name | Money/Amount,True,Financial Account Information,False,,ambiguous,True,yes,5258,standard,,False,False,0,0,0,0,0,0,3.495,False,False,True,,True,likely_yes,yes,5318,False,standard,False,,10576
CNG_Data2k_variance/files/Q00897.01-0000387009.MSG,Q00897.01-0000387009.MSG,.msg,126464,ok,True,False,text,False,0,0,3,False,0,False,0-10,Address | Email | Money/Amount,True,Contact Information | Financial Account Information,False,,ambiguous,True,no,4975,likely_non_responsive,,False,False,0,0,0,0,0,0,2.833,True,False,False,stage1_nr,False,,,0,False,,False,,4975
CNG_Data2k_variance/files/Q00897.01-0000823229.0005.PDF,Q00897.01-0000823229.0005.PDF,.pdf,4083801,ok,True,True,text,True,15,0,76,False,2,False,50-100,Name | Money/Amount | Health,True,Financial Account Information | Health-Related Information,False,,ambiguous,True,no,16118,likely_non_responsive,bde_llm_count,True,True,15,0,0,0,0,1,13.946,True,False,False,stage1_nr,False,,,0,False,,False,,16118
CNG_Data2k_variance/files/Q00897.01-0000022152.XLSX,Q00897.01-0000022152.XLSX,.xlsx,35041,ok,True,True,text,True,6,0,307,False,2,True,100+,Name | Money/Amount | Credentials | Work-Related,False,Financial Account Information | Access Credentials | Work-Related Information,True,,ambiguous,True,yes,7578,structured_bde,roster_by_rowcount bde_llm_count_roster,False,False,0,0,0,0,0,0,5.408,False,True,True,,True,likely_yes,yes,4274,True,structured_bde,False,,11852
CNG_Data2k_variance/files/Q00897.01-0000295012.PDF,Q00897.01-0000295012.PDF,.pdf,3520034,ok,True,True,text,True,15,0,14,False,0,False,10-20,Phone | Tax ID | Bank/Account Number | Money/Amount | Work-Related,True,Contact Information | Government-Issued Identification | Financial Account Information | Work-Related Information,False,,ambiguous,True,yes,17273,standard,bde_llm_count,True,True,15,0,0,0,0,1,15.839,False,False,True,,True,clear_no,no,9111,False,likely_non_responsive,True,,26384
CNG_Data2k_variance/files/Q00897.01-0000257255.0002.PDF,Q00897.01-0000257255.0002.PDF,.pdf,271477,ok,True,False,text,False,3,0,1,False,0,False,0-10,Name | Address | Bank/Account Number | Money/Amount,True,Contact Information | Financial Account Information,False,,ambiguous,True,yes,4359,standard,"img_ocr:p2(1/1,+349chars)",False,False,0,1,1,1,0,1,7.485,False,False,True,,True,likely_no,no,4443,False,likely_non_responsive,True,,8802
CNG_Data2k_variance/files/Q00897.01-0000830020.0002.XLSX,Q00897.01-0000830020.0002.XLSX,.xlsx,44847,ok,True,True,text,True,3,0,197,False,187,True,100+,Name,False,,True,,ambiguous,True,yes,7727,structured_bde,roster_by_rowcount bde_llm_count_roster,False,False,0,0,0,0,0,0,6.686,False,True,True,,True,likely_no,no,4383,True,likely_non_responsive,True,,12110
CNG_Data2k_variance/files/Q00897.01-0000410028.0001.XLSX,Q00897.01-0000410028.0001.XLSX,.xlsx,10248834,error,False,False,,False,0,0,0,False,0,False,,,False,,False,,,False,,0,review_error,ValueError,False,False,0,0,0,0,0,0,0.261,False,False,False,extract_error,False,,,0,False,,False,,0
CNG_Data2k_variance/files/Q00897.01-0000871150.CSV,Q00897.01-0000871150.CSV,.csv,253441,ok,True,True,text,True,0,0,1684,False,0,False,100+,Phone | Card/Transaction | Money/Amount,True,Contact Information | Financial Account Information,False,,ambiguous,True,no,9854,likely_non_responsive,bde_llm_count,False,False,0,0,0,0,0,0,5.936,True,False,False,stage1_nr,False,,,0,False,,False,,9854
CNG_Data2k_variance/files/Q00897.01-0000666463.0001.PDF,Q00897.01-0000666463.0001.PDF,.pdf,1447628,ok,True,False,text,False,31,0,2,False,0,False,0-10,Address | Phone | Card/Transaction | Money/Amount | Work-Related,True,Contact Information | Financial Account Information | Work-Related Information,False,,ambiguous,True,no,8814,likely_non_responsive,"img_ocr:p1,p6(2/2,+27chars)",False,False,0,2,2,2,0,2,11.444,True,False,False,stage1_nr,False,,,0,False,,False,,8814
CNG_Data2k_variance/files/Q00897.01-0000759607.MSG,Q00897.01-0000759607.MSG,.msg,72704,ok,True,False,text,False,0,0,3,False,0,False,0-10,Name | Email | Phone,True,Contact Information,False,,ambiguous,True,yes,4032,standard,,False,False,0,0,0,0,0,0,2.66,False,False,True,,True,likely_no,no,4101,False,likely_non_responsive,True,,8133
CNG_Data2k_variance/files/Q00897.01-0000669389.MSG,Q00897.01-0000669389.MSG,.msg,336896,ok,True,False,text,False,0,1,3,False,0,False,0-10,Name | Phone,True,Contact Information,False,,ambiguous,True,no,3736,likely_non_responsive,,False,False,0,0,0,0,0,0,7.83,True,False,False,stage1_nr,False,,,0,False,,False,,3736
CNG_Data2k_variance/files/Q00897.01-0000307373.MSG,Q00897.01-0000307373.MSG,.msg,633856,ok,True,False,text,False,0,1,1,False,0,False,0-10,Name | Email | Phone | Card/Transaction,True,Contact Information | Financial Account Information,False,,ambiguous,True,yes,4238,standard,,False,False,0,0,0,0,0,0,4.143,False,False,True,,True,likely_no,no,4323,False,likely_non_responsive,True,,8561
CNG_Data2k_variance/files/Q00897.01-0000803793.0001.PDF,Q00897.01-0000803793.0001.PDF,.pdf,844217,ok,True,False,text,False,16,0,6,False,0,False,0-10,Name | Address | Phone | Money/Amount | Work-Related,True,Contact Information | Financial Account Information | Work-Related Information,False,,ambiguous,True,yes,10703,standard,,False,False,0,0,0,0,0,0,7.379,False,False,True,,True,clear_yes,yes,10739,False,standard,False,,21442
CNG_Data2k_variance/files/Q00897.01-0000763315.0001.PDF,Q00897.01-0000763315.0001.PDF,.pdf,57393,ok,True,True,text,True,2,0,1,False,2,False,0-10,Name | Address | Email | Phone | Payment Card | Card Expiry/CVV | Card/Transaction | Money/Amount | Family,True,Contact Information | Financial Account Information | Family Information,False,,ambiguous,True,yes,9118,standard,bde_llm_count,True,True,2,0,0,0,0,1,10.976,False,False,True,,True,clear_yes,yes,5008,False,standard,False,,14126
CNG_Data2k_variance/files/Q00897.01-0000307441.XLSX,Q00897.01-0000307441.XLSX,.xlsx,24890,ok,True,True,text,True,1,0,133,False,0,False,100+,Card/Transaction | Money/Amount,False,Financial Account Information,False,,ambiguous,True,no,8115,likely_non_responsive,roster_by_rowcount bde_llm_count,False,False,0,0,0,0,0,0,2.858,True,False,False,stage1_nr,False,,,0,False,,False,,8115
CNG_Data2k_variance/files/Q00897.01-0000538246.MSG,Q00897.01-0000538246.MSG,.msg,198656,ok,True,False,text,False,0,0,5,False,0,False,0-10,Address | Email | Card Expiry/CVV,True,Contact Information | Financial Account Information,False,,ambiguous,True,no,5716,likely_non_responsive,,False,False,0,0,0,0,0,0,60.287,True,False,False,stage1_nr,False,,,0,False,,False,,5716
CNG_Data2k_variance/files/Q00897.01-0000275614.PDF,Q00897.01-0000275614.PDF,.pdf,1098170,ok,True,False,text,False,36,0,5,False,0,False,0-10,Phone | Money/Amount | Work-Related,True,Contact Information | Financial Account Information | Work-Related Information,False,,ambiguous,True,no,9632,likely_non_responsive,,False,False,0,0,0,0,0,0,4.743,True,False,False,stage1_nr,False,,,0,False,,False,,9632
CNG_Data2k_variance/files/Q00897.01-0000008588.PDF,Q00897.01-0000008588.PDF,.pdf,122232,ok,True,True,text,True,1,0,18,False,1,False,10-20,Address | Email | SSN | Alien Registration | Card Expiry/CVV,True,Contact Information | Government-Issued Identification | Financial Account Information,False,,clear_responsive,False,,3925,standard,bde_llm_count,True,True,1,0,0,0,0,1,9.752,False,False,True,,True,clear_yes,yes,4774,False,standard,False,,8699
CNG_Data2k_variance/files/Q00897.01-0000834957.0001.PDF,Q00897.01-0000834957.0001.PDF,.pdf,102530,ok,True,False,text,False,5,0,2,False,0,False,0-10,Name | Address | Card Expiry/CVV | Card/Transaction | Money/Amount | Credentials,True,Contact Information | Financial Account Information | Access Credentials,False,,ambiguous,True,no,8339,likely_non_responsive,,False,False,0,0,0,0,0,0,1.921,True,False,False,stage1_nr,False,,,0,False,,False,,8339
CNG_Data2k_variance/files/Q00897.01-0000005150.PDF,Q00897.01-0000005150.PDF,.pdf,156126,ok,True,False,text,False,4,0,2,False,0,False,0-10,Name | Money/Amount | Work-Related,False,Financial Account Information | Work-Related Information,False,,ambiguous,True,yes,4324,standard,,False,False,0,0,0,0,0,0,3.364,False,False,True,,True,likely_yes,yes,4361,False,standard,False,,8685
CNG_Data2k_variance/files/Q00897.01-0000443684.0004.PDF,Q00897.01-0000443684.0004.PDF,.pdf,400267,ok,True,False,text,False,2,0,1,False,0,False,0-10,Money/Amount,False,Financial Account Information,False,,clear_non_responsive,False,,0,likely_non_responsive,,False,False,0,0,0,0,0,0,0.107,True,False,False,stage1_nr,False,,,0,False,,False,,0
CNG_Data2k_variance/files/Q00897.01-0000909625.PDF,Q00897.01-0000909625.PDF,.pdf,234792,ok,True,False,text,False,23,0,50,False,51,True,20-50,Name | Address | Phone | Money/Amount,True,Contact Information | Financial Account Information,True,,ambiguous,True,yes,32033,bde,bde_llm_count_roster,False,False,0,0,0,0,0,0,30.224,False,True,True,,True,likely_yes,yes,16658,False,standard,False,,48691
CNG_Data2k_variance/files/Q00897.01-0000346795.PDF,Q00897.01-0000346795.PDF,.pdf,285202,ok,True,False,text,False,3,0,5,False,0,False,0-10,Name | Phone | Money/Amount,True,Contact Information | Financial Account Information,False,,ambiguous,True,yes,6243,standard,"img_ocr:p3,p3(2/2,+2chars)",False,False,0,2,2,2,0,2,12.068,False,False,True,,True,likely_yes,yes,6299,False,standard,False,,12542
CNG_Data2k_variance/files/Q00897.01-0000122498.XLSX,Q00897.01-0000122498.XLSX,.xlsx,49196,ok,True,True,text,True,3,0,498,False,0,True,100+,,False,,True,,ambiguous,True,no,7853,structured_bde,roster_by_rowcount bde_llm_count_roster,False,False,0,0,0,0,0,0,3.995,False,True,True,,True,clear_no,no,4374,True,likely_non_responsive,True,,12227
CNG_Data2k_variance/files/Q00897.01-0000378913.0001.PPTX,Q00897.01-0000378913.0001.PPTX,.pptx,5807590,ok,True,False,text,False,10,0,1,False,0,False,0-10,Card/Transaction | Money/Amount,False,Financial Account Information,False,,ambiguous,True,no,4736,likely_non_responsive,,False,False,0,0,0,0,0,0,1.567,True,False,False,stage1_nr,False,,,0,False,,False,,4736
CNG_Data2k_variance/files/Q00897.01-0000706261.MSG,Q00897.01-0000706261.MSG,.msg,216064,ok,True,False,text,False,0,0,8,False,1,False,0-10,Name | Address | Email | Phone | Money/Amount | Health,True,Contact Information | Financial Account Information | Health-Related Information,False,,ambiguous,True,yes,8909,standard,bde_llm_count,False,False,0,0,0,0,0,0,65.461,False,False,True,,True,likely_no,no,4936,False,likely_non_responsive,True,,13845
CNG_Data2k_variance/files/Q00897.01-0000114853.PDF,Q00897.01-0000114853.PDF,.pdf,19651,ok,True,False,text,False,9,0,1,False,0,False,0-10,Card/Transaction | Money/Amount | Work-Related,False,Financial Account Information | Work-Related Information,False,,ambiguous,True,no,10833,likely_non_responsive,,False,False,0,0,0,0,0,0,1.76,True,False,False,stage1_nr,False,,,0,False,,False,,10833
CNG_Data2k_variance\files\Q00897.01-0000127685.XLS,Q00897.01-0000127685.XLS,.xls,39685,ok,True,True,text,True,2,0,136,False,0,False,100+,Name | Money/Amount,False,Financial Account Information,False,,ambiguous,True,no,7585,likely_non_responsive,roster_by_rowcount bde_llm_count,False,False,0,0,0,0,0,0,2.482,True,False,False,stage1_nr,False,,,0,False,,False,,7585
CNG_Data2k_variance/files/Q00897.01-0000467114.MSG,Q00897.01-0000467114.MSG,.msg,457216,ok,True,False,text,False,0,3,3,False,0,False,0-10,Name | Address | Email | Phone | Money/Amount,True,Contact Information | Financial Account Information,False,,ambiguous,True,yes,4441,standard,,False,False,0,0,0,0,0,0,2.928,False,False,True,,True,likely_no,no,4498,False,likely_non_responsive,True,,8939
CNG_Data2k_variance/files/Q00897.01-0000252370.PDF,Q00897.01-0000252370.PDF,.pdf,135380,ok,True,False,text,False,1,0,2,False,0,False,0-10,Name | Address | Phone | Money/Amount,True,Contact Information | Financial Account Information,False,,ambiguous,True,no,3815,likely_non_responsive,,True,True,1,0,0,0,0,1,5.518,True,False,False,stage1_nr,False,,,0,False,,False,,3815
CNG_Data2k_variance/files/Q00897.01-0000615179.0001.PDF,Q00897.01-0000615179.0001.PDF,.pdf,122307,ok,True,False,text,False,4,0,2,False,0,False,0-10,Name | Address | Email | Health,True,Contact Information | Health-Related Information,False,,ambiguous,True,no,5888,likely_non_responsive,,False,False,0,0,0,0,0,0,2.019,True,False,False,stage1_nr,False,,,0,False,,False,,5888
CNG_Data2k_variance\files\Q00897.01-0000821935.0001.0001.XLS,Q00897.01-0000821935.0001.0001.XLS,.xls,13197,ok,True,True,text,True,3,0,1,False,0,False,0-10,Name | Address | Phone | Bank/Account Number,True,Contact Information | Financial Account Information,False,,ambiguous,True,no,6912,likely_non_responsive,bde_llm_count,False,False,0,0,0,0,0,0,4.082,True,False,False,stage1_nr,False,,,0,False,,False,,6912
CNG_Data2k_variance\files\Q00897.01-0000117463.0001.DOC,Q00897.01-0000117463.0001.DOC,.doc,18765,ok,True,False,text,False,0,0,1,False,0,False,0-10,Health | Work-Related,False,Health-Related Information | Work-Related Information,False,,ambiguous,True,no,4386,likely_non_responsive,,False,False,0,0,0,0,0,0,1.053,True,False,False,stage1_nr,False,,,0,False,,False,,4386
CNG_Data2k_variance/files/Q00897.01-0000728329.MSG,Q00897.01-0000728329.MSG,.msg,119296,ok,True,False,text,False,0,2,6,False,0,False,0-10,Name | Address | Email | Phone | Money/Amount,True,Contact Information | Financial Account Information,False,,ambiguous,True,yes,5417,standard,,False,False,0,0,0,0,0,0,4.349,False,False,True,,True,likely_yes,yes,5488,False,standard,False,,10905
CNG_Data2k_variance/files/Q00897.01-0000896917.PDF,Q00897.01-0000896917.PDF,.pdf,17516,ok,True,False,text,False,3,0,1,False,0,False,0-10,Money/Amount,False,Financial Account Information,False,,clear_non_responsive,False,,0,likely_non_responsive,,False,False,0,0,0,0,0,0,0.094,True,False,False,stage1_nr,False,,,0,False,,False,,0
CNG_Data2k_variance/files/Q00897.01-0000874499.PDF,Q00897.01-0000874499.PDF,.pdf,117166,ok,True,False,text,False,3,0,0,False,0,False,0-10,,False,,False,,clear_non_responsive,False,,0,likely_non_responsive,,False,False,0,0,0,0,0,0,0.609,True,False,False,stage1_nr,False,,,0,False,,False,,0
CNG_Data2k_variance/files/Q00897.01-0000404575.0001.PPTX,Q00897.01-0000404575.0001.PPTX,.pptx,3131884,ok,True,False,text,False,5,0,1,False,0,False,0-10,Money/Amount,False,Financial Account Information,False,,clear_non_responsive,False,,0,likely_non_responsive,,False,False,0,0,0,0,0,0,0.161,True,False,False,stage1_nr,False,,,0,False,,False,,0
CNG_Data2k_variance/files/Q00897.01-0000896407.PDF,Q00897.01-0000896407.PDF,.pdf,13285,ok,True,False,text,False,2,0,1,False,0,False,0-10,Money/Amount,False,Financial Account Information,False,,clear_non_responsive,False,,0,likely_non_responsive,,False,False,0,0,0,0,0,0,0.13,True,False,False,stage1_nr,False,,,0,False,,False,,0
CNG_Data2k_variance/files/Q00897.01-0000394090.MSG,Q00897.01-0000394090.MSG,.msg,80896,ok,True,False,text,False,0,0,2,False,0,False,0-10,Address | Email | Card/Transaction,True,Contact Information | Financial Account Information,False,,ambiguous,True,no,4104,likely_non_responsive,,False,False,0,0,0,0,0,0,2.09,True,False,False,stage1_nr,False,,,0,False,,False,,4104
CNG_Data2k_variance/files/Q00897.01-0000657861.0001.DOCX,Q00897.01-0000657861.0001.DOCX,.docx,15191,ok,True,False,text,False,0,0,0,False,0,False,0-10,,False,,False,,clear_non_responsive,False,,0,likely_non_responsive,,False,False,0,0,0,0,0,0,0.056,True,False,False,stage1_nr,False,,,0,False,,False,,0
CNG_Data2k_variance/files/Q00897.01-0000483904.MSG,Q00897.01-0000483904.MSG,.msg,40960,ok,True,False,text,False,0,0,10,False,6,False,0-10,Name | Address | Email | Phone | Money/Amount | Health | Work-Related,True,Contact Information | Financial Account Information | Health-Related Information | Work-Related Information,False,,ambiguous,True,yes,13528,standard,bde_llm_count,False,False,0,0,0,0,0,0,6.482,False,False,True,,True,likely_yes,yes,7190,False,standard,False,,20718
CNG_Data2k_variance/files/Q00897.01-0000625733.MSG,Q00897.01-0000625733.MSG,.msg,85504,ok,True,False,text,False,0,1,7,False,7,False,0-10,Name | Address | Email | Phone,True,Contact Information,False,,ambiguous,True,yes,13642,standard,bde_llm_count,False,False,0,0,0,0,0,0,10.265,False,False,True,,True,likely_yes,yes,7308,False,standard,False,,20950
CNG_Data2k_variance/files/Q00897.01-0000373165.MSG,Q00897.01-0000373165.MSG,.msg,318976,ok,True,False,text,False,0,0,2,False,0,False,0-10,Address | Email | Phone,True,Contact Information,False,,ambiguous,True,no,5367,likely_non_responsive,,False,False,0,0,0,0,0,0,60.105,True,False,False,stage1_nr,False,,,0,False,,False,,5367
CNG_Data2k_variance/files/Q00897.01-0000912019.PDF,Q00897.01-0000912019.PDF,.pdf,94848,ok,True,True,text,True,2,0,50,False,8,False,20-50,Phone | SSN | Money/Amount,True,Contact Information | Government-Issued Identification | Financial Account Information,False,,clear_responsive,False,,3748,standard,bde_llm_count_roster,True,True,2,0,0,0,0,1,8.116,False,False,True,,True,clear_yes,yes,4651,False,standard,False,,8399
CNG_Data2k_variance/files/Q00897.01-0000552423.0001.XLSX,Q00897.01-0000552423.0001.XLSX,.xlsx,49510,ok,True,True,text,True,1,0,418,False,0,False,100+,Money/Amount,False,Financial Account Information,False,,ambiguous,True,no,15300,likely_non_responsive,roster_by_rowcount bde_llm_count,False,False,0,0,0,0,0,0,3.652,True,False,False,stage1_nr,False,,,0,False,,False,,15300
CNG_Data2k_variance/files/Q00897.01-0000903306.PDF,Q00897.01-0000903306.PDF,.pdf,15887,ok,True,False,text,False,2,0,1,False,0,False,0-10,Money/Amount,False,Financial Account Information,False,,clear_non_responsive,False,,0,likely_non_responsive,,False,False,0,0,0,0,0,0,0.077,True,False,False,stage1_nr,False,,,0,False,,False,,0
CNG_Data2k_variance/files/Q00897.01-0000711678.MSG,Q00897.01-0000711678.MSG,.msg,165376,ok,True,False,text,False,0,0,2,False,0,False,0-10,Name | Address | Email | Phone | Money/Amount,True,Contact Information | Financial Account Information,False,,ambiguous,True,no,4011,likely_non_responsive,,False,False,0,0,0,0,0,0,1.419,True,False,False,stage1_nr,False,,,0,False,,False,,4011
CNG_Data2k_variance/files/Q00897.01-0000671503.0001.PDF,Q00897.01-0000671503.0001.PDF,.pdf,1313018,ok,True,True,text,True,8,0,27,False,0,False,20-50,Address | Phone | Tax ID | Bank/Account Number | Money/Amount,True,Contact Information | Government-Issued Identification | Financial Account Information,False,,ambiguous,True,yes,16132,standard,bde_llm_count,True,True,8,0,0,0,0,1,12.032,False,False,True,,True,clear_no,no,8505,False,likely_non_responsive,True,,24637
CNG_Data2k_variance/files/Q00897.01-0000736571.MSG,Q00897.01-0000736571.MSG,.msg,459264,ok,True,False,text,False,0,0,1,False,0,False,0-10,Name | Money/Amount | Health | Work-Related,True,Financial Account Information | Health-Related Information | Work-Related Information,False,,ambiguous,True,no,7272,likely_non_responsive,,False,False,0,0,0,0,0,0,4.205,True,False,False,stage1_nr,False,,,0,False,,False,,7272
CNG_Data2k_variance/files/Q00897.01-0000897290.PDF,Q00897.01-0000897290.PDF,.pdf,16963,ok,True,False,text,False,2,0,1,False,0,False,0-10,Money/Amount,False,Financial Account Information,False,,clear_non_responsive,False,,0,likely_non_responsive,,False,False,0,0,0,0,0,0,0.127,True,False,False,stage1_nr,False,,,0,False,,False,,0
CNG_Data2k_variance/files/Q00897.01-0000125392.PDF,Q00897.01-0000125392.PDF,.pdf,2331681,ok,True,True,text,True,9,0,144,False,0,False,100+,Name | Address | Phone | Money/Amount,True,Contact Information | Financial Account Information,False,,ambiguous,True,yes,22752,standard,bde_llm_count,True,True,9,0,0,0,0,1,22.138,False,False,True,,True,borderline,no,11924,True,likely_non_responsive,True,,34676
CNG_Data2k_variance/files/Q00897.01-0000288754.PDF,Q00897.01-0000288754.PDF,.pdf,386683,ok,True,False,text,False,8,0,3,False,0,False,0-10,Name | Phone | Money/Amount,True,Contact Information | Financial Account Information,False,,ambiguous,True,yes,13790,standard,"img_ocr:p2,p3,p4,p8,p8(5/6,+114chars)",False,False,0,6,6,5,0,6,29.91,False,False,True,,True,likely_no,no,13831,False,likely_non_responsive,True,,27621
CNG_Data2k_variance/files/Q00897.01-0000761174.0003.PDF,Q00897.01-0000761174.0003.PDF,.pdf,108844,ok,True,False,text,False,1,0,0,False,0,False,0-10,,False,,False,,clear_non_responsive,False,,0,likely_non_responsive,,False,False,0,0,0,0,0,0,0.176,True,False,False,stage1_nr,False,,,0,False,,False,,0
CNG_Data2k_variance/files/Q00897.01-0000618629.MSG,Q00897.01-0000618629.MSG,.msg,106496,ok,True,False,text,False,0,1,2,False,0,False,0-10,Name | Address | Email | Phone | Health,True,Contact Information | Health-Related Information,False,,ambiguous,True,no,3890,likely_non_responsive,,False,False,0,0,0,0,0,0,1.353,True,False,False,stage1_nr,False,,,0,False,,False,,3890
CNG_Data2k_variance/files/Q00897.01-0000881364.XLSX,Q00897.01-0000881364.XLSX,.xlsx,35413,ok,True,True,text,True,1,0,223,False,0,False,100+,Address | Payment Card | Money/Amount,True,Contact Information | Financial Account Information,False,,ambiguous,True,no,14430,likely_non_responsive,roster_by_rowcount bde_llm_count,False,False,0,0,0,0,0,0,5.713,True,False,False,stage1_nr,False,,,0,False,,False,,14430
CNG_Data2k_variance/files/Q00897.01-0000107772.PDF,Q00897.01-0000107772.PDF,.pdf,278416,ok,True,True,text,True,3,0,3,False,2,False,0-10,Name | Money/Amount,True,Financial Account Information,False,,ambiguous,True,yes,10119,standard,bde_llm_count,True,True,3,0,0,0,0,1,10.268,False,False,True,,True,likely_no,no,5540,False,likely_non_responsive,True,,15659
CNG_Data2k_variance/files/Q00897.01-0000254042.XLSX,Q00897.01-0000254042.XLSX,.xlsx,69446,ok,True,True,text,True,2,0,1299,False,0,False,100+,Phone | Money/Amount,True,Contact Information | Financial Account Information,False,,ambiguous,True,no,11535,likely_non_responsive,roster_by_rowcount bde_llm_count,False,False,0,0,0,0,0,0,3.428,True,False,False,stage1_nr,False,,,0,False,,False,,11535
CNG_Data2k_variance/files/Q00897.01-0000669937.0002.PDF,Q00897.01-0000669937.0002.PDF,.pdf,11685,ok,True,False,text,False,10,0,9,False,0,False,0-10,Name | Address | Phone | Bank/Account Number | Money/Amount,True,Contact Information | Financial Account Information,False,,ambiguous,True,no,9734,likely_non_responsive,bde_llm_count,False,False,0,0,0,0,0,0,4.038,True,False,False,stage1_nr,False,,,0,False,,False,,9734
CNG_Data2k_variance/files/Q00897.01-0000670240.MSG,Q00897.01-0000670240.MSG,.msg,214016,ok,True,False,text,False,0,1,3,False,0,False,0-10,Name | Phone,True,Contact Information,False,,ambiguous,True,no,3726,likely_non_responsive,,False,False,0,0,0,0,0,0,1.591,True,False,False,stage1_nr,False,,,0,False,,False,,3726
CNG_Data2k_variance/files/Q00897.01-0000283232.PDF,Q00897.01-0000283232.PDF,.pdf,310308,ok,True,True,text,True,4,0,13,False,2,False,10-20,Name | Address | Phone | Military ID | Money/Amount | Health,True,Contact Information | Government-Issued Identification | Financial Account Information | Health-Related Information,False,,ambiguous,True,yes,12565,standard,bde_llm_count,True,True,4,0,0,0,0,1,34.489,False,False,True,,True,clear_yes,yes,6739,False,standard,False,,19304
CNG_Data2k_variance\files\Q00897.01-0000851734.XLS,Q00897.01-0000851734.XLS,.xls,22211,ok,True,True,text,True,1,0,66,False,0,False,50-100,Name | Money/Amount,False,Financial Account Information,False,,ambiguous,True,no,7278,likely_non_responsive,roster_by_rowcount bde_llm_count,False,False,0,0,0,0,0,0,3.4,True,False,False,stage1_nr,False,,,0,False,,False,,7278
CNG_Data2k_variance/files/Q00897.01-0000484196.MSG,Q00897.01-0000484196.MSG,.msg,41472,ok,True,False,text,False,0,0,8,False,6,False,0-10,Name | Email | Money/Amount | Work-Related,True,Contact Information | Financial Account Information | Work-Related Information,False,,ambiguous,True,yes,9954,standard,bde_llm_count,False,False,0,0,0,0,0,0,5.151,False,False,True,,True,likely_no,no,5445,False,likely_non_responsive,True,,15399
CNG_Data2k_variance/files/Q00897.01-0000655757.0003.PDF,Q00897.01-0000655757.0003.PDF,.pdf,203347,ok,True,False,text,False,1,0,1,False,0,False,0-10,Money/Amount,False,Financial Account Information,False,,clear_non_responsive,False,,0,likely_non_responsive,,False,False,0,0,0,0,0,0,0.273,True,False,False,stage1_nr,False,,,0,False,,False,,0
CNG_Data2k_variance/files/Q00897.01-0000692846.MSG,Q00897.01-0000692846.MSG,.msg,103936,ok,True,False,text,False,0,0,2,False,0,False,0-10,Name | Address | Email | Phone | Card/Transaction | Money/Amount | Health,True,Contact Information | Financial Account Information | Health-Related Information,False,,ambiguous,True,yes,4283,standard,,False,False,0,0,0,0,0,0,3.68,False,False,True,,True,clear_yes,yes,4320,False,standard,False,,8603
CNG_Data2k_variance/files/Q00897.01-0000483646.MSG,Q00897.01-0000483646.MSG,.msg,47104,ok,True,False,text,False,0,0,8,False,7,False,0-10,Name | Email | Phone | Money/Amount,True,Contact Information | Financial Account Information,False,,ambiguous,True,yes,16029,standard,bde_llm_count,False,False,0,0,0,0,0,0,7.625,False,False,True,,True,likely_no,no,8479,False,likely_non_responsive,True,,24508
CNG_Data2k_variance/files/Q00897.01-0000894302.PDF,Q00897.01-0000894302.PDF,.pdf,145053,ok,True,False,text,False,21,0,8,False,3,False,0-10,Address | Phone | SSN | Money/Amount | Work-Related,True,Contact Information | Government-Issued Identification | Financial Account Information | Work-Related Information,False,,clear_responsive,False,,13658,standard,bde_llm_count_roster,False,False,0,0,0,0,0,0,6.635,False,False,True,,True,clear_yes,yes,14610,False,standard,False,,28268
CNG_Data2k_variance/files/Q00897.01-0000271628.PDF,Q00897.01-0000271628.PDF,.pdf,66013,ok,True,False,text,False,1,0,1,False,0,False,0-10,Money/Amount,False,Financial Account Information,False,,clear_non_responsive,False,,0,likely_non_responsive,,False,False,0,0,0,0,0,0,0.291,True,False,False,stage1_nr,False,,,0,False,,False,,0
CNG_Data2k_variance/files/Q00897.01-0000114503.PDF,Q00897.01-0000114503.PDF,.pdf,19229,ok,True,False,text,False,9,0,1,False,0,False,0-10,Card/Transaction | Money/Amount | Work-Related,False,Financial Account Information | Work-Related Information,False,,ambiguous,True,no,10788,likely_non_responsive,,False,False,0,0,0,0,0,0,1.413,True,False,False,stage1_nr,False,,,0,False,,False,,10788
CNG_Data2k_variance/files/Q00897.01-0000010984.XLSX,Q00897.01-0000010984.XLSX,.xlsx,215539,ok,True,True,text,True,3,0,344,False,344,True,100+,Name | Money/Amount,False,Financial Account Information,True,,ambiguous,True,yes,12161,structured_bde,bde_llm_count_roster,False,False,0,0,0,0,0,0,5.295,False,True,True,,True,clear_yes,yes,6597,True,structured_bde,False,,18758
CNG_Data2k_variance/files/Q00897.01-0000767248.MSG,Q00897.01-0000767248.MSG,.msg,492544,ok,True,False,text,False,0,1,4,False,0,False,0-10,Name | Address | Email | Bank/Account Number | Card/Transaction | Money/Amount,True,Contact Information | Financial Account Information,False,,ambiguous,True,yes,5786,standard,,False,False,0,0,0,0,0,0,3.667,False,False,True,,True,likely_no,no,5814,False,likely_non_responsive,True,,11600
CNG_Data2k_variance/files/Q00897.01-0000614822.0002.PDF,Q00897.01-0000614822.0002.PDF,.pdf,6802378,ok,True,True,text,True,12,0,15,False,0,False,10-20,Money/Amount,False,Financial Account Information,False,,ambiguous,True,no,11260,likely_non_responsive,bde_llm_count,True,True,12,0,0,0,0,1,9.683,True,False,False,stage1_nr,False,,,0,False,,False,,11260
CNG_Data2k_variance/files/Q00897.01-0000006641.PDF,Q00897.01-0000006641.PDF,.pdf,92356,ok,True,False,text,False,1,0,1,False,0,False,0-10,Work-Related,False,Work-Related Information,False,,ambiguous,True,no,5657,likely_non_responsive,,False,False,0,0,0,0,0,0,3.335,True,False,False,stage1_nr,False,,,0,False,,False,,5657
CNG_Data2k_variance/files/Q00897.01-0000885404.PDF,Q00897.01-0000885404.PDF,.pdf,178754,ok,True,False,text,False,4,0,2,False,0,False,0-10,Name | Address | Email | Phone | Money/Amount,True,Contact Information | Financial Account Information,False,,ambiguous,True,no,7476,likely_non_responsive,,False,False,0,0,0,0,0,0,8.49,True,False,False,stage1_nr,False,,,0,False,,False,,7476
CNG_Data2k_variance/files/Q00897.01-0000788968.MSG,Q00897.01-0000788968.MSG,.msg,140288,ok,True,False,text,False,0,0,5,False,0,False,0-10,Name | Address | Email | Phone | Money/Amount,True,Contact Information | Financial Account Information,False,,ambiguous,True,yes,4949,standard,,False,False,0,0,0,0,0,0,3.95,False,False,True,,True,likely_no,no,5015,False,likely_non_responsive,True,,9964
CNG_Data2k_variance/files/Q00897.01-0000836389.0001.PDF,Q00897.01-0000836389.0001.PDF,.pdf,143510,ok,True,True,text,True,1,0,7,False,0,False,0-10,Name,False,,False,,ambiguous,True,no,7266,likely_non_responsive,bde_llm_count,True,True,1,0,0,0,0,1,6.24,True,False,False,stage1_nr,False,,,0,False,,False,,7266
CNG_Data2k_variance/files/Q00897.01-0000013007.PDF,Q00897.01-0000013007.PDF,.pdf,361285,ok,True,True,text,True,1,0,20,False,1,False,10-20,Name | Address | Email | Phone | SSN | Date of Birth | Money/Amount | Work-Related,True,Contact Information | Government-Issued Identification | Birth Information | Financial Account Information | Work-Related Information,False,,clear_responsive,False,,3221,standard,bde_llm_count,True,True,1,0,0,0,0,1,8.092,False,False,True,,True,clear_yes,yes,4079,False,standard,False,,7300
CNG_Data2k_variance/files/Q00897.01-0000911584.PDF,Q00897.01-0000911584.PDF,.pdf,54643,ok,True,True,text,True,7,0,118,False,118,True,100+,Name | SSN | Money/Amount,True,Government-Issued Identification | Financial Account Information,True,,clear_responsive,False,,7834,structured_bde,bde_llm_count_roster,True,True,7,0,0,0,0,1,19.921,False,True,True,,True,clear_yes,yes,9353,True,structured_bde,False,,17187
CNG_Data2k_variance/files/Q00897.01-0000248028.PDF,Q00897.01-0000248028.PDF,.pdf,91937,ok,True,False,text,False,1,0,1,False,0,False,0-10,Bank/Account Number | Account Balance | Money/Amount,True,Financial Account Information,False,,ambiguous,True,no,3849,likely_non_responsive,"img_ocr:p1(1/1,+4chars)",False,False,0,1,1,1,0,1,5.325,True,False,False,stage1_nr,False,,,0,False,,False,,3849
CNG_Data2k_variance/files/Q00897.01-0000738515.MSG,Q00897.01-0000738515.MSG,.msg,96768,ok,True,False,text,False,0,0,2,False,0,False,0-10,Name | Email,True,Contact Information,False,,ambiguous,True,yes,4025,standard,,False,False,0,0,0,0,0,0,2.488,False,False,True,,True,borderline,no,4089,False,likely_non_responsive,True,,8114
CNG_Data2k_variance/files/Q00897.01-0000442748.0001.PDF,Q00897.01-0000442748.0001.PDF,.pdf,1060079,ok,True,False,text,False,52,0,26,False,26,False,20-50,Name | Address | Phone | Money/Amount | Health | Work-Related,True,Contact Information | Financial Account Information | Health-Related Information | Work-Related Information,False,,ambiguous,True,yes,15968,standard,bde_llm_count_roster,False,False,0,0,0,0,0,0,8.967,False,False,True,,True,likely_no,no,8478,False,likely_non_responsive,True,,24446
CNG_Data2k_variance/files/Q00897.01-0000766398.0002.DOCX,Q00897.01-0000766398.0002.DOCX,.docx,33013,ok,True,False,text,False,0,0,1,False,0,False,0-10,Health,False,Health-Related Information,False,,ambiguous,True,no,4614,likely_non_responsive,,False,False,0,0,0,0,0,0,1.13,True,False,False,stage1_nr,False,,,0,False,,False,,4614
CNG_Data2k_variance/files/Q00897.01-0000903890.PDF,Q00897.01-0000903890.PDF,.pdf,17544,ok,True,True,text,True,2,0,29,False,2,False,20-50,Name | Address | Phone | Money/Amount,True,Contact Information | Financial Account Information,False,,ambiguous,True,yes,8338,standard,bde_llm_count_roster,True,True,2,0,0,0,0,1,10.128,False,False,True,,True,clear_yes,yes,4631,False,standard,False,,12969
CNG_Data2k_variance/files/Q00897.01-0000890445.PDF,Q00897.01-0000890445.PDF,.pdf,11843,ok,True,False,text,False,1,0,1,False,0,False,0-10,Name | Phone,True,Contact Information,False,,ambiguous,True,yes,3835,standard,,False,False,0,0,0,0,0,0,4.128,False,False,True,,True,borderline,no,3909,False,likely_non_responsive,True,,7744
CNG_Data2k_variance/files/Q00897.01-0000062491.PDF,Q00897.01-0000062491.PDF,.pdf,340635,ok,True,True,text,True,1,0,13,False,0,False,10-20,Name | Address | Phone | Tax ID | Money/Amount,True,Contact Information | Government-Issued Identification | Financial Account Information,False,,ambiguous,True,no,7717,likely_non_responsive,bde_llm_count,True,True,1,0,0,0,0,1,6.733,True,False,False,stage1_nr,False,,,0,False,,False,,7717
CNG_Data2k_variance/files/Q00897.01-0000727741.MSG,Q00897.01-0000727741.MSG,.msg,159232,ok,True,False,text,False,0,0,3,False,0,False,0-10,Name | Email | Money/Amount | Credentials,True,Contact Information | Financial Account Information | Access Credentials,False,,ambiguous,True,yes,4622,standard,,False,False,0,0,0,0,0,0,3.595,False,False,True,,True,likely_no,no,4687,False,likely_non_responsive,True,,9309
CNG_Data2k_variance/files/Q00897.01-0000811685.0001.PDF,Q00897.01-0000811685.0001.PDF,.pdf,4739355,ok,True,False,text,False,11,0,4,False,0,False,0-10,Name | Address | Email | Money/Amount | Work-Related,True,Contact Information | Financial Account Information | Work-Related Information,False,,ambiguous,True,yes,8929,standard,,True,True,11,0,0,0,0,1,10.283,False,False,True,,True,likely_no,no,8987,False,likely_non_responsive,True,,17916
CNG_Data2k_variance/files/Q00897.01-0000699931.MSG,Q00897.01-0000699931.MSG,.msg,317952,ok,True,False,text,False,0,0,5,False,0,False,0-10,Email | Phone | Money/Amount | Health | Work-Related,True,Contact Information | Financial Account Information | Health-Related Information | Work-Related Information,False,,ambiguous,True,no,5899,likely_non_responsive,,False,False,0,0,0,0,0,0,3.902,True,False,False,stage1_nr,False,,,0,False,,False,,5899
CNG_Data2k_variance/files/Q00897.01-0000370772.MSG,Q00897.01-0000370772.MSG,.msg,306176,ok,True,False,text,False,0,0,2,False,0,False,0-10,Address | Email | Phone,True,Contact Information,False,,ambiguous,True,no,4196,likely_non_responsive,,False,False,0,0,0,0,0,0,59.842,True,False,False,stage1_nr,False,,,0,False,,False,,4196
CNG_Data2k_variance/files/Q00897.01-0000544928.0001.PDF,Q00897.01-0000544928.0001.PDF,.pdf,22647,ok,True,False,text,False,1,0,1,False,0,False,0-10,Money/Amount,False,Financial Account Information,False,,clear_non_responsive,False,,0,likely_non_responsive,,False,False,0,0,0,0,0,0,0.033,True,False,False,stage1_nr,False,,,0,False,,False,,0
CNG_Data2k_variance/files/Q00897.01-0000121562.XLSX,Q00897.01-0000121562.XLSX,.xlsx,55590,ok,True,True,text,True,13,0,358,False,358,True,100+,Name | Address,True,Contact Information,True,,ambiguous,True,yes,8284,structured_bde,roster_by_rowcount bde_llm_count_roster,False,False,0,0,0,0,0,0,5.634,False,True,True,,True,clear_yes,yes,4649,True,structured_bde,False,,12933
CNG_Data2k_variance/files/Q00897.01-0000776299.0001.DOCX,Q00897.01-0000776299.0001.DOCX,.docx,56334,ok,True,False,text,False,0,0,3,False,0,False,0-10,Address | Phone | Tax ID | Account Balance | Money/Amount | Health | Work-Related,True,Contact Information | Government-Issued Identification | Financial Account Information | Health-Related Information | Work-Related Information,False,,ambiguous,True,no,8494,likely_non_responsive,,False,False,0,0,0,0,0,0,1.464,True,False,False,stage1_nr,False,,,0,False,,False,,8494
CNG_Data2k_variance/files/Q00897.01-0000889472.PDF,Q00897.01-0000889472.PDF,.pdf,716397,ok,True,False,text,False,121,0,155,False,155,True,100+,Name | Address | Phone | Money/Amount,True,Contact Information | Financial Account Information,True,,ambiguous,True,yes,36501,bde,bde_llm_count_roster,False,False,0,0,0,0,0,0,23.852,False,True,True,,True,likely_yes,yes,18914,True,bde,False,,55415
CNG_Data2k_variance/files/Q00897.01-0000897194.PDF,Q00897.01-0000897194.PDF,.pdf,13777,ok,True,False,text,False,2,0,1,False,0,False,0-10,Money/Amount,False,Financial Account Information,False,,clear_non_responsive,False,,0,likely_non_responsive,,False,False,0,0,0,0,0,0,0.287,True,False,False,stage1_nr,False,,,0,False,,False,,0
CNG_Data2k_variance/files/Q00897.01-0000911961.PDF,Q00897.01-0000911961.PDF,.pdf,11806,ok,True,False,text,False,4,0,0,False,0,False,0-10,,False,,False,,clear_non_responsive,False,,0,likely_non_responsive,,False,False,0,0,0,0,0,0,0.077,True,False,False,stage1_nr,False,,,0,False,,False,,0
CNG_Data2k_variance/files/Q00897.01-0000841781.0031.PDF,Q00897.01-0000841781.0031.PDF,.pdf,19653,ok,True,False,text,False,8,0,1,False,0,False,0-10,Money/Amount | Work-Related,False,Financial Account Information | Work-Related Information,False,,ambiguous,True,no,10626,likely_non_responsive,,False,False,0,0,0,0,0,0,1.665,True,False,False,stage1_nr,False,,,0,False,,False,,10626
CNG_Data2k_variance/files/Q00897.01-0000914195.PDF,Q00897.01-0000914195.PDF,.pdf,160536,ok,True,False,text,False,129,0,14,False,1,False,10-20,Name | Address | Phone | SSN | Money/Amount,True,Contact Information | Government-Issued Identification | Financial Account Information,False,,clear_responsive,False,,7201,standard,bde_llm_count,False,False,0,0,0,0,0,0,5.322,False,False,True,,True,likely_no,no,8132,False,likely_non_responsive,True,,15333
CNG_Data2k_variance/files/Q00897.01-0000818172.MSG,Q00897.01-0000818172.MSG,.msg,473088,ok,True,False,text,False,0,5,8,False,6,False,0-10,Name | Address | Email | Phone | Money/Amount,True,Contact Information | Financial Account Information,False,,ambiguous,True,yes,16637,standard,bde_llm_count,False,False,0,0,0,0,0,0,7.862,False,False,True,,True,likely_yes,yes,8796,False,standard,False,,25433
CNG_Data2k_variance/files/Q00897.01-0000747406.MSG,Q00897.01-0000747406.MSG,.msg,147456,ok,True,False,text,False,0,0,3,False,0,False,0-10,Address | Email | Phone,True,Contact Information,False,,ambiguous,True,no,4268,likely_non_responsive,,False,False,0,0,0,0,0,0,2.331,True,False,False,stage1_nr,False,,,0,False,,False,,4268
CNG_Data2k_variance/files/Q00897.01-0000904551.PDF,Q00897.01-0000904551.PDF,.pdf,20423,ok,True,False,text,False,4,0,1,False,0,False,0-10,Name | Address | Phone | Money/Amount,True,Contact Information | Financial Account Information,False,,ambiguous,True,yes,6018,standard,,False,False,0,0,0,0,0,0,3.739,False,False,True,,True,likely_yes,yes,6110,False,standard,False,,12128
CNG_Data2k_variance/files/Q00897.01-0000252346.PDF,Q00897.01-0000252346.PDF,.pdf,272008,ok,True,False,text,False,1,0,3,False,0,False,0-10,Name | Address | Phone | Money/Amount,True,Contact Information | Financial Account Information,False,,ambiguous,True,no,3870,likely_non_responsive,"img_ocr:p1(1/1,+16chars)",False,False,0,1,1,1,0,1,5.887,True,False,False,stage1_nr,False,,,0,False,,False,,3870
CNG_Data2k_variance/files/Q00897.01-0000466334.MSG,Q00897.01-0000466334.MSG,.msg,113664,ok,True,False,text,False,0,0,3,False,0,False,0-10,Name | Phone | Money/Amount,True,Contact Information | Financial Account Information,False,,ambiguous,True,no,3932,likely_non_responsive,,False,False,0,0,0,0,0,0,1.563,True,False,False,stage1_nr,False,,,0,False,,False,,3932
CNG_Data2k_variance\files\Q00897.01-0000866605.XLS,Q00897.01-0000866605.XLS,.xls,83615,ok,True,True,text,True,3,0,124,False,6,True,100+,Name,False,,True,,ambiguous,True,yes,8606,structured_bde,roster_by_rowcount bde_llm_count_roster,False,False,0,0,0,0,0,0,5.264,False,True,True,,True,clear_yes,yes,4794,True,structured_bde,False,,13400
CNG_Data2k_variance/files/Q00897.01-0000441776.MSG,Q00897.01-0000441776.MSG,.msg,128000,ok,True,False,text,False,0,0,2,False,0,False,0-10,Name | Email | Phone | Money/Amount,True,Contact Information | Financial Account Information,False,,ambiguous,True,yes,4018,standard,,False,False,0,0,0,0,0,0,2.665,False,False,True,,True,likely_no,no,4100,False,likely_non_responsive,True,,8118
CNG_Data2k_variance/files/Q00897.01-0000204377.PDF,Q00897.01-0000204377.PDF,.pdf,146707,ok,True,False,text,False,1,0,1,False,0,False,0-10,Money/Amount,False,Financial Account Information,False,,clear_non_responsive,False,,0,likely_non_responsive,,False,False,0,0,0,0,0,0,0.055,True,False,False,stage1_nr,False,,,0,False,,False,,0
CNG_Data2k_variance/files/Q00897.01-0000767440.0001.PDF,Q00897.01-0000767440.0001.PDF,.pdf,114725,ok,True,False,text,False,2,0,4,False,0,False,0-10,Address | Phone | Money/Amount,True,Contact Information | Financial Account Information,False,,ambiguous,True,no,4130,likely_non_responsive,"img_ocr:p1(1/1,+31chars)",False,False,0,1,1,1,0,1,5.629,True,False,False,stage1_nr,False,,,0,False,,False,,4130
CNG_Data2k_variance/files/Q00897.01-0000021391.PDF,Q00897.01-0000021391.PDF,.pdf,59652,ok,True,False,text,False,1,0,0,False,0,False,0-10,,False,,False,,clear_non_responsive,False,,0,likely_non_responsive,,False,False,0,0,0,0,0,0,0.035,True,False,False,stage1_nr,False,,,0,False,,False,,0
CNG_Data2k_variance/files/Q00897.01-0000658865.MSG,Q00897.01-0000658865.MSG,.msg,795648,ok,True,False,text,False,0,5,10,False,7,False,0-10,Name | Address | Email | Phone,True,Contact Information,False,,ambiguous,True,yes,10434,standard,bde_llm_count,False,False,0,0,0,0,0,0,6.523,False,False,True,,True,likely_no,no,5692,False,likely_non_responsive,True,,16126
CNG_Data2k_variance/files/Q00897.01-0000670744.0004.DOCX,Q00897.01-0000670744.0004.DOCX,.docx,42881,ok,True,False,text,False,0,0,1,False,0,False,0-10,Money/Amount,False,Financial Account Information,False,,clear_non_responsive,False,,0,likely_non_responsive,,False,False,0,0,0,0,0,0,0.059,True,False,False,stage1_nr,False,,,0,False,,False,,0
CNG_Data2k_variance/files/Q00897.01-0000344592.PDF,Q00897.01-0000344592.PDF,.pdf,271989,ok,True,False,text,False,2,0,5,False,0,False,0-10,Name | Phone | Money/Amount,True,Contact Information | Financial Account Information,False,,ambiguous,True,yes,5680,standard,,False,False,0,0,0,0,0,0,3.265,False,False,True,,True,clear_yes,yes,5728,False,standard,False,,11408
CNG_Data2k_variance/files/Q00897.01-0000895182.PDF,Q00897.01-0000895182.PDF,.pdf,70257,ok,True,False,text,False,1,0,1,False,0,False,0-10,Name | Money/Amount | Work-Related,False,Financial Account Information | Work-Related Information,False,,ambiguous,True,yes,3798,standard,,False,False,0,0,0,0,0,0,3.186,False,False,True,,True,likely_yes,yes,3860,False,standard,False,,7658
CNG_Data2k_variance/files/Q00897.01-0000834541.MSG,Q00897.01-0000834541.MSG,.msg,154112,error,False,False,,False,0,0,0,False,0,False,,,False,,False,,,False,,0,review_error,KeyError,False,False,0,0,0,0,0,0,0.658,False,False,False,extract_error,False,,,0,False,,False,,0
CNG_Data2k_variance/files/Q00897.01-0000874512.PDF,Q00897.01-0000874512.PDF,.pdf,124420,ok,True,False,text,False,5,0,1,False,0,False,0-10,Address,True,Contact Information,False,,ambiguous,True,no,11826,likely_non_responsive,,False,False,0,0,0,0,0,0,2.456,True,False,False,stage1_nr,False,,,0,False,,False,,11826
CNG_Data2k_variance/files/Q00897.01-0000242603.PDF,Q00897.01-0000242603.PDF,.pdf,737289,ok,True,False,text,False,10,0,11,False,4,False,10-20,Name | Address | Email | Phone | Bank/Account Number | Money/Amount,True,Contact Information | Financial Account Information,False,,ambiguous,True,yes,10860,standard,bde_llm_count,False,False,0,0,0,0,0,0,6.906,False,False,True,,True,likely_yes,yes,5909,False,standard,False,,16769
CNG_Data2k_variance/files/Q00897.01-0000565463.0001.XLSX,Q00897.01-0000565463.0001.XLSX,.xlsx,53119,ok,True,True,text,True,1,0,434,False,3,False,100+,Money/Amount,False,Financial Account Information,False,,ambiguous,True,no,16027,likely_non_responsive,roster_by_rowcount bde_llm_count,False,False,0,0,0,0,0,0,3.655,True,False,False,stage1_nr,False,,,0,False,,False,,16027
CNG_Data2k_variance/files/Q00897.01-0000911350.PDF,Q00897.01-0000911350.PDF,.pdf,494036,ok,True,True,text,True,15,0,332,False,9,True,100+,Address | Phone | SSN | Money/Amount | Work-Related,True,Contact Information | Government-Issued Identification | Financial Account Information | Work-Related Information,True,,clear_responsive,False,,10951,structured_bde,bde_llm_count_roster,True,True,15,0,0,0,0,1,17.078,False,True,True,,True,clear_yes,yes,11906,True,structured_bde,False,,22857
CNG_Data2k_variance/files/Q00897.01-0000389548.MSG,Q00897.01-0000389548.MSG,.msg,86016,ok,True,False,text,False,0,0,1,False,0,False,0-10,Name | Email | Card/Transaction | Money/Amount,True,Contact Information | Financial Account Information,False,,ambiguous,True,yes,4677,standard,,False,False,0,0,0,0,0,0,3.192,False,False,True,,True,likely_no,no,4733,False,likely_non_responsive,True,,9410
CNG_Data2k_variance/files/Q00897.01-0000913274.PDF,Q00897.01-0000913274.PDF,.pdf,64921,ok,True,True,text,True,2,0,53,False,7,True,50-100,Name | Address | Money/Amount | Credentials,True,Contact Information | Financial Account Information | Access Credentials,True,,ambiguous,True,yes,8144,structured_bde,bde_llm_count_roster,True,True,2,0,0,0,0,1,11.411,False,True,True,,True,clear_yes,yes,4528,True,structured_bde,False,,12672
CNG_Data2k_variance/files/Q00897.01-0000467576.MSG,Q00897.01-0000467576.MSG,.msg,507904,ok,True,False,text,False,0,2,2,False,0,False,0-10,Name | Address | Email | Phone | Money/Amount,True,Contact Information | Financial Account Information,False,,ambiguous,True,no,4579,likely_non_responsive,,False,False,0,0,0,0,0,0,1.77,True,False,False,stage1_nr,False,,,0,False,,False,,4579
CNG_Data2k_variance/files/Q00897.01-0000694144.MSG,Q00897.01-0000694144.MSG,.msg,266752,ok,True,False,text,False,0,0,1,False,0,False,0-10,Name | Address | Email,True,Contact Information,False,,ambiguous,True,no,4948,likely_non_responsive,,False,False,0,0,0,0,0,0,2.156,True,False,False,stage1_nr,False,,,0,False,,False,,4948
CNG_Data2k_variance/files/Q00897.01-0000470524.0005.XLSX,Q00897.01-0000470524.0005.XLSX,.xlsx,71734,ok,True,True,text,True,1,0,325,False,0,False,100+,Phone | Money/Amount,True,Contact Information | Financial Account Information,False,,ambiguous,True,no,21396,likely_non_responsive,bde_llm_count,False,False,0,0,0,0,0,0,3.614,True,False,False,stage1_nr,False,,,0,False,,False,,21396
CNG_Data2k_variance/files/Q00897.01-0000138121.PDF,Q00897.01-0000138121.PDF,.pdf,333671,ok,True,True,text,True,4,0,88,False,0,False,50-100,Address | Phone | Money/Amount,True,Contact Information | Financial Account Information,False,,ambiguous,True,yes,18053,standard,bde_llm_count,True,True,4,0,0,0,0,1,12.101,False,False,True,,True,likely_no,no,9563,True,likely_non_responsive,True,,27616
CNG_Data2k_variance/files/Q00897.01-0000914819.PDF,Q00897.01-0000914819.PDF,.pdf,251612,ok,True,False,text,False,1,0,2,False,0,False,0-10,Name | Email | Work-Related,True,Contact Information | Work-Related Information,False,,ambiguous,True,yes,4070,standard,,False,False,0,0,0,0,0,0,2.557,False,False,True,,True,likely_yes,yes,4130,False,standard,False,,8200
CNG_Data2k_variance/files/Q00897.01-0000391618.MSG,Q00897.01-0000391618.MSG,.msg,113664,ok,True,False,text,False,0,0,1,False,0,False,0-10,Name | Address | Money/Amount,True,Contact Information | Financial Account Information,False,,ambiguous,True,no,4011,likely_non_responsive,,False,False,0,0,0,0,0,0,2.949,True,False,False,stage1_nr,False,,,0,False,,False,,4011
CNG_Data2k_variance/files/Q00897.01-0000619558.MSG,Q00897.01-0000619558.MSG,.msg,6029824,ok,True,False,text,False,0,5,6,False,0,False,0-10,Name | Address | Email | Phone,True,Contact Information,False,,ambiguous,True,yes,5229,standard,,False,False,0,0,0,0,0,0,6.11,False,False,True,,True,likely_no,no,5218,False,likely_non_responsive,True,,10447
CNG_Data2k_variance/files/Q00897.01-0000852887.PDF,Q00897.01-0000852887.PDF,.pdf,67469,ok,True,False,text,False,1,0,1,False,0,False,0-10,Address | Money/Amount,True,Contact Information | Financial Account Information,False,,ambiguous,True,no,4014,likely_non_responsive,,False,False,0,0,0,0,0,0,1.217,True,False,False,stage1_nr,False,,,0,False,,False,,4014
CNG_Data2k_variance/files/Q00897.01-0000014000.PDF,Q00897.01-0000014000.PDF,.pdf,778333,ok,True,True,text,True,2,0,50,False,3,False,20-50,Name | Money/Amount | Work-Related,True,Financial Account Information | Work-Related Information,False,,ambiguous,True,yes,9523,standard,bde_llm_count,True,True,2,0,0,0,0,1,9.996,False,False,True,,True,clear_yes,yes,5210,False,standard,False,,14733
CNG_Data2k_variance/files/Q00897.01-0000766451.0001.DOCX,Q00897.01-0000766451.0001.DOCX,.docx,34284,ok,True,False,text,False,0,0,1,False,0,False,0-10,Health,False,Health-Related Information,False,,ambiguous,True,no,4120,likely_non_responsive,,False,False,0,0,0,0,0,0,1.347,True,False,False,stage1_nr,False,,,0,False,,False,,4120
CNG_Data2k_variance/files/Q00897.01-0000711111.MSG,Q00897.01-0000711111.MSG,.msg,153600,ok,True,False,text,False,0,0,3,False,0,False,0-10,Name | Email,True,Contact Information,False,,ambiguous,True,yes,3943,standard,,False,False,0,0,0,0,0,0,62.071,False,False,True,,True,likely_no,no,4029,False,likely_non_responsive,True,,7972
CNG_Data2k_variance/files/Q00897.01-0000835537.MSG,Q00897.01-0000835537.MSG,.msg,58880,ok,True,False,text,False,0,0,4,False,0,False,0-10,Name | Address | Email | Phone | Date of Birth,True,Contact Information | Birth Information,False,,ambiguous,True,yes,4943,standard,,False,False,0,0,0,0,0,0,4.291,False,False,True,,True,clear_yes,yes,4981,False,standard,False,,9924
CNG_Data2k_variance/files/Q00897.01-0000867430.PDF,Q00897.01-0000867430.PDF,.pdf,56368,ok,True,False,text,False,4,0,2,False,0,False,0-10,Name | Address | Phone,True,Contact Information,False,,ambiguous,True,yes,10446,standard,,False,False,0,0,0,0,0,0,4.226,False,False,True,,True,clear_yes,yes,10533,False,standard,False,,20979
CNG_Data2k_variance/files/Q00897.01-0000291988.PDF,Q00897.01-0000291988.PDF,.pdf,187518,ok,True,False,text,False,2,0,1,False,0,False,0-10,Name | Email | Card/Transaction | Account Balance | Health | Work-Related,True,Contact Information | Financial Account Information | Health-Related Information | Work-Related Information,False,,ambiguous,True,yes,4897,standard,,False,False,0,0,0,0,0,0,4.047,False,False,True,,True,likely_yes,yes,4988,False,standard,False,,9885
CNG_Data2k_variance/files/Q00897.01-0000137012.PDF,Q00897.01-0000137012.PDF,.pdf,11094612,ok,True,True,text,True,15,0,272,False,0,False,100+,Name | Address | Email | Phone | Money/Amount,True,Contact Information | Financial Account Information,False,,ambiguous,True,yes,22478,standard,bde_llm_count,True,True,15,0,0,0,0,1,12.539,False,False,True,,True,likely_no,no,11633,True,likely_non_responsive,True,,34111
CNG_Data2k_variance/files/Q00897.01-0000011174.PDF,Q00897.01-0000011174.PDF,.pdf,194465,ok,True,False,text,False,1,0,14,False,14,False,10-20,Name | Address | Money/Amount | Work-Related,True,Contact Information | Financial Account Information | Work-Related Information,False,,ambiguous,True,yes,33005,standard,bde_llm_count_roster,False,False,0,0,0,0,0,0,6.109,False,False,True,,True,clear_yes,yes,17025,False,standard,False,,50030
CNG_Data2k_variance/files/Q00897.01-0000779841.MSG,Q00897.01-0000779841.MSG,.msg,90112,ok,True,False,text,False,0,2,2,False,0,False,0-10,Name | Address | Email | Phone,True,Contact Information,False,,ambiguous,True,no,3849,likely_non_responsive,,False,False,0,0,0,0,0,0,1.547,True,False,False,stage1_nr,False,,,0,False,,False,,3849
CNG_Data2k_variance/files/Q00897.01-0000910252.PDF,Q00897.01-0000910252.PDF,.pdf,7385,ok,True,False,text,False,1,0,1,False,0,False,0-10,Name | Phone,True,Contact Information,False,,ambiguous,True,yes,3761,standard,,False,False,0,0,0,0,0,0,3.052,False,False,True,,True,borderline,no,3825,False,likely_non_responsive,True,,7586
CNG_Data2k_variance/files/Q00897.01-0000813610.MSG,Q00897.01-0000813610.MSG,.msg,133120,ok,True,False,text,False,0,0,2,False,0,False,0-10,Name | Address | Email | Phone,True,Contact Information,False,,ambiguous,True,no,3921,likely_non_responsive,,False,False,0,0,0,0,0,0,1.281,True,False,False,stage1_nr,False,,,0,False,,False,,3921
CNG_Data2k_variance/files/Q00897.01-0000907138.PDF,Q00897.01-0000907138.PDF,.pdf,10652,ok,True,False,text,False,1,0,1,False,0,False,0-10,Name | Address | Phone | SSN,True,Contact Information | Government-Issued Identification,False,,clear_responsive,False,,0,standard,,False,False,0,0,0,0,0,0,1.752,False,False,True,,True,clear_yes,yes,4203,False,standard,False,,4203
CNG_Data2k_variance/files/Q00897.01-0000363983.MSG,Q00897.01-0000363983.MSG,.msg,295424,ok,True,False,text,False,0,0,1,False,0,False,0-10,Name | Address | Email | Phone | Card Expiry/CVV | Card/Transaction | Money/Amount,True,Contact Information | Financial Account Information,False,,ambiguous,True,yes,5737,standard,,False,False,0,0,0,0,0,0,63.7,False,False,True,,True,likely_no,no,5816,False,likely_non_responsive,True,,11553
CNG_Data2k_variance/files/Q00897.01-0000403826.MSG,Q00897.01-0000403826.MSG,.msg,126464,ok,True,False,text,False,0,0,11,False,2,False,10-20,Name | Address | Email | Phone,True,Contact Information,False,,ambiguous,True,yes,7430,standard,bde_llm_count,False,False,0,0,0,0,0,0,5.622,False,False,True,,True,likely_no,no,4230,False,likely_non_responsive,True,,11660
CNG_Data2k_variance/files/Q00897.01-0000496722.MSG,Q00897.01-0000496722.MSG,.msg,33792,ok,True,False,text,False,0,0,6,False,0,False,0-10,Name | Email | Phone | Card/Transaction | Money/Amount,True,Contact Information | Financial Account Information,False,,ambiguous,True,yes,5596,standard,,False,False,0,0,0,0,0,0,3.948,False,False,True,,True,likely_no,no,5643,False,likely_non_responsive,True,,11239
CNG_Data2k_variance/files/Q00897.01-0000561167.MSG,Q00897.01-0000561167.MSG,.msg,321024,ok,True,False,text,False,0,0,6,False,0,False,0-10,Name | Address | Email | Phone | Money/Amount,True,Contact Information | Financial Account Information,False,,ambiguous,True,yes,5995,standard,,False,False,0,0,0,0,0,0,5.298,False,False,True,,True,likely_no,no,6043,False,likely_non_responsive,True,,12038
CNG_Data2k_variance/files/Q00897.01-0000528203.0001.PDF,Q00897.01-0000528203.0001.PDF,.pdf,22565,ok,True,False,text,False,1,0,1,False,0,False,0-10,Money/Amount,False,Financial Account Information,False,,clear_non_responsive,False,,0,likely_non_responsive,,False,False,0,0,0,0,0,0,0.024,True,False,False,stage1_nr,False,,,0,False,,False,,0
CNG_Data2k_variance/files/Q00897.01-0000735199.MSG,Q00897.01-0000735199.MSG,.msg,449536,ok,True,False,text,False,0,0,1,False,0,False,0-10,Money/Amount | Health | Demographic | Work-Related,False,Financial Account Information | Health-Related Information | Demographic Information | Work-Related Information,False,,ambiguous,True,no,7315,likely_non_responsive,,False,False,0,0,0,0,0,0,4.508,True,False,False,stage1_nr,False,,,0,False,,False,,7315
CNG_Data2k_variance/files/Q00897.01-0000414471.MSG,Q00897.01-0000414471.MSG,.msg,2560512,ok,True,False,text,False,0,2,1,False,0,False,0-10,Name | Address | Email | Phone,True,Contact Information,False,,ambiguous,True,no,4319,likely_non_responsive,,False,False,0,0,0,0,0,0,2.01,True,False,False,stage1_nr,False,,,0,False,,False,,4319
CNG_Data2k_variance/files/Q00897.01-0000112720.PDF,Q00897.01-0000112720.PDF,.pdf,9800,ok,True,False,text,False,1,0,1,False,0,False,0-10,Name | Address | Money/Amount | Health,True,Contact Information | Financial Account Information | Health-Related Information,False,,ambiguous,True,yes,4416,standard,,False,False,0,0,0,0,0,0,2.362,False,False,True,,True,likely_no,no,4479,False,likely_non_responsive,True,,8895
CNG_Data2k_variance/files/Q00897.01-0000908493.PDF,Q00897.01-0000908493.PDF,.pdf,12354,ok,True,False,text,False,1,0,0,False,0,False,0-10,,False,,False,,clear_non_responsive,False,,0,likely_non_responsive,,False,False,0,0,0,0,0,0,0.041,True,False,False,stage1_nr,False,,,0,False,,False,,0
CNG_Data2k_variance/files/Q00897.01-0000012441.PDF,Q00897.01-0000012441.PDF,.pdf,2434396,ok,True,False,text,False,1,0,2,False,0,False,0-10,Name | Address | Email | Phone | SSN | Money/Amount | Work-Related,True,Contact Information | Government-Issued Identification | Financial Account Information | Work-Related Information,False,,clear_responsive,False,,0,standard,,False,False,0,0,0,0,0,0,2.045,False,False,True,,True,clear_yes,yes,4211,False,standard,False,,4211
CNG_Data2k_variance/files/Q00897.01-0000445390.MSG,Q00897.01-0000445390.MSG,.msg,455168,ok,True,False,text,False,0,1,1,False,0,False,0-10,Address | Email | Money/Amount,True,Contact Information | Financial Account Information,False,,ambiguous,True,no,3968,likely_non_responsive,,False,False,0,0,0,0,0,0,1.737,True,False,False,stage1_nr,False,,,0,False,,False,,3968
CNG_Data2k_variance/files/Q00897.01-0000896372.PDF,Q00897.01-0000896372.PDF,.pdf,63586,ok,True,False,text,False,13,0,3,False,0,False,0-10,Name | Address | Phone | Money/Amount | Work-Related,True,Contact Information | Financial Account Information | Work-Related Information,False,,ambiguous,True,yes,14087,standard,,False,False,0,0,0,0,0,0,5.244,False,False,True,,True,clear_yes,yes,14072,False,standard,False,,28159
CNG_Data2k_variance/files/Q00897.01-0000666598.MSG,Q00897.01-0000666598.MSG,.msg,162816,ok,True,False,text,False,0,1,2,False,0,False,0-10,Address | Email | Phone,True,Contact Information,False,,ambiguous,True,no,4291,likely_non_responsive,,False,False,0,0,0,0,0,0,1.209,True,False,False,stage1_nr,False,,,0,False,,False,,4291
CNG_Data2k_variance/files/Q00897.01-0000342034.PDF,Q00897.01-0000342034.PDF,.pdf,276707,ok,True,False,text,False,4,0,3,False,0,False,0-10,Name | Health,True,Health-Related Information,False,,ambiguous,True,no,5864,likely_non_responsive,,True,True,4,0,0,0,0,1,7.504,True,False,False,stage1_nr,False,,,0,False,,False,,5864
CNG_Data2k_variance/files/Q00897.01-0000535942.0001.PDF,Q00897.01-0000535942.0001.PDF,.pdf,23214,ok,True,False,text,False,2,0,1,False,0,False,0-10,Phone,True,Contact Information,False,,ambiguous,True,no,3850,likely_non_responsive,,False,False,0,0,0,0,0,0,1.095,True,False,False,stage1_nr,False,,,0,False,,False,,3850
CNG_Data2k_variance/files/Q00897.01-0000700987.MSG,Q00897.01-0000700987.MSG,.msg,109056,ok,True,False,text,False,0,0,0,False,0,False,0-10,,False,,False,,clear_non_responsive,False,,0,likely_non_responsive,,False,False,0,0,0,0,0,0,0.079,True,False,False,stage1_nr,False,,,0,False,,False,,0
CNG_Data2k_variance/files/Q00897.01-0000665068.0001.XLSX,Q00897.01-0000665068.0001.XLSX,.xlsx,61154,ok,True,True,text,True,1,0,221,False,0,False,100+,Phone | Money/Amount,True,Contact Information | Financial Account Information,False,,ambiguous,True,no,14531,likely_non_responsive,roster_by_rowcount bde_llm_count,False,False,0,0,0,0,0,0,2.96,True,False,False,stage1_nr,False,,,0,False,,False,,14531
CNG_Data2k_variance/files/Q00897.01-0000880950.MSG,Q00897.01-0000880950.MSG,.msg,868864,ok,True,False,text,False,0,1,2,False,0,False,0-10,Name | Address | Phone | Card/Transaction,True,Contact Information | Financial Account Information,False,,ambiguous,True,yes,4320,standard,,False,False,0,0,0,0,0,0,2.823,False,False,True,,True,likely_yes,yes,4369,False,standard,False,,8689
CNG_Data2k_variance/files/Q00897.01-0000541605.0001.PDF,Q00897.01-0000541605.0001.PDF,.pdf,22597,ok,True,False,text,False,1,0,1,False,0,False,0-10,Money/Amount,False,Financial Account Information,False,,clear_non_responsive,False,,0,likely_non_responsive,,False,False,0,0,0,0,0,0,0.028,True,False,False,stage1_nr,False,,,0,False,,False,,0
CNG_Data2k_variance/files/Q00897.01-0000275569.PDF,Q00897.01-0000275569.PDF,.pdf,327826,ok,True,False,text,False,1,0,4,False,0,False,0-10,Name | Address | Email | Phone | Tax ID | Money/Amount,True,Contact Information | Government-Issued Identification | Financial Account Information,False,,ambiguous,True,no,4258,likely_non_responsive,,True,True,1,0,0,0,0,1,8.401,True,False,False,stage1_nr,False,,,0,False,,False,,4258
CNG_Data2k_variance/files/Q00897.01-0000551897.0001.CSV,Q00897.01-0000551897.0001.CSV,.csv,84658,ok,True,True,text,True,0,0,418,False,0,False,100+,Money/Amount,False,Financial Account Information,False,,ambiguous,True,no,14912,likely_non_responsive,roster_by_rowcount bde_llm_count,False,False,0,0,0,0,0,0,3.237,True,False,False,stage1_nr,False,,,0,False,,False,,14912
CNG_Data2k_variance/files/Q00897.01-0000342397.DOCX,Q00897.01-0000342397.DOCX,.docx,24182,ok,True,False,text,False,0,0,0,False,0,False,0-10,,False,,False,,clear_non_responsive,False,,0,likely_non_responsive,,False,False,0,0,0,0,0,0,0.038,True,False,False,stage1_nr,False,,,0,False,,False,,0
CNG_Data2k_variance/files/Q00897.01-0000836038.MSG,Q00897.01-0000836038.MSG,.msg,298496,ok,True,False,text,False,0,7,7,False,6,False,0-10,Name | Address | Email | Phone,True,Contact Information,False,,ambiguous,True,yes,12535,standard,bde_llm_count,False,False,0,0,0,0,0,0,6.722,False,False,True,,True,likely_yes,yes,6756,False,standard,False,,19291
CNG_Data2k_variance/files/Q00897.01-0000499695.0001.PDF,Q00897.01-0000499695.0001.PDF,.pdf,156366,ok,True,True,text,True,12,0,96,False,0,False,50-100,Money/Amount,False,Financial Account Information,False,,ambiguous,True,no,12744,likely_non_responsive,bde_llm_count,True,True,12,0,0,0,0,1,9.188,True,False,False,stage1_nr,False,,,0,False,,False,,12744
CNG_Data2k_variance/files/Q00897.01-0000000659.PDF,Q00897.01-0000000659.PDF,.pdf,390978,ok,True,False,text,False,1,0,2,False,0,False,0-10,Name | Work-Related,True,Work-Related Information,False,,ambiguous,True,yes,3899,standard,,False,False,0,0,0,0,0,0,5.317,False,False,True,,True,clear_yes,yes,3950,False,standard,False,,7849
CNG_Data2k_variance/files/Q00897.01-0000519224.0001.XLSX,Q00897.01-0000519224.0001.XLSX,.xlsx,45515,ok,True,True,text,True,1,0,438,False,1,False,100+,Name | Phone | Money/Amount,True,Contact Information | Financial Account Information,False,,ambiguous,True,yes,17782,standard,roster_by_rowcount bde_llm_count,False,False,0,0,0,0,0,0,64.088,False,False,True,,True,likely_no,no,9351,True,likely_non_responsive,True,,27133
CNG_Data2k_variance/files/Q00897.01-0000224288.PDF,Q00897.01-0000224288.PDF,.pdf,3927549,ok,True,False,text,False,3,0,2,False,0,False,0-10,Name | Email | Phone | Money/Amount,True,Contact Information | Financial Account Information,False,,ambiguous,True,yes,4579,standard,,False,False,0,0,0,0,0,0,3.144,False,False,True,,True,clear_no,no,4640,False,likely_non_responsive,True,,9219
CNG_Data2k_variance/files/Q00897.01-0000001536.PDF,Q00897.01-0000001536.PDF,.pdf,202813,ok,True,False,text,False,6,0,2,False,0,False,0-10,Name | Address | SSN | Date of Birth,True,Contact Information | Government-Issued Identification | Birth Information,False,,clear_responsive,False,,0,standard,,True,True,6,0,0,0,0,1,9.727,False,False,True,,True,clear_yes,yes,5042,False,standard,False,,5042
CNG_Data2k_variance/files/Q00897.01-0000291539.PDF,Q00897.01-0000291539.PDF,.pdf,389205,ok,True,False,text,False,3,0,58,False,58,True,50-100,Name | Phone | Money/Amount,True,Contact Information | Financial Account Information,True,,ambiguous,True,yes,12779,bde,bde_llm_count_roster,False,False,0,0,0,0,0,0,12.786,False,True,True,,True,clear_yes,yes,7049,True,bde,False,,19828
CNG_Data2k_variance/files/Q00897.01-0000536337.0001.PDF,Q00897.01-0000536337.0001.PDF,.pdf,22571,ok,True,False,text,False,1,0,1,False,0,False,0-10,Money/Amount,False,Financial Account Information,False,,clear_non_responsive,False,,0,likely_non_responsive,,False,False,0,0,0,0,0,0,0.024,True,False,False,stage1_nr,False,,,0,False,,False,,0
CNG_Data2k_variance/files/Q00897.01-0000256895.PDF,Q00897.01-0000256895.PDF,.pdf,65396,ok,True,False,text,False,1,0,1,False,0,False,0-10,Money/Amount,False,Financial Account Information,False,,clear_non_responsive,False,,0,likely_non_responsive,,False,False,0,0,0,0,0,0,0.028,True,False,False,stage1_nr,False,,,0,False,,False,,0
CNG_Data2k_variance/files/Q00897.01-0000341791.DOCX,Q00897.01-0000341791.DOCX,.docx,15214,ok,True,False,text,False,0,0,2,False,0,False,0-10,Name | Money/Amount | Student ID,True,Financial Account Information | Student-Related Information,False,,ambiguous,True,yes,3895,standard,,False,False,0,0,0,0,0,0,2.472,False,False,True,,True,likely_no,no,3971,False,likely_non_responsive,True,,7866
CNG_Data2k_variance/files/Q00897.01-0000809649.0001.DOCX,Q00897.01-0000809649.0001.DOCX,.docx,60526,ok,True,False,text,False,0,0,1,False,0,False,0-10,Address | Health,True,Contact Information | Health-Related Information,False,,ambiguous,True,no,5670,likely_non_responsive,,False,False,0,0,0,0,0,0,0.967,True,False,False,stage1_nr,False,,,0,False,,False,,5670
CNG_Data2k_variance/files/Q00897.01-0000298983.XLSX,Q00897.01-0000298983.XLSX,.xlsx,1704595,ok,True,True,text,True,1,0,56,False,0,False,50-100,,False,,False,,ambiguous,True,no,8142,likely_non_responsive,bde_llm_count,False,False,0,0,0,0,0,0,17.25,True,False,False,stage1_nr,False,,,0,False,,False,,8142
CNG_Data2k_variance/files/Q00897.01-0000262623.PDF,Q00897.01-0000262623.PDF,.pdf,537824,ok,True,False,text,False,240,0,115,False,0,False,100+,Phone | Payment Card | Money/Amount,True,Contact Information | Financial Account Information,False,,ambiguous,True,no,28533,likely_non_responsive,bde_llm_count,False,False,0,0,0,0,0,0,6.615,True,False,False,stage1_nr,False,,,0,False,,False,,28533
CNG_Data2k_variance/files/Q00897.01-0000284401.PDF,Q00897.01-0000284401.PDF,.pdf,1822847,ok,True,False,text,False,7,0,12,False,9,False,10-20,Name | Address | Email | Passport | Card/Transaction,True,Contact Information | Government-Issued Identification | Financial Account Information,False,,ambiguous,True,yes,12531,standard,bde_llm_count,True,True,7,0,0,0,0,1,13.482,False,False,True,,True,clear_yes,yes,6708,False,standard,False,,19239
CNG_Data2k_variance/files/Q00897.01-0000777527.MSG,Q00897.01-0000777527.MSG,.msg,112640,ok,True,False,text,False,0,0,0,False,0,False,0-10,,False,,False,,clear_non_responsive,False,,0,likely_non_responsive,,False,False,0,0,0,0,0,0,0.121,True,False,False,stage1_nr,False,,,0,False,,False,,0
CNG_Data2k_variance/files/Q00897.01-0000009338.PDF,Q00897.01-0000009338.PDF,.pdf,470357,ok,True,False,text,False,3,0,7,False,7,False,0-10,Name | Address | Money/Amount | Work-Related,True,Contact Information | Financial Account Information | Work-Related Information,False,,ambiguous,True,yes,9592,standard,bde_llm_count_roster,False,False,0,0,0,0,0,0,6.717,False,False,True,,True,clear_yes,yes,5256,False,standard,False,,14848
CNG_Data2k_variance/files/Q00897.01-0000823719.MSG,Q00897.01-0000823719.MSG,.msg,129024,ok,True,False,text,False,0,1,5,False,0,False,0-10,Name | Address | Email | Phone,True,Contact Information,False,,ambiguous,True,yes,4273,standard,,False,False,0,0,0,0,0,0,2.667,False,False,True,,True,clear_no,no,4351,False,likely_non_responsive,True,,8624
CNG_Data2k_variance/files/Q00897.01-0000702113.MSG,Q00897.01-0000702113.MSG,.msg,181248,ok,True,False,text,False,0,0,1,False,0,False,0-10,Address,True,Contact Information,False,,ambiguous,True,no,3856,likely_non_responsive,,False,False,0,0,0,0,0,0,2.068,True,False,False,stage1_nr,False,,,0,False,,False,,3856
CNG_Data2k_variance/files/Q00897.01-0000894267.PDF,Q00897.01-0000894267.PDF,.pdf,140436,ok,True,False,text,False,21,0,7,False,2,False,0-10,Address | Phone | SSN | Money/Amount | Work-Related,True,Contact Information | Government-Issued Identification | Financial Account Information | Work-Related Information,False,,clear_responsive,False,,13676,standard,bde_llm_count,False,False,0,0,0,0,0,0,5.271,False,False,True,,True,clear_yes,yes,14587,False,standard,False,,28263
CNG_Data2k_variance/files/Q00897.01-0000531605.0001.PDF,Q00897.01-0000531605.0001.PDF,.pdf,22605,ok,True,False,text,False,1,0,1,False,0,False,0-10,Money/Amount,False,Financial Account Information,False,,clear_non_responsive,False,,0,likely_non_responsive,,False,False,0,0,0,0,0,0,0.036,True,False,False,stage1_nr,False,,,0,False,,False,,0
CNG_Data2k_variance/files/Q00897.01-0000868705.TXT,Q00897.01-0000868705.TXT,.txt,9902,ok,True,False,text,False,0,0,15,False,15,False,10-20,Name | Address | Phone | Money/Amount,True,Contact Information | Financial Account Information,False,,ambiguous,True,yes,16617,standard,bde_llm_count,False,False,0,0,0,0,0,0,3.846,False,False,True,,True,likely_no,no,8754,False,likely_non_responsive,True,,25371
CNG_Data2k_variance/files/Q00897.01-0000728203.MSG,Q00897.01-0000728203.MSG,.msg,158720,ok,True,False,text,False,0,0,1,False,0,False,0-10,Address | Email | Money/Amount,True,Contact Information | Financial Account Information,False,,ambiguous,True,no,4127,likely_non_responsive,,False,False,0,0,0,0,0,0,2.063,True,False,False,stage1_nr,False,,,0,False,,False,,4127
CNG_Data2k_variance/files/Q00897.01-0000101949.PDF,Q00897.01-0000101949.PDF,.pdf,22502,ok,True,False,text,False,3,0,3,False,0,False,0-10,Address | Phone | Payment Card | Money/Amount,True,Contact Information | Financial Account Information,False,,ambiguous,True,no,8121,likely_non_responsive,"img_ocr:p1,p2,p3(3/3,+108chars)",False,False,0,3,3,3,0,3,14.358,True,False,False,stage1_nr,False,,,0,False,,False,,8121
CNG_Data2k_variance/files/Q00897.01-0000238674.PDF,Q00897.01-0000238674.PDF,.pdf,799164,ok,True,True,text,True,9,0,13,False,1,False,10-20,Name | Account Balance | Money/Amount | Demographic | Work-Related,False,Financial Account Information | Demographic Information | Work-Related Information,False,,ambiguous,True,yes,17192,standard,bde_llm_count,True,True,9,0,0,0,0,1,13.672,False,False,True,,True,likely_no,no,9102,False,likely_non_responsive,True,,26294
CNG_Data2k_variance/files/Q00897.01-0000260267.PDF,Q00897.01-0000260267.PDF,.pdf,1772230,ok,True,True,text,True,15,0,646,False,51,True,100+,Name | Money/Amount,False,Financial Account Information,True,,ambiguous,True,yes,35512,structured_bde,bde_llm_count,True,True,15,0,0,0,0,1,22.94,False,True,True,,True,likely_yes,yes,18292,True,structured_bde,False,,53804
CNG_Data2k_variance/files/Q00897.01-0000418727.MSG,Q00897.01-0000418727.MSG,.msg,180224,ok,True,False,text,False,0,2,5,False,0,False,0-10,Name | Email | Phone,True,Contact Information,False,,ambiguous,True,yes,4495,standard,,False,False,0,0,0,0,0,0,2.726,False,False,True,,True,likely_no,no,4565,False,likely_non_responsive,True,,9060
CNG_Data2k_variance/files/Q00897.01-0000833935.0004.DOCX,Q00897.01-0000833935.0004.DOCX,.docx,44538,ok,True,False,text,False,0,0,5,False,0,False,0-10,Name | Address | Money/Amount,True,Contact Information | Financial Account Information,False,,ambiguous,True,yes,7062,standard,,False,False,0,0,0,0,0,0,3.325,False,False,True,,True,likely_no,no,7100,False,likely_non_responsive,True,,14162
CNG_Data2k_variance/files/Q00897.01-0000908411.PDF,Q00897.01-0000908411.PDF,.pdf,90697,ok,True,False,text,False,10,0,0,False,0,False,0-10,,False,,False,,clear_non_responsive,False,,0,likely_non_responsive,,False,False,0,0,0,0,0,0,1.399,True,False,False,stage1_nr,False,,,0,False,,False,,0
CNG_Data2k_variance/files/Q00897.01-0000458203.MSG,Q00897.01-0000458203.MSG,.msg,155136,ok,True,False,text,False,0,0,0,False,0,False,0-10,,False,,False,,clear_non_responsive,False,,0,likely_non_responsive,,False,False,0,0,0,0,0,0,0.111,True,False,False,stage1_nr,False,,,0,False,,False,,0
CNG_Data2k_variance/files/Q00897.01-0000174309.PDF,Q00897.01-0000174309.PDF,.pdf,278659,ok,True,True,text,True,1,0,2,False,1,False,0-10,Address | Email | Phone | Money/Amount,True,Contact Information | Financial Account Information,False,,ambiguous,True,no,6776,likely_non_responsive,bde_llm_count,True,True,1,0,0,0,0,1,6.664,True,False,False,stage1_nr,False,,,0,False,,False,,6776
CNG_Data2k_variance/files/Q00897.01-0000466208.0003.XLSX,Q00897.01-0000466208.0003.XLSX,.xlsx,199071,ok,True,True,text,True,13,0,128,False,0,False,100+,Money/Amount,False,Financial Account Information,False,,ambiguous,True,no,7899,likely_non_responsive,bde_llm_count,False,False,0,0,0,0,0,0,3.751,True,False,False,stage1_nr,False,,,0,False,,False,,7899
CNG_Data2k_variance/files/Q00897.01-0000249735.PDF,Q00897.01-0000249735.PDF,.pdf,43476,ok,True,False,text,False,1,0,1,False,0,False,0-10,Name | Bank/Account Number | Money/Amount,True,Financial Account Information,False,,ambiguous,True,no,3902,likely_non_responsive,,False,False,0,0,0,0,0,0,1.453,True,False,False,stage1_nr,False,,,0,False,,False,,3902
CNG_Data2k_variance/files/Q00897.01-0000642542.MSG,Q00897.01-0000642542.MSG,.msg,21504,ok,True,False,text,False,0,0,0,False,0,False,0-10,,False,,False,,clear_non_responsive,False,,0,likely_non_responsive,,False,False,0,0,0,0,0,0,0.04,True,False,False,stage1_nr,False,,,0,False,,False,,0
CNG_Data2k_variance/files/Q00897.01-0000504900.MSG,Q00897.01-0000504900.MSG,.msg,87040,ok,True,False,text,False,0,0,2,False,0,False,0-10,Address | Email,True,Contact Information,False,,ambiguous,True,no,4114,likely_non_responsive,,False,False,0,0,0,0,0,0,2.191,True,False,False,stage1_nr,False,,,0,False,,False,,4114
CNG_Data2k_variance/files/Q00897.01-0000804332.0001.DOCX,Q00897.01-0000804332.0001.DOCX,.docx,191157,ok,True,False,text,False,0,0,0,False,0,False,0-10,,False,,False,,clear_non_responsive,False,,0,likely_non_responsive,,False,False,0,0,0,0,0,0,0.084,True,False,False,stage1_nr,False,,,0,False,,False,,0
CNG_Data2k_variance/files/Q00897.01-0000133012.PDF,Q00897.01-0000133012.PDF,.pdf,5148593,ok,True,True,text,True,15,0,68,False,0,False,50-100,Address | Phone | Money/Amount,True,Contact Information | Financial Account Information,False,,ambiguous,True,no,14657,likely_non_responsive,bde_llm_count,True,True,15,0,0,0,0,1,14.121,True,False,False,stage1_nr,False,,,0,False,,False,,14657
CNG_Data2k_variance/files/Q00897.01-0000107834.PDF,Q00897.01-0000107834.PDF,.pdf,597172,ok,True,False,text,False,1,0,1,False,0,False,0-10,Money/Amount,False,Financial Account Information,False,,clear_non_responsive,False,,0,likely_non_responsive,,True,True,1,0,0,0,0,1,4.321,True,False,False,stage1_nr,False,,,0,False,,False,,0
CNG_Data2k_variance\files\Q00897.01-0000011697.XLS,Q00897.01-0000011697.XLS,.xls,70373,ok,True,True,text,True,2,0,9,False,9,False,0-10,Name | Money/Amount,False,Financial Account Information,False,,ambiguous,True,yes,7883,standard,bde_llm_count_roster,False,False,0,0,0,0,0,0,5.245,False,False,True,,True,likely_yes,yes,4430,False,standard,False,,12313
CNG_Data2k_variance/files/Q00897.01-0000291183.PDF,Q00897.01-0000291183.PDF,.pdf,352769,ok,True,True,text,True,2,0,4,False,3,False,0-10,Name | Address | Email | Phone | Money/Amount | Health,True,Contact Information | Financial Account Information | Health-Related Information,False,,ambiguous,True,yes,7213,standard,bde_llm_count,True,True,2,0,0,0,0,1,10.941,False,False,True,,True,likely_yes,yes,4120,False,standard,False,,11333
CNG_Data2k_variance/files/Q00897.01-0000710624.MSG,Q00897.01-0000710624.MSG,.msg,195072,ok,True,False,text,False,0,0,1,False,0,False,0-10,Name | Address | Email | Money/Amount,True,Contact Information | Financial Account Information,False,,ambiguous,True,yes,4286,standard,,False,False,0,0,0,0,0,0,3.839,False,False,True,,True,likely_yes,yes,4348,False,standard,False,,8634
CNG_Data2k_variance/files/Q00897.01-0000905161.PDF,Q00897.01-0000905161.PDF,.pdf,65057,ok,True,False,text,False,14,0,1,False,0,False,0-10,Name | Address | Money/Amount | Work-Related,True,Contact Information | Financial Account Information | Work-Related Information,False,,ambiguous,True,yes,14115,standard,,False,False,0,0,0,0,0,0,5.107,False,False,True,,True,clear_yes,yes,14161,False,standard,False,,28276
CNG_Data2k_variance\files\Q00897.01-0000496232.0001.DOC,Q00897.01-0000496232.0001.DOC,.doc,18601,ok,True,False,text,False,0,0,0,False,0,False,0-10,,False,,False,,clear_non_responsive,False,,0,likely_non_responsive,,False,False,0,0,0,0,0,0,0.038,True,False,False,stage1_nr,False,,,0,False,,False,,0
CNG_Data2k_variance/files/Q00897.01-0000616730.0001.XLSX,Q00897.01-0000616730.0001.XLSX,.xlsx,1305184,ok,True,True,text,True,22,0,260,False,0,False,100+,Address | Phone | Payment Card | Money/Amount,True,Contact Information | Financial Account Information,False,,ambiguous,True,no,32815,likely_non_responsive,bde_llm_count,False,False,0,0,0,0,0,0,10.781,True,False,False,stage1_nr,False,,,0,False,,False,,32815
CNG_Data2k_variance/files/Q00897.01-0000848996.0003.DOCX,Q00897.01-0000848996.0003.DOCX,.docx,108803,ok,True,False,text,False,0,0,1,False,0,False,0-10,Address,True,Contact Information,False,,ambiguous,True,no,5893,likely_non_responsive,,False,False,0,0,0,0,0,0,63.246,True,False,False,stage1_nr,False,,,0,False,,False,,5893
CNG_Data2k_variance/files/Q00897.01-0000816287.0001.PDF,Q00897.01-0000816287.0001.PDF,.pdf,445083,ok,True,True,text,True,3,0,5,False,2,False,0-10,Name | Address | Phone | Money/Amount | Health,True,Contact Information | Financial Account Information | Health-Related Information,False,,ambiguous,True,yes,9039,standard,bde_llm_count,True,True,3,0,0,0,0,1,9.762,False,False,True,,True,clear_no,no,4994,False,likely_non_responsive,True,,14033
CNG_Data2k_variance/files/Q00897.01-0000340709.PDF,Q00897.01-0000340709.PDF,.pdf,171603,ok,True,False,text,False,1,0,1,False,0,False,0-10,Name | Address,True,Contact Information,False,,ambiguous,True,yes,4967,standard,,True,True,1,0,0,0,0,1,9.007,False,False,True,,True,clear_yes,yes,5025,False,standard,False,,9992
CNG_Data2k_variance/files/Q00897.01-0000258471.0001.PDF,Q00897.01-0000258471.0001.PDF,.pdf,294080,ok,True,False,text,False,3,0,1,False,0,False,0-10,Name | Address | Bank/Account Number | Money/Amount,True,Contact Information | Financial Account Information,False,,ambiguous,True,yes,4427,standard,"img_ocr:p2(1/1,+336chars)",False,False,0,1,1,1,0,1,7.606,False,False,True,,True,likely_no,no,4506,False,likely_non_responsive,True,,8933
CNG_Data2k_variance/files/Q00897.01-0000007976.PDF,Q00897.01-0000007976.PDF,.pdf,1265604,ok,True,True,text,True,3,0,39,False,1,False,20-50,Address | Email | Phone | SSN | Alien Registration | Date of Birth | Birth Certificate | Card Expiry/CVV,True,Contact Information | Government-Issued Identification | Birth Information | Financial Account Information,False,,clear_responsive,False,,5074,standard,bde_llm_count,True,True,3,0,0,0,0,1,10.32,False,False,True,,True,clear_yes,yes,5915,False,standard,False,,10989
CNG_Data2k_variance/files/Q00897.01-0000897422.PDF,Q00897.01-0000897422.PDF,.pdf,19653,ok,True,False,text,False,3,0,1,False,0,False,0-10,Name | Address | Phone | Money/Amount,True,Contact Information | Financial Account Information,False,,ambiguous,True,yes,5960,standard,,False,False,0,0,0,0,0,0,18.363,False,False,True,,True,likely_no,no,6014,False,likely_non_responsive,True,,11974
CNG_Data2k_variance/files/Q00897.01-0000465073.MSG,Q00897.01-0000465073.MSG,.msg,317952,ok,True,False,text,False,0,4,4,False,0,False,0-10,Name,False,,False,,ambiguous,True,no,4504,likely_non_responsive,,False,False,0,0,0,0,0,0,1.47,True,False,False,stage1_nr,False,,,0,False,,False,,4504
CNG_Data2k_variance/files/Q00897.01-0000912141.PDF,Q00897.01-0000912141.PDF,.pdf,17954,ok,True,True,text,True,3,0,66,False,59,True,50-100,Phone | SSN | Money/Amount,True,Contact Information | Government-Issued Identification | Financial Account Information,True,,clear_responsive,False,,4814,structured_bde,bde_llm_count_roster,True,True,3,0,0,0,0,1,13.239,False,True,True,,True,clear_yes,yes,6083,True,structured_bde,False,,10897
CNG_Data2k_variance/files/Q00897.01-0000866696.XLSX,Q00897.01-0000866696.XLSX,.xlsx,14472,ok,True,True,text,True,1,0,51,False,51,True,50-100,Name | Money/Amount,False,Financial Account Information,True,,ambiguous,True,yes,6790,structured_bde,roster_by_rowcount bde_llm_count_roster,False,False,0,0,0,0,0,0,5.131,False,True,True,,True,clear_yes,yes,3864,True,structured_bde,False,,10654
CNG_Data2k_variance/files/Q00897.01-0000134439.PDF,Q00897.01-0000134439.PDF,.pdf,857823,ok,True,True,text,True,5,0,18,False,1,False,10-20,Name | Address | Phone | Money/Amount,True,Contact Information | Financial Account Information,False,,ambiguous,True,yes,9724,standard,bde_llm_count,True,True,5,0,0,0,0,1,12.634,False,False,True,,True,likely_no,no,5322,False,likely_non_responsive,True,,15046
CNG_Data2k_variance/files/Q00897.01-0000849189.MSG,Q00897.01-0000849189.MSG,.msg,32256,error,False,False,,False,0,0,0,False,0,False,,,False,,False,,,False,,0,review_error,MalformedRtf,False,False,0,0,0,0,0,0,0.366,False,False,False,extract_error,False,,,0,False,,False,,0
CNG_Data2k_variance/files/Q00897.01-0000117186.PDF,Q00897.01-0000117186.PDF,.pdf,37155,ok,True,False,text,False,5,0,1,False,0,False,0-10,Money/Amount,False,Financial Account Information,False,,clear_non_responsive,False,,0,likely_non_responsive,,False,False,0,0,0,0,0,0,0.415,True,False,False,stage1_nr,False,,,0,False,,False,,0
CNG_Data2k_variance/files/Q00897.01-0000561346.MSG,Q00897.01-0000561346.MSG,.msg,116736,ok,True,False,text,False,0,0,0,False,0,False,0-10,,False,,False,,clear_non_responsive,False,,0,likely_non_responsive,,False,False,0,0,0,0,0,0,0.504,True,False,False,stage1_nr,False,,,0,False,,False,,0
CNG_Data2k_variance/files/Q00897.01-0000912150.PDF,Q00897.01-0000912150.PDF,.pdf,61671,ok,True,True,text,True,3,0,31,False,5,False,20-50,Address | SSN,True,Contact Information | Government-Issued Identification,False,,clear_responsive,False,,3810,standard,bde_llm_count_roster,True,True,3,0,0,0,0,1,10.644,False,False,True,,True,clear_yes,yes,4702,False,standard,False,,8512
CNG_Data2k_variance/files/Q00897.01-0000258581.0001.PDF,Q00897.01-0000258581.0001.PDF,.pdf,250575,ok,True,False,text,False,3,0,1,False,0,False,0-10,Name | Address | Bank/Account Number | Money/Amount,True,Contact Information | Financial Account Information,False,,ambiguous,True,yes,4297,standard,"img_ocr:p2(1/1,+233chars)",False,False,0,1,1,1,0,1,6.662,False,False,True,,True,likely_no,no,4379,False,likely_non_responsive,True,,8676
CNG_Data2k_variance/files/Q00897.01-0000557252.MSG,Q00897.01-0000557252.MSG,.msg,304128,ok,True,False,text,False,0,0,6,False,0,False,0-10,Name | Address | Email | Phone,True,Contact Information,False,,ambiguous,True,yes,7143,standard,,False,False,0,0,0,0,0,0,6.073,False,False,True,,True,clear_no,no,7198,False,likely_non_responsive,True,,14341
CNG_Data2k_variance/files/Q00897.01-0000549171.0001.PDF,Q00897.01-0000549171.0001.PDF,.pdf,20773,ok,True,False,text,False,1,0,0,False,0,False,0-10,,False,,False,,clear_non_responsive,False,,0,likely_non_responsive,,False,False,0,0,0,0,0,0,0.031,True,False,False,stage1_nr,False,,,0,False,,False,,0
CNG_Data2k_variance/files/Q00897.01-0000840702.0002.PDF,Q00897.01-0000840702.0002.PDF,.pdf,102423,ok,True,True,text,True,5,0,8,False,8,False,0-10,Name | Address | Phone | Money/Amount,True,Contact Information | Financial Account Information,False,,ambiguous,True,yes,11087,standard,bde_llm_count,True,True,5,0,0,0,0,1,72.557,False,False,True,,True,likely_no,no,6000,False,likely_non_responsive,True,,17087
CNG_Data2k_variance/files/Q00897.01-0000897658.PDF,Q00897.01-0000897658.PDF,.pdf,66103,ok,True,False,text,False,13,0,4,False,0,False,0-10,Name | Address | Phone | Money/Amount | Work-Related,True,Contact Information | Financial Account Information | Work-Related Information,False,,ambiguous,True,yes,14261,standard,,False,False,0,0,0,0,0,0,6.482,False,False,True,,True,clear_yes,yes,14280,False,standard,False,,28541
CNG_Data2k_variance/files/Q00897.01-0000543632.0001.PDF,Q00897.01-0000543632.0001.PDF,.pdf,22624,ok,True,False,text,False,1,0,1,False,0,False,0-10,Money/Amount,False,Financial Account Information,False,,clear_non_responsive,False,,0,likely_non_responsive,,False,False,0,0,0,0,0,0,0.028,True,False,False,stage1_nr,False,,,0,False,,False,,0
CNG_Data2k_variance/files/Q00897.01-0000407435.MSG,Q00897.01-0000407435.MSG,.msg,283648,ok,True,False,text,False,0,4,4,False,0,False,0-10,Name | Address | Email | Phone | Money/Amount,True,Contact Information | Financial Account Information,False,,ambiguous,True,yes,6972,standard,,False,False,0,0,0,0,0,0,3.853,False,False,True,,True,likely_no,no,7059,False,likely_non_responsive,True,,14031
CNG_Data2k_variance/files/Q00897.01-0000248969.PDF,Q00897.01-0000248969.PDF,.pdf,210525,ok,True,False,text,False,1,0,1,False,0,False,0-10,Name | Phone | Money/Amount,True,Contact Information | Financial Account Information,False,,ambiguous,True,no,4367,likely_non_responsive,"img_ocr:p1(1/1,+19chars)",False,False,0,1,1,1,0,1,5.978,True,False,False,stage1_nr,False,,,0,False,,False,,4367
CNG_Data2k_variance/files/Q00897.01-0000252515.PDF,Q00897.01-0000252515.PDF,.pdf,383534,ok,True,True,text,True,1,0,36,False,0,False,20-50,Address | Email | Phone | Money/Amount,True,Contact Information | Financial Account Information,False,,ambiguous,True,no,7750,likely_non_responsive,bde_llm_count,True,True,1,0,0,0,0,1,6.702,True,False,False,stage1_nr,False,,,0,False,,False,,7750
CNG_Data2k_variance/files/Q00897.01-0000810349.0001.XLSX,Q00897.01-0000810349.0001.XLSX,.xlsx,58044,ok,True,True,text,True,6,0,577,False,0,True,100+,Address | Money/Amount,True,Contact Information | Financial Account Information,True,,ambiguous,True,yes,9244,structured_bde,roster_by_rowcount bde_llm_count_roster,False,False,0,0,0,0,0,0,4.07,False,True,True,,True,clear_no,no,5067,True,likely_non_responsive,True,,14311
CNG_Data2k_variance/files/Q00897.01-0000259087.PDF,Q00897.01-0000259087.PDF,.pdf,84517,ok,True,False,text,False,2,0,1,False,0,False,0-10,Money/Amount,False,Financial Account Information,False,,clear_non_responsive,False,,0,likely_non_responsive,,False,False,0,0,0,0,0,0,0.069,True,False,False,stage1_nr,False,,,0,False,,False,,0
CNG_Data2k_variance/files/Q00897.01-0000890156.PDF,Q00897.01-0000890156.PDF,.pdf,12268,ok,True,False,text,False,1,0,0,False,0,False,0-10,,False,,False,,clear_non_responsive,False,,0,likely_non_responsive,,False,False,0,0,0,0,0,0,0.032,True,False,False,stage1_nr,False,,,0,False,,False,,0
CNG_Data2k_variance/files/Q00897.01-0000542775.0001.XLSX,Q00897.01-0000542775.0001.XLSX,.xlsx,73822,ok,True,True,text,True,1,0,67,False,0,False,50-100,Phone | Money/Amount,True,Contact Information | Financial Account Information,False,,ambiguous,True,no,17865,likely_non_responsive,bde_llm_count,False,False,0,0,0,0,0,0,61.87,True,False,False,stage1_nr,False,,,0,False,,False,,17865
CNG_Data2k_variance/files/Q00897.01-0000914242.PDF,Q00897.01-0000914242.PDF,.pdf,6833,ok,True,False,text,False,3,0,1,False,0,False,0-10,Name | Address | Phone | Money/Amount,True,Contact Information | Financial Account Information,False,,ambiguous,True,yes,5660,standard,,False,False,0,0,0,0,0,0,3.02,False,False,True,,True,likely_yes,yes,5710,False,standard,False,,11370
CNG_Data2k_variance/files/Q00897.01-0000238423.PDF,Q00897.01-0000238423.PDF,.pdf,823934,ok,True,True,text,True,1,0,2,False,1,False,0-10,Name | Address,True,Contact Information,False,,ambiguous,True,yes,9086,standard,bde_llm_count,True,True,1,0,0,0,0,1,9.079,False,False,True,,True,clear_yes,yes,5017,False,standard,False,,14103
CNG_Data2k_variance/files/Q00897.01-0000288199.XLSX,Q00897.01-0000288199.XLSX,.xlsx,483695,ok,True,True,text,True,1,0,66,False,66,True,50-100,Name,False,,True,,ambiguous,True,yes,7589,structured_bde,roster_by_rowcount bde_llm_count_roster,False,False,0,0,0,0,0,0,4.875,False,True,True,,True,clear_no,no,4173,True,likely_non_responsive,True,,11762
CNG_Data2k_variance/files/Q00897.01-0000906310.PDF,Q00897.01-0000906310.PDF,.pdf,2954390,ok,True,True,text,True,15,0,379,False,379,True,100+,Address | Phone | SSN | Money/Amount | Work-Related,True,Contact Information | Government-Issued Identification | Financial Account Information | Work-Related Information,True,,clear_responsive,False,,12003,structured_bde,bde_llm_count_roster,True,True,15,0,0,0,0,1,25.43,False,True,True,,True,clear_yes,yes,13090,True,structured_bde,False,,25093
CNG_Data2k_variance/files/Q00897.01-0000409469.MSG,Q00897.01-0000409469.MSG,.msg,226304,ok,True,False,text,False,0,0,2,False,0,False,0-10,Address | Email | Phone | Money/Amount | Credentials,True,Contact Information | Financial Account Information | Access Credentials,False,,ambiguous,True,no,4031,likely_non_responsive,,False,False,0,0,0,0,0,0,2.011,True,False,False,stage1_nr,False,,,0,False,,False,,4031
CNG_Data2k_variance/files/Q00897.01-0000779085.0001.PDF,Q00897.01-0000779085.0001.PDF,.pdf,607096,ok,True,False,text,False,1,0,1,False,0,False,0-10,Money/Amount,False,Financial Account Information,False,,clear_non_responsive,False,,0,likely_non_responsive,,True,True,1,0,0,0,0,1,5.35,True,False,False,stage1_nr,False,,,0,False,,False,,0
CNG_Data2k_variance/files/Q00897.01-0000840211.0001.DOCX,Q00897.01-0000840211.0001.DOCX,.docx,18636,ok,True,False,text,False,0,0,1,False,0,False,0-10,Money/Amount,False,Financial Account Information,False,,clear_non_responsive,False,,0,likely_non_responsive,,False,False,0,0,0,0,0,0,0.048,True,False,False,stage1_nr,False,,,0,False,,False,,0
CNG_Data2k_variance/files/Q00897.01-0000754082.MSG,Q00897.01-0000754082.MSG,.msg,102912,ok,True,False,text,False,0,0,27,False,7,False,20-50,Name | Address | Email | Phone | Money/Amount,True,Contact Information | Financial Account Information,False,,ambiguous,True,yes,17629,standard,bde_llm_count,False,False,0,0,0,0,0,0,8.17,False,False,True,,True,likely_no,no,9342,False,likely_non_responsive,True,,26971
CNG_Data2k_variance/files/Q00897.01-0000703160.MSG,Q00897.01-0000703160.MSG,.msg,264192,ok,True,False,text,False,0,0,6,False,0,False,0-10,Name | Address | Email | Phone | Money/Amount,True,Contact Information | Financial Account Information,False,,ambiguous,True,yes,6085,standard,,False,False,0,0,0,0,0,0,3.532,False,False,True,,True,likely_no,no,6164,False,likely_non_responsive,True,,12249
CNG_Data2k_variance/files/Q00897.01-0000867199.PDF,Q00897.01-0000867199.PDF,.pdf,92385,ok,True,False,text,False,2,0,2,False,0,False,0-10,Name | Address | Phone,True,Contact Information,False,,ambiguous,True,yes,5159,standard,,False,False,0,0,0,0,0,0,4.106,False,False,True,,True,clear_yes,yes,5210,False,standard,False,,10369
CNG_Data2k_variance/files/Q00897.01-0000699732.MSG,Q00897.01-0000699732.MSG,.msg,209920,ok,True,False,text,False,0,0,2,False,0,False,0-10,Address | Email | Phone | Credentials,True,Contact Information | Access Credentials,False,,ambiguous,True,no,3939,likely_non_responsive,,False,False,0,0,0,0,0,0,2.008,True,False,False,stage1_nr,False,,,0,False,,False,,3939
CNG_Data2k_variance/files/Q00897.01-0000413804.0002.0003.PDF,Q00897.01-0000413804.0002.0003.PDF,.pdf,387473,ok,True,False,text,False,1,0,1,False,0,False,0-10,Name | Address | Phone,True,Contact Information,False,,ambiguous,True,no,4009,likely_non_responsive,,False,False,0,0,0,0,0,0,6.216,True,False,False,stage1_nr,False,,,0,False,,False,,4009
CNG_Data2k_variance/files/Q00897.01-0000591818.0001.PDF,Q00897.01-0000591818.0001.PDF,.pdf,656703,ok,True,True,text,True,3,0,14,False,1,False,10-20,Name | Money/Amount,False,Financial Account Information,False,,ambiguous,True,no,9875,likely_non_responsive,bde_llm_count,True,True,3,0,0,0,0,1,7.949,True,False,False,stage1_nr,False,,,0,False,,False,,9875
CNG_Data2k_variance/files/Q00897.01-0000008571.PDF,Q00897.01-0000008571.PDF,.pdf,823779,ok,True,False,text,False,37,0,2,False,0,False,0-10,Name | Address | Phone | SSN | Account Balance | Money/Amount,True,Contact Information | Government-Issued Identification | Financial Account Information,False,,clear_responsive,False,,0,standard,"img_ocr:p1,p5,p5(3/3,+46chars)",False,False,0,3,3,3,0,3,22.26,False,False,True,,True,clear_yes,yes,13880,False,standard,False,,13880
CNG_Data2k_variance/files/Q00897.01-0000343812.PDF,Q00897.01-0000343812.PDF,.pdf,138337,ok,True,False,text,False,1,0,1,False,0,False,0-10,Name | Address | Money/Amount | Work-Related,True,Contact Information | Financial Account Information | Work-Related Information,False,,ambiguous,True,yes,4109,standard,,False,False,0,0,0,0,0,0,2.716,False,False,True,,True,clear_yes,yes,4143,False,standard,False,,8252
CNG_Data2k_variance/files/Q00897.01-0000002506.PDF,Q00897.01-0000002506.PDF,.pdf,399127,ok,True,False,text,False,1,0,1,False,0,False,0-10,Name | Work-Related,True,Work-Related Information,False,,ambiguous,True,yes,3898,standard,,False,False,0,0,0,0,0,0,5.433,False,False,True,,True,clear_yes,yes,4010,False,standard,False,,7908
CNG_Data2k_variance/files/Q00897.01-0000889647.PDF,Q00897.01-0000889647.PDF,.pdf,12298,ok,True,False,text,False,1,0,3,False,0,False,0-10,Name | Money/Amount,True,Financial Account Information,False,,ambiguous,True,yes,4240,standard,,False,False,0,0,0,0,0,0,8.645,False,False,True,,True,likely_yes,yes,4281,False,standard,False,,8521
CNG_Data2k_variance/files/Q00897.01-0000359772.MSG,Q00897.01-0000359772.MSG,.msg,247808,ok,True,False,text,False,0,0,5,False,0,False,0-10,Name | Address | Email | Phone | Money/Amount,True,Contact Information | Financial Account Information,False,,ambiguous,True,yes,5621,standard,,False,False,0,0,0,0,0,0,5.105,False,False,True,,True,borderline,no,5671,False,likely_non_responsive,True,,11292
CNG_Data2k_variance/files/Q00897.01-0000837248.0001.PDF,Q00897.01-0000837248.0001.PDF,.pdf,156383,ok,True,False,text,False,7,0,1,False,0,False,0-10,Name | Money/Amount,True,Financial Account Information,False,,ambiguous,True,no,9226,likely_non_responsive,,False,False,0,0,0,0,0,0,3.517,True,False,False,stage1_nr,False,,,0,False,,False,,9226
CNG_Data2k_variance/files/Q00897.01-0000454321.0001.DOCX,Q00897.01-0000454321.0001.DOCX,.docx,30124,ok,True,False,text,False,0,0,4,False,0,False,0-10,Name | Phone,True,Contact Information,False,,ambiguous,True,no,3875,likely_non_responsive,,False,False,0,0,0,0,0,0,1.471,True,False,False,stage1_nr,False,,,0,False,,False,,3875
CNG_Data2k_variance/files/Q00897.01-0000669869.MSG,Q00897.01-0000669869.MSG,.msg,164864,ok,True,False,text,False,0,1,3,False,0,False,0-10,Name | Phone,True,Contact Information,False,,ambiguous,True,no,3730,likely_non_responsive,,False,False,0,0,0,0,0,0,1.159,True,False,False,stage1_nr,False,,,0,False,,False,,3730
CNG_Data2k_variance/files/Q00897.01-0000869549.PDF,Q00897.01-0000869549.PDF,.pdf,26891,ok,True,False,text,False,1,0,2,False,0,False,0-10,Name | Address | Phone | Money/Amount,True,Contact Information | Financial Account Information,False,,ambiguous,True,yes,4413,standard,,False,False,0,0,0,0,0,0,2.935,False,False,True,,True,clear_no,no,4433,False,likely_non_responsive,True,,8846
CNG_Data2k_variance/files/Q00897.01-0000859523.PDF,Q00897.01-0000859523.PDF,.pdf,137442,ok,True,True,text,True,3,0,65,False,3,False,50-100,Name | Address | Email | Phone | Credentials | Health | Work-Related,True,Contact Information | Access Credentials | Health-Related Information | Work-Related Information,False,,ambiguous,True,yes,8740,standard,bde_llm_count,True,True,3,0,0,0,0,1,10.003,False,False,True,,True,clear_yes,yes,4833,True,structured_bde,False,,13573
CNG_Data2k_variance/files/Q00897.01-0000230789.TXT,Q00897.01-0000230789.TXT,.txt,40553,ok,True,False,text,False,0,0,1,False,0,False,0-10,Phone | Money/Amount,True,Contact Information | Financial Account Information,False,,ambiguous,True,no,14450,likely_non_responsive,,False,False,0,0,0,0,0,0,1.181,True,False,False,stage1_nr,False,,,0,False,,False,,14450
CNG_Data2k_variance\files\Q00897.01-0000871243.XLS,Q00897.01-0000871243.XLS,.xls,35404,ok,True,True,text,True,2,0,184,False,184,True,100+,Money/Amount,False,Financial Account Information,True,,ambiguous,True,yes,10732,structured_bde,roster_by_rowcount bde_llm_count_roster,False,False,0,0,0,0,0,0,6.748,False,True,True,,True,likely_yes,yes,5819,True,structured_bde,False,,16551
CNG_Data2k_variance/files/Q00897.01-0000123260.PDF,Q00897.01-0000123260.PDF,.pdf,80538,ok,True,True,text,True,1,0,8,False,1,False,0-10,Name | Address | Phone | Card Expiry/CVV | Money/Amount,True,Contact Information | Financial Account Information,False,,ambiguous,True,yes,7473,standard,bde_llm_count,True,True,1,0,0,0,0,1,10.869,False,False,True,,True,likely_yes,yes,4190,False,standard,False,,11663
CNG_Data2k_variance/files/Q00897.01-0000242113.XLSX,Q00897.01-0000242113.XLSX,.xlsx,20084,ok,True,True,text,True,2,0,62,False,0,False,50-100,Address | Phone | Money/Amount,True,Contact Information | Financial Account Information,False,,ambiguous,True,yes,12175,standard,roster_by_rowcount bde_llm_count,False,False,0,0,0,0,0,0,4.542,False,False,True,,True,clear_no,no,6517,True,likely_non_responsive,True,,18692
CNG_Data2k_variance/files/Q00897.01-0000424208.MSG,Q00897.01-0000424208.MSG,.msg,162816,ok,True,False,text,False,0,0,2,False,0,False,0-10,Name | Address | Health,True,Contact Information | Health-Related Information,False,,ambiguous,True,yes,3952,standard,,False,False,0,0,0,0,0,0,3.016,False,False,True,,True,likely_no,no,4028,False,likely_non_responsive,True,,7980
CNG_Data2k_variance/files/Q00897.01-0000262497.PDF,Q00897.01-0000262497.PDF,.pdf,727554,ok,True,False,text,False,317,0,149,False,0,False,100+,Address | Phone | Payment Card | Money/Amount,True,Contact Information | Financial Account Information,False,,ambiguous,True,no,27518,likely_non_responsive,bde_llm_count,False,False,0,0,0,0,0,0,9.677,True,False,False,stage1_nr,False,,,0,False,,False,,27518
CNG_Data2k_variance/files/Q00897.01-0000015565.XLSX,Q00897.01-0000015565.XLSX,.xlsx,215385,ok,True,True,text,True,3,0,277,False,277,True,100+,Name | Money/Amount,False,Financial Account Information,True,,ambiguous,True,yes,12364,structured_bde,bde_llm_count_roster,False,False,0,0,0,0,0,0,5.159,False,True,True,,True,clear_yes,yes,6668,True,structured_bde,False,,19032
CNG_Data2k_variance\files\Q00897.01-0000501981.0001.XLS,Q00897.01-0000501981.0001.XLS,.xls,99445,ok,True,True,text,True,1,0,718,False,2,False,100+,Name | Phone | Money/Amount,True,Contact Information | Financial Account Information,False,,ambiguous,True,yes,14072,standard,roster_by_rowcount bde_llm_count,False,False,0,0,0,0,0,0,4.868,False,False,True,,True,likely_no,no,7512,True,likely_non_responsive,True,,21584
CNG_Data2k_variance/files/Q00897.01-0000264602.XLSX,Q00897.01-0000264602.XLSX,.xlsx,27747,ok,True,True,text,True,5,0,325,False,0,False,100+,Money/Amount,False,Financial Account Information,False,,ambiguous,True,no,8022,likely_non_responsive,bde_llm_count,False,False,0,0,0,0,0,0,2.545,True,False,False,stage1_nr,False,,,0,False,,False,,8022
CNG_Data2k_variance/files/Q00897.01-0000805561.0002.DOCX,Q00897.01-0000805561.0002.DOCX,.docx,145180,ok,True,False,text,False,0,0,1,False,0,False,0-10,Email | Money/Amount | Health | Demographic | Work-Related,True,Contact Information | Financial Account Information | Health-Related Information | Demographic Information | Work-Related Information,False,,ambiguous,True,no,8370,likely_non_responsive,,False,False,0,0,0,0,0,0,1.144,True,False,False,stage1_nr,False,,,0,False,,False,,8370
CNG_Data2k_variance/files/Q00897.01-0000288794.PDF,Q00897.01-0000288794.PDF,.pdf,3702452,ok,True,False,text,False,5,0,1,False,0,False,0-10,Money/Amount,False,Financial Account Information,False,,clear_non_responsive,False,,0,likely_non_responsive,"img_ocr:p2,p4(2/2,+36chars)",False,False,0,2,2,2,0,2,12.817,True,False,False,stage1_nr,False,,,0,False,,False,,0
CNG_Data2k_variance/files/Q00897.01-0000110577.PDF,Q00897.01-0000110577.PDF,.pdf,1792198,ok,True,False,text,False,3,0,3,False,0,False,0-10,Name | Card Expiry/CVV,False,Financial Account Information,False,,ambiguous,True,no,5232,likely_non_responsive,,True,True,3,0,0,0,0,1,6.881,True,False,False,stage1_nr,False,,,0,False,,False,,5232
CNG_Data2k_variance/files/Q00897.01-0000293104.PDF,Q00897.01-0000293104.PDF,.pdf,3947839,ok,True,False,text,False,27,0,1,False,0,False,0-10,Money/Amount,False,Financial Account Information,False,,clear_non_responsive,False,,0,likely_non_responsive,,False,False,0,0,0,0,0,0,3.918,True,False,False,stage1_nr,False,,,0,False,,False,,0
CNG_Data2k_variance/files/Q00897.01-0000889699.PDF,Q00897.01-0000889699.PDF,.pdf,22257,ok,True,False,text,False,6,0,1,False,0,False,0-10,Address | Phone | Money/Amount,True,Contact Information | Financial Account Information,False,,ambiguous,True,no,6223,likely_non_responsive,,False,False,0,0,0,0,0,0,1.464,True,False,False,stage1_nr,False,,,0,False,,False,,6223
CNG_Data2k_variance/files/Q00897.01-0000686436.MSG,Q00897.01-0000686436.MSG,.msg,265728,ok,True,False,text,False,0,0,2,False,0,False,0-10,Name | Address | Email | Money/Amount | Work-Related,True,Contact Information | Financial Account Information | Work-Related Information,False,,ambiguous,True,yes,5543,standard,,False,False,0,0,0,0,0,0,4.024,False,False,True,,True,borderline,no,5619,False,likely_non_responsive,True,,11162
CNG_Data2k_variance/files/Q00897.01-0000463242.0001.PDF,Q00897.01-0000463242.0001.PDF,.pdf,50299,ok,True,False,text,False,3,0,2,False,0,False,0-10,Name | Address | Phone | Card/Transaction | Money/Amount,True,Contact Information | Financial Account Information,False,,ambiguous,True,yes,4685,standard,,False,False,0,0,0,0,0,0,3.28,False,False,True,,True,likely_no,no,4731,False,likely_non_responsive,True,,9416
CNG_Data2k_variance/files/Q00897.01-0000554638.0001.XLSX,Q00897.01-0000554638.0001.XLSX,.xlsx,91710,ok,True,True,text,True,4,0,146,False,26,False,100+,Name | Money/Amount,False,Financial Account Information,False,,ambiguous,True,yes,11020,standard,bde_llm_count,False,False,0,0,0,0,0,0,7.155,False,False,True,,True,clear_no,no,5796,True,likely_non_responsive,True,,16816
CNG_Data2k_variance/files/Q00897.01-0000888517.PDF,Q00897.01-0000888517.PDF,.pdf,3075319,ok,True,False,text,False,309,0,230,False,3,False,100+,Address | Phone | SSN | Money/Amount | Work-Related,True,Contact Information | Government-Issued Identification | Financial Account Information | Work-Related Information,False,,clear_responsive,False,,14495,standard,bde_llm_count,False,False,0,0,0,0,0,0,70.661,False,False,True,,True,clear_yes,yes,15458,True,bde,False,,29953
CNG_Data2k_variance/files/Q00897.01-0000519131.0001.XLSX,Q00897.01-0000519131.0001.XLSX,.xlsx,93639,ok,True,True,text,True,1,0,366,False,1,False,100+,Name | Phone | Money/Amount,True,Contact Information | Financial Account Information,False,,ambiguous,True,yes,18454,standard,bde_llm_count,False,False,0,0,0,0,0,0,5.046,False,False,True,,True,likely_no,no,9698,True,likely_non_responsive,True,,28152
CNG_Data2k_variance/files/Q00897.01-0000129283.PDF,Q00897.01-0000129283.PDF,.pdf,2911099,ok,True,True,text,True,13,0,49,False,0,False,20-50,Name | Phone | Money/Amount,True,Contact Information | Financial Account Information,False,,ambiguous,True,yes,13454,standard,bde_llm_count,True,True,13,0,0,0,0,1,13.361,False,False,True,,True,clear_no,no,7187,False,likely_non_responsive,True,,20641
CNG_Data2k_variance/files/Q00897.01-0000662824.0001.PDF,Q00897.01-0000662824.0001.PDF,.pdf,54958,ok,True,False,text,False,1,0,2,False,0,False,0-10,Name | Address | Email | Phone | Money/Amount,True,Contact Information | Financial Account Information,False,,ambiguous,True,yes,3988,standard,,True,True,1,0,0,0,0,1,7.463,False,False,True,,True,likely_no,no,4049,False,likely_non_responsive,True,,8037
CNG_Data2k_variance/files/Q00897.01-0000890991.PDF,Q00897.01-0000890991.PDF,.pdf,28014,ok,True,False,text,False,6,0,40,False,40,False,20-50,Name | Phone,True,Contact Information,False,,ambiguous,True,yes,12575,standard,bde_llm_count_roster,False,False,0,0,0,0,0,0,13.151,False,False,True,,True,likely_yes,yes,6872,False,standard,False,,19447
CNG_Data2k_variance/files/Q00897.01-0000138036.PDF,Q00897.01-0000138036.PDF,.pdf,697209,ok,True,True,text,True,2,0,39,False,3,False,20-50,Name | Address | Phone | Money/Amount,True,Contact Information | Financial Account Information,False,,ambiguous,True,yes,12525,standard,bde_llm_count,True,True,2,0,0,0,0,1,12.019,False,False,True,,True,clear_no,no,6661,False,likely_non_responsive,True,,19186
CNG_Data2k_variance/files/Q00897.01-0000064044.PDF,Q00897.01-0000064044.PDF,.pdf,360808,ok,True,True,text,True,1,0,10,False,0,False,0-10,Name | Address | Email | Phone | Money/Amount,True,Contact Information | Financial Account Information,False,,ambiguous,True,no,7004,likely_non_responsive,bde_llm_count,True,True,1,0,0,0,0,1,6.318,True,False,False,stage1_nr,False,,,0,False,,False,,7004
CNG_Data2k_variance/files/Q00897.01-0000913271.PDF,Q00897.01-0000913271.PDF,.pdf,8967,ok,True,False,text,False,2,0,0,False,0,False,0-10,,False,,False,,clear_non_responsive,False,,0,likely_non_responsive,,False,False,0,0,0,0,0,0,0.058,True,False,False,stage1_nr,False,,,0,False,,False,,0
CNG_Data2k_variance/files/Q00897.01-0000010221.PDF,Q00897.01-0000010221.PDF,.pdf,177554,ok,True,True,text,True,1,0,28,False,1,False,20-50,Name | Address | Money/Amount | Work-Related,True,Contact Information | Financial Account Information | Work-Related Information,False,,ambiguous,True,yes,7368,standard,bde_llm_count,True,True,1,0,0,0,0,1,9.905,False,False,True,,True,clear_yes,yes,4163,False,standard,False,,11531
CNG_Data2k_variance/files/Q00897.01-0000892721.PDF,Q00897.01-0000892721.PDF,.pdf,11830,ok,True,False,text,False,1,0,0,False,0,False,0-10,,False,,False,,clear_non_responsive,False,,0,likely_non_responsive,,False,False,0,0,0,0,0,0,0.031,True,False,False,stage1_nr,False,,,0,False,,False,,0
CNG_Data2k_variance/files/Q00897.01-0000559300.0001.XLSX,Q00897.01-0000559300.0001.XLSX,.xlsx,45915,ok,True,True,text,True,1,0,582,False,0,False,100+,,False,,False,,ambiguous,True,no,11627,likely_non_responsive,roster_by_rowcount bde_llm_count,False,False,0,0,0,0,0,0,3.208,True,False,False,stage1_nr,False,,,0,False,,False,,11627
CNG_Data2k_variance/files/Q00897.01-0000020867.PDF,Q00897.01-0000020867.PDF,.pdf,395918,ok,True,False,text,False,1,0,2,False,0,False,0-10,Name | Address | Email | Phone | SSN | Money/Amount | Work-Related,True,Contact Information | Government-Issued Identification | Financial Account Information | Work-Related Information,False,,clear_responsive,False,,0,standard,,False,False,0,0,0,0,0,0,1.795,False,False,True,,True,clear_yes,yes,4302,False,standard,False,,4302
CNG_Data2k_variance/files/Q00897.01-0000846307.MSG,Q00897.01-0000846307.MSG,.msg,200192,ok,True,False,text,False,0,3,6,False,0,False,0-10,Name | Address | Email | Phone,True,Contact Information,False,,ambiguous,True,yes,4961,standard,,False,False,0,0,0,0,0,0,62.424,False,False,True,,True,likely_no,no,5028,False,likely_non_responsive,True,,9989
CNG_Data2k_variance/files/Q00897.01-0000901735.PDF,Q00897.01-0000901735.PDF,.pdf,19808,ok,True,False,text,False,3,0,1,False,0,False,0-10,Name | Address | Phone | Money/Amount,True,Contact Information | Financial Account Information,False,,ambiguous,True,yes,5766,standard,,False,False,0,0,0,0,0,0,5.553,False,False,True,,True,likely_yes,yes,5813,False,standard,False,,11579
CNG_Data2k_variance/files/Q00897.01-0000116509.PDF,Q00897.01-0000116509.PDF,.pdf,310527,ok,True,True,text,True,1,0,42,False,0,False,20-50,Money/Amount,False,Financial Account Information,False,,ambiguous,True,no,11368,likely_non_responsive,bde_llm_count,True,True,1,0,0,0,0,1,13.941,True,False,False,stage1_nr,False,,,0,False,,False,,11368
CNG_Data2k_variance/files/Q00897.01-0000528849.0001.PDF,Q00897.01-0000528849.0001.PDF,.pdf,22565,ok,True,False,text,False,1,0,1,False,0,False,0-10,Money/Amount,False,Financial Account Information,False,,clear_non_responsive,False,,0,likely_non_responsive,,False,False,0,0,0,0,0,0,0.026,True,False,False,stage1_nr,False,,,0,False,,False,,0
CNG_Data2k_variance/files/Q00897.01-0000632257.MSG,Q00897.01-0000632257.MSG,.msg,58368,ok,True,False,text,False,0,1,5,False,0,False,0-10,Name | Address | Email | Phone,True,Contact Information,False,,ambiguous,True,yes,4619,standard,,False,False,0,0,0,0,0,0,5.186,False,False,True,,True,likely_no,no,4625,False,likely_non_responsive,True,,9244
CNG_Data2k_variance/files/Q00897.01-0000869602.TXT,Q00897.01-0000869602.TXT,.txt,171971,ok,True,False,text,False,0,0,57,False,0,False,50-100,Phone | SSN | Payment Card | Card Expiry/CVV | Money/Amount | Credentials,True,Contact Information | Government-Issued Identification | Financial Account Information | Access Credentials,False,,clear_responsive,False,,10471,standard,bde_llm_count,False,False,0,0,0,0,0,0,2.796,False,False,True,,True,clear_no,no,11410,True,likely_non_responsive,True,,21881
CNG_Data2k_variance/files/Q00897.01-0000133491.PDF,Q00897.01-0000133491.PDF,.pdf,724388,ok,True,True,text,True,5,0,32,False,0,False,20-50,Money/Amount,False,Financial Account Information,False,,ambiguous,True,no,9568,likely_non_responsive,bde_llm_count,True,True,5,0,0,0,0,1,11.514,True,False,False,stage1_nr,False,,,0,False,,False,,9568
CNG_Data2k_variance/files/Q00897.01-0000914409.PDF,Q00897.01-0000914409.PDF,.pdf,100156,ok,True,False,text,False,2,0,3,False,0,False,0-10,Name | Address | Phone | Money/Amount | Work-Related,True,Contact Information | Financial Account Information | Work-Related Information,False,,ambiguous,True,yes,5397,standard,"img_ocr:p2(1/1,+6chars)",False,False,0,1,1,1,0,1,7.621,False,False,True,,True,clear_yes,yes,5442,False,standard,False,,10839
CNG_Data2k_variance/files/Q00897.01-0000436185.MSG,Q00897.01-0000436185.MSG,.msg,145408,ok,True,False,text,False,0,3,4,False,0,False,0-10,Name | Address | Email | Phone | Money/Amount,True,Contact Information | Financial Account Information,False,,ambiguous,True,yes,4216,standard,,False,False,0,0,0,0,0,0,3.563,False,False,True,,True,likely_no,no,4319,False,likely_non_responsive,True,,8535
CNG_Data2k_variance/files/Q00897.01-0000016818.PDF,Q00897.01-0000016818.PDF,.pdf,904761,ok,True,True,text,True,4,0,61,False,2,False,50-100,Name | Address | Email | Phone | Money/Amount,True,Contact Information | Financial Account Information,False,,ambiguous,True,yes,8729,standard,bde_llm_count,True,True,4,0,0,0,0,1,9.654,False,False,True,,True,clear_yes,yes,4811,True,structured_bde,False,,13540
CNG_Data2k_variance/files/Q00897.01-0000294628.PDF,Q00897.01-0000294628.PDF,.pdf,143739,ok,True,False,text,False,2,0,2,False,0,False,0-10,Name | Address | Phone | Account Balance | Money/Amount,True,Contact Information | Financial Account Information,False,,ambiguous,True,yes,4714,standard,"img_ocr:p1,p1(2/2,+35chars)",False,False,0,2,2,2,0,2,11.07,False,False,True,,True,likely_yes,yes,4769,False,standard,False,,9483
CNG_Data2k_variance/files/Q00897.01-0000659242.MSG,Q00897.01-0000659242.MSG,.msg,179712,ok,True,False,text,False,0,1,6,False,0,False,0-10,Name | Address | Email | Phone,True,Contact Information,False,,ambiguous,True,yes,5077,standard,,False,False,0,0,0,0,0,0,5.307,False,False,True,,True,clear_no,no,5133,False,likely_non_responsive,True,,10210
CNG_Data2k_variance/files/Q00897.01-0000362315.MSG,Q00897.01-0000362315.MSG,.msg,153088,ok,True,False,text,False,0,0,3,False,0,False,0-10,Name | Address | Email | Phone | Money/Amount,True,Contact Information | Financial Account Information,False,,ambiguous,True,no,4281,likely_non_responsive,,False,False,0,0,0,0,0,0,2.233,True,False,False,stage1_nr,False,,,0,False,,False,,4281
CNG_Data2k_variance/files/Q00897.01-0000746282.MSG,Q00897.01-0000746282.MSG,.msg,227328,ok,True,False,text,False,0,0,2,False,0,False,0-10,Address | Email | Phone | Money/Amount | Health,True,Contact Information | Financial Account Information | Health-Related Information,False,,ambiguous,True,no,4591,likely_non_responsive,,False,False,0,0,0,0,0,0,1.607,True,False,False,stage1_nr,False,,,0,False,,False,,4591
CNG_Data2k_variance\files\Q00897.01-0000856479.XLS,Q00897.01-0000856479.XLS,.xls,71286,ok,True,True,text,True,2,0,4,False,2,False,0-10,Name | Address | Phone,True,Contact Information,False,,ambiguous,True,yes,8110,standard,bde_llm_count_roster,False,False,0,0,0,0,0,0,4.215,False,False,True,,True,clear_yes,yes,4536,False,standard,False,,12646
CNG_Data2k_variance/files/Q00897.01-0000456825.MSG,Q00897.01-0000456825.MSG,.msg,189440,ok,True,False,text,False,0,0,2,False,0,False,0-10,Name | Address | Email | Phone | Card/Transaction | Money/Amount,True,Contact Information | Financial Account Information,False,,ambiguous,True,yes,5058,standard,,False,False,0,0,0,0,0,0,3.734,False,False,True,,True,likely_no,no,5108,False,likely_non_responsive,True,,10166
CNG_Data2k_variance/files/Q00897.01-0000276334.PDF,Q00897.01-0000276334.PDF,.pdf,293241,ok,True,False,text,False,1,0,2,False,0,False,0-10,Name | Address | Phone | Tax ID | Money/Amount,True,Contact Information | Government-Issued Identification | Financial Account Information,False,,ambiguous,True,no,4062,likely_non_responsive,,True,True,1,0,0,0,0,1,5.607,True,False,False,stage1_nr,False,,,0,False,,False,,4062
CNG_Data2k_variance/files/Q00897.01-0000431602.MSG,Q00897.01-0000431602.MSG,.msg,2468864,ok,True,False,text,False,0,3,10,False,7,False,0-10,Name | Email | Phone | Money/Amount,True,Contact Information | Financial Account Information,False,,ambiguous,True,yes,11142,standard,bde_llm_count,False,False,0,0,0,0,0,0,5.205,False,False,True,,True,likely_no,no,6021,False,likely_non_responsive,True,,17163
CNG_Data2k_variance/files/Q00897.01-0000620055.MSG,Q00897.01-0000620055.MSG,.msg,130048,ok,True,False,text,False,0,1,11,False,6,False,10-20,Name | Address | Email | Phone | Money/Amount,True,Contact Information | Financial Account Information,False,,ambiguous,True,yes,16713,standard,bde_llm_count,False,False,0,0,0,0,0,0,8.759,False,False,True,,True,likely_no,no,8803,False,likely_non_responsive,True,,25516
CNG_Data2k_variance/files/Q00897.01-0000830766.MSG,Q00897.01-0000830766.MSG,.msg,161792,ok,True,False,text,False,0,2,6,False,0,False,0-10,Name | Address | Email | Phone,True,Contact Information,False,,ambiguous,True,yes,5228,standard,,False,False,0,0,0,0,0,0,4.103,False,False,True,,True,likely_no,no,5259,False,likely_non_responsive,True,,10487
CNG_Data2k_variance/files/Q00897.01-0000668953.MSG,Q00897.01-0000668953.MSG,.msg,486400,ok,True,False,text,False,0,3,0,False,0,False,0-10,,False,,False,,clear_non_responsive,False,,0,likely_non_responsive,,False,False,0,0,0,0,0,0,0.288,True,False,False,stage1_nr,False,,,0,False,,False,,0
CNG_Data2k_variance/files/Q00897.01-0000538185.0001.PDF,Q00897.01-0000538185.0001.PDF,.pdf,24611,ok,True,False,text,False,2,0,0,False,0,False,0-10,,False,,False,,clear_non_responsive,False,,0,likely_non_responsive,,False,False,0,0,0,0,0,0,0.029,True,False,False,stage1_nr,False,,,0,False,,False,,0
CNG_Data2k_variance/files/Q00897.01-0000132452.PDF,Q00897.01-0000132452.PDF,.pdf,2504134,ok,True,True,text,True,13,0,58,False,1,False,50-100,Name | Phone | Money/Amount,True,Contact Information | Financial Account Information,False,,ambiguous,True,yes,13264,standard,bde_llm_count,True,True,13,0,0,0,0,1,16.277,False,False,True,,True,likely_no,no,7205,True,likely_non_responsive,True,,20469
CNG_Data2k_variance/files/Q00897.01-0000898722.PDF,Q00897.01-0000898722.PDF,.pdf,11836,ok,True,False,text,False,1,0,0,False,0,False,0-10,,False,,False,,clear_non_responsive,False,,0,likely_non_responsive,,False,False,0,0,0,0,0,0,0.031,True,False,False,stage1_nr,False,,,0,False,,False,,0
CNG_Data2k_variance/files/Q00897.01-0000824105.0001.PDF,Q00897.01-0000824105.0001.PDF,.pdf,241496,ok,True,False,text,False,5,0,3,False,0,False,0-10,Name | Address | Email | Phone | Money/Amount | Health,True,Contact Information | Financial Account Information | Health-Related Information,False,,ambiguous,True,yes,7730,standard,,False,False,0,0,0,0,0,0,3.741,False,False,True,,True,borderline,no,7774,False,likely_non_responsive,True,,15504
CNG_Data2k_variance/files/Q00897.01-0000571869.0001.XLSX,Q00897.01-0000571869.0001.XLSX,.xlsx,79853,ok,True,True,text,True,4,0,148,False,148,True,100+,Name | Payment Card | Money/Amount,True,Financial Account Information,True,,ambiguous,True,yes,10932,structured_bde,bde_llm_count_roster,False,False,0,0,0,0,0,0,7.528,False,True,True,,True,likely_no,no,6011,True,likely_non_responsive,True,,16943
CNG_Data2k_variance/files/Q00897.01-0000294799.PDF,Q00897.01-0000294799.PDF,.pdf,818825,ok,True,True,text,True,6,0,134,False,2,True,100+,Name | Address | Phone | Account Balance | Money/Amount,True,Contact Information | Financial Account Information,True,,ambiguous,True,yes,11485,structured_bde,bde_llm_count_roster,True,True,6,0,0,0,0,1,11.303,False,True,True,,True,likely_no,no,6213,True,likely_non_responsive,True,,17698
CNG_Data2k_variance/files/Q00897.01-0000913998.PDF,Q00897.01-0000913998.PDF,.pdf,245930,ok,True,False,text,False,2,0,4,False,0,False,0-10,Name | Phone | SSN | Health,True,Contact Information | Government-Issued Identification | Health-Related Information,False,,clear_responsive,False,,0,standard,"img_ocr:p1(1/1,+6chars)",False,False,0,1,1,1,0,1,6.597,False,False,True,,True,clear_yes,yes,5453,False,standard,False,,5453
CNG_Data2k_variance\files\Q00897.01-0000851399.XLS,Q00897.01-0000851399.XLS,.xls,21901,ok,True,True,text,True,1,0,66,False,0,False,50-100,Money/Amount,False,Financial Account Information,False,,ambiguous,True,no,7290,likely_non_responsive,roster_by_rowcount bde_llm_count,False,False,0,0,0,0,0,0,2.812,True,False,False,stage1_nr,False,,,0,False,,False,,7290
CNG_Data2k_variance/files/Q00897.01-0000608055.0001.PDF,Q00897.01-0000608055.0001.PDF,.pdf,20962,ok,True,False,text,False,1,0,0,False,0,False,0-10,,False,,False,,clear_non_responsive,False,,0,likely_non_responsive,,False,False,0,0,0,0,0,0,0.025,True,False,False,stage1_nr,False,,,0,False,,False,,0
CNG_Data2k_variance/files/Q00897.01-0000501472.0001.PDF,Q00897.01-0000501472.0001.PDF,.pdf,530904,ok,True,False,text,False,13,0,1,False,0,False,0-10,Name | Address | Phone | Money/Amount | Health,True,Contact Information | Financial Account Information | Health-Related Information,False,,ambiguous,True,yes,9991,standard,"img_ocr:p4(1/1,+174chars)",False,False,0,1,1,1,0,1,10.066,False,False,True,,True,likely_no,no,10089,False,likely_non_responsive,True,,20080
CNG_Data2k_variance/files/Q00897.01-0000532635.0001.PDF,Q00897.01-0000532635.0001.PDF,.pdf,22569,ok,True,False,text,False,1,0,1,False,0,False,0-10,Money/Amount,False,Financial Account Information,False,,clear_non_responsive,False,,0,likely_non_responsive,,False,False,0,0,0,0,0,0,0.022,True,False,False,stage1_nr,False,,,0,False,,False,,0
CNG_Data2k_variance\files\Q00897.01-0000127263.XLS,Q00897.01-0000127263.XLS,.xls,34523,ok,True,True,text,True,2,0,136,False,0,False,100+,Money/Amount,False,Financial Account Information,False,,ambiguous,True,no,7579,likely_non_responsive,roster_by_rowcount bde_llm_count,False,False,0,0,0,0,0,0,2.619,True,False,False,stage1_nr,False,,,0,False,,False,,7579
CNG_Data2k_variance/files/Q00897.01-0000346714.PDF,Q00897.01-0000346714.PDF,.pdf,223301,ok,True,False,text,False,1,0,5,False,0,False,0-10,Name | Phone | Money/Amount,True,Contact Information | Financial Account Information,False,,ambiguous,True,yes,16006,standard,,False,False,0,0,0,0,0,0,4.008,False,False,True,,True,likely_yes,yes,16086,False,standard,False,,32092
CNG_Data2k_variance/files/Q00897.01-0000889407.PDF,Q00897.01-0000889407.PDF,.pdf,17814,ok,True,False,text,False,2,0,11,False,3,False,10-20,Name | Address | Phone,True,Contact Information,False,,ambiguous,True,yes,9471,standard,bde_llm_count,False,False,0,0,0,0,0,0,6.409,False,False,True,,True,clear_yes,yes,5221,False,standard,False,,14692
CNG_Data2k_variance/files/Q00897.01-0000869610.TXT,Q00897.01-0000869610.TXT,.txt,800,ok,True,False,text,False,0,0,1,False,0,False,0-10,Phone | Money/Amount,True,Contact Information | Financial Account Information,False,,ambiguous,True,no,3995,likely_non_responsive,,False,False,0,0,0,0,0,0,1.256,True,False,False,stage1_nr,False,,,0,False,,False,,3995
CNG_Data2k_variance/files/Q00897.01-0000530717.0001.PDF,Q00897.01-0000530717.0001.PDF,.pdf,22566,ok,True,False,text,False,1,0,1,False,0,False,0-10,Money/Amount,False,Financial Account Information,False,,clear_non_responsive,False,,0,likely_non_responsive,,False,False,0,0,0,0,0,0,0.025,True,False,False,stage1_nr,False,,,0,False,,False,,0
CNG_Data2k_variance/files/Q00897.01-0000578170.MSG,Q00897.01-0000578170.MSG,.msg,930816,ok,True,False,text,False,0,4,2,False,0,False,0-10,Address | Email | Phone,True,Contact Information,False,,ambiguous,True,no,3963,likely_non_responsive,,False,False,0,0,0,0,0,0,1.432,True,False,False,stage1_nr,False,,,0,False,,False,,3963
CNG_Data2k_variance/files/Q00897.01-0000614802.MSG,Q00897.01-0000614802.MSG,.msg,308736,ok,True,False,text,False,0,2,11,False,9,False,10-20,Name | Address | Email | Phone | Money/Amount,True,Contact Information | Financial Account Information,False,,ambiguous,True,yes,9493,standard,bde_llm_count,False,False,0,0,0,0,0,0,5.587,False,False,True,,True,clear_no,no,5225,False,likely_non_responsive,True,,14718
CNG_Data2k_variance/files/Q00897.01-0000021024.PDF,Q00897.01-0000021024.PDF,.pdf,146009,ok,True,False,text,False,1,0,1,False,0,False,0-10,Money/Amount,False,Financial Account Information,False,,clear_non_responsive,False,,0,likely_non_responsive,,False,False,0,0,0,0,0,0,0.087,True,False,False,stage1_nr,False,,,0,False,,False,,0
CNG_Data2k_variance/files/Q00897.01-0000247579.PDF,Q00897.01-0000247579.PDF,.pdf,788356,ok,True,False,text,False,5,0,4,False,0,False,0-10,Name | Address | Phone | Bank/Account Number | Money/Amount,True,Contact Information | Financial Account Information,False,,ambiguous,True,yes,4953,standard,"img_ocr:p3,p3,p4(3/3,+365chars)",False,False,0,3,3,3,0,3,16.692,False,False,True,,True,clear_no,no,4994,False,likely_non_responsive,True,,9947
CNG_Data2k_variance/files/Q00897.01-0000808929.0001.DOCX,Q00897.01-0000808929.0001.DOCX,.docx,39856,ok,True,False,text,False,0,0,1,False,0,False,0-10,Name | Health,True,Health-Related Information,False,,ambiguous,True,no,5989,likely_non_responsive,,False,False,0,0,0,0,0,0,1.25,True,False,False,stage1_nr,False,,,0,False,,False,,5989
CNG_Data2k_variance/files/Q00897.01-0000465309.0001.XLSX,Q00897.01-0000465309.0001.XLSX,.xlsx,202228,ok,True,True,text,True,8,0,69,False,0,False,50-100,Phone | Card/Transaction | Money/Amount,True,Contact Information | Financial Account Information,False,,ambiguous,True,no,8702,likely_non_responsive,bde_llm_count,False,False,0,0,0,0,0,0,2.936,True,False,False,stage1_nr,False,,,0,False,,False,,8702
CNG_Data2k_variance/files/Q00897.01-0000453958.MSG,Q00897.01-0000453958.MSG,.msg,176640,ok,True,False,text,False,0,2,3,False,0,False,0-10,Address | Email | Phone | Money/Amount,True,Contact Information | Financial Account Information,False,,ambiguous,True,no,4577,likely_non_responsive,,False,False,0,0,0,0,0,0,1.692,True,False,False,stage1_nr,False,,,0,False,,False,,4577
CNG_Data2k_variance/files/Q00897.01-0000121548.PDF,Q00897.01-0000121548.PDF,.pdf,3823799,ok,True,True,text,True,8,0,19,False,0,False,10-20,,False,,False,,ambiguous,True,no,12016,likely_non_responsive,bde_llm_count,True,True,8,0,0,0,0,1,10.255,True,False,False,stage1_nr,False,,,0,False,,False,,12016
CNG_Data2k_variance/files/Q00897.01-0000750298.MSG,Q00897.01-0000750298.MSG,.msg,115200,ok,True,False,text,False,0,0,8,False,2,False,0-10,Email | Phone | Money/Amount | Work-Related,True,Contact Information | Financial Account Information | Work-Related Information,False,,ambiguous,True,no,14927,likely_non_responsive,bde_llm_count,False,False,0,0,0,0,0,0,5.547,True,False,False,stage1_nr,False,,,0,False,,False,,14927
CNG_Data2k_variance/files/Q00897.01-0000842284.0005.DOT,Q00897.01-0000842284.0005.DOT,.dot,24064,no_parser,False,False,unknown,False,0,0,0,False,0,False,,,False,,False,,,False,,0,needs_parser,unsupported_ext,False,False,0,0,0,0,0,0,0.0,False,False,False,no_parser,False,,,0,False,,False,,0
CNG_Data2k_variance/files/Q00897.01-0000411955.MSG,Q00897.01-0000411955.MSG,.msg,242176,ok,True,False,text,False,0,0,1,False,0,False,0-10,Name | Address | Email | Credentials,True,Contact Information | Access Credentials,False,,ambiguous,True,no,4622,likely_non_responsive,,False,False,0,0,0,0,0,0,2.636,True,False,False,stage1_nr,False,,,0,False,,False,,4622
CNG_Data2k_variance/files/Q00897.01-0000020303.PDF,Q00897.01-0000020303.PDF,.pdf,645559,ok,True,False,text,False,3,0,6,False,0,False,0-10,Name | Email | Money/Amount,True,Contact Information | Financial Account Information,False,,ambiguous,True,yes,4290,standard,,False,False,0,0,0,0,0,0,3.28,False,False,True,,True,clear_yes,yes,4353,False,standard,False,,8643
CNG_Data2k_variance/files/Q00897.01-0000393016.MSG,Q00897.01-0000393016.MSG,.msg,70144,ok,True,False,text,False,0,0,1,False,0,False,0-10,Name | Address,True,Contact Information,False,,ambiguous,True,no,5329,likely_non_responsive,,False,False,0,0,0,0,0,0,1.312,True,False,False,stage1_nr,False,,,0,False,,False,,5329
CNG_Data2k_variance/files/Q00897.01-0000555403.0001.XLSX,Q00897.01-0000555403.0001.XLSX,.xlsx,36383,ok,True,True,text,True,1,0,430,False,0,False,100+,Phone,True,Contact Information,False,,ambiguous,True,no,11106,likely_non_responsive,roster_by_rowcount bde_llm_count,False,False,0,0,0,0,0,0,3.328,True,False,False,stage1_nr,False,,,0,False,,False,,11106
CNG_Data2k_variance/files/Q00897.01-0000725842.MSG,Q00897.01-0000725842.MSG,.msg,181760,ok,True,False,text,False,0,0,2,False,0,False,0-10,Name | Address | Email,True,Contact Information,False,,ambiguous,True,yes,5133,standard,,False,False,0,0,0,0,0,0,5.352,False,False,True,,True,borderline,no,5182,False,likely_non_responsive,True,,10315
CNG_Data2k_variance/files/Q00897.01-0000554902.0001.PDF,Q00897.01-0000554902.0001.PDF,.pdf,20967,ok,True,False,text,False,1,0,0,False,0,False,0-10,,False,,False,,clear_non_responsive,False,,0,likely_non_responsive,,False,False,0,0,0,0,0,0,0.026,True,False,False,stage1_nr,False,,,0,False,,False,,0
CNG_Data2k_variance/files/Q00897.01-0000638612.0001.PDF,Q00897.01-0000638612.0001.PDF,.pdf,64526,ok,True,True,text,True,2,0,34,False,1,False,20-50,Name | Money/Amount | Work-Related,True,Financial Account Information | Work-Related Information,False,,ambiguous,True,yes,7297,standard,bde_llm_count,True,True,2,0,0,0,0,1,8.613,False,False,True,,True,clear_yes,yes,4112,False,standard,False,,11409
CNG_Data2k_variance/files/Q00897.01-0000860757.PDF,Q00897.01-0000860757.PDF,.pdf,3229432,ok,True,False,text,False,24,0,6,False,0,False,0-10,Name | Email | Phone | Money/Amount | Credentials | Health | Work-Related,True,Contact Information | Financial Account Information | Access Credentials | Health-Related Information | Work-Related Information,False,,ambiguous,True,yes,7097,standard,"img_ocr:p1(1/1,+10chars)",False,False,0,1,1,1,0,1,20.531,False,False,True,,True,clear_yes,yes,7126,False,standard,False,,14223
CNG_Data2k_variance/files/Q00897.01-0000894399.PDF,Q00897.01-0000894399.PDF,.pdf,25220,ok,True,True,text,True,1,0,23,False,1,False,20-50,Name | Address | Phone | Money/Amount | Work-Related,True,Contact Information | Financial Account Information | Work-Related Information,False,,ambiguous,True,yes,7687,standard,bde_llm_count,True,True,1,0,0,0,0,1,11.82,False,False,True,,True,clear_yes,yes,4293,False,standard,False,,11980
CNG_Data2k_variance/files/Q00897.01-0000669205.MSG,Q00897.01-0000669205.MSG,.msg,308736,ok,True,False,text,False,0,1,3,False,0,False,0-10,Name | Phone,True,Contact Information,False,,ambiguous,True,no,3729,likely_non_responsive,,False,False,0,0,0,0,0,0,1.293,True,False,False,stage1_nr,False,,,0,False,,False,,3729
CNG_Data2k_variance/files/Q00897.01-0000902838.PDF,Q00897.01-0000902838.PDF,.pdf,15694,ok,True,False,text,False,2,0,1,False,0,False,0-10,Money/Amount,False,Financial Account Information,False,,clear_non_responsive,False,,0,likely_non_responsive,,False,False,0,0,0,0,0,0,0.082,True,False,False,stage1_nr,False,,,0,False,,False,,0
CNG_Data2k_variance/files/Q00897.01-0000298828.XLSX,Q00897.01-0000298828.XLSX,.xlsx,14349,ok,True,True,text,True,1,0,374,False,0,False,100+,Address | Email,True,Contact Information,False,,ambiguous,True,no,8128,likely_non_responsive,roster_by_rowcount bde_llm_count,False,False,0,0,0,0,0,0,2.972,True,False,False,stage1_nr,False,,,0,False,,False,,8128
CNG_Data2k_variance/files/Q00897.01-0000434471.MSG,Q00897.01-0000434471.MSG,.msg,190464,ok,True,False,text,False,0,1,6,False,0,False,0-10,Name | Address | Email | Phone | Money/Amount,True,Contact Information | Financial Account Information,False,,ambiguous,True,yes,9151,standard,,False,False,0,0,0,0,0,0,6.5,False,False,True,,True,likely_no,no,9211,False,likely_non_responsive,True,,18362
CNG_Data2k_variance/files/Q00897.01-0000005773.PDF,Q00897.01-0000005773.PDF,.pdf,1333018,ok,True,True,text,True,2,0,23,False,3,False,20-50,Name | Money/Amount | Work-Related,False,Financial Account Information | Work-Related Information,False,,ambiguous,True,yes,8399,standard,bde_llm_count,True,True,2,0,0,0,0,1,12.56,False,False,True,,True,likely_yes,yes,4645,False,standard,False,,13044
CNG_Data2k_variance/files/Q00897.01-0000908412.PDF,Q00897.01-0000908412.PDF,.pdf,10351,ok,True,False,text,False,1,0,2,False,0,False,0-10,Name | Address | Phone,True,Contact Information,False,,ambiguous,True,yes,4030,standard,,False,False,0,0,0,0,0,0,4.321,False,False,True,,True,likely_yes,yes,4091,False,standard,False,,8121
CNG_Data2k_variance/files/Q00897.01-0000361633.0001.PDF,Q00897.01-0000361633.0001.PDF,.pdf,28076,ok,True,False,text,False,1,0,1,False,0,False,0-10,Name | Address | Email | Card/Transaction | Money/Amount,True,Contact Information | Financial Account Information,False,,ambiguous,True,yes,3929,standard,,False,False,0,0,0,0,0,0,2.599,False,False,True,,True,borderline,no,3987,False,likely_non_responsive,True,,7916
CNG_Data2k_variance/files/Q00897.01-0000867642.PDF,Q00897.01-0000867642.PDF,.pdf,121898,ok,True,False,text,False,4,0,2,False,0,False,0-10,Name | Address | Phone,True,Contact Information,False,,ambiguous,True,yes,10812,standard,,False,False,0,0,0,0,0,0,4.016,False,False,True,,True,clear_yes,yes,10866,False,standard,False,,21678
CNG_Data2k_variance/files/Q00897.01-0000017749.PDF,Q00897.01-0000017749.PDF,.pdf,175027,ok,True,False,text,False,1,0,4,False,0,False,0-10,Name | Address | Phone | Money/Amount,True,Contact Information | Financial Account Information,False,,ambiguous,True,no,4161,likely_non_responsive,,False,False,0,0,0,0,0,0,1.762,True,False,False,stage1_nr,False,,,0,False,,False,,4161
CNG_Data2k_variance/files/Q00897.01-0000388358.MSG,Q00897.01-0000388358.MSG,.msg,100352,ok,True,False,text,False,0,0,1,False,0,False,0-10,Address | Email | Money/Amount,True,Contact Information | Financial Account Information,False,,ambiguous,True,no,3970,likely_non_responsive,,False,False,0,0,0,0,0,0,2.403,True,False,False,stage1_nr,False,,,0,False,,False,,3970
CNG_Data2k_variance/files/Q00897.01-0000553066.0001.XLSX,Q00897.01-0000553066.0001.XLSX,.xlsx,69236,ok,True,True,text,True,1,0,474,False,0,False,100+,Phone | Money/Amount,True,Contact Information | Financial Account Information,False,,ambiguous,True,no,14316,likely_non_responsive,roster_by_rowcount bde_llm_count,False,False,0,0,0,0,0,0,2.847,True,False,False,stage1_nr,False,,,0,False,,False,,14316
CNG_Data2k_variance/files/Q00897.01-0000344885.PDF,Q00897.01-0000344885.PDF,.pdf,13486,ok,True,False,text,False,2,0,1,False,0,False,0-10,Money/Amount,False,Financial Account Information,False,,clear_non_responsive,False,,0,likely_non_responsive,,False,False,0,0,0,0,0,0,0.282,True,False,False,stage1_nr,False,,,0,False,,False,,0
CNG_Data2k_variance/files/Q00897.01-0000137881.PDF,Q00897.01-0000137881.PDF,.pdf,348121,ok,True,True,text,True,2,0,33,False,0,False,20-50,Address | Phone | Money/Amount,True,Contact Information | Financial Account Information,False,,ambiguous,True,no,10094,likely_non_responsive,bde_llm_count,True,True,2,0,0,0,0,1,7.918,True,False,False,stage1_nr,False,,,0,False,,False,,10094
CNG_Data2k_variance/files/Q00897.01-0000616152.MSG,Q00897.01-0000616152.MSG,.msg,354304,ok,True,False,text,False,0,7,7,False,7,False,0-10,Name | Address | Email | Phone,True,Contact Information,False,,ambiguous,True,yes,9850,standard,bde_llm_count,False,False,0,0,0,0,0,0,8.845,False,False,True,,True,likely_no,no,5379,False,likely_non_responsive,True,,15229
CNG_Data2k_variance/files/Q00897.01-0000774924.MSG,Q00897.01-0000774924.MSG,.msg,31232,ok,True,False,text,False,0,0,2,False,0,False,0-10,Name | Email,True,Contact Information,False,,ambiguous,True,yes,4132,standard,,False,False,0,0,0,0,0,0,2.943,False,False,True,,True,likely_no,no,4195,False,likely_non_responsive,True,,8327
CNG_Data2k_variance/files/Q00897.01-0000811302.0001.PDF,Q00897.01-0000811302.0001.PDF,.pdf,95092,ok,True,False,text,False,1,0,1,False,0,False,0-10,Name | Address,True,Contact Information,False,,ambiguous,True,yes,4905,standard,,True,True,1,0,0,0,0,1,8.233,False,False,True,,True,clear_yes,yes,4892,False,standard,False,,9797
CNG_Data2k_variance/files/Q00897.01-0000789147.0001.PDF,Q00897.01-0000789147.0001.PDF,.pdf,43921,ok,True,False,text,False,1,0,2,False,0,False,0-10,Name | Address | Email | Phone | Bank/Account Number | Money/Amount,True,Contact Information | Financial Account Information,False,,ambiguous,True,yes,4133,standard,,False,False,0,0,0,0,0,0,2.746,False,False,True,,True,likely_no,no,4187,False,likely_non_responsive,True,,8320
CNG_Data2k_variance/files/Q00897.01-0000249077.PDF,Q00897.01-0000249077.PDF,.pdf,590442,ok,True,False,text,False,7,0,2,False,0,False,0-10,Name | Address | Phone | Bank/Account Number | Money/Amount,True,Contact Information | Financial Account Information,False,,ambiguous,True,yes,5118,standard,"img_ocr:p3(1/1,+378chars)",False,False,0,1,1,1,0,1,8.097,False,False,True,,True,clear_no,no,5173,False,likely_non_responsive,True,,10291
CNG_Data2k_variance/files/Q00897.01-0000107346.PDF,Q00897.01-0000107346.PDF,.pdf,1056433,ok,True,True,text,True,15,0,239,False,2,False,100+,Address | Phone | SSN | Money/Amount | Work-Related,True,Contact Information | Government-Issued Identification | Financial Account Information | Work-Related Information,False,,clear_responsive,False,,9475,standard,bde_llm_count,True,True,15,0,0,0,0,1,17.702,False,False,True,,True,likely_no,no,10369,True,likely_non_responsive,True,,19844
CNG_Data2k_variance/files/Q00897.01-0000344665.PDF,Q00897.01-0000344665.PDF,.pdf,14085,ok,True,False,text,False,2,0,1,False,0,False,0-10,Money/Amount,False,Financial Account Information,False,,clear_non_responsive,False,,0,likely_non_responsive,,False,False,0,0,0,0,0,0,0.15,True,False,False,stage1_nr,False,,,0,False,,False,,0
CNG_Data2k_variance/files/Q00897.01-0000611892.MSG,Q00897.01-0000611892.MSG,.msg,122368,ok,True,False,text,False,0,2,6,False,0,False,0-10,Name | Email | Phone,True,Contact Information,False,,ambiguous,True,yes,4853,standard,,False,False,0,0,0,0,0,0,3.635,False,False,True,,True,clear_yes,yes,4939,False,standard,False,,9792
CNG_Data2k_variance/files/Q00897.01-0000665313.0001.XLSX,Q00897.01-0000665313.0001.XLSX,.xlsx,31247,ok,True,True,text,True,1,0,90,False,0,False,50-100,Phone | Money/Amount,True,Contact Information | Financial Account Information,False,,ambiguous,True,no,14445,likely_non_responsive,roster_by_rowcount bde_llm_count,False,False,0,0,0,0,0,0,2.893,True,False,False,stage1_nr,False,,,0,False,,False,,14445
CNG_Data2k_variance/files/Q00897.01-0000293926.PDF,Q00897.01-0000293926.PDF,.pdf,3756836,ok,True,False,text,False,26,0,1,False,0,False,0-10,Money/Amount,False,Financial Account Information,False,,clear_non_responsive,False,,0,likely_non_responsive,,False,False,0,0,0,0,0,0,3.755,True,False,False,stage1_nr,False,,,0,False,,False,,0
CNG_Data2k_variance/files/Q00897.01-0000797118.0001.PDF,Q00897.01-0000797118.0001.PDF,.pdf,1471765,ok,True,True,text,True,2,0,16,False,2,False,10-20,Name | Address | Phone | Card/Transaction | Account Balance | Money/Amount | Health,True,Contact Information | Financial Account Information | Health-Related Information,False,,ambiguous,True,yes,8883,standard,bde_llm_count,True,True,2,0,0,0,0,1,9.363,False,False,True,,True,likely_yes,yes,4903,False,standard,False,,13786
CNG_Data2k_variance/files/Q00897.01-0000049228.PDF,Q00897.01-0000049228.PDF,.pdf,619103,ok,True,False,text,False,6,0,2,False,0,False,0-10,Name | Address | Money/Amount,True,Contact Information | Financial Account Information,False,,ambiguous,True,yes,5628,standard,"img_ocr:p5,p5,p5,p5,p5,p5(6/6,+114chars)",False,False,0,6,6,6,0,6,32.017,False,False,True,,True,borderline,no,5690,False,likely_non_responsive,True,,11318
CNG_Data2k_variance/files/Q00897.01-0000457982.0001.PDF,Q00897.01-0000457982.0001.PDF,.pdf,933715,ok,True,False,text,False,43,0,3,False,0,False,0-10,Payment Card | Card/Transaction | Money/Amount,True,Financial Account Information,False,,ambiguous,True,no,13671,likely_non_responsive,,False,False,0,0,0,0,0,0,2.165,True,False,False,stage1_nr,False,,,0,False,,False,,13671
CNG_Data2k_variance/files/Q00897.01-0000260446.XLSX,Q00897.01-0000260446.XLSX,.xlsx,63595,ok,True,True,text,True,1,0,323,False,1,False,100+,Name | Address | Money/Amount,True,Contact Information | Financial Account Information,False,,ambiguous,True,yes,18246,standard,roster_by_rowcount bde_llm_count,False,False,0,0,0,0,0,0,4.659,False,False,True,,True,likely_no,no,9608,True,likely_non_responsive,True,,27854
CNG_Data2k_variance/files/Q00897.01-0000293197.PDF,Q00897.01-0000293197.PDF,.pdf,125768,ok,True,False,text,False,1,0,0,False,0,False,0-10,,False,,False,,clear_non_responsive,False,,0,likely_non_responsive,,False,False,0,0,0,0,0,0,0.098,True,False,False,stage1_nr,False,,,0,False,,False,,0
CNG_Data2k_variance/files/Q00897.01-0000117873.PDF,Q00897.01-0000117873.PDF,.pdf,553821,ok,True,False,text,False,10,0,4,False,0,False,0-10,Name | Address | Email | Phone | Money/Amount | Health,True,Contact Information | Financial Account Information | Health-Related Information,False,,ambiguous,True,no,8191,likely_non_responsive,"img_ocr:none(1 calls,0 chars)",False,False,0,1,1,0,0,1,7.489,True,False,False,stage1_nr,False,,,0,False,,False,,8191
CNG_Data2k_variance/files/Q00897.01-0000108371.XLSX,Q00897.01-0000108371.XLSX,.xlsx,27292,ok,True,True,text,True,2,0,113,False,0,False,100+,,False,,False,,ambiguous,True,no,7181,likely_non_responsive,roster_by_rowcount bde_llm_count,False,False,0,0,0,0,0,0,3.49,True,False,False,stage1_nr,False,,,0,False,,False,,7181
CNG_Data2k_variance/files/Q00897.01-0000107354.PDF,Q00897.01-0000107354.PDF,.pdf,2169325,ok,True,True,text,True,15,0,197,False,3,False,100+,Address | Email | Phone | SSN | Card/Transaction | Money/Amount | Work-Related,True,Contact Information | Government-Issued Identification | Financial Account Information | Work-Related Information,False,,clear_responsive,False,,9539,standard,bde_llm_count,True,True,15,0,0,0,0,1,14.576,False,False,True,,True,likely_no,no,10458,True,likely_non_responsive,True,,19997
CNG_Data2k_variance/files/Q00897.01-0000680257.MSG,Q00897.01-0000680257.MSG,.msg,161792,ok,True,False,text,False,0,2,7,False,4,False,0-10,Name | Address | Email | Phone,True,Contact Information,False,,ambiguous,True,yes,11867,standard,bde_llm_count,False,False,0,0,0,0,0,0,6.179,False,False,True,,True,clear_yes,yes,6403,False,standard,False,,18270
CNG_Data2k_variance/files/Q00897.01-0000276651.PDF,Q00897.01-0000276651.PDF,.pdf,366953,ok,True,True,text,True,1,0,50,False,50,False,20-50,Name | Address | Phone | Tax ID | Money/Amount | Health,True,Contact Information | Government-Issued Identification | Financial Account Information | Health-Related Information,False,,ambiguous,True,yes,8559,standard,bde_llm_count_roster,True,True,1,0,0,0,0,1,12.462,False,False,True,,True,likely_no,no,4812,False,likely_non_responsive,True,,13371
CNG_Data2k_variance/files/Q00897.01-0000873064.XLSX,Q00897.01-0000873064.XLSX,.xlsx,127031,ok,True,True,text,True,6,0,77,False,0,False,50-100,Phone | Payment Card | Money/Amount,True,Contact Information | Financial Account Information,False,,ambiguous,True,no,12225,likely_non_responsive,bde_llm_count,False,False,0,0,0,0,0,0,2.935,True,False,False,stage1_nr,False,,,0,False,,False,,12225
CNG_Data2k_variance/files/Q00897.01-0000608890.0001.XLSX,Q00897.01-0000608890.0001.XLSX,.xlsx,263834,ok,True,True,text,True,1,0,960,False,0,False,100+,Money/Amount,False,Financial Account Information,False,,ambiguous,True,no,18460,likely_non_responsive,roster_by_rowcount bde_llm_count,False,False,0,0,0,0,0,0,3.625,True,False,False,stage1_nr,False,,,0,False,,False,,18460
CNG_Data2k_variance/files/Q00897.01-0000643035.MSG,Q00897.01-0000643035.MSG,.msg,24576,ok,True,False,text,False,0,0,0,False,0,False,0-10,,False,,False,,clear_non_responsive,False,,0,likely_non_responsive,,False,False,0,0,0,0,0,0,0.037,True,False,False,stage1_nr,False,,,0,False,,False,,0
CNG_Data2k_variance/files/Q00897.01-0000656103.0002.PDF,Q00897.01-0000656103.0002.PDF,.pdf,193594,ok,True,False,text,False,1,0,2,False,0,False,0-10,Email | Phone,True,Contact Information,False,,ambiguous,True,no,3901,likely_non_responsive,,False,False,0,0,0,0,0,0,1.493,True,False,False,stage1_nr,False,,,0,False,,False,,3901
CNG_Data2k_variance/files/Q00897.01-0000670450.MSG,Q00897.01-0000670450.MSG,.msg,177664,ok,True,False,text,False,0,0,5,False,0,False,0-10,Name | Address | Email | Phone | Money/Amount,True,Contact Information | Financial Account Information,False,,ambiguous,True,yes,4501,standard,,False,False,0,0,0,0,0,0,10.606,False,False,True,,True,likely_no,no,4567,False,likely_non_responsive,True,,9068
CNG_Data2k_variance\files\Q00897.01-0000851305.XLS,Q00897.01-0000851305.XLS,.xls,22219,ok,True,True,text,True,1,0,66,False,0,False,50-100,Money/Amount,False,Financial Account Information,False,,ambiguous,True,no,7270,likely_non_responsive,roster_by_rowcount bde_llm_count,False,False,0,0,0,0,0,0,2.542,True,False,False,stage1_nr,False,,,0,False,,False,,7270
CNG_Data2k_variance/files/Q00897.01-0000893925.XLSX,Q00897.01-0000893925.XLSX,.xlsx,24292,ok,True,True,text,True,3,0,91,False,7,True,50-100,Name | Money/Amount,False,Financial Account Information,True,,ambiguous,True,yes,11736,structured_bde,roster_by_rowcount bde_llm_count_roster,False,False,0,0,0,0,0,0,6.42,False,True,True,,True,clear_yes,yes,6306,True,structured_bde,False,,18042
CNG_Data2k_variance/files/Q00897.01-0000375655.MSG,Q00897.01-0000375655.MSG,.msg,280576,ok,True,False,text,False,0,0,1,False,0,False,0-10,Name | Address,True,Contact Information,False,,ambiguous,True,yes,4268,standard,,False,False,0,0,0,0,0,0,3.673,False,False,True,,True,borderline,no,4309,False,likely_non_responsive,True,,8577
CNG_Data2k_variance/files/Q00897.01-0000696598.0001.PDF,Q00897.01-0000696598.0001.PDF,.pdf,112370,ok,True,True,text,True,2,0,6,False,2,False,0-10,Name | Address | Phone | Money/Amount | Work-Related,True,Contact Information | Financial Account Information | Work-Related Information,False,,ambiguous,True,yes,11189,standard,bde_llm_count,True,True,2,0,0,0,0,1,12.056,False,False,True,,True,likely_no,no,6055,False,likely_non_responsive,True,,17244
CNG_Data2k_variance/files/Q00897.01-0000100873.PDF,Q00897.01-0000100873.PDF,.pdf,100566,ok,True,False,text,False,2,0,2,False,0,False,0-10,Name | Address | Email | Phone | Money/Amount,True,Contact Information | Financial Account Information,False,,ambiguous,True,yes,5470,standard,,False,False,0,0,0,0,0,0,3.039,False,False,True,,True,likely_yes,yes,5504,False,standard,False,,10974
CNG_Data2k_variance/files/Q00897.01-0000667933.0001.XLSX,Q00897.01-0000667933.0001.XLSX,.xlsx,31740,ok,True,True,text,True,2,0,232,False,0,False,100+,,False,,False,,ambiguous,True,no,13903,likely_non_responsive,roster_by_rowcount bde_llm_count,False,False,0,0,0,0,0,0,4.031,True,False,False,stage1_nr,False,,,0,False,,False,,13903
CNG_Data2k_variance/files/Q00897.01-0000862175.XLSX,Q00897.01-0000862175.XLSX,.xlsx,19635,ok,True,True,text,True,1,0,87,False,87,True,50-100,Phone | SSN | Payment Card,True,Contact Information | Government-Issued Identification | Financial Account Information,True,,clear_responsive,False,,6679,structured_bde,bde_llm_count_roster,False,False,0,0,0,0,0,0,6.069,False,True,True,,True,clear_yes,yes,7807,True,structured_bde,False,,14486
CNG_Data2k_variance/files/Q00897.01-0000426759.MSG,Q00897.01-0000426759.MSG,.msg,185856,ok,True,False,text,False,0,0,1,False,0,False,0-10,Address | Card/Transaction | Money/Amount,True,Contact Information | Financial Account Information,False,,ambiguous,True,yes,4132,standard,,False,False,0,0,0,0,0,0,3.269,False,False,True,,True,likely_no,no,4210,False,likely_non_responsive,True,,8342
CNG_Data2k_variance/files/Q00897.01-0000841500.0001.PDF,Q00897.01-0000841500.0001.PDF,.pdf,247466,ok,True,False,text,False,3,0,1,False,0,False,0-10,Money/Amount | Work-Related,False,Financial Account Information | Work-Related Information,False,,ambiguous,True,no,4436,likely_non_responsive,"img_ocr:p1(1/1,+16chars)",False,False,0,1,1,1,0,1,5.284,True,False,False,stage1_nr,False,,,0,False,,False,,4436
CNG_Data2k_variance/files/Q00897.01-0000702050.MSG,Q00897.01-0000702050.MSG,.msg,192000,ok,True,False,text,False,0,2,6,False,0,False,0-10,Name | Address | Email | Phone | Money/Amount,True,Contact Information | Financial Account Information,False,,ambiguous,True,yes,9273,standard,,False,False,0,0,0,0,0,0,66.526,False,False,True,,True,likely_no,no,9316,False,likely_non_responsive,True,,18589
CNG_Data2k_variance/files/Q00897.01-0000249674.PDF,Q00897.01-0000249674.PDF,.pdf,89488,ok,True,True,text,True,1,0,9,False,0,False,0-10,Name | Bank/Account Number | Money/Amount,True,Financial Account Information,False,,ambiguous,True,no,7021,likely_non_responsive,bde_llm_count,True,True,1,0,0,0,0,1,7.949,True,False,False,stage1_nr,False,,,0,False,,False,,7021
CNG_Data2k_variance/files/Q00897.01-0000713826.MSG,Q00897.01-0000713826.MSG,.msg,154624,ok,True,False,text,False,0,0,1,False,0,False,0-10,Name | Address | Email,True,Contact Information,False,,ambiguous,True,yes,4133,standard,,False,False,0,0,0,0,0,0,2.609,False,False,True,,True,likely_no,no,4200,False,likely_non_responsive,True,,8333
CNG_Data2k_variance/files/Q00897.01-0000885485.DOCX,Q00897.01-0000885485.DOCX,.docx,18037,ok,True,False,text,False,0,0,3,False,0,False,0-10,Name | Address | Phone | Passport | Money/Amount,True,Contact Information | Government-Issued Identification | Financial Account Information,False,,ambiguous,True,yes,5804,standard,,False,False,0,0,0,0,0,0,3.3,False,False,True,,True,clear_yes,yes,5826,False,standard,False,,11630
CNG_Data2k_variance/files/Q00897.01-0000004662.PDF,Q00897.01-0000004662.PDF,.pdf,61855,ok,True,False,text,False,1,0,0,False,0,False,0-10,,False,,False,,clear_non_responsive,False,,0,likely_non_responsive,,True,True,1,0,0,0,0,1,4.262,True,False,False,stage1_nr,False,,,0,False,,False,,0
CNG_Data2k_variance/files/Q00897.01-0000399666.MSG,Q00897.01-0000399666.MSG,.msg,169984,ok,True,False,text,False,0,2,7,False,5,False,0-10,Name | Address | Email | Phone | Money/Amount,True,Contact Information | Financial Account Information,False,,ambiguous,True,yes,9988,standard,bde_llm_count,False,False,0,0,0,0,0,0,5.491,False,False,True,,True,likely_no,no,5484,False,likely_non_responsive,True,,15472
CNG_Data2k_variance/files/Q00897.01-0000006157.PDF,Q00897.01-0000006157.PDF,.pdf,73882,ok,True,False,text,False,1,0,0,False,0,False,0-10,,False,,False,,clear_non_responsive,False,,0,likely_non_responsive,,True,True,1,0,0,0,0,1,4.202,True,False,False,stage1_nr,False,,,0,False,,False,,0
CNG_Data2k_variance/files/Q00897.01-0000694761.MSG,Q00897.01-0000694761.MSG,.msg,174080,ok,True,False,text,False,0,1,4,False,0,False,0-10,Name | Address | Email | Phone,True,Contact Information,False,,ambiguous,True,yes,4179,standard,,False,False,0,0,0,0,0,0,3.025,False,False,True,,True,likely_yes,yes,4266,False,standard,False,,8445
CNG_Data2k_variance/files/Q00897.01-0000889486.PDF,Q00897.01-0000889486.PDF,.pdf,12159,ok,True,False,text,False,1,0,0,False,0,False,0-10,,False,,False,,clear_non_responsive,False,,0,likely_non_responsive,,False,False,0,0,0,0,0,0,0.035,True,False,False,stage1_nr,False,,,0,False,,False,,0
CNG_Data2k_variance/files/Q00897.01-0000283210.PDF,Q00897.01-0000283210.PDF,.pdf,656765,ok,True,True,text,True,6,0,18,False,3,False,10-20,Name | Address | Phone | Military ID | Money/Amount | Health,True,Contact Information | Government-Issued Identification | Financial Account Information | Health-Related Information,False,,ambiguous,True,yes,13987,standard,bde_llm_count,True,True,6,0,0,0,0,1,13.783,False,False,True,,True,clear_yes,yes,7467,False,standard,False,,21454
CNG_Data2k_variance/files/Q00897.01-0000129500.PDF,Q00897.01-0000129500.PDF,.pdf,1881026,ok,True,True,text,True,11,0,35,False,0,False,20-50,Phone | Money/Amount,True,Contact Information | Financial Account Information,False,,ambiguous,True,no,12069,likely_non_responsive,bde_llm_count,True,True,11,0,0,0,0,1,11.473,True,False,False,stage1_nr,False,,,0,False,,False,,12069
CNG_Data2k_variance/files/Q00897.01-0000255748.PDF,Q00897.01-0000255748.PDF,.pdf,76226,ok,True,False,text,False,2,0,5,False,0,False,0-10,Address | Phone | Money/Amount,True,Contact Information | Financial Account Information,False,,ambiguous,True,yes,4721,standard,,False,False,0,0,0,0,0,0,2.969,False,False,True,,True,likely_no,no,4798,False,likely_non_responsive,True,,9519
CNG_Data2k_variance/files/Q00897.01-0000902587.PDF,Q00897.01-0000902587.PDF,.pdf,16379,ok,True,True,text,True,2,0,37,False,1,False,20-50,Name | Address | Phone | Money/Amount | Work-Related,True,Contact Information | Financial Account Information | Work-Related Information,False,,ambiguous,True,yes,8139,standard,bde_llm_count,True,True,2,0,0,0,0,1,10.486,False,False,True,,True,clear_yes,yes,4537,False,standard,False,,12676
CNG_Data2k_variance/files/Q00897.01-0000772635.MSG,Q00897.01-0000772635.MSG,.msg,41984,ok,True,False,text,False,0,0,6,False,0,False,0-10,Name | Address | Email | Phone | Money/Amount,True,Contact Information | Financial Account Information,False,,ambiguous,True,yes,6087,standard,,False,False,0,0,0,0,0,0,3.649,False,False,True,,True,likely_no,no,6198,False,likely_non_responsive,True,,12285
CNG_Data2k_variance/files/Q00897.01-0000887303.XLSX,Q00897.01-0000887303.XLSX,.xlsx,19785,ok,True,True,text,True,3,0,90,False,0,False,50-100,Name,False,,False,,ambiguous,True,no,7224,likely_non_responsive,roster_by_rowcount bde_llm_count,False,False,0,0,0,0,0,0,2.511,True,False,False,stage1_nr,False,,,0,False,,False,,7224
CNG_Data2k_variance/files/Q00897.01-0000847058.MSG,Q00897.01-0000847058.MSG,.msg,47616,error,False,False,,False,0,0,0,False,0,False,,,False,,False,,,False,,0,review_error,MalformedRtf,False,False,0,0,0,0,0,0,0.989,False,False,False,extract_error,False,,,0,False,,False,,0
CNG_Data2k_variance/files/Q00897.01-0000134746.PDF,Q00897.01-0000134746.PDF,.pdf,1028474,ok,True,True,text,True,6,0,33,False,0,False,20-50,Money/Amount,False,Financial Account Information,False,,ambiguous,True,no,8876,likely_non_responsive,bde_llm_count,True,True,6,0,0,0,0,1,9.219,True,False,False,stage1_nr,False,,,0,False,,False,,8876
CNG_Data2k_variance/files/Q00897.01-0000771560.0001.PDF,Q00897.01-0000771560.0001.PDF,.pdf,58602,ok,True,False,text,False,3,0,2,False,0,False,0-10,Name | Money/Amount,True,Financial Account Information,False,,ambiguous,True,no,4945,likely_non_responsive,,False,False,0,0,0,0,0,0,1.068,True,False,False,stage1_nr,False,,,0,False,,False,,4945
CNG_Data2k_variance/files/Q00897.01-0000283716.PDF,Q00897.01-0000283716.PDF,.pdf,888164,ok,True,True,text,True,4,0,37,False,2,False,20-50,Name | Address | Email | Phone | Bank/Account Number | Money/Amount,True,Contact Information | Financial Account Information,False,,ambiguous,True,yes,10487,standard,bde_llm_count,True,True,4,0,0,0,0,1,11.113,False,False,True,,True,likely_no,no,5711,False,likely_non_responsive,True,,16198
CNG_Data2k_variance/files/Q00897.01-0000841635.0001.XLSX,Q00897.01-0000841635.0001.XLSX,.xlsx,464900,ok,True,True,text,True,19,0,13744,False,0,False,100+,Phone | Payment Card | Bank/Account Number | Card/Transaction | Money/Amount,True,Contact Information | Financial Account Information,False,,ambiguous,True,no,10146,likely_non_responsive,roster_by_rowcount bde_llm_count,False,False,0,0,0,0,0,0,2.556,True,False,False,stage1_nr,False,,,0,False,,False,,10146
CNG_Data2k_variance/files/Q00897.01-0000249288.PDF,Q00897.01-0000249288.PDF,.pdf,121963,ok,True,True,text,True,1,0,16,False,0,False,10-20,Name | Bank/Account Number | Money/Amount,True,Financial Account Information,False,,ambiguous,True,no,6900,likely_non_responsive,bde_llm_count,True,True,1,0,0,0,0,1,7.241,True,False,False,stage1_nr,False,,,0,False,,False,,6900
CNG_Data2k_variance/files/Q00897.01-0000912123.PDF,Q00897.01-0000912123.PDF,.pdf,1920504,ok,True,False,text,False,250,0,20,False,20,False,10-20,Name | Phone | Money/Amount | Health,True,Contact Information | Financial Account Information | Health-Related Information,False,,ambiguous,True,yes,30823,standard,bde_llm_count_roster,False,False,0,0,0,0,0,0,38.842,False,False,True,,True,clear_yes,yes,15885,False,standard,False,,46708
CNG_Data2k_variance/files/Q00897.01-0000256840.PDF,Q00897.01-0000256840.PDF,.pdf,31560,ok,True,True,text,True,2,0,12,False,0,False,10-20,Address | Bank/Account Number | Money/Amount | Work-Related,True,Contact Information | Financial Account Information | Work-Related Information,False,,ambiguous,True,no,8691,likely_non_responsive,bde_llm_count,True,True,2,0,0,0,0,1,9.319,True,False,False,stage1_nr,False,,,0,False,,False,,8691
CNG_Data2k_variance/files/Q00897.01-0000418559.MSG,Q00897.01-0000418559.MSG,.msg,110080,ok,True,False,text,False,0,0,9,False,7,False,0-10,Name | Email | Phone | Money/Amount,True,Contact Information | Financial Account Information,False,,ambiguous,True,yes,8521,standard,bde_llm_count,False,False,0,0,0,0,0,0,5.141,False,False,True,,True,likely_no,no,4700,False,likely_non_responsive,True,,13221
CNG_Data2k_variance/files/Q00897.01-0000776569.MSG,Q00897.01-0000776569.MSG,.msg,31744,ok,True,False,text,False,0,1,4,False,0,False,0-10,Name | Address | Email | Phone | Credentials,True,Contact Information | Access Credentials,False,,ambiguous,True,yes,4525,standard,,False,False,0,0,0,0,0,0,2.973,False,False,True,,True,likely_yes,yes,4597,False,standard,False,,9122
CNG_Data2k_variance/files/Q00897.01-0000887258.XLSX,Q00897.01-0000887258.XLSX,.xlsx,18513,ok,True,True,text,True,1,0,56,False,56,True,50-100,Name,False,,True,,ambiguous,True,yes,9212,structured_bde,roster_by_rowcount bde_llm_count_roster,False,False,0,0,0,0,0,0,6.478,False,True,True,,True,clear_no,no,4961,True,likely_non_responsive,True,,14173
CNG_Data2k_variance/files/Q00897.01-0000906028.PDF,Q00897.01-0000906028.PDF,.pdf,2968210,ok,True,True,text,True,15,0,402,False,8,True,100+,Address | Phone | SSN | Money/Amount | Work-Related,True,Contact Information | Government-Issued Identification | Financial Account Information | Work-Related Information,True,,clear_responsive,False,,12082,structured_bde,bde_llm_count_roster,True,True,15,0,0,0,0,1,27.045,False,True,True,,True,clear_yes,yes,13069,True,structured_bde,False,,25151
CNG_Data2k_variance/files/Q00897.01-0000814458.0001.PDF,Q00897.01-0000814458.0001.PDF,.pdf,122761,ok,True,True,text,True,5,0,107,False,0,False,100+,Name | Money/Amount,False,Financial Account Information,False,,ambiguous,True,no,9461,likely_non_responsive,bde_llm_count,True,True,5,0,0,0,0,1,11.6,True,False,False,stage1_nr,False,,,0,False,,False,,9461
CNG_Data2k_variance/files/Q00897.01-0000270253.DOCX,Q00897.01-0000270253.DOCX,.docx,79912,ok,True,False,text,False,0,0,1,False,0,False,0-10,Address | Email | Money/Amount | Health | Work-Related,True,Contact Information | Financial Account Information | Health-Related Information | Work-Related Information,False,,ambiguous,True,no,8378,likely_non_responsive,,False,False,0,0,0,0,0,0,1.573,True,False,False,stage1_nr,False,,,0,False,,False,,8378
CNG_Data2k_variance/files/Q00897.01-0000833497.MSG,Q00897.01-0000833497.MSG,.msg,28672,error,False,False,,False,0,0,0,False,0,False,,,False,,False,,,False,,0,review_error,MalformedRtf,False,False,0,0,0,0,0,0,0.342,False,False,False,extract_error,False,,,0,False,,False,,0
CNG_Data2k_variance/files/Q00897.01-0000854505.PDF,Q00897.01-0000854505.PDF,.pdf,530113,ok,True,False,text,False,1,0,1,False,0,False,0-10,Name | Work-Related,True,Work-Related Information,False,,ambiguous,True,yes,4311,standard,,False,False,0,0,0,0,0,0,3.158,False,False,True,,True,responsive,yes,4372,False,standard,False,unknown_level:responsive,8683
CNG_Data2k_variance/files/Q00897.01-0000110236.XLSX,Q00897.01-0000110236.XLSX,.xlsx,128898,ok,True,True,text,True,18,0,1219,False,0,False,100+,Phone,True,Contact Information,False,,ambiguous,True,no,7568,likely_non_responsive,roster_by_rowcount bde_llm_count,False,False,0,0,0,0,0,0,2.902,True,False,False,stage1_nr,False,,,0,False,,False,,7568
CNG_Data2k_variance/files/Q00897.01-0000884899.PDF,Q00897.01-0000884899.PDF,.pdf,75658,ok,True,False,text,False,20,0,1,False,0,False,0-10,Money/Amount,False,Financial Account Information,False,,clear_non_responsive,False,,0,likely_non_responsive,,False,False,0,0,0,0,0,0,0.264,True,False,False,stage1_nr,False,,,0,False,,False,,0
CNG_Data2k_variance/files/Q00897.01-0000527375.0001.PDF,Q00897.01-0000527375.0001.PDF,.pdf,22579,ok,True,False,text,False,1,0,1,False,0,False,0-10,Money/Amount,False,Financial Account Information,False,,clear_non_responsive,False,,0,likely_non_responsive,,False,False,0,0,0,0,0,0,0.028,True,False,False,stage1_nr,False,,,0,False,,False,,0
CNG_Data2k_variance/files/Q00897.01-0000621020.MSG,Q00897.01-0000621020.MSG,.msg,910336,ok,True,False,text,False,0,10,12,False,9,False,10-20,Name | Address | Email | Phone | Money/Amount,True,Contact Information | Financial Account Information,False,,ambiguous,True,yes,17751,standard,bde_llm_count,False,False,0,0,0,0,0,0,8.551,False,False,True,,True,likely_yes,yes,9372,False,standard,False,,27123
CNG_Data2k_variance/files/Q00897.01-0000525407.0001.PDF,Q00897.01-0000525407.0001.PDF,.pdf,738339,ok,True,False,text,False,4,0,1,False,0,False,0-10,Money/Amount,False,Financial Account Information,False,,clear_non_responsive,False,,0,likely_non_responsive,,False,False,0,0,0,0,0,0,4.499,True,False,False,stage1_nr,False,,,0,False,,False,,0
CNG_Data2k_variance/files/Q00897.01-0000804476.0001.PDF,Q00897.01-0000804476.0001.PDF,.pdf,49034,ok,True,True,text,True,1,0,15,False,0,False,10-20,Name,False,,False,,ambiguous,True,no,7237,likely_non_responsive,bde_llm_count,True,True,1,0,0,0,0,1,8.32,True,False,False,stage1_nr,False,,,0,False,,False,,7237
CNG_Data2k_variance/files/Q00897.01-0000254089.PDF,Q00897.01-0000254089.PDF,.pdf,168207,ok,True,False,text,False,1,0,3,False,0,False,0-10,Name | Address | Phone | Money/Amount,True,Contact Information | Financial Account Information,False,,ambiguous,True,no,3826,likely_non_responsive,,True,True,1,0,0,0,0,1,5.887,True,False,False,stage1_nr,False,,,0,False,,False,,3826
CNG_Data2k_variance/files/Q00897.01-0000373776.MSG,Q00897.01-0000373776.MSG,.msg,387584,ok,True,False,text,False,0,0,1,False,0,False,0-10,Email | Phone | Money/Amount,True,Contact Information | Financial Account Information,False,,ambiguous,True,no,5282,likely_non_responsive,,False,False,0,0,0,0,0,0,61.183,True,False,False,stage1_nr,False,,,0,False,,False,,5282
CNG_Data2k_variance/files/Q00897.01-0000862124.XLSX,Q00897.01-0000862124.XLSX,.xlsx,19997,ok,True,True,text,True,1,0,92,False,92,True,50-100,Phone | SSN | Payment Card,True,Contact Information | Government-Issued Identification | Financial Account Information,True,,clear_responsive,False,,6731,structured_bde,bde_llm_count_roster,False,False,0,0,0,0,0,0,15.82,False,True,True,,True,clear_yes,yes,7810,True,structured_bde,False,,14541
CNG_Data2k_variance/files/Q00897.01-0000788180.0002.DOCX,Q00897.01-0000788180.0002.DOCX,.docx,47781,ok,True,False,text,False,0,0,3,False,0,False,0-10,Name | Money/Amount,True,Financial Account Information,False,,ambiguous,True,yes,6724,standard,,False,False,0,0,0,0,0,0,4.07,False,False,True,,True,likely_no,no,6666,False,likely_non_responsive,True,,13390
CNG_Data2k_variance/files/Q00897.01-0000276416.PDF,Q00897.01-0000276416.PDF,.pdf,274556,ok,True,False,text,False,2,0,2,False,0,False,0-10,Name | Address | Phone | Money/Amount,True,Contact Information | Financial Account Information,False,,ambiguous,True,yes,4003,standard,,True,True,2,0,0,0,0,1,6.989,False,False,True,,True,clear_no,no,4023,False,likely_non_responsive,True,,8026
CNG_Data2k_variance/files/Q00897.01-0000257942.MSG,Q00897.01-0000257942.MSG,.msg,999424,ok,True,False,text,False,0,3,5,False,0,False,0-10,Name | Address | Email | Phone | Money/Amount,True,Contact Information | Financial Account Information,False,,ambiguous,True,yes,4670,standard,,False,False,0,0,0,0,0,0,2.666,False,False,True,,True,likely_no,no,4734,False,likely_non_responsive,True,,9404
CNG_Data2k_variance/files/Q00897.01-0000549937.0001.PDF,Q00897.01-0000549937.0001.PDF,.pdf,13021,ok,True,False,text,False,4,0,8,False,6,False,0-10,Name | Address | Card/Transaction | Money/Amount,True,Contact Information | Financial Account Information,False,,ambiguous,True,yes,12976,standard,bde_llm_count,False,False,0,0,0,0,0,0,6.776,False,False,True,,True,likely_no,no,7117,False,likely_non_responsive,True,,20093
CNG_Data2k_variance/files/Q00897.01-0000655755.0001.PDF,Q00897.01-0000655755.0001.PDF,.pdf,40699,ok,True,False,text,False,3,0,1,False,0,False,0-10,Money/Amount,False,Financial Account Information,False,,clear_non_responsive,False,,0,likely_non_responsive,,False,False,0,0,0,0,0,0,0.127,True,False,False,stage1_nr,False,,,0,False,,False,,0
CNG_Data2k_variance/files/Q00897.01-0000372178.MSG,Q00897.01-0000372178.MSG,.msg,199680,ok,True,False,text,False,0,1,0,False,0,False,0-10,,False,,False,,clear_non_responsive,False,,0,likely_non_responsive,,False,False,0,0,0,0,0,0,0.074,True,False,False,stage1_nr,False,,,0,False,,False,,0
CNG_Data2k_variance/files/Q00897.01-0000736594.MSG,Q00897.01-0000736594.MSG,.msg,178176,ok,True,False,text,False,0,1,2,False,0,False,0-10,Phone,True,Contact Information,False,,ambiguous,True,no,4546,likely_non_responsive,,False,False,0,0,0,0,0,0,2.086,True,False,False,stage1_nr,False,,,0,False,,False,,4546
CNG_Data2k_variance/files/Q00897.01-0000290694.CSV,Q00897.01-0000290694.CSV,.csv,3776,ok,True,True,text,True,0,0,14,False,3,False,10-20,Name | SSN | Money/Amount | Health,True,Government-Issued Identification | Financial Account Information | Health-Related Information,False,,clear_responsive,False,,4279,standard,bde_llm_count_roster,False,False,0,0,0,0,0,0,2.691,False,False,True,,True,clear_yes,yes,5155,False,standard,False,,9434
CNG_Data2k_variance/files/Q00897.01-0000514757.MSG,Q00897.01-0000514757.MSG,.msg,38912,ok,True,False,text,False,0,0,0,False,0,False,0-10,,False,,False,,clear_non_responsive,False,,0,likely_non_responsive,,False,False,0,0,0,0,0,0,0.365,True,False,False,stage1_nr,False,,,0,False,,False,,0
CNG_Data2k_variance/files/Q00897.01-0000690287.MSG,Q00897.01-0000690287.MSG,.msg,188416,ok,True,False,text,False,0,0,1,False,0,False,0-10,Name | Address | Email | Money/Amount,True,Contact Information | Financial Account Information,False,,ambiguous,True,yes,4330,standard,,False,False,0,0,0,0,0,0,4.402,False,False,True,,True,clear_yes,yes,4409,False,standard,False,,8739
CNG_Data2k_variance/files/Q00897.01-0000619012.MSG,Q00897.01-0000619012.MSG,.msg,2295808,ok,True,False,text,False,0,3,0,False,0,False,0-10,,False,,False,,clear_non_responsive,False,,0,likely_non_responsive,,False,False,0,0,0,0,0,0,0.29,True,False,False,stage1_nr,False,,,0,False,,False,,0
CNG_Data2k_variance/files/Q00897.01-0000523692.0001.PDF,Q00897.01-0000523692.0001.PDF,.pdf,23215,ok,True,False,text,False,2,0,1,False,0,False,0-10,Phone,True,Contact Information,False,,ambiguous,True,no,3855,likely_non_responsive,,False,False,0,0,0,0,0,0,1.301,True,False,False,stage1_nr,False,,,0,False,,False,,3855
CNG_Data2k_variance/files/Q00897.01-0000872784.PDF,Q00897.01-0000872784.PDF,.pdf,129395,ok,True,True,text,True,4,0,66,False,2,False,50-100,Address | Phone | Money/Amount,True,Contact Information | Financial Account Information,False,,ambiguous,True,yes,14238,standard,bde_llm_count,True,True,4,0,0,0,0,1,11.798,False,False,True,,True,likely_no,no,7559,True,likely_non_responsive,True,,21797
CNG_Data2k_variance/files/Q00897.01-0000834301.MSG,Q00897.01-0000834301.MSG,.msg,113152,ok,True,False,text,False,0,0,2,False,0,False,0-10,Email,True,Contact Information,False,,ambiguous,True,no,3873,likely_non_responsive,,False,False,0,0,0,0,0,0,1.138,True,False,False,stage1_nr,False,,,0,False,,False,,3873
CNG_Data2k_variance/files/Q00897.01-0000613392.0001.PDF,Q00897.01-0000613392.0001.PDF,.pdf,5071588,ok,True,False,text,False,43,0,1,False,0,False,0-10,Name | Email | Money/Amount,True,Contact Information | Financial Account Information,False,,ambiguous,True,no,9935,likely_non_responsive,"img_ocr:none(6 calls,0 chars)",False,False,0,6,6,0,0,6,33.585,True,False,False,stage1_nr,False,,,0,False,,False,,9935
CNG_Data2k_variance/files/Q00897.01-0000669115.MSG,Q00897.01-0000669115.MSG,.msg,170496,ok,True,False,text,False,0,2,3,False,0,False,0-10,Name | Phone,True,Contact Information,False,,ambiguous,True,no,3741,likely_non_responsive,,False,False,0,0,0,0,0,0,1.871,True,False,False,stage1_nr,False,,,0,False,,False,,3741
CNG_Data2k_variance/files/Q00897.01-0000912528.PDF,Q00897.01-0000912528.PDF,.pdf,110890,ok,True,False,text,False,3,0,0,False,0,False,0-10,,False,,False,,clear_non_responsive,False,,0,likely_non_responsive,,False,False,0,0,0,0,0,0,0.177,True,False,False,stage1_nr,False,,,0,False,,False,,0
CNG_Data2k_variance\files\Q00897.01-0000118261.DOC,Q00897.01-0000118261.DOC,.doc,40451,ok,True,False,text,False,0,0,1,False,0,False,0-10,Money/Amount | Health | Demographic | Work-Related,False,Financial Account Information | Health-Related Information | Demographic Information | Work-Related Information,False,,ambiguous,True,no,6016,likely_non_responsive,,False,False,0,0,0,0,0,0,1.043,True,False,False,stage1_nr,False,,,0,False,,False,,6016
CNG_Data2k_variance/files/Q00897.01-0000898171.PDF,Q00897.01-0000898171.PDF,.pdf,20635,ok,True,True,text,True,3,0,53,False,3,True,50-100,Name | Address | Phone | Money/Amount | Work-Related,True,Contact Information | Financial Account Information | Work-Related Information,True,,ambiguous,True,yes,9109,structured_bde,bde_llm_count_roster,True,True,3,0,0,0,0,1,11.994,False,True,True,,True,clear_yes,yes,5038,True,structured_bde,False,,14147
CNG_Data2k_variance/files/Q00897.01-0000279479.PDF,Q00897.01-0000279479.PDF,.pdf,172961,ok,True,False,text,False,1,0,2,False,0,False,0-10,Name | Address | Phone | Money/Amount,True,Contact Information | Financial Account Information,False,,ambiguous,True,yes,4173,standard,,True,True,1,0,0,0,0,1,6.291,False,False,True,,True,likely_yes,yes,4222,False,standard,False,,8395
CNG_Data2k_variance/files/Q00897.01-0000481336.MSG,Q00897.01-0000481336.MSG,.msg,25088,ok,True,False,text,False,0,0,5,False,0,False,0-10,Name | Email,True,Contact Information,False,,ambiguous,True,no,4129,likely_non_responsive,,False,False,0,0,0,0,0,0,1.431,True,False,False,stage1_nr,False,,,0,False,,False,,4129
CNG_Data2k_variance\files\Q00897.01-0000851739.XLS,Q00897.01-0000851739.XLS,.xls,22234,ok,True,True,text,True,1,0,66,False,1,False,50-100,Name | Money/Amount,False,Financial Account Information,False,,ambiguous,True,no,7268,likely_non_responsive,roster_by_rowcount bde_llm_count,False,False,0,0,0,0,0,0,2.908,True,False,False,stage1_nr,False,,,0,False,,False,,7268
CNG_Data2k_variance/files/Q00897.01-0000276152.PDF,Q00897.01-0000276152.PDF,.pdf,190913,ok,True,False,text,False,1,0,1,False,0,False,0-10,Name | Address | Tax ID | Money/Amount,True,Contact Information | Government-Issued Identification | Financial Account Information,False,,ambiguous,True,no,4001,likely_non_responsive,,True,True,1,0,0,0,0,1,6.519,True,False,False,stage1_nr,False,,,0,False,,False,,4001
CNG_Data2k_variance\files\Q00897.01-0000021421.XLS,Q00897.01-0000021421.XLS,.xls,70587,ok,True,True,text,True,2,0,5,False,5,False,0-10,Name | Money/Amount,False,Financial Account Information,False,,ambiguous,True,yes,7554,standard,bde_llm_count_roster,False,False,0,0,0,0,0,0,4.073,False,False,True,,True,clear_yes,yes,4271,False,standard,False,,11825
CNG_Data2k_variance/files/Q00897.01-0000608989.0001.PPTX,Q00897.01-0000608989.0001.PPTX,.pptx,11102453,ok,True,False,text,False,20,0,1,False,0,False,0-10,Name,False,,False,,ambiguous,True,no,4675,likely_non_responsive,,False,False,0,0,0,0,0,0,1.747,True,False,False,stage1_nr,False,,,0,False,,False,,4675
CNG_Data2k_variance/files/Q00897.01-0000310299.XLSX,Q00897.01-0000310299.XLSX,.xlsx,248173,ok,True,True,text,True,6,0,2634,False,51,True,100+,Name | Phone,True,Contact Information,True,,ambiguous,True,yes,10598,structured_bde,roster_by_rowcount bde_llm_count_roster,False,False,0,0,0,0,0,0,6.015,False,True,True,,True,likely_no,no,5848,True,likely_non_responsive,True,,16446
CNG_Data2k_variance/files/Q00897.01-0000644059.MSG,Q00897.01-0000644059.MSG,.msg,229888,ok,True,False,text,False,0,3,4,False,0,False,0-10,Name | Address | Email | Phone,True,Contact Information,False,,ambiguous,True,yes,9892,standard,,False,False,0,0,0,0,0,0,2.871,False,False,True,,True,likely_yes,yes,9934,False,standard,False,,19826
CNG_Data2k_variance/files/Q00897.01-0000739470.MSG,Q00897.01-0000739470.MSG,.msg,202752,ok,True,False,text,False,0,0,1,False,0,False,0-10,Money/Amount,False,Financial Account Information,False,,clear_non_responsive,False,,0,likely_non_responsive,,False,False,0,0,0,0,0,0,1.626,True,False,False,stage1_nr,False,,,0,False,,False,,0
CNG_Data2k_variance/files/Q00897.01-0000753214.MSG,Q00897.01-0000753214.MSG,.msg,238592,ok,True,False,text,False,0,0,2,False,0,False,0-10,Name | Address | Email | Phone,True,Contact Information,False,,ambiguous,True,yes,3802,standard,,False,False,0,0,0,0,0,0,2.56,False,False,True,,True,likely_no,no,3875,False,likely_non_responsive,True,,7677
CNG_Data2k_variance/files/Q00897.01-0000857446.PDF,Q00897.01-0000857446.PDF,.pdf,420872,ok,True,False,text,False,2,0,4,False,0,False,0-10,Name | Email | Money/Amount | Work-Related,True,Contact Information | Financial Account Information | Work-Related Information,False,,ambiguous,True,yes,17171,standard,,False,False,0,0,0,0,0,0,4.271,False,False,True,,True,likely_yes,yes,17233,False,standard,False,,34404
CNG_Data2k_variance/files/Q00897.01-0000908856.PDF,Q00897.01-0000908856.PDF,.pdf,5594465,error,False,False,,False,0,0,0,False,0,False,,,False,,False,,,False,,0,review_error,NameError,False,False,0,0,0,0,0,0,60.108,False,False,False,extract_error,False,,,0,False,,False,,0
CNG_Data2k_variance/files/Q00897.01-0000426315.0001.XLSX,Q00897.01-0000426315.0001.XLSX,.xlsx,1873867,ok,True,True,text,True,74,0,669,False,0,False,100+,Address | Phone | Payment Card | Money/Amount | Work-Related,True,Contact Information | Financial Account Information | Work-Related Information,False,,ambiguous,True,no,19001,likely_non_responsive,bde_llm_count,False,False,0,0,0,0,0,0,3.486,True,False,False,stage1_nr,False,,,0,False,,False,,19001
CNG_Data2k_variance/files/Q00897.01-0000896778.PDF,Q00897.01-0000896778.PDF,.pdf,18804,ok,True,True,text,True,2,0,30,False,2,False,20-50,Name | Address | Phone | Money/Amount | Work-Related,True,Contact Information | Financial Account Information | Work-Related Information,False,,ambiguous,True,yes,8392,standard,bde_llm_count,True,True,2,0,0,0,0,1,22.673,False,False,True,,True,clear_yes,yes,4647,False,standard,False,,13039
CNG_Data2k_variance/files/Q00897.01-0000885345.PDF,Q00897.01-0000885345.PDF,.pdf,180342,ok,True,False,text,False,4,0,2,False,0,False,0-10,Name | Address | Email | Phone | Money/Amount | Demographic | Work-Related,True,Contact Information | Financial Account Information | Demographic Information | Work-Related Information,False,,ambiguous,True,no,7456,likely_non_responsive,,False,False,0,0,0,0,0,0,1.481,True,False,False,stage1_nr,False,,,0,False,,False,,7456
CNG_Data2k_variance/files/Q00897.01-0000774213.MSG,Q00897.01-0000774213.MSG,.msg,39936,ok,True,False,text,False,0,0,4,False,0,False,0-10,Name | Address | Email | Phone | Work-Related,True,Contact Information | Work-Related Information,False,,ambiguous,True,yes,4770,standard,,False,False,0,0,0,0,0,0,3.0,False,False,True,,True,likely_no,no,4841,False,likely_non_responsive,True,,9611
CNG_Data2k_variance/files/Q00897.01-0000345375.PDF,Q00897.01-0000345375.PDF,.pdf,29086,ok,True,False,text,False,7,0,1,False,0,False,0-10,Name | Address | Money/Amount,True,Contact Information | Financial Account Information,False,,ambiguous,True,yes,6631,standard,,False,False,0,0,0,0,0,0,3.204,False,False,True,,True,clear_yes,yes,6663,False,standard,False,,13294
CNG_Data2k_variance/files/Q00897.01-0000013320.PDF,Q00897.01-0000013320.PDF,.pdf,673338,ok,True,False,text,False,2,0,2,False,0,False,0-10,Name | Money/Amount | Work-Related,True,Financial Account Information | Work-Related Information,False,,ambiguous,True,yes,5272,standard,"img_ocr:p1(1/1,+31chars)",False,False,0,1,1,1,0,1,8.402,False,False,True,,True,likely_yes,yes,5340,False,standard,False,,10612
CNG_Data2k_variance/files/Q00897.01-0000015492.XLSX,Q00897.01-0000015492.XLSX,.xlsx,30934,ok,True,True,text,True,3,0,151,False,151,True,100+,Name | Address | Money/Amount | Credentials | Work-Related,True,Contact Information | Financial Account Information | Access Credentials | Work-Related Information,True,,ambiguous,True,yes,7486,structured_bde,roster_by_rowcount bde_llm_count_roster,False,False,0,0,0,0,0,0,4.054,False,True,True,,True,likely_yes,yes,4205,True,structured_bde,False,,11691
CNG_Data2k_variance/files/Q00897.01-0000900154.PDF,Q00897.01-0000900154.PDF,.pdf,64325,ok,True,False,text,False,13,0,1,False,0,False,0-10,Address | SSN | Money/Amount | Work-Related,True,Contact Information | Government-Issued Identification | Financial Account Information | Work-Related Information,False,,clear_responsive,False,,0,standard,,False,False,0,0,0,0,0,0,3.018,False,False,True,,True,clear_yes,yes,14090,False,standard,False,,14090
CNG_Data2k_variance/files/Q00897.01-0000871549.TXT,Q00897.01-0000871549.TXT,.txt,3017,ok,True,False,text,False,0,0,1,False,0,False,0-10,Address | Phone | Money/Amount,True,Contact Information | Financial Account Information,False,,ambiguous,True,no,4364,likely_non_responsive,,False,False,0,0,0,0,0,0,10.193,True,False,False,stage1_nr,False,,,0,False,,False,,4364
CNG_Data2k_variance/files/Q00897.01-0000305610.PDF,Q00897.01-0000305610.PDF,.pdf,5409519,ok,True,True,text,True,15,0,676,False,0,False,100+,Money/Amount,False,Financial Account Information,False,,ambiguous,True,no,29645,likely_non_responsive,bde_llm_count,True,True,15,0,0,0,0,1,66.205,True,False,False,stage1_nr,False,,,0,False,,False,,29645
CNG_Data2k_variance/files/Q00897.01-0000375399.MSG,Q00897.01-0000375399.MSG,.msg,145408,ok,True,False,text,False,0,1,0,False,0,False,0-10,,False,,False,,clear_non_responsive,False,,0,likely_non_responsive,,False,False,0,0,0,0,0,0,0.076,True,False,False,stage1_nr,False,,,0,False,,False,,0
CNG_Data2k_variance/files/Q00897.01-0000843674.MSG,Q00897.01-0000843674.MSG,.msg,132608,ok,True,False,text,False,0,2,10,False,0,False,0-10,Name | Address | Email | Phone,True,Contact Information,False,,ambiguous,True,no,4552,likely_non_responsive,bde_count_failed:RateLimitError,False,False,0,0,0,0,0,0,2.432,True,False,False,stage1_nr,False,,,0,False,,False,,4552
CNG_Data2k_variance/files/Q00897.01-0000259053.PDF,Q00897.01-0000259053.PDF,.pdf,126024,ok,True,True,text,True,2,0,11,False,2,False,10-20,Name | Address | Email | Phone | Money/Amount,True,Contact Information | Financial Account Information,False,,ambiguous,True,no,7602,likely_non_responsive,bde_llm_count,True,True,2,0,0,0,0,1,7.748,True,False,False,stage1_nr,False,,,0,False,,False,,7602
CNG_Data2k_variance/files/Q00897.01-0000260925.XLSX,Q00897.01-0000260925.XLSX,.xlsx,26784,ok,True,True,text,True,1,0,108,False,1,False,100+,Name | Phone | Money/Amount,True,Contact Information | Financial Account Information,False,,ambiguous,True,yes,16981,standard,roster_by_rowcount bde_llm_count,False,False,0,0,0,0,0,0,4.108,False,False,True,,True,likely_yes,yes,8987,True,structured_bde,False,,25968
CNG_Data2k_variance/files/Q00897.01-0000706864.0001.HTM,Q00897.01-0000706864.0001.HTM,.htm,623750,ok,True,False,text,False,0,0,1,False,0,False,0-10,Name | Address | Money/Amount | Work-Related,True,Contact Information | Financial Account Information | Work-Related Information,False,,ambiguous,True,no,6003,likely_non_responsive,,False,False,0,0,0,0,0,0,1.372,True,False,False,stage1_nr,False,,,0,False,,False,,6003
CNG_Data2k_variance/files/Q00897.01-0000664863.0001.XLSX,Q00897.01-0000664863.0001.XLSX,.xlsx,31196,ok,True,True,text,True,2,0,154,False,0,True,100+,Phone | Money/Amount,True,Contact Information | Financial Account Information,True,,ambiguous,True,no,11616,structured_bde,roster_by_rowcount bde_llm_count_roster,False,False,0,0,0,0,0,0,6.215,False,True,True,,True,clear_no,no,6285,True,likely_non_responsive,True,,17901
CNG_Data2k_variance/files/Q00897.01-0000319803.XML,Q00897.01-0000319803.XML,.xml,686,ok,True,False,text,False,0,0,1,False,0,False,0-10,Money/Amount,False,Financial Account Information,False,,clear_non_responsive,False,,0,likely_non_responsive,,False,False,0,0,0,0,0,0,0.023,True,False,False,stage1_nr,False,,,0,False,,False,,0
CNG_Data2k_variance/files/Q00897.01-0000464078.MSG,Q00897.01-0000464078.MSG,.msg,1978368,ok,True,False,text,False,0,4,6,False,0,False,0-10,Name | Address | Email | Phone,True,Contact Information,False,,ambiguous,True,yes,6341,standard,,False,False,0,0,0,0,0,0,5.134,False,False,True,,True,likely_yes,yes,6373,False,standard,False,,12714
CNG_Data2k_variance/files/Q00897.01-0000910677.PDF,Q00897.01-0000910677.PDF,.pdf,240495,ok,True,False,text,False,33,0,1,False,0,False,0-10,Money/Amount,False,Financial Account Information,False,,clear_non_responsive,False,,0,likely_non_responsive,,False,False,0,0,0,0,0,0,3.151,True,False,False,stage1_nr,False,,,0,False,,False,,0
CNG_Data2k_variance/files/Q00897.01-0000812606.MSG,Q00897.01-0000812606.MSG,.msg,111104,ok,True,False,text,False,0,0,2,False,0,False,0-10,Name | Address | Email | Card/Transaction | Credentials,True,Contact Information | Financial Account Information | Access Credentials,False,,ambiguous,True,yes,5173,standard,,False,False,0,0,0,0,0,0,6.544,False,False,True,,True,clear_no,no,5276,False,likely_non_responsive,True,,10449
CNG_Data2k_variance/files/Q00897.01-0000533504.MSG,Q00897.01-0000533504.MSG,.msg,506368,ok,True,False,text,False,0,3,3,False,0,False,0-10,Name | Email,True,Contact Information,False,,ambiguous,True,no,4353,likely_non_responsive,,False,False,0,0,0,0,0,0,1.565,True,False,False,stage1_nr,False,,,0,False,,False,,4353
CNG_Data2k_variance/files/Q00897.01-0000343771.PDF,Q00897.01-0000343771.PDF,.pdf,395509,ok,True,False,text,False,2,0,2,False,0,False,0-10,Phone | Money/Amount,True,Contact Information | Financial Account Information,False,,ambiguous,True,no,4981,likely_non_responsive,,False,False,0,0,0,0,0,0,1.571,True,False,False,stage1_nr,False,,,0,False,,False,,4981
CNG_Data2k_variance/files/Q00897.01-0000898524.PDF,Q00897.01-0000898524.PDF,.pdf,19670,ok,True,False,text,False,3,0,1,False,0,False,0-10,Name | Address | Phone | Money/Amount,True,Contact Information | Financial Account Information,False,,ambiguous,True,yes,5972,standard,,False,False,0,0,0,0,0,0,3.379,False,False,True,,True,likely_no,no,6056,False,likely_non_responsive,True,,12028
CNG_Data2k_variance/files/Q00897.01-0000833809.0001.PDF,Q00897.01-0000833809.0001.PDF,.pdf,590149,ok,True,True,text,True,11,0,5,False,2,False,0-10,Name | Address | Phone | Money/Amount,True,Contact Information | Financial Account Information,False,,ambiguous,True,yes,17093,standard,bde_llm_count,True,True,11,0,0,0,0,1,13.625,False,False,True,,True,likely_no,no,9008,False,likely_non_responsive,True,,26101
CNG_Data2k_variance/files/Q00897.01-0000134134.PDF,Q00897.01-0000134134.PDF,.pdf,1027093,ok,True,True,text,True,6,0,61,False,0,False,50-100,Phone | Money/Amount,True,Contact Information | Financial Account Information,False,,ambiguous,True,no,9401,likely_non_responsive,bde_llm_count,True,True,6,0,0,0,0,1,8.395,True,False,False,stage1_nr,False,,,0,False,,False,,9401
CNG_Data2k_variance/files/Q00897.01-0000227270.PDF,Q00897.01-0000227270.PDF,.pdf,93072,ok,True,False,text,False,1,0,3,False,0,False,0-10,Name | Address | Phone | Money/Amount,True,Contact Information | Financial Account Information,False,,ambiguous,True,yes,4096,standard,"img_ocr:p1,p1(2/2,+35chars)",False,False,0,2,2,2,0,2,11.569,False,False,True,,True,clear_no,no,4167,False,likely_non_responsive,True,,8263
CNG_Data2k_variance/files/Q00897.01-0000546787.0001.PDF,Q00897.01-0000546787.0001.PDF,.pdf,22562,ok,True,False,text,False,1,0,1,False,0,False,0-10,Money/Amount,False,Financial Account Information,False,,clear_non_responsive,False,,0,likely_non_responsive,,False,False,0,0,0,0,0,0,0.03,True,False,False,stage1_nr,False,,,0,False,,False,,0
CNG_Data2k_variance/files/Q00897.01-0000750307.MSG,Q00897.01-0000750307.MSG,.msg,77312,ok,True,False,text,False,0,0,3,False,0,False,0-10,Name | Phone | Card/Transaction | Money/Amount,True,Contact Information | Financial Account Information,False,,ambiguous,True,yes,4014,standard,,False,False,0,0,0,0,0,0,2.742,False,False,True,,True,likely_yes,yes,4084,False,standard,False,,8098
CNG_Data2k_variance/files/Q00897.01-0000916340.PDF,Q00897.01-0000916340.PDF,.pdf,221059,ok,True,False,text,False,2,0,1,False,0,False,0-10,Money/Amount,False,Financial Account Information,False,,clear_non_responsive,False,,0,likely_non_responsive,,False,False,0,0,0,0,0,0,0.205,True,False,False,stage1_nr,False,,,0,False,,False,,0
CNG_Data2k_variance/files/Q00897.01-0000487186.0001.PDF,Q00897.01-0000487186.0001.PDF,.pdf,140499,ok,True,False,text,False,2,0,0,False,0,False,0-10,,False,,False,,clear_non_responsive,False,,0,likely_non_responsive,,False,False,0,0,0,0,0,0,0.301,True,False,False,stage1_nr,False,,,0,False,,False,,0
CNG_Data2k_variance/files/Q00897.01-0000809030.0001.PDF,Q00897.01-0000809030.0001.PDF,.pdf,277071,ok,True,False,text,False,3,0,2,False,0,False,0-10,Name | Address | Health,True,Contact Information | Health-Related Information,False,,ambiguous,True,no,6041,likely_non_responsive,,True,True,3,0,0,0,0,1,7.126,True,False,False,stage1_nr,False,,,0,False,,False,,6041
CNG_Data2k_variance/files/Q00897.01-0000128435.PDF,Q00897.01-0000128435.PDF,.pdf,708729,ok,True,True,text,True,4,0,30,False,0,False,20-50,Phone | Money/Amount,True,Contact Information | Financial Account Information,False,,ambiguous,True,no,8244,likely_non_responsive,bde_llm_count,True,True,4,0,0,0,0,1,13.359,True,False,False,stage1_nr,False,,,0,False,,False,,8244
CNG_Data2k_variance/files/Q00897.01-0000799844.0001.PDF,Q00897.01-0000799844.0001.PDF,.pdf,23148,ok,True,False,text,False,1,0,0,False,0,False,0-10,,False,,False,,clear_non_responsive,False,,0,likely_non_responsive,,False,False,0,0,0,0,0,0,0.065,True,False,False,stage1_nr,False,,,0,False,,False,,0
CNG_Data2k_variance/files/Q00897.01-0000670217.MSG,Q00897.01-0000670217.MSG,.msg,215040,ok,True,False,text,False,0,2,3,False,0,False,0-10,Name | Phone,True,Contact Information,False,,ambiguous,True,no,3727,likely_non_responsive,,False,False,0,0,0,0,0,0,1.377,True,False,False,stage1_nr,False,,,0,False,,False,,3727
CNG_Data2k_variance/files/Q00897.01-0000704977.MSG,Q00897.01-0000704977.MSG,.msg,275456,ok,True,False,text,False,0,0,6,False,0,False,0-10,Address | Email | Money/Amount,True,Contact Information | Financial Account Information,False,,ambiguous,True,no,5119,likely_non_responsive,,False,False,0,0,0,0,0,0,2.568,True,False,False,stage1_nr,False,,,0,False,,False,,5119
CNG_Data2k_variance/files/Q00897.01-0000450105.0002.PDF,Q00897.01-0000450105.0002.PDF,.pdf,1223715,ok,True,False,text,False,17,0,1,False,0,False,0-10,Money/Amount,False,Financial Account Information,False,,clear_non_responsive,False,,0,likely_non_responsive,"img_ocr:p1,p6,p6,p15,p15,p15,p17(7/8,+1051chars)",False,False,0,8,8,7,0,8,35.754,True,False,False,stage1_nr,False,,,0,False,,False,,0
CNG_Data2k_variance/files/Q00897.01-0000745288.MSG,Q00897.01-0000745288.MSG,.msg,244736,ok,True,False,text,False,0,0,0,False,0,False,0-10,,False,,False,,clear_non_responsive,False,,0,likely_non_responsive,,False,False,0,0,0,0,0,0,0.123,True,False,False,stage1_nr,False,,,0,False,,False,,0
CNG_Data2k_variance/files/Q00897.01-0000890821.PDF,Q00897.01-0000890821.PDF,.pdf,25170,ok,True,False,text,False,4,0,0,False,0,False,0-10,,False,,False,,clear_non_responsive,False,,0,likely_non_responsive,,False,False,0,0,0,0,0,0,0.236,True,False,False,stage1_nr,False,,,0,False,,False,,0
CNG_Data2k_variance/files/Q00897.01-0000438618.MSG,Q00897.01-0000438618.MSG,.msg,109568,ok,True,False,text,False,0,0,3,False,0,False,0-10,Name | Address | Email,True,Contact Information,False,,ambiguous,True,yes,3908,standard,,False,False,0,0,0,0,0,0,3.07,False,False,True,,True,likely_yes,yes,3960,False,standard,False,,7868
CNG_Data2k_variance/files/Q00897.01-0000109887.XLSX,Q00897.01-0000109887.XLSX,.xlsx,17448,ok,True,True,text,True,2,0,115,False,1,False,100+,,False,,False,,ambiguous,True,no,7200,likely_non_responsive,roster_by_rowcount bde_llm_count,False,False,0,0,0,0,0,0,3.938,True,False,False,stage1_nr,False,,,0,False,,False,,7200
CNG_Data2k_variance/files/Q00897.01-0000681579.0001.DOCX,Q00897.01-0000681579.0001.DOCX,.docx,15312,ok,True,False,text,False,0,0,1,False,0,False,0-10,Name | Money/Amount,True,Financial Account Information,False,,ambiguous,True,yes,3862,standard,,False,False,0,0,0,0,0,0,2.661,False,False,True,,True,likely_no,no,3975,False,likely_non_responsive,True,,7837
CNG_Data2k_variance/files/Q00897.01-0000685751.MSG,Q00897.01-0000685751.MSG,.msg,220672,ok,True,False,text,False,0,0,1,False,0,False,0-10,Address | Money/Amount,True,Contact Information | Financial Account Information,False,,ambiguous,True,no,4174,likely_non_responsive,,False,False,0,0,0,0,0,0,2.362,True,False,False,stage1_nr,False,,,0,False,,False,,4174
CNG_Data2k_variance/files/Q00897.01-0000662617.MSG,Q00897.01-0000662617.MSG,.msg,584192,ok,True,False,text,False,0,2,10,False,6,False,0-10,Name | Address | Email | Phone,True,Contact Information,False,,ambiguous,True,yes,13436,standard,bde_llm_count,False,False,0,0,0,0,0,0,7.671,False,False,True,,True,likely_no,no,7159,False,likely_non_responsive,True,,20595
CNG_Data2k_variance/files/Q00897.01-0000286522.PDF,Q00897.01-0000286522.PDF,.pdf,23964,ok,True,True,text,True,1,0,5,False,1,False,0-10,Name | Address | Phone | Card/Transaction | Money/Amount,True,Contact Information | Financial Account Information,False,,ambiguous,True,yes,6943,standard,bde_llm_count,True,True,1,0,0,0,0,1,10.477,False,False,True,,True,likely_no,no,3945,False,likely_non_responsive,True,,10888
CNG_Data2k_variance/files/Q00897.01-0000489362.MSG,Q00897.01-0000489362.MSG,.msg,166400,ok,True,False,text,False,0,4,0,False,0,False,0-10,,False,,False,,clear_non_responsive,False,,0,likely_non_responsive,,False,False,0,0,0,0,0,0,0.704,True,False,False,stage1_nr,False,,,0,False,,False,,0
CNG_Data2k_variance/files/Q00897.01-0000835422.0003.DOCX,Q00897.01-0000835422.0003.DOCX,.docx,42245,ok,True,False,text,False,0,0,1,False,0,False,0-10,Name | Money/Amount,True,Financial Account Information,False,,ambiguous,True,no,8374,likely_non_responsive,,False,False,0,0,0,0,0,0,1.692,True,False,False,stage1_nr,False,,,0,False,,False,,8374
CNG_Data2k_variance/files/Q00897.01-0000888365.PDF,Q00897.01-0000888365.PDF,.pdf,1522761,ok,True,False,text,False,231,0,211,False,211,True,100+,Name | Address | Phone | Money/Amount,True,Contact Information | Financial Account Information,True,,ambiguous,True,yes,34188,bde,bde_llm_count_roster,False,False,0,0,0,0,0,0,36.662,False,True,True,,True,clear_yes,yes,17726,True,bde,False,,51914
CNG_Data2k_variance/files/Q00897.01-0000122160.PDF,Q00897.01-0000122160.PDF,.pdf,235972,ok,True,False,text,False,1,0,2,False,0,False,0-10,Name | Phone | Money/Amount,True,Contact Information | Financial Account Information,False,,ambiguous,True,no,4340,likely_non_responsive,"img_ocr:p1(1/1,+18chars)",False,False,0,1,1,1,0,1,5.494,True,False,False,stage1_nr,False,,,0,False,,False,,4340
CNG_Data2k_variance/files/Q00897.01-0000292870.PDF,Q00897.01-0000292870.PDF,.pdf,1285632,ok,True,False,text,False,9,0,50,False,51,True,20-50,Name | Date of Birth | Money/Amount,True,Birth Information | Financial Account Information,True,,ambiguous,True,yes,34404,bde,bde_llm_count_roster,False,False,0,0,0,0,0,0,6.622,False,True,True,,True,clear_yes,yes,17729,False,standard,False,,52133
CNG_Data2k_variance/files/Q00897.01-0000001669.PDF,Q00897.01-0000001669.PDF,.pdf,421101,ok,True,True,text,True,5,0,20,False,1,False,10-20,Name | Money/Amount | Health | Work-Related,True,Financial Account Information | Health-Related Information | Work-Related Information,False,,ambiguous,True,yes,12471,standard,bde_llm_count,True,True,5,0,0,0,0,1,11.415,False,False,True,,True,likely_yes,yes,6695,False,standard,False,,19166
CNG_Data2k_variance/files/Q00897.01-0000697980.MSG,Q00897.01-0000697980.MSG,.msg,183296,ok,True,False,text,False,0,0,1,False,0,False,0-10,Name | Address | Email | Money/Amount,True,Contact Information | Financial Account Information,False,,ambiguous,True,yes,4268,standard,,False,False,0,0,0,0,0,0,4.048,False,False,True,,True,clear_yes,yes,4336,False,standard,False,,8604
CNG_Data2k_variance/files/Q00897.01-0000691818.MSG,Q00897.01-0000691818.MSG,.msg,248832,ok,True,False,text,False,0,0,2,False,0,False,0-10,Address | Email | Phone | Money/Amount,True,Contact Information | Financial Account Information,False,,ambiguous,True,no,4651,likely_non_responsive,,False,False,0,0,0,0,0,0,3.426,True,False,False,stage1_nr,False,,,0,False,,False,,4651
CNG_Data2k_variance/files/Q00897.01-0000858983.PDF,Q00897.01-0000858983.PDF,.pdf,62118,ok,True,False,text,False,1,0,1,False,0,False,0-10,Name | Money/Amount,True,Financial Account Information,False,,ambiguous,True,yes,3992,standard,,False,False,0,0,0,0,0,0,3.572,False,False,True,,True,likely_yes,yes,4043,False,standard,False,,8035
CNG_Data2k_variance/files/Q00897.01-0000112704.PDF,Q00897.01-0000112704.PDF,.pdf,6425,ok,True,False,text,False,1,0,1,False,0,False,0-10,Name | Address | Health,True,Contact Information | Health-Related Information,False,,ambiguous,True,yes,3963,standard,,False,False,0,0,0,0,0,0,2.699,False,False,True,,True,likely_no,no,4016,False,likely_non_responsive,True,,7979
CNG_Data2k_variance/files/Q00897.01-0000005103.PDF,Q00897.01-0000005103.PDF,.pdf,219897,ok,True,False,text,False,2,0,1,False,0,False,0-10,Money/Amount,False,Financial Account Information,False,,clear_non_responsive,False,,0,likely_non_responsive,,False,False,0,0,0,0,0,0,0.218,True,False,False,stage1_nr,False,,,0,False,,False,,0
CNG_Data2k_variance/files/Q00897.01-0000706279.MSG,Q00897.01-0000706279.MSG,.msg,262144,ok,True,False,text,False,0,0,1,False,0,False,0-10,Name | Address | Money/Amount | Health,True,Contact Information | Financial Account Information | Health-Related Information,False,,ambiguous,True,no,4227,likely_non_responsive,,False,False,0,0,0,0,0,0,3.414,True,False,False,stage1_nr,False,,,0,False,,False,,4227
CNG_Data2k_variance/files/Q00897.01-0000521747.MSG,Q00897.01-0000521747.MSG,.msg,128512,ok,True,False,text,False,0,0,1,False,0,False,0-10,Address,True,Contact Information,False,,ambiguous,True,yes,4968,standard,,False,False,0,0,0,0,0,0,3.982,False,False,True,,True,borderline,no,5054,False,likely_non_responsive,True,,10022
CNG_Data2k_variance/files/Q00897.01-0000504816.0002.PDF,Q00897.01-0000504816.0002.PDF,.pdf,331049,ok,True,False,text,False,1,0,3,False,0,False,0-10,Name | Address | Phone | Money/Amount,True,Contact Information | Financial Account Information,False,,ambiguous,True,no,4174,likely_non_responsive,"img_ocr:p1(1/1,+30chars)",False,False,0,1,1,1,0,1,5.545,True,False,False,stage1_nr,False,,,0,False,,False,,4174
CNG_Data2k_variance/files/Q00897.01-0000027457.PDF,Q00897.01-0000027457.PDF,.pdf,205091,ok,True,True,text,True,2,0,13,False,0,False,10-20,Name | Address | Phone | Money/Amount,True,Contact Information | Financial Account Information,False,,ambiguous,True,no,7521,likely_non_responsive,bde_llm_count,True,True,2,0,0,0,0,1,7.439,True,False,False,stage1_nr,False,,,0,False,,False,,7521
CNG_Data2k_variance/files/Q00897.01-0000451779.0001.XLSX,Q00897.01-0000451779.0001.XLSX,.xlsx,453182,ok,True,True,text,True,18,0,13569,False,0,False,100+,Phone | Payment Card | Bank/Account Number | Money/Amount,True,Contact Information | Financial Account Information,False,,ambiguous,True,no,10174,likely_non_responsive,roster_by_rowcount bde_llm_count,False,False,0,0,0,0,0,0,2.876,True,False,False,stage1_nr,False,,,0,False,,False,,10174
CNG_Data2k_variance/files/Q00897.01-0000421754.0001.PDF,Q00897.01-0000421754.0001.PDF,.pdf,38697,ok,True,False,text,False,13,0,30,False,0,False,20-50,Name | Address | Phone | Card/Transaction | Money/Amount,True,Contact Information | Financial Account Information,False,,ambiguous,True,yes,25838,standard,bde_llm_count,False,False,0,0,0,0,0,0,8.48,False,False,True,,True,likely_no,no,13493,False,likely_non_responsive,True,,39331
CNG_Data2k_variance/files/Q00897.01-0000012832.PDF,Q00897.01-0000012832.PDF,.pdf,428815,ok,True,True,text,True,2,0,38,False,1,False,20-50,Name | Address | Money/Amount,True,Contact Information | Financial Account Information,False,,ambiguous,True,yes,7961,standard,bde_llm_count,True,True,2,0,0,0,0,1,11.713,False,False,True,,True,clear_yes,yes,4446,False,standard,False,,12407
CNG_Data2k_variance/files/Q00897.01-0000726254.MSG,Q00897.01-0000726254.MSG,.msg,154112,ok,True,False,text,False,0,0,2,False,0,False,0-10,Address | Email | Phone | Money/Amount | Credentials,True,Contact Information | Financial Account Information | Access Credentials,False,,ambiguous,True,no,3986,likely_non_responsive,,False,False,0,0,0,0,0,0,1.749,True,False,False,stage1_nr,False,,,0,False,,False,,3986
CNG_Data2k_variance/files/Q00897.01-0000257148.XLSM,Q00897.01-0000257148.XLSM,.xlsm,366994,ok,True,True,text,True,7,0,261,False,261,True,100+,Name,False,,True,,ambiguous,True,yes,7873,structured_bde,bde_llm_count_roster,False,False,0,0,0,0,0,0,8.89,False,True,True,,True,likely_no,no,4485,True,likely_non_responsive,True,,12358
CNG_Data2k_variance/files/Q00897.01-0000254726.PDF,Q00897.01-0000254726.PDF,.pdf,6695478,ok,True,True,text,True,15,0,579,False,0,True,100+,Phone | Money/Amount,True,Contact Information | Financial Account Information,True,,ambiguous,True,no,32224,structured_bde,bde_llm_count_roster,True,True,15,0,0,0,0,1,17.956,False,True,True,,True,clear_no,no,16616,True,likely_non_responsive,True,,48840
CNG_Data2k_variance/files/Q00897.01-0000591837.0001.PDF,Q00897.01-0000591837.0001.PDF,.pdf,21148,ok,True,False,text,False,1,0,0,False,0,False,0-10,,False,,False,,clear_non_responsive,False,,0,likely_non_responsive,,False,False,0,0,0,0,0,0,0.03,True,False,False,stage1_nr,False,,,0,False,,False,,0
CNG_Data2k_variance/files/Q00897.01-0000848665.MSG,Q00897.01-0000848665.MSG,.msg,172032,ok,True,False,text,False,0,0,3,False,0,False,0-10,Name | Address | Email | Phone | Money/Amount,True,Contact Information | Financial Account Information,False,,ambiguous,True,yes,5287,standard,,False,False,0,0,0,0,0,0,62.674,False,False,True,,True,likely_yes,yes,5380,False,standard,False,,10667
CNG_Data2k_variance/files/Q00897.01-0000916868.PDF,Q00897.01-0000916868.PDF,.pdf,990630,ok,True,True,text,True,6,0,7,False,5,False,0-10,Name | Address | Email | Phone | Money/Amount | Health | Work-Related,True,Contact Information | Financial Account Information | Health-Related Information | Work-Related Information,False,,ambiguous,True,yes,12009,standard,bde_llm_count,True,True,6,0,0,0,0,1,12.256,False,False,True,,True,likely_yes,yes,6430,False,standard,False,,18439
CNG_Data2k_variance/files/Q00897.01-0000427825.0001.PDF,Q00897.01-0000427825.0001.PDF,.pdf,125338,ok,True,False,text,False,1,0,5,False,0,False,0-10,Name | Address | Email | Phone | Money/Amount,True,Contact Information | Financial Account Information,False,,ambiguous,True,yes,4298,standard,,False,False,0,0,0,0,0,0,4.262,False,False,True,,True,clear_yes,yes,4371,False,standard,False,,8669
CNG_Data2k_variance/files/Q00897.01-0000779673.0001.PDF,Q00897.01-0000779673.0001.PDF,.pdf,312423,ok,True,False,text,False,7,0,2,False,0,False,0-10,Name | Address,True,Contact Information,False,,ambiguous,True,no,7229,likely_non_responsive,,True,True,7,0,0,0,0,1,7.625,True,False,False,stage1_nr,False,,,0,False,,False,,7229
CNG_Data2k_variance/files/Q00897.01-0000010882.XLSX,Q00897.01-0000010882.XLSX,.xlsx,30870,ok,True,True,text,True,3,0,151,False,151,True,100+,Name | Address | Money/Amount | Credentials | Work-Related,True,Contact Information | Financial Account Information | Access Credentials | Work-Related Information,True,,ambiguous,True,yes,7431,structured_bde,roster_by_rowcount bde_llm_count_roster,False,False,0,0,0,0,0,0,4.297,False,True,True,,True,likely_yes,yes,4173,True,structured_bde,False,,11604
CNG_Data2k_variance/files/Q00897.01-0000836592.0001.DOCX,Q00897.01-0000836592.0001.DOCX,.docx,175394,ok,True,False,text,False,0,0,2,False,0,False,0-10,Name | Address | Email | Phone | Money/Amount | Health | Work-Related,True,Contact Information | Financial Account Information | Health-Related Information | Work-Related Information,False,,ambiguous,True,no,9239,likely_non_responsive,,False,False,0,0,0,0,0,0,1.754,True,False,False,stage1_nr,False,,,0,False,,False,,9239
CNG_Data2k_variance/files/Q00897.01-0000654452.MSG,Q00897.01-0000654452.MSG,.msg,250368,ok,True,False,text,False,0,3,3,False,0,False,0-10,Address | Email | Phone | Card/Transaction | Money/Amount,True,Contact Information | Financial Account Information,False,,ambiguous,True,no,4237,likely_non_responsive,,False,False,0,0,0,0,0,0,1.738,True,False,False,stage1_nr,False,,,0,False,,False,,4237
CNG_Data2k_variance/files/Q00897.01-0000704759.MSG,Q00897.01-0000704759.MSG,.msg,157696,ok,True,False,text,False,0,0,1,False,0,False,0-10,Name | Address,True,Contact Information,False,,ambiguous,True,yes,4094,standard,,False,False,0,0,0,0,0,0,3.277,False,False,True,,True,likely_no,no,4153,False,likely_non_responsive,True,,8247
CNG_Data2k_variance/files/Q00897.01-0000808476.0001.PDF,Q00897.01-0000808476.0001.PDF,.pdf,138890,ok,True,False,text,False,2,0,1,False,0,False,0-10,Money/Amount,False,Financial Account Information,False,,clear_non_responsive,False,,0,likely_non_responsive,,False,False,0,0,0,0,0,0,0.181,True,False,False,stage1_nr,False,,,0,False,,False,,0
CNG_Data2k_variance/files/Q00897.01-0000652900.MSG,Q00897.01-0000652900.MSG,.msg,656896,ok,True,False,text,False,0,17,3,False,0,False,0-10,Phone,True,Contact Information,False,,ambiguous,True,no,3776,likely_non_responsive,,False,False,0,0,0,0,0,0,1.573,True,False,False,stage1_nr,False,,,0,False,,False,,3776
CNG_Data2k_variance/files/Q00897.01-0000373584.0001.PDF,Q00897.01-0000373584.0001.PDF,.pdf,56585,ok,True,False,text,False,19,0,40,False,0,False,20-50,Name | Address | Card/Transaction | Money/Amount | Health,True,Contact Information | Financial Account Information | Health-Related Information,False,,ambiguous,True,yes,31221,standard,bde_llm_count,False,False,0,0,0,0,0,0,61.092,False,False,True,,True,likely_no,no,15981,False,likely_non_responsive,True,,47202
CNG_Data2k_variance/files/Q00897.01-0000296142.XLSX,Q00897.01-0000296142.XLSX,.xlsx,9332,ok,True,True,text,True,3,0,56,False,56,True,50-100,Name,False,,True,,ambiguous,True,yes,8455,structured_bde,roster_by_rowcount bde_llm_count_roster,False,False,0,0,0,0,0,0,4.783,False,True,True,,True,clear_yes,yes,4713,True,structured_bde,False,,13168
CNG_Data2k_variance/files/Q00897.01-0000482225.MSG,Q00897.01-0000482225.MSG,.msg,47104,ok,True,False,text,False,0,0,11,False,11,False,10-20,Name | Email | Money/Amount,True,Contact Information | Financial Account Information,False,,ambiguous,True,yes,12456,standard,bde_llm_count,False,False,0,0,0,0,0,0,6.613,False,False,True,,True,likely_no,no,6634,False,likely_non_responsive,True,,19090
CNG_Data2k_variance/files/Q00897.01-0000911631.PDF,Q00897.01-0000911631.PDF,.pdf,9859,ok,True,False,text,False,2,0,0,False,0,False,0-10,,False,,False,,clear_non_responsive,False,,0,likely_non_responsive,,False,False,0,0,0,0,0,0,0.039,True,False,False,stage1_nr,False,,,0,False,,False,,0
CNG_Data2k_variance/files/Q00897.01-0000246431.PDF,Q00897.01-0000246431.PDF,.pdf,1120339,ok,True,False,text,False,2,0,6,False,0,False,0-10,Name | Address | Email | Phone | Money/Amount,True,Contact Information | Financial Account Information,False,,ambiguous,True,no,4455,likely_non_responsive,"img_ocr:p1(1/1,+236chars)",False,False,0,1,1,1,0,1,5.493,True,False,False,stage1_nr,False,,,0,False,,False,,4455
CNG_Data2k_variance/files/Q00897.01-0000252498.PDF,Q00897.01-0000252498.PDF,.pdf,819740,ok,True,True,text,True,1,0,37,False,0,False,20-50,Address | Email | Phone | Bank/Account Number | Money/Amount,True,Contact Information | Financial Account Information,False,,ambiguous,True,yes,7820,standard,bde_llm_count,True,True,1,0,0,0,0,1,7.666,False,False,True,,True,clear_no,no,4345,False,likely_non_responsive,True,,12165
CNG_Data2k_variance/files/Q00897.01-0000914327.PDF,Q00897.01-0000914327.PDF,.pdf,322333,ok,True,False,text,False,3,0,1,False,0,False,0-10,Phone | SSN | Money/Amount | Work-Related,True,Contact Information | Government-Issued Identification | Financial Account Information | Work-Related Information,False,,clear_responsive,False,,0,standard,"img_ocr:p3(1/1,+6chars)",False,False,0,1,1,1,0,1,5.438,False,False,True,,True,likely_yes,yes,6511,False,standard,False,,6511
CNG_Data2k_variance/files/Q00897.01-0000868672.TXT,Q00897.01-0000868672.TXT,.txt,165470,ok,True,False,text,False,0,0,168,False,0,False,100+,Address | Phone | Money/Amount,True,Contact Information | Financial Account Information,False,,ambiguous,True,yes,33355,standard,bde_llm_count,False,False,0,0,0,0,0,0,5.034,False,False,True,,True,clear_no,no,17180,True,likely_non_responsive,True,,50535
CNG_Data2k_variance/files/Q00897.01-0000752090.MSG,Q00897.01-0000752090.MSG,.msg,57856,ok,True,False,text,False,0,2,5,False,0,False,0-10,Name | Address | Email | Phone,True,Contact Information,False,,ambiguous,True,yes,5410,standard,,False,False,0,0,0,0,0,0,4.74,False,False,True,,True,likely_yes,yes,5461,False,standard,False,,10871
CNG_Data2k_variance/files/Q00897.01-0000773629.0001.PDF,Q00897.01-0000773629.0001.PDF,.pdf,154428,ok,True,False,text,False,4,0,1,False,0,False,0-10,Address | Email | Phone | Work-Related,True,Contact Information | Work-Related Information,False,,ambiguous,True,no,8373,likely_non_responsive,,False,False,0,0,0,0,0,0,2.008,True,False,False,stage1_nr,False,,,0,False,,False,,8373
CNG_Data2k_variance/files/Q00897.01-0000443733.0001.XLSX,Q00897.01-0000443733.0001.XLSX,.xlsx,146091,ok,True,True,text,True,5,0,362,False,0,False,100+,Money/Amount,False,Financial Account Information,False,,ambiguous,True,no,8140,likely_non_responsive,roster_by_rowcount bde_llm_count,False,False,0,0,0,0,0,0,2.753,True,False,False,stage1_nr,False,,,0,False,,False,,8140
CNG_Data2k_variance/files/Q00897.01-0000822946.MSG,Q00897.01-0000822946.MSG,.msg,111616,ok,True,False,text,False,0,1,5,False,0,False,0-10,Name | Email | Phone,True,Contact Information,False,,ambiguous,True,no,4149,likely_non_responsive,,False,False,0,0,0,0,0,0,1.384,True,False,False,stage1_nr,False,,,0,False,,False,,4149
CNG_Data2k_variance/files/Q00897.01-0000904952.PDF,Q00897.01-0000904952.PDF,.pdf,17215,ok,True,True,text,True,2,0,28,False,1,False,20-50,Name | Address | Phone | Money/Amount | Work-Related,True,Contact Information | Financial Account Information | Work-Related Information,False,,ambiguous,True,yes,8218,standard,bde_llm_count,True,True,2,0,0,0,0,1,10.646,False,False,True,,True,clear_yes,yes,4569,False,standard,False,,12787
CNG_Data2k_variance\files\Q00897.01-0000851736.XLS,Q00897.01-0000851736.XLS,.xls,22223,ok,True,True,text,True,1,0,66,False,1,False,50-100,Money/Amount,False,Financial Account Information,False,,ambiguous,True,no,7283,likely_non_responsive,roster_by_rowcount bde_llm_count,False,False,0,0,0,0,0,0,2.675,True,False,False,stage1_nr,False,,,0,False,,False,,7283
CNG_Data2k_variance/files/Q00897.01-0000864110.PDF,Q00897.01-0000864110.PDF,.pdf,8077,ok,True,False,text,False,1,0,1,False,0,False,0-10,Name | Address | Money/Amount,True,Contact Information | Financial Account Information,False,,ambiguous,True,no,4206,likely_non_responsive,,False,False,0,0,0,0,0,0,2.904,True,False,False,stage1_nr,False,,,0,False,,False,,4206
CNG_Data2k_variance/files/Q00897.01-0000112237.XLSX,Q00897.01-0000112237.XLSX,.xlsx,33044,ok,True,True,text,True,1,0,573,False,0,False,100+,Work-Related,False,Work-Related Information,False,,ambiguous,True,no,7971,likely_non_responsive,roster_by_rowcount bde_llm_count,False,False,0,0,0,0,0,0,2.772,True,False,False,stage1_nr,False,,,0,False,,False,,7971
CNG_Data2k_variance/files/Q00897.01-0000536136.0001.PDF,Q00897.01-0000536136.0001.PDF,.pdf,22655,ok,True,False,text,False,1,0,1,False,0,False,0-10,Money/Amount,False,Financial Account Information,False,,clear_non_responsive,False,,0,likely_non_responsive,,False,False,0,0,0,0,0,0,0.027,True,False,False,stage1_nr,False,,,0,False,,False,,0
CNG_Data2k_variance/files/Q00897.01-0000270116.PDF,Q00897.01-0000270116.PDF,.pdf,130866,ok,True,False,text,False,2,0,1,False,0,False,0-10,Name | Address | Money/Amount | Demographic,True,Contact Information | Financial Account Information | Demographic Information,False,,ambiguous,True,no,4705,likely_non_responsive,,True,True,2,0,0,0,0,1,11.111,True,False,False,stage1_nr,False,,,0,False,,False,,4705
CNG_Data2k_variance/files/Q00897.01-0000249279.PDF,Q00897.01-0000249279.PDF,.pdf,1163345,ok,True,False,text,False,4,0,15,False,3,False,10-20,Name | Address | Email | Phone | Card/Transaction | Money/Amount,True,Contact Information | Financial Account Information,False,,ambiguous,True,yes,8802,standard,"img_ocr:p1,p3(2/2,+604chars) bde_llm_count",False,False,0,2,2,2,0,2,12.774,False,False,True,,True,likely_no,no,4928,False,likely_non_responsive,True,,13730
CNG_Data2k_variance\files\Q00897.01-0000855219.XLS,Q00897.01-0000855219.XLS,.xls,68929,ok,True,True,text,True,2,0,1,False,1,False,0-10,Name | Money/Amount,False,Financial Account Information,False,,ambiguous,True,yes,6731,standard,bde_llm_count,False,False,0,0,0,0,0,0,3.689,False,False,True,,True,likely_no,no,3889,False,likely_non_responsive,True,,10620
CNG_Data2k_variance/files/Q00897.01-0000779358.MSG,Q00897.01-0000779358.MSG,.msg,289792,ok,True,False,text,False,0,1,1,False,0,False,0-10,Name | Address | Email | Phone,True,Contact Information,False,,ambiguous,True,yes,3831,standard,,False,False,0,0,0,0,0,0,2.997,False,False,True,,True,likely_no,no,3899,False,likely_non_responsive,True,,7730
CNG_Data2k_variance/files/Q00897.01-0000292534.PDF,Q00897.01-0000292534.PDF,.pdf,1313,ok,True,False,text,False,1,0,1,False,0,False,0-10,Name | Money/Amount,True,Financial Account Information,False,,ambiguous,True,yes,3802,standard,,False,False,0,0,0,0,0,0,3.943,False,False,True,,True,likely_no,no,3851,False,likely_non_responsive,True,,7653
CNG_Data2k_variance/files/Q00897.01-0000279086.PDF,Q00897.01-0000279086.PDF,.pdf,1462942,ok,True,True,text,True,6,0,24,False,3,False,20-50,Name | Address | Email | Phone | SSN | Tax ID | Card/Transaction | Money/Amount,True,Contact Information | Government-Issued Identification | Financial Account Information,False,,clear_responsive,False,,4602,standard,bde_llm_count,True,True,6,0,0,0,0,1,9.316,False,False,True,,True,clear_yes,yes,5448,False,standard,False,,10050
CNG_Data2k_variance/files/Q00897.01-0000106883.PDF,Q00897.01-0000106883.PDF,.pdf,689990,ok,True,True,text,True,11,0,10,False,2,False,0-10,Name | Email | Money/Amount | Health | Work-Related,True,Contact Information | Financial Account Information | Health-Related Information | Work-Related Information,False,,ambiguous,True,yes,16177,standard,bde_llm_count,True,True,11,0,0,0,0,1,12.717,False,False,True,,True,clear_yes,yes,8570,False,standard,False,,24747
CNG_Data2k_variance/files/Q00897.01-0000078361.PDF,Q00897.01-0000078361.PDF,.pdf,608316,ok,True,True,text,True,1,0,19,False,1,False,10-20,Name | Address | Bank/Account Number | Money/Amount,True,Contact Information | Financial Account Information,False,,ambiguous,True,yes,8126,standard,bde_llm_count,True,True,1,0,0,0,0,1,9.691,False,False,True,,True,likely_no,no,4549,False,likely_non_responsive,True,,12675
CNG_Data2k_variance/files/Q00897.01-0000444504.0001.PDF,Q00897.01-0000444504.0001.PDF,.pdf,63172,ok,True,False,text,False,21,0,30,False,30,False,20-50,Name | Address | Card/Transaction | Money/Amount,True,Contact Information | Financial Account Information,False,,ambiguous,True,yes,31113,standard,bde_llm_count,False,False,0,0,0,0,0,0,10.735,False,False,True,,True,clear_no,no,15818,False,likely_non_responsive,True,,46931
CNG_Data2k_variance/files/Q00897.01-0000815780.MSG,Q00897.01-0000815780.MSG,.msg,44032,error,False,False,,False,0,0,0,False,0,False,,,False,,False,,,False,,0,review_error,MalformedRtf,False,False,0,0,0,0,0,0,0.292,False,False,False,extract_error,False,,,0,False,,False,,0
CNG_Data2k_variance/files/Q00897.01-0000659054.0002.PDF,Q00897.01-0000659054.0002.PDF,.pdf,127100,ok,True,False,text,False,1,0,4,False,0,False,0-10,Name | Address | Email | Phone,True,Contact Information,False,,ambiguous,True,no,4034,likely_non_responsive,,False,False,0,0,0,0,0,0,1.336,True,False,False,stage1_nr,False,,,0,False,,False,,4034
CNG_Data2k_variance/files/Q00897.01-0000788928.MSG,Q00897.01-0000788928.MSG,.msg,123904,ok,True,False,text,False,0,0,4,False,0,False,0-10,Name | Address | Email | Phone | Bank/Account Number,True,Contact Information | Financial Account Information,False,,ambiguous,True,yes,4440,standard,,False,False,0,0,0,0,0,0,3.631,False,False,True,,True,clear_no,no,4514,False,likely_non_responsive,True,,8954
CNG_Data2k_variance/files/Q00897.01-0000294529.PDF,Q00897.01-0000294529.PDF,.pdf,346102,ok,True,False,text,False,3,0,1,False,0,False,0-10,Money/Amount,False,Financial Account Information,False,,clear_non_responsive,False,,0,likely_non_responsive,,False,False,0,0,0,0,0,0,0.524,True,False,False,stage1_nr,False,,,0,False,,False,,0
CNG_Data2k_variance/files/Q00897.01-0000915838.PDF,Q00897.01-0000915838.PDF,.pdf,211703,ok,True,False,text,False,2,0,1,False,0,False,0-10,Name | Phone | Money/Amount,True,Contact Information | Financial Account Information,False,,ambiguous,True,yes,4311,standard,,False,False,0,0,0,0,0,0,3.057,False,False,True,,True,likely_no,no,4360,False,likely_non_responsive,True,,8671
CNG_Data2k_variance/files/Q00897.01-0000539413.MSG,Q00897.01-0000539413.MSG,.msg,296448,ok,True,False,text,False,0,0,13,False,7,False,10-20,Name | Address | Email | Phone | Money/Amount,True,Contact Information | Financial Account Information,False,,ambiguous,True,yes,17441,standard,bde_llm_count,False,False,0,0,0,0,0,0,65.109,False,False,True,,True,borderline,no,9213,False,likely_non_responsive,True,,26654
CNG_Data2k_variance/files/Q00897.01-0000539681.0001.PDF,Q00897.01-0000539681.0001.PDF,.pdf,22608,ok,True,False,text,False,1,0,1,False,0,False,0-10,Money/Amount,False,Financial Account Information,False,,clear_non_responsive,False,,0,likely_non_responsive,,False,False,0,0,0,0,0,0,0.042,True,False,False,stage1_nr,False,,,0,False,,False,,0
CNG_Data2k_variance/files/Q00897.01-0000260146.PDF,Q00897.01-0000260146.PDF,.pdf,2592033,ok,True,True,text,True,8,0,280,False,1,False,100+,Name | Money/Amount,False,Financial Account Information,False,,ambiguous,True,yes,34907,standard,bde_llm_count,True,True,8,0,0,0,0,1,17.647,False,False,True,,True,clear_yes,yes,17987,True,structured_bde,False,,52894
CNG_Data2k_variance/files/Q00897.01-0000671279.MSG,Q00897.01-0000671279.MSG,.msg,1673216,ok,True,False,text,False,0,1,5,False,0,False,0-10,Name | Address | Email | Phone | Money/Amount,True,Contact Information | Financial Account Information,False,,ambiguous,True,no,4065,likely_non_responsive,,False,False,0,0,0,0,0,0,1.718,True,False,False,stage1_nr,False,,,0,False,,False,,4065
CNG_Data2k_variance/files/Q00897.01-0000133489.PDF,Q00897.01-0000133489.PDF,.pdf,992577,ok,True,True,text,True,6,0,42,False,0,False,20-50,Phone | Money/Amount,True,Contact Information | Financial Account Information,False,,ambiguous,True,no,10032,likely_non_responsive,bde_llm_count,True,True,6,0,0,0,0,1,9.421,True,False,False,stage1_nr,False,,,0,False,,False,,10032
CNG_Data2k_variance/files/Q00897.01-0000330311.PDF,Q00897.01-0000330311.PDF,.pdf,394482,ok,True,False,text,False,4,0,5,False,0,False,0-10,Name | Address | Bank/Account Number | Money/Amount,True,Contact Information | Financial Account Information,False,,ambiguous,True,yes,4499,standard,"img_ocr:p2(1/1,+378chars)",False,False,0,1,1,1,0,1,7.113,False,False,True,,True,likely_no,no,4529,False,likely_non_responsive,True,,9028
CNG_Data2k_variance/files/Q00897.01-0000007840.PDF,Q00897.01-0000007840.PDF,.pdf,108577,ok,True,False,text,False,1,0,1,False,0,False,0-10,Work-Related,False,Work-Related Information,False,,ambiguous,True,yes,5869,standard,,False,False,0,0,0,0,0,0,4.335,False,False,True,,True,likely_no,no,5914,False,likely_non_responsive,True,,11783
CNG_Data2k_variance/files/Q00897.01-0000020988.PDF,Q00897.01-0000020988.PDF,.pdf,59373,ok,True,False,text,False,1,0,0,False,0,False,0-10,,False,,False,,clear_non_responsive,False,,0,likely_non_responsive,,False,False,0,0,0,0,0,0,0.04,True,False,False,stage1_nr,False,,,0,False,,False,,0
CNG_Data2k_variance\files\Q00897.01-0000880248.0001.XLS,Q00897.01-0000880248.0001.XLS,.xls,28758,ok,True,True,text,True,2,0,402,False,0,False,100+,Money/Amount,False,Financial Account Information,False,,ambiguous,True,no,7999,likely_non_responsive,roster_by_rowcount bde_llm_count,False,False,0,0,0,0,0,0,2.763,True,False,False,stage1_nr,False,,,0,False,,False,,7999
CNG_Data2k_variance/files/Q00897.01-0000914410.PDF,Q00897.01-0000914410.PDF,.pdf,99863,ok,True,False,text,False,2,0,3,False,0,False,0-10,Name | Address | Phone | Money/Amount | Work-Related,True,Contact Information | Financial Account Information | Work-Related Information,False,,ambiguous,True,yes,5409,standard,"img_ocr:p2(1/1,+6chars)",False,False,0,1,1,1,0,1,6.858,False,False,True,,True,clear_no,no,5447,False,likely_non_responsive,True,,10856
CNG_Data2k_variance/files/Q00897.01-0000671728.MSG,Q00897.01-0000671728.MSG,.msg,1702400,ok,True,False,text,False,0,4,7,False,4,False,0-10,Name | Address | Email | Phone | Money/Amount,True,Contact Information | Financial Account Information,False,,ambiguous,True,yes,8068,standard,bde_llm_count,False,False,0,0,0,0,0,0,5.597,False,False,True,,True,likely_no,no,4480,False,likely_non_responsive,True,,12548
CNG_Data2k_variance/files/Q00897.01-0000305509.CSV,Q00897.01-0000305509.CSV,.csv,14855,ok,True,True,text,True,0,0,117,False,3,False,100+,Money/Amount | Work-Related,False,Financial Account Information | Work-Related Information,False,,ambiguous,True,no,13447,likely_non_responsive,roster_by_rowcount bde_llm_count,False,False,0,0,0,0,0,0,3.315,True,False,False,stage1_nr,False,,,0,False,,False,,13447
CNG_Data2k_variance/files/Q00897.01-0000840772.MSG,Q00897.01-0000840772.MSG,.msg,151040,ok,True,False,text,False,0,0,2,False,0,False,0-10,Name | Card Expiry/CVV,True,Financial Account Information,False,,ambiguous,True,yes,4388,standard,,False,False,0,0,0,0,0,0,3.076,False,False,True,,True,borderline,no,4445,False,likely_non_responsive,True,,8833
CNG_Data2k_variance/files/Q00897.01-0000636324.MSG,Q00897.01-0000636324.MSG,.msg,113664,ok,True,False,text,False,0,2,7,False,4,False,0-10,Name | Address | Email | Phone | Health,True,Contact Information | Health-Related Information,False,,ambiguous,True,yes,8405,standard,bde_llm_count,False,False,0,0,0,0,0,0,4.671,False,False,True,,True,clear_yes,yes,4654,False,standard,False,,13059
CNG_Data2k_variance/files/Q00897.01-0000872986.XLSX,Q00897.01-0000872986.XLSX,.xlsx,27261,ok,True,True,text,True,5,0,87,False,1,False,50-100,Name | Phone | Money/Amount,True,Contact Information | Financial Account Information,False,,ambiguous,True,yes,11585,standard,roster_by_rowcount bde_llm_count,False,False,0,0,0,0,0,0,5.456,False,False,True,,True,clear_no,no,6267,True,likely_non_responsive,True,,17852
CNG_Data2k_variance/files/Q00897.01-0000537049.0001.PDF,Q00897.01-0000537049.0001.PDF,.pdf,22603,ok,True,False,text,False,1,0,1,False,0,False,0-10,Money/Amount,False,Financial Account Information,False,,clear_non_responsive,False,,0,likely_non_responsive,,False,False,0,0,0,0,0,0,0.027,True,False,False,stage1_nr,False,,,0,False,,False,,0
CNG_Data2k_variance/files/Q00897.01-0000736516.0004.PDF,Q00897.01-0000736516.0004.PDF,.pdf,159227,ok,True,False,text,False,3,0,2,False,0,False,0-10,Email,True,Contact Information,False,,ambiguous,True,no,4926,likely_non_responsive,,False,False,0,0,0,0,0,0,1.595,True,False,False,stage1_nr,False,,,0,False,,False,,4926
CNG_Data2k_variance/files/Q00897.01-0000391216.MSG,Q00897.01-0000391216.MSG,.msg,103424,ok,True,False,text,False,0,0,1,False,0,False,0-10,Address,True,Contact Information,False,,ambiguous,True,no,4251,likely_non_responsive,,False,False,0,0,0,0,0,0,1.228,True,False,False,stage1_nr,False,,,0,False,,False,,4251
CNG_Data2k_variance/files/Q00897.01-0000759841.MSG,Q00897.01-0000759841.MSG,.msg,109056,ok,True,False,text,False,0,0,1,False,0,False,0-10,Money/Amount | Work-Related,False,Financial Account Information | Work-Related Information,False,,ambiguous,True,no,4705,likely_non_responsive,,False,False,0,0,0,0,0,0,3.901,True,False,False,stage1_nr,False,,,0,False,,False,,4705
CNG_Data2k_variance/files/Q00897.01-0000545761.0001.PDF,Q00897.01-0000545761.0001.PDF,.pdf,22567,ok,True,False,text,False,1,0,1,False,0,False,0-10,Money/Amount,False,Financial Account Information,False,,clear_non_responsive,False,,0,likely_non_responsive,,False,False,0,0,0,0,0,0,0.034,True,False,False,stage1_nr,False,,,0,False,,False,,0
CNG_Data2k_variance/files/Q00897.01-0000277533.XLSX,Q00897.01-0000277533.XLSX,.xlsx,29629,ok,True,True,text,True,3,0,79,False,79,True,50-100,Name | Address | Email | Phone,True,Contact Information,True,,ambiguous,True,yes,10451,structured_bde,roster_by_rowcount bde_llm_count_roster,False,False,0,0,0,0,0,0,5.359,False,True,True,,True,clear_no,no,5615,True,likely_non_responsive,True,,16066
CNG_Data2k_variance/files/Q00897.01-0000696067.MSG,Q00897.01-0000696067.MSG,.msg,182784,ok,True,False,text,False,0,0,20,False,4,False,10-20,Name | Address | Email | Phone,True,Contact Information,False,,ambiguous,True,yes,8021,standard,bde_llm_count,False,False,0,0,0,0,0,0,4.791,False,False,True,,True,likely_no,no,4499,False,likely_non_responsive,True,,12520
CNG_Data2k_variance/files/Q00897.01-0000914151.PDF,Q00897.01-0000914151.PDF,.pdf,10418,ok,True,False,text,False,6,0,2,False,0,False,0-10,Name | Address | Phone | Money/Amount,True,Contact Information | Financial Account Information,False,,ambiguous,True,yes,7503,standard,,False,False,0,0,0,0,0,0,2.863,False,False,True,,True,clear_yes,yes,7525,False,standard,False,,15028
CNG_Data2k_variance/files/Q00897.01-0000345565.PDF,Q00897.01-0000345565.PDF,.pdf,30907,ok,True,False,text,False,7,0,1,False,0,False,0-10,Address | Money/Amount,True,Contact Information | Financial Account Information,False,,ambiguous,True,yes,6662,standard,,False,False,0,0,0,0,0,0,3.119,False,False,True,,True,likely_yes,yes,6720,False,standard,False,,13382
CNG_Data2k_variance/files/Q00897.01-0000655252.MSG,Q00897.01-0000655252.MSG,.msg,61952,ok,True,False,text,False,0,1,3,False,0,False,0-10,Name | Address | Email | Phone | Card/Transaction | Money/Amount,True,Contact Information | Financial Account Information,False,,ambiguous,True,yes,4875,standard,,False,False,0,0,0,0,0,0,4.445,False,False,True,,True,likely_no,no,4921,False,likely_non_responsive,True,,9796
CNG_Data2k_variance/files/Q00897.01-0000843232.MSG,Q00897.01-0000843232.MSG,.msg,26112,ok,True,False,text,False,0,0,2,False,0,False,0-10,Name | Address | Email | Phone,True,Contact Information,False,,ambiguous,True,no,4206,likely_non_responsive,,False,False,0,0,0,0,0,0,1.524,True,False,False,stage1_nr,False,,,0,False,,False,,4206
CNG_Data2k_variance/files/Q00897.01-0000323953.PDF,Q00897.01-0000323953.PDF,.pdf,701184,ok,True,False,text,False,2,0,2,False,0,False,0-10,Name | Address | Email | Phone | Bank/Account Number,True,Contact Information | Financial Account Information,False,,ambiguous,True,yes,4366,standard,"img_ocr:p1(1/1,+19chars)",False,False,0,1,1,1,0,1,7.224,False,False,True,,True,clear_no,no,4425,False,likely_non_responsive,True,,8791
CNG_Data2k_variance/files/Q00897.01-0000612160.0001.XLSX,Q00897.01-0000612160.0001.XLSX,.xlsx,39419,ok,True,True,text,True,1,0,295,False,295,True,100+,Name | Address,True,Contact Information,True,,ambiguous,True,yes,9771,structured_bde,roster_by_rowcount bde_llm_count_roster,False,False,0,0,0,0,0,0,6.673,False,True,True,,True,clear_no,no,5249,True,likely_non_responsive,True,,15020
CNG_Data2k_variance/files/Q00897.01-0000005965.PDF,Q00897.01-0000005965.PDF,.pdf,91993,ok,True,False,text,False,1,0,1,False,0,False,0-10,Name | Phone | Bank/Account Number,True,Contact Information | Financial Account Information,False,,ambiguous,True,yes,3827,standard,,True,True,1,0,0,0,0,1,7.426,False,False,True,,True,clear_yes,yes,3892,False,standard,False,,7719
CNG_Data2k_variance/files/Q00897.01-0000671311.MSG,Q00897.01-0000671311.MSG,.msg,336896,ok,True,False,text,False,0,2,3,False,0,False,0-10,Name | Address | Email | Phone | Money/Amount,True,Contact Information | Financial Account Information,False,,ambiguous,True,no,4108,likely_non_responsive,,False,False,0,0,0,0,0,0,1.648,True,False,False,stage1_nr,False,,,0,False,,False,,4108
CNG_Data2k_variance/files/Q00897.01-0000669494.0002.PDF,Q00897.01-0000669494.0002.PDF,.pdf,15486,ok,True,False,text,False,16,0,6,False,0,False,0-10,Name | Address | Phone | Bank/Account Number | Money/Amount,True,Contact Information | Financial Account Information,False,,ambiguous,True,yes,4755,standard,,False,False,0,0,0,0,0,0,3.42,False,False,True,,True,clear_no,no,4824,False,likely_non_responsive,True,,9579
CNG_Data2k_variance/files/Q00897.01-0000706998.MSG,Q00897.01-0000706998.MSG,.msg,227840,ok,True,False,text,False,0,0,5,False,0,False,0-10,Name | Address | Work-Related,True,Contact Information | Work-Related Information,False,,ambiguous,True,no,4864,likely_non_responsive,,False,False,0,0,0,0,0,0,1.67,True,False,False,stage1_nr,False,,,0,False,,False,,4864
CNG_Data2k_variance/files/Q00897.01-0000896933.PDF,Q00897.01-0000896933.PDF,.pdf,16684,ok,True,False,text,False,2,0,1,False,0,False,0-10,Money/Amount,False,Financial Account Information,False,,clear_non_responsive,False,,0,likely_non_responsive,,False,False,0,0,0,0,0,0,0.092,True,False,False,stage1_nr,False,,,0,False,,False,,0
CNG_Data2k_variance/files/Q00897.01-0000684491.MSG,Q00897.01-0000684491.MSG,.msg,225792,ok,True,False,text,False,0,0,5,False,0,False,0-10,Name | Address,True,Contact Information,False,,ambiguous,True,no,5057,likely_non_responsive,,False,False,0,0,0,0,0,0,2.041,True,False,False,stage1_nr,False,,,0,False,,False,,5057
CNG_Data2k_variance/files/Q00897.01-0000546788.MSG,Q00897.01-0000546788.MSG,.msg,162304,ok,True,False,text,False,0,2,7,False,6,False,0-10,Name | Address | Email | Phone,True,Contact Information,False,,ambiguous,True,yes,10591,standard,bde_llm_count,False,False,0,0,0,0,0,0,65.109,False,False,True,,True,clear_no,no,5729,False,likely_non_responsive,True,,16320
CNG_Data2k_variance/files/Q00897.01-0000816447.MSG,Q00897.01-0000816447.MSG,.msg,117248,ok,True,False,text,False,0,0,6,False,0,False,0-10,Name | Address | Email | Phone | Money/Amount,True,Contact Information | Financial Account Information,False,,ambiguous,True,yes,6487,standard,,False,False,0,0,0,0,0,0,4.352,False,False,True,,True,likely_yes,yes,6545,False,standard,False,,13032
CNG_Data2k_variance\files\Q00897.01-0000018541.XLS,Q00897.01-0000018541.XLS,.xls,70322,ok,True,True,text,True,2,0,2,False,2,False,0-10,Name | Money/Amount,False,Financial Account Information,False,,ambiguous,True,yes,7379,standard,bde_llm_count,False,False,0,0,0,0,0,0,4.626,False,False,True,,True,likely_yes,yes,4199,False,standard,False,,11578
CNG_Data2k_variance/files/Q00897.01-0000342668.PDF,Q00897.01-0000342668.PDF,.pdf,3991772,ok,True,False,text,False,4,0,1,False,0,False,0-10,Phone | Money/Amount,True,Contact Information | Financial Account Information,False,,ambiguous,True,no,4678,likely_non_responsive,,True,True,4,0,0,0,0,1,7.284,True,False,False,stage1_nr,False,,,0,False,,False,,4678
CNG_Data2k_variance/files/Q00897.01-0000453323.MSG,Q00897.01-0000453323.MSG,.msg,256000,ok,True,False,text,False,0,0,2,False,0,False,0-10,Name | Address | Email | Phone | Money/Amount,True,Contact Information | Financial Account Information,False,,ambiguous,True,yes,5154,standard,,False,False,0,0,0,0,0,0,3.463,False,False,True,,True,clear_yes,yes,5191,False,standard,False,,10345
CNG_Data2k_variance/files/Q00897.01-0000720363.MSG,Q00897.01-0000720363.MSG,.msg,111616,ok,True,False,text,False,0,0,4,False,0,False,0-10,Name | Address | Email | Phone | Money/Amount,True,Contact Information | Financial Account Information,False,,ambiguous,True,yes,5239,standard,,False,False,0,0,0,0,0,0,61.055,False,False,True,,True,likely_no,no,5313,False,likely_non_responsive,True,,10552
CNG_Data2k_variance/files/Q00897.01-0000430399.MSG,Q00897.01-0000430399.MSG,.msg,208384,ok,True,False,text,False,0,0,2,False,0,False,0-10,Address | Email | Phone | Money/Amount,True,Contact Information | Financial Account Information,False,,ambiguous,True,no,4906,likely_non_responsive,,False,False,0,0,0,0,0,0,2.372,True,False,False,stage1_nr,False,,,0,False,,False,,4906
CNG_Data2k_variance/files/Q00897.01-0000117882.PDF,Q00897.01-0000117882.PDF,.pdf,487686,ok,True,False,text,False,18,0,3,False,0,False,0-10,Address | Email | Phone | Money/Amount | Health,True,Contact Information | Financial Account Information | Health-Related Information,False,,ambiguous,True,yes,8926,standard,"img_ocr:p1(1/2,+11chars)",False,False,0,2,2,1,0,2,13.281,False,False,True,,True,likely_no,no,8976,False,likely_non_responsive,True,,17902
CNG_Data2k_variance/files/Q00897.01-0000615116.0002.PDF,Q00897.01-0000615116.0002.PDF,.pdf,3510455,ok,True,False,text,False,80,0,32,False,1,False,20-50,Address | Email | Phone | Payment Card | Money/Amount | Demographic | Work-Related,True,Contact Information | Financial Account Information | Demographic Information | Work-Related Information,False,,ambiguous,True,no,16526,likely_non_responsive,bde_llm_count,False,False,0,0,0,0,0,0,4.556,True,False,False,stage1_nr,False,,,0,False,,False,,16526
CNG_Data2k_variance/files/Q00897.01-0000256990.DOCX,Q00897.01-0000256990.DOCX,.docx,19782,ok,True,False,text,False,0,0,2,False,0,False,0-10,Name | Address | Phone | Money/Amount,True,Contact Information | Financial Account Information,False,,ambiguous,True,no,3840,likely_non_responsive,,False,False,0,0,0,0,0,0,1.105,True,False,False,stage1_nr,False,,,0,False,,False,,3840
CNG_Data2k_variance/files/Q00897.01-0000542487.0001.PDF,Q00897.01-0000542487.0001.PDF,.pdf,22567,ok,True,False,text,False,1,0,1,False,0,False,0-10,Money/Amount,False,Financial Account Information,False,,clear_non_responsive,False,,0,likely_non_responsive,,False,False,0,0,0,0,0,0,0.031,True,False,False,stage1_nr,False,,,0,False,,False,,0
CNG_Data2k_variance/files/Q00897.01-0000115347.PDF,Q00897.01-0000115347.PDF,.pdf,16652,ok,True,False,text,False,9,0,1,False,0,False,0-10,Card/Transaction | Money/Amount | Work-Related,False,Financial Account Information | Work-Related Information,False,,ambiguous,True,no,8614,likely_non_responsive,,False,False,0,0,0,0,0,0,1.589,True,False,False,stage1_nr,False,,,0,False,,False,,8614
CNG_Data2k_variance/files/Q00897.01-0000129982.PDF,Q00897.01-0000129982.PDF,.pdf,1998439,ok,True,True,text,True,11,0,36,False,0,False,20-50,Name | Phone | Money/Amount,True,Contact Information | Financial Account Information,False,,ambiguous,True,yes,12166,standard,bde_llm_count,True,True,11,0,0,0,0,1,14.98,False,False,True,,True,likely_no,no,6557,False,likely_non_responsive,True,,18723
CNG_Data2k_variance/files/Q00897.01-0000016491.PDF,Q00897.01-0000016491.PDF,.pdf,291120,ok,True,False,text,False,4,0,1,False,0,False,0-10,Address | Money/Amount,True,Contact Information | Financial Account Information,False,,ambiguous,False,,0,standard,llm_failed:JSONDecodeError,False,False,0,0,0,0,0,0,17.027,False,False,True,,False,,yes,0,False,standard,False,llm_failed:JSONDecodeError,0
CNG_Data2k_variance/files/Q00897.01-0000837347.MSG,Q00897.01-0000837347.MSG,.msg,113664,ok,True,False,text,False,0,2,5,False,0,False,0-10,Name | Address | Email | Phone | Money/Amount,True,Contact Information | Financial Account Information,False,,ambiguous,True,yes,5102,standard,,False,False,0,0,0,0,0,0,3.286,False,False,True,,True,clear_no,no,5132,False,likely_non_responsive,True,,10234
CNG_Data2k_variance/files/Q00897.01-0000812404.0001.PDF,Q00897.01-0000812404.0001.PDF,.pdf,218380,ok,True,True,text,True,1,0,21,False,0,False,20-50,Name | Address | Card/Transaction | Money/Amount,True,Contact Information | Financial Account Information,False,,ambiguous,True,no,7328,likely_non_responsive,bde_llm_count,True,True,1,0,0,0,0,1,9.842,True,False,False,stage1_nr,False,,,0,False,,False,,7328
CNG_Data2k_variance/files/Q00897.01-0000450778.0001.PDF,Q00897.01-0000450778.0001.PDF,.pdf,56468,ok,True,False,text,False,19,0,30,False,30,False,20-50,Name | Address | Card/Transaction | Money/Amount,True,Contact Information | Financial Account Information,False,,ambiguous,True,yes,31153,standard,bde_llm_count,False,False,0,0,0,0,0,0,11.73,False,False,True,,True,likely_no,no,16097,False,likely_non_responsive,True,,47250
CNG_Data2k_variance/files/Q00897.01-0000778568.MSG,Q00897.01-0000778568.MSG,.msg,460288,ok,True,False,text,False,0,1,1,False,0,False,0-10,Name | Card Expiry/CVV,False,Financial Account Information,False,,ambiguous,True,no,4109,likely_non_responsive,,False,False,0,0,0,0,0,0,1.798,True,False,False,stage1_nr,False,,,0,False,,False,,4109
CNG_Data2k_variance/files/Q00897.01-0000908157.PDF,Q00897.01-0000908157.PDF,.pdf,12366,ok,True,False,text,False,1,0,1,False,0,False,0-10,Name | Phone,True,Contact Information,False,,ambiguous,True,yes,3981,standard,,False,False,0,0,0,0,0,0,2.918,False,False,True,,True,borderline,no,4033,False,likely_non_responsive,True,,8014
CNG_Data2k_variance/files/Q00897.01-0000441136.MSG,Q00897.01-0000441136.MSG,.msg,225280,ok,True,False,text,False,0,0,1,False,0,False,0-10,Name | Address | Email | Phone | Credentials,True,Contact Information | Access Credentials,False,,ambiguous,True,yes,4399,standard,,False,False,0,0,0,0,0,0,2.956,False,False,True,,True,clear_no,no,4475,False,likely_non_responsive,True,,8874
CNG_Data2k_variance/files/Q00897.01-0000484068.MSG,Q00897.01-0000484068.MSG,.msg,38400,ok,True,False,text,False,0,0,10,False,6,False,0-10,Name | Email | Money/Amount | Work-Related,True,Contact Information | Financial Account Information | Work-Related Information,False,,ambiguous,True,yes,9208,standard,bde_llm_count,False,False,0,0,0,0,0,0,6.327,False,False,True,,True,likely_no,no,5059,False,likely_non_responsive,True,,14267
CNG_Data2k_variance/files/Q00897.01-0000697307.MSG,Q00897.01-0000697307.MSG,.msg,258560,ok,True,False,text,False,0,0,1,False,0,False,0-10,Address | Phone,True,Contact Information,False,,ambiguous,True,no,4162,likely_non_responsive,,False,False,0,0,0,0,0,0,2.598,True,False,False,stage1_nr,False,,,0,False,,False,,4162
CNG_Data2k_variance/files/Q00897.01-0000755182.MSG,Q00897.01-0000755182.MSG,.msg,90112,ok,True,False,text,False,0,1,6,False,0,False,0-10,Name | Address | Email | Phone,True,Contact Information,False,,ambiguous,True,no,4375,likely_non_responsive,,False,False,0,0,0,0,0,0,1.509,True,False,False,stage1_nr,False,,,0,False,,False,,4375
CNG_Data2k_variance/files/Q00897.01-0000812503.MSG,Q00897.01-0000812503.MSG,.msg,119296,ok,True,False,text,False,0,0,2,False,0,False,0-10,Name | Email | Phone | Card/Transaction | Money/Amount,True,Contact Information | Financial Account Information,False,,ambiguous,True,yes,3975,standard,,False,False,0,0,0,0,0,0,3.389,False,False,True,,True,clear_yes,yes,4023,False,standard,False,,7998
CNG_Data2k_variance/files/Q00897.01-0000421682.MSG,Q00897.01-0000421682.MSG,.msg,118784,ok,True,False,text,False,0,0,4,False,0,False,0-10,Name | Address | Email | Card/Transaction | Money/Amount,True,Contact Information | Financial Account Information,False,,ambiguous,True,yes,4222,standard,,False,False,0,0,0,0,0,0,3.331,False,False,True,,True,likely_no,no,4295,False,likely_non_responsive,True,,8517
CNG_Data2k_variance/files/Q00897.01-0000023387.PDF,Q00897.01-0000023387.PDF,.pdf,23016,ok,True,False,text,False,1,0,1,False,0,False,0-10,Phone | Money/Amount,True,Contact Information | Financial Account Information,False,,ambiguous,True,no,4005,likely_non_responsive,"img_ocr:p1,p1,p1(3/3,+3chars)",False,False,0,3,3,3,0,3,13.538,True,False,False,stage1_nr,False,,,0,False,,False,,4005
CNG_Data2k_variance/files/Q00897.01-0000544330.0001.PDF,Q00897.01-0000544330.0001.PDF,.pdf,22560,ok,True,False,text,False,1,0,1,False,0,False,0-10,Money/Amount,False,Financial Account Information,False,,clear_non_responsive,False,,0,likely_non_responsive,,False,False,0,0,0,0,0,0,0.039,True,False,False,stage1_nr,False,,,0,False,,False,,0
CNG_Data2k_variance/files/Q00897.01-0000548902.0001.XLSX,Q00897.01-0000548902.0001.XLSX,.xlsx,102532,ok,True,True,text,True,6,0,225,False,18,True,100+,Name | Phone | Payment Card | Money/Amount,True,Contact Information | Financial Account Information,True,,ambiguous,True,yes,10770,structured_bde,bde_llm_count_roster,False,False,0,0,0,0,0,0,8.807,False,True,True,,True,likely_no,no,5902,True,likely_non_responsive,True,,16672
CNG_Data2k_variance/files/Q00897.01-0000275797.PDF,Q00897.01-0000275797.PDF,.pdf,688467,ok,True,False,text,False,2,0,3,False,0,False,0-10,Name | Address | Email | Phone | Tax ID | Money/Amount | Health,True,Contact Information | Government-Issued Identification | Financial Account Information | Health-Related Information,False,,ambiguous,True,yes,4651,standard,,True,True,2,0,0,0,0,1,10.016,False,False,True,,True,likely_no,no,4705,False,likely_non_responsive,True,,9356
CNG_Data2k_variance/files/Q00897.01-0000011173.PDF,Q00897.01-0000011173.PDF,.pdf,59110,ok,True,False,text,False,1,0,0,False,0,False,0-10,,False,,False,,clear_non_responsive,False,,0,likely_non_responsive,,False,False,0,0,0,0,0,0,0.046,True,False,False,stage1_nr,False,,,0,False,,False,,0
CNG_Data2k_variance/files/Q00897.01-0000460864.0001.PDF,Q00897.01-0000460864.0001.PDF,.pdf,48557,ok,True,False,text,False,16,0,50,False,18,False,20-50,Name | Address | Card/Transaction | Money/Amount,True,Contact Information | Financial Account Information,False,,ambiguous,True,yes,31374,standard,bde_llm_count,False,False,0,0,0,0,0,0,15.049,False,False,True,,True,likely_no,no,16354,False,likely_non_responsive,True,,47728
CNG_Data2k_variance/files/Q00897.01-0000006642.PDF,Q00897.01-0000006642.PDF,.pdf,106534,ok,True,False,text,False,1,0,1,False,0,False,0-10,Work-Related,False,Work-Related Information,False,,ambiguous,True,yes,5811,standard,,False,False,0,0,0,0,0,0,4.397,False,False,True,,True,likely_no,no,5872,False,likely_non_responsive,True,,11683
CNG_Data2k_variance/files/Q00897.01-0000248382.PDF,Q00897.01-0000248382.PDF,.pdf,181486,ok,True,True,text,True,6,0,97,False,0,False,50-100,Name | Address | Phone | Bank/Account Number | Money/Amount,True,Contact Information | Financial Account Information,False,,ambiguous,True,yes,12511,standard,bde_llm_count,True,True,6,0,0,0,0,1,11.073,False,False,True,,True,likely_no,no,6705,True,likely_non_responsive,True,,19216
CNG_Data2k_variance/files/Q00897.01-0000913590.PDF,Q00897.01-0000913590.PDF,.pdf,79413,ok,True,True,text,True,2,0,9,False,3,False,0-10,SSN | Money/Amount,True,Government-Issued Identification | Financial Account Information,False,,clear_responsive,False,,4699,standard,bde_llm_count_roster,True,True,2,0,0,0,0,1,12.992,False,False,True,,True,clear_yes,yes,5547,False,standard,False,,10246
CNG_Data2k_variance/files/Q00897.01-0000284268.PDF,Q00897.01-0000284268.PDF,.pdf,327153,ok,True,True,text,True,2,0,9,False,1,False,0-10,Name | Address | Phone | Money/Amount,True,Contact Information | Financial Account Information,False,,ambiguous,True,yes,7499,standard,bde_llm_count,True,True,2,0,0,0,0,1,10.98,False,False,True,,True,likely_no,no,4202,False,likely_non_responsive,True,,11701
CNG_Data2k_variance/files/Q00897.01-0000006714.PDF,Q00897.01-0000006714.PDF,.pdf,102096,ok,True,False,text,False,3,0,2,False,0,False,0-10,Name | Address | Phone,True,Contact Information,False,,ambiguous,True,yes,6894,standard,,False,False,0,0,0,0,0,0,5.425,False,False,True,,True,clear_yes,yes,6990,False,standard,False,,13884
CNG_Data2k_variance/files/Q00897.01-0000655875.MSG,Q00897.01-0000655875.MSG,.msg,305664,ok,True,False,text,False,0,2,5,False,0,False,0-10,Name | Address | Email | Phone,True,Contact Information,False,,ambiguous,True,no,4088,likely_non_responsive,,False,False,0,0,0,0,0,0,1.714,True,False,False,stage1_nr,False,,,0,False,,False,,4088
CNG_Data2k_variance/files/Q00897.01-0000907821.PDF,Q00897.01-0000907821.PDF,.pdf,7059,ok,True,False,text,False,1,0,2,False,0,False,0-10,Name | Address | Money/Amount,True,Contact Information | Financial Account Information,False,,ambiguous,True,yes,4059,standard,,False,False,0,0,0,0,0,0,3.706,False,False,True,,True,clear_yes,yes,4125,False,standard,False,,8184
CNG_Data2k_variance/files/Q00897.01-0000111937.XLSX,Q00897.01-0000111937.XLSX,.xlsx,34137,ok,True,True,text,True,1,0,573,False,0,False,100+,Work-Related,False,Work-Related Information,False,,ambiguous,True,no,8360,likely_non_responsive,roster_by_rowcount bde_llm_count,False,False,0,0,0,0,0,0,2.262,True,False,False,stage1_nr,False,,,0,False,,False,,8360
CNG_Data2k_variance/files/Q00897.01-0000825484.MSG,Q00897.01-0000825484.MSG,.msg,81920,ok,True,False,text,False,0,3,8,False,4,False,0-10,Name | Address | Email | Phone,True,Contact Information,False,,ambiguous,True,yes,16641,standard,bde_llm_count,False,False,0,0,0,0,0,0,8.605,False,False,True,,True,clear_no,no,8757,False,likely_non_responsive,True,,25398
CNG_Data2k_variance/files/Q00897.01-0000481287.MSG,Q00897.01-0000481287.MSG,.msg,35840,ok,True,False,text,False,0,0,7,False,6,False,0-10,Name | Email | Money/Amount | Work-Related,True,Contact Information | Financial Account Information | Work-Related Information,False,,ambiguous,True,yes,11590,standard,bde_llm_count,False,False,0,0,0,0,0,0,4.994,False,False,True,,True,likely_no,no,6272,False,likely_non_responsive,True,,17862
CNG_Data2k_variance/files/Q00897.01-0000327852.XLSX,Q00897.01-0000327852.XLSX,.xlsx,69249,ok,True,True,text,True,12,0,412,False,0,False,100+,Phone | Money/Amount,True,Contact Information | Financial Account Information,False,,ambiguous,True,no,9630,likely_non_responsive,roster_by_rowcount bde_llm_count,False,False,0,0,0,0,0,0,2.509,True,False,False,stage1_nr,False,,,0,False,,False,,9630
CNG_Data2k_variance/files/Q00897.01-0000689507.MSG,Q00897.01-0000689507.MSG,.msg,260096,ok,True,False,text,False,0,0,27,False,0,False,20-50,Name | Address | Email | Phone | Work-Related,True,Contact Information | Work-Related Information,False,,ambiguous,True,yes,17796,standard,bde_llm_count,False,False,0,0,0,0,0,0,7.133,False,False,True,,True,clear_no,no,9307,False,likely_non_responsive,True,,27103
CNG_Data2k_variance/files/Q00897.01-0000837669.0005.PDF,Q00897.01-0000837669.0005.PDF,.pdf,170530,ok,True,True,text,True,1,0,4,False,0,False,0-10,Address | Phone | Money/Amount,True,Contact Information | Financial Account Information,False,,ambiguous,True,no,7010,likely_non_responsive,bde_llm_count,True,True,1,0,0,0,0,1,6.807,True,False,False,stage1_nr,False,,,0,False,,False,,7010
CNG_Data2k_variance/files/Q00897.01-0000531894.MSG,Q00897.01-0000531894.MSG,.msg,171008,ok,True,False,text,False,0,0,2,False,0,False,0-10,Address | Email | Phone | Credentials,True,Contact Information | Access Credentials,False,,ambiguous,True,no,5028,likely_non_responsive,,False,False,0,0,0,0,0,0,2.03,True,False,False,stage1_nr,False,,,0,False,,False,,5028
CNG_Data2k_variance/files/Q00897.01-0000811447.0001.PDF,Q00897.01-0000811447.0001.PDF,.pdf,43393,ok,True,False,text,False,3,0,1,False,0,False,0-10,Money/Amount,False,Financial Account Information,False,,clear_non_responsive,False,,0,likely_non_responsive,,False,False,0,0,0,0,0,0,0.107,True,False,False,stage1_nr,False,,,0,False,,False,,0
CNG_Data2k_variance/files/Q00897.01-0000697271.MSG,Q00897.01-0000697271.MSG,.msg,156160,ok,True,False,text,False,0,1,3,False,0,False,0-10,Name | Address | Email | Money/Amount | Credentials,True,Contact Information | Financial Account Information | Access Credentials,False,,ambiguous,True,yes,4216,standard,,False,False,0,0,0,0,0,0,7.058,False,False,True,,True,likely_no,no,4293,False,likely_non_responsive,True,,8509
CNG_Data2k_variance/files/Q00897.01-0000696971.MSG,Q00897.01-0000696971.MSG,.msg,868352,ok,True,False,text,False,0,10,0,False,0,False,0-10,,False,,False,,clear_non_responsive,False,,0,likely_non_responsive,,False,False,0,0,0,0,0,0,0.258,True,False,False,stage1_nr,False,,,0,False,,False,,0
CNG_Data2k_variance/files/Q00897.01-0000252328.XLSX,Q00897.01-0000252328.XLSX,.xlsx,67336,ok,True,True,text,True,2,0,1293,False,0,False,100+,Phone | Money/Amount,True,Contact Information | Financial Account Information,False,,ambiguous,True,no,9997,likely_non_responsive,roster_by_rowcount bde_llm_count,False,False,0,0,0,0,0,0,3.609,True,False,False,stage1_nr,False,,,0,False,,False,,9997
CNG_Data2k_variance/files/Q00897.01-0000452737.MSG,Q00897.01-0000452737.MSG,.msg,140800,ok,True,False,text,False,0,0,2,False,0,False,0-10,Name | Email | Phone,True,Contact Information,False,,ambiguous,True,yes,4065,standard,,False,False,0,0,0,0,0,0,7.744,False,False,True,,True,likely_no,no,4108,False,likely_non_responsive,True,,8173
CNG_Data2k_variance/files/Q00897.01-0000910267.PDF,Q00897.01-0000910267.PDF,.pdf,7017,ok,True,False,text,False,1,0,1,False,0,False,0-10,Name | Address | Phone | Money/Amount,True,Contact Information | Financial Account Information,False,,ambiguous,True,yes,4060,standard,,False,False,0,0,0,0,0,0,8.248,False,False,True,,True,clear_yes,yes,4118,False,standard,False,,8178
CNG_Data2k_variance/files/Q00897.01-0000439069.MSG,Q00897.01-0000439069.MSG,.msg,117760,ok,True,False,text,False,0,0,4,False,0,False,0-10,Name | Email | Health,True,Contact Information | Health-Related Information,False,,ambiguous,True,no,4157,likely_non_responsive,,False,False,0,0,0,0,0,0,2.227,True,False,False,stage1_nr,False,,,0,False,,False,,4157
CNG_Data2k_variance/files/Q00897.01-0000017345.XLSX,Q00897.01-0000017345.XLSX,.xlsx,247721,ok,True,True,text,True,3,0,297,False,297,True,100+,Name | Money/Amount,False,Financial Account Information,True,,ambiguous,True,yes,12439,structured_bde,bde_llm_count_roster,False,False,0,0,0,0,0,0,6.663,False,True,True,,True,clear_yes,yes,6676,True,structured_bde,False,,19115
CNG_Data2k_variance/files/Q00897.01-0000664827.MSG,Q00897.01-0000664827.MSG,.msg,1029632,ok,True,False,text,False,0,4,6,False,0,False,0-10,Name | Address | Email | Phone | Money/Amount,True,Contact Information | Financial Account Information,False,,ambiguous,True,yes,5536,standard,,False,False,0,0,0,0,0,0,4.001,False,False,True,,True,likely_no,no,5585,False,likely_non_responsive,True,,11121
CNG_Data2k_variance/files/Q00897.01-0000901326.PDF,Q00897.01-0000901326.PDF,.pdf,18944,ok,True,False,text,False,3,0,1,False,0,False,0-10,Name | Address | Phone | Money/Amount,True,Contact Information | Financial Account Information,False,,ambiguous,True,yes,5728,standard,,False,False,0,0,0,0,0,0,5.493,False,False,True,,True,clear_yes,yes,5770,False,standard,False,,11498
CNG_Data2k_variance/files/Q00897.01-0000747337.MSG,Q00897.01-0000747337.MSG,.msg,129536,ok,True,False,text,False,0,0,1,False,0,False,0-10,Money/Amount,False,Financial Account Information,False,,clear_non_responsive,False,,0,likely_non_responsive,,False,False,0,0,0,0,0,0,2.994,True,False,False,stage1_nr,False,,,0,False,,False,,0
CNG_Data2k_variance/files/Q00897.01-0000888284.PDF,Q00897.01-0000888284.PDF,.pdf,20659,ok,True,False,text,False,5,0,1,False,0,False,0-10,Name | Address | Phone | Money/Amount,True,Contact Information | Financial Account Information,False,,ambiguous,True,yes,5979,standard,,False,False,0,0,0,0,0,0,2.888,False,False,True,,True,borderline,no,6066,False,likely_non_responsive,True,,12045
CNG_Data2k_variance/files/Q00897.01-0000318361.PDF,Q00897.01-0000318361.PDF,.pdf,1295799,ok,True,False,text,False,1,0,1,False,0,False,0-10,Name,False,,False,,ambiguous,True,no,4699,likely_non_responsive,,True,True,1,0,0,0,0,1,5.883,True,False,False,stage1_nr,False,,,0,False,,False,,4699
CNG_Data2k_variance/files/Q00897.01-0000504357.MSG,Q00897.01-0000504357.MSG,.msg,81408,ok,True,False,text,False,0,0,5,False,0,False,0-10,Name | Address | Email | Phone,True,Contact Information,False,,ambiguous,True,no,4163,likely_non_responsive,,False,False,0,0,0,0,0,0,2.051,True,False,False,stage1_nr,False,,,0,False,,False,,4163
CNG_Data2k_variance/files/Q00897.01-0000808181.0001.PDF,Q00897.01-0000808181.0001.PDF,.pdf,33961,ok,True,False,text,False,3,0,0,False,0,False,0-10,,False,,False,,clear_non_responsive,False,,0,likely_non_responsive,,False,False,0,0,0,0,0,0,0.213,True,False,False,stage1_nr,False,,,0,False,,False,,0
CNG_Data2k_variance/files/Q00897.01-0000259150.PDF,Q00897.01-0000259150.PDF,.pdf,1676034,ok,True,False,text,False,4,0,6,False,0,False,0-10,Name | Address | Email | Phone | Money/Amount,True,Contact Information | Financial Account Information,False,,ambiguous,True,yes,4669,standard,,False,False,0,0,0,0,0,0,3.893,False,False,True,,True,likely_no,no,4691,False,likely_non_responsive,True,,9360
CNG_Data2k_variance/files/Q00897.01-0000376104.MSG,Q00897.01-0000376104.MSG,.msg,218112,ok,True,False,text,False,0,0,4,False,0,False,0-10,Name | Address | Email | Phone | Money/Amount,True,Contact Information | Financial Account Information,False,,ambiguous,True,yes,4845,standard,,False,False,0,0,0,0,0,0,4.189,False,False,True,,True,likely_no,no,4902,False,likely_non_responsive,True,,9747
CNG_Data2k_variance/files/Q00897.01-0000592121.MSG,Q00897.01-0000592121.MSG,.msg,124416,ok,True,False,text,False,0,0,7,False,7,False,0-10,Name | Address | Email | Phone | Tax ID,True,Contact Information | Government-Issued Identification,False,,ambiguous,True,yes,9233,standard,bde_llm_count,False,False,0,0,0,0,0,0,7.19,False,False,True,,True,likely_no,no,5107,False,likely_non_responsive,True,,14340
CNG_Data2k_variance/files/Q00897.01-0000897166.PDF,Q00897.01-0000897166.PDF,.pdf,13784,ok,True,False,text,False,2,0,1,False,0,False,0-10,Money/Amount,False,Financial Account Information,False,,clear_non_responsive,False,,0,likely_non_responsive,,False,False,0,0,0,0,0,0,0.142,True,False,False,stage1_nr,False,,,0,False,,False,,0
CNG_Data2k_variance/files/Q00897.01-0000770434.0001.PDF,Q00897.01-0000770434.0001.PDF,.pdf,334623,ok,True,True,text,True,15,0,228,False,6,False,100+,Name | Address | Phone | Money/Amount | Health,True,Contact Information | Financial Account Information | Health-Related Information,False,,ambiguous,True,yes,18273,standard,bde_llm_count,True,True,15,0,0,0,0,1,16.837,False,False,True,,True,clear_no,no,9616,True,likely_non_responsive,True,,27889
CNG_Data2k_variance/files/Q00897.01-0000115070.PDF,Q00897.01-0000115070.PDF,.pdf,18885,ok,True,False,text,False,9,0,1,False,0,False,0-10,Card/Transaction | Money/Amount | Work-Related,False,Financial Account Information | Work-Related Information,False,,ambiguous,True,no,10814,likely_non_responsive,,False,False,0,0,0,0,0,0,1.252,True,False,False,stage1_nr,False,,,0,False,,False,,10814
CNG_Data2k_variance/files/Q00897.01-0000577128.0001.PDF,Q00897.01-0000577128.0001.PDF,.pdf,20972,ok,True,False,text,False,1,0,0,False,0,False,0-10,,False,,False,,clear_non_responsive,False,,0,likely_non_responsive,,False,False,0,0,0,0,0,0,0.025,True,False,False,stage1_nr,False,,,0,False,,False,,0
CNG_Data2k_variance/files/Q00897.01-0000892122.PDF,Q00897.01-0000892122.PDF,.pdf,11903,ok,True,False,text,False,1,0,0,False,0,False,0-10,,False,,False,,clear_non_responsive,False,,0,likely_non_responsive,,False,False,0,0,0,0,0,0,0.045,True,False,False,stage1_nr,False,,,0,False,,False,,0
CNG_Data2k_variance/files/Q00897.01-0000760798.0001.PDF,Q00897.01-0000760798.0001.PDF,.pdf,167183,ok,True,False,text,False,1,0,2,False,0,False,0-10,Name | Address | Phone | Bank/Account Number | Card Expiry/CVV | Card/Transaction | Money/Amount,True,Contact Information | Financial Account Information,False,,ambiguous,True,yes,4348,standard,"img_ocr:p1(1/2,+9chars)",False,False,0,2,2,1,0,2,11.87,False,False,True,,True,likely_no,no,4387,False,likely_non_responsive,True,,8735
CNG_Data2k_variance/files/Q00897.01-0000429941.MSG,Q00897.01-0000429941.MSG,.msg,120832,ok,True,False,text,False,0,0,3,False,0,False,0-10,Name | Address | Email | Phone | Money/Amount,True,Contact Information | Financial Account Information,False,,ambiguous,True,yes,4282,standard,,False,False,0,0,0,0,0,0,4.128,False,False,True,,True,likely_no,no,4327,False,likely_non_responsive,True,,8609
CNG_Data2k_variance/files/Q00897.01-0000702575.MSG,Q00897.01-0000702575.MSG,.msg,100352,ok,True,False,text,False,0,0,4,False,0,False,0-10,Name | Address | Email | Phone,True,Contact Information,False,,ambiguous,True,yes,5624,standard,,False,False,0,0,0,0,0,0,3.067,False,False,True,,True,likely_yes,yes,5639,False,standard,False,,11263
CNG_Data2k_variance/files/Q00897.01-0000696895.MSG,Q00897.01-0000696895.MSG,.msg,142848,ok,True,False,text,False,0,3,14,False,14,False,10-20,Name | Address | Email | Phone | Bank/Account Number | Money/Amount,True,Contact Information | Financial Account Information,False,,ambiguous,True,yes,10524,standard,bde_llm_count,False,False,0,0,0,0,0,0,7.675,False,False,True,,True,likely_no,no,5683,False,likely_non_responsive,True,,16207
CNG_Data2k_variance/files/Q00897.01-0000541375.0001.PDF,Q00897.01-0000541375.0001.PDF,.pdf,22703,ok,True,False,text,False,1,0,1,False,0,False,0-10,Money/Amount,False,Financial Account Information,False,,clear_non_responsive,False,,0,likely_non_responsive,,False,False,0,0,0,0,0,0,0.029,True,False,False,stage1_nr,False,,,0,False,,False,,0
CNG_Data2k_variance/files/Q00897.01-0000045800.PDF,Q00897.01-0000045800.PDF,.pdf,93464,ok,True,False,text,False,1,0,1,False,0,False,0-10,Name | Address | Email | Money/Amount,True,Contact Information | Financial Account Information,False,,ambiguous,True,no,4452,likely_non_responsive,"img_ocr:p1(1/1,+26chars)",False,False,0,1,1,1,0,1,5.743,True,False,False,stage1_nr,False,,,0,False,,False,,4452
CNG_Data2k_variance/files/Q00897.01-0000003106.PDF,Q00897.01-0000003106.PDF,.pdf,543165,ok,True,True,text,True,1,0,13,False,1,False,10-20,Name | Address | Email | Phone | SSN | Date of Birth | Money/Amount | Work-Related,True,Contact Information | Government-Issued Identification | Birth Information | Financial Account Information | Work-Related Information,False,,clear_responsive,False,,3278,standard,bde_llm_count,True,True,1,0,0,0,0,1,9.854,False,False,True,,True,clear_yes,yes,4190,False,standard,False,,7468
CNG_Data2k_variance/files/Q00897.01-0000834375.0001.PDF,Q00897.01-0000834375.0001.PDF,.pdf,4304941,ok,True,False,text,False,10,0,2,False,0,False,0-10,Name | Address | SSN | Bank/Account Number | Account Balance | Money/Amount | Work-Related,True,Contact Information | Government-Issued Identification | Financial Account Information | Work-Related Information,False,,clear_responsive,False,,0,standard,,True,True,10,0,0,0,0,1,10.12,False,False,True,,True,likely_no,no,8772,False,likely_non_responsive,True,,8772
CNG_Data2k_variance/files/Q00897.01-0000796949.MSG,Q00897.01-0000796949.MSG,.msg,222208,ok,True,False,text,False,0,0,8,False,3,False,0-10,Name | Address | Email | Phone | Money/Amount,True,Contact Information | Financial Account Information,False,,ambiguous,True,yes,10350,standard,bde_llm_count,False,False,0,0,0,0,0,0,5.247,False,False,True,,True,likely_no,no,5612,False,likely_non_responsive,True,,15962
CNG_Data2k_variance/files/Q00897.01-0000117639.PDF,Q00897.01-0000117639.PDF,.pdf,680531,ok,True,False,text,False,9,0,3,False,0,False,0-10,Name | Address | Email | Phone | Birth Certificate | Money/Amount | Health | Work-Related,True,Contact Information | Birth Information | Financial Account Information | Health-Related Information | Work-Related Information,False,,ambiguous,True,yes,8838,standard,"img_ocr:p1(1/1,+61chars)",False,False,0,1,1,1,0,1,8.337,False,False,True,,True,clear_yes,yes,8883,False,standard,False,,17721
CNG_Data2k_variance/files/Q00897.01-0000887113.PDF,Q00897.01-0000887113.PDF,.pdf,185276,ok,True,False,text,False,1,0,2,False,0,False,0-10,Name | Address | Money/Amount,True,Contact Information | Financial Account Information,False,,ambiguous,True,yes,3990,standard,,False,False,0,0,0,0,0,0,3.356,False,False,True,,True,likely_no,no,4046,False,likely_non_responsive,True,,8036
CNG_Data2k_variance/files/Q00897.01-0000796084.MSG,Q00897.01-0000796084.MSG,.msg,153088,ok,True,False,text,False,0,0,6,False,0,False,0-10,Name | Address | Email | Phone,True,Contact Information,False,,ambiguous,True,yes,4854,standard,,False,False,0,0,0,0,0,0,4.447,False,False,True,,True,borderline,no,4949,False,likely_non_responsive,True,,9803
CNG_Data2k_variance/files/Q00897.01-0000859332.PDF,Q00897.01-0000859332.PDF,.pdf,49268,ok,True,False,text,False,1,0,1,False,0,False,0-10,Money/Amount,False,Financial Account Information,False,,clear_non_responsive,False,,0,likely_non_responsive,,False,False,0,0,0,0,0,0,0.116,True,False,False,stage1_nr,False,,,0,False,,False,,0
CNG_Data2k_variance/files/Q00897.01-0000363797.MSG,Q00897.01-0000363797.MSG,.msg,142848,ok,True,False,text,False,0,0,1,False,0,False,0-10,Address,True,Contact Information,False,,ambiguous,True,no,4208,likely_non_responsive,,False,False,0,0,0,0,0,0,1.66,True,False,False,stage1_nr,False,,,0,False,,False,,4208
CNG_Data2k_variance/files/Q00897.01-0000374439.MSG,Q00897.01-0000374439.MSG,.msg,141824,ok,True,False,text,False,0,0,2,False,0,False,0-10,Name | Email | Phone | Card/Transaction,True,Contact Information | Financial Account Information,False,,ambiguous,True,yes,3894,standard,,False,False,0,0,0,0,0,0,3.046,False,False,True,,True,likely_yes,yes,3937,False,standard,False,,7831
CNG_Data2k_variance/files/Q00897.01-0000113021.PDF,Q00897.01-0000113021.PDF,.pdf,497568,ok,True,False,text,False,3,0,3,False,0,False,0-10,Name | Address | Phone | Money/Amount | Health,True,Contact Information | Financial Account Information | Health-Related Information,False,,ambiguous,True,yes,6329,standard,"img_ocr:p1(1/1,+12chars)",False,False,0,1,1,1,0,1,10.827,False,False,True,,True,likely_yes,yes,6463,False,standard,False,,12792
CNG_Data2k_variance/files/Q00897.01-0000654459.MSG,Q00897.01-0000654459.MSG,.msg,192512,ok,True,False,text,False,0,4,8,False,6,False,0-10,Name | Address | Email | Phone | Money/Amount,True,Contact Information | Financial Account Information,False,,ambiguous,True,yes,12802,standard,bde_llm_count,False,False,0,0,0,0,0,0,5.745,False,False,True,,True,likely_no,no,6851,False,likely_non_responsive,True,,19653
CNG_Data2k_variance/files/Q00897.01-0000906741.PDF,Q00897.01-0000906741.PDF,.pdf,8213,ok,True,False,text,False,1,0,5,False,0,False,0-10,Name | Phone,True,Contact Information,False,,ambiguous,True,yes,3949,standard,,False,False,0,0,0,0,0,0,3.765,False,False,True,,True,borderline,no,3966,False,likely_non_responsive,True,,7915
CNG_Data2k_variance/files/Q00897.01-0000901537.PDF,Q00897.01-0000901537.PDF,.pdf,12761,ok,True,False,text,False,2,0,1,False,0,False,0-10,Money/Amount,False,Financial Account Information,False,,clear_non_responsive,False,,0,likely_non_responsive,,False,False,0,0,0,0,0,0,0.127,True,False,False,stage1_nr,False,,,0,False,,False,,0
CNG_Data2k_variance/files/Q00897.01-0000534457.MSG,Q00897.01-0000534457.MSG,.msg,246784,ok,True,False,text,False,0,0,1,False,0,False,0-10,Address | Email | Phone | Money/Amount,True,Contact Information | Financial Account Information,False,,ambiguous,True,no,6662,likely_non_responsive,,False,False,0,0,0,0,0,0,3.296,True,False,False,stage1_nr,False,,,0,False,,False,,6662
CNG_Data2k_variance/files/Q00897.01-0000403767.0001.XLSX,Q00897.01-0000403767.0001.XLSX,.xlsx,29210,ok,True,True,text,True,4,0,225,False,2,False,100+,Name,False,,False,,ambiguous,True,no,7071,likely_non_responsive,roster_by_rowcount bde_llm_count,False,False,0,0,0,0,0,0,3.157,True,False,False,stage1_nr,False,,,0,False,,False,,7071
CNG_Data2k_variance/files/Q00897.01-0000818430.MSG,Q00897.01-0000818430.MSG,.msg,37376,error,False,False,,False,0,0,0,False,0,False,,,False,,False,,,False,,0,review_error,MalformedRtf,False,False,0,0,0,0,0,0,0.798,False,False,False,extract_error,False,,,0,False,,False,,0
CNG_Data2k_variance/files/Q00897.01-0000324543.XLSX,Q00897.01-0000324543.XLSX,.xlsx,27771,ok,True,True,text,True,1,0,4,False,0,False,0-10,Phone | SSN | Payment Card | Money/Amount,True,Contact Information | Government-Issued Identification | Financial Account Information,False,,clear_responsive,False,,3510,standard,bde_llm_count,False,False,0,0,0,0,0,0,3.28,False,False,True,,True,likely_no,no,4416,False,likely_non_responsive,True,,7926
CNG_Data2k_variance/files/Q00897.01-0000297404.XLSX,Q00897.01-0000297404.XLSX,.xlsx,37095,ok,True,True,text,True,7,0,255,False,0,False,100+,Money/Amount,False,Financial Account Information,False,,ambiguous,True,no,7856,likely_non_responsive,roster_by_rowcount bde_llm_count,False,False,0,0,0,0,0,0,2.035,True,False,False,stage1_nr,False,,,0,False,,False,,7856
CNG_Data2k_variance/files/Q00897.01-0000793683.MSG,Q00897.01-0000793683.MSG,.msg,70656,ok,True,False,text,False,0,2,3,False,0,False,0-10,Name | Address | Email | Phone | Money/Amount,True,Contact Information | Financial Account Information,False,,ambiguous,True,yes,5183,standard,,False,False,0,0,0,0,0,0,3.155,False,False,True,,True,clear_no,no,5270,False,likely_non_responsive,True,,10453
CNG_Data2k_variance/files/Q00897.01-0000425173.0001.PDF,Q00897.01-0000425173.0001.PDF,.pdf,19286,ok,True,False,text,False,3,0,1,False,0,False,0-10,Money/Amount,False,Financial Account Information,False,,clear_non_responsive,False,,0,likely_non_responsive,,False,False,0,0,0,0,0,0,0.228,True,False,False,stage1_nr,False,,,0,False,,False,,0
CNG_Data2k_variance/files/Q00897.01-0000825289.MSG,Q00897.01-0000825289.MSG,.msg,158208,ok,True,False,text,False,0,1,5,False,0,False,0-10,Name | Address | Email | Phone | Money/Amount | Health,True,Contact Information | Financial Account Information | Health-Related Information,False,,ambiguous,True,yes,5428,standard,,False,False,0,0,0,0,0,0,5.077,False,False,True,,True,likely_no,no,5517,False,likely_non_responsive,True,,10945
CNG_Data2k_variance/files/Q00897.01-0000870422.PDF,Q00897.01-0000870422.PDF,.pdf,133644,ok,True,False,text,False,13,0,3,False,0,False,0-10,Name | Address | Phone | Money/Amount,True,Contact Information | Financial Account Information,False,,ambiguous,True,no,14396,likely_non_responsive,,False,False,0,0,0,0,0,0,7.676,True,False,False,stage1_nr,False,,,0,False,,False,,14396
CNG_Data2k_variance/files/Q00897.01-0000468739.0001.PDF,Q00897.01-0000468739.0001.PDF,.pdf,384136,ok,True,False,text,False,2,0,3,False,0,False,0-10,Name | Address | Email | Phone | Money/Amount,True,Contact Information | Financial Account Information,False,,ambiguous,True,yes,4389,standard,,True,True,2,0,0,0,0,1,8.252,False,False,True,,True,clear_yes,yes,4413,False,standard,False,,8802
CNG_Data2k_variance/files/Q00897.01-0000849005.0010.PDF,Q00897.01-0000849005.0010.PDF,.pdf,710584,ok,True,False,text,False,3,0,1,False,0,False,0-10,Address | Money/Amount,True,Contact Information | Financial Account Information,False,,ambiguous,True,no,4946,likely_non_responsive,,True,True,3,0,0,0,0,1,6.966,True,False,False,stage1_nr,False,,,0,False,,False,,4946
CNG_Data2k_variance/files/Q00897.01-0000642582.MSG,Q00897.01-0000642582.MSG,.msg,22016,ok,True,False,text,False,0,0,0,False,0,False,0-10,,False,,False,,clear_non_responsive,False,,0,likely_non_responsive,,False,False,0,0,0,0,0,0,0.027,True,False,False,stage1_nr,False,,,0,False,,False,,0
CNG_Data2k_variance/files/Q00897.01-0000331265.0001.PDF,Q00897.01-0000331265.0001.PDF,.pdf,268825,ok,True,False,text,False,3,0,1,False,0,False,0-10,Name | Address | Bank/Account Number | Money/Amount,True,Contact Information | Financial Account Information,False,,ambiguous,True,yes,4464,standard,"img_ocr:p2(1/1,+438chars)",False,False,0,1,1,1,0,1,7.903,False,False,True,,True,likely_no,no,4550,False,likely_non_responsive,True,,9014
CNG_Data2k_variance/files/Q00897.01-0000270711.DOCX,Q00897.01-0000270711.DOCX,.docx,68509,ok,True,False,text,False,0,0,2,False,0,False,0-10,Name | Money/Amount,True,Financial Account Information,False,,ambiguous,True,no,6058,likely_non_responsive,,False,False,0,0,0,0,0,0,1.243,True,False,False,stage1_nr,False,,,0,False,,False,,6058
CNG_Data2k_variance/files/Q00897.01-0000656588.MSG,Q00897.01-0000656588.MSG,.msg,119808,ok,True,False,text,False,0,0,5,False,0,False,0-10,Name | Address | Email | Phone | Money/Amount,True,Contact Information | Financial Account Information,False,,ambiguous,True,yes,4104,standard,,False,False,0,0,0,0,0,0,3.693,False,False,True,,True,likely_no,no,4141,False,likely_non_responsive,True,,8245
CNG_Data2k_variance/files/Q00897.01-0000705658.MSG,Q00897.01-0000705658.MSG,.msg,157696,ok,True,False,text,False,0,0,1,False,0,False,0-10,Name | Address,True,Contact Information,False,,ambiguous,True,yes,4031,standard,,False,False,0,0,0,0,0,0,4.593,False,False,True,,True,likely_no,no,4099,False,likely_non_responsive,True,,8130
CNG_Data2k_variance/files/Q00897.01-0000813615.0001.DOCX,Q00897.01-0000813615.0001.DOCX,.docx,15127,ok,True,False,text,False,0,0,1,False,0,False,0-10,Name | Money/Amount,True,Financial Account Information,False,,ambiguous,True,no,4494,likely_non_responsive,,False,False,0,0,0,0,0,0,1.959,True,False,False,stage1_nr,False,,,0,False,,False,,4494
CNG_Data2k_variance/files/Q00897.01-0000016394.PDF,Q00897.01-0000016394.PDF,.pdf,945496,ok,True,False,text,False,1,0,3,False,0,False,0-10,Name | Email | Phone | SSN | Work-Related,True,Contact Information | Government-Issued Identification | Work-Related Information,False,,clear_responsive,False,,0,standard,,False,False,0,0,0,0,0,0,2.703,False,False,True,,True,clear_yes,yes,4411,False,standard,False,,4411
CNG_Data2k_variance/files/Q00897.01-0000865258.PDF,Q00897.01-0000865258.PDF,.pdf,6213143,ok,True,True,text,True,15,0,287,False,51,True,100+,Phone | SSN | Money/Amount,True,Contact Information | Government-Issued Identification | Financial Account Information,True,,clear_responsive,False,,11273,structured_bde,bde_llm_count_roster,True,True,15,0,0,0,0,1,19.317,False,True,True,,True,clear_yes,yes,12622,True,structured_bde,False,,23895
CNG_Data2k_variance/files/Q00897.01-0000109157.XLSX,Q00897.01-0000109157.XLSX,.xlsx,7811,ok,True,True,text,True,1,0,4,False,0,False,0-10,Name | Phone | Money/Amount,True,Contact Information | Financial Account Information,False,,ambiguous,True,yes,7704,standard,bde_llm_count,False,False,0,0,0,0,0,0,4.417,False,False,True,,True,likely_no,no,4328,False,likely_non_responsive,True,,12032
CNG_Data2k_variance/files/Q00897.01-0000544901.0001.PDF,Q00897.01-0000544901.0001.PDF,.pdf,22575,ok,True,False,text,False,1,0,1,False,0,False,0-10,Money/Amount,False,Financial Account Information,False,,clear_non_responsive,False,,0,likely_non_responsive,,False,False,0,0,0,0,0,0,0.023,True,False,False,stage1_nr,False,,,0,False,,False,,0
CNG_Data2k_variance/files/Q00897.01-0000847031.0002.DOCX,Q00897.01-0000847031.0002.DOCX,.docx,14804,ok,True,False,text,False,0,0,5,False,0,False,0-10,Name | Money/Amount | Work-Related,False,Financial Account Information | Work-Related Information,False,,ambiguous,True,yes,4743,standard,,False,False,0,0,0,0,0,0,61.579,False,False,True,,True,likely_no,no,4811,False,likely_non_responsive,True,,9554
CNG_Data2k_variance/files/Q00897.01-0000843729.MSG,Q00897.01-0000843729.MSG,.msg,1203712,ok,True,False,text,False,0,1,14,False,14,False,10-20,Name | Address | Email | Phone | Money/Amount | Health,True,Contact Information | Financial Account Information | Health-Related Information,False,,ambiguous,True,yes,18225,standard,bde_llm_count,False,False,0,0,0,0,0,0,69.175,False,False,True,,True,likely_yes,yes,9623,False,standard,False,,27848
CNG_Data2k_variance/files/Q00897.01-0000278449.PDF,Q00897.01-0000278449.PDF,.pdf,771912,ok,True,False,text,False,4,0,3,False,0,False,0-10,Name | Address | Phone | SSN | Money/Amount,True,Contact Information | Government-Issued Identification | Financial Account Information,False,,clear_responsive,False,,0,standard,,True,True,4,0,0,0,0,1,7.034,False,False,True,,True,likely_no,no,4652,False,likely_non_responsive,True,,4652
CNG_Data2k_variance/files/Q00897.01-0000124836.PDF,Q00897.01-0000124836.PDF,.pdf,2275712,ok,True,True,text,True,15,0,246,False,51,True,100+,Name | Address | Email | Phone | Money/Amount,True,Contact Information | Financial Account Information,True,,ambiguous,True,yes,21301,structured_bde,bde_llm_count_roster,True,True,15,0,0,0,0,1,17.387,False,True,True,,True,clear_no,no,10992,True,likely_non_responsive,True,,32293
CNG_Data2k_variance/files/Q00897.01-0000118381.XLSX,Q00897.01-0000118381.XLSX,.xlsx,78571,ok,True,True,text,True,1,0,222,False,51,True,100+,Name | Address | Email | Payment Card,True,Contact Information | Financial Account Information,True,,ambiguous,True,yes,12316,structured_bde,bde_llm_count_roster,False,False,0,0,0,0,0,0,7.857,False,True,True,,True,likely_yes,yes,6722,True,structured_bde,False,,19038
CNG_Data2k_variance/files/Q00897.01-0000776245.0001.DOCX,Q00897.01-0000776245.0001.DOCX,.docx,56782,ok,True,False,text,False,0,0,4,False,0,False,0-10,Address | Phone | Tax ID | Account Balance | Money/Amount | Health | Work-Related,True,Contact Information | Government-Issued Identification | Financial Account Information | Health-Related Information | Work-Related Information,False,,ambiguous,True,no,8498,likely_non_responsive,,False,False,0,0,0,0,0,0,1.334,True,False,False,stage1_nr,False,,,0,False,,False,,8498
CNG_Data2k_variance/files/Q00897.01-0000904092.PDF,Q00897.01-0000904092.PDF,.pdf,62035,ok,True,False,text,False,13,0,1,False,0,False,0-10,Address | SSN | Money/Amount | Work-Related,True,Contact Information | Government-Issued Identification | Financial Account Information | Work-Related Information,False,,clear_responsive,False,,0,standard,,False,False,0,0,0,0,0,0,2.928,False,False,True,,True,clear_yes,yes,14163,False,standard,False,,14163
CNG_Data2k_variance/files/Q00897.01-0000323777.XLSX,Q00897.01-0000323777.XLSX,.xlsx,46202,ok,True,True,text,True,2,0,140,False,5,True,100+,Name | Money/Amount,False,Financial Account Information,True,,ambiguous,True,yes,8164,structured_bde,bde_llm_count_roster,False,False,0,0,0,0,0,0,5.582,False,True,True,,True,likely_no,no,4579,True,likely_non_responsive,True,,12743
CNG_Data2k_variance/files/Q00897.01-0000413751.MSG,Q00897.01-0000413751.MSG,.msg,327680,ok,True,False,text,False,0,0,2,False,0,False,0-10,Name | Address | Email | Phone | Money/Amount,True,Contact Information | Financial Account Information,False,,ambiguous,True,no,5302,likely_non_responsive,,False,False,0,0,0,0,0,0,2.252,True,False,False,stage1_nr,False,,,0,False,,False,,5302
CNG_Data2k_variance/files/Q00897.01-0000266080.XLSX,Q00897.01-0000266080.XLSX,.xlsx,10923,ok,True,True,text,True,1,0,16,False,0,False,10-20,Phone | Money/Amount,True,Contact Information | Financial Account Information,False,,ambiguous,True,no,8419,likely_non_responsive,bde_llm_count,False,False,0,0,0,0,0,0,2.261,True,False,False,stage1_nr,False,,,0,False,,False,,8419
CNG_Data2k_variance/files/Q00897.01-0000014892.PDF,Q00897.01-0000014892.PDF,.pdf,358220,ok,True,False,text,False,2,0,3,False,0,False,0-10,Name | Address | Email | Phone | SSN | Money/Amount | Work-Related,True,Contact Information | Government-Issued Identification | Financial Account Information | Work-Related Information,False,,clear_responsive,False,,0,standard,"img_ocr:p1(1/2,+15chars)",False,False,0,2,2,1,0,2,10.68,False,False,True,,True,clear_yes,yes,16550,False,standard,False,,16550
CNG_Data2k_variance/files/Q00897.01-0000536832.0001.PDF,Q00897.01-0000536832.0001.PDF,.pdf,22673,ok,True,False,text,False,1,0,1,False,0,False,0-10,Money/Amount,False,Financial Account Information,False,,clear_non_responsive,False,,0,likely_non_responsive,,False,False,0,0,0,0,0,0,0.029,True,False,False,stage1_nr,False,,,0,False,,False,,0
CNG_Data2k_variance/files/Q00897.01-0000457525.MSG,Q00897.01-0000457525.MSG,.msg,131072,ok,True,False,text,False,0,2,2,False,0,False,0-10,Name | Address | Email | Phone | Money/Amount,True,Contact Information | Financial Account Information,False,,ambiguous,True,yes,3962,standard,,False,False,0,0,0,0,0,0,3.214,False,False,True,,True,borderline,no,4021,False,likely_non_responsive,True,,7983
CNG_Data2k_variance/files/Q00897.01-0000881333.PDF,Q00897.01-0000881333.PDF,.pdf,1176443,ok,True,False,text,False,83,0,69,False,0,False,50-100,Name | Address | Phone | Payment Card | Money/Amount,True,Contact Information | Financial Account Information,False,,ambiguous,True,yes,21003,standard,"img_ocr:p2(1/1,+18chars) bde_llm_count",False,False,0,1,1,1,0,1,16.019,False,False,True,,True,clear_no,no,11038,True,likely_non_responsive,True,,32041
CNG_Data2k_variance/files/Q00897.01-0000916270.PDF,Q00897.01-0000916270.PDF,.pdf,265027,ok,True,False,text,False,2,0,4,False,0,False,0-10,Name | Money/Amount | Work-Related,False,Financial Account Information | Work-Related Information,False,,ambiguous,True,yes,4463,standard,,False,False,0,0,0,0,0,0,4.538,False,False,True,,True,clear_yes,yes,4550,False,standard,False,,9013
CNG_Data2k_variance/files/Q00897.01-0000015941.PDF,Q00897.01-0000015941.PDF,.pdf,272854,ok,True,True,text,True,1,0,1,False,1,False,0-10,Name | SSN | Money/Amount,True,Government-Issued Identification | Financial Account Information,False,,clear_responsive,False,,3114,standard,bde_llm_count,True,True,1,0,0,0,0,1,6.422,False,False,True,,True,clear_yes,yes,4009,False,standard,False,,7123
CNG_Data2k_variance/files/Q00897.01-0000327207.XLSX,Q00897.01-0000327207.XLSX,.xlsx,28451,ok,True,True,text,True,1,0,389,False,0,True,100+,Address | Money/Amount,True,Contact Information | Financial Account Information,True,,ambiguous,True,no,8837,structured_bde,roster_by_rowcount bde_llm_count_roster,False,False,0,0,0,0,0,0,3.772,False,True,True,,True,clear_no,no,4857,True,likely_non_responsive,True,,13694
CNG_Data2k_variance/files/Q00897.01-0000538165.0001.PDF,Q00897.01-0000538165.0001.PDF,.pdf,22661,ok,True,False,text,False,1,0,1,False,0,False,0-10,Money/Amount,False,Financial Account Information,False,,clear_non_responsive,False,,0,likely_non_responsive,,False,False,0,0,0,0,0,0,0.028,True,False,False,stage1_nr,False,,,0,False,,False,,0
CNG_Data2k_variance/files/Q00897.01-0000294936.PDF,Q00897.01-0000294936.PDF,.pdf,489057,ok,True,False,text,False,9,0,10,False,9,False,0-10,Name | Phone | Date of Birth | Account Balance | Money/Amount,True,Contact Information | Birth Information | Financial Account Information,False,,ambiguous,True,yes,17610,standard,"img_ocr:p4(1/2,+31chars) bde_llm_count_roster",False,False,0,2,2,1,0,2,18.418,False,False,True,,True,clear_yes,yes,9255,False,standard,False,,26865
CNG_Data2k_variance/files/Q00897.01-0000762041.MSG,Q00897.01-0000762041.MSG,.msg,84992,ok,True,False,text,False,0,0,98,False,98,True,50-100,Name | Address | Email | Money/Amount,True,Contact Information | Financial Account Information,True,,ambiguous,True,yes,19642,bde,bde_llm_count_roster,False,False,0,0,0,0,0,0,19.252,False,True,True,,False,,yes,0,True,bde,False,llm_failed:JSONDecodeError,19642
CNG_Data2k_variance/files/Q00897.01-0000275975.PDF,Q00897.01-0000275975.PDF,.pdf,84054,ok,True,False,text,False,1,0,2,False,0,False,0-10,Name | Address | Money/Amount,True,Contact Information | Financial Account Information,False,,ambiguous,True,yes,3824,standard,"img_ocr:p1(1/1,+59chars)",False,False,0,1,1,1,0,1,6.564,False,False,True,,True,likely_no,no,3918,False,likely_non_responsive,True,,7742
CNG_Data2k_variance/files/Q00897.01-0000777780.0001.PDF,Q00897.01-0000777780.0001.PDF,.pdf,1460825,ok,True,False,text,False,78,0,2,False,0,False,0-10,Name | Address | Phone | Money/Amount,True,Contact Information | Financial Account Information,False,,ambiguous,True,no,17035,likely_non_responsive,"img_ocr:p12,p12,p15,p15,p22,p23,p26,p27,p30,p31,p34,p35,p38,p38,p43,p46,p47,p50,p51,p53,p54,p56,p57,p57,p60,p61,p61,p63,p64,p66,p67,p69,p69(33/36,+6236chars)",False,False,0,36,36,33,0,36,156.614,True,False,False,stage1_nr,False,,,0,False,,False,,17035
CNG_Data2k_variance/files/Q00897.01-0000136966.PDF,Q00897.01-0000136966.PDF,.pdf,12004896,ok,True,True,text,True,15,0,216,False,0,False,100+,Name | Address | Email | Phone | Money/Amount,True,Contact Information | Financial Account Information,False,,ambiguous,True,yes,19454,standard,bde_llm_count,True,True,15,0,0,0,0,1,13.502,False,False,True,,True,clear_yes,yes,10190,True,structured_bde,False,,29644
CNG_Data2k_variance/files/Q00897.01-0000532059.0001.PDF,Q00897.01-0000532059.0001.PDF,.pdf,22641,ok,True,False,text,False,1,0,1,False,0,False,0-10,Money/Amount,False,Financial Account Information,False,,clear_non_responsive,False,,0,likely_non_responsive,,False,False,0,0,0,0,0,0,0.028,True,False,False,stage1_nr,False,,,0,False,,False,,0
CNG_Data2k_variance/files/Q00897.01-0000799567.MSG,Q00897.01-0000799567.MSG,.msg,215040,ok,True,False,text,False,0,2,5,False,0,False,0-10,Name | Address | Email | Phone | Bank/Account Number | Money/Amount,True,Contact Information | Financial Account Information,False,,ambiguous,True,yes,7982,standard,,False,False,0,0,0,0,0,0,7.523,False,False,True,,True,likely_yes,yes,8044,False,standard,False,,16026
CNG_Data2k_variance/files/Q00897.01-0000657837.MSG,Q00897.01-0000657837.MSG,.msg,307712,ok,True,False,text,False,0,4,10,False,6,False,0-10,Name | Address | Email | Phone | Money/Amount,True,Contact Information | Financial Account Information,False,,ambiguous,True,yes,14476,standard,bde_llm_count,False,False,0,0,0,0,0,0,21.234,False,False,True,,True,likely_yes,yes,7707,False,standard,False,,22183
CNG_Data2k_variance/files/Q00897.01-0000319530.TXT,Q00897.01-0000319530.TXT,.txt,1674,ok,True,False,text,False,0,0,0,False,0,False,0-10,,False,,False,,clear_non_responsive,False,,0,likely_non_responsive,,False,False,0,0,0,0,0,0,0.028,True,False,False,stage1_nr,False,,,0,False,,False,,0
CNG_Data2k_variance/files/Q00897.01-0000773386.0001.DOCX,Q00897.01-0000773386.0001.DOCX,.docx,107528,ok,True,False,text,False,0,0,2,False,0,False,0-10,Name | Address | Phone | Money/Amount | Health | Work-Related,True,Contact Information | Financial Account Information | Health-Related Information | Work-Related Information,False,,ambiguous,True,yes,4118,standard,,False,False,0,0,0,0,0,0,4.807,False,False,True,,True,clear_yes,yes,4141,False,standard,False,,8259
CNG_Data2k_variance\files\Q00897.01-0000713346.0001.XLS,Q00897.01-0000713346.0001.XLS,.xls,10883,ok,True,True,text,True,1,0,15,False,0,False,10-20,Name | Address | Phone,True,Contact Information,False,,ambiguous,True,yes,8306,standard,bde_llm_count_roster,False,False,0,0,0,0,0,0,5.839,False,False,True,,True,likely_no,no,4748,False,likely_non_responsive,True,,13054
CNG_Data2k_variance/files/Q00897.01-0000242145.XLSX,Q00897.01-0000242145.XLSX,.xlsx,16746,ok,True,True,text,True,2,0,19,False,0,False,10-20,Address | Phone | Money/Amount,True,Contact Information | Financial Account Information,False,,ambiguous,True,no,10666,likely_non_responsive,bde_llm_count,False,False,0,0,0,0,0,0,4.618,True,False,False,stage1_nr,False,,,0,False,,False,,10666
CNG_Data2k_variance/files/Q00897.01-0000501467.MSG,Q00897.01-0000501467.MSG,.msg,26624,ok,True,False,text,False,0,0,2,False,0,False,0-10,Name | Address | Email | Phone | Money/Amount,True,Contact Information | Financial Account Information,False,,ambiguous,True,yes,4417,standard,,False,False,0,0,0,0,0,0,3.02,False,False,True,,True,clear_no,no,4503,False,likely_non_responsive,True,,8920
CNG_Data2k_variance/files/Q00897.01-0000447023.0001.PDF,Q00897.01-0000447023.0001.PDF,.pdf,12781,ok,True,False,text,False,3,0,1,False,0,False,0-10,Money/Amount,False,Financial Account Information,False,,clear_non_responsive,False,,0,likely_non_responsive,,False,False,0,0,0,0,0,0,0.133,True,False,False,stage1_nr,False,,,0,False,,False,,0
CNG_Data2k_variance/files/Q00897.01-0000251245.PDF,Q00897.01-0000251245.PDF,.pdf,141269,ok,True,False,text,False,2,0,3,False,0,False,0-10,Name | Address | Money/Amount | Work-Related,True,Contact Information | Financial Account Information | Work-Related Information,False,,ambiguous,True,no,4942,likely_non_responsive,"img_ocr:p2,p2(2/2,+373chars)",False,False,0,2,2,2,0,2,10.205,True,False,False,stage1_nr,False,,,0,False,,False,,4942
CNG_Data2k_variance/files/Q00897.01-0000671718.MSG,Q00897.01-0000671718.MSG,.msg,65536,ok,True,False,text,False,0,0,11,False,7,False,10-20,Name | Address | Email | Phone,True,Contact Information,False,,ambiguous,True,yes,9839,standard,bde_llm_count,False,False,0,0,0,0,0,0,6.861,False,False,True,,True,likely_no,no,5315,False,likely_non_responsive,True,,15154
CNG_Data2k_variance/files/Q00897.01-0000833703.0002.DOCX,Q00897.01-0000833703.0002.DOCX,.docx,87542,ok,True,False,text,False,0,0,3,False,0,False,0-10,Name | Address | Email | Phone | Money/Amount,True,Contact Information | Financial Account Information,False,,ambiguous,True,yes,8632,standard,,False,False,0,0,0,0,0,0,2.799,False,False,True,,True,likely_no,no,8684,False,likely_non_responsive,True,,17316
CNG_Data2k_variance/files/Q00897.01-0000914376.PDF,Q00897.01-0000914376.PDF,.pdf,339544,ok,True,False,text,False,3,0,1,False,0,False,0-10,Phone | Money/Amount,True,Contact Information | Financial Account Information,False,,ambiguous,True,no,4265,likely_non_responsive,"img_ocr:p2(1/1,+6chars)",False,False,0,1,1,1,0,1,5.424,True,False,False,stage1_nr,False,,,0,False,,False,,4265
CNG_Data2k_variance/files/Q00897.01-0000515746.MSG,Q00897.01-0000515746.MSG,.msg,249344,ok,True,False,text,False,0,9,12,False,9,False,10-20,Name | Address | Email | Phone,True,Contact Information,False,,ambiguous,True,yes,14757,standard,bde_llm_count,False,False,0,0,0,0,0,0,6.845,False,False,True,,True,likely_no,no,7867,False,likely_non_responsive,True,,22624
CNG_Data2k_variance/files/Q00897.01-0000526771.0001.PDF,Q00897.01-0000526771.0001.PDF,.pdf,22567,ok,True,False,text,False,1,0,1,False,0,False,0-10,Money/Amount,False,Financial Account Information,False,,clear_non_responsive,False,,0,likely_non_responsive,,False,False,0,0,0,0,0,0,0.025,True,False,False,stage1_nr,False,,,0,False,,False,,0
CNG_Data2k_variance/files/Q00897.01-0000247851.PDF,Q00897.01-0000247851.PDF,.pdf,138320,ok,True,True,text,True,1,0,22,False,0,False,20-50,Name | Address | Phone | Bank/Account Number | Money/Amount,True,Contact Information | Financial Account Information,False,,ambiguous,True,no,7464,likely_non_responsive,bde_llm_count,True,True,1,0,0,0,0,1,7.972,True,False,False,stage1_nr,False,,,0,False,,False,,7464
CNG_Data2k_variance/files/Q00897.01-0000808305.0001.PDF,Q00897.01-0000808305.0001.PDF,.pdf,342224,ok,True,True,text,True,3,0,4,False,1,False,0-10,Name | Address | Phone | Work-Related,True,Contact Information | Work-Related Information,False,,ambiguous,True,no,9836,likely_non_responsive,bde_llm_count,True,True,3,0,0,0,0,1,7.811,True,False,False,stage1_nr,False,,,0,False,,False,,9836
CNG_Data2k_variance/files/Q00897.01-0000817947.0001.PDF,Q00897.01-0000817947.0001.PDF,.pdf,156521,ok,True,False,text,False,26,0,4,False,0,False,0-10,Address | Email | Phone | Money/Amount | Health,True,Contact Information | Financial Account Information | Health-Related Information,False,,ambiguous,True,no,9769,likely_non_responsive,,False,False,0,0,0,0,0,0,4.529,True,False,False,stage1_nr,False,,,0,False,,False,,9769
CNG_Data2k_variance/files/Q00897.01-0000397749.MSG,Q00897.01-0000397749.MSG,.msg,133120,ok,True,False,text,False,0,0,9,False,7,False,0-10,Name | Address | Email | Phone | Money/Amount,True,Contact Information | Financial Account Information,False,,ambiguous,True,yes,10734,standard,bde_llm_count,False,False,0,0,0,0,0,0,6.019,False,False,True,,True,likely_no,no,5841,False,likely_non_responsive,True,,16575
CNG_Data2k_variance/files/Q00897.01-0000530519.0001.PDF,Q00897.01-0000530519.0001.PDF,.pdf,22558,ok,True,False,text,False,1,0,1,False,0,False,0-10,Money/Amount,False,Financial Account Information,False,,clear_non_responsive,False,,0,likely_non_responsive,,False,False,0,0,0,0,0,0,0.022,True,False,False,stage1_nr,False,,,0,False,,False,,0
CNG_Data2k_variance/files/Q00897.01-0000652490.MSG,Q00897.01-0000652490.MSG,.msg,125952,ok,True,False,text,False,0,0,0,False,0,False,0-10,,False,,False,,clear_non_responsive,False,,0,likely_non_responsive,,False,False,0,0,0,0,0,0,0.159,True,False,False,stage1_nr,False,,,0,False,,False,,0
CNG_Data2k_variance/files/Q00897.01-0000859615.PDF,Q00897.01-0000859615.PDF,.pdf,810733,ok,True,True,text,True,4,0,64,False,1,False,50-100,Name | Address | Email | SSN | Money/Amount | Health | Work-Related,True,Contact Information | Government-Issued Identification | Financial Account Information | Health-Related Information | Work-Related Information,False,,clear_responsive,False,,5743,standard,bde_llm_count,True,True,4,0,0,0,0,1,10.411,False,False,True,,True,clear_yes,yes,6611,True,structured_bde,False,,12354
CNG_Data2k_variance\files\Q00897.01-0000501798.0001.XLS,Q00897.01-0000501798.0001.XLS,.xls,101939,ok,True,True,text,True,1,0,725,False,2,False,100+,Name | Phone | Money/Amount,True,Contact Information | Financial Account Information,False,,ambiguous,True,yes,14123,standard,roster_by_rowcount bde_llm_count,False,False,0,0,0,0,0,0,4.581,False,False,True,,True,likely_no,no,7540,True,likely_non_responsive,True,,21663
CNG_Data2k_variance/files/Q00897.01-0000387503.MSG,Q00897.01-0000387503.MSG,.msg,87040,ok,True,False,text,False,0,0,1,False,0,False,0-10,Address | Email,True,Contact Information,False,,ambiguous,True,yes,3894,standard,,False,False,0,0,0,0,0,0,2.699,False,False,True,,True,likely_no,no,3958,False,likely_non_responsive,True,,7852
CNG_Data2k_variance/files/Q00897.01-0000567605.0001.PNG,Q00897.01-0000567605.0001.PNG,.png,330559,ok,True,True,text,True,1,0,5,False,0,False,0-10,Money/Amount,False,Financial Account Information,False,,ambiguous,True,no,7509,likely_non_responsive,bde_llm_count,True,True,1,0,0,0,0,1,6.521,True,False,False,stage1_nr,False,,,0,False,,False,,7509
CNG_Data2k_variance/files/Q00897.01-0000894569.PDF,Q00897.01-0000894569.PDF,.pdf,114848,ok,True,False,text,False,1,0,2,False,0,False,0-10,Name | Money/Amount | Work-Related,False,Financial Account Information | Work-Related Information,False,,ambiguous,True,yes,4119,standard,,False,False,0,0,0,0,0,0,3.6,False,False,True,,True,clear_yes,yes,4166,False,standard,False,,8285
CNG_Data2k_variance/files/Q00897.01-0000418518.MSG,Q00897.01-0000418518.MSG,.msg,95744,ok,True,False,text,False,0,0,1,False,0,False,0-10,Money/Amount,False,Financial Account Information,False,,clear_non_responsive,False,,0,likely_non_responsive,,False,False,0,0,0,0,0,0,0.378,True,False,False,stage1_nr,False,,,0,False,,False,,0
CNG_Data2k_variance/files/Q00897.01-0000242636.PDF,Q00897.01-0000242636.PDF,.pdf,319525,ok,True,False,text,False,2,0,2,False,0,False,0-10,Phone | Money/Amount,True,Contact Information | Financial Account Information,False,,ambiguous,True,no,4053,likely_non_responsive,"img_ocr:p2(1/1,+4chars)",False,False,0,1,1,1,0,1,5.26,True,False,False,stage1_nr,False,,,0,False,,False,,4053
CNG_Data2k_variance/files/Q00897.01-0000840841.0001.PDF,Q00897.01-0000840841.0001.PDF,.pdf,492807,ok,True,False,text,False,3,0,3,False,0,False,0-10,Name | Address | Phone | Card Expiry/CVV | Money/Amount,True,Contact Information | Financial Account Information,False,,ambiguous,True,no,4983,likely_non_responsive,,True,True,3,0,0,0,0,1,7.868,True,False,False,stage1_nr,False,,,0,False,,False,,4983
CNG_Data2k_variance/files/Q00897.01-0000472589.MSG,Q00897.01-0000472589.MSG,.msg,75264,ok,True,False,text,False,0,0,5,False,0,False,0-10,Name | Email,True,Contact Information,False,,ambiguous,True,yes,4972,standard,,False,False,0,0,0,0,0,0,3.824,False,False,True,,True,likely_no,no,5008,False,likely_non_responsive,True,,9980
CNG_Data2k_variance/files/Q00897.01-0000887147.PDF,Q00897.01-0000887147.PDF,.pdf,184578,ok,True,False,text,False,1,0,2,False,0,False,0-10,Name | Address | Money/Amount,True,Contact Information | Financial Account Information,False,,ambiguous,True,yes,3942,standard,,False,False,0,0,0,0,0,0,3.66,False,False,True,,True,likely_no,no,3987,False,likely_non_responsive,True,,7929
CNG_Data2k_variance/files/Q00897.01-0000294501.PDF,Q00897.01-0000294501.PDF,.pdf,1626754,ok,True,False,text,False,10,0,1,False,0,False,0-10,Money/Amount,False,Financial Account Information,False,,clear_non_responsive,False,,0,likely_non_responsive,,False,False,0,0,0,0,0,0,1.657,True,False,False,stage1_nr,False,,,0,False,,False,,0
CNG_Data2k_variance/files/Q00897.01-0000907229.PDF,Q00897.01-0000907229.PDF,.pdf,17440,ok,True,False,text,False,2,0,5,False,0,False,0-10,Name | Address | Phone | Work-Related,True,Contact Information | Work-Related Information,False,,ambiguous,True,yes,4561,standard,,False,False,0,0,0,0,0,0,4.711,False,False,True,,True,clear_yes,yes,4574,False,standard,False,,9135
CNG_Data2k_variance/files/Q00897.01-0000804894.MSG,Q00897.01-0000804894.MSG,.msg,106496,ok,True,False,text,False,0,2,3,False,0,False,0-10,Name | Address | Email | Phone,True,Contact Information,False,,ambiguous,True,yes,4467,standard,,False,False,0,0,0,0,0,0,5.129,False,False,True,,True,likely_no,no,4528,False,likely_non_responsive,True,,8995
CNG_Data2k_variance/files/Q00897.01-0000642176.MSG,Q00897.01-0000642176.MSG,.msg,23552,ok,True,False,text,False,0,0,0,False,0,False,0-10,,False,,False,,clear_non_responsive,False,,0,likely_non_responsive,,False,False,0,0,0,0,0,0,0.033,True,False,False,stage1_nr,False,,,0,False,,False,,0
CNG_Data2k_variance/files/Q00897.01-0000016839.PDF,Q00897.01-0000016839.PDF,.pdf,168771,ok,True,False,text,False,1,0,2,False,0,False,0-10,Name | Email | Money/Amount,True,Contact Information | Financial Account Information,False,,ambiguous,True,yes,4187,standard,,False,False,0,0,0,0,0,0,2.953,False,False,True,,True,likely_no,no,4249,False,likely_non_responsive,True,,8436
CNG_Data2k_variance/files/Q00897.01-0000840264.MSG,Q00897.01-0000840264.MSG,.msg,110592,ok,True,False,text,False,0,0,5,False,0,False,0-10,Name | Address | Email | Phone,True,Contact Information,False,,ambiguous,True,yes,4737,standard,,False,False,0,0,0,0,0,0,3.065,False,False,True,,True,likely_yes,yes,4813,False,standard,False,,9550
CNG_Data2k_variance/files/Q00897.01-0000702669.MSG,Q00897.01-0000702669.MSG,.msg,188928,ok,True,False,text,False,0,0,2,False,0,False,0-10,Address | Email | Phone,True,Contact Information,False,,ambiguous,True,no,4176,likely_non_responsive,,False,False,0,0,0,0,0,0,1.562,True,False,False,stage1_nr,False,,,0,False,,False,,4176
CNG_Data2k_variance/files/Q00897.01-0000893089.PDF,Q00897.01-0000893089.PDF,.pdf,11947,ok,True,False,text,False,1,0,0,False,0,False,0-10,,False,,False,,clear_non_responsive,False,,0,likely_non_responsive,,False,False,0,0,0,0,0,0,0.039,True,False,False,stage1_nr,False,,,0,False,,False,,0
CNG_Data2k_variance/files/Q00897.01-0000256991.DOCX,Q00897.01-0000256991.DOCX,.docx,19820,ok,True,False,text,False,0,0,2,False,0,False,0-10,Name | Address | Phone | Money/Amount,True,Contact Information | Financial Account Information,False,,ambiguous,True,no,3842,likely_non_responsive,,False,False,0,0,0,0,0,0,1.1,True,False,False,stage1_nr,False,,,0,False,,False,,3842
CNG_Data2k_variance/files/Q00897.01-0000654536.0001.PDF,Q00897.01-0000654536.0001.PDF,.pdf,8935,ok,True,True,text,True,1,0,9,False,0,False,0-10,Address | Bank/Account Number | Card/Transaction | Money/Amount,True,Contact Information | Financial Account Information,False,,ambiguous,True,no,6902,likely_non_responsive,bde_llm_count,True,True,1,0,0,0,0,1,6.682,True,False,False,stage1_nr,False,,,0,False,,False,,6902
CNG_Data2k_variance/files/Q00897.01-0000139273.XLSX,Q00897.01-0000139273.XLSX,.xlsx,13906,ok,True,True,text,True,3,0,0,False,0,False,0-10,Address | Card/Transaction | Money/Amount,True,Contact Information | Financial Account Information,False,,ambiguous,True,no,6859,structured_unreadable,bde_llm_count,False,False,0,0,0,0,0,0,3.579,False,False,True,,True,clear_no,no,3910,False,likely_non_responsive,True,,10769
CNG_Data2k_variance\files\Q00897.01-0000126638.XLS,Q00897.01-0000126638.XLS,.xls,12691,ok,True,True,text,True,1,0,2,False,1,False,0-10,Name | Address | Bank/Account Number,True,Contact Information | Financial Account Information,False,,ambiguous,True,yes,6925,standard,bde_llm_count,False,False,0,0,0,0,0,0,4.676,False,False,True,,True,likely_no,no,3994,False,likely_non_responsive,True,,10919
CNG_Data2k_variance/files/Q00897.01-0000891642.PDF,Q00897.01-0000891642.PDF,.pdf,30590,ok,True,True,text,True,4,0,110,False,3,True,100+,Name | Address | Phone | Money/Amount | Work-Related,True,Contact Information | Financial Account Information | Work-Related Information,True,,ambiguous,True,yes,11114,structured_bde,bde_llm_count_roster,True,True,4,0,0,0,0,1,16.394,False,True,True,,True,clear_yes,yes,6040,True,structured_bde,False,,17154
CNG_Data2k_variance/files/Q00897.01-0000798486.0001.DOCX,Q00897.01-0000798486.0001.DOCX,.docx,16902,ok,True,False,text,False,0,0,13,False,6,False,10-20,Name | Card/Transaction | Money/Amount,False,Financial Account Information,False,,ambiguous,True,no,8024,likely_non_responsive,bde_llm_count,False,False,0,0,0,0,0,0,3.563,True,False,False,stage1_nr,False,,,0,False,,False,,8024
CNG_Data2k_variance/files/Q00897.01-0000059660.PDF,Q00897.01-0000059660.PDF,.pdf,324779,ok,True,True,text,True,1,0,16,False,0,False,10-20,Address | Email | Phone | Money/Amount,True,Contact Information | Financial Account Information,False,,ambiguous,True,yes,8450,standard,bde_llm_count,True,True,1,0,0,0,0,1,10.235,False,False,True,,True,likely_no,no,4670,False,likely_non_responsive,True,,13120
CNG_Data2k_variance/files/Q00897.01-0000629879.MSG,Q00897.01-0000629879.MSG,.msg,115712,ok,True,False,text,False,0,1,3,False,0,False,0-10,Name | Address | Email | Phone | Card/Transaction | Money/Amount,True,Contact Information | Financial Account Information,False,,ambiguous,True,yes,4360,standard,,False,False,0,0,0,0,0,0,3.325,False,False,True,,True,likely_yes,yes,4449,False,standard,False,,8809
CNG_Data2k_variance/files/Q00897.01-0000268919.PDF,Q00897.01-0000268919.PDF,.pdf,237351,ok,True,True,text,True,15,0,124,False,1,False,100+,Name | Money/Amount,False,Financial Account Information,False,,ambiguous,True,yes,14672,standard,bde_llm_count,True,True,15,0,0,0,0,1,11.815,False,False,True,,True,likely_no,no,7818,True,likely_non_responsive,True,,22490
CNG_Data2k_variance/files/Q00897.01-0000848666.0001.XLSX,Q00897.01-0000848666.0001.XLSX,.xlsx,10024,ok,True,True,text,True,1,0,4,False,4,False,0-10,Name | Email,True,Contact Information,False,,ambiguous,True,yes,6989,standard,bde_llm_count_roster,False,False,0,0,0,0,0,0,64.906,False,False,True,,True,likely_yes,yes,3985,False,standard,False,,10974
CNG_Data2k_variance\files\Q00897.01-0000852152.XLS,Q00897.01-0000852152.XLS,.xls,22154,ok,True,True,text,True,1,0,66,False,0,False,50-100,Money/Amount,False,Financial Account Information,False,,ambiguous,True,no,7295,likely_non_responsive,roster_by_rowcount bde_llm_count,False,False,0,0,0,0,0,0,2.761,True,False,False,stage1_nr,False,,,0,False,,False,,7295
CNG_Data2k_variance/files/Q00897.01-0000068885.PDF,Q00897.01-0000068885.PDF,.pdf,751057,ok,True,True,text,True,2,0,7,False,1,False,0-10,Name | Address | Tax ID | Money/Amount,True,Contact Information | Government-Issued Identification | Financial Account Information,False,,ambiguous,True,yes,12560,standard,bde_llm_count,True,True,2,0,0,0,0,1,9.995,False,False,True,,True,likely_no,no,6749,False,likely_non_responsive,True,,19309
CNG_Data2k_variance/files/Q00897.01-0000656043.0001.PDF,Q00897.01-0000656043.0001.PDF,.pdf,381815,ok,True,False,text,False,25,0,2,False,0,False,0-10,Address | Phone | Card/Transaction | Money/Amount | Work-Related,True,Contact Information | Financial Account Information | Work-Related Information,False,,ambiguous,True,no,9216,likely_non_responsive,"img_ocr:p3,p4(2/2,+32chars)",False,False,0,2,2,2,0,2,11.394,True,False,False,stage1_nr,False,,,0,False,,False,,9216
CNG_Data2k_variance/files/Q00897.01-0000913209.PDF,Q00897.01-0000913209.PDF,.pdf,57568,ok,True,False,text,False,3,0,3,False,0,False,0-10,SSN | Alien Registration | Money/Amount,True,Government-Issued Identification | Financial Account Information,False,,clear_responsive,False,,0,standard,,True,True,3,0,0,0,0,1,7.683,False,False,True,,True,clear_yes,yes,5039,False,standard,False,,5039
CNG_Data2k_variance/files/Q00897.01-0000689235.MSG,Q00897.01-0000689235.MSG,.msg,261120,ok,True,False,text,False,0,0,1,False,0,False,0-10,Name | Address | Phone | Card/Transaction | Money/Amount,True,Contact Information | Financial Account Information,False,,ambiguous,True,yes,4162,standard,,False,False,0,0,0,0,0,0,3.554,False,False,True,,True,likely_no,no,4228,False,likely_non_responsive,True,,8390
CNG_Data2k_variance/files/Q00897.01-0000834832.0001.PDF,Q00897.01-0000834832.0001.PDF,.pdf,216879,ok,True,False,text,False,1,0,0,False,0,False,0-10,,False,,False,,clear_non_responsive,False,,0,likely_non_responsive,,True,True,1,0,0,0,0,1,4.959,True,False,False,stage1_nr,False,,,0,False,,False,,0
CNG_Data2k_variance/files/Q00897.01-0000797109.MSG,Q00897.01-0000797109.MSG,.msg,698880,ok,True,False,text,False,0,2,6,False,0,False,0-10,Name | Address | Email | Phone | Money/Amount,True,Contact Information | Financial Account Information,False,,ambiguous,True,yes,6893,standard,,False,False,0,0,0,0,0,0,4.876,False,False,True,,True,likely_yes,yes,6903,False,standard,False,,13796
CNG_Data2k_variance/files/Q00897.01-0000607143.MSG,Q00897.01-0000607143.MSG,.msg,210432,ok,True,False,text,False,0,0,2,False,0,False,0-10,Address | Email | Phone | Credentials,True,Contact Information | Access Credentials,False,,ambiguous,True,no,3947,likely_non_responsive,,False,False,0,0,0,0,0,0,2.058,True,False,False,stage1_nr,False,,,0,False,,False,,3947
CNG_Data2k_variance/files/Q00897.01-0000818388.MSG,Q00897.01-0000818388.MSG,.msg,1098752,ok,True,False,text,False,0,2,3,False,0,False,0-10,Name | Phone,True,Contact Information,False,,ambiguous,True,yes,4042,standard,,False,False,0,0,0,0,0,0,3.003,False,False,True,,True,likely_no,no,4113,False,likely_non_responsive,True,,8155
CNG_Data2k_variance/files/Q00897.01-0000279863.PDF,Q00897.01-0000279863.PDF,.pdf,5883,ok,True,False,text,False,1,0,1,False,0,False,0-10,Name | Address | Phone | Money/Amount | Health,True,Contact Information | Financial Account Information | Health-Related Information,False,,ambiguous,True,yes,3800,standard,,False,False,0,0,0,0,0,0,3.041,False,False,True,,True,likely_yes,yes,3858,False,standard,False,,7658
CNG_Data2k_variance/files/Q00897.01-0000875092.XLSX,Q00897.01-0000875092.XLSX,.xlsx,59624,ok,True,True,text,True,1,0,76,False,76,True,50-100,Name,False,,True,,ambiguous,True,yes,8554,structured_bde,roster_by_rowcount bde_llm_count_roster,False,False,0,0,0,0,0,0,28.635,False,True,True,,True,likely_no,no,4804,True,likely_non_responsive,True,,13358
CNG_Data2k_variance/files/Q00897.01-0000705360.MSG,Q00897.01-0000705360.MSG,.msg,196608,ok,True,False,text,False,0,1,2,False,0,False,0-10,Name | Phone,True,Contact Information,False,,ambiguous,True,yes,4498,standard,,False,False,0,0,0,0,0,0,2.82,False,False,True,,True,borderline,no,4582,False,likely_non_responsive,True,,9080
CNG_Data2k_variance/files/Q00897.01-0000840047.0001.DOCX,Q00897.01-0000840047.0001.DOCX,.docx,486843,ok,True,False,text,False,0,0,5,False,0,False,0-10,Name | Address | Money/Amount | Health | Work-Related,True,Contact Information | Financial Account Information | Health-Related Information | Work-Related Information,False,,ambiguous,True,yes,6362,standard,,False,False,0,0,0,0,0,0,3.287,False,False,True,,True,likely_no,no,6416,False,likely_non_responsive,True,,12778
CNG_Data2k_variance/files/Q00897.01-0000014462.XLSX,Q00897.01-0000014462.XLSX,.xlsx,29358,ok,True,True,text,True,3,0,151,False,151,True,100+,Name | Address | Money/Amount | Credentials | Work-Related,True,Contact Information | Financial Account Information | Access Credentials | Work-Related Information,True,,ambiguous,True,yes,7698,structured_bde,roster_by_rowcount bde_llm_count_roster,False,False,0,0,0,0,0,0,5.177,False,True,True,,True,likely_yes,yes,4321,True,structured_bde,False,,12019
CNG_Data2k_variance/files/Q00897.01-0000474289.MSG,Q00897.01-0000474289.MSG,.msg,180224,ok,True,False,text,False,0,1,5,False,0,False,0-10,Name | Address | Email | Phone | Card/Transaction,True,Contact Information | Financial Account Information,False,,ambiguous,True,yes,7782,standard,,False,False,0,0,0,0,0,0,4.646,False,False,True,,True,likely_yes,yes,7856,False,standard,False,,15638
CNG_Data2k_variance/files/Q00897.01-0000474340.0001.XML,Q00897.01-0000474340.0001.XML,.xml,5047,ok,True,False,text,False,0,0,0,False,0,False,0-10,,False,,False,,clear_non_responsive,False,,0,likely_non_responsive,,False,False,0,0,0,0,0,0,0.018,True,False,False,stage1_nr,False,,,0,False,,False,,0
CNG_Data2k_variance/files/Q00897.01-0000083393.PDF,Q00897.01-0000083393.PDF,.pdf,485549,ok,True,True,text,True,1,0,8,False,0,False,0-10,Phone | SSN | Money/Amount,True,Contact Information | Government-Issued Identification | Financial Account Information,False,,clear_responsive,False,,3544,standard,bde_llm_count,True,True,1,0,0,0,0,1,7.444,False,False,True,,True,clear_no,no,4395,False,likely_non_responsive,True,,7939
CNG_Data2k_variance/files/Q00897.01-0000818472.0003.PDF,Q00897.01-0000818472.0003.PDF,.pdf,400078,ok,True,False,text,False,11,0,1,False,0,False,0-10,Name | Address | Money/Amount | Work-Related,True,Contact Information | Financial Account Information | Work-Related Information,False,,ambiguous,True,no,8694,likely_non_responsive,,True,True,11,0,0,0,0,1,9.453,True,False,False,stage1_nr,False,,,0,False,,False,,8694
CNG_Data2k_variance/files/Q00897.01-0000370019.MSG,Q00897.01-0000370019.MSG,.msg,222208,ok,True,False,text,False,0,0,1,False,0,False,0-10,Address | Email | Health,True,Contact Information | Health-Related Information,False,,ambiguous,True,no,4211,likely_non_responsive,,False,False,0,0,0,0,0,0,61.183,True,False,False,stage1_nr,False,,,0,False,,False,,4211
CNG_Data2k_variance/files/Q00897.01-0000014792.PDF,Q00897.01-0000014792.PDF,.pdf,296727,ok,True,False,text,False,1,0,2,False,0,False,0-10,Name | Address | Email | Phone | SSN | Money/Amount | Work-Related,True,Contact Information | Government-Issued Identification | Financial Account Information | Work-Related Information,False,,clear_responsive,False,,0,standard,,False,False,0,0,0,0,0,0,1.596,False,False,True,,True,clear_yes,yes,4302,False,standard,False,,4302
CNG_Data2k_variance/files/Q00897.01-0000013412.PDF,Q00897.01-0000013412.PDF,.pdf,358079,ok,True,True,text,True,1,0,20,False,1,False,10-20,Name | Address | Email | Phone | SSN | Date of Birth | Money/Amount | Work-Related,True,Contact Information | Government-Issued Identification | Birth Information | Financial Account Information | Work-Related Information,False,,clear_responsive,False,,3228,standard,bde_llm_count,True,True,1,0,0,0,0,1,8.393,False,False,True,,True,clear_yes,yes,4071,False,standard,False,,7299
CNG_Data2k_variance/files/Q00897.01-0000654852.0001.0001.XLSX,Q00897.01-0000654852.0001.0001.XLSX,.xlsx,11440,ok,True,True,text,True,1,0,14,False,0,False,10-20,Phone,True,Contact Information,False,,ambiguous,True,no,8064,likely_non_responsive,bde_llm_count,False,False,0,0,0,0,0,0,3.511,True,False,False,stage1_nr,False,,,0,False,,False,,8064
CNG_Data2k_variance/files/Q00897.01-0000549515.0001.XLSX,Q00897.01-0000549515.0001.XLSX,.xlsx,57875,ok,True,True,text,True,1,0,415,False,415,True,100+,Phone | Money/Amount,True,Contact Information | Financial Account Information,True,,ambiguous,True,no,17883,structured_bde,roster_by_rowcount bde_llm_count_roster,False,False,0,0,0,0,0,0,4.239,False,True,True,,True,clear_no,no,9388,True,likely_non_responsive,True,,27271
CNG_Data2k_variance/files/Q00897.01-0000245549.PDF,Q00897.01-0000245549.PDF,.pdf,299287,ok,True,False,text,False,2,0,2,False,0,False,0-10,Phone | Money/Amount,True,Contact Information | Financial Account Information,False,,ambiguous,True,no,4066,likely_non_responsive,"img_ocr:p2(1/1,+4chars)",False,False,0,1,1,1,0,1,5.694,True,False,False,stage1_nr,False,,,0,False,,False,,4066
CNG_Data2k_variance/files/Q00897.01-0000326041.PDF,Q00897.01-0000326041.PDF,.pdf,96168,ok,True,True,text,True,2,0,1,False,0,False,0-10,Address | Money/Amount,True,Contact Information | Financial Account Information,False,,ambiguous,True,no,9145,likely_non_responsive,bde_llm_count,True,True,2,0,0,0,0,1,8.365,True,False,False,stage1_nr,False,,,0,False,,False,,9145
CNG_Data2k_variance/files/Q00897.01-0000909515.PDF,Q00897.01-0000909515.PDF,.pdf,6271480,ok,True,False,text,False,705,0,510,False,510,True,100+,Address | Phone | SSN | Money/Amount | Work-Related,True,Contact Information | Government-Issued Identification | Financial Account Information | Work-Related Information,True,,clear_responsive,False,,14343,bde,bde_llm_count_roster,False,False,0,0,0,0,0,0,118.557,False,True,True,,True,clear_yes,yes,15377,True,bde,False,,29720
CNG_Data2k_variance/files/Q00897.01-0000282409.PDF,Q00897.01-0000282409.PDF,.pdf,156373,ok,True,True,text,True,1,0,4,False,1,False,0-10,Name | Address | Phone | Money/Amount | Health,True,Contact Information | Financial Account Information | Health-Related Information,False,,ambiguous,True,yes,7034,standard,bde_llm_count,True,True,1,0,0,0,0,1,13.238,False,False,True,,True,likely_no,no,4015,False,likely_non_responsive,True,,11049
CNG_Data2k_variance\files\Q00897.01-0000021379.XLS,Q00897.01-0000021379.XLS,.xls,71844,ok,True,True,text,True,2,0,3,False,3,False,0-10,Name | Phone | Money/Amount,True,Contact Information | Financial Account Information,False,,ambiguous,True,yes,7697,standard,bde_llm_count,False,False,0,0,0,0,0,0,4.336,False,False,True,,True,clear_yes,yes,4326,False,standard,False,,12023
CNG_Data2k_variance/files/Q00897.01-0000213347.PDF,Q00897.01-0000213347.PDF,.pdf,49371,ok,True,False,text,False,1,0,1,False,0,False,0-10,Address | Money/Amount,True,Contact Information | Financial Account Information,False,,ambiguous,True,no,4370,likely_non_responsive,"img_ocr:p1(1/1,+13chars)",False,False,0,1,1,1,0,1,5.864,True,False,False,stage1_nr,False,,,0,False,,False,,4370
CNG_Data2k_variance/files/Q00897.01-0000776620.0001.PDF,Q00897.01-0000776620.0001.PDF,.pdf,299747,ok,True,False,text,False,127,0,3,False,0,False,0-10,Name | Address | Phone | Date of Birth | Account Balance | Money/Amount | Health | Work-Related,True,Contact Information | Birth Information | Financial Account Information | Health-Related Information | Work-Related Information,False,,ambiguous,True,no,9002,likely_non_responsive,,False,False,0,0,0,0,0,0,2.81,True,False,False,stage1_nr,False,,,0,False,,False,,9002
CNG_Data2k_variance/files/Q00897.01-0000646328.0001.HTM,Q00897.01-0000646328.0001.HTM,.htm,41441,ok,True,False,text,False,0,0,0,False,0,False,0-10,,False,,False,,clear_non_responsive,False,,0,likely_non_responsive,,False,False,0,0,0,0,0,0,0.034,True,False,False,stage1_nr,False,,,0,False,,False,,0
CNG_Data2k_variance/files/Q00897.01-0000854738.XLSX,Q00897.01-0000854738.XLSX,.xlsx,17780,ok,True,True,text,True,3,0,1,False,1,False,0-10,Name | Money/Amount,False,Financial Account Information,False,,ambiguous,True,yes,8197,standard,bde_llm_count,False,False,0,0,0,0,0,0,5.76,False,False,True,,True,clear_yes,yes,4567,False,standard,False,,12764
CNG_Data2k_variance/files/Q00897.01-0000887334.PDF,Q00897.01-0000887334.PDF,.pdf,59982,ok,True,False,text,False,1,0,3,False,0,False,0-10,Name | Address | Email | Phone | Money/Amount | Demographic,True,Contact Information | Financial Account Information | Demographic Information,False,,ambiguous,True,yes,4420,standard,,False,False,0,0,0,0,0,0,3.281,False,False,True,,True,likely_no,no,4471,False,likely_non_responsive,True,,8891
CNG_Data2k_variance/files/Q00897.01-0000672756.MSG,Q00897.01-0000672756.MSG,.msg,140288,ok,True,False,text,False,0,1,1,False,0,False,0-10,Name | Money/Amount,True,Financial Account Information,False,,ambiguous,True,no,3839,likely_non_responsive,,False,False,0,0,0,0,0,0,1.515,True,False,False,stage1_nr,False,,,0,False,,False,,3839
CNG_Data2k_variance/files/Q00897.01-0000734071.MSG,Q00897.01-0000734071.MSG,.msg,176128,ok,True,False,text,False,0,0,2,False,0,False,0-10,Name | Email | Phone,True,Contact Information,False,,ambiguous,True,no,4035,likely_non_responsive,,False,False,0,0,0,0,0,0,1.409,True,False,False,stage1_nr,False,,,0,False,,False,,4035
CNG_Data2k_variance/files/Q00897.01-0000650714.MSG,Q00897.01-0000650714.MSG,.msg,17408,ok,True,False,text,False,0,0,0,False,0,False,0-10,,False,,False,,clear_non_responsive,False,,0,likely_non_responsive,,False,False,0,0,0,0,0,0,0.046,True,False,False,stage1_nr,False,,,0,False,,False,,0
CNG_Data2k_variance/files/Q00897.01-0000407149.MSG,Q00897.01-0000407149.MSG,.msg,148480,ok,True,False,text,False,0,2,6,False,0,False,0-10,Name | Address | Email | Phone | Money/Amount | Work-Related,True,Contact Information | Financial Account Information | Work-Related Information,False,,ambiguous,True,yes,5242,standard,,False,False,0,0,0,0,0,0,3.598,False,False,True,,True,likely_yes,yes,5307,False,standard,False,,10549
CNG_Data2k_variance/files/Q00897.01-0000563176.0001.XLSX,Q00897.01-0000563176.0001.XLSX,.xlsx,72034,ok,True,True,text,True,1,0,52,False,0,False,50-100,Phone | Money/Amount,True,Contact Information | Financial Account Information,False,,ambiguous,True,no,14250,likely_non_responsive,bde_llm_count,False,False,0,0,0,0,0,0,2.881,True,False,False,stage1_nr,False,,,0,False,,False,,14250
CNG_Data2k_variance/files/Q00897.01-0000729336.MSG,Q00897.01-0000729336.MSG,.msg,188928,ok,True,False,text,False,0,0,2,False,0,False,0-10,Name | Address | Email | Money/Amount,True,Contact Information | Financial Account Information,False,,ambiguous,True,yes,4899,standard,,False,False,0,0,0,0,0,0,3.252,False,False,True,,True,likely_no,no,4958,False,likely_non_responsive,True,,9857
CNG_Data2k_variance/files/Q00897.01-0000488190.0001.PDF,Q00897.01-0000488190.0001.PDF,.pdf,153059,ok,True,False,text,False,3,0,0,False,0,False,0-10,,False,,False,,clear_non_responsive,False,,0,likely_non_responsive,,False,False,0,0,0,0,0,0,0.527,True,False,False,stage1_nr,False,,,0,False,,False,,0
CNG_Data2k_variance/files/Q00897.01-0000000936.PDF,Q00897.01-0000000936.PDF,.pdf,63659,ok,True,False,text,False,1,0,1,False,0,False,0-10,Name | Address | Date of Birth,True,Contact Information | Birth Information,False,,ambiguous,True,yes,3876,standard,,False,False,0,0,0,0,0,0,3.95,False,False,True,,True,clear_yes,yes,3929,False,standard,False,,7805
CNG_Data2k_variance/files/Q00897.01-0000800323.MSG,Q00897.01-0000800323.MSG,.msg,29696,error,False,False,,False,0,0,0,False,0,False,,,False,,False,,,False,,0,review_error,KeyError,False,False,0,0,0,0,0,0,0.517,False,False,False,extract_error,False,,,0,False,,False,,0
CNG_Data2k_variance/files/Q00897.01-0000114162.PDF,Q00897.01-0000114162.PDF,.pdf,6646,ok,True,False,text,False,3,0,1,False,0,False,0-10,Address | Money/Amount | Work-Related,True,Contact Information | Financial Account Information | Work-Related Information,False,,ambiguous,True,no,5370,likely_non_responsive,,False,False,0,0,0,0,0,0,1.995,True,False,False,stage1_nr,False,,,0,False,,False,,5370
CNG_Data2k_variance/files/Q00897.01-0000895891.PDF,Q00897.01-0000895891.PDF,.pdf,15139,ok,True,False,text,False,2,0,1,False,0,False,0-10,Money/Amount,False,Financial Account Information,False,,clear_non_responsive,False,,0,likely_non_responsive,,False,False,0,0,0,0,0,0,0.097,True,False,False,stage1_nr,False,,,0,False,,False,,0
CNG_Data2k_variance/files/Q00897.01-0000244335.PDF,Q00897.01-0000244335.PDF,.pdf,92400,ok,True,False,text,False,1,0,1,False,0,False,0-10,Bank/Account Number | Account Balance | Money/Amount,True,Financial Account Information,False,,ambiguous,True,no,3847,likely_non_responsive,"img_ocr:p1(1/1,+4chars)",False,False,0,1,1,1,0,1,5.443,True,False,False,stage1_nr,False,,,0,False,,False,,3847
CNG_Data2k_variance/files/Q00897.01-0000254273.PDF,Q00897.01-0000254273.PDF,.pdf,146648,ok,True,False,text,False,1,0,1,False,0,False,0-10,Money/Amount,False,Financial Account Information,False,,clear_non_responsive,False,,0,likely_non_responsive,,False,False,0,0,0,0,0,0,0.056,True,False,False,stage1_nr,False,,,0,False,,False,,0
CNG_Data2k_variance/files/Q00897.01-0000415326.MSG,Q00897.01-0000415326.MSG,.msg,152064,ok,True,False,text,False,0,1,2,False,0,False,0-10,Name | Email | Card/Transaction,True,Contact Information | Financial Account Information,False,,ambiguous,True,yes,3991,standard,,False,False,0,0,0,0,0,0,2.657,False,False,True,,True,likely_no,no,4046,False,likely_non_responsive,True,,8037
CNG_Data2k_variance/files/Q00897.01-0000500291.0002.PDF,Q00897.01-0000500291.0002.PDF,.pdf,152614,ok,True,False,text,False,3,0,1,False,0,False,0-10,Money/Amount,False,Financial Account Information,False,,clear_non_responsive,False,,0,likely_non_responsive,"img_ocr:p1,p1(2/2,+22chars)",False,False,0,2,2,2,0,2,8.628,True,False,False,stage1_nr,False,,,0,False,,False,,0
CNG_Data2k_variance/files/Q00897.01-0000846027.MSG,Q00897.01-0000846027.MSG,.msg,49664,ok,True,False,text,False,0,1,11,False,7,False,10-20,Name | Address | Email | Phone,True,Contact Information,False,,ambiguous,True,yes,8801,standard,bde_llm_count,False,False,0,0,0,0,0,0,63.316,False,False,True,,True,likely_no,no,4843,False,likely_non_responsive,True,,13644
CNG_Data2k_variance/files/Q00897.01-0000897330.PDF,Q00897.01-0000897330.PDF,.pdf,71239,ok,True,False,text,False,14,0,2,False,0,False,0-10,Address | SSN | Money/Amount | Work-Related,True,Contact Information | Government-Issued Identification | Financial Account Information | Work-Related Information,False,,clear_responsive,False,,0,standard,,False,False,0,0,0,0,0,0,3.859,False,False,True,,True,clear_yes,yes,14249,False,standard,False,,14249
CNG_Data2k_variance/files/Q00897.01-0000733502.0001.PDF,Q00897.01-0000733502.0001.PDF,.pdf,159504,ok,True,False,text,False,2,0,5,False,0,False,0-10,Name | Email | Phone,True,Contact Information,False,,ambiguous,True,yes,4964,standard,,True,True,2,0,0,0,0,1,11.028,False,False,True,,True,clear_yes,yes,5053,False,standard,False,,10017
CNG_Data2k_variance/files/Q00897.01-0000082086.PDF,Q00897.01-0000082086.PDF,.pdf,601874,ok,True,True,text,True,1,0,17,False,1,False,10-20,Name | Address | Bank/Account Number | Money/Amount,True,Contact Information | Financial Account Information,False,,ambiguous,True,yes,8116,standard,bde_llm_count,True,True,1,0,0,0,0,1,10.024,False,False,True,,True,likely_no,no,4508,False,likely_non_responsive,True,,12624
CNG_Data2k_variance/files/Q00897.01-0000092479.PDF,Q00897.01-0000092479.PDF,.pdf,110057,ok,True,True,text,True,2,0,16,False,1,False,10-20,Name | Address | Phone | Money/Amount,True,Contact Information | Financial Account Information,False,,ambiguous,True,yes,7755,standard,bde_llm_count,True,True,2,0,0,0,0,1,9.742,False,False,True,,True,likely_no,no,4378,False,likely_non_responsive,True,,12133
CNG_Data2k_variance/files/Q00897.01-0000545109.0001.PDF,Q00897.01-0000545109.0001.PDF,.pdf,22624,ok,True,False,text,False,1,0,1,False,0,False,0-10,Money/Amount,False,Financial Account Information,False,,clear_non_responsive,False,,0,likely_non_responsive,,False,False,0,0,0,0,0,0,0.029,True,False,False,stage1_nr,False,,,0,False,,False,,0
CNG_Data2k_variance/files/Q00897.01-0000711582.MSG,Q00897.01-0000711582.MSG,.msg,80896,ok,True,False,text,False,0,0,2,False,0,False,0-10,Address | Email,True,Contact Information,False,,ambiguous,True,no,4148,likely_non_responsive,,False,False,0,0,0,0,0,0,1.787,True,False,False,stage1_nr,False,,,0,False,,False,,4148
CNG_Data2k_variance/files/Q00897.01-0000654587.0001.PNG,Q00897.01-0000654587.0001.PNG,.png,27202,ok,True,True,text,True,1,0,6,False,0,False,0-10,Card/Transaction | Money/Amount,False,Financial Account Information,False,,ambiguous,True,no,7122,likely_non_responsive,bde_llm_count,True,True,1,0,0,0,0,1,6.55,True,False,False,stage1_nr,False,,,0,False,,False,,7122
CNG_Data2k_variance\files\Q00897.01-0000515315.0005.XLS,Q00897.01-0000515315.0005.XLS,.xls,17959,ok,True,True,text,True,3,0,1,False,0,False,0-10,Phone | Money/Amount,True,Contact Information | Financial Account Information,False,,ambiguous,True,no,7570,likely_non_responsive,bde_llm_count,False,False,0,0,0,0,0,0,3.221,True,False,False,stage1_nr,False,,,0,False,,False,,7570
CNG_Data2k_variance/files/Q00897.01-0000893108.PDF,Q00897.01-0000893108.PDF,.pdf,11930,ok,True,False,text,False,1,0,0,False,0,False,0-10,,False,,False,,clear_non_responsive,False,,0,likely_non_responsive,,False,False,0,0,0,0,0,0,0.034,True,False,False,stage1_nr,False,,,0,False,,False,,0
CNG_Data2k_variance/files/Q00897.01-0000289534.PDF,Q00897.01-0000289534.PDF,.pdf,937614,ok,True,False,text,False,4,0,31,False,31,False,20-50,Name | Address | Money/Amount | Health,True,Contact Information | Financial Account Information | Health-Related Information,False,,ambiguous,True,yes,11294,standard,bde_llm_count_roster,False,False,0,0,0,0,0,0,8.131,False,False,True,,True,clear_yes,yes,6248,False,standard,False,,17542
CNG_Data2k_variance/files/Q00897.01-0000707102.MSG,Q00897.01-0000707102.MSG,.msg,157184,ok,True,False,text,False,0,0,0,False,0,False,0-10,,False,,False,,clear_non_responsive,False,,0,likely_non_responsive,,False,False,0,0,0,0,0,0,0.782,True,False,False,stage1_nr,False,,,0,False,,False,,0
CNG_Data2k_variance/files/Q00897.01-0000641978.MSG,Q00897.01-0000641978.MSG,.msg,19968,ok,True,False,text,False,0,0,0,False,0,False,0-10,,False,,False,,clear_non_responsive,False,,0,likely_non_responsive,,False,False,0,0,0,0,0,0,0.03,True,False,False,stage1_nr,False,,,0,False,,False,,0
CNG_Data2k_variance/files/Q00897.01-0000112622.PDF,Q00897.01-0000112622.PDF,.pdf,6418,ok,True,False,text,False,1,0,1,False,0,False,0-10,Name | Address | Health,True,Contact Information | Health-Related Information,False,,ambiguous,True,yes,3961,standard,,False,False,0,0,0,0,0,0,4.45,False,False,True,,True,likely_no,no,4009,False,likely_non_responsive,True,,7970
CNG_Data2k_variance/files/Q00897.01-0000001417.PDF,Q00897.01-0000001417.PDF,.pdf,954546,ok,True,False,text,False,1,0,3,False,0,False,0-10,Name | Address | Email | Phone | SSN | Money/Amount | Work-Related,True,Contact Information | Government-Issued Identification | Financial Account Information | Work-Related Information,False,,clear_responsive,False,,0,standard,,False,False,0,0,0,0,0,0,3.66,False,False,True,,True,clear_yes,yes,8140,False,standard,False,,8140
CNG_Data2k_variance/files/Q00897.01-0000430879.MSG,Q00897.01-0000430879.MSG,.msg,150016,ok,True,False,text,False,0,1,5,False,0,False,0-10,Name | Address | Email | Phone | Money/Amount,True,Contact Information | Financial Account Information,False,,ambiguous,True,yes,5665,standard,,False,False,0,0,0,0,0,0,3.747,False,False,True,,True,likely_no,no,5711,False,likely_non_responsive,True,,11376
CNG_Data2k_variance/files/Q00897.01-0000724866.MSG,Q00897.01-0000724866.MSG,.msg,201728,ok,True,False,text,False,0,1,2,False,0,False,0-10,Phone,True,Contact Information,False,,ambiguous,True,no,4667,likely_non_responsive,,False,False,0,0,0,0,0,0,2.335,True,False,False,stage1_nr,False,,,0,False,,False,,4667
CNG_Data2k_variance/files/Q00897.01-0000838991.MSG,Q00897.01-0000838991.MSG,.msg,207872,ok,True,False,text,False,0,1,11,False,8,False,10-20,Name | Address | Email | Phone | Card/Transaction | Money/Amount | Credentials,True,Contact Information | Financial Account Information | Access Credentials,False,,ambiguous,True,yes,20581,standard,bde_llm_count,False,False,0,0,0,0,0,0,7.737,False,False,True,,True,likely_yes,yes,10802,False,standard,False,,31383
CNG_Data2k_variance/files/Q00897.01-0000706076.MSG,Q00897.01-0000706076.MSG,.msg,179200,ok,True,False,text,False,0,0,1,False,0,False,0-10,Name | Address | Email | Account Balance | Money/Amount,True,Contact Information | Financial Account Information,False,,ambiguous,True,yes,4271,standard,,False,False,0,0,0,0,0,0,3.967,False,False,True,,True,clear_yes,yes,4341,False,standard,False,,8612
CNG_Data2k_variance/files/Q00897.01-0000793476.MSG,Q00897.01-0000793476.MSG,.msg,116736,ok,True,False,text,False,0,0,2,False,0,False,0-10,Address | Email | Phone,True,Contact Information,False,,ambiguous,True,no,3822,likely_non_responsive,,False,False,0,0,0,0,0,0,1.193,True,False,False,stage1_nr,False,,,0,False,,False,,3822
CNG_Data2k_variance/files/Q00897.01-0000486963.0001.XLSX,Q00897.01-0000486963.0001.XLSX,.xlsx,18065,ok,True,True,text,True,1,0,146,False,0,True,100+,Phone,True,Contact Information,True,,ambiguous,True,no,11639,structured_bde,roster_by_rowcount bde_llm_count_roster,False,False,0,0,0,0,0,0,3.218,False,True,True,,True,clear_no,no,6279,True,likely_non_responsive,True,,17918
CNG_Data2k_variance/files/Q00897.01-0000911052.PDF,Q00897.01-0000911052.PDF,.pdf,489030,ok,True,True,text,True,15,0,357,False,14,True,100+,Name | Address | Phone | Money/Amount | Work-Related,True,Contact Information | Financial Account Information | Work-Related Information,True,,ambiguous,True,yes,22876,structured_bde,bde_llm_count_roster,True,True,15,0,0,0,0,1,17.735,False,True,True,,True,clear_yes,yes,11949,True,structured_bde,False,,34825
CNG_Data2k_variance/files/Q00897.01-0000246699.PDF,Q00897.01-0000246699.PDF,.pdf,1107657,ok,True,True,text,True,2,0,25,False,0,False,20-50,Name | Phone | Money/Amount,True,Contact Information | Financial Account Information,False,,ambiguous,True,no,8242,likely_non_responsive,bde_llm_count,True,True,2,0,0,0,0,1,8.462,True,False,False,stage1_nr,False,,,0,False,,False,,8242
CNG_Data2k_variance/files/Q00897.01-0000225901.PDF,Q00897.01-0000225901.PDF,.pdf,958231,ok,True,True,text,True,2,0,4,False,3,False,0-10,Name | Address | Email | Phone | Money/Amount,True,Contact Information | Financial Account Information,False,,ambiguous,True,yes,7826,standard,bde_llm_count,True,True,2,0,0,0,0,1,10.603,False,False,True,,True,likely_no,no,4373,False,likely_non_responsive,True,,12199
CNG_Data2k_variance/files/Q00897.01-0000823702.MSG,Q00897.01-0000823702.MSG,.msg,135680,ok,True,False,text,False,0,1,8,False,4,False,0-10,Name | Address | Email | Phone,True,Contact Information,False,,ambiguous,True,yes,7785,standard,bde_llm_count,False,False,0,0,0,0,0,0,4.485,False,False,True,,True,clear_no,no,4362,False,likely_non_responsive,True,,12147
CNG_Data2k_variance/files/Q00897.01-0000709173.MSG,Q00897.01-0000709173.MSG,.msg,208896,ok,True,False,text,False,0,0,2,False,0,False,0-10,Address | Email | Phone | Money/Amount | Credentials,True,Contact Information | Financial Account Information | Access Credentials,False,,ambiguous,True,no,3997,likely_non_responsive,,False,False,0,0,0,0,0,0,2.421,True,False,False,stage1_nr,False,,,0,False,,False,,3997
CNG_Data2k_variance/files/Q00897.01-0000867531.PDF,Q00897.01-0000867531.PDF,.pdf,91304,ok,True,False,text,False,2,0,1,False,0,False,0-10,Name | Address | Phone,True,Contact Information,False,,ambiguous,True,yes,5003,standard,,False,False,0,0,0,0,0,0,4.845,False,False,True,,True,clear_yes,yes,5026,False,standard,False,,10029
CNG_Data2k_variance/files/Q00897.01-0000277014.PDF,Q00897.01-0000277014.PDF,.pdf,684186,ok,True,True,text,True,3,0,13,False,1,False,10-20,Name | Address | Phone | Money/Amount,True,Contact Information | Financial Account Information,False,,ambiguous,True,yes,7504,standard,bde_llm_count,True,True,3,0,0,0,0,1,9.836,False,False,True,,True,clear_no,no,4240,False,likely_non_responsive,True,,11744
CNG_Data2k_variance/files/Q00897.01-0000269677.XLSX,Q00897.01-0000269677.XLSX,.xlsx,421015,ok,True,True,text,True,3,0,13444,False,0,False,100+,Money/Amount,False,Financial Account Information,False,,ambiguous,True,no,8217,likely_non_responsive,roster_by_rowcount bde_llm_count,False,False,0,0,0,0,0,0,2.847,True,False,False,stage1_nr,False,,,0,False,,False,,8217
CNG_Data2k_variance/files/Q00897.01-0000734897.MSG,Q00897.01-0000734897.MSG,.msg,145920,ok,True,False,text,False,0,1,5,False,0,False,0-10,Name | Address | Email | Phone,True,Contact Information,False,,ambiguous,True,yes,5047,standard,,False,False,0,0,0,0,0,0,6.895,False,False,True,,True,likely_yes,yes,5181,False,standard,False,,10228
CNG_Data2k_variance/files/Q00897.01-0000474264.MSG,Q00897.01-0000474264.MSG,.msg,2164224,ok,True,False,text,False,0,5,5,False,0,False,0-10,Name | Email | Phone | Card/Transaction,True,Contact Information | Financial Account Information,False,,ambiguous,True,yes,5228,standard,,False,False,0,0,0,0,0,0,4.415,False,False,True,,True,likely_yes,yes,5300,False,standard,False,,10528
CNG_Data2k_variance/files/Q00897.01-0000404227.0001.XLSX,Q00897.01-0000404227.0001.XLSX,.xlsx,11404,ok,True,True,text,True,1,0,0,False,0,False,0-10,Money/Amount,False,Financial Account Information,False,,ambiguous,True,no,7693,structured_unreadable,bde_llm_count,False,False,0,0,0,0,0,0,4.139,False,False,True,,True,clear_no,no,4330,False,likely_non_responsive,True,,12023
CNG_Data2k_variance/files/Q00897.01-0000442690.MSG,Q00897.01-0000442690.MSG,.msg,186368,ok,True,False,text,False,0,0,1,False,0,False,0-10,Name | Address | Email | Phone,True,Contact Information,False,,ambiguous,True,yes,4260,standard,,False,False,0,0,0,0,0,0,4.276,False,False,True,,True,borderline,no,4325,False,likely_non_responsive,True,,8585
CNG_Data2k_variance/files/Q00897.01-0000733112.MSG,Q00897.01-0000733112.MSG,.msg,203776,ok,True,False,text,False,0,1,1,False,0,False,0-10,Name | Address | Email | Phone,True,Contact Information,False,,ambiguous,True,no,4410,likely_non_responsive,,False,False,0,0,0,0,0,0,1.981,True,False,False,stage1_nr,False,,,0,False,,False,,4410
CNG_Data2k_variance/files/Q00897.01-0000409273.0001.XLSX,Q00897.01-0000409273.0001.XLSX,.xlsx,128171,ok,True,True,text,True,2,0,254,False,0,False,100+,Phone | Money/Amount,True,Contact Information | Financial Account Information,False,,ambiguous,True,no,13189,likely_non_responsive,roster_by_rowcount bde_llm_count,False,False,0,0,0,0,0,0,4.346,True,False,False,stage1_nr,False,,,0,False,,False,,13189
CNG_Data2k_variance/files/Q00897.01-0000900279.PDF,Q00897.01-0000900279.PDF,.pdf,15706,ok,True,False,text,False,2,0,1,False,0,False,0-10,Money/Amount,False,Financial Account Information,False,,clear_non_responsive,False,,0,likely_non_responsive,,False,False,0,0,0,0,0,0,0.073,True,False,False,stage1_nr,False,,,0,False,,False,,0
CNG_Data2k_variance/files/Q00897.01-0000341762.PDF,Q00897.01-0000341762.PDF,.pdf,128395,ok,True,True,text,True,2,0,11,False,1,False,10-20,Name | Email | Phone | Account Balance | Money/Amount,True,Contact Information | Financial Account Information,False,,ambiguous,True,yes,7569,standard,bde_llm_count,True,True,2,0,0,0,0,1,9.077,False,False,True,,True,likely_no,no,4306,False,likely_non_responsive,True,,11875
CNG_Data2k_variance/files/Q00897.01-0000251617.XLSX,Q00897.01-0000251617.XLSX,.xlsx,24811,ok,True,True,text,True,1,0,3,False,0,False,0-10,Name | Phone | Money/Amount,True,Contact Information | Financial Account Information,False,,ambiguous,True,no,8080,likely_non_responsive,bde_llm_count,False,False,0,0,0,0,0,0,2.61,True,False,False,stage1_nr,False,,,0,False,,False,,8080
CNG_Data2k_variance/files/Q00897.01-0000533007.0001.PDF,Q00897.01-0000533007.0001.PDF,.pdf,25006,ok,True,False,text,False,2,0,0,False,0,False,0-10,,False,,False,,clear_non_responsive,False,,0,likely_non_responsive,,False,False,0,0,0,0,0,0,0.029,True,False,False,stage1_nr,False,,,0,False,,False,,0
CNG_Data2k_variance/files/Q00897.01-0000561229.0001.PDF,Q00897.01-0000561229.0001.PDF,.pdf,20971,ok,True,False,text,False,1,0,0,False,0,False,0-10,,False,,False,,clear_non_responsive,False,,0,likely_non_responsive,,False,False,0,0,0,0,0,0,0.028,True,False,False,stage1_nr,False,,,0,False,,False,,0
CNG_Data2k_variance/files/Q00897.01-0000268969.XLSX,Q00897.01-0000268969.XLSX,.xlsx,276758,ok,True,True,text,True,2,0,10038,False,0,False,100+,Phone | Money/Amount,True,Contact Information | Financial Account Information,False,,ambiguous,True,no,8365,likely_non_responsive,roster_by_rowcount bde_llm_count,False,False,0,0,0,0,0,0,2.709,True,False,False,stage1_nr,False,,,0,False,,False,,8365
CNG_Data2k_variance/files/Q00897.01-0000284230.PDF,Q00897.01-0000284230.PDF,.pdf,285045,ok,True,True,text,True,2,0,8,False,1,False,0-10,Name | Address | Phone | Bank/Account Number | Money/Amount,True,Contact Information | Financial Account Information,False,,ambiguous,True,yes,8938,standard,bde_llm_count,True,True,2,0,0,0,0,1,10.942,False,False,True,,True,clear_yes,yes,4926,False,standard,False,,13864
CNG_Data2k_variance/files/Q00897.01-0000838522.0002.PDF,Q00897.01-0000838522.0002.PDF,.pdf,173094,ok,True,False,text,False,11,0,1,False,0,False,0-10,Name | Address | Money/Amount,True,Contact Information | Financial Account Information,False,,ambiguous,True,no,9506,likely_non_responsive,,False,False,0,0,0,0,0,0,2.536,True,False,False,stage1_nr,False,,,0,False,,False,,9506
CNG_Data2k_variance/files/Q00897.01-0000563572.0001.XLSX,Q00897.01-0000563572.0001.XLSX,.xlsx,64485,ok,True,True,text,True,1,0,467,False,0,False,100+,Payment Card | Money/Amount,True,Financial Account Information,False,,ambiguous,True,no,17906,likely_non_responsive,roster_by_rowcount bde_llm_count,False,False,0,0,0,0,0,0,5.256,True,False,False,stage1_nr,False,,,0,False,,False,,17906
CNG_Data2k_variance/files/Q00897.01-0000130766.PDF,Q00897.01-0000130766.PDF,.pdf,126343,ok,True,True,text,True,1,0,36,False,0,False,20-50,Email | Phone | Money/Amount,True,Contact Information | Financial Account Information,False,,ambiguous,True,no,7385,likely_non_responsive,bde_llm_count,True,True,1,0,0,0,0,1,10.885,True,False,False,stage1_nr,False,,,0,False,,False,,7385
CNG_Data2k_variance/files/Q00897.01-0000827228.0014.XLSX,Q00897.01-0000827228.0014.XLSX,.xlsx,15445,ok,True,True,text,True,2,0,89,False,0,False,50-100,Phone | Money/Amount,True,Contact Information | Financial Account Information,False,,ambiguous,True,no,8274,likely_non_responsive,roster_by_rowcount bde_llm_count,False,False,0,0,0,0,0,0,3.348,True,False,False,stage1_nr,False,,,0,False,,False,,8274
CNG_Data2k_variance/files/Q00897.01-0000547964.0001.PDF,Q00897.01-0000547964.0001.PDF,.pdf,695951,ok,True,False,text,False,4,0,1,False,0,False,0-10,Money/Amount,False,Financial Account Information,False,,clear_non_responsive,False,,0,likely_non_responsive,,False,False,0,0,0,0,0,0,3.473,True,False,False,stage1_nr,False,,,0,False,,False,,0
CNG_Data2k_variance/files/Q00897.01-0000911082.PDF,Q00897.01-0000911082.PDF,.pdf,22448,ok,True,False,text,False,6,0,1,False,0,False,0-10,Name | Address | Phone | Money/Amount,True,Contact Information | Financial Account Information,False,,ambiguous,True,yes,6270,standard,,False,False,0,0,0,0,0,0,2.502,False,False,True,,True,borderline,no,6358,False,likely_non_responsive,True,,12628
CNG_Data2k_variance/files/Q00897.01-0000294230.XLSX,Q00897.01-0000294230.XLSX,.xlsx,10829,ok,True,True,text,True,1,0,0,False,0,False,0-10,Work-Related,False,Work-Related Information,False,,ambiguous,True,no,6904,structured_unreadable,bde_llm_count,False,False,0,0,0,0,0,0,3.295,False,False,True,,True,clear_no,no,3940,False,likely_non_responsive,True,,10844
CNG_Data2k_variance/files/Q00897.01-0000011086.PDF,Q00897.01-0000011086.PDF,.pdf,271971,ok,True,False,text,False,1,0,5,False,0,False,0-10,Name | Email | Work-Related,True,Contact Information | Work-Related Information,False,,ambiguous,True,yes,4157,standard,,False,False,0,0,0,0,0,0,3.486,False,False,True,,True,likely_yes,yes,4217,False,standard,False,,8374
CNG_Data2k_variance/files/Q00897.01-0000260202.PDF,Q00897.01-0000260202.PDF,.pdf,3255956,ok,True,True,text,True,15,0,777,False,6,False,100+,Name | Address | Money/Amount,True,Contact Information | Financial Account Information,False,,ambiguous,True,yes,32104,standard,bde_llm_count,True,True,15,0,0,0,0,1,19.1,False,False,True,,True,likely_yes,yes,16575,True,structured_bde,False,,48679
CNG_Data2k_variance/files/Q00897.01-0000793286.MSG,Q00897.01-0000793286.MSG,.msg,165376,ok,True,False,text,False,0,4,4,False,0,False,0-10,Name | Address | Email | Phone,True,Contact Information,False,,ambiguous,True,no,4482,likely_non_responsive,,False,False,0,0,0,0,0,0,1.768,True,False,False,stage1_nr,False,,,0,False,,False,,4482
CNG_Data2k_variance/files/Q00897.01-0000898804.PDF,Q00897.01-0000898804.PDF,.pdf,11090,ok,True,False,text,False,2,0,1,False,0,False,0-10,Money/Amount,False,Financial Account Information,False,,clear_non_responsive,False,,0,likely_non_responsive,,False,False,0,0,0,0,0,0,0.079,True,False,False,stage1_nr,False,,,0,False,,False,,0
CNG_Data2k_variance/files/Q00897.01-0000612143.MSG,Q00897.01-0000612143.MSG,.msg,1189888,ok,True,False,text,False,0,5,3,False,0,False,0-10,Name | Address | Email | Phone | Card/Transaction,True,Contact Information | Financial Account Information,False,,ambiguous,True,yes,5174,standard,,False,False,0,0,0,0,0,0,4.022,False,False,True,,True,likely_no,no,5244,False,likely_non_responsive,True,,10418
CNG_Data2k_variance/files/Q00897.01-0000541392.0001.PDF,Q00897.01-0000541392.0001.PDF,.pdf,22670,ok,True,False,text,False,1,0,1,False,0,False,0-10,Money/Amount,False,Financial Account Information,False,,clear_non_responsive,False,,0,likely_non_responsive,,False,False,0,0,0,0,0,0,0.041,True,False,False,stage1_nr,False,,,0,False,,False,,0
CNG_Data2k_variance/files/Q00897.01-0000678601.MSG,Q00897.01-0000678601.MSG,.msg,252928,ok,True,False,text,False,0,0,2,False,0,False,0-10,Address | Email | Money/Amount | Work-Related,True,Contact Information | Financial Account Information | Work-Related Information,False,,ambiguous,True,no,5454,likely_non_responsive,,False,False,0,0,0,0,0,0,3.48,True,False,False,stage1_nr,False,,,0,False,,False,,5454
CNG_Data2k_variance/files/Q00897.01-0000056779.PDF,Q00897.01-0000056779.PDF,.pdf,668349,ok,True,True,text,True,2,0,26,False,1,False,20-50,Address | Phone | Money/Amount,True,Contact Information | Financial Account Information,False,,ambiguous,True,no,8449,likely_non_responsive,bde_llm_count,True,True,2,0,0,0,0,1,8.114,True,False,False,stage1_nr,False,,,0,False,,False,,8449
CNG_Data2k_variance/files/Q00897.01-0000121413.XLSX,Q00897.01-0000121413.XLSX,.xlsx,19277,ok,True,True,text,True,3,0,78,False,2,False,50-100,Name | Money/Amount,False,Financial Account Information,False,,ambiguous,True,yes,7859,standard,roster_by_rowcount bde_llm_count,False,False,0,0,0,0,0,0,3.904,False,False,True,,True,clear_no,no,4373,True,likely_non_responsive,True,,12232
CNG_Data2k_variance/files/Q00897.01-0000903528.PDF,Q00897.01-0000903528.PDF,.pdf,12773,ok,True,False,text,False,2,0,1,False,0,False,0-10,Money/Amount,False,Financial Account Information,False,,clear_non_responsive,False,,0,likely_non_responsive,,False,False,0,0,0,0,0,0,0.134,True,False,False,stage1_nr,False,,,0,False,,False,,0
CNG_Data2k_variance/files/Q00897.01-0000846308.MSG,Q00897.01-0000846308.MSG,.msg,94208,ok,True,False,text,False,0,1,6,False,0,False,0-10,Name | Address | Email | Phone,True,Contact Information,False,,ambiguous,True,yes,5002,standard,,False,False,0,0,0,0,0,0,64.352,False,False,True,,True,likely_no,no,5023,False,likely_non_responsive,True,,10025
CNG_Data2k_variance/files/Q00897.01-0000255259.XLSX,Q00897.01-0000255259.XLSX,.xlsx,65523,ok,True,True,text,True,9,0,196,False,7,True,100+,Name | Phone | Money/Amount,True,Contact Information | Financial Account Information,True,,ambiguous,True,yes,8264,structured_bde,roster_by_rowcount bde_llm_count_roster,False,False,0,0,0,0,0,0,4.566,False,True,True,,True,likely_yes,yes,4609,True,structured_bde,False,,12873
CNG_Data2k_variance/files/Q00897.01-0000757726.MSG,Q00897.01-0000757726.MSG,.msg,105984,ok,True,False,text,False,0,1,1,False,0,False,0-10,Phone | Credentials,True,Contact Information | Access Credentials,False,,ambiguous,True,no,4381,likely_non_responsive,,False,False,0,0,0,0,0,0,1.509,True,False,False,stage1_nr,False,,,0,False,,False,,4381
CNG_Data2k_variance/files/Q00897.01-0000346830.PDF,Q00897.01-0000346830.PDF,.pdf,20890,ok,True,False,text,False,3,0,1,False,0,False,0-10,Address | Money/Amount,True,Contact Information | Financial Account Information,False,,ambiguous,True,yes,4883,standard,,False,False,0,0,0,0,0,0,2.467,False,False,True,,True,clear_yes,yes,4947,False,standard,False,,9830
CNG_Data2k_variance/files/Q00897.01-0000833799.MSG,Q00897.01-0000833799.MSG,.msg,777216,ok,True,False,text,False,0,8,6,False,0,False,0-10,Name | Address | Email | Phone,True,Contact Information,False,,ambiguous,True,yes,4282,standard,,False,False,0,0,0,0,0,0,4.565,False,False,True,,True,likely_no,no,4370,False,likely_non_responsive,True,,8652
CNG_Data2k_variance/files/Q00897.01-0000264950.CSV,Q00897.01-0000264950.CSV,.csv,636309,ok,True,True,text,True,0,0,98,False,0,False,50-100,Payment Card | Card/Transaction,True,Financial Account Information,False,,ambiguous,True,no,11512,likely_non_responsive,bde_llm_count,False,False,0,0,0,0,0,0,2.659,True,False,False,stage1_nr,False,,,0,False,,False,,11512
CNG_Data2k_variance/files/Q00897.01-0000390262.MSG,Q00897.01-0000390262.MSG,.msg,95744,ok,True,False,text,False,0,0,1,False,0,False,0-10,Name | Email | Phone | Card/Transaction,True,Contact Information | Financial Account Information,False,,ambiguous,True,yes,4148,standard,,False,False,0,0,0,0,0,0,4.312,False,False,True,,True,likely_yes,yes,4215,False,standard,False,,8363
CNG_Data2k_variance/files/Q00897.01-0000916435.DOCX,Q00897.01-0000916435.DOCX,.docx,19180,ok,True,False,text,False,0,0,1,False,0,False,0-10,Money/Amount | Work-Related,False,Financial Account Information | Work-Related Information,False,,ambiguous,True,no,4588,likely_non_responsive,,False,False,0,0,0,0,0,0,1.247,True,False,False,stage1_nr,False,,,0,False,,False,,4588
CNG_Data2k_variance/files/Q00897.01-0000304516.XLSM,Q00897.01-0000304516.XLSM,.xlsm,377483,ok,True,True,text,True,7,0,282,False,282,True,100+,Name,False,,True,,ambiguous,True,yes,7847,structured_bde,bde_llm_count_roster,False,False,0,0,0,0,0,0,8.872,False,True,True,,True,likely_no,no,4549,True,likely_non_responsive,True,,12396
CNG_Data2k_variance/files/Q00897.01-0000896381.PDF,Q00897.01-0000896381.PDF,.pdf,63588,ok,True,False,text,False,13,0,3,False,0,False,0-10,Name | Address | Phone | Money/Amount | Work-Related,True,Contact Information | Financial Account Information | Work-Related Information,False,,ambiguous,True,yes,14078,standard,,False,False,0,0,0,0,0,0,5.38,False,False,True,,True,clear_yes,yes,14102,False,standard,False,,28180
CNG_Data2k_variance/files/Q00897.01-0000910568.PDF,Q00897.01-0000910568.PDF,.pdf,241128,ok,True,False,text,False,42,0,1,False,0,False,0-10,Money/Amount,False,Financial Account Information,False,,clear_non_responsive,False,,0,likely_non_responsive,,False,False,0,0,0,0,0,0,3.03,True,False,False,stage1_nr,False,,,0,False,,False,,0
CNG_Data2k_variance/files/Q00897.01-0000009020.PDF,Q00897.01-0000009020.PDF,.pdf,795990,ok,True,False,text,False,5,0,2,False,0,False,0-10,Name | Money/Amount | Work-Related,False,Financial Account Information | Work-Related Information,False,,ambiguous,True,yes,12964,standard,"img_ocr:none(2 calls,0 chars)",False,False,0,2,2,0,0,2,13.307,False,False,True,,True,clear_yes,yes,13051,False,standard,False,,26015
CNG_Data2k_variance/files/Q00897.01-0000673351.0001.PDF,Q00897.01-0000673351.0001.PDF,.pdf,2842,ok,True,False,text,False,1,0,1,False,0,False,0-10,Address | Money/Amount,True,Contact Information | Financial Account Information,False,,ambiguous,True,no,3904,likely_non_responsive,,False,False,0,0,0,0,0,0,1.244,True,False,False,stage1_nr,False,,,0,False,,False,,3904
CNG_Data2k_variance/files/Q00897.01-0000172393.PDF,Q00897.01-0000172393.PDF,.pdf,315670,ok,True,True,text,True,2,0,31,False,0,False,20-50,Name | Address | Email | Bank/Account Number | Card/Transaction | Money/Amount,True,Contact Information | Financial Account Information,False,,ambiguous,True,no,7571,likely_non_responsive,bde_llm_count,True,True,2,0,0,0,0,1,8.734,True,False,False,stage1_nr,False,,,0,False,,False,,7571
CNG_Data2k_variance/files/Q00897.01-0000839240.0002.DOCX,Q00897.01-0000839240.0002.DOCX,.docx,35821,ok,True,False,text,False,0,0,0,False,0,False,0-10,,False,,False,,clear_non_responsive,False,,0,likely_non_responsive,,False,False,0,0,0,0,0,0,0.082,True,False,False,stage1_nr,False,,,0,False,,False,,0
CNG_Data2k_variance/files/Q00897.01-0000554979.0001.XLSX,Q00897.01-0000554979.0001.XLSX,.xlsx,80966,ok,True,True,text,True,4,0,130,False,18,False,100+,Name | Payment Card | Money/Amount,True,Financial Account Information,False,,ambiguous,True,yes,10848,standard,bde_llm_count,False,False,0,0,0,0,0,0,9.004,False,False,True,,True,likely_no,no,5923,True,likely_non_responsive,True,,16771
CNG_Data2k_variance/files/Q00897.01-0000482486.MSG,Q00897.01-0000482486.MSG,.msg,66048,ok,True,False,text,False,0,1,6,False,0,False,0-10,Name | Email | Phone | Money/Amount,True,Contact Information | Financial Account Information,False,,ambiguous,True,yes,7591,standard,,False,False,0,0,0,0,0,0,4.353,False,False,True,,True,likely_no,no,7604,False,likely_non_responsive,True,,15195
CNG_Data2k_variance/files/Q00897.01-0000295677.DOCX,Q00897.01-0000295677.DOCX,.docx,65585,ok,True,False,text,False,0,0,2,False,0,False,0-10,Name | Address | Email | Phone,True,Contact Information,False,,ambiguous,True,yes,3966,standard,,False,False,0,0,0,0,0,0,2.849,False,False,True,,True,likely_yes,yes,4013,False,standard,False,,7979
CNG_Data2k_variance/files/Q00897.01-0000136155.PDF,Q00897.01-0000136155.PDF,.pdf,16777614,ok,True,True,text,True,15,0,271,False,0,False,100+,Name | Address | Email | Phone | Money/Amount,True,Contact Information | Financial Account Information,False,,ambiguous,True,yes,22842,standard,bde_llm_count,True,True,15,0,0,0,0,1,12.652,False,False,True,,True,likely_no,no,11883,True,likely_non_responsive,True,,34725
CNG_Data2k_variance/files/Q00897.01-0000540971.MSG,Q00897.01-0000540971.MSG,.msg,200192,ok,True,False,text,False,0,0,1,False,0,False,0-10,Address | Email | Phone,True,Contact Information,False,,ambiguous,True,no,5518,likely_non_responsive,,False,False,0,0,0,0,0,0,3.072,True,False,False,stage1_nr,False,,,0,False,,False,,5518
CNG_Data2k_variance/files/Q00897.01-0000847272.MSG,Q00897.01-0000847272.MSG,.msg,29696,error,False,False,,False,0,0,0,False,0,False,,,False,,False,,,False,,0,review_error,MalformedRtf,False,False,0,0,0,0,0,0,0.241,False,False,False,extract_error,False,,,0,False,,False,,0
CNG_Data2k_variance/files/Q00897.01-0000778624.MSG,Q00897.01-0000778624.MSG,.msg,130048,ok,True,False,text,False,0,0,5,False,0,False,0-10,Name | Address | Email | Phone | Money/Amount,True,Contact Information | Financial Account Information,False,,ambiguous,True,yes,5456,standard,,False,False,0,0,0,0,0,0,5.843,False,False,True,,True,clear_yes,yes,5509,False,standard,False,,10965
CNG_Data2k_variance\files\Q00897.01-0000290410.XLS,Q00897.01-0000290410.XLS,.xls,37090,ok,True,True,text,True,1,0,241,False,241,True,100+,Name | SSN | Money/Amount | Health,True,Government-Issued Identification | Financial Account Information | Health-Related Information,True,,clear_responsive,False,,7315,structured_bde,bde_llm_count_roster,False,False,0,0,0,0,0,0,5.526,False,True,True,,True,clear_yes,yes,8545,True,structured_bde,False,,15860
CNG_Data2k_variance\files\Q00897.01-0000851877.XLS,Q00897.01-0000851877.XLS,.xls,22306,ok,True,True,text,True,1,0,64,False,0,False,50-100,Money/Amount,False,Financial Account Information,False,,ambiguous,True,no,7347,likely_non_responsive,roster_by_rowcount bde_llm_count,False,False,0,0,0,0,0,0,4.258,True,False,False,stage1_nr,False,,,0,False,,False,,7347
CNG_Data2k_variance/files/Q00897.01-0000582261.MSG,Q00897.01-0000582261.MSG,.msg,285696,ok,True,False,text,False,0,0,1,False,0,False,0-10,Name | Address,True,Contact Information,False,,ambiguous,True,yes,5094,standard,,False,False,0,0,0,0,0,0,3.684,False,False,True,,True,likely_no,no,5156,False,likely_non_responsive,True,,10250
CNG_Data2k_variance/files/Q00897.01-0000108770.PDF,Q00897.01-0000108770.PDF,.pdf,445440,ok,True,True,text,True,15,0,484,False,0,False,100+,Name | Money/Amount | Work-Related,True,Financial Account Information | Work-Related Information,False,,ambiguous,True,no,23721,likely_non_responsive,bde_llm_count,True,True,15,0,0,0,0,1,13.673,True,False,False,stage1_nr,False,,,0,False,,False,,23721
CNG_Data2k_variance/files/Q00897.01-0000469626.MSG,Q00897.01-0000469626.MSG,.msg,273920,ok,True,False,text,False,0,0,8,False,2,False,0-10,Name | Email | Phone | Money/Amount | Work-Related,True,Contact Information | Financial Account Information | Work-Related Information,False,,ambiguous,True,yes,9247,standard,bde_llm_count,False,False,0,0,0,0,0,0,4.944,False,False,True,,True,likely_no,no,5083,False,likely_non_responsive,True,,14330
CNG_Data2k_variance\files\Q00897.01-0000120133.DOC,Q00897.01-0000120133.DOC,.doc,23606,ok,True,False,text,False,0,0,1,False,0,False,0-10,Name | Address | Email | Phone,True,Contact Information,False,,ambiguous,True,yes,4862,standard,,False,False,0,0,0,0,0,0,2.874,False,False,True,,True,clear_yes,yes,4934,False,standard,False,,9796
CNG_Data2k_variance/files/Q00897.01-0000733577.MSG,Q00897.01-0000733577.MSG,.msg,161792,ok,True,False,text,False,0,0,3,False,0,False,0-10,Name | Email,True,Contact Information,False,,ambiguous,True,no,4258,likely_non_responsive,,False,False,0,0,0,0,0,0,2.343,True,False,False,stage1_nr,False,,,0,False,,False,,4258
CNG_Data2k_variance/files/Q00897.01-0000809338.0001.PDF,Q00897.01-0000809338.0001.PDF,.pdf,101792,ok,True,False,text,False,2,0,1,False,0,False,0-10,Work-Related,False,Work-Related Information,False,,ambiguous,True,no,4533,likely_non_responsive,,False,False,0,0,0,0,0,0,1.796,True,False,False,stage1_nr,False,,,0,False,,False,,4533
CNG_Data2k_variance/files/Q00897.01-0000687825.MSG,Q00897.01-0000687825.MSG,.msg,247296,ok,True,False,text,False,0,0,3,False,0,False,0-10,Name | Address | Email,True,Contact Information,False,,ambiguous,True,no,4446,likely_non_responsive,,False,False,0,0,0,0,0,0,2.433,True,False,False,stage1_nr,False,,,0,False,,False,,4446
CNG_Data2k_variance/files/Q00897.01-0000771935.0001.PDF,Q00897.01-0000771935.0001.PDF,.pdf,90794,ok,True,False,text,False,2,0,1,False,0,False,0-10,Name | Email | Phone | Money/Amount,True,Contact Information | Financial Account Information,False,,ambiguous,True,yes,4875,standard,,False,False,0,0,0,0,0,0,2.918,False,False,True,,True,clear_no,no,4938,False,likely_non_responsive,True,,9813
CNG_Data2k_variance/files/Q00897.01-0000662783.0002.PDF,Q00897.01-0000662783.0002.PDF,.pdf,365686,ok,True,False,text,False,26,0,1,False,0,False,0-10,Address | Money/Amount,True,Contact Information | Financial Account Information,False,,ambiguous,True,no,12618,likely_non_responsive,"img_ocr:p1,p3(2/2,+75chars)",False,False,0,2,2,2,0,2,11.616,True,False,False,stage1_nr,False,,,0,False,,False,,12618
CNG_Data2k_variance/files/Q00897.01-0000912237.PDF,Q00897.01-0000912237.PDF,.pdf,20138,ok,True,True,text,True,2,0,17,False,1,False,10-20,Address | Phone | SSN | Date of Birth,True,Contact Information | Government-Issued Identification | Birth Information,False,,clear_responsive,False,,3386,standard,bde_llm_count,True,True,2,0,0,0,0,1,10.371,False,False,True,,True,clear_yes,yes,4248,False,standard,False,,7634
CNG_Data2k_variance/files/Q00897.01-0000340140.XLSX,Q00897.01-0000340140.XLSX,.xlsx,443802,ok,True,True,text,True,1,0,2762,False,0,False,100+,Phone | Money/Amount,True,Contact Information | Financial Account Information,False,,ambiguous,True,no,11837,likely_non_responsive,bde_llm_count,False,False,0,0,0,0,0,0,3.493,True,False,False,stage1_nr,False,,,0,False,,False,,11837
CNG_Data2k_variance/files/Q00897.01-0000342258.DOCX,Q00897.01-0000342258.DOCX,.docx,39459,ok,True,False,text,False,0,0,2,False,0,False,0-10,Name | Address | Health,True,Contact Information | Health-Related Information,False,,ambiguous,True,no,6751,likely_non_responsive,,False,False,0,0,0,0,0,0,1.458,True,False,False,stage1_nr,False,,,0,False,,False,,6751
CNG_Data2k_variance/files/Q00897.01-0000257243.0001.PDF,Q00897.01-0000257243.0001.PDF,.pdf,398021,ok,True,False,text,False,8,0,3,False,0,False,0-10,Name | Address | Bank/Account Number | Money/Amount,True,Contact Information | Financial Account Information,False,,ambiguous,True,yes,5426,standard,"img_ocr:p2(1/1,+313chars)",False,False,0,1,1,1,0,1,7.093,False,False,True,,True,likely_no,no,5505,False,likely_non_responsive,True,,10931
CNG_Data2k_variance/files/Q00897.01-0000537643.0001.PDF,Q00897.01-0000537643.0001.PDF,.pdf,16021,ok,True,False,text,False,2,0,1,False,0,False,0-10,Money/Amount,False,Financial Account Information,False,,clear_non_responsive,False,,0,likely_non_responsive,,False,False,0,0,0,0,0,0,0.112,True,False,False,stage1_nr,False,,,0,False,,False,,0
CNG_Data2k_variance/files/Q00897.01-0000729169.MSG,Q00897.01-0000729169.MSG,.msg,228864,ok,True,False,text,False,0,0,1,False,0,False,0-10,Name | Address | Email,True,Contact Information,False,,ambiguous,True,yes,4849,standard,,False,False,0,0,0,0,0,0,4.148,False,False,True,,True,likely_no,no,4939,False,likely_non_responsive,True,,9788
CNG_Data2k_variance/files/Q00897.01-0000545515.MSG,Q00897.01-0000545515.MSG,.msg,425472,ok,True,False,text,False,0,0,1,False,0,False,0-10,Address | Email | Phone,True,Contact Information,False,,ambiguous,True,no,5896,likely_non_responsive,,False,False,0,0,0,0,0,0,3.406,True,False,False,stage1_nr,False,,,0,False,,False,,5896
CNG_Data2k_variance/files/Q00897.01-0000901990.PDF,Q00897.01-0000901990.PDF,.pdf,19054,ok,True,True,text,True,3,0,54,False,2,False,50-100,Name | Address | Phone | Money/Amount | Work-Related,True,Contact Information | Financial Account Information | Work-Related Information,False,,ambiguous,True,yes,8908,standard,bde_llm_count,True,True,3,0,0,0,0,1,12.726,False,False,True,,True,clear_yes,yes,4949,True,structured_bde,False,,13857
CNG_Data2k_variance/files/Q00897.01-0000369631.MSG,Q00897.01-0000369631.MSG,.msg,212480,ok,True,False,text,False,0,1,1,False,0,False,0-10,Name | Address | Email | Card/Transaction | Money/Amount,True,Contact Information | Financial Account Information,False,,ambiguous,True,yes,4035,standard,,False,False,0,0,0,0,0,0,61.718,False,False,True,,True,likely_no,no,4066,False,likely_non_responsive,True,,8101
CNG_Data2k_variance/files/Q00897.01-0000753812.MSG,Q00897.01-0000753812.MSG,.msg,74240,ok,True,False,text,False,0,0,2,False,0,False,0-10,Name | Address | Email | Phone | Health,True,Contact Information | Health-Related Information,False,,ambiguous,True,no,4026,likely_non_responsive,,False,False,0,0,0,0,0,0,1.726,True,False,False,stage1_nr,False,,,0,False,,False,,4026
CNG_Data2k_variance/files/Q00897.01-0000107305.PDF,Q00897.01-0000107305.PDF,.pdf,211568,ok,True,False,text,False,40,0,10,False,10,False,0-10,Name | Address | Email | Phone | Money/Amount | Health | Demographic,True,Contact Information | Financial Account Information | Health-Related Information | Demographic Information,False,,ambiguous,True,yes,18286,standard,bde_llm_count_roster,False,False,0,0,0,0,0,0,5.618,False,False,True,,True,likely_no,no,9611,False,likely_non_responsive,True,,27897
CNG_Data2k_variance/files/Q00897.01-0000832665.MSG,Q00897.01-0000832665.MSG,.msg,11552768,ok,True,False,text,False,0,10,4,False,0,False,0-10,Name | Address | Email | Phone,True,Contact Information,False,,ambiguous,True,yes,4154,standard,,False,False,0,0,0,0,0,0,3.192,False,False,True,,True,clear_no,no,4281,False,likely_non_responsive,True,,8435
CNG_Data2k_variance/files/Q00897.01-0000697495.MSG,Q00897.01-0000697495.MSG,.msg,330752,ok,True,False,text,False,0,0,1,False,0,False,0-10,Email | Phone | Money/Amount,True,Contact Information | Financial Account Information,False,,ambiguous,True,no,5172,likely_non_responsive,,False,False,0,0,0,0,0,0,2.138,True,False,False,stage1_nr,False,,,0,False,,False,,5172
CNG_Data2k_variance/files/Q00897.01-0000109849.PDF,Q00897.01-0000109849.PDF,.pdf,38013,ok,True,False,text,False,16,0,1,False,0,False,0-10,Phone | Money/Amount,True,Contact Information | Financial Account Information,False,,ambiguous,True,no,5662,likely_non_responsive,,False,False,0,0,0,0,0,0,1.303,True,False,False,stage1_nr,False,,,0,False,,False,,5662
CNG_Data2k_variance/files/Q00897.01-0000895446.PDF,Q00897.01-0000895446.PDF,.pdf,12204,ok,True,False,text,False,1,0,0,False,0,False,0-10,,False,,False,,clear_non_responsive,False,,0,likely_non_responsive,,False,False,0,0,0,0,0,0,0.034,True,False,False,stage1_nr,False,,,0,False,,False,,0
CNG_Data2k_variance/files/Q00897.01-0000673755.0001.PDF,Q00897.01-0000673755.0001.PDF,.pdf,44948,ok,True,False,text,False,3,0,1,False,0,False,0-10,Address | Phone | Bank/Account Number | Money/Amount,True,Contact Information | Financial Account Information,False,,ambiguous,True,no,4257,likely_non_responsive,,False,False,0,0,0,0,0,0,1.539,True,False,False,stage1_nr,False,,,0,False,,False,,4257
CNG_Data2k_variance/files/Q00897.01-0000346297.PDF,Q00897.01-0000346297.PDF,.pdf,28927,ok,True,False,text,False,7,0,1,False,0,False,0-10,Name | Address | Money/Amount,True,Contact Information | Financial Account Information,False,,ambiguous,True,yes,6612,standard,,False,False,0,0,0,0,0,0,2.738,False,False,True,,True,clear_yes,yes,6651,False,standard,False,,13263
CNG_Data2k_variance/files/Q00897.01-0000483994.MSG,Q00897.01-0000483994.MSG,.msg,196608,ok,True,False,text,False,0,1,6,False,0,False,0-10,Name | Money/Amount,True,Financial Account Information,False,,ambiguous,True,yes,5722,standard,,False,False,0,0,0,0,0,0,3.188,False,False,True,,True,likely_no,no,5764,False,likely_non_responsive,True,,11486
CNG_Data2k_variance/files/Q00897.01-0000661922.0001.PDF,Q00897.01-0000661922.0001.PDF,.pdf,215315,ok,True,True,text,True,1,0,1,False,0,False,0-10,Name | Address,True,Contact Information,False,,ambiguous,True,yes,9042,standard,bde_llm_count,True,True,1,0,0,0,0,1,9.158,False,False,True,,True,clear_yes,yes,5001,False,standard,False,,14043
CNG_Data2k_variance/files/Q00897.01-0000251052.PDF,Q00897.01-0000251052.PDF,.pdf,1583742,ok,True,True,text,True,9,0,165,False,0,False,100+,Payment Card | Money/Amount,True,Financial Account Information,False,,ambiguous,True,no,20985,likely_non_responsive,bde_llm_count,True,True,9,0,0,0,0,1,11.759,True,False,False,stage1_nr,False,,,0,False,,False,,20985
CNG_Data2k_variance/files/Q00897.01-0000642031.MSG,Q00897.01-0000642031.MSG,.msg,19968,ok,True,False,text,False,0,0,0,False,0,False,0-10,,False,,False,,clear_non_responsive,False,,0,likely_non_responsive,,False,False,0,0,0,0,0,0,0.027,True,False,False,stage1_nr,False,,,0,False,,False,,0
CNG_Data2k_variance\files\Q00897.01-0000016164.XLS,Q00897.01-0000016164.XLS,.xls,70421,ok,True,True,text,True,2,0,2,False,2,False,0-10,Name | Money/Amount,False,Financial Account Information,False,,ambiguous,True,yes,7473,standard,bde_llm_count,False,False,0,0,0,0,0,0,5.6,False,False,True,,True,likely_yes,yes,4207,False,standard,False,,11680
CNG_Data2k_variance/files/Q00897.01-0000410373.0001.XLSX,Q00897.01-0000410373.0001.XLSX,.xlsx,10338239,error,False,False,,False,0,0,0,False,0,False,,,False,,False,,,False,,0,review_error,ValueError,False,False,0,0,0,0,0,0,0.163,False,False,False,extract_error,False,,,0,False,,False,,0
CNG_Data2k_variance/files/Q00897.01-0000251500.XLSX,Q00897.01-0000251500.XLSX,.xlsx,25953,ok,True,True,text,True,1,0,70,False,0,False,50-100,Name | Phone | Money/Amount,True,Contact Information | Financial Account Information,False,,ambiguous,True,no,7889,likely_non_responsive,roster_by_rowcount bde_llm_count,False,False,0,0,0,0,0,0,2.279,True,False,False,stage1_nr,False,,,0,False,,False,,7889
CNG_Data2k_variance/files/Q00897.01-0000115472.PDF,Q00897.01-0000115472.PDF,.pdf,18806,ok,True,False,text,False,9,0,1,False,0,False,0-10,Card/Transaction | Money/Amount | Work-Related,False,Financial Account Information | Work-Related Information,False,,ambiguous,True,no,10761,likely_non_responsive,,False,False,0,0,0,0,0,0,1.276,True,False,False,stage1_nr,False,,,0,False,,False,,10761
CNG_Data2k_variance/files/Q00897.01-0000746251.MSG,Q00897.01-0000746251.MSG,.msg,105984,ok,True,False,text,False,0,0,1,False,0,False,0-10,Address,True,Contact Information,False,,ambiguous,True,no,3847,likely_non_responsive,,False,False,0,0,0,0,0,0,1.916,True,False,False,stage1_nr,False,,,0,False,,False,,3847
CNG_Data2k_variance\files\Q00897.01-0000851670.XLS,Q00897.01-0000851670.XLS,.xls,22502,ok,True,True,text,True,1,0,66,False,0,False,50-100,Money/Amount,False,Financial Account Information,False,,ambiguous,True,no,7271,likely_non_responsive,roster_by_rowcount bde_llm_count,False,False,0,0,0,0,0,0,2.389,True,False,False,stage1_nr,False,,,0,False,,False,,7271
CNG_Data2k_variance/files/Q00897.01-0000776481.0002.PDF,Q00897.01-0000776481.0002.PDF,.pdf,90466,ok,True,False,text,False,2,0,1,False,0,False,0-10,Address | Phone | Money/Amount,True,Contact Information | Financial Account Information,False,,ambiguous,True,no,4376,likely_non_responsive,,True,True,2,0,0,0,0,1,7.577,True,False,False,stage1_nr,False,,,0,False,,False,,4376
CNG_Data2k_variance/files/Q00897.01-0000269749.PDF,Q00897.01-0000269749.PDF,.pdf,338390,ok,True,False,text,False,1,0,1,False,0,False,0-10,Name | Address | Bank/Account Number | Money/Amount,True,Contact Information | Financial Account Information,False,,ambiguous,True,no,3935,likely_non_responsive,"img_ocr:p1(1/1,+31chars)",False,False,0,1,1,1,0,1,5.468,True,False,False,stage1_nr,False,,,0,False,,False,,3935
CNG_Data2k_variance/files/Q00897.01-0000136564.PDF,Q00897.01-0000136564.PDF,.pdf,5254278,ok,True,True,text,True,15,0,290,False,0,False,100+,Name | Address | Email | Phone | Money/Amount,True,Contact Information | Financial Account Information,False,,ambiguous,True,yes,20298,standard,bde_llm_count,True,True,15,0,0,0,0,1,12.611,False,False,True,,True,likely_no,no,10573,True,likely_non_responsive,True,,30871
CNG_Data2k_variance/files/Q00897.01-0000809749.0001.DOCX,Q00897.01-0000809749.0001.DOCX,.docx,54282,ok,True,False,text,False,0,0,1,False,0,False,0-10,Name | Address | Health,True,Contact Information | Health-Related Information,False,,ambiguous,True,no,5473,likely_non_responsive,,False,False,0,0,0,0,0,0,1.859,True,False,False,stage1_nr,False,,,0,False,,False,,5473
CNG_Data2k_variance/files/Q00897.01-0000248831.PDF,Q00897.01-0000248831.PDF,.pdf,166726,ok,True,True,text,True,3,0,26,False,0,False,20-50,Name | Address | Phone | Bank/Account Number | Money/Amount,True,Contact Information | Financial Account Information,False,,ambiguous,True,no,8850,likely_non_responsive,bde_llm_count,True,True,3,0,0,0,0,1,8.369,True,False,False,stage1_nr,False,,,0,False,,False,,8850
CNG_Data2k_variance/files/Q00897.01-0000772506.0001.PDF,Q00897.01-0000772506.0001.PDF,.pdf,62238,ok,True,False,text,False,6,0,1,False,0,False,0-10,Address | Money/Amount,True,Contact Information | Financial Account Information,False,,ambiguous,True,no,10814,likely_non_responsive,,False,False,0,0,0,0,0,0,1.468,True,False,False,stage1_nr,False,,,0,False,,False,,10814
CNG_Data2k_variance/files/Q00897.01-0000365025.MSG,Q00897.01-0000365025.MSG,.msg,265216,ok,True,False,text,False,0,0,1,False,0,False,0-10,Address | Payment Card | Money/Amount,True,Contact Information | Financial Account Information,False,,ambiguous,True,no,4170,likely_non_responsive,,False,False,0,0,0,0,0,0,3.36,True,False,False,stage1_nr,False,,,0,False,,False,,4170
CNG_Data2k_variance/files/Q00897.01-0000912802.PDF,Q00897.01-0000912802.PDF,.pdf,76302,ok,True,True,text,True,3,0,6,False,5,False,0-10,Address | SSN | Bank/Account Number | Money/Amount,True,Contact Information | Government-Issued Identification | Financial Account Information,False,,clear_responsive,False,,5773,standard,bde_llm_count,True,True,3,0,0,0,0,1,17.671,False,False,True,,True,clear_yes,yes,6704,False,standard,False,,12477
CNG_Data2k_variance/files/Q00897.01-0000833208.MSG,Q00897.01-0000833208.MSG,.msg,158208,ok,True,False,text,False,0,1,2,False,0,False,0-10,Name | Address | Email | Phone | Credentials,True,Contact Information | Access Credentials,False,,ambiguous,True,yes,4437,standard,,False,False,0,0,0,0,0,0,3.513,False,False,True,,True,likely_no,no,4480,False,likely_non_responsive,True,,8917
CNG_Data2k_variance/files/Q00897.01-0000908332.PDF,Q00897.01-0000908332.PDF,.pdf,12504,ok,True,False,text,False,1,0,0,False,0,False,0-10,,False,,False,,clear_non_responsive,False,,0,likely_non_responsive,,False,False,0,0,0,0,0,0,0.052,True,False,False,stage1_nr,False,,,0,False,,False,,0
CNG_Data2k_variance/files/Q00897.01-0000840819.0001.PDF,Q00897.01-0000840819.0001.PDF,.pdf,107534,ok,True,False,text,False,2,0,1,False,0,False,0-10,Name | Address | Phone | Card Expiry/CVV | Money/Amount,True,Contact Information | Financial Account Information,False,,ambiguous,True,no,4590,likely_non_responsive,,True,True,2,0,0,0,0,1,6.702,True,False,False,stage1_nr,False,,,0,False,,False,,4590
CNG_Data2k_variance/files/Q00897.01-0000895291.PDF,Q00897.01-0000895291.PDF,.pdf,198859,ok,True,False,text,False,27,0,8,False,7,False,0-10,Name | Address | Phone,True,Contact Information,False,,ambiguous,True,yes,33808,standard,bde_llm_count_roster,False,False,0,0,0,0,0,0,14.261,False,False,True,,True,likely_yes,yes,17414,False,standard,False,,51222
CNG_Data2k_variance/files/Q00897.01-0000858478.PDF,Q00897.01-0000858478.PDF,.pdf,616731,ok,True,False,text,False,2,0,2,False,0,False,0-10,Name | Money/Amount | Work-Related,False,Financial Account Information | Work-Related Information,False,,ambiguous,True,yes,5074,standard,,False,False,0,0,0,0,0,0,5.378,False,False,True,,True,clear_yes,yes,5146,False,standard,False,,10220
CNG_Data2k_variance/files/Q00897.01-0000015348.PDF,Q00897.01-0000015348.PDF,.pdf,59386,ok,True,False,text,False,1,0,0,False,0,False,0-10,,False,,False,,clear_non_responsive,False,,0,likely_non_responsive,,False,False,0,0,0,0,0,0,0.041,True,False,False,stage1_nr,False,,,0,False,,False,,0
CNG_Data2k_variance/files/Q00897.01-0000915324.PDF,Q00897.01-0000915324.PDF,.pdf,201670,ok,True,False,text,False,1,0,5,False,0,False,0-10,Name | Phone | Money/Amount,True,Contact Information | Financial Account Information,False,,ambiguous,True,yes,4544,standard,,False,False,0,0,0,0,0,0,3.276,False,False,True,,True,clear_no,no,4565,False,likely_non_responsive,True,,9109
CNG_Data2k_variance/files/Q00897.01-0000290210.PDF,Q00897.01-0000290210.PDF,.pdf,697776,ok,True,False,text,False,5,0,9,False,9,False,0-10,Name | Address | Phone | Money/Amount,True,Contact Information | Financial Account Information,False,,ambiguous,True,yes,9751,standard,bde_llm_count_roster,False,False,0,0,0,0,0,0,6.007,False,False,True,,True,clear_yes,yes,5346,False,standard,False,,15097
CNG_Data2k_variance/files/Q00897.01-0000590460.MSG,Q00897.01-0000590460.MSG,.msg,555520,ok,True,False,text,False,0,1,1,False,0,False,0-10,Name | Email | Phone | Credentials,True,Contact Information | Access Credentials,False,,ambiguous,True,yes,3809,standard,,False,False,0,0,0,0,0,0,3.468,False,False,True,,True,likely_yes,yes,3929,False,standard,False,,7738
CNG_Data2k_variance/files/Q00897.01-0000761467.MSG,Q00897.01-0000761467.MSG,.msg,100864,ok,True,False,text,False,0,0,1,False,0,False,0-10,Name | Money/Amount,True,Financial Account Information,False,,ambiguous,True,no,6461,likely_non_responsive,,False,False,0,0,0,0,0,0,3.234,True,False,False,stage1_nr,False,,,0,False,,False,,6461
CNG_Data2k_variance/files/Q00897.01-0000326423.PDF,Q00897.01-0000326423.PDF,.pdf,4043042,ok,True,True,text,True,6,0,65,False,0,False,50-100,Name | Address | Bank/Account Number | Account Balance | Money/Amount,True,Contact Information | Financial Account Information,False,,ambiguous,True,yes,11686,standard,bde_llm_count,True,True,6,0,0,0,0,1,12.384,False,False,True,,True,clear_no,no,6282,True,likely_non_responsive,True,,17968
CNG_Data2k_variance/files/Q00897.01-0000277377.PDF,Q00897.01-0000277377.PDF,.pdf,163338,ok,True,False,text,False,1,0,2,False,0,False,0-10,Name | Address | Phone,True,Contact Information,False,,ambiguous,True,no,3847,likely_non_responsive,,True,True,1,0,0,0,0,1,6.301,True,False,False,stage1_nr,False,,,0,False,,False,,3847
CNG_Data2k_variance/files/Q00897.01-0000372805.MSG,Q00897.01-0000372805.MSG,.msg,399872,ok,True,False,text,False,0,0,19,False,1,False,10-20,Email | Money/Amount,True,Contact Information | Financial Account Information,False,,ambiguous,True,no,8764,likely_non_responsive,bde_llm_count,False,False,0,0,0,0,0,0,62.571,True,False,False,stage1_nr,False,,,0,False,,False,,8764
CNG_Data2k_variance/files/Q00897.01-0000571924.0001.XLSX,Q00897.01-0000571924.0001.XLSX,.xlsx,126639,ok,True,True,text,True,6,0,187,False,187,True,100+,Name | Money/Amount,False,Financial Account Information,True,,ambiguous,True,yes,10475,structured_bde,bde_llm_count_roster,False,False,0,0,0,0,0,0,7.7,False,True,True,,True,likely_no,no,5804,True,likely_non_responsive,True,,16279
CNG_Data2k_variance/files/Q00897.01-0000823743.MSG,Q00897.01-0000823743.MSG,.msg,212480,ok,True,False,text,False,0,1,0,False,0,False,0-10,,False,,False,,clear_non_responsive,False,,0,likely_non_responsive,,False,False,0,0,0,0,0,0,0.07,True,False,False,stage1_nr,False,,,0,False,,False,,0
CNG_Data2k_variance/files/Q00897.01-0000895313.PDF,Q00897.01-0000895313.PDF,.pdf,51589,ok,True,False,text,False,8,0,1,False,0,False,0-10,Address | Money/Amount,True,Contact Information | Financial Account Information,False,,ambiguous,True,yes,9359,standard,,False,False,0,0,0,0,0,0,16.72,False,False,True,,True,likely_no,no,9412,False,likely_non_responsive,True,,18771
CNG_Data2k_variance/files/Q00897.01-0000888126.PDF,Q00897.01-0000888126.PDF,.pdf,15015,ok,True,False,text,False,1,0,1,False,0,False,0-10,Money/Amount,False,Financial Account Information,False,,clear_non_responsive,False,,0,likely_non_responsive,,False,False,0,0,0,0,0,0,0.078,True,False,False,stage1_nr,False,,,0,False,,False,,0
CNG_Data2k_variance/files/Q00897.01-0000597548.0002.XLSX,Q00897.01-0000597548.0002.XLSX,.xlsx,13521,ok,True,True,text,True,1,0,0,False,0,False,0-10,Money/Amount,False,Financial Account Information,False,,ambiguous,True,no,8229,structured_unreadable,bde_llm_count,False,False,0,0,0,0,0,0,3.811,False,False,True,,True,clear_no,no,4590,False,likely_non_responsive,True,,12819
CNG_Data2k_variance/files/Q00897.01-0000257350.PDF,Q00897.01-0000257350.PDF,.pdf,422154,ok,True,False,text,False,7,0,3,False,0,False,0-10,Name | Address | Bank/Account Number | Money/Amount,True,Contact Information | Financial Account Information,False,,ambiguous,True,yes,6530,standard,,False,False,0,0,0,0,0,0,4.469,False,False,True,,True,likely_no,no,6608,False,likely_non_responsive,True,,13138
CNG_Data2k_variance/files/Q00897.01-0000750822.MSG,Q00897.01-0000750822.MSG,.msg,84992,ok,True,False,text,False,0,0,0,False,0,False,0-10,,False,,False,,clear_non_responsive,False,,0,likely_non_responsive,,False,False,0,0,0,0,0,0,0.902,True,False,False,stage1_nr,False,,,0,False,,False,,0
CNG_Data2k_variance/files/Q00897.01-0000343869.PDF,Q00897.01-0000343869.PDF,.pdf,130311,ok,True,False,text,False,1,0,1,False,0,False,0-10,Name | Address | Money/Amount,True,Contact Information | Financial Account Information,False,,ambiguous,True,yes,4025,standard,,False,False,0,0,0,0,0,0,2.842,False,False,True,,True,clear_yes,yes,4073,False,standard,False,,8098
CNG_Data2k_variance/files/Q00897.01-0000137233.PDF,Q00897.01-0000137233.PDF,.pdf,2292126,ok,True,True,text,True,15,0,239,False,0,False,100+,Name | Address | Email | Phone | Money/Amount,True,Contact Information | Financial Account Information,False,,ambiguous,True,yes,22016,standard,bde_llm_count,True,True,15,0,0,0,0,1,13.457,False,False,True,,True,likely_no,no,11319,True,likely_non_responsive,True,,33335
CNG_Data2k_variance/files/Q00897.01-0000903248.PDF,Q00897.01-0000903248.PDF,.pdf,11845,ok,True,False,text,False,1,0,0,False,0,False,0-10,,False,,False,,clear_non_responsive,False,,0,likely_non_responsive,,False,False,0,0,0,0,0,0,0.039,True,False,False,stage1_nr,False,,,0,False,,False,,0
CNG_Data2k_variance/files/Q00897.01-0000119702.0026.PDF,Q00897.01-0000119702.0026.PDF,.pdf,57482,ok,True,False,text,False,1,0,2,False,0,False,0-10,Phone,True,Contact Information,False,,ambiguous,True,no,3913,likely_non_responsive,,False,False,0,0,0,0,0,0,1.156,True,False,False,stage1_nr,False,,,0,False,,False,,3913
CNG_Data2k_variance/files/Q00897.01-0000418441.MSG,Q00897.01-0000418441.MSG,.msg,685568,ok,True,False,text,False,0,1,2,False,0,False,0-10,Name | Address | Email | Phone | Money/Amount,True,Contact Information | Financial Account Information,False,,ambiguous,True,no,4132,likely_non_responsive,,False,False,0,0,0,0,0,0,1.772,True,False,False,stage1_nr,False,,,0,False,,False,,4132
CNG_Data2k_variance/files/Q00897.01-0000671245.MSG,Q00897.01-0000671245.MSG,.msg,93184,ok,True,False,text,False,0,2,6,False,0,False,0-10,Name | Address | Email | Phone | Money/Amount,True,Contact Information | Financial Account Information,False,,ambiguous,True,yes,4267,standard,,False,False,0,0,0,0,0,0,2.885,False,False,True,,True,likely_no,no,4315,False,likely_non_responsive,True,,8582
CNG_Data2k_variance\files\Q00897.01-0000484151.0001.XLS,Q00897.01-0000484151.0001.XLS,.xls,12114,ok,True,True,text,True,3,0,1,False,0,False,0-10,Phone | Money/Amount,True,Contact Information | Financial Account Information,False,,ambiguous,True,no,6856,likely_non_responsive,bde_llm_count,False,False,0,0,0,0,0,0,2.16,True,False,False,stage1_nr,False,,,0,False,,False,,6856
CNG_Data2k_variance/files/Q00897.01-0000638268.MSG,Q00897.01-0000638268.MSG,.msg,162816,ok,True,False,text,False,0,1,4,False,0,False,0-10,Name | Email | Phone | Money/Amount | Work-Related,True,Contact Information | Financial Account Information | Work-Related Information,False,,ambiguous,True,yes,8760,standard,,False,False,0,0,0,0,0,0,4.712,False,False,True,,True,clear_yes,yes,8834,False,standard,False,,17594
CNG_Data2k_variance/files/Q00897.01-0000393646.MSG,Q00897.01-0000393646.MSG,.msg,87040,ok,True,False,text,False,0,0,2,False,0,False,0-10,Name | Address | Email,True,Contact Information,False,,ambiguous,True,no,3977,likely_non_responsive,,False,False,0,0,0,0,0,0,1.958,True,False,False,stage1_nr,False,,,0,False,,False,,3977
CNG_Data2k_variance/files/Q00897.01-0000288213.XLSX,Q00897.01-0000288213.XLSX,.xlsx,483588,ok,True,True,text,True,1,0,65,False,65,True,50-100,Name,False,,True,,ambiguous,True,yes,7633,structured_bde,roster_by_rowcount bde_llm_count_roster,False,False,0,0,0,0,0,0,4.132,False,True,True,,True,clear_no,no,4188,True,likely_non_responsive,True,,11821
CNG_Data2k_variance/files/Q00897.01-0000003223.PDF,Q00897.01-0000003223.PDF,.pdf,5581979,ok,True,True,text,True,6,0,21,False,1,False,20-50,Name | Address | Money/Amount | Work-Related,True,Contact Information | Financial Account Information | Work-Related Information,False,,ambiguous,True,yes,12965,standard,bde_llm_count,True,True,6,0,0,0,0,1,11.141,False,False,True,,True,clear_yes,yes,6957,False,standard,False,,19922
CNG_Data2k_variance/files/Q00897.01-0000771997.MSG,Q00897.01-0000771997.MSG,.msg,166912,ok,True,False,text,False,0,0,4,False,0,False,0-10,Name | Address | Email | Phone | Money/Amount | Work-Related,True,Contact Information | Financial Account Information | Work-Related Information,False,,ambiguous,True,yes,7107,standard,,False,False,0,0,0,0,0,0,4.893,False,False,True,,True,likely_yes,yes,7173,False,standard,False,,14280
CNG_Data2k_variance/files/Q00897.01-0000500489.MSG,Q00897.01-0000500489.MSG,.msg,38912,ok,True,False,text,False,0,2,4,False,0,False,0-10,Name | Email | Phone | Money/Amount,True,Contact Information | Financial Account Information,False,,ambiguous,True,no,4386,likely_non_responsive,,False,False,0,0,0,0,0,0,1.45,True,False,False,stage1_nr,False,,,0,False,,False,,4386
CNG_Data2k_variance/files/Q00897.01-0000341571.PDF,Q00897.01-0000341571.PDF,.pdf,210016,ok,True,False,text,False,1,0,1,False,0,False,0-10,Name | Money/Amount | Student ID,True,Financial Account Information | Student-Related Information,False,,ambiguous,True,yes,3853,standard,,False,False,0,0,0,0,0,0,3.731,False,False,True,,True,likely_no,no,3947,False,likely_non_responsive,True,,7800
CNG_Data2k_variance/files/Q00897.01-0000662994.MSG,Q00897.01-0000662994.MSG,.msg,172032,ok,True,False,text,False,0,0,10,False,5,False,0-10,Name | Address | Email | Phone | Money/Amount,True,Contact Information | Financial Account Information,False,,ambiguous,True,yes,12845,standard,bde_llm_count,False,False,0,0,0,0,0,0,5.901,False,False,True,,True,likely_no,no,6881,False,likely_non_responsive,True,,19726
CNG_Data2k_variance/files/Q00897.01-0000403066.MSG,Q00897.01-0000403066.MSG,.msg,206848,ok,True,False,text,False,0,0,2,False,0,False,0-10,Address | Email | Phone | Credentials,True,Contact Information | Access Credentials,False,,ambiguous,True,no,4002,likely_non_responsive,,False,False,0,0,0,0,0,0,1.795,True,False,False,stage1_nr,False,,,0,False,,False,,4002
CNG_Data2k_variance/files/Q00897.01-0000326532.XLSX,Q00897.01-0000326532.XLSX,.xlsx,1151845,ok,True,True,text,True,5,0,6119,False,0,False,100+,Name | Phone | Money/Amount,True,Contact Information | Financial Account Information,False,,ambiguous,True,no,12663,likely_non_responsive,bde_llm_count,False,False,0,0,0,0,0,0,3.816,True,False,False,stage1_nr,False,,,0,False,,False,,12663
CNG_Data2k_variance/files/Q00897.01-0000242853.PDF,Q00897.01-0000242853.PDF,.pdf,119417,ok,True,True,text,True,1,0,14,False,0,False,10-20,Name | Phone | Bank/Account Number | Money/Amount,True,Contact Information | Financial Account Information,False,,ambiguous,True,no,6902,likely_non_responsive,bde_llm_count,True,True,1,0,0,0,0,1,6.433,True,False,False,stage1_nr,False,,,0,False,,False,,6902
CNG_Data2k_variance/files/Q00897.01-0000270240.DOCX,Q00897.01-0000270240.DOCX,.docx,46018,ok,True,False,text,False,0,0,1,False,0,False,0-10,Money/Amount | Work-Related,False,Financial Account Information | Work-Related Information,False,,ambiguous,True,no,8355,likely_non_responsive,,False,False,0,0,0,0,0,0,1.25,True,False,False,stage1_nr,False,,,0,False,,False,,8355
CNG_Data2k_variance/files/Q00897.01-0000535614.0001.PDF,Q00897.01-0000535614.0001.PDF,.pdf,22558,ok,True,False,text,False,1,0,1,False,0,False,0-10,Money/Amount,False,Financial Account Information,False,,clear_non_responsive,False,,0,likely_non_responsive,,False,False,0,0,0,0,0,0,0.032,True,False,False,stage1_nr,False,,,0,False,,False,,0
CNG_Data2k_variance/files/Q00897.01-0000101343.PDF,Q00897.01-0000101343.PDF,.pdf,442581,ok,True,True,text,True,1,0,3,False,1,False,0-10,Address | Phone,True,Contact Information,False,,ambiguous,True,no,7693,likely_non_responsive,bde_llm_count,True,True,1,0,0,0,0,1,9.718,True,False,False,stage1_nr,False,,,0,False,,False,,7693
CNG_Data2k_variance/files/Q00897.01-0000802093.0001.DOCX,Q00897.01-0000802093.0001.DOCX,.docx,13718,ok,True,False,text,False,0,0,1,False,0,False,0-10,Name | Money/Amount | Student ID,True,Financial Account Information | Student-Related Information,False,,ambiguous,True,yes,3908,standard,,False,False,0,0,0,0,0,0,2.676,False,False,True,,True,likely_no,no,3997,False,likely_non_responsive,True,,7905
CNG_Data2k_variance/files/Q00897.01-0000796691.MSG,Q00897.01-0000796691.MSG,.msg,136192,ok,True,False,text,False,0,0,7,False,6,False,0-10,Name | Address | Email | Phone | Money/Amount | Health,True,Contact Information | Financial Account Information | Health-Related Information,False,,ambiguous,True,yes,15306,standard,bde_llm_count,False,False,0,0,0,0,0,0,5.811,False,False,True,,True,likely_yes,yes,8102,False,standard,False,,23408
CNG_Data2k_variance/files/Q00897.01-0000904896.PDF,Q00897.01-0000904896.PDF,.pdf,17178,ok,True,True,text,True,2,0,28,False,1,False,20-50,Name | Address | Phone | Money/Amount | Work-Related,True,Contact Information | Financial Account Information | Work-Related Information,False,,ambiguous,True,yes,8202,standard,bde_llm_count,True,True,2,0,0,0,0,1,9.159,False,False,True,,True,clear_yes,yes,4550,False,standard,False,,12752
CNG_Data2k_variance/files/Q00897.01-0000617211.0001.XLSX,Q00897.01-0000617211.0001.XLSX,.xlsx,19384,ok,True,True,text,True,1,0,6,False,0,False,0-10,,False,,False,,ambiguous,True,no,7380,likely_non_responsive,bde_llm_count,False,False,0,0,0,0,0,0,2.702,True,False,False,stage1_nr,False,,,0,False,,False,,7380
CNG_Data2k_variance/files/Q00897.01-0000875203.XLSX,Q00897.01-0000875203.XLSX,.xlsx,42662,ok,True,True,text,True,1,0,4,False,2,False,0-10,Name | Address | Email | Phone | Card Expiry/CVV,True,Contact Information | Financial Account Information,False,,ambiguous,True,yes,7110,standard,bde_llm_count,False,False,0,0,0,0,0,0,5.369,False,False,True,,True,likely_no,no,4044,False,likely_non_responsive,True,,11154
CNG_Data2k_variance/files/Q00897.01-0000260003.PDF,Q00897.01-0000260003.PDF,.pdf,1252622,ok,True,True,text,True,15,0,695,False,3,False,100+,Name | Card/Transaction | Money/Amount,False,Financial Account Information,False,,ambiguous,True,yes,32829,standard,bde_llm_count,True,True,15,0,0,0,0,1,20.279,False,False,True,,True,likely_yes,yes,16937,True,structured_bde,False,,49766
CNG_Data2k_variance/files/Q00897.01-0000645988.0002.PDF,Q00897.01-0000645988.0002.PDF,.pdf,174142,ok,True,False,text,False,1,0,1,False,0,False,0-10,Health,False,Health-Related Information,False,,ambiguous,True,no,3997,likely_non_responsive,"img_ocr:none(1 calls,0 chars)",False,False,0,1,1,0,0,1,10.725,True,False,False,stage1_nr,False,,,0,False,,False,,3997
CNG_Data2k_variance/files/Q00897.01-0000642101.MSG,Q00897.01-0000642101.MSG,.msg,19968,ok,True,False,text,False,0,0,0,False,0,False,0-10,,False,,False,,clear_non_responsive,False,,0,likely_non_responsive,,False,False,0,0,0,0,0,0,0.052,True,False,False,stage1_nr,False,,,0,False,,False,,0
CNG_Data2k_variance/files/Q00897.01-0000345330.PDF,Q00897.01-0000345330.PDF,.pdf,11943,ok,True,False,text,False,2,0,1,False,0,False,0-10,Money/Amount,False,Financial Account Information,False,,clear_non_responsive,False,,0,likely_non_responsive,,False,False,0,0,0,0,0,0,0.224,True,False,False,stage1_nr,False,,,0,False,,False,,0
CNG_Data2k_variance/files/Q00897.01-0000540936.0001.PDF,Q00897.01-0000540936.0001.PDF,.pdf,676469,ok,True,False,text,False,4,0,1,False,0,False,0-10,Money/Amount,False,Financial Account Information,False,,clear_non_responsive,False,,0,likely_non_responsive,,False,False,0,0,0,0,0,0,3.431,True,False,False,stage1_nr,False,,,0,False,,False,,0
CNG_Data2k_variance/files/Q00897.01-0000804275.MSG,Q00897.01-0000804275.MSG,.msg,179712,ok,True,False,text,False,0,4,8,False,6,False,0-10,Name | Address | Email | Phone,True,Contact Information,False,,ambiguous,True,yes,9375,standard,bde_llm_count,False,False,0,0,0,0,0,0,6.365,False,False,True,,True,likely_no,no,5095,False,likely_non_responsive,True,,14470
CNG_Data2k_variance/files/Q00897.01-0000375571.MSG,Q00897.01-0000375571.MSG,.msg,172032,ok,True,False,text,False,0,0,1,False,0,False,0-10,Address | Money/Amount,True,Contact Information | Financial Account Information,False,,ambiguous,True,no,3932,likely_non_responsive,,False,False,0,0,0,0,0,0,1.607,True,False,False,stage1_nr,False,,,0,False,,False,,3932
CNG_Data2k_variance/files/Q00897.01-0000838066.0001.PDF,Q00897.01-0000838066.0001.PDF,.pdf,161443,ok,True,False,text,False,12,0,1,False,0,False,0-10,Address | Money/Amount,True,Contact Information | Financial Account Information,False,,ambiguous,True,no,9054,likely_non_responsive,,False,False,0,0,0,0,0,0,1.773,True,False,False,stage1_nr,False,,,0,False,,False,,9054
CNG_Data2k_variance/files/Q00897.01-0000811590.MSG,Q00897.01-0000811590.MSG,.msg,156672,ok,True,False,text,False,0,1,3,False,0,False,0-10,Name | Address | Email | Phone | Money/Amount | Work-Related,True,Contact Information | Financial Account Information | Work-Related Information,False,,ambiguous,True,yes,5258,standard,,False,False,0,0,0,0,0,0,3.721,False,False,True,,True,likely_no,no,5317,False,likely_non_responsive,True,,10575
CNG_Data2k_variance/files/Q00897.01-0000715995.MSG,Q00897.01-0000715995.MSG,.msg,194048,ok,True,False,text,False,0,0,2,False,0,False,0-10,Name | Address | Email,True,Contact Information,False,,ambiguous,True,yes,4615,standard,,False,False,0,0,0,0,0,0,3.027,False,False,True,,True,clear_no,no,4694,False,likely_non_responsive,True,,9309
CNG_Data2k_variance/files/Q00897.01-0000663599.0004.PDF,Q00897.01-0000663599.0004.PDF,.pdf,181965,ok,True,False,text,False,6,0,4,False,0,False,0-10,Name | Address | Phone | Tax ID | Account Balance | Money/Amount,True,Contact Information | Government-Issued Identification | Financial Account Information,False,,ambiguous,True,no,6993,likely_non_responsive,"img_ocr:p1,p1,p1,p1,p2,p3(6/9,+322chars)",False,False,0,9,9,6,0,9,40.556,True,False,False,stage1_nr,False,,,0,False,,False,,6993
CNG_Data2k_variance/files/Q00897.01-0000656056.0001.XLSX,Q00897.01-0000656056.0001.XLSX,.xlsx,245318,ok,True,True,text,True,11,0,190,False,0,False,100+,,False,,False,,ambiguous,True,no,7518,likely_non_responsive,bde_llm_count,False,False,0,0,0,0,0,0,2.791,True,False,False,stage1_nr,False,,,0,False,,False,,7518
CNG_Data2k_variance/files/Q00897.01-0000107568.PDF,Q00897.01-0000107568.PDF,.pdf,91723,ok,True,False,text,False,2,0,3,False,0,False,0-10,Name | Money/Amount,True,Financial Account Information,False,,ambiguous,True,no,4386,likely_non_responsive,,True,True,2,0,0,0,0,1,6.38,True,False,False,stage1_nr,False,,,0,False,,False,,4386
CNG_Data2k_variance/files/Q00897.01-0000716511.MSG,Q00897.01-0000716511.MSG,.msg,153088,ok,True,False,text,False,0,0,2,False,0,False,0-10,Name | Address | Email | Phone,True,Contact Information,False,,ambiguous,True,no,3997,likely_non_responsive,,False,False,0,0,0,0,0,0,1.39,True,False,False,stage1_nr,False,,,0,False,,False,,3997
CNG_Data2k_variance/files/Q00897.01-0000014653.XLSX,Q00897.01-0000014653.XLSX,.xlsx,227230,ok,True,True,text,True,3,0,357,False,9,True,100+,Name | Money/Amount,False,Financial Account Information,True,,ambiguous,True,yes,12197,structured_bde,bde_llm_count_roster,False,False,0,0,0,0,0,0,5.871,False,True,True,,True,clear_yes,yes,6570,True,structured_bde,False,,18767
CNG_Data2k_variance/files/Q00897.01-0000107344.PDF,Q00897.01-0000107344.PDF,.pdf,480864,ok,True,True,text,True,15,0,133,False,2,False,100+,Name | Address | Email | Phone | SSN | Card Expiry/CVV | Money/Amount | Health | Work-Related,True,Contact Information | Government-Issued Identification | Financial Account Information | Health-Related Information | Work-Related Information,False,,clear_responsive,False,,9910,standard,bde_llm_count,True,True,15,0,0,0,0,1,11.405,False,False,True,,True,likely_yes,yes,10844,True,structured_bde,False,,20754
CNG_Data2k_variance/files/Q00897.01-0000537434.0001.XLSX,Q00897.01-0000537434.0001.XLSX,.xlsx,80208,ok,True,True,text,True,1,0,71,False,0,False,50-100,Phone | Money/Amount,True,Contact Information | Financial Account Information,False,,ambiguous,True,no,17906,likely_non_responsive,bde_llm_count,False,False,0,0,0,0,0,0,63.715,True,False,False,stage1_nr,False,,,0,False,,False,,17906
CNG_Data2k_variance/files/Q00897.01-0000898435.PDF,Q00897.01-0000898435.PDF,.pdf,15633,ok,True,False,text,False,2,0,1,False,0,False,0-10,Money/Amount,False,Financial Account Information,False,,clear_non_responsive,False,,0,likely_non_responsive,,False,False,0,0,0,0,0,0,0.076,True,False,False,stage1_nr,False,,,0,False,,False,,0
CNG_Data2k_variance/files/Q00897.01-0000112281.XLSX,Q00897.01-0000112281.XLSX,.xlsx,51736,ok,True,True,text,True,1,0,573,False,0,False,100+,Work-Related,False,Work-Related Information,False,,ambiguous,True,no,14200,likely_non_responsive,roster_by_rowcount bde_llm_count,False,False,0,0,0,0,0,0,4.95,True,False,False,stage1_nr,False,,,0,False,,False,,14200
CNG_Data2k_variance/files/Q00897.01-0000136846.PDF,Q00897.01-0000136846.PDF,.pdf,10286166,ok,True,True,text,True,15,0,229,False,51,True,100+,Name | Address | Email | Phone | Money/Amount,True,Contact Information | Financial Account Information,True,,ambiguous,True,yes,20772,structured_bde,bde_llm_count_roster,True,True,15,0,0,0,0,1,15.585,False,True,True,,True,clear_yes,yes,10843,True,structured_bde,False,,31615
CNG_Data2k_variance/files/Q00897.01-0000672520.MSG,Q00897.01-0000672520.MSG,.msg,130048,ok,True,False,text,False,0,1,1,False,0,False,0-10,Name | Money/Amount,True,Financial Account Information,False,,ambiguous,True,no,3842,likely_non_responsive,,False,False,0,0,0,0,0,0,1.685,True,False,False,stage1_nr,False,,,0,False,,False,,3842
CNG_Data2k_variance/files/Q00897.01-0000806744.MSG,Q00897.01-0000806744.MSG,.msg,309760,ok,True,False,text,False,0,1,3,False,0,False,0-10,Name | Address | Email | Phone,True,Contact Information,False,,ambiguous,True,yes,4230,standard,,False,False,0,0,0,0,0,0,3.979,False,False,True,,True,clear_no,no,4293,False,likely_non_responsive,True,,8523
CNG_Data2k_variance/files/Q00897.01-0000563480.MSG,Q00897.01-0000563480.MSG,.msg,100352,ok,True,False,text,False,0,0,3,False,0,False,0-10,Name | Address | Email | Phone,True,Contact Information,False,,ambiguous,True,yes,4398,standard,,False,False,0,0,0,0,0,0,3.82,False,False,True,,True,likely_no,no,4438,False,likely_non_responsive,True,,8836
CNG_Data2k_variance/files/Q00897.01-0000866705.PDF,Q00897.01-0000866705.PDF,.pdf,565089,ok,True,False,text,False,4,0,3,False,0,False,0-10,Address | Email | Phone | SSN | Money/Amount,True,Contact Information | Government-Issued Identification | Financial Account Information,False,,clear_responsive,False,,0,standard,"img_ocr:p1(1/1,+77chars)",False,False,0,1,1,1,0,1,6.272,False,False,True,,True,clear_yes,yes,5418,False,standard,False,,5418
CNG_Data2k_variance\files\Q00897.01-0000851826.XLS,Q00897.01-0000851826.XLS,.xls,22255,ok,True,True,text,True,1,0,61,False,1,False,50-100,Card Expiry/CVV | Money/Amount,False,Financial Account Information,False,,ambiguous,True,no,7401,likely_non_responsive,roster_by_rowcount bde_llm_count,False,False,0,0,0,0,0,0,3.454,True,False,False,stage1_nr,False,,,0,False,,False,,7401
CNG_Data2k_variance/files/Q00897.01-0000890955.PDF,Q00897.01-0000890955.PDF,.pdf,219559,ok,True,True,text,True,15,0,219,False,15,True,100+,Name | Address | Phone | Money/Amount | Work-Related,True,Contact Information | Financial Account Information | Work-Related Information,True,,ambiguous,True,yes,16872,structured_bde,bde_llm_count_roster,True,True,15,0,0,0,0,1,26.115,False,True,True,,True,clear_yes,yes,8980,True,structured_bde,False,,25852
CNG_Data2k_variance/files/Q00897.01-0000535820.0001.CSV,Q00897.01-0000535820.0001.CSV,.csv,119216,ok,True,True,text,True,0,0,601,False,0,False,100+,Money/Amount,False,Financial Account Information,False,,ambiguous,True,no,15047,likely_non_responsive,roster_by_rowcount bde_llm_count,False,False,0,0,0,0,0,0,64.583,True,False,False,stage1_nr,False,,,0,False,,False,,15047
CNG_Data2k_variance/files/Q00897.01-0000248439.PDF,Q00897.01-0000248439.PDF,.pdf,69860,ok,True,True,text,True,5,0,39,False,0,False,20-50,Name | Address | Email | Phone | Bank/Account Number | Money/Amount,True,Contact Information | Financial Account Information,False,,ambiguous,True,yes,9878,standard,bde_llm_count,True,True,5,0,0,0,0,1,11.261,False,False,True,,True,clear_no,no,5412,False,likely_non_responsive,True,,15290
CNG_Data2k_variance/files/Q00897.01-0000906595.PDF,Q00897.01-0000906595.PDF,.pdf,35848,ok,True,False,text,False,3,0,30,False,30,False,20-50,Name | Address | Phone | Money/Amount,True,Contact Information | Financial Account Information,False,,ambiguous,True,yes,15117,standard,bde_llm_count_roster,False,False,0,0,0,0,0,0,11.241,False,False,True,,True,likely_yes,yes,8018,False,standard,False,,23135
CNG_Data2k_variance/files/Q00897.01-0000466099.0002.PDF,Q00897.01-0000466099.0002.PDF,.pdf,10660812,ok,True,False,text,False,15,0,1,False,0,False,0-10,Address | Money/Amount | Work-Related,True,Contact Information | Financial Account Information | Work-Related Information,False,,ambiguous,True,no,8759,likely_non_responsive,,True,True,15,0,0,0,0,1,9.511,True,False,False,stage1_nr,False,,,0,False,,False,,8759
CNG_Data2k_variance/files/Q00897.01-0000124474.PDF,Q00897.01-0000124474.PDF,.pdf,3680830,ok,True,True,text,True,15,0,541,False,51,True,100+,Name | Address | Phone | Money/Amount,True,Contact Information | Financial Account Information,True,,ambiguous,True,yes,29644,structured_bde,bde_llm_count_roster,True,True,15,0,0,0,0,1,24.103,False,True,True,,True,likely_no,no,15356,True,likely_non_responsive,True,,45000
CNG_Data2k_variance/files/Q00897.01-0000524551.MSG,Q00897.01-0000524551.MSG,.msg,121856,ok,True,False,text,False,0,0,44,False,33,False,20-50,Name | Email | Phone | Money/Amount,True,Contact Information | Financial Account Information,False,,ambiguous,True,yes,12894,standard,bde_llm_count,False,False,0,0,0,0,0,0,67.767,False,False,True,,True,likely_no,no,7001,False,likely_non_responsive,True,,19895
CNG_Data2k_variance/files/Q00897.01-0000294917.XLSX,Q00897.01-0000294917.XLSX,.xlsx,10961,ok,True,True,text,True,1,0,4,False,4,False,0-10,Name | Money/Amount | Work-Related,False,Financial Account Information | Work-Related Information,False,,ambiguous,True,yes,7134,standard,bde_llm_count,False,False,0,0,0,0,0,0,4.741,False,False,True,,True,clear_yes,yes,4016,False,standard,False,,11150
CNG_Data2k_variance/files/Q00897.01-0000740512.MSG,Q00897.01-0000740512.MSG,.msg,595968,ok,True,False,text,False,0,0,2,False,0,False,0-10,Name | Money/Amount | Work-Related,True,Financial Account Information | Work-Related Information,False,,ambiguous,True,no,8444,likely_non_responsive,,False,False,0,0,0,0,0,0,4.389,True,False,False,stage1_nr,False,,,0,False,,False,,8444
CNG_Data2k_variance/files/Q00897.01-0000561886.0002.XLSX,Q00897.01-0000561886.0002.XLSX,.xlsx,648226,ok,True,True,text,True,1,0,88,False,0,False,50-100,Name,False,,False,,ambiguous,True,yes,15247,standard,bde_llm_count,False,False,0,0,0,0,0,0,5.783,False,False,True,,True,likely_no,no,8090,True,likely_non_responsive,True,,23337
CNG_Data2k_variance/files/Q00897.01-0000538928.0001.PDF,Q00897.01-0000538928.0001.PDF,.pdf,20968,ok,True,False,text,False,1,0,0,False,0,False,0-10,,False,,False,,clear_non_responsive,False,,0,likely_non_responsive,,False,False,0,0,0,0,0,0,0.02,True,False,False,stage1_nr,False,,,0,False,,False,,0
CNG_Data2k_variance\files\Q00897.01-0000851887.XLS,Q00897.01-0000851887.XLS,.xls,22225,ok,True,True,text,True,1,0,64,False,0,False,50-100,Money/Amount,False,Financial Account Information,False,,ambiguous,True,no,7296,likely_non_responsive,roster_by_rowcount bde_llm_count,False,False,0,0,0,0,0,0,2.46,True,False,False,stage1_nr,False,,,0,False,,False,,7296
CNG_Data2k_variance/files/Q00897.01-0000815665.0011.PDF,Q00897.01-0000815665.0011.PDF,.pdf,241496,ok,True,False,text,False,10,0,2,False,0,False,0-10,Name | Address | Phone | Money/Amount | Health,True,Contact Information | Financial Account Information | Health-Related Information,False,,ambiguous,True,no,8899,likely_non_responsive,,True,True,10,0,0,0,0,1,8.03,True,False,False,stage1_nr,False,,,0,False,,False,,8899
CNG_Data2k_variance/files/Q00897.01-0000861159.PDF,Q00897.01-0000861159.PDF,.pdf,253574,ok,True,False,text,False,2,0,2,False,0,False,0-10,SSN | Money/Amount,True,Government-Issued Identification | Financial Account Information,False,,clear_responsive,False,,0,standard,,False,False,0,0,0,0,0,0,1.701,False,False,True,,True,clear_yes,yes,3989,False,standard,False,,3989
CNG_Data2k_variance/files/Q00897.01-0000373122.MSG,Q00897.01-0000373122.MSG,.msg,229888,ok,True,False,text,False,0,0,3,False,0,False,0-10,Name | Address | Email | Phone | Money/Amount,True,Contact Information | Financial Account Information,False,,ambiguous,True,yes,5279,standard,,False,False,0,0,0,0,0,0,61.575,False,False,True,,True,clear_yes,yes,5330,False,standard,False,,10609
CNG_Data2k_variance/files/Q00897.01-0000656287.0004.PDF,Q00897.01-0000656287.0004.PDF,.pdf,405007,ok,True,False,text,False,3,0,2,False,0,False,0-10,Name | Address | Money/Amount,True,Contact Information | Financial Account Information,False,,ambiguous,True,no,4786,likely_non_responsive,"img_ocr:p1(1/2,+17chars)",False,False,0,2,2,1,0,2,10.279,True,False,False,stage1_nr,False,,,0,False,,False,,4786
CNG_Data2k_variance/files/Q00897.01-0000020864.PDF,Q00897.01-0000020864.PDF,.pdf,59235,ok,True,False,text,False,1,0,0,False,0,False,0-10,,False,,False,,clear_non_responsive,False,,0,likely_non_responsive,,False,False,0,0,0,0,0,0,0.031,True,False,False,stage1_nr,False,,,0,False,,False,,0
CNG_Data2k_variance/files/Q00897.01-0000079475.PDF,Q00897.01-0000079475.PDF,.pdf,89585,ok,True,False,text,False,1,0,1,False,0,False,0-10,Phone | Money/Amount,True,Contact Information | Financial Account Information,False,,ambiguous,True,no,4089,likely_non_responsive,"img_ocr:p1(1/1,+112chars)",False,False,0,1,1,1,0,1,5.547,True,False,False,stage1_nr,False,,,0,False,,False,,4089
CNG_Data2k_variance/files/Q00897.01-0000657645.MSG,Q00897.01-0000657645.MSG,.msg,225280,ok,True,False,text,False,0,2,1,False,0,False,0-10,Money/Amount,False,Financial Account Information,False,,clear_non_responsive,False,,0,likely_non_responsive,,False,False,0,0,0,0,0,0,0.17,True,False,False,stage1_nr,False,,,0,False,,False,,0
CNG_Data2k_variance/files/Q00897.01-0000275959.PDF,Q00897.01-0000275959.PDF,.pdf,297904,ok,True,False,text,False,2,0,1,False,0,False,0-10,Name | Address | Money/Amount,True,Contact Information | Financial Account Information,False,,ambiguous,True,no,4058,likely_non_responsive,,True,True,2,0,0,0,0,1,6.682,True,False,False,stage1_nr,False,,,0,False,,False,,4058
CNG_Data2k_variance/files/Q00897.01-0000134069.PDF,Q00897.01-0000134069.PDF,.pdf,1332095,ok,True,True,text,True,9,0,54,False,0,False,50-100,Name | Money/Amount,False,Financial Account Information,False,,ambiguous,True,yes,11795,standard,bde_llm_count,True,True,9,0,0,0,0,1,11.897,False,False,True,,True,likely_no,no,6376,True,likely_non_responsive,True,,18171
CNG_Data2k_variance/files/Q00897.01-0000742462.MSG,Q00897.01-0000742462.MSG,.msg,315904,ok,True,False,text,False,0,0,1,False,0,False,0-10,Name | Email | Phone | Money/Amount,True,Contact Information | Financial Account Information,False,,ambiguous,True,yes,5061,standard,,False,False,0,0,0,0,0,0,3.5,False,False,True,,True,likely_no,no,5180,False,likely_non_responsive,True,,10241
CNG_Data2k_variance/files/Q00897.01-0000106786.XLSX,Q00897.01-0000106786.XLSX,.xlsx,150444,ok,True,True,text,True,1,0,154,False,154,True,100+,Name | Phone | Money/Amount,True,Contact Information | Financial Account Information,True,,ambiguous,True,yes,14541,structured_bde,bde_llm_count_roster,False,False,0,0,0,0,0,0,8.028,False,True,True,,True,likely_no,no,7649,True,likely_non_responsive,True,,22190
CNG_Data2k_variance/files/Q00897.01-0000482343.0001.DOCX,Q00897.01-0000482343.0001.DOCX,.docx,23222,ok,True,False,text,False,0,0,1,False,0,False,0-10,Money/Amount,False,Financial Account Information,False,,clear_non_responsive,False,,0,likely_non_responsive,,False,False,0,0,0,0,0,0,0.047,True,False,False,stage1_nr,False,,,0,False,,False,,0
CNG_Data2k_variance/files/Q00897.01-0000013336.PDF,Q00897.01-0000013336.PDF,.pdf,313854,ok,True,False,text,False,1,0,3,False,0,False,0-10,Name | Money/Amount | Work-Related,False,Financial Account Information | Work-Related Information,False,,ambiguous,True,yes,5225,standard,,False,False,0,0,0,0,0,0,3.393,False,False,True,,True,clear_yes,yes,5256,False,standard,False,,10481
CNG_Data2k_variance/files/Q00897.01-0000032104.PDF,Q00897.01-0000032104.PDF,.pdf,401210,ok,True,True,text,True,2,0,17,False,1,False,10-20,Address | Phone | Bank/Account Number | Money/Amount,True,Contact Information | Financial Account Information,False,,ambiguous,True,no,8260,likely_non_responsive,bde_llm_count,True,True,2,0,0,0,0,1,7.545,True,False,False,stage1_nr,False,,,0,False,,False,,8260
CNG_Data2k_variance/files/Q00897.01-0000834018.0001.PDF,Q00897.01-0000834018.0001.PDF,.pdf,714987,ok,True,True,text,True,9,0,2,False,0,False,0-10,Address | Money/Amount,True,Contact Information | Financial Account Information,False,,ambiguous,True,no,16186,likely_non_responsive,bde_llm_count,True,True,9,0,0,0,0,1,13.446,True,False,False,stage1_nr,False,,,0,False,,False,,16186
CNG_Data2k_variance/files/Q00897.01-0000320439.TXT,Q00897.01-0000320439.TXT,.txt,131469,ok,True,False,text,False,0,0,1,False,0,False,0-10,Payment Card | Money/Amount | Health,True,Financial Account Information | Health-Related Information,False,,ambiguous,True,no,8966,likely_non_responsive,,False,False,0,0,0,0,0,0,1.265,True,False,False,stage1_nr,False,,,0,False,,False,,8966
CNG_Data2k_variance/files/Q00897.01-0000515787.MSG,Q00897.01-0000515787.MSG,.msg,30208,ok,True,False,text,False,0,0,15,False,6,False,10-20,Name | Address | Email | Phone | Money/Amount,True,Contact Information | Financial Account Information,False,,ambiguous,True,yes,8448,standard,bde_llm_count,False,False,0,0,0,0,0,0,6.283,False,False,True,,True,borderline,no,4699,False,likely_non_responsive,True,,13147
CNG_Data2k_variance\files\Q00897.01-0000854923.XLS,Q00897.01-0000854923.XLS,.xls,69000,ok,True,True,text,True,2,0,3,False,3,False,0-10,Name | Money/Amount,False,Financial Account Information,False,,ambiguous,True,yes,6860,standard,bde_llm_count_roster,False,False,0,0,0,0,0,0,4.631,False,False,True,,True,likely_yes,yes,3933,False,standard,False,,10793
CNG_Data2k_variance/files/Q00897.01-0000017770.PDF,Q00897.01-0000017770.PDF,.pdf,382748,ok,True,True,text,True,2,0,34,False,1,False,20-50,Name | Email | Money/Amount | Work-Related,True,Contact Information | Financial Account Information | Work-Related Information,False,,ambiguous,True,yes,8544,standard,bde_llm_count,True,True,2,0,0,0,0,1,10.25,False,False,True,,True,clear_yes,yes,4742,False,standard,False,,13286
CNG_Data2k_variance/files/Q00897.01-0000788960.0001.PDF,Q00897.01-0000788960.0001.PDF,.pdf,734644,ok,True,False,text,False,3,0,3,False,0,False,0-10,Name | Address | Email | Phone,True,Contact Information,False,,ambiguous,True,no,4461,likely_non_responsive,,True,True,3,0,0,0,0,1,6.404,True,False,False,stage1_nr,False,,,0,False,,False,,4461
CNG_Data2k_variance/files/Q00897.01-0000518999.0001.XLSX,Q00897.01-0000518999.0001.XLSX,.xlsx,174196,ok,True,True,text,True,1,0,550,False,0,True,100+,Phone | Money/Amount,True,Contact Information | Financial Account Information,True,,ambiguous,True,no,19600,structured_bde,bde_llm_count_roster,False,False,0,0,0,0,0,0,4.79,False,True,True,,True,clear_no,no,10258,True,likely_non_responsive,True,,29858
CNG_Data2k_variance/files/Q00897.01-0000471226.0001.XLSX,Q00897.01-0000471226.0001.XLSX,.xlsx,85727,ok,True,True,text,True,16,0,517,False,0,False,100+,Address | Phone | Money/Amount,True,Contact Information | Financial Account Information,False,,ambiguous,True,no,9895,likely_non_responsive,roster_by_rowcount bde_llm_count,False,False,0,0,0,0,0,0,3.315,True,False,False,stage1_nr,False,,,0,False,,False,,9895
CNG_Data2k_variance/files/Q00897.01-0000331985.PDF,Q00897.01-0000331985.PDF,.pdf,361150,ok,True,False,text,False,4,0,1,False,0,False,0-10,Name | Address | Phone | Bank/Account Number | Money/Amount,True,Contact Information | Financial Account Information,False,,ambiguous,True,yes,4524,standard,"img_ocr:p3(1/1,+517chars)",False,False,0,1,1,1,0,1,7.141,False,False,True,,True,likely_no,no,4601,False,likely_non_responsive,True,,9125
CNG_Data2k_variance/files/Q00897.01-0000670309.0001.PDF,Q00897.01-0000670309.0001.PDF,.pdf,27674,ok,True,False,text,False,10,0,37,False,0,False,20-50,Name | Address | Phone | Account Balance | Money/Amount,True,Contact Information | Financial Account Information,False,,ambiguous,True,yes,18632,standard,bde_llm_count,False,False,0,0,0,0,0,0,4.692,False,False,True,,True,clear_no,no,9769,False,likely_non_responsive,True,,28401
CNG_Data2k_variance/files/Q00897.01-0000244789.PDF,Q00897.01-0000244789.PDF,.pdf,244086,ok,True,True,text,True,15,0,116,False,0,False,100+,Name | Address | Phone | Bank/Account Number | Money/Amount | Health,True,Contact Information | Financial Account Information | Health-Related Information,False,,ambiguous,True,yes,12375,standard,bde_llm_count,True,True,15,0,0,0,0,1,11.9,False,False,True,,True,likely_no,no,6638,True,likely_non_responsive,True,,19013
CNG_Data2k_variance/files/Q00897.01-0000898265.PDF,Q00897.01-0000898265.PDF,.pdf,19627,ok,True,False,text,False,3,0,1,False,0,False,0-10,Name | Address | Phone | Money/Amount,True,Contact Information | Financial Account Information,False,,ambiguous,True,yes,5948,standard,,False,False,0,0,0,0,0,0,3.032,False,False,True,,True,likely_yes,yes,6020,False,standard,False,,11968
CNG_Data2k_variance/files/Q00897.01-0000901445.PDF,Q00897.01-0000901445.PDF,.pdf,18941,ok,True,False,text,False,3,0,1,False,0,False,0-10,Name | Address | Phone | Money/Amount,True,Contact Information | Financial Account Information,False,,ambiguous,True,yes,5734,standard,,False,False,0,0,0,0,0,0,3.572,False,False,True,,True,likely_no,no,5782,False,likely_non_responsive,True,,11516
CNG_Data2k_variance/files/Q00897.01-0000016057.PDF,Q00897.01-0000016057.PDF,.pdf,495975,ok,True,False,text,False,1,0,1,False,0,False,0-10,Name | Address | Money/Amount,True,Contact Information | Financial Account Information,False,,ambiguous,True,yes,4523,standard,,False,False,0,0,0,0,0,0,3.15,False,False,True,,True,clear_yes,yes,4557,False,standard,False,,9080
CNG_Data2k_variance/files/Q00897.01-0000898493.PDF,Q00897.01-0000898493.PDF,.pdf,13335,ok,True,False,text,False,2,0,1,False,0,False,0-10,Money/Amount,False,Financial Account Information,False,,clear_non_responsive,False,,0,likely_non_responsive,,False,False,0,0,0,0,0,0,0.14,True,False,False,stage1_nr,False,,,0,False,,False,,0
CNG_Data2k_variance/files/Q00897.01-0000474241.MSG,Q00897.01-0000474241.MSG,.msg,2086400,ok,True,False,text,False,0,3,7,False,7,False,0-10,Name | Address | Email | Phone | Bank/Account Number | Money/Amount,True,Contact Information | Financial Account Information,False,,ambiguous,True,yes,12582,standard,bde_llm_count,False,False,0,0,0,0,0,0,6.028,False,False,True,,True,likely_no,no,6722,False,likely_non_responsive,True,,19304
CNG_Data2k_variance/files/Q00897.01-0000906275.PDF,Q00897.01-0000906275.PDF,.pdf,21849,ok,True,False,text,False,5,0,1,False,0,False,0-10,Address | Phone,True,Contact Information,False,,ambiguous,True,no,6245,likely_non_responsive,,False,False,0,0,0,0,0,0,2.228,True,False,False,stage1_nr,False,,,0,False,,False,,6245
CNG_Data2k_variance/files/Q00897.01-0000412748.0001.PDF,Q00897.01-0000412748.0001.PDF,.pdf,67506,ok,True,False,text,False,23,0,18,False,10,False,10-20,Name | Card/Transaction | Money/Amount,False,Financial Account Information,False,,ambiguous,True,yes,30846,standard,bde_llm_count,False,False,0,0,0,0,0,0,9.097,False,False,True,,True,likely_no,no,15923,False,likely_non_responsive,True,,46769
CNG_Data2k_variance/files/Q00897.01-0000135879.PDF,Q00897.01-0000135879.PDF,.pdf,19026467,ok,True,True,text,True,15,0,292,False,0,False,100+,Name | Address | Email | Phone | Money/Amount,True,Contact Information | Financial Account Information,False,,ambiguous,True,yes,23300,standard,bde_llm_count,True,True,15,0,0,0,0,1,14.162,False,False,True,,True,likely_no,no,12098,True,likely_non_responsive,True,,35398
CNG_Data2k_variance/files/Q00897.01-0000765390.0001.PDF,Q00897.01-0000765390.0001.PDF,.pdf,3098817,ok,True,False,text,False,28,0,14,False,7,False,10-20,Name | Address | Email | Phone | Health | Work-Related,True,Contact Information | Health-Related Information | Work-Related Information,False,,ambiguous,True,yes,17889,standard,bde_llm_count,False,False,0,0,0,0,0,0,7.972,False,False,True,,True,clear_yes,yes,9426,False,standard,False,,27315
CNG_Data2k_variance/files/Q00897.01-0000438166.0001.XLSX,Q00897.01-0000438166.0001.XLSX,.xlsx,79694,ok,True,True,text,True,4,0,91,False,0,False,50-100,Phone | Payment Card | Money/Amount,True,Contact Information | Financial Account Information,False,,ambiguous,True,no,10649,likely_non_responsive,bde_llm_count,False,False,0,0,0,0,0,0,2.636,True,False,False,stage1_nr,False,,,0,False,,False,,10649
CNG_Data2k_variance/files/Q00897.01-0000504423.MSG,Q00897.01-0000504423.MSG,.msg,93696,ok,True,False,text,False,0,0,3,False,0,False,0-10,Name | Address | Email | Tax ID | Money/Amount,True,Contact Information | Government-Issued Identification | Financial Account Information,False,,ambiguous,True,yes,4536,standard,,False,False,0,0,0,0,0,0,4.176,False,False,True,,True,borderline,no,4600,False,likely_non_responsive,True,,9136
CNG_Data2k_variance/files/Q00897.01-0000774177.0001.DOCX,Q00897.01-0000774177.0001.DOCX,.docx,16636,ok,True,False,text,False,0,0,1,False,0,False,0-10,Name | Date of Birth,True,Birth Information,False,,ambiguous,True,yes,4096,standard,,False,False,0,0,0,0,0,0,3.082,False,False,True,,True,clear_yes,yes,4144,False,standard,False,,8240
CNG_Data2k_variance/files/Q00897.01-0000404378.0001.XLSX,Q00897.01-0000404378.0001.XLSX,.xlsx,171126,ok,True,True,text,True,11,0,102,False,0,False,100+,Payment Card | Money/Amount,True,Financial Account Information,False,,ambiguous,True,no,14981,likely_non_responsive,bde_llm_count,False,False,0,0,0,0,0,0,2.795,True,False,False,stage1_nr,False,,,0,False,,False,,14981
CNG_Data2k_variance/files/Q00897.01-0000365622.MSG,Q00897.01-0000365622.MSG,.msg,219136,ok,True,False,text,False,0,0,1,False,0,False,0-10,Address | Email | Money/Amount,True,Contact Information | Financial Account Information,False,,ambiguous,True,no,4637,likely_non_responsive,,False,False,0,0,0,0,0,0,2.495,True,False,False,stage1_nr,False,,,0,False,,False,,4637
