rel_path,file_name,ext,size_bytes,status,searchable,programmatic,text_extractable,is_structured,page_or_sheet_count,attachment_count,estimated_entities,estimate_truncated,bde_person_count,bde_confirmed,entity_bucket,entities_found,value_signal,pi_categories,is_bde,complexity_bucket,ambiguity,llm_consulted,llm_responsive,llm_tokens,suggested_lane,detail,ocr_attempted,ocr,ocr_pages,img_ocr_qualifying,img_ocr_calls,img_ocr_ok,img_decode_failed,di_calls,elapsed_s,nr_stage1,bde_stage1,s2_ran,s2_skip_reason,s2_llm_consulted,s2_llm_responsiveness,s2_llm_responsive,s2_llm_tokens,s2_is_bde,s2_lane,s2_nr,s2_detail,llm_tokens_total
CNG_Data2k_variance/files/Q00897.01-0000736571.MSG,Q00897.01-0000736571.MSG,.msg,459264,ok,True,False,text,False,0,0,1,False,0,False,0-10,Name | Money/Amount | Health | Work-Related,True,Financial Account Information | Health-Related Information | Work-Related Information,False,,ambiguous,True,no,7269,likely_non_responsive,,False,False,0,0,0,0,0,0,4.286,True,False,False,stage1_nr,False,,,0,False,,False,,7269
CNG_Data2k_variance/files/Q00897.01-0000909631.PDF,Q00897.01-0000909631.PDF,.pdf,2744976,ok,True,False,text,False,516,0,495,False,51,True,100+,Name | Address | Phone | SSN | Money/Amount | Work-Related,True,Contact Information | Government-Issued Identification | Financial Account Information | Work-Related Information,True,,clear_responsive,False,,13074,bde,"img_ocr:p1,p1,p1,p1,p1,p6,p6,p7,p9,p11,p22,p24,p29(13/14,+355chars) bde_llm_count_roster",False,False,0,14,14,13,0,14,94.615,False,True,True,,True,clear_yes,yes,13991,True,bde,False,,27065
CNG_Data2k_variance/files/Q00897.01-0000332103.0001.PDF,Q00897.01-0000332103.0001.PDF,.pdf,347266,ok,True,False,text,False,4,0,1,False,0,False,0-10,Name | Address | Bank/Account Number | Money/Amount,True,Contact Information | Financial Account Information,False,,ambiguous,True,yes,4399,standard,"img_ocr:p2(1/1,+357chars)",False,False,0,1,1,1,0,1,7.807,False,False,True,,True,likely_no,no,4449,False,likely_non_responsive,True,,8848
CNG_Data2k_variance/files/Q00897.01-0000656045.MSG,Q00897.01-0000656045.MSG,.msg,249856,ok,True,False,text,False,0,3,3,False,0,False,0-10,Name | Email | Phone | Money/Amount,True,Contact Information | Financial Account Information,False,,ambiguous,True,no,4128,likely_non_responsive,,False,False,0,0,0,0,0,0,2.373,True,False,False,stage1_nr,False,,,0,False,,False,,4128
CNG_Data2k_variance/files/Q00897.01-0000109435.XLSX,Q00897.01-0000109435.XLSX,.xlsx,17031,ok,True,True,text,True,2,0,114,False,2,False,100+,,False,,False,,ambiguous,True,no,7138,likely_non_responsive,roster_by_rowcount bde_llm_count,False,False,0,0,0,0,0,0,13.267,True,False,False,stage1_nr,False,,,0,False,,False,,7138
CNG_Data2k_variance/files/Q00897.01-0000868672.TXT,Q00897.01-0000868672.TXT,.txt,165470,ok,True,False,text,False,0,0,168,False,0,False,100+,Address | Phone | Money/Amount,True,Contact Information | Financial Account Information,False,,ambiguous,True,no,33297,likely_non_responsive,bde_llm_count,False,False,0,0,0,0,0,0,3.148,True,False,False,stage1_nr,False,,,0,False,,False,,33297
CNG_Data2k_variance/files/Q00897.01-0000688078.MSG,Q00897.01-0000688078.MSG,.msg,239616,ok,True,False,text,False,0,0,2,False,0,False,0-10,Name | Address | Email | Phone,True,Contact Information,False,,ambiguous,True,no,5298,likely_non_responsive,,False,False,0,0,0,0,0,0,2.402,True,False,False,stage1_nr,False,,,0,False,,False,,5298
CNG_Data2k_variance/files/Q00897.01-0000100244.DOCX,Q00897.01-0000100244.DOCX,.docx,62434,ok,True,False,text,False,0,0,1,False,0,False,0-10,Money/Amount,False,Financial Account Information,False,,clear_non_responsive,False,,0,likely_non_responsive,,False,False,0,0,0,0,0,0,0.05,True,False,False,stage1_nr,False,,,0,False,,False,,0
CNG_Data2k_variance/files/Q00897.01-0000540936.0001.PDF,Q00897.01-0000540936.0001.PDF,.pdf,676469,ok,True,False,text,False,4,0,1,False,0,False,0-10,Money/Amount,False,Financial Account Information,False,,clear_non_responsive,False,,0,likely_non_responsive,,False,False,0,0,0,0,0,0,3.489,True,False,False,stage1_nr,False,,,0,False,,False,,0
CNG_Data2k_variance/files/Q00897.01-0000286156.PDF,Q00897.01-0000286156.PDF,.pdf,3406072,ok,True,False,text,False,5,0,5,False,0,False,0-10,Name | Address,True,Contact Information,False,,ambiguous,True,yes,5243,standard,,True,True,5,0,0,0,0,1,13.181,False,False,True,,True,clear_yes,yes,5288,False,standard,False,,10531
CNG_Data2k_variance/files/Q00897.01-0000836237.0001.DOCX,Q00897.01-0000836237.0001.DOCX,.docx,54460,ok,True,False,text,False,0,0,1,False,0,False,0-10,Name | Address,True,Contact Information,False,,ambiguous,True,yes,6687,standard,,False,False,0,0,0,0,0,0,3.29,False,False,True,,True,borderline,no,6749,False,likely_non_responsive,True,,13436
CNG_Data2k_variance/files/Q00897.01-0000858983.PDF,Q00897.01-0000858983.PDF,.pdf,62118,ok,True,False,text,False,1,0,1,False,0,False,0-10,Name | Money/Amount,True,Financial Account Information,False,,ambiguous,True,yes,3979,standard,,False,False,0,0,0,0,0,0,3.489,False,False,True,,True,likely_yes,yes,4026,False,standard,False,,8005
CNG_Data2k_variance/files/Q00897.01-0000138897.PDF,Q00897.01-0000138897.PDF,.pdf,3078733,ok,True,True,text,True,15,0,260,False,6,False,100+,Name | Address | Email | Phone | Money/Amount,True,Contact Information | Financial Account Information,False,,ambiguous,True,yes,21381,standard,bde_llm_count,True,True,15,0,0,0,0,1,20.092,False,False,True,,True,likely_yes,yes,11092,True,structured_bde,False,,32473
CNG_Data2k_variance/files/Q00897.01-0000291183.PDF,Q00897.01-0000291183.PDF,.pdf,352769,ok,True,True,text,True,2,0,5,False,3,False,0-10,Name | Address | Email | Phone | Money/Amount | Health,True,Contact Information | Financial Account Information | Health-Related Information,False,,ambiguous,True,yes,7212,standard,bde_llm_count,True,True,2,0,0,0,0,1,13.018,False,False,True,,True,clear_yes,yes,4075,False,standard,False,,11287
CNG_Data2k_variance/files/Q00897.01-0000865492.PDF,Q00897.01-0000865492.PDF,.pdf,102368,ok,True,False,text,False,1,0,1,False,0,False,0-10,Name | Address | Money/Amount,True,Contact Information | Financial Account Information,False,,ambiguous,True,yes,3957,standard,,False,False,0,0,0,0,0,0,4.516,False,False,True,,True,clear_yes,yes,4024,False,standard,False,,7981
CNG_Data2k_variance/files/Q00897.01-0000614391.0001.PPTX,Q00897.01-0000614391.0001.PPTX,.pptx,6428543,ok,True,False,text,False,25,0,3,False,0,False,0-10,Name | Card/Transaction | Money/Amount,False,Financial Account Information,False,,ambiguous,True,no,4582,likely_non_responsive,,False,False,0,0,0,0,0,0,4.233,True,False,False,stage1_nr,False,,,0,False,,False,,4582
CNG_Data2k_variance/files/Q00897.01-0000647502.MSG,Q00897.01-0000647502.MSG,.msg,168960,ok,True,False,text,False,0,0,1,False,0,False,0-10,Address | Email,True,Contact Information,False,,ambiguous,True,no,8648,likely_non_responsive,,False,False,0,0,0,0,0,0,1.653,True,False,False,stage1_nr,False,,,0,False,,False,,8648
CNG_Data2k_variance/files/Q00897.01-0000279746.PDF,Q00897.01-0000279746.PDF,.pdf,25933,ok,True,False,text,False,1,0,2,False,0,False,0-10,Name | Address | Phone,True,Contact Information,False,,ambiguous,True,yes,3861,standard,,True,True,1,0,0,0,0,1,7.901,False,False,True,,True,likely_yes,yes,3914,False,standard,False,,7775
CNG_Data2k_variance/files/Q00897.01-0000411955.MSG,Q00897.01-0000411955.MSG,.msg,242176,ok,True,False,text,False,0,0,1,False,0,False,0-10,Name | Address | Email | Credentials,True,Contact Information | Access Credentials,False,,ambiguous,True,yes,4610,standard,,False,False,0,0,0,0,0,0,7.24,False,False,True,,True,likely_no,no,4697,False,likely_non_responsive,True,,9307
CNG_Data2k_variance/files/Q00897.01-0000904896.PDF,Q00897.01-0000904896.PDF,.pdf,17178,ok,True,True,text,True,2,0,28,False,1,False,20-50,Name | Address | Phone | Money/Amount | Work-Related,True,Contact Information | Financial Account Information | Work-Related Information,False,,ambiguous,True,yes,8197,standard,bde_llm_count,True,True,2,0,0,0,0,1,10.812,False,False,True,,True,clear_yes,yes,4557,False,standard,False,,12754
CNG_Data2k_variance/files/Q00897.01-0000763576.0001.PDF,Q00897.01-0000763576.0001.PDF,.pdf,85881,ok,True,False,text,False,1,0,2,False,0,False,0-10,Name | Phone,True,Contact Information,False,,ambiguous,True,no,4009,likely_non_responsive,,False,False,0,0,0,0,0,0,1.313,True,False,False,stage1_nr,False,,,0,False,,False,,4009
CNG_Data2k_variance/files/Q00897.01-0000244619.PDF,Q00897.01-0000244619.PDF,.pdf,46404,ok,True,True,text,True,5,0,38,False,0,False,20-50,Name | Address | Phone | Bank/Account Number | Money/Amount,True,Contact Information | Financial Account Information,False,,ambiguous,True,no,8361,likely_non_responsive,bde_llm_count,True,True,5,0,0,0,0,1,9.951,True,False,False,stage1_nr,False,,,0,False,,False,,8361
CNG_Data2k_variance/files/Q00897.01-0000403767.0001.XLSX,Q00897.01-0000403767.0001.XLSX,.xlsx,29210,ok,True,True,text,True,4,0,225,False,2,False,100+,Name,False,,False,,ambiguous,True,no,7071,likely_non_responsive,roster_by_rowcount bde_llm_count,False,False,0,0,0,0,0,0,3.212,True,False,False,stage1_nr,False,,,0,False,,False,,7071
CNG_Data2k_variance/files/Q00897.01-0000680059.MSG,Q00897.01-0000680059.MSG,.msg,48640,ok,True,False,text,False,0,0,7,False,4,False,0-10,Name | Address | Email | Phone,True,Contact Information,False,,ambiguous,True,yes,12329,standard,bde_llm_count,False,False,0,0,0,0,0,0,7.807,False,False,True,,True,likely_yes,yes,6610,False,standard,False,,18939
CNG_Data2k_variance/files/Q00897.01-0000859332.PDF,Q00897.01-0000859332.PDF,.pdf,49268,ok,True,False,text,False,1,0,1,False,0,False,0-10,Money/Amount,False,Financial Account Information,False,,clear_non_responsive,False,,0,likely_non_responsive,,False,False,0,0,0,0,0,0,0.132,True,False,False,stage1_nr,False,,,0,False,,False,,0
CNG_Data2k_variance/files/Q00897.01-0000307404.MSG,Q00897.01-0000307404.MSG,.msg,146432,ok,True,False,text,False,0,2,8,False,6,False,0-10,Name | Address | Email | Phone | Card/Transaction | Money/Amount,True,Contact Information | Financial Account Information,False,,ambiguous,True,yes,13951,standard,bde_llm_count,False,False,0,0,0,0,0,0,17.058,False,False,True,,True,likely_no,no,7446,False,likely_non_responsive,True,,21397
CNG_Data2k_variance/files/Q00897.01-0000790830.MSG,Q00897.01-0000790830.MSG,.msg,62464,ok,True,False,text,False,0,1,4,False,0,False,0-10,Name | Address | Email | Phone | Health,True,Contact Information | Health-Related Information,False,,ambiguous,True,yes,6089,standard,,False,False,0,0,0,0,0,0,5.013,False,False,True,,True,likely_yes,yes,6144,False,standard,False,,12233
CNG_Data2k_variance/files/Q00897.01-0000242546.PDF,Q00897.01-0000242546.PDF,.pdf,683953,ok,True,True,text,True,2,0,11,False,1,False,10-20,Name | Address | Email | Phone | Money/Amount,True,Contact Information | Financial Account Information,False,,ambiguous,True,yes,7980,standard,bde_llm_count,True,True,2,0,0,0,0,1,11.637,False,False,True,,True,likely_no,no,4448,False,likely_non_responsive,True,,12428
CNG_Data2k_variance/files/Q00897.01-0000457982.0001.PDF,Q00897.01-0000457982.0001.PDF,.pdf,933715,ok,True,False,text,False,43,0,3,False,0,False,0-10,Payment Card | Card/Transaction | Money/Amount,True,Financial Account Information,False,,ambiguous,True,no,13690,likely_non_responsive,,False,False,0,0,0,0,0,0,3.195,True,False,False,stage1_nr,False,,,0,False,,False,,13690
CNG_Data2k_variance/files/Q00897.01-0000912141.PDF,Q00897.01-0000912141.PDF,.pdf,17954,ok,True,True,text,True,3,0,66,False,59,True,50-100,Phone | SSN | Money/Amount,True,Contact Information | Government-Issued Identification | Financial Account Information,True,,clear_responsive,False,,4839,structured_bde,bde_llm_count_roster,True,True,3,0,0,0,0,1,16.446,False,True,True,,True,clear_yes,yes,6117,True,structured_bde,False,,10956
CNG_Data2k_variance/files/Q00897.01-0000774213.MSG,Q00897.01-0000774213.MSG,.msg,39936,ok,True,False,text,False,0,0,3,False,0,False,0-10,Name | Address | Email | Phone | Work-Related,True,Contact Information | Work-Related Information,False,,ambiguous,True,yes,4774,standard,,False,False,0,0,0,0,0,0,5.095,False,False,True,,True,likely_no,no,4850,False,likely_non_responsive,True,,9624
CNG_Data2k_variance/files/Q00897.01-0000078361.PDF,Q00897.01-0000078361.PDF,.pdf,608316,ok,True,True,text,True,1,0,19,False,1,False,10-20,Name | Address | Bank/Account Number | Money/Amount,True,Contact Information | Financial Account Information,False,,ambiguous,True,yes,8125,standard,bde_llm_count,True,True,1,0,0,0,0,1,24.155,False,False,True,,True,likely_no,no,4520,False,likely_non_responsive,True,,12645
CNG_Data2k_variance/files/Q00897.01-0000834957.0001.PDF,Q00897.01-0000834957.0001.PDF,.pdf,102530,ok,True,False,text,False,5,0,2,False,0,False,0-10,Name | Address | Card Expiry/CVV | Card/Transaction | Money/Amount | Credentials,True,Contact Information | Financial Account Information | Access Credentials,False,,ambiguous,True,no,8332,likely_non_responsive,,False,False,0,0,0,0,0,0,2.669,True,False,False,stage1_nr,False,,,0,False,,False,,8332
CNG_Data2k_variance/files/Q00897.01-0000331985.PDF,Q00897.01-0000331985.PDF,.pdf,361150,ok,True,False,text,False,4,0,1,False,0,False,0-10,Name | Address | Phone | Bank/Account Number | Money/Amount,True,Contact Information | Financial Account Information,False,,ambiguous,True,yes,4548,standard,"img_ocr:p3(1/1,+517chars)",False,False,0,1,1,1,0,1,9.21,False,False,True,,True,borderline,no,4591,False,likely_non_responsive,True,,9139
CNG_Data2k_variance/files/Q00897.01-0000792702.MSG,Q00897.01-0000792702.MSG,.msg,50176,error,False,False,,False,0,0,0,False,0,False,,,False,,False,,,False,,0,review_error,MalformedRtf,False,False,0,0,0,0,0,0,0.948,False,False,False,extract_error,False,,,0,False,,False,,0
CNG_Data2k_variance/files/Q00897.01-0000276503.PDF,Q00897.01-0000276503.PDF,.pdf,250449,ok,True,False,text,False,2,0,3,False,0,False,0-10,Name | Address | Phone | Money/Amount,True,Contact Information | Financial Account Information,False,,ambiguous,True,no,4022,likely_non_responsive,,True,True,2,0,0,0,0,1,6.737,True,False,False,stage1_nr,False,,,0,False,,False,,4022
CNG_Data2k_variance/files/Q00897.01-0000807229.MSG,Q00897.01-0000807229.MSG,.msg,180736,ok,True,False,text,False,0,7,12,False,6,False,10-20,Name | Address | Email | Phone,True,Contact Information,False,,ambiguous,True,yes,11510,standard,bde_llm_count,False,False,0,0,0,0,0,0,8.378,False,False,True,,True,clear_no,no,6198,False,likely_non_responsive,True,,17708
CNG_Data2k_variance/files/Q00897.01-0000294501.PDF,Q00897.01-0000294501.PDF,.pdf,1626754,ok,True,False,text,False,10,0,1,False,0,False,0-10,Money/Amount,False,Financial Account Information,False,,clear_non_responsive,False,,0,likely_non_responsive,,False,False,0,0,0,0,0,0,1.786,True,False,False,stage1_nr,False,,,0,False,,False,,0
CNG_Data2k_variance/files/Q00897.01-0000341571.PDF,Q00897.01-0000341571.PDF,.pdf,210016,ok,True,False,text,False,1,0,1,False,0,False,0-10,Name | Money/Amount | Student ID,True,Financial Account Information | Student-Related Information,False,,ambiguous,True,yes,3864,standard,,False,False,0,0,0,0,0,0,4.391,False,False,True,,True,likely_yes,yes,3903,False,standard,False,,7767
CNG_Data2k_variance/files/Q00897.01-0000267041.XLSX,Q00897.01-0000267041.XLSX,.xlsx,13210,ok,True,True,text,True,1,0,30,False,0,False,20-50,Phone | Money/Amount,True,Contact Information | Financial Account Information,False,,ambiguous,True,no,10460,likely_non_responsive,bde_llm_count,False,False,0,0,0,0,0,0,4.967,True,False,False,stage1_nr,False,,,0,False,,False,,10460
CNG_Data2k_variance/files/Q00897.01-0000021802.PDF,Q00897.01-0000021802.PDF,.pdf,361457,ok,True,False,text,False,1,0,7,False,7,False,0-10,Name | Money/Amount | Work-Related,False,Financial Account Information | Work-Related Information,False,,ambiguous,True,yes,31718,standard,bde_llm_count_roster,False,False,0,0,0,0,0,0,16.821,False,False,True,,True,clear_yes,yes,16409,False,standard,False,,48127
CNG_Data2k_variance/files/Q00897.01-0000794325.0001.PDF,Q00897.01-0000794325.0001.PDF,.pdf,3810632,ok,True,False,text,False,17,0,16,False,16,False,10-20,Name | Money/Amount | Work-Related,True,Financial Account Information | Work-Related Information,False,,ambiguous,True,yes,17204,standard,"img_ocr:p2(1/1,+52chars) bde_llm_count_roster",False,False,0,1,1,1,0,1,19.784,False,False,True,,True,likely_yes,yes,8998,False,standard,False,,26202
CNG_Data2k_variance/files/Q00897.01-0000544262.0001.PDF,Q00897.01-0000544262.0001.PDF,.pdf,23620,ok,True,False,text,False,1,0,1,False,0,False,0-10,Money/Amount,False,Financial Account Information,False,,clear_non_responsive,False,,0,likely_non_responsive,,False,False,0,0,0,0,0,0,0.046,True,False,False,stage1_nr,False,,,0,False,,False,,0
CNG_Data2k_variance/files/Q00897.01-0000445390.MSG,Q00897.01-0000445390.MSG,.msg,455168,ok,True,False,text,False,0,1,4,False,0,False,0-10,Name | Address | Email | Money/Amount,True,Contact Information | Financial Account Information,False,,ambiguous,True,no,3982,likely_non_responsive,,False,False,0,0,0,0,0,0,2.621,True,False,False,stage1_nr,False,,,0,False,,False,,3982
CNG_Data2k_variance/files/Q00897.01-0000809649.0001.DOCX,Q00897.01-0000809649.0001.DOCX,.docx,60526,ok,True,False,text,False,0,0,1,False,0,False,0-10,Address | Health,True,Contact Information | Health-Related Information,False,,ambiguous,True,no,5680,likely_non_responsive,,False,False,0,0,0,0,0,0,1.254,True,False,False,stage1_nr,False,,,0,False,,False,,5680
CNG_Data2k_variance/files/Q00897.01-0000277533.XLSX,Q00897.01-0000277533.XLSX,.xlsx,29629,ok,True,True,text,True,3,0,79,False,79,True,50-100,Name | Address | Email | Phone,True,Contact Information,True,,ambiguous,True,yes,10476,structured_bde,roster_by_rowcount bde_llm_count_roster,False,False,0,0,0,0,0,0,7.596,False,True,True,,True,clear_no,no,5603,True,likely_non_responsive,True,,16079
CNG_Data2k_variance/files/Q00897.01-0000238553.PDF,Q00897.01-0000238553.PDF,.pdf,2661071,ok,True,True,text,True,8,0,9,False,0,False,0-10,Name | Address | Account Balance | Money/Amount | Demographic | Work-Related,True,Contact Information | Financial Account Information | Demographic Information | Work-Related Information,False,,ambiguous,True,yes,17124,standard,bde_llm_count,True,True,8,0,0,0,0,1,19.87,False,False,True,,True,likely_no,no,9024,False,likely_non_responsive,True,,26148
CNG_Data2k_variance/files/Q00897.01-0000669368.0002.PDF,Q00897.01-0000669368.0002.PDF,.pdf,9945,ok,True,False,text,False,9,0,8,False,0,False,0-10,Name | Address | Phone | Bank/Account Number | Money/Amount,True,Contact Information | Financial Account Information,False,,ambiguous,True,no,8562,likely_non_responsive,bde_llm_count,False,False,0,0,0,0,0,0,3.832,True,False,False,stage1_nr,False,,,0,False,,False,,8562
CNG_Data2k_variance/files/Q00897.01-0000062491.PDF,Q00897.01-0000062491.PDF,.pdf,340635,ok,True,True,text,True,1,0,13,False,0,False,10-20,Name | Address | Phone | Tax ID | Money/Amount,True,Contact Information | Government-Issued Identification | Financial Account Information,False,,ambiguous,True,no,7730,likely_non_responsive,bde_llm_count,True,True,1,0,0,0,0,1,12.632,True,False,False,stage1_nr,False,,,0,False,,False,,7730
CNG_Data2k_variance/files/Q00897.01-0000298047.XLSX,Q00897.01-0000298047.XLSX,.xlsx,37391,ok,True,True,text,True,4,0,721,False,721,True,100+,Phone | Payment Card | Card/Transaction | Money/Amount,True,Contact Information | Financial Account Information,True,,ambiguous,True,yes,7063,structured_bde,roster_by_rowcount bde_llm_count_roster,False,False,0,0,0,0,0,0,14.04,False,True,True,,True,likely_no,no,3973,True,likely_non_responsive,True,,11036
CNG_Data2k_variance/files/Q00897.01-0000372456.MSG,Q00897.01-0000372456.MSG,.msg,172544,ok,True,False,text,False,0,0,3,False,0,False,0-10,Name | Address | Email | Phone | Card Expiry/CVV | Money/Amount,True,Contact Information | Financial Account Information,False,,ambiguous,True,no,4342,likely_non_responsive,,False,False,0,0,0,0,0,0,2.057,True,False,False,stage1_nr,False,,,0,False,,False,,4342
CNG_Data2k_variance/files/Q00897.01-0000869610.TXT,Q00897.01-0000869610.TXT,.txt,800,ok,True,False,text,False,0,0,1,False,0,False,0-10,Phone | Money/Amount,True,Contact Information | Financial Account Information,False,,ambiguous,True,no,3994,likely_non_responsive,,False,False,0,0,0,0,0,0,1.137,True,False,False,stage1_nr,False,,,0,False,,False,,3994
CNG_Data2k_variance\files\Q00897.01-0000851305.XLS,Q00897.01-0000851305.XLS,.xls,22219,ok,True,True,text,True,1,0,66,False,0,False,50-100,Money/Amount,False,Financial Account Information,False,,ambiguous,True,no,7271,likely_non_responsive,roster_by_rowcount bde_llm_count,False,False,0,0,0,0,0,0,4.484,True,False,False,stage1_nr,False,,,0,False,,False,,7271
CNG_Data2k_variance/files/Q00897.01-0000854738.XLSX,Q00897.01-0000854738.XLSX,.xlsx,17780,ok,True,True,text,True,3,0,1,False,1,False,0-10,Name | Money/Amount,False,Financial Account Information,False,,ambiguous,True,yes,8192,standard,bde_llm_count,False,False,0,0,0,0,0,0,4.514,False,False,True,,True,clear_yes,yes,4564,False,standard,False,,12756
CNG_Data2k_variance/files/Q00897.01-0000295239.PDF,Q00897.01-0000295239.PDF,.pdf,312386,ok,True,False,text,False,6,0,4,False,0,False,0-10,Name | Address | Email | Phone | Bank/Account Number | Money/Amount,True,Contact Information | Financial Account Information,False,,ambiguous,True,yes,5186,standard,"img_ocr:p2(1/1,+7chars)",False,False,0,1,1,1,0,1,18.186,False,False,True,,True,borderline,no,5237,False,likely_non_responsive,True,,10423
CNG_Data2k_variance/files/Q00897.01-0000913590.PDF,Q00897.01-0000913590.PDF,.pdf,79413,ok,True,True,text,True,2,0,9,False,3,False,0-10,SSN | Money/Amount,True,Government-Issued Identification | Financial Account Information,False,,clear_responsive,False,,4699,standard,bde_llm_count_roster,True,True,2,0,0,0,0,1,8.534,False,False,True,,True,clear_yes,yes,5547,False,standard,False,,10246
CNG_Data2k_variance/files/Q00897.01-0000346683.PDF,Q00897.01-0000346683.PDF,.pdf,157364,ok,True,False,text,False,3,0,59,False,59,True,50-100,Name | Phone | Money/Amount,True,Contact Information | Financial Account Information,True,,ambiguous,True,yes,13498,bde,bde_llm_count_roster,False,False,0,0,0,0,0,0,13.351,False,True,True,,True,clear_yes,yes,7393,True,bde,False,,20891
CNG_Data2k_variance/files/Q00897.01-0000751987.MSG,Q00897.01-0000751987.MSG,.msg,75264,ok,True,False,text,False,0,0,7,False,0,False,0-10,Name | Address | Email | Phone,True,Contact Information,False,,ambiguous,True,no,8617,likely_non_responsive,bde_llm_count,False,False,0,0,0,0,0,0,6.893,True,False,False,stage1_nr,False,,,0,False,,False,,8617
CNG_Data2k_variance/files/Q00897.01-0000894850.PDF,Q00897.01-0000894850.PDF,.pdf,184230,ok,True,False,text,False,21,0,13,False,6,False,10-20,Name | Address | Phone,True,Contact Information,False,,ambiguous,True,yes,29557,standard,bde_llm_count_roster,False,False,0,0,0,0,0,0,10.396,False,False,True,,True,clear_yes,yes,15327,False,standard,False,,44884
CNG_Data2k_variance/files/Q00897.01-0000256990.DOCX,Q00897.01-0000256990.DOCX,.docx,19782,ok,True,False,text,False,0,0,3,False,0,False,0-10,Name | Address | Phone | Money/Amount,True,Contact Information | Financial Account Information,False,,ambiguous,True,no,3862,likely_non_responsive,,False,False,0,0,0,0,0,0,2.283,True,False,False,stage1_nr,False,,,0,False,,False,,3862
CNG_Data2k_variance/files/Q00897.01-0000453467.MSG,Q00897.01-0000453467.MSG,.msg,119296,ok,True,False,text,False,0,0,26,False,26,False,20-50,Name | Address | Email | Phone,True,Contact Information,False,,ambiguous,True,yes,8606,standard,bde_llm_count_roster,False,False,0,0,0,0,0,0,9.034,False,False,True,,True,likely_no,no,4882,False,likely_non_responsive,True,,13488
CNG_Data2k_variance/files/Q00897.01-0000467113.0002.PDF,Q00897.01-0000467113.0002.PDF,.pdf,227514,ok,True,False,text,False,2,0,1,False,0,False,0-10,Money/Amount,False,Financial Account Information,False,,clear_non_responsive,False,,0,likely_non_responsive,,False,False,0,0,0,0,0,0,0.117,True,False,False,stage1_nr,False,,,0,False,,False,,0
CNG_Data2k_variance/files/Q00897.01-0000002102.PDF,Q00897.01-0000002102.PDF,.pdf,550368,ok,True,True,text,True,11,0,91,False,3,False,50-100,Name | Address | Email | Phone | SSN | Money/Amount | Health | Work-Related,True,Contact Information | Government-Issued Identification | Financial Account Information | Health-Related Information | Work-Related Information,False,,clear_responsive,False,,6848,standard,bde_llm_count,True,True,11,0,0,0,0,1,13.4,False,False,True,,True,clear_yes,yes,7611,True,structured_bde,False,,14459
CNG_Data2k_variance/files/Q00897.01-0000011173.PDF,Q00897.01-0000011173.PDF,.pdf,59110,ok,True,False,text,False,1,0,0,False,0,False,0-10,,False,,False,,clear_non_responsive,False,,0,likely_non_responsive,,False,False,0,0,0,0,0,0,0.041,True,False,False,stage1_nr,False,,,0,False,,False,,0
CNG_Data2k_variance/files/Q00897.01-0000003729.PDF,Q00897.01-0000003729.PDF,.pdf,57185,ok,True,False,text,False,3,0,1,False,0,False,0-10,Name | Family,True,Family Information,False,,ambiguous,True,yes,3916,standard,,False,False,0,0,0,0,0,0,5.492,False,False,True,,True,borderline,no,3978,False,likely_non_responsive,True,,7894
CNG_Data2k_variance/files/Q00897.01-0000427736.MSG,Q00897.01-0000427736.MSG,.msg,159232,ok,True,False,text,False,0,0,2,False,0,False,0-10,Name | Address | Email | Phone,True,Contact Information,False,,ambiguous,True,yes,4123,standard,,False,False,0,0,0,0,0,0,4.651,False,False,True,,True,borderline,no,4253,False,likely_non_responsive,True,,8376
CNG_Data2k_variance/files/Q00897.01-0000779358.MSG,Q00897.01-0000779358.MSG,.msg,289792,ok,True,False,text,False,0,1,1,False,0,False,0-10,Name | Address | Email | Phone,True,Contact Information,False,,ambiguous,True,yes,3831,standard,,False,False,0,0,0,0,0,0,3.334,False,False,True,,True,likely_no,no,3886,False,likely_non_responsive,True,,7717
CNG_Data2k_variance/files/Q00897.01-0000736594.MSG,Q00897.01-0000736594.MSG,.msg,178176,ok,True,False,text,False,0,1,2,False,0,False,0-10,Name | Phone,True,Contact Information,False,,ambiguous,True,no,4542,likely_non_responsive,,False,False,0,0,0,0,0,0,2.011,True,False,False,stage1_nr,False,,,0,False,,False,,4542
CNG_Data2k_variance/files/Q00897.01-0000912802.PDF,Q00897.01-0000912802.PDF,.pdf,76302,ok,True,True,text,True,3,0,6,False,5,False,0-10,Address | SSN | Bank/Account Number | Money/Amount,True,Contact Information | Government-Issued Identification | Financial Account Information,False,,clear_responsive,False,,5773,standard,bde_llm_count_roster,True,True,3,0,0,0,0,1,10.181,False,False,True,,True,clear_yes,yes,6720,False,standard,False,,12493
CNG_Data2k_variance/files/Q00897.01-0000117882.PDF,Q00897.01-0000117882.PDF,.pdf,487686,ok,True,False,text,False,18,0,3,False,0,False,0-10,Address | Email | Phone | Money/Amount | Health,True,Contact Information | Financial Account Information | Health-Related Information,False,,ambiguous,True,yes,8935,standard,"img_ocr:p1(1/2,+11chars)",False,False,0,2,2,1,0,2,13.505,False,False,True,,True,borderline,no,8988,False,likely_non_responsive,True,,17923
CNG_Data2k_variance/files/Q00897.01-0000671728.MSG,Q00897.01-0000671728.MSG,.msg,1702400,ok,True,False,text,False,0,4,7,False,4,False,0-10,Name | Address | Email | Phone | Money/Amount,True,Contact Information | Financial Account Information,False,,ambiguous,True,yes,8121,standard,bde_llm_count,False,False,0,0,0,0,0,0,7.869,False,False,True,,True,likely_no,no,4500,False,likely_non_responsive,True,,12621
CNG_Data2k_variance/files/Q00897.01-0000341657.PDF,Q00897.01-0000341657.PDF,.pdf,43627,ok,True,True,text,True,1,0,17,False,1,False,10-20,Name | Address | Email | Money/Amount | Health | Student ID,True,Contact Information | Financial Account Information | Health-Related Information | Student-Related Information,False,,ambiguous,True,yes,7239,standard,bde_llm_count,True,True,1,0,0,0,0,1,9.809,False,False,True,,True,likely_no,no,4098,False,likely_non_responsive,True,,11337
CNG_Data2k_variance/files/Q00897.01-0000230789.TXT,Q00897.01-0000230789.TXT,.txt,40553,ok,True,False,text,False,0,0,1,False,0,False,0-10,Phone | Money/Amount,True,Contact Information | Financial Account Information,False,,ambiguous,True,yes,14468,standard,,False,False,0,0,0,0,0,0,4.069,False,False,True,,True,likely_no,no,14530,False,likely_non_responsive,True,,28998
CNG_Data2k_variance/files/Q00897.01-0000546788.MSG,Q00897.01-0000546788.MSG,.msg,162304,ok,True,False,text,False,0,2,7,False,6,False,0-10,Name | Address | Email | Phone,True,Contact Information,False,,ambiguous,True,yes,10568,standard,bde_llm_count,False,False,0,0,0,0,0,0,21.155,False,False,True,,True,clear_yes,yes,5766,False,standard,False,,16334
CNG_Data2k_variance/files/Q00897.01-0000654072.MSG,Q00897.01-0000654072.MSG,.msg,448512,ok,True,False,text,False,0,10,7,False,5,False,0-10,Name | Address | Email | Phone | Money/Amount,True,Contact Information | Financial Account Information,False,,ambiguous,True,yes,16770,standard,bde_llm_count,False,False,0,0,0,0,0,0,17.598,False,False,True,,True,likely_yes,yes,8865,False,standard,False,,25635
CNG_Data2k_variance/files/Q00897.01-0000890853.PDF,Q00897.01-0000890853.PDF,.pdf,13323,ok,True,False,text,False,1,0,0,False,0,False,0-10,,False,,False,,clear_non_responsive,False,,0,likely_non_responsive,,False,False,0,0,0,0,0,0,0.059,True,False,False,stage1_nr,False,,,0,False,,False,,0
CNG_Data2k_variance/files/Q00897.01-0000249735.PDF,Q00897.01-0000249735.PDF,.pdf,43476,ok,True,False,text,False,1,0,1,False,0,False,0-10,Name | Bank/Account Number | Money/Amount,True,Financial Account Information,False,,ambiguous,True,no,3905,likely_non_responsive,,False,False,0,0,0,0,0,0,1.4,True,False,False,stage1_nr,False,,,0,False,,False,,3905
CNG_Data2k_variance/files/Q00897.01-0000914410.PDF,Q00897.01-0000914410.PDF,.pdf,99863,ok,True,False,text,False,2,0,3,False,0,False,0-10,Name | Address | Phone | Money/Amount | Work-Related,True,Contact Information | Financial Account Information | Work-Related Information,False,,ambiguous,True,yes,5430,standard,"img_ocr:p2(1/1,+6chars)",False,False,0,1,1,1,0,1,8.314,False,False,True,,True,clear_no,no,5469,False,likely_non_responsive,True,,10899
CNG_Data2k_variance/files/Q00897.01-0000769784.0001.PDF,Q00897.01-0000769784.0001.PDF,.pdf,234637,ok,True,True,text,True,15,0,194,False,6,False,100+,Name | Address | Phone | Money/Amount | Health | Work-Related,True,Contact Information | Financial Account Information | Health-Related Information | Work-Related Information,False,,ambiguous,True,yes,17372,standard,bde_llm_count,True,True,15,0,0,0,0,1,15.415,False,False,True,,True,likely_no,no,9186,True,likely_non_responsive,True,,26558
CNG_Data2k_variance/files/Q00897.01-0000910267.PDF,Q00897.01-0000910267.PDF,.pdf,7017,ok,True,False,text,False,1,0,1,False,0,False,0-10,Name | Address | Phone | Money/Amount,True,Contact Information | Financial Account Information,False,,ambiguous,True,yes,4061,standard,,False,False,0,0,0,0,0,0,3.586,False,False,True,,True,clear_yes,yes,4123,False,standard,False,,8184
CNG_Data2k_variance/files/Q00897.01-0000242686.PDF,Q00897.01-0000242686.PDF,.pdf,34503,ok,True,True,text,True,1,0,7,False,0,False,0-10,Address | Money/Amount,True,Contact Information | Financial Account Information,False,,ambiguous,True,no,7046,likely_non_responsive,bde_llm_count,True,True,1,0,0,0,0,1,6.563,True,False,False,stage1_nr,False,,,0,False,,False,,7046
CNG_Data2k_variance/files/Q00897.01-0000834832.0001.PDF,Q00897.01-0000834832.0001.PDF,.pdf,216879,ok,True,False,text,False,1,0,0,False,0,False,0-10,,False,,False,,clear_non_responsive,False,,0,likely_non_responsive,,True,True,1,0,0,0,0,1,5.968,True,False,False,stage1_nr,False,,,0,False,,False,,0
CNG_Data2k_variance/files/Q00897.01-0000912407.PDF,Q00897.01-0000912407.PDF,.pdf,47034,ok,True,True,text,True,2,0,35,False,1,False,20-50,Name | SSN | Money/Amount,True,Government-Issued Identification | Financial Account Information,False,,clear_responsive,False,,3692,standard,bde_llm_count,True,True,2,0,0,0,0,1,11.385,False,False,True,,True,clear_yes,yes,4545,False,standard,False,,8237
CNG_Data2k_variance/files/Q00897.01-0000664004.0001.XLSX,Q00897.01-0000664004.0001.XLSX,.xlsx,27772,ok,True,True,text,True,1,0,108,False,108,True,100+,Name | Email | Phone | Card/Transaction,True,Contact Information | Financial Account Information,True,,ambiguous,True,yes,9190,structured_bde,bde_llm_count_roster,False,False,0,0,0,0,0,0,7.302,False,True,True,,True,clear_yes,yes,5084,True,structured_bde,False,,14274
CNG_Data2k_variance/files/Q00897.01-0000686860.MSG,Q00897.01-0000686860.MSG,.msg,169472,ok,True,False,text,False,0,0,1,False,0,False,0-10,Name | Address | Email | Phone | Card/Transaction | Money/Amount,True,Contact Information | Financial Account Information,False,,ambiguous,True,yes,4307,standard,,False,False,0,0,0,0,0,0,5.178,False,False,True,,True,clear_yes,yes,4401,False,standard,False,,8708
CNG_Data2k_variance/files/Q00897.01-0000652234.MSG,Q00897.01-0000652234.MSG,.msg,295936,ok,True,False,text,False,0,6,4,False,0,False,0-10,Name | Address | Email | Phone | Money/Amount,True,Contact Information | Financial Account Information,False,,ambiguous,True,yes,5190,standard,,False,False,0,0,0,0,0,0,4.956,False,False,True,,True,likely_no,no,5237,False,likely_non_responsive,True,,10427
CNG_Data2k_variance/files/Q00897.01-0000257942.MSG,Q00897.01-0000257942.MSG,.msg,999424,ok,True,False,text,False,0,3,5,False,0,False,0-10,Name | Address | Email | Phone | Money/Amount,True,Contact Information | Financial Account Information,False,,ambiguous,True,yes,4691,standard,,False,False,0,0,0,0,0,0,3.537,False,False,True,,True,likely_no,no,4732,False,likely_non_responsive,True,,9423
CNG_Data2k_variance/files/Q00897.01-0000689235.MSG,Q00897.01-0000689235.MSG,.msg,261120,ok,True,False,text,False,0,0,1,False,0,False,0-10,Name | Address | Phone | Card/Transaction | Money/Amount,True,Contact Information | Financial Account Information,False,,ambiguous,True,yes,4178,standard,,False,False,0,0,0,0,0,0,5.073,False,False,True,,True,likely_no,no,4242,False,likely_non_responsive,True,,8420
CNG_Data2k_variance/files/Q00897.01-0000658826.0001.PDF,Q00897.01-0000658826.0001.PDF,.pdf,418691,ok,True,False,text,False,4,0,4,False,0,False,0-10,Name | Address | Phone | Money/Amount | Health,True,Contact Information | Financial Account Information | Health-Related Information,False,,ambiguous,True,yes,8748,standard,"img_ocr:p2,p4(2/2,+20chars)",False,False,0,2,2,2,0,2,13.601,False,False,True,,True,likely_no,no,8828,False,likely_non_responsive,True,,17576
CNG_Data2k_variance/files/Q00897.01-0000711143.0001.PDF,Q00897.01-0000711143.0001.PDF,.pdf,59419,ok,True,True,text,True,3,0,4,False,0,False,0-10,Name | Address | Email | Phone | Card/Transaction | Money/Amount,True,Contact Information | Financial Account Information,False,,ambiguous,True,yes,8673,standard,bde_llm_count,True,True,3,0,0,0,0,1,12.569,False,False,True,,True,clear_no,no,4778,False,likely_non_responsive,True,,13451
CNG_Data2k_variance/files/Q00897.01-0000425240.0001.XLSX,Q00897.01-0000425240.0001.XLSX,.xlsx,22359,ok,True,True,text,True,1,0,275,False,0,False,100+,Phone | Money/Amount,True,Contact Information | Financial Account Information,False,,ambiguous,True,no,8323,likely_non_responsive,roster_by_rowcount bde_llm_count,False,False,0,0,0,0,0,0,5.263,True,False,False,stage1_nr,False,,,0,False,,False,,8323
CNG_Data2k_variance/files/Q00897.01-0000625997.MSG,Q00897.01-0000625997.MSG,.msg,55808,ok,True,False,text,False,0,1,8,False,7,False,0-10,Name | Address | Email | Phone,True,Contact Information,False,,ambiguous,True,yes,8854,standard,bde_llm_count,False,False,0,0,0,0,0,0,6.928,False,False,True,,True,likely_yes,yes,4928,False,standard,False,,13782
CNG_Data2k_variance/files/Q00897.01-0000681939.MSG,Q00897.01-0000681939.MSG,.msg,174080,ok,True,False,text,False,0,3,6,False,0,False,0-10,Name | Address | Email | Phone | Money/Amount | Credentials,True,Contact Information | Financial Account Information | Access Credentials,False,,ambiguous,True,yes,5766,standard,,False,False,0,0,0,0,0,0,7.477,False,False,True,,True,likely_no,no,5760,False,likely_non_responsive,True,,11526
CNG_Data2k_variance/files/Q00897.01-0000006157.PDF,Q00897.01-0000006157.PDF,.pdf,73882,ok,True,False,text,False,1,0,0,False,0,False,0-10,,False,,False,,clear_non_responsive,False,,0,likely_non_responsive,,True,True,1,0,0,0,0,1,4.477,True,False,False,stage1_nr,False,,,0,False,,False,,0
CNG_Data2k_variance/files/Q00897.01-0000608890.0001.XLSX,Q00897.01-0000608890.0001.XLSX,.xlsx,263834,ok,True,True,text,True,1,0,960,False,0,False,100+,Money/Amount,False,Financial Account Information,False,,ambiguous,True,no,18463,likely_non_responsive,roster_by_rowcount bde_llm_count,False,False,0,0,0,0,0,0,9.436,True,False,False,stage1_nr,False,,,0,False,,False,,18463
CNG_Data2k_variance/files/Q00897.01-0000895446.PDF,Q00897.01-0000895446.PDF,.pdf,12204,ok,True,False,text,False,1,0,0,False,0,False,0-10,,False,,False,,clear_non_responsive,False,,0,likely_non_responsive,,False,False,0,0,0,0,0,0,0.062,True,False,False,stage1_nr,False,,,0,False,,False,,0
CNG_Data2k_variance/files/Q00897.01-0000213347.PDF,Q00897.01-0000213347.PDF,.pdf,49371,ok,True,False,text,False,1,0,1,False,0,False,0-10,Address | Money/Amount,True,Contact Information | Financial Account Information,False,,ambiguous,True,no,4356,likely_non_responsive,"img_ocr:p1(1/1,+13chars)",False,False,0,1,1,1,0,1,5.96,True,False,False,stage1_nr,False,,,0,False,,False,,4356
CNG_Data2k_variance/files/Q00897.01-0000404375.0001.PDF,Q00897.01-0000404375.0001.PDF,.pdf,49289,ok,True,False,text,False,17,0,1,False,0,False,0-10,Address | Card/Transaction | Money/Amount,True,Contact Information | Financial Account Information,False,,ambiguous,True,no,15742,likely_non_responsive,,False,False,0,0,0,0,0,0,2.57,True,False,False,stage1_nr,False,,,0,False,,False,,15742
CNG_Data2k_variance/files/Q00897.01-0000482225.MSG,Q00897.01-0000482225.MSG,.msg,47104,ok,True,False,text,False,0,0,10,False,10,False,0-10,Name | Email | Money/Amount,True,Contact Information | Financial Account Information,False,,ambiguous,True,no,12433,likely_non_responsive,bde_llm_count,False,False,0,0,0,0,0,0,6.903,True,False,False,stage1_nr,False,,,0,False,,False,,12433
CNG_Data2k_variance\files\Q00897.01-0000006443.XLS,Q00897.01-0000006443.XLS,.xls,19637,ok,True,True,text,True,3,0,12,False,12,False,10-20,Name | Phone | Money/Amount | Work-Related,True,Contact Information | Financial Account Information | Work-Related Information,False,,ambiguous,True,yes,9612,standard,bde_llm_count_roster,False,False,0,0,0,0,0,0,8.31,False,False,True,,True,clear_yes,yes,5248,False,standard,False,,14860
CNG_Data2k_variance/files/Q00897.01-0000706279.MSG,Q00897.01-0000706279.MSG,.msg,262144,ok,True,False,text,False,0,0,1,False,0,False,0-10,Name | Address | Money/Amount | Health,True,Contact Information | Financial Account Information | Health-Related Information,False,,ambiguous,True,no,4231,likely_non_responsive,,False,False,0,0,0,0,0,0,4.719,True,False,False,stage1_nr,False,,,0,False,,False,,4231
CNG_Data2k_variance/files/Q00897.01-0000745288.MSG,Q00897.01-0000745288.MSG,.msg,244736,ok,True,False,text,False,0,0,0,False,0,False,0-10,,False,,False,,clear_non_responsive,False,,0,likely_non_responsive,,False,False,0,0,0,0,0,0,0.184,True,False,False,stage1_nr,False,,,0,False,,False,,0
CNG_Data2k_variance/files/Q00897.01-0000801763.0002.DOCX,Q00897.01-0000801763.0002.DOCX,.docx,13898,ok,True,False,text,False,0,0,1,False,0,False,0-10,Name | Money/Amount | Student ID,True,Financial Account Information | Student-Related Information,False,,ambiguous,True,yes,3936,standard,,False,False,0,0,0,0,0,0,3.215,False,False,True,,True,likely_no,no,4001,False,likely_non_responsive,True,,7937
CNG_Data2k_variance/files/Q00897.01-0000727167.MSG,Q00897.01-0000727167.MSG,.msg,232960,ok,True,False,text,False,0,0,7,False,7,False,0-10,Name | Address | Email | Phone | Money/Amount,True,Contact Information | Financial Account Information,False,,ambiguous,True,yes,11668,standard,bde_llm_count,False,False,0,0,0,0,0,0,5.262,False,False,True,,True,likely_no,no,6300,False,likely_non_responsive,True,,17968
CNG_Data2k_variance/files/Q00897.01-0000654452.MSG,Q00897.01-0000654452.MSG,.msg,250368,ok,True,False,text,False,0,3,3,False,0,False,0-10,Address | Email | Phone | Card/Transaction | Money/Amount,True,Contact Information | Financial Account Information,False,,ambiguous,True,no,4225,likely_non_responsive,,False,False,0,0,0,0,0,0,2.463,True,False,False,stage1_nr,False,,,0,False,,False,,4225
CNG_Data2k_variance/files/Q00897.01-0000399406.MSG,Q00897.01-0000399406.MSG,.msg,167424,ok,True,False,text,False,0,0,1,False,0,False,0-10,Name | Bank/Account Number,True,Financial Account Information,False,,ambiguous,True,yes,6402,standard,,False,False,0,0,0,0,0,0,4.715,False,False,True,,True,likely_yes,yes,6466,False,standard,False,,12868
CNG_Data2k_variance/files/Q00897.01-0000548902.0001.XLSX,Q00897.01-0000548902.0001.XLSX,.xlsx,102532,ok,True,True,text,True,6,0,225,False,225,True,100+,Phone | Payment Card | Money/Amount,True,Contact Information | Financial Account Information,True,,ambiguous,True,no,10510,structured_bde,bde_llm_count_roster,False,False,0,0,0,0,0,0,12.872,False,True,True,,True,likely_no,no,5826,True,likely_non_responsive,True,,16336
CNG_Data2k_variance/files/Q00897.01-0000905659.PDF,Q00897.01-0000905659.PDF,.pdf,122355,ok,True,False,text,False,22,0,1,False,0,False,0-10,Address | Money/Amount,True,Contact Information | Financial Account Information,False,,ambiguous,True,yes,15900,standard,,False,False,0,0,0,0,0,0,5.54,False,False,True,,True,likely_no,no,15943,False,likely_non_responsive,True,,31843
CNG_Data2k_variance/files/Q00897.01-0000525407.0001.PDF,Q00897.01-0000525407.0001.PDF,.pdf,738339,ok,True,False,text,False,4,0,1,False,0,False,0-10,Money/Amount,False,Financial Account Information,False,,clear_non_responsive,False,,0,likely_non_responsive,,False,False,0,0,0,0,0,0,3.85,True,False,False,stage1_nr,False,,,0,False,,False,,0
CNG_Data2k_variance/files/Q00897.01-0000916340.PDF,Q00897.01-0000916340.PDF,.pdf,221059,ok,True,False,text,False,2,0,1,False,0,False,0-10,Money/Amount,False,Financial Account Information,False,,clear_non_responsive,False,,0,likely_non_responsive,,False,False,0,0,0,0,0,0,0.243,True,False,False,stage1_nr,False,,,0,False,,False,,0
CNG_Data2k_variance\files\Q00897.01-0000852012.XLS,Q00897.01-0000852012.XLS,.xls,26595,ok,True,True,text,True,1,0,64,False,0,False,50-100,Money/Amount,False,Financial Account Information,False,,ambiguous,True,no,7341,likely_non_responsive,roster_by_rowcount bde_llm_count,False,False,0,0,0,0,0,0,7.97,True,False,False,stage1_nr,False,,,0,False,,False,,7341
CNG_Data2k_variance/files/Q00897.01-0000275569.PDF,Q00897.01-0000275569.PDF,.pdf,327826,ok,True,False,text,False,1,0,4,False,0,False,0-10,Name | Address | Email | Phone | Tax ID | Money/Amount,True,Contact Information | Government-Issued Identification | Financial Account Information,False,,ambiguous,True,yes,4254,standard,,True,True,1,0,0,0,0,1,17.866,False,False,True,,True,likely_no,no,4318,False,likely_non_responsive,True,,8572
CNG_Data2k_variance/files/Q00897.01-0000236522.0002.XLSX,Q00897.01-0000236522.0002.XLSX,.xlsx,56849,ok,True,True,text,True,1,0,1,False,0,False,0-10,SSN | Money/Amount,True,Government-Issued Identification | Financial Account Information,False,,clear_responsive,False,,3337,standard,bde_llm_count,False,False,0,0,0,0,0,0,3.545,False,False,True,,True,clear_no,no,4243,False,likely_non_responsive,True,,7580
CNG_Data2k_variance/files/Q00897.01-0000871581.TXT,Q00897.01-0000871581.TXT,.txt,1579,ok,True,False,text,False,0,0,2,False,0,False,0-10,Address | Phone | Money/Amount,True,Contact Information | Financial Account Information,False,,ambiguous,True,no,3949,likely_non_responsive,,False,False,0,0,0,0,0,0,1.611,True,False,False,stage1_nr,False,,,0,False,,False,,3949
CNG_Data2k_variance/files/Q00897.01-0000259150.PDF,Q00897.01-0000259150.PDF,.pdf,1676034,ok,True,False,text,False,4,0,6,False,0,False,0-10,Name | Address | Email | Phone | Money/Amount,True,Contact Information | Financial Account Information,False,,ambiguous,True,yes,4610,standard,,False,False,0,0,0,0,0,0,3.377,False,False,True,,True,likely_no,no,4692,False,likely_non_responsive,True,,9302
CNG_Data2k_variance/files/Q00897.01-0000113021.PDF,Q00897.01-0000113021.PDF,.pdf,497568,ok,True,False,text,False,3,0,3,False,0,False,0-10,Name | Address | Phone | Money/Amount | Health,True,Contact Information | Financial Account Information | Health-Related Information,False,,ambiguous,True,yes,6341,standard,"img_ocr:p1(1/1,+12chars)",False,False,0,1,1,1,0,1,13.678,False,False,True,,True,likely_yes,yes,6387,False,standard,False,,12728
CNG_Data2k_variance/files/Q00897.01-0000295833.PDF,Q00897.01-0000295833.PDF,.pdf,1101072,ok,True,False,text,False,4,0,2,False,0,False,0-10,Name | Address | Money/Amount,True,Contact Information | Financial Account Information,False,,ambiguous,True,yes,4750,standard,,False,False,0,0,0,0,0,0,8.123,False,False,True,,True,likely_no,no,4824,False,likely_non_responsive,True,,9574
CNG_Data2k_variance/files/Q00897.01-0000006714.PDF,Q00897.01-0000006714.PDF,.pdf,102096,ok,True,False,text,False,3,0,2,False,0,False,0-10,Name | Address | Phone,True,Contact Information,False,,ambiguous,True,yes,6890,standard,,False,False,0,0,0,0,0,0,7.041,False,False,True,,True,clear_yes,yes,6970,False,standard,False,,13860
CNG_Data2k_variance/files/Q00897.01-0000257148.XLSM,Q00897.01-0000257148.XLSM,.xlsm,366994,ok,True,True,text,True,7,0,261,False,261,True,100+,Name,False,,True,,ambiguous,True,yes,7821,structured_bde,bde_llm_count_roster,False,False,0,0,0,0,0,0,8.822,False,True,True,,True,borderline,no,4467,True,likely_non_responsive,True,,12288
CNG_Data2k_variance/files/Q00897.01-0000519131.0001.XLSX,Q00897.01-0000519131.0001.XLSX,.xlsx,93639,ok,True,True,text,True,1,0,366,False,1,False,100+,Phone | Money/Amount,True,Contact Information | Financial Account Information,False,,ambiguous,True,no,18492,likely_non_responsive,bde_llm_count,False,False,0,0,0,0,0,0,9.078,True,False,False,stage1_nr,False,,,0,False,,False,,18492
CNG_Data2k_variance/files/Q00897.01-0000114503.PDF,Q00897.01-0000114503.PDF,.pdf,19229,ok,True,False,text,False,9,0,1,False,0,False,0-10,Card/Transaction | Money/Amount | Work-Related,False,Financial Account Information | Work-Related Information,False,,ambiguous,True,no,10810,likely_non_responsive,,False,False,0,0,0,0,0,0,4.743,True,False,False,stage1_nr,False,,,0,False,,False,,10810
CNG_Data2k_variance/files/Q00897.01-0000126761.XLSX,Q00897.01-0000126761.XLSX,.xlsx,49524,ok,True,True,text,True,2,0,530,False,0,False,100+,Address | Money/Amount,True,Contact Information | Financial Account Information,False,,ambiguous,True,no,9834,likely_non_responsive,roster_by_rowcount bde_llm_count,False,False,0,0,0,0,0,0,4.403,True,False,False,stage1_nr,False,,,0,False,,False,,9834
CNG_Data2k_variance/files/Q00897.01-0000910587.PDF,Q00897.01-0000910587.PDF,.pdf,7032,ok,True,False,text,False,1,0,1,False,0,False,0-10,Name | Address,True,Contact Information,False,,ambiguous,True,yes,4086,standard,,False,False,0,0,0,0,0,0,3.487,False,False,True,,True,clear_yes,yes,4128,False,standard,False,,8214
CNG_Data2k_variance/files/Q00897.01-0000023455.PDF,Q00897.01-0000023455.PDF,.pdf,27539,ok,True,False,text,False,1,0,1,False,0,False,0-10,Money/Amount,False,Financial Account Information,False,,clear_non_responsive,False,,0,likely_non_responsive,"img_ocr:p1,p1,p1,p1(4/4,+4chars)",False,False,0,4,4,4,0,4,16.744,True,False,False,stage1_nr,False,,,0,False,,False,,0
CNG_Data2k_variance/files/Q00897.01-0000697495.MSG,Q00897.01-0000697495.MSG,.msg,330752,ok,True,False,text,False,0,0,1,False,0,False,0-10,Name | Email | Phone | Money/Amount,True,Contact Information | Financial Account Information,False,,ambiguous,True,no,5184,likely_non_responsive,,False,False,0,0,0,0,0,0,2.61,True,False,False,stage1_nr,False,,,0,False,,False,,5184
CNG_Data2k_variance/files/Q00897.01-0000389716.MSG,Q00897.01-0000389716.MSG,.msg,118784,ok,True,False,text,False,0,0,2,False,0,False,0-10,Name | Address | Email | Phone | Card/Transaction | Money/Amount | Credentials,True,Contact Information | Financial Account Information | Access Credentials,False,,ambiguous,True,yes,4664,standard,,False,False,0,0,0,0,0,0,5.093,False,False,True,,True,likely_no,no,4716,False,likely_non_responsive,True,,9380
CNG_Data2k_variance/files/Q00897.01-0000691818.MSG,Q00897.01-0000691818.MSG,.msg,248832,ok,True,False,text,False,0,0,2,False,0,False,0-10,Address | Email | Phone | Money/Amount,True,Contact Information | Financial Account Information,False,,ambiguous,True,no,4642,likely_non_responsive,,False,False,0,0,0,0,0,0,3.063,True,False,False,stage1_nr,False,,,0,False,,False,,4642
CNG_Data2k_variance\files\Q00897.01-0000852152.XLS,Q00897.01-0000852152.XLS,.xls,22151,ok,True,True,text,True,1,0,66,False,0,False,50-100,Money/Amount,False,Financial Account Information,False,,ambiguous,True,no,7299,likely_non_responsive,roster_by_rowcount bde_llm_count,False,False,0,0,0,0,0,0,13.214,True,False,False,stage1_nr,False,,,0,False,,False,,7299
CNG_Data2k_variance/files/Q00897.01-0000205779.PDF,Q00897.01-0000205779.PDF,.pdf,90374,ok,True,False,text,False,1,0,4,False,0,False,0-10,Name | Address | Phone | Money/Amount,True,Contact Information | Financial Account Information,False,,ambiguous,True,no,3997,likely_non_responsive,"img_ocr:p1(1/1,+31chars)",False,False,0,1,1,1,0,1,5.47,True,False,False,stage1_nr,False,,,0,False,,False,,3997
CNG_Data2k_variance/files/Q00897.01-0000910281.PDF,Q00897.01-0000910281.PDF,.pdf,539082,ok,True,False,text,False,130,0,96,False,96,True,50-100,Address | Phone | SSN | Money/Amount,True,Contact Information | Government-Issued Identification | Financial Account Information,True,,clear_responsive,False,,12656,bde,"img_ocr:p1,p1,p1,p1,p1,p1,p2,p2(8/9,+189chars) bde_llm_count_roster",False,False,0,9,9,8,0,9,47.422,False,True,True,,True,clear_yes,yes,13745,True,bde,False,,26401
CNG_Data2k_variance/files/Q00897.01-0000812389.MSG,Q00897.01-0000812389.MSG,.msg,3164160,ok,True,False,text,False,0,23,3,False,0,False,0-10,Name | Address | Email | Phone | Card/Transaction,True,Contact Information | Financial Account Information,False,,ambiguous,True,yes,4158,standard,,False,False,0,0,0,0,0,0,3.339,False,False,True,,True,likely_no,no,4223,False,likely_non_responsive,True,,8381
CNG_Data2k_variance/files/Q00897.01-0000806768.0001.DOCX,Q00897.01-0000806768.0001.DOCX,.docx,34557,ok,True,False,text,False,0,0,2,False,0,False,0-10,Name,False,,False,,ambiguous,True,no,5600,likely_non_responsive,,False,False,0,0,0,0,0,0,1.542,True,False,False,stage1_nr,False,,,0,False,,False,,5600
CNG_Data2k_variance/files/Q00897.01-0000253834.TXT,Q00897.01-0000253834.TXT,.txt,3269,ok,True,False,text,False,0,0,1,False,0,False,0-10,Money/Amount,False,Financial Account Information,False,,clear_non_responsive,False,,0,likely_non_responsive,,False,False,0,0,0,0,0,0,0.019,True,False,False,stage1_nr,False,,,0,False,,False,,0
CNG_Data2k_variance/files/Q00897.01-0000901236.PDF,Q00897.01-0000901236.PDF,.pdf,12697,ok,True,False,text,False,2,0,1,False,0,False,0-10,Money/Amount,False,Financial Account Information,False,,clear_non_responsive,False,,0,likely_non_responsive,,False,False,0,0,0,0,0,0,0.142,True,False,False,stage1_nr,False,,,0,False,,False,,0
CNG_Data2k_variance/files/Q00897.01-0000519083.0001.XLSX,Q00897.01-0000519083.0001.XLSX,.xlsx,124846,ok,True,True,text,True,1,0,455,False,1,True,100+,Name | Phone | Money/Amount,True,Contact Information | Financial Account Information,True,,ambiguous,True,yes,18480,structured_bde,bde_llm_count_roster,False,False,0,0,0,0,0,0,12.957,False,True,True,,True,likely_no,no,9691,True,likely_non_responsive,True,,28171
CNG_Data2k_variance/files/Q00897.01-0000914108.PDF,Q00897.01-0000914108.PDF,.pdf,9351,ok,True,False,text,False,5,0,1,False,0,False,0-10,Name | Address | Phone | Money/Amount,True,Contact Information | Financial Account Information,False,,ambiguous,True,yes,6802,standard,,False,False,0,0,0,0,0,0,3.447,False,False,True,,True,likely_yes,yes,6862,False,standard,False,,13664
CNG_Data2k_variance/files/Q00897.01-0000121413.XLSX,Q00897.01-0000121413.XLSX,.xlsx,19277,ok,True,True,text,True,3,0,78,False,2,True,50-100,Money/Amount,False,Financial Account Information,True,,ambiguous,True,no,7850,structured_bde,roster_by_rowcount bde_llm_count_roster,False,False,0,0,0,0,0,0,6.571,False,True,True,,True,likely_no,no,4377,True,likely_non_responsive,True,,12227
CNG_Data2k_variance/files/Q00897.01-0000418559.MSG,Q00897.01-0000418559.MSG,.msg,110080,ok,True,False,text,False,0,0,10,False,7,False,0-10,Name | Email | Phone | Money/Amount,True,Contact Information | Financial Account Information,False,,ambiguous,True,no,8486,likely_non_responsive,bde_llm_count,False,False,0,0,0,0,0,0,7.86,True,False,False,stage1_nr,False,,,0,False,,False,,8486
CNG_Data2k_variance/files/Q00897.01-0000628595.MSG,Q00897.01-0000628595.MSG,.msg,77824,ok,True,False,text,False,0,2,8,False,8,False,0-10,Name | Address | Email | Phone,True,Contact Information,False,,ambiguous,True,yes,8471,standard,bde_llm_count,False,False,0,0,0,0,0,0,6.478,False,False,True,,True,likely_no,no,4691,False,likely_non_responsive,True,,13162
CNG_Data2k_variance/files/Q00897.01-0000897330.PDF,Q00897.01-0000897330.PDF,.pdf,71239,ok,True,False,text,False,14,0,2,False,0,False,0-10,Address | SSN | Money/Amount | Work-Related,True,Contact Information | Government-Issued Identification | Financial Account Information | Work-Related Information,False,,clear_responsive,False,,0,standard,,False,False,0,0,0,0,0,0,3.145,False,False,True,,True,clear_yes,yes,14264,False,standard,False,,14264
CNG_Data2k_variance/files/Q00897.01-0000463660.0001.PDF,Q00897.01-0000463660.0001.PDF,.pdf,36187,ok,True,False,text,False,12,0,33,False,33,False,20-50,Name | Card/Transaction | Money/Amount | Health,False,Financial Account Information | Health-Related Information,False,,ambiguous,True,yes,24869,standard,bde_llm_count_roster,False,False,0,0,0,0,0,0,25.551,False,False,True,,True,likely_no,no,12898,False,likely_non_responsive,True,,37767
CNG_Data2k_variance/files/Q00897.01-0000044990.PDF,Q00897.01-0000044990.PDF,.pdf,91342,ok,True,False,text,False,2,0,2,False,0,False,0-10,Name | Phone | Bank/Account Number | Money/Amount,True,Contact Information | Financial Account Information,False,,ambiguous,True,no,4160,likely_non_responsive,"img_ocr:p1,p1(2/2,+339chars)",False,False,0,2,2,2,0,2,12.689,True,False,False,stage1_nr,False,,,0,False,,False,,4160
CNG_Data2k_variance/files/Q00897.01-0000822946.MSG,Q00897.01-0000822946.MSG,.msg,111616,ok,True,False,text,False,0,1,5,False,0,False,0-10,Name | Email | Phone,True,Contact Information,False,,ambiguous,True,yes,4135,standard,,False,False,0,0,0,0,0,0,3.275,False,False,True,,True,likely_no,no,4211,False,likely_non_responsive,True,,8346
CNG_Data2k_variance/files/Q00897.01-0000916029.PDF,Q00897.01-0000916029.PDF,.pdf,267387,ok,True,False,text,False,2,0,3,False,0,False,0-10,Name | Address | Phone | Money/Amount,True,Contact Information | Financial Account Information,False,,ambiguous,True,no,4300,likely_non_responsive,,False,False,0,0,0,0,0,0,2.099,True,False,False,stage1_nr,False,,,0,False,,False,,4300
CNG_Data2k_variance/files/Q00897.01-0000912123.PDF,Q00897.01-0000912123.PDF,.pdf,1920504,ok,True,False,text,False,250,0,20,False,20,False,10-20,Name | Phone | Money/Amount | Health,True,Contact Information | Financial Account Information | Health-Related Information,False,,ambiguous,True,yes,30807,standard,bde_llm_count_roster,False,False,0,0,0,0,0,0,47.592,False,False,True,,True,clear_yes,yes,15896,False,standard,False,,46703
CNG_Data2k_variance/files/Q00897.01-0000535134.0001.PDF,Q00897.01-0000535134.0001.PDF,.pdf,22624,ok,True,False,text,False,1,0,1,False,0,False,0-10,Money/Amount,False,Financial Account Information,False,,clear_non_responsive,False,,0,likely_non_responsive,,False,False,0,0,0,0,0,0,0.034,True,False,False,stage1_nr,False,,,0,False,,False,,0
CNG_Data2k_variance/files/Q00897.01-0000314044.PDF,Q00897.01-0000314044.PDF,.pdf,22783539,ok,True,False,text,False,15,0,2,False,0,False,0-10,Name | Email | Money/Amount | Health,True,Contact Information | Financial Account Information | Health-Related Information,False,,ambiguous,True,yes,9192,standard,,True,True,15,0,0,0,0,1,16.812,False,False,True,,True,clear_no,no,9251,False,likely_non_responsive,True,,18443
CNG_Data2k_variance/files/Q00897.01-0000890287.PDF,Q00897.01-0000890287.PDF,.pdf,11283,ok,True,False,text,False,1,0,1,False,0,False,0-10,Phone,True,Contact Information,False,,ambiguous,True,no,4360,likely_non_responsive,,False,False,0,0,0,0,0,0,1.582,True,False,False,stage1_nr,False,,,0,False,,False,,4360
CNG_Data2k_variance/files/Q00897.01-0000260446.XLSX,Q00897.01-0000260446.XLSX,.xlsx,63595,ok,True,True,text,True,1,0,323,False,1,True,100+,Name | Address | Money/Amount,True,Contact Information | Financial Account Information,True,,ambiguous,True,yes,18234,structured_bde,roster_by_rowcount bde_llm_count_roster,False,False,0,0,0,0,0,0,4.932,False,True,True,,True,likely_no,no,9602,True,likely_non_responsive,True,,27836
CNG_Data2k_variance/files/Q00897.01-0000887147.PDF,Q00897.01-0000887147.PDF,.pdf,184578,ok,True,False,text,False,1,0,2,False,0,False,0-10,Name | Address | Money/Amount,True,Contact Information | Financial Account Information,False,,ambiguous,True,no,3917,likely_non_responsive,,False,False,0,0,0,0,0,0,1.735,True,False,False,stage1_nr,False,,,0,False,,False,,3917
CNG_Data2k_variance/files/Q00897.01-0000859376.PDF,Q00897.01-0000859376.PDF,.pdf,103245,ok,True,False,text,False,1,0,1,False,0,False,0-10,Money/Amount,False,Financial Account Information,False,,clear_non_responsive,False,,0,likely_non_responsive,,False,False,0,0,0,0,0,0,0.056,True,False,False,stage1_nr,False,,,0,False,,False,,0
CNG_Data2k_variance/files/Q00897.01-0000904719.PDF,Q00897.01-0000904719.PDF,.pdf,20104,ok,True,False,text,False,3,0,1,False,0,False,0-10,Name | Address | Phone | Money/Amount,True,Contact Information | Financial Account Information,False,,ambiguous,True,yes,6028,standard,,False,False,0,0,0,0,0,0,4.448,False,False,True,,True,likely_yes,yes,6113,False,standard,False,,12141
CNG_Data2k_variance/files/Q00897.01-0000820564.0004.PDF,Q00897.01-0000820564.0004.PDF,.pdf,973842,ok,True,False,text,False,24,0,3,False,0,False,0-10,Name | Address | Email | Bank/Account Number | Card Expiry/CVV | Demographic | Work-Related,True,Contact Information | Financial Account Information | Demographic Information | Work-Related Information,False,,ambiguous,True,yes,10233,standard,,False,False,0,0,0,0,0,0,6.834,False,False,True,,True,likely_yes,yes,10262,False,standard,False,,20495
CNG_Data2k_variance/files/Q00897.01-0000868743.TXT,Q00897.01-0000868743.TXT,.txt,4979,ok,True,False,text,False,0,0,8,False,6,False,0-10,Address | Phone | Money/Amount,True,Contact Information | Financial Account Information,False,,ambiguous,True,yes,11645,standard,bde_llm_count,False,False,0,0,0,0,0,0,4.485,False,False,True,,True,responsive,yes,6257,False,standard,False,unknown_level:responsive,17902
CNG_Data2k_variance/files/Q00897.01-0000854400.XLSX,Q00897.01-0000854400.XLSX,.xlsx,13697,ok,True,True,text,True,1,0,158,False,0,False,100+,Name,False,,False,,ambiguous,True,no,7022,likely_non_responsive,roster_by_rowcount bde_llm_count,False,False,0,0,0,0,0,0,2.597,True,False,False,stage1_nr,False,,,0,False,,False,,7022
CNG_Data2k_variance/files/Q00897.01-0000654461.MSG,Q00897.01-0000654461.MSG,.msg,224768,ok,True,False,text,False,0,1,2,False,0,False,0-10,Name | Address | Email | Phone | Card/Transaction | Money/Amount,True,Contact Information | Financial Account Information,False,,ambiguous,True,no,3953,likely_non_responsive,,False,False,0,0,0,0,0,0,2.188,True,False,False,stage1_nr,False,,,0,False,,False,,3953
CNG_Data2k_variance\files\Q00897.01-0000018541.XLS,Q00897.01-0000018541.XLS,.xls,70320,ok,True,True,text,True,2,0,2,False,2,False,0-10,Name | Money/Amount,False,Financial Account Information,False,,ambiguous,True,yes,7390,standard,bde_llm_count_roster,False,False,0,0,0,0,0,0,5.258,False,False,True,,True,likely_yes,yes,4211,False,standard,False,,11601
CNG_Data2k_variance/files/Q00897.01-0000701122.MSG,Q00897.01-0000701122.MSG,.msg,291840,ok,True,False,text,False,0,0,1,False,0,False,0-10,Address | Email,True,Contact Information,False,,ambiguous,True,no,4524,likely_non_responsive,,False,False,0,0,0,0,0,0,2.633,True,False,False,stage1_nr,False,,,0,False,,False,,4524
CNG_Data2k_variance/files/Q00897.01-0000906009.PDF,Q00897.01-0000906009.PDF,.pdf,22338,ok,True,False,text,False,6,0,1,False,0,False,0-10,Name | Address | Phone,True,Contact Information,False,,ambiguous,True,yes,6218,standard,,False,False,0,0,0,0,0,0,3.859,False,False,True,,True,borderline,no,6317,False,likely_non_responsive,True,,12535
CNG_Data2k_variance/files/Q00897.01-0000131111.PDF,Q00897.01-0000131111.PDF,.pdf,666960,ok,True,True,text,True,4,0,39,False,1,False,20-50,Name | Phone | Money/Amount,True,Contact Information | Financial Account Information,False,,ambiguous,True,yes,8918,standard,bde_llm_count,True,True,4,0,0,0,0,1,22.135,False,False,True,,True,likely_no,no,4910,False,likely_non_responsive,True,,13828
CNG_Data2k_variance/files/Q00897.01-0000903890.PDF,Q00897.01-0000903890.PDF,.pdf,17544,ok,True,True,text,True,2,0,29,False,2,False,20-50,Name | Address | Phone | Money/Amount,True,Contact Information | Financial Account Information,False,,ambiguous,True,yes,8351,standard,bde_llm_count,True,True,2,0,0,0,0,1,10.093,False,False,True,,True,clear_yes,yes,4634,False,standard,False,,12985
CNG_Data2k_variance/files/Q00897.01-0000727424.MSG,Q00897.01-0000727424.MSG,.msg,158208,ok,True,False,text,False,0,0,2,False,0,False,0-10,Address | Email | Phone | Credentials,True,Contact Information | Access Credentials,False,,ambiguous,True,no,3958,likely_non_responsive,,False,False,0,0,0,0,0,0,2.34,True,False,False,stage1_nr,False,,,0,False,,False,,3958
CNG_Data2k_variance/files/Q00897.01-0000700987.MSG,Q00897.01-0000700987.MSG,.msg,109056,ok,True,False,text,False,0,0,0,False,0,False,0-10,,False,,False,,clear_non_responsive,False,,0,likely_non_responsive,,False,False,0,0,0,0,0,0,0.095,True,False,False,stage1_nr,False,,,0,False,,False,,0
CNG_Data2k_variance/files/Q00897.01-0000262650.PDF,Q00897.01-0000262650.PDF,.pdf,529317,ok,True,False,text,False,245,0,110,False,0,False,100+,Phone | Payment Card | Money/Amount,True,Contact Information | Financial Account Information,False,,ambiguous,True,no,27376,likely_non_responsive,bde_llm_count,False,False,0,0,0,0,0,0,7.763,True,False,False,stage1_nr,False,,,0,False,,False,,27376
CNG_Data2k_variance/files/Q00897.01-0000404450.0001.XLSX,Q00897.01-0000404450.0001.XLSX,.xlsx,134148,ok,True,True,text,True,6,0,425,False,0,False,100+,Name | Phone | Payment Card | Money/Amount,True,Contact Information | Financial Account Information,False,,ambiguous,True,no,9492,likely_non_responsive,bde_llm_count,False,False,0,0,0,0,0,0,3.964,True,False,False,stage1_nr,False,,,0,False,,False,,9492
CNG_Data2k_variance/files/Q00897.01-0000771560.0001.PDF,Q00897.01-0000771560.0001.PDF,.pdf,58602,ok,True,False,text,False,3,0,8,False,3,False,0-10,Name | Money/Amount,True,Financial Account Information,False,,ambiguous,True,no,9189,likely_non_responsive,bde_llm_count,False,False,0,0,0,0,0,0,3.76,True,False,False,stage1_nr,False,,,0,False,,False,,9189
CNG_Data2k_variance/files/Q00897.01-0000913271.PDF,Q00897.01-0000913271.PDF,.pdf,8967,ok,True,False,text,False,2,0,0,False,0,False,0-10,,False,,False,,clear_non_responsive,False,,0,likely_non_responsive,,False,False,0,0,0,0,0,0,0.139,True,False,False,stage1_nr,False,,,0,False,,False,,0
CNG_Data2k_variance/files/Q00897.01-0000111937.XLSX,Q00897.01-0000111937.XLSX,.xlsx,34137,ok,True,True,text,True,1,0,573,False,0,False,100+,Work-Related,False,Work-Related Information,False,,ambiguous,True,no,8379,likely_non_responsive,roster_by_rowcount bde_llm_count,False,False,0,0,0,0,0,0,11.176,True,False,False,stage1_nr,False,,,0,False,,False,,8379
CNG_Data2k_variance/files/Q00897.01-0000009779.PDF,Q00897.01-0000009779.PDF,.pdf,320099,ok,True,True,text,True,1,0,2,False,2,False,0-10,Name | Email | Money/Amount | Work-Related,True,Contact Information | Financial Account Information | Work-Related Information,False,,ambiguous,True,yes,7181,standard,bde_llm_count,True,True,1,0,0,0,0,1,13.341,False,False,True,,True,likely_yes,yes,4068,False,standard,False,,11249
CNG_Data2k_variance/files/Q00897.01-0000129283.PDF,Q00897.01-0000129283.PDF,.pdf,2911099,ok,True,True,text,True,13,0,49,False,0,False,20-50,Name | Phone | Money/Amount,True,Contact Information | Financial Account Information,False,,ambiguous,True,no,13460,likely_non_responsive,bde_llm_count,True,True,13,0,0,0,0,1,12.673,True,False,False,stage1_nr,False,,,0,False,,False,,13460
CNG_Data2k_variance/files/Q00897.01-0000016839.PDF,Q00897.01-0000016839.PDF,.pdf,168771,ok,True,False,text,False,1,0,2,False,0,False,0-10,Name | Email | Money/Amount,True,Contact Information | Financial Account Information,False,,ambiguous,True,yes,4179,standard,,False,False,0,0,0,0,0,0,6.855,False,False,True,,True,likely_no,no,4257,False,likely_non_responsive,True,,8436
CNG_Data2k_variance/files/Q00897.01-0000841758.0018.PDF,Q00897.01-0000841758.0018.PDF,.pdf,24133,ok,True,False,text,False,9,0,1,False,0,False,0-10,Card/Transaction | Money/Amount | Work-Related,False,Financial Account Information | Work-Related Information,False,,ambiguous,True,no,11294,likely_non_responsive,,False,False,0,0,0,0,0,0,1.97,True,False,False,stage1_nr,False,,,0,False,,False,,11294
CNG_Data2k_variance/files/Q00897.01-0000116509.PDF,Q00897.01-0000116509.PDF,.pdf,310527,ok,True,True,text,True,1,0,42,False,0,False,20-50,Money/Amount,False,Financial Account Information,False,,ambiguous,True,no,11369,likely_non_responsive,bde_llm_count,True,True,1,0,0,0,0,1,11.116,True,False,False,stage1_nr,False,,,0,False,,False,,11369
CNG_Data2k_variance/files/Q00897.01-0000670217.MSG,Q00897.01-0000670217.MSG,.msg,215040,ok,True,False,text,False,0,2,3,False,0,False,0-10,Name | Phone,True,Contact Information,False,,ambiguous,True,no,3721,likely_non_responsive,,False,False,0,0,0,0,0,0,1.638,True,False,False,stage1_nr,False,,,0,False,,False,,3721
CNG_Data2k_variance/files/Q00897.01-0000884417.PNG,Q00897.01-0000884417.PNG,.png,64172,ok,True,False,text,False,1,0,1,False,0,False,0-10,Money/Amount,False,Financial Account Information,False,,clear_non_responsive,False,,0,likely_non_responsive,,True,True,1,0,0,0,0,1,4.182,True,False,False,stage1_nr,False,,,0,False,,False,,0
CNG_Data2k_variance/files/Q00897.01-0000654587.0001.PNG,Q00897.01-0000654587.0001.PNG,.png,27202,ok,True,True,text,True,1,0,6,False,0,False,0-10,Card/Transaction | Money/Amount,False,Financial Account Information,False,,ambiguous,True,no,7122,likely_non_responsive,bde_llm_count,True,True,1,0,0,0,0,1,12.855,True,False,False,stage1_nr,False,,,0,False,,False,,7122
CNG_Data2k_variance/files/Q00897.01-0000000936.PDF,Q00897.01-0000000936.PDF,.pdf,63659,ok,True,False,text,False,1,0,1,False,0,False,0-10,Name | Address | Date of Birth,True,Contact Information | Birth Information,False,,ambiguous,True,yes,3870,standard,,False,False,0,0,0,0,0,0,5.25,False,False,True,,True,clear_yes,yes,3915,False,standard,False,,7785
CNG_Data2k_variance/files/Q00897.01-0000401140.MSG,Q00897.01-0000401140.MSG,.msg,116736,ok,True,False,text,False,0,0,14,False,14,False,10-20,Name | Address | Email | Phone | Money/Amount,True,Contact Information | Financial Account Information,False,,ambiguous,True,yes,16670,standard,bde_llm_count,False,False,0,0,0,0,0,0,13.389,False,False,True,,True,likely_yes,yes,8795,False,standard,False,,25465
CNG_Data2k_variance/files/Q00897.01-0000798486.0001.DOCX,Q00897.01-0000798486.0001.DOCX,.docx,16902,ok,True,False,text,False,0,0,13,False,6,False,10-20,Name | Card/Transaction | Money/Amount,False,Financial Account Information,False,,ambiguous,True,no,8047,likely_non_responsive,bde_llm_count,False,False,0,0,0,0,0,0,4.224,True,False,False,stage1_nr,False,,,0,False,,False,,8047
CNG_Data2k_variance/files/Q00897.01-0000451424.MSG,Q00897.01-0000451424.MSG,.msg,365568,ok,True,False,text,False,0,0,6,False,0,False,0-10,Name | Address | Money/Amount,True,Contact Information | Financial Account Information,False,,ambiguous,True,no,6823,likely_non_responsive,,False,False,0,0,0,0,0,0,4.425,True,False,False,stage1_nr,False,,,0,False,,False,,6823
CNG_Data2k_variance/files/Q00897.01-0000012631.PDF,Q00897.01-0000012631.PDF,.pdf,24711,ok,True,True,text,True,1,0,6,False,1,False,0-10,Name | Money/Amount,True,Financial Account Information,False,,ambiguous,True,yes,6743,standard,bde_llm_count,True,True,1,0,0,0,0,1,9.431,False,False,True,,True,likely_yes,yes,3847,False,standard,False,,10590
CNG_Data2k_variance/files/Q00897.01-0000420917.0001.PDF,Q00897.01-0000420917.0001.PDF,.pdf,4503058,ok,True,True,text,True,10,0,36,False,2,False,20-50,Address | Email | Phone | Money/Amount,True,Contact Information | Financial Account Information,False,,ambiguous,True,no,21883,likely_non_responsive,bde_llm_count,True,True,10,0,0,0,0,1,15.228,True,False,False,stage1_nr,False,,,0,False,,False,,21883
CNG_Data2k_variance/files/Q00897.01-0000000712.PDF,Q00897.01-0000000712.PDF,.pdf,428996,ok,True,True,text,True,5,0,66,False,3,False,50-100,Name | Address | Phone | SSN | Date of Birth | Card Expiry/CVV | Money/Amount | Work-Related,True,Contact Information | Government-Issued Identification | Birth Information | Financial Account Information | Work-Related Information,False,,clear_responsive,False,,6374,standard,bde_llm_count,True,True,5,0,0,0,0,1,14.215,False,False,True,,True,clear_yes,yes,7171,True,structured_bde,False,,13545
CNG_Data2k_variance/files/Q00897.01-0000006263.PDF,Q00897.01-0000006263.PDF,.pdf,168545,ok,True,False,text,False,1,0,2,False,0,False,0-10,Name | Phone | SSN,True,Contact Information | Government-Issued Identification,False,,clear_responsive,False,,0,standard,,False,False,0,0,0,0,0,0,6.246,False,False,True,,True,clear_yes,yes,4410,False,standard,False,,4410
CNG_Data2k_variance/files/Q00897.01-0000255259.XLSX,Q00897.01-0000255259.XLSX,.xlsx,65523,ok,True,True,text,True,9,0,196,False,7,False,100+,Name | Phone | Money/Amount,True,Contact Information | Financial Account Information,False,,ambiguous,True,yes,8273,standard,roster_by_rowcount bde_llm_count,False,False,0,0,0,0,0,0,6.654,False,False,True,,True,likely_no,no,4608,True,likely_non_responsive,True,,12881
CNG_Data2k_variance/files/Q00897.01-0000909586.PDF,Q00897.01-0000909586.PDF,.pdf,6425697,ok,True,False,text,False,716,0,509,False,4,True,100+,Address | Phone | SSN | Money/Amount | Work-Related,True,Contact Information | Government-Issued Identification | Financial Account Information | Work-Related Information,True,,clear_responsive,False,,14344,bde,bde_llm_count_roster,False,False,0,0,0,0,0,0,222.698,False,True,True,,True,clear_yes,yes,15294,True,bde,False,,29638
CNG_Data2k_variance/files/Q00897.01-0000361068.MSG,Q00897.01-0000361068.MSG,.msg,41472,ok,True,False,text,False,0,0,4,False,0,False,0-10,Name | Address | Email | Phone | Money/Amount,True,Contact Information | Financial Account Information,False,,ambiguous,True,no,4377,likely_non_responsive,,False,False,0,0,0,0,0,0,2.199,True,False,False,stage1_nr,False,,,0,False,,False,,4377
CNG_Data2k_variance/files/Q00897.01-0000694761.MSG,Q00897.01-0000694761.MSG,.msg,174080,ok,True,False,text,False,0,1,4,False,0,False,0-10,Name | Address | Email | Phone,True,Contact Information,False,,ambiguous,True,yes,4207,standard,,False,False,0,0,0,0,0,0,4.69,False,False,True,,True,likely_yes,yes,4254,False,standard,False,,8461
CNG_Data2k_variance/files/Q00897.01-0000409469.MSG,Q00897.01-0000409469.MSG,.msg,226304,ok,True,False,text,False,0,0,2,False,0,False,0-10,Address | Email | Phone | Money/Amount | Credentials,True,Contact Information | Financial Account Information | Access Credentials,False,,ambiguous,True,no,4040,likely_non_responsive,,False,False,0,0,0,0,0,0,2.377,True,False,False,stage1_nr,False,,,0,False,,False,,4040
CNG_Data2k_variance/files/Q00897.01-0000789147.0001.PDF,Q00897.01-0000789147.0001.PDF,.pdf,43921,ok,True,False,text,False,1,0,2,False,0,False,0-10,Name | Address | Email | Phone | Bank/Account Number | Money/Amount,True,Contact Information | Financial Account Information,False,,ambiguous,True,yes,4137,standard,,False,False,0,0,0,0,0,0,3.45,False,False,True,,True,likely_no,no,4188,False,likely_non_responsive,True,,8325
CNG_Data2k_variance/files/Q00897.01-0000611205.0001.XLSX,Q00897.01-0000611205.0001.XLSX,.xlsx,461896,ok,True,True,text,True,2,0,5500,False,50,True,100+,Name | Address,True,Contact Information,True,,ambiguous,True,yes,9783,structured_bde,roster_by_rowcount bde_llm_count_roster,False,False,0,0,0,0,0,0,16.15,False,True,True,,True,clear_yes,yes,5473,True,structured_bde,False,,15256
CNG_Data2k_variance/files/Q00897.01-0000545515.MSG,Q00897.01-0000545515.MSG,.msg,425472,ok,True,False,text,False,0,0,1,False,0,False,0-10,Address | Email | Phone,True,Contact Information,False,,ambiguous,True,no,5901,likely_non_responsive,,False,False,0,0,0,0,0,0,3.412,True,False,False,stage1_nr,False,,,0,False,,False,,5901
CNG_Data2k_variance/files/Q00897.01-0000661310.0001.PDF,Q00897.01-0000661310.0001.PDF,.pdf,79598,ok,True,False,text,False,1,0,2,False,0,False,0-10,Address | Email | Phone | Money/Amount,True,Contact Information | Financial Account Information,False,,ambiguous,True,no,4130,likely_non_responsive,,False,False,0,0,0,0,0,0,1.852,True,False,False,stage1_nr,False,,,0,False,,False,,4130
CNG_Data2k_variance/files/Q00897.01-0000640174.0002.PDF,Q00897.01-0000640174.0002.PDF,.pdf,2908290,ok,True,True,text,True,15,0,112,False,0,False,100+,Name | Email | Phone | Money/Amount | Health,True,Contact Information | Financial Account Information | Health-Related Information,False,,ambiguous,True,no,19867,likely_non_responsive,bde_llm_count,True,True,15,0,0,0,0,1,19.826,True,False,False,stage1_nr,False,,,0,False,,False,,19867
CNG_Data2k_variance/files/Q00897.01-0000016217.PDF,Q00897.01-0000016217.PDF,.pdf,284842,ok,True,False,text,False,1,0,2,False,0,False,0-10,Name | Email | Money/Amount | Work-Related,True,Contact Information | Financial Account Information | Work-Related Information,False,,ambiguous,True,yes,8160,standard,,False,False,0,0,0,0,0,0,6.896,False,False,True,,True,clear_yes,yes,8196,False,standard,False,,16356
CNG_Data2k_variance/files/Q00897.01-0000416474.MSG,Q00897.01-0000416474.MSG,.msg,130560,ok,True,False,text,False,0,0,1,False,0,False,0-10,Name | Email | Card/Transaction | Money/Amount,True,Contact Information | Financial Account Information,False,,ambiguous,True,no,3881,likely_non_responsive,,False,False,0,0,0,0,0,0,2.262,True,False,False,stage1_nr,False,,,0,False,,False,,3881
CNG_Data2k_variance/files/Q00897.01-0000016394.PDF,Q00897.01-0000016394.PDF,.pdf,945496,ok,True,False,text,False,1,0,3,False,0,False,0-10,Name | Email | Phone | SSN | Work-Related,True,Contact Information | Government-Issued Identification | Work-Related Information,False,,clear_responsive,False,,0,standard,,False,False,0,0,0,0,0,0,1.977,False,False,True,,True,clear_yes,yes,4409,False,standard,False,,4409
CNG_Data2k_variance/files/Q00897.01-0000014892.PDF,Q00897.01-0000014892.PDF,.pdf,358220,ok,True,False,text,False,2,0,3,False,0,False,0-10,Name | Address | Email | Phone | SSN | Money/Amount | Work-Related,True,Contact Information | Government-Issued Identification | Financial Account Information | Work-Related Information,False,,clear_responsive,False,,0,standard,"img_ocr:p1(1/2,+15chars)",False,False,0,2,2,1,0,2,10.983,False,False,True,,True,clear_yes,yes,16520,False,standard,False,,16520
CNG_Data2k_variance/files/Q00897.01-0000360161.MSG,Q00897.01-0000360161.MSG,.msg,412672,ok,True,False,text,False,0,0,1,False,0,False,0-10,Email,True,Contact Information,False,,ambiguous,True,no,4768,likely_non_responsive,,False,False,0,0,0,0,0,0,4.293,True,False,False,stage1_nr,False,,,0,False,,False,,4768
CNG_Data2k_variance/files/Q00897.01-0000889472.PDF,Q00897.01-0000889472.PDF,.pdf,716397,ok,True,False,text,False,121,0,155,False,155,True,100+,Name | Address | Phone | Money/Amount,True,Contact Information | Financial Account Information,True,,ambiguous,True,yes,36620,bde,bde_llm_count_roster,False,False,0,0,0,0,0,0,23.085,False,True,True,,True,clear_yes,yes,18858,True,bde,False,,55478
CNG_Data2k_variance/files/Q00897.01-0000662783.0002.PDF,Q00897.01-0000662783.0002.PDF,.pdf,365686,ok,True,False,text,False,26,0,1,False,0,False,0-10,Address | Money/Amount,True,Contact Information | Financial Account Information,False,,ambiguous,True,no,12620,likely_non_responsive,"img_ocr:p1,p3(2/2,+75chars)",False,False,0,2,2,2,0,2,13.452,True,False,False,stage1_nr,False,,,0,False,,False,,12620
CNG_Data2k_variance/files/Q00897.01-0000344592.PDF,Q00897.01-0000344592.PDF,.pdf,271989,ok,True,False,text,False,2,0,5,False,0,False,0-10,Name | Phone | Money/Amount,True,Contact Information | Financial Account Information,False,,ambiguous,True,yes,5694,standard,,False,False,0,0,0,0,0,0,5.619,False,False,True,,True,likely_no,no,5740,False,likely_non_responsive,True,,11434
CNG_Data2k_variance/files/Q00897.01-0000135638.PDF,Q00897.01-0000135638.PDF,.pdf,67279,ok,True,True,text,True,1,0,1,False,0,False,0-10,,False,,False,,ambiguous,True,no,7196,likely_non_responsive,bde_llm_count,True,True,1,0,0,0,0,1,15.838,True,False,False,stage1_nr,False,,,0,False,,False,,7196
CNG_Data2k_variance/files/Q00897.01-0000293965.PDF,Q00897.01-0000293965.PDF,.pdf,141407,ok,True,False,text,False,3,0,3,False,0,False,0-10,Name | Address | Phone | Account Balance | Money/Amount,True,Contact Information | Financial Account Information,False,,ambiguous,True,yes,4853,standard,"img_ocr:p1,p1(2/2,+35chars)",False,False,0,2,2,2,0,2,15.969,False,False,True,,True,likely_yes,yes,4919,False,standard,False,,9772
CNG_Data2k_variance/files/Q00897.01-0000403826.MSG,Q00897.01-0000403826.MSG,.msg,126464,ok,True,False,text,False,0,0,11,False,2,False,10-20,Name | Address | Email | Phone,True,Contact Information,False,,ambiguous,True,yes,7462,standard,bde_llm_count,False,False,0,0,0,0,0,0,7.173,False,False,True,,True,clear_no,no,4207,False,likely_non_responsive,True,,11669
CNG_Data2k_variance/files/Q00897.01-0000447625.0004.PDF,Q00897.01-0000447625.0004.PDF,.pdf,127838,ok,True,False,text,False,2,0,0,False,0,False,0-10,,False,,False,,clear_non_responsive,False,,0,likely_non_responsive,,False,False,0,0,0,0,0,0,0.334,True,False,False,stage1_nr,False,,,0,False,,False,,0
CNG_Data2k_variance/files/Q00897.01-0000097964.PDF,Q00897.01-0000097964.PDF,.pdf,125595,ok,True,False,text,False,2,0,2,False,0,False,0-10,Name | Address | Money/Amount,True,Contact Information | Financial Account Information,False,,ambiguous,True,no,4547,likely_non_responsive,,False,False,0,0,0,0,0,0,5.518,True,False,False,stage1_nr,False,,,0,False,,False,,4547
CNG_Data2k_variance/files/Q00897.01-0000537178.0001.CSV,Q00897.01-0000537178.0001.CSV,.csv,119065,ok,True,True,text,True,0,0,600,False,0,False,100+,Money/Amount,False,Financial Account Information,False,,ambiguous,True,no,15017,likely_non_responsive,roster_by_rowcount bde_llm_count,False,False,0,0,0,0,0,0,3.908,True,False,False,stage1_nr,False,,,0,False,,False,,15017
CNG_Data2k_variance/files/Q00897.01-0000020988.PDF,Q00897.01-0000020988.PDF,.pdf,59373,ok,True,False,text,False,1,0,0,False,0,False,0-10,,False,,False,,clear_non_responsive,False,,0,likely_non_responsive,,False,False,0,0,0,0,0,0,0.034,True,False,False,stage1_nr,False,,,0,False,,False,,0
CNG_Data2k_variance/files/Q00897.01-0000298828.XLSX,Q00897.01-0000298828.XLSX,.xlsx,14349,ok,True,True,text,True,1,0,374,False,0,False,100+,Address | Email,True,Contact Information,False,,ambiguous,True,no,8131,likely_non_responsive,roster_by_rowcount bde_llm_count,False,False,0,0,0,0,0,0,6.931,True,False,False,stage1_nr,False,,,0,False,,False,,8131
CNG_Data2k_variance/files/Q00897.01-0000549731.MSG,Q00897.01-0000549731.MSG,.msg,168448,ok,True,False,text,False,0,0,0,False,0,False,0-10,,False,,False,,clear_non_responsive,False,,0,likely_non_responsive,,False,False,0,0,0,0,0,0,0.19,True,False,False,stage1_nr,False,,,0,False,,False,,0
CNG_Data2k_variance/files/Q00897.01-0000469626.MSG,Q00897.01-0000469626.MSG,.msg,273920,ok,True,False,text,False,0,0,8,False,2,False,0-10,Name | Email | Phone | Money/Amount | Work-Related,True,Contact Information | Financial Account Information | Work-Related Information,False,,ambiguous,True,yes,9254,standard,bde_llm_count,False,False,0,0,0,0,0,0,8.206,False,False,True,,True,likely_yes,yes,5072,False,standard,False,,14326
CNG_Data2k_variance/files/Q00897.01-0000469418.MSG,Q00897.01-0000469418.MSG,.msg,114176,ok,True,False,text,False,0,0,6,False,0,False,0-10,Name | Address | Email | Money/Amount | Work-Related,True,Contact Information | Financial Account Information | Work-Related Information,False,,ambiguous,True,yes,5565,standard,,False,False,0,0,0,0,0,0,5.457,False,False,True,,True,likely_yes,yes,5631,False,standard,False,,11196
CNG_Data2k_variance/files/Q00897.01-0000546787.0001.PDF,Q00897.01-0000546787.0001.PDF,.pdf,22562,ok,True,False,text,False,1,0,1,False,0,False,0-10,Money/Amount,False,Financial Account Information,False,,clear_non_responsive,False,,0,likely_non_responsive,,False,False,0,0,0,0,0,0,0.025,True,False,False,stage1_nr,False,,,0,False,,False,,0
CNG_Data2k_variance/files/Q00897.01-0000288951.XLSX,Q00897.01-0000288951.XLSX,.xlsx,30217,ok,True,True,text,True,6,0,71,False,0,False,50-100,Phone | Payment Card | Money/Amount,True,Contact Information | Financial Account Information,False,,ambiguous,True,no,15336,likely_non_responsive,roster_by_rowcount bde_llm_count,False,False,0,0,0,0,0,0,3.259,True,False,False,stage1_nr,False,,,0,False,,False,,15336
CNG_Data2k_variance/files/Q00897.01-0000842284.0005.DOT,Q00897.01-0000842284.0005.DOT,.dot,24064,no_parser,False,False,unknown,False,0,0,0,False,0,False,,,False,,False,,,False,,0,needs_parser,unsupported_ext,False,False,0,0,0,0,0,0,0.0,False,False,False,no_parser,False,,,0,False,,False,,0
CNG_Data2k_variance/files/Q00897.01-0000840147.0002.PDF,Q00897.01-0000840147.0002.PDF,.pdf,418776,ok,True,True,text,True,12,0,7,False,4,False,0-10,Name | Address | Email | Phone | Money/Amount | Demographic | Work-Related,True,Contact Information | Financial Account Information | Demographic Information | Work-Related Information,False,,ambiguous,True,yes,17096,standard,bde_llm_count,True,True,12,0,0,0,0,1,14.415,False,False,True,,True,clear_yes,yes,9003,False,standard,False,,26099
CNG_Data2k_variance/files/Q00897.01-0000865235.PDF,Q00897.01-0000865235.PDF,.pdf,284994,ok,True,False,text,False,2,0,5,False,0,False,0-10,Name | Phone | Money/Amount,True,Contact Information | Financial Account Information,False,,ambiguous,True,yes,5875,standard,,False,False,0,0,0,0,0,0,4.027,False,False,True,,True,likely_no,no,5930,False,likely_non_responsive,True,,11805
CNG_Data2k_variance/files/Q00897.01-0000446401.MSG,Q00897.01-0000446401.MSG,.msg,175104,ok,True,False,text,False,0,1,1,False,0,False,0-10,Money/Amount,False,Financial Account Information,False,,clear_non_responsive,False,,0,likely_non_responsive,,False,False,0,0,0,0,0,0,0.135,True,False,False,stage1_nr,False,,,0,False,,False,,0
CNG_Data2k_variance/files/Q00897.01-0000001536.PDF,Q00897.01-0000001536.PDF,.pdf,202813,ok,True,False,text,False,6,0,2,False,0,False,0-10,Name | Address | SSN | Date of Birth,True,Contact Information | Government-Issued Identification | Birth Information,False,,clear_responsive,False,,0,standard,,True,True,6,0,0,0,0,1,7.994,False,False,True,,True,clear_yes,yes,5037,False,standard,False,,5037
CNG_Data2k_variance/files/Q00897.01-0000015348.PDF,Q00897.01-0000015348.PDF,.pdf,59386,ok,True,False,text,False,1,0,0,False,0,False,0-10,,False,,False,,clear_non_responsive,False,,0,likely_non_responsive,,False,False,0,0,0,0,0,0,0.047,True,False,False,stage1_nr,False,,,0,False,,False,,0
CNG_Data2k_variance\files\Q00897.01-0000658195.0001.XLS,Q00897.01-0000658195.0001.XLS,.xls,54456,ok,True,True,text,True,7,0,594,False,0,False,100+,Name | Address | Phone | Money/Amount,True,Contact Information | Financial Account Information,False,,ambiguous,True,yes,8480,standard,roster_by_rowcount bde_llm_count,False,False,0,0,0,0,0,0,4.525,False,False,True,,True,clear_no,no,4670,True,likely_non_responsive,True,,13150
CNG_Data2k_variance/files/Q00897.01-0000607143.MSG,Q00897.01-0000607143.MSG,.msg,210432,ok,True,False,text,False,0,0,2,False,0,False,0-10,Address | Email | Phone | Credentials,True,Contact Information | Access Credentials,False,,ambiguous,True,no,3943,likely_non_responsive,,False,False,0,0,0,0,0,0,2.75,True,False,False,stage1_nr,False,,,0,False,,False,,3943
CNG_Data2k_variance/files/Q00897.01-0000856363.PDF,Q00897.01-0000856363.PDF,.pdf,61146,ok,True,True,text,True,1,0,8,False,1,False,0-10,Name | Bank/Account Number | Money/Amount,True,Financial Account Information,False,,ambiguous,True,yes,6762,standard,bde_llm_count,True,True,1,0,0,0,0,1,9.569,False,False,True,,True,clear_yes,yes,3837,False,standard,False,,10599
CNG_Data2k_variance/files/Q00897.01-0000803503.0002.DOCX,Q00897.01-0000803503.0002.DOCX,.docx,23313,ok,True,False,text,False,0,0,3,False,0,False,0-10,Name | Address | Money/Amount | Demographic | Work-Related,True,Contact Information | Financial Account Information | Demographic Information | Work-Related Information,False,,ambiguous,True,no,6270,likely_non_responsive,,False,False,0,0,0,0,0,0,1.745,True,False,False,stage1_nr,False,,,0,False,,False,,6270
CNG_Data2k_variance\files\Q00897.01-0000855219.XLS,Q00897.01-0000855219.XLS,.xls,68929,ok,True,True,text,True,2,0,1,False,1,False,0-10,Name | Money/Amount,False,Financial Account Information,False,,ambiguous,True,yes,6737,standard,bde_llm_count_roster,False,False,0,0,0,0,0,0,5.154,False,False,True,,True,likely_yes,yes,3851,False,standard,False,,10588
CNG_Data2k_variance/files/Q00897.01-0000909732.PDF,Q00897.01-0000909732.PDF,.pdf,18149,ok,True,False,text,False,3,0,1,False,0,False,0-10,Money/Amount,False,Financial Account Information,False,,clear_non_responsive,False,,0,likely_non_responsive,,False,False,0,0,0,0,0,0,0.089,True,False,False,stage1_nr,False,,,0,False,,False,,0
CNG_Data2k_variance/files/Q00897.01-0000709173.MSG,Q00897.01-0000709173.MSG,.msg,208896,ok,True,False,text,False,0,0,2,False,0,False,0-10,Address | Email | Phone | Money/Amount | Credentials,True,Contact Information | Financial Account Information | Access Credentials,False,,ambiguous,True,no,3993,likely_non_responsive,,False,False,0,0,0,0,0,0,1.912,True,False,False,stage1_nr,False,,,0,False,,False,,3993
CNG_Data2k_variance/files/Q00897.01-0000696971.MSG,Q00897.01-0000696971.MSG,.msg,868352,ok,True,False,text,False,0,10,0,False,0,False,0-10,,False,,False,,clear_non_responsive,False,,0,likely_non_responsive,,False,False,0,0,0,0,0,0,0.266,True,False,False,stage1_nr,False,,,0,False,,False,,0
CNG_Data2k_variance/files/Q00897.01-0000545761.0001.PDF,Q00897.01-0000545761.0001.PDF,.pdf,22567,ok,True,False,text,False,1,0,1,False,0,False,0-10,Money/Amount,False,Financial Account Information,False,,clear_non_responsive,False,,0,likely_non_responsive,,False,False,0,0,0,0,0,0,0.035,True,False,False,stage1_nr,False,,,0,False,,False,,0
CNG_Data2k_variance/files/Q00897.01-0000242010.CSV,Q00897.01-0000242010.CSV,.csv,2142,ok,True,True,text,True,0,0,6,False,0,False,0-10,Address | Phone | Money/Amount,True,Contact Information | Financial Account Information,False,,ambiguous,True,no,8146,likely_non_responsive,bde_llm_count,False,False,0,0,0,0,0,0,3.303,True,False,False,stage1_nr,False,,,0,False,,False,,8146
CNG_Data2k_variance/files/Q00897.01-0000798246.MSG,Q00897.01-0000798246.MSG,.msg,464384,ok,True,False,text,False,0,2,0,False,0,False,0-10,,False,,False,,clear_non_responsive,False,,0,likely_non_responsive,,False,False,0,0,0,0,0,0,0.103,True,False,False,stage1_nr,False,,,0,False,,False,,0
CNG_Data2k_variance/files/Q00897.01-0000347032.PDF,Q00897.01-0000347032.PDF,.pdf,391759,ok,True,False,text,False,97,0,2,False,0,False,0-10,Name | Address | Phone | Money/Amount,True,Contact Information | Financial Account Information,False,,ambiguous,True,yes,16076,standard,,False,False,0,0,0,0,0,0,9.888,False,False,True,,True,likely_yes,yes,16143,False,standard,False,,32219
CNG_Data2k_variance/files/Q00897.01-0000808400.MSG,Q00897.01-0000808400.MSG,.msg,357376,error,False,False,,False,0,0,0,False,0,False,,,False,,False,,,False,,0,review_error,KeyError,False,False,0,0,0,0,0,0,11.261,False,False,False,extract_error,False,,,0,False,,False,,0
CNG_Data2k_variance/files/Q00897.01-0000892122.PDF,Q00897.01-0000892122.PDF,.pdf,11903,ok,True,False,text,False,1,0,0,False,0,False,0-10,,False,,False,,clear_non_responsive,False,,0,likely_non_responsive,,False,False,0,0,0,0,0,0,0.069,True,False,False,stage1_nr,False,,,0,False,,False,,0
CNG_Data2k_variance/files/Q00897.01-0000681448.MSG,Q00897.01-0000681448.MSG,.msg,179200,ok,True,False,text,False,0,3,5,False,0,False,0-10,Name | Address | Email | Phone,True,Contact Information,False,,ambiguous,True,yes,6344,standard,,False,False,0,0,0,0,0,0,8.626,False,False,True,,True,likely_no,no,6432,False,likely_non_responsive,True,,12776
CNG_Data2k_variance/files/Q00897.01-0000009338.PDF,Q00897.01-0000009338.PDF,.pdf,470357,ok,True,False,text,False,3,0,7,False,7,False,0-10,Name | Address | Money/Amount | Work-Related,True,Contact Information | Financial Account Information | Work-Related Information,False,,ambiguous,True,yes,9607,standard,bde_llm_count_roster,False,False,0,0,0,0,0,0,6.398,False,False,True,,True,clear_yes,yes,5259,False,standard,False,,14866
CNG_Data2k_variance/files/Q00897.01-0000764927.MSG,Q00897.01-0000764927.MSG,.msg,192000,ok,True,False,text,False,0,2,6,False,0,False,0-10,Name | Address | Email | Phone | Money/Amount,True,Contact Information | Financial Account Information,False,,ambiguous,True,yes,4642,standard,,False,False,0,0,0,0,0,0,4.935,False,False,True,,True,likely_yes,yes,4661,False,standard,False,,9303
CNG_Data2k_variance/files/Q00897.01-0000516703.MSG,Q00897.01-0000516703.MSG,.msg,62464,ok,True,False,text,False,0,2,7,False,7,False,0-10,Name | Address | Email | Phone,True,Contact Information,False,,ambiguous,True,yes,13284,standard,bde_llm_count,False,False,0,0,0,0,0,0,22.945,False,False,True,,True,likely_yes,yes,7104,False,standard,False,,20388
CNG_Data2k_variance/files/Q00897.01-0000430058.MSG,Q00897.01-0000430058.MSG,.msg,127488,ok,True,False,text,False,0,0,2,False,0,False,0-10,Email,True,Contact Information,False,,ambiguous,True,yes,3898,standard,,False,False,0,0,0,0,0,0,4.208,False,False,True,,True,borderline,no,3961,False,likely_non_responsive,True,,7859
CNG_Data2k_variance/files/Q00897.01-0000109157.XLSX,Q00897.01-0000109157.XLSX,.xlsx,7811,ok,True,True,text,True,1,0,4,False,2,False,0-10,Name | Phone | Money/Amount,True,Contact Information | Financial Account Information,False,,ambiguous,True,yes,7682,standard,bde_llm_count,False,False,0,0,0,0,0,0,18.93,False,False,True,,True,likely_no,no,4342,False,likely_non_responsive,True,,12024
CNG_Data2k_variance/files/Q00897.01-0000905558.PDF,Q00897.01-0000905558.PDF,.pdf,648479,ok,True,False,text,False,69,0,62,False,5,True,50-100,Address | Phone | SSN | Money/Amount | Work-Related,True,Contact Information | Government-Issued Identification | Financial Account Information | Work-Related Information,True,,clear_responsive,False,,14150,bde,bde_llm_count_roster,False,False,0,0,0,0,0,0,24.073,False,True,True,,True,clear_yes,yes,15103,True,bde,False,,29253
CNG_Data2k_variance/files/Q00897.01-0000908126.PDF,Q00897.01-0000908126.PDF,.pdf,397356,ok,True,False,text,False,96,0,1,False,0,False,0-10,Name | Address | Money/Amount,True,Contact Information | Financial Account Information,False,,ambiguous,True,yes,16111,standard,,False,False,0,0,0,0,0,0,9.823,False,False,True,,True,clear_yes,yes,16174,False,standard,False,,32285
CNG_Data2k_variance/files/Q00897.01-0000872791.PDF,Q00897.01-0000872791.PDF,.pdf,4657364,ok,True,True,text,True,10,0,321,False,2,False,100+,Name | Address | Money/Amount | Credentials | Health,True,Contact Information | Financial Account Information | Access Credentials | Health-Related Information,False,,ambiguous,True,yes,22172,standard,bde_llm_count,True,True,10,0,0,0,0,1,24.046,False,False,True,,True,likely_no,no,11575,True,likely_non_responsive,True,,33747
CNG_Data2k_variance/files/Q00897.01-0000833703.0002.DOCX,Q00897.01-0000833703.0002.DOCX,.docx,87542,ok,True,False,text,False,0,0,3,False,0,False,0-10,Name | Address | Email | Phone | Money/Amount,True,Contact Information | Financial Account Information,False,,ambiguous,True,yes,8624,standard,,False,False,0,0,0,0,0,0,4.785,False,False,True,,True,likely_no,no,8718,False,likely_non_responsive,True,,17342
CNG_Data2k_variance/files/Q00897.01-0000696895.MSG,Q00897.01-0000696895.MSG,.msg,142848,ok,True,False,text,False,0,3,14,False,14,False,10-20,Name | Address | Email | Phone | Bank/Account Number | Money/Amount,True,Contact Information | Financial Account Information,False,,ambiguous,True,yes,10506,standard,bde_llm_count,False,False,0,0,0,0,0,0,9.118,False,False,True,,True,likely_no,no,5696,False,likely_non_responsive,True,,16202
CNG_Data2k_variance/files/Q00897.01-0000819867.MSG,Q00897.01-0000819867.MSG,.msg,441856,ok,True,False,text,False,0,4,4,False,0,False,0-10,Name | Email | Phone | Money/Amount,True,Contact Information | Financial Account Information,False,,ambiguous,True,yes,5647,standard,,False,False,0,0,0,0,0,0,4.027,False,False,True,,True,likely_no,no,5734,False,likely_non_responsive,True,,11381
CNG_Data2k_variance/files/Q00897.01-0000915994.PDF,Q00897.01-0000915994.PDF,.pdf,450189,ok,True,True,text,True,2,0,17,False,3,False,10-20,Name | Email | Money/Amount | Work-Related,True,Contact Information | Financial Account Information | Work-Related Information,False,,ambiguous,True,yes,7512,standard,bde_llm_count,True,True,2,0,0,0,0,1,9.896,False,False,True,,True,clear_yes,yes,4222,False,standard,False,,11734
CNG_Data2k_variance/files/Q00897.01-0000466099.0002.PDF,Q00897.01-0000466099.0002.PDF,.pdf,10660812,ok,True,False,text,False,15,0,1,False,0,False,0-10,Address | Money/Amount | Work-Related,True,Contact Information | Financial Account Information | Work-Related Information,False,,ambiguous,True,no,8751,likely_non_responsive,,True,True,15,0,0,0,0,1,11.165,True,False,False,stage1_nr,False,,,0,False,,False,,8751
CNG_Data2k_variance/files/Q00897.01-0000327207.XLSX,Q00897.01-0000327207.XLSX,.xlsx,28451,ok,True,True,text,True,1,0,389,False,0,True,100+,Address | Money/Amount,True,Contact Information | Financial Account Information,True,,ambiguous,True,no,8832,structured_bde,roster_by_rowcount bde_llm_count_roster,False,False,0,0,0,0,0,0,7.532,False,True,True,,True,clear_no,no,4865,True,likely_non_responsive,True,,13697
CNG_Data2k_variance/files/Q00897.01-0000811040.0001.PDF,Q00897.01-0000811040.0001.PDF,.pdf,236239,ok,True,False,text,False,5,0,2,False,0,False,0-10,Name,False,,False,,ambiguous,True,yes,5180,standard,,False,False,0,0,0,0,0,0,3.413,False,False,True,,True,clear_no,no,5248,False,likely_non_responsive,True,,10428
CNG_Data2k_variance/files/Q00897.01-0000817947.0001.PDF,Q00897.01-0000817947.0001.PDF,.pdf,156521,ok,True,False,text,False,26,0,4,False,0,False,0-10,Name | Address | Email | Phone | Money/Amount | Health,True,Contact Information | Financial Account Information | Health-Related Information,False,,ambiguous,True,yes,9795,standard,,False,False,0,0,0,0,0,0,4.536,False,False,True,,True,likely_no,no,9855,False,likely_non_responsive,True,,19650
CNG_Data2k_variance/files/Q00897.01-0000010221.PDF,Q00897.01-0000010221.PDF,.pdf,177554,ok,True,True,text,True,1,0,28,False,1,False,20-50,Name | Address | Money/Amount | Work-Related,True,Contact Information | Financial Account Information | Work-Related Information,False,,ambiguous,True,yes,7376,standard,bde_llm_count,True,True,1,0,0,0,0,1,11.733,False,False,True,,True,clear_yes,yes,4174,False,standard,False,,11550
CNG_Data2k_variance/files/Q00897.01-0000750307.MSG,Q00897.01-0000750307.MSG,.msg,77312,ok,True,False,text,False,0,0,3,False,0,False,0-10,Name | Phone | Card/Transaction | Money/Amount,True,Contact Information | Financial Account Information,False,,ambiguous,True,yes,4027,standard,,False,False,0,0,0,0,0,0,3.893,False,False,True,,True,clear_yes,yes,4075,False,standard,False,,8102
CNG_Data2k_variance/files/Q00897.01-0000258231.0001.PDF,Q00897.01-0000258231.0001.PDF,.pdf,252241,ok,True,False,text,False,3,0,1,False,0,False,0-10,Name | Address | Bank/Account Number | Money/Amount,True,Contact Information | Financial Account Information,False,,ambiguous,True,yes,4446,standard,"img_ocr:p2(1/1,+260chars)",False,False,0,1,1,1,0,1,7.313,False,False,True,,True,likely_yes,yes,4492,False,standard,False,,8938
CNG_Data2k_variance/files/Q00897.01-0000356973.CSV,Q00897.01-0000356973.CSV,.csv,154453,ok,True,True,text,True,0,0,653,False,653,True,100+,SSN | Money/Amount,True,Government-Issued Identification | Financial Account Information,True,,clear_responsive,False,,7035,structured_bde,bde_llm_count_roster,False,False,0,0,0,0,0,0,9.057,False,True,True,,True,clear_yes,yes,8145,True,structured_bde,False,,15180
CNG_Data2k_variance/files/Q00897.01-0000797203.0002.PDF,Q00897.01-0000797203.0002.PDF,.pdf,121192,ok,True,False,text,False,9,0,1,False,0,False,0-10,Health | Work-Related,False,Health-Related Information | Work-Related Information,False,,ambiguous,True,no,9073,likely_non_responsive,,False,False,0,0,0,0,0,0,2.365,True,False,False,stage1_nr,False,,,0,False,,False,,9073
CNG_Data2k_variance/files/Q00897.01-0000850271.PDF,Q00897.01-0000850271.PDF,.pdf,2367326,ok,True,True,text,True,8,0,71,False,0,False,50-100,Name | Address | Phone | Money/Amount,True,Contact Information | Financial Account Information,False,,ambiguous,True,no,16041,likely_non_responsive,bde_llm_count,True,True,8,0,0,0,0,1,9.57,True,False,False,stage1_nr,False,,,0,False,,False,,16041
CNG_Data2k_variance/files/Q00897.01-0000888365.PDF,Q00897.01-0000888365.PDF,.pdf,1522761,ok,True,False,text,False,231,0,211,False,51,True,100+,Address | Phone | Money/Amount,True,Contact Information | Financial Account Information,True,,ambiguous,False,,16544,bde,llm_failed:JSONDecodeError bde_llm_count_roster,False,False,0,0,0,0,0,0,227.236,False,True,True,,True,clear_yes,yes,17727,True,bde,False,,34271
CNG_Data2k_variance/files/Q00897.01-0000537434.0001.XLSX,Q00897.01-0000537434.0001.XLSX,.xlsx,80208,ok,True,True,text,True,1,0,71,False,0,False,50-100,Phone | Money/Amount,True,Contact Information | Financial Account Information,False,,ambiguous,True,no,17922,likely_non_responsive,bde_llm_count,False,False,0,0,0,0,0,0,13.227,True,False,False,stage1_nr,False,,,0,False,,False,,17922
CNG_Data2k_variance/files/Q00897.01-0000483646.MSG,Q00897.01-0000483646.MSG,.msg,47104,ok,True,False,text,False,0,0,8,False,6,False,0-10,Name | Email | Phone | Money/Amount,True,Contact Information | Financial Account Information,False,,ambiguous,True,yes,16117,standard,bde_llm_count,False,False,0,0,0,0,0,0,13.019,False,False,True,,True,likely_no,no,8499,False,likely_non_responsive,True,,24616
CNG_Data2k_variance/files/Q00897.01-0000330511.PDF,Q00897.01-0000330511.PDF,.pdf,391216,ok,True,False,text,False,4,0,3,False,0,False,0-10,Name | Address | Bank/Account Number | Money/Amount,True,Contact Information | Financial Account Information,False,,ambiguous,True,yes,4308,standard,,False,False,0,0,0,0,0,0,5.758,False,False,True,,True,borderline,no,4422,False,likely_non_responsive,True,,8730
CNG_Data2k_variance/files/Q00897.01-0000656103.0002.PDF,Q00897.01-0000656103.0002.PDF,.pdf,193594,ok,True,False,text,False,1,0,2,False,0,False,0-10,Email | Phone,True,Contact Information,False,,ambiguous,True,no,3901,likely_non_responsive,,False,False,0,0,0,0,0,0,2.107,True,False,False,stage1_nr,False,,,0,False,,False,,3901
CNG_Data2k_variance/files/Q00897.01-0000635662.MSG,Q00897.01-0000635662.MSG,.msg,104448,ok,True,False,text,False,0,0,4,False,0,False,0-10,Name | Email,True,Contact Information,False,,ambiguous,True,yes,4019,standard,,False,False,0,0,0,0,0,0,4.543,False,False,True,,True,likely_no,no,4072,False,likely_non_responsive,True,,8091
CNG_Data2k_variance/files/Q00897.01-0000849005.0010.PDF,Q00897.01-0000849005.0010.PDF,.pdf,710584,ok,True,False,text,False,3,0,1,False,0,False,0-10,Name | Address | Money/Amount,True,Contact Information | Financial Account Information,False,,ambiguous,True,no,4957,likely_non_responsive,,True,True,3,0,0,0,0,1,7.854,True,False,False,stage1_nr,False,,,0,False,,False,,4957
CNG_Data2k_variance/files/Q00897.01-0000887334.PDF,Q00897.01-0000887334.PDF,.pdf,59982,ok,True,False,text,False,1,0,3,False,0,False,0-10,Address | Email | Phone | Money/Amount | Demographic,True,Contact Information | Financial Account Information | Demographic Information,False,,ambiguous,True,no,4381,likely_non_responsive,,False,False,0,0,0,0,0,0,2.341,True,False,False,stage1_nr,False,,,0,False,,False,,4381
CNG_Data2k_variance/files/Q00897.01-0000885485.DOCX,Q00897.01-0000885485.DOCX,.docx,18037,ok,True,False,text,False,0,0,3,False,0,False,0-10,Name | Address | Phone | Passport | Money/Amount,True,Contact Information | Government-Issued Identification | Financial Account Information,False,,ambiguous,True,yes,5813,standard,,False,False,0,0,0,0,0,0,3.976,False,False,True,,True,clear_yes,yes,5844,False,standard,False,,11657
CNG_Data2k_variance/files/Q00897.01-0000023081.XLSX,Q00897.01-0000023081.XLSX,.xlsx,250745,ok,True,True,text,True,3,0,1742,False,1742,True,100+,Name,False,,True,,ambiguous,True,yes,8887,structured_bde,bde_llm_count_roster,False,False,0,0,0,0,0,0,24.447,False,True,True,,True,clear_yes,yes,5026,True,structured_bde,False,,13913
CNG_Data2k_variance\files\Q00897.01-0000851736.XLS,Q00897.01-0000851736.XLS,.xls,22218,ok,True,True,text,True,1,0,66,False,1,False,50-100,Name | Money/Amount,False,Financial Account Information,False,,ambiguous,True,no,7284,likely_non_responsive,roster_by_rowcount bde_llm_count,False,False,0,0,0,0,0,0,3.15,True,False,False,stage1_nr,False,,,0,False,,False,,7284
CNG_Data2k_variance/files/Q00897.01-0000725842.MSG,Q00897.01-0000725842.MSG,.msg,181760,ok,True,False,text,False,0,0,2,False,0,False,0-10,Name | Address | Email,True,Contact Information,False,,ambiguous,True,yes,5112,standard,,False,False,0,0,0,0,0,0,4.302,False,False,True,,True,likely_no,no,5169,False,likely_non_responsive,True,,10281
CNG_Data2k_variance/files/Q00897.01-0000109887.XLSX,Q00897.01-0000109887.XLSX,.xlsx,17448,ok,True,True,text,True,2,0,115,False,1,False,100+,Name,False,,False,,ambiguous,True,no,7212,likely_non_responsive,roster_by_rowcount bde_llm_count,False,False,0,0,0,0,0,0,13.163,True,False,False,stage1_nr,False,,,0,False,,False,,7212
CNG_Data2k_variance/files/Q00897.01-0000481336.MSG,Q00897.01-0000481336.MSG,.msg,25088,ok,True,False,text,False,0,0,4,False,0,False,0-10,Name | Email,True,Contact Information,False,,ambiguous,True,no,4122,likely_non_responsive,,False,False,0,0,0,0,0,0,2.826,True,False,False,stage1_nr,False,,,0,False,,False,,4122
CNG_Data2k_variance/files/Q00897.01-0000905555.PDF,Q00897.01-0000905555.PDF,.pdf,7362,ok,True,False,text,False,1,0,0,False,0,False,0-10,,False,,False,,clear_non_responsive,False,,0,likely_non_responsive,,False,False,0,0,0,0,0,0,0.028,True,False,False,stage1_nr,False,,,0,False,,False,,0
CNG_Data2k_variance/files/Q00897.01-0000327638.PDF,Q00897.01-0000327638.PDF,.pdf,2266571,ok,True,True,text,True,1,0,35,False,0,False,20-50,Address | Email | Phone | Bank/Account Number | Money/Amount,True,Contact Information | Financial Account Information,False,,ambiguous,True,no,7768,likely_non_responsive,bde_llm_count,True,True,1,0,0,0,0,1,9.041,True,False,False,stage1_nr,False,,,0,False,,False,,7768
CNG_Data2k_variance/files/Q00897.01-0000262413.PDF,Q00897.01-0000262413.PDF,.pdf,405300,ok,True,False,text,False,185,0,19,False,0,False,10-20,Phone | Payment Card | Money/Amount,True,Contact Information | Financial Account Information,False,,ambiguous,True,no,27083,likely_non_responsive,bde_llm_count,False,False,0,0,0,0,0,0,5.855,True,False,False,stage1_nr,False,,,0,False,,False,,27083
CNG_Data2k_variance/files/Q00897.01-0000427825.0001.PDF,Q00897.01-0000427825.0001.PDF,.pdf,125338,ok,True,False,text,False,1,0,5,False,0,False,0-10,Name | Address | Email | Phone | Money/Amount,True,Contact Information | Financial Account Information,False,,ambiguous,True,yes,4298,standard,,False,False,0,0,0,0,0,0,4.229,False,False,True,,True,clear_yes,yes,4358,False,standard,False,,8656
CNG_Data2k_variance/files/Q00897.01-0000504707.MSG,Q00897.01-0000504707.MSG,.msg,84992,ok,True,False,text,False,0,0,1,False,0,False,0-10,Email,True,Contact Information,False,,ambiguous,True,yes,3895,standard,,False,False,0,0,0,0,0,0,7.608,False,False,True,,True,likely_no,no,3968,False,likely_non_responsive,True,,7863
CNG_Data2k_variance/files/Q00897.01-0000100717.PDF,Q00897.01-0000100717.PDF,.pdf,605769,ok,True,True,text,True,2,0,23,False,0,False,20-50,Address | Money/Amount,True,Contact Information | Financial Account Information,False,,ambiguous,True,no,10071,likely_non_responsive,bde_llm_count,True,True,2,0,0,0,0,1,20.206,True,False,False,stage1_nr,False,,,0,False,,False,,10071
CNG_Data2k_variance/files/Q00897.01-0000106786.XLSX,Q00897.01-0000106786.XLSX,.xlsx,150444,ok,True,True,text,True,1,0,154,False,154,True,100+,Name | Phone | Money/Amount,True,Contact Information | Financial Account Information,True,,ambiguous,True,yes,14413,structured_bde,bde_llm_count_roster,False,False,0,0,0,0,0,0,25.562,False,True,True,,True,likely_no,no,7645,True,likely_non_responsive,True,,22058
CNG_Data2k_variance/files/Q00897.01-0000421682.MSG,Q00897.01-0000421682.MSG,.msg,118784,ok,True,False,text,False,0,0,4,False,0,False,0-10,Name | Address | Email | Card/Transaction | Money/Amount,True,Contact Information | Financial Account Information,False,,ambiguous,True,yes,4222,standard,,False,False,0,0,0,0,0,0,5.265,False,False,True,,True,likely_no,no,4304,False,likely_non_responsive,True,,8526
CNG_Data2k_variance/files/Q00897.01-0000260925.XLSX,Q00897.01-0000260925.XLSX,.xlsx,26784,ok,True,True,text,True,1,0,108,False,1,False,100+,Name | Phone | Money/Amount,True,Contact Information | Financial Account Information,False,,ambiguous,True,yes,17002,standard,roster_by_rowcount bde_llm_count,False,False,0,0,0,0,0,0,5.495,False,False,True,,True,likely_yes,yes,8963,True,structured_bde,False,,25965
CNG_Data2k_variance/files/Q00897.01-0000573672.0001.XLSX,Q00897.01-0000573672.0001.XLSX,.xlsx,54168,ok,True,True,text,True,1,0,434,False,0,False,100+,Name | Money/Amount,False,Financial Account Information,False,,ambiguous,True,yes,15930,standard,roster_by_rowcount bde_llm_count,False,False,0,0,0,0,0,0,27.602,False,False,True,,True,clear_no,no,8410,True,likely_non_responsive,True,,24340
CNG_Data2k_variance/files/Q00897.01-0000304516.XLSM,Q00897.01-0000304516.XLSM,.xlsm,377483,ok,True,True,text,True,7,0,282,False,282,True,100+,Name,False,,True,,ambiguous,True,yes,7886,structured_bde,bde_llm_count_roster,False,False,0,0,0,0,0,0,27.719,False,True,True,,True,likely_no,no,4478,True,likely_non_responsive,True,,12364
CNG_Data2k_variance/files/Q00897.01-0000111892.XLSX,Q00897.01-0000111892.XLSX,.xlsx,62244,ok,True,True,text,True,1,0,573,False,0,False,100+,Work-Related,False,Work-Related Information,False,,ambiguous,True,no,10627,likely_non_responsive,roster_by_rowcount bde_llm_count,False,False,0,0,0,0,0,0,11.852,True,False,False,stage1_nr,False,,,0,False,,False,,10627
CNG_Data2k_variance/files/Q00897.01-0000118565.PDF,Q00897.01-0000118565.PDF,.pdf,135791,ok,True,False,text,False,1,0,2,False,0,False,0-10,Name | Health | Work-Related,True,Health-Related Information | Work-Related Information,False,,ambiguous,True,yes,4401,standard,,False,False,0,0,0,0,0,0,6.965,False,False,True,,True,likely_no,no,4456,False,likely_non_responsive,True,,8857
CNG_Data2k_variance/files/Q00897.01-0000669939.0002.PDF,Q00897.01-0000669939.0002.PDF,.pdf,9273,ok,True,False,text,False,8,0,3,False,0,False,0-10,Address | Phone | Bank/Account Number | Money/Amount,True,Contact Information | Financial Account Information,False,,ambiguous,True,no,5252,likely_non_responsive,,False,False,0,0,0,0,0,0,1.764,True,False,False,stage1_nr,False,,,0,False,,False,,5252
CNG_Data2k_variance/files/Q00897.01-0000547714.0001.XLSX,Q00897.01-0000547714.0001.XLSX,.xlsx,106184,ok,True,True,text,True,4,0,263,False,26,True,100+,Name | Payment Card | Money/Amount,True,Financial Account Information,True,,ambiguous,True,yes,11091,structured_bde,bde_llm_count_roster,False,False,0,0,0,0,0,0,32.394,False,True,True,,True,likely_no,no,6115,True,likely_non_responsive,True,,17206
CNG_Data2k_variance/files/Q00897.01-0000582261.MSG,Q00897.01-0000582261.MSG,.msg,285696,ok,True,False,text,False,0,0,1,False,0,False,0-10,Name | Address,True,Contact Information,False,,ambiguous,True,no,5089,likely_non_responsive,,False,False,0,0,0,0,0,0,7.421,True,False,False,stage1_nr,False,,,0,False,,False,,5089
CNG_Data2k_variance/files/Q00897.01-0000298983.XLSX,Q00897.01-0000298983.XLSX,.xlsx,1704595,ok,True,True,text,True,1,0,56,False,0,False,50-100,,False,,False,,ambiguous,True,no,8169,likely_non_responsive,bde_llm_count,False,False,0,0,0,0,0,0,14.274,True,False,False,stage1_nr,False,,,0,False,,False,,8169
CNG_Data2k_variance/files/Q00897.01-0000270116.PDF,Q00897.01-0000270116.PDF,.pdf,130866,ok,True,False,text,False,2,0,1,False,0,False,0-10,Name | Address | Money/Amount | Demographic,True,Contact Information | Financial Account Information | Demographic Information,False,,ambiguous,True,no,4691,likely_non_responsive,,True,True,2,0,0,0,0,1,10.342,True,False,False,stage1_nr,False,,,0,False,,False,,4691
CNG_Data2k_variance/files/Q00897.01-0000823743.MSG,Q00897.01-0000823743.MSG,.msg,212480,ok,True,False,text,False,0,1,0,False,0,False,0-10,,False,,False,,clear_non_responsive,False,,0,likely_non_responsive,,False,False,0,0,0,0,0,0,0.072,True,False,False,stage1_nr,False,,,0,False,,False,,0
CNG_Data2k_variance/files/Q00897.01-0000482343.0001.DOCX,Q00897.01-0000482343.0001.DOCX,.docx,23222,ok,True,False,text,False,0,0,1,False,0,False,0-10,Money/Amount,False,Financial Account Information,False,,clear_non_responsive,False,,0,likely_non_responsive,,False,False,0,0,0,0,0,0,0.077,True,False,False,stage1_nr,False,,,0,False,,False,,0
CNG_Data2k_variance/files/Q00897.01-0000283716.PDF,Q00897.01-0000283716.PDF,.pdf,888164,ok,True,True,text,True,4,0,37,False,2,False,20-50,Name | Address | Email | Phone | Bank/Account Number | Money/Amount,True,Contact Information | Financial Account Information,False,,ambiguous,True,yes,10479,standard,bde_llm_count,True,True,4,0,0,0,0,1,11.065,False,False,True,,True,clear_yes,yes,5680,False,standard,False,,16159
CNG_Data2k_variance/files/Q00897.01-0000812503.MSG,Q00897.01-0000812503.MSG,.msg,119296,ok,True,False,text,False,0,0,3,False,0,False,0-10,Name | Email | Phone | Card/Transaction | Money/Amount,True,Contact Information | Financial Account Information,False,,ambiguous,True,yes,3976,standard,,False,False,0,0,0,0,0,0,3.78,False,False,True,,True,likely_yes,yes,3995,False,standard,False,,7971
CNG_Data2k_variance/files/Q00897.01-0000573745.0001.PDF,Q00897.01-0000573745.0001.PDF,.pdf,20968,ok,True,False,text,False,1,0,0,False,0,False,0-10,,False,,False,,clear_non_responsive,False,,0,likely_non_responsive,,False,False,0,0,0,0,0,0,0.018,True,False,False,stage1_nr,False,,,0,False,,False,,0
CNG_Data2k_variance/files/Q00897.01-0000251052.PDF,Q00897.01-0000251052.PDF,.pdf,1583742,ok,True,True,text,True,9,0,165,False,0,False,100+,Payment Card | Money/Amount,True,Financial Account Information,False,,ambiguous,True,no,21003,likely_non_responsive,bde_llm_count,True,True,9,0,0,0,0,1,12.564,True,False,False,stage1_nr,False,,,0,False,,False,,21003
CNG_Data2k_variance/files/Q00897.01-0000116873.PDF,Q00897.01-0000116873.PDF,.pdf,476040,ok,True,False,text,False,70,0,1,False,0,False,0-10,Payment Card | Money/Amount,True,Financial Account Information,False,,ambiguous,True,no,14622,likely_non_responsive,,False,False,0,0,0,0,0,0,8.389,True,False,False,stage1_nr,False,,,0,False,,False,,14622
CNG_Data2k_variance/files/Q00897.01-0000134627.PDF,Q00897.01-0000134627.PDF,.pdf,772723,ok,True,True,text,True,4,0,55,False,0,False,50-100,Phone | Money/Amount,True,Contact Information | Financial Account Information,False,,ambiguous,True,no,9792,likely_non_responsive,bde_llm_count,True,True,4,0,0,0,0,1,23.48,True,False,False,stage1_nr,False,,,0,False,,False,,9792
CNG_Data2k_variance/files/Q00897.01-0000543452.0001.PDF,Q00897.01-0000543452.0001.PDF,.pdf,22564,ok,True,False,text,False,1,0,1,False,0,False,0-10,Money/Amount,False,Financial Account Information,False,,clear_non_responsive,False,,0,likely_non_responsive,,False,False,0,0,0,0,0,0,0.036,True,False,False,stage1_nr,False,,,0,False,,False,,0
CNG_Data2k_variance/files/Q00897.01-0000669174.MSG,Q00897.01-0000669174.MSG,.msg,324096,ok,True,False,text,False,0,1,3,False,0,False,0-10,Name | Phone,True,Contact Information,False,,ambiguous,True,no,3723,likely_non_responsive,,False,False,0,0,0,0,0,0,1.579,True,False,False,stage1_nr,False,,,0,False,,False,,3723
CNG_Data2k_variance/files/Q00897.01-0000775040.MSG,Q00897.01-0000775040.MSG,.msg,77824,ok,True,False,text,False,0,2,8,False,4,False,0-10,Name | Address | Email | Phone,True,Contact Information,False,,ambiguous,True,yes,10434,standard,bde_llm_count,False,False,0,0,0,0,0,0,7.79,False,False,True,,True,likely_no,no,5681,False,likely_non_responsive,True,,16115
CNG_Data2k_variance/files/Q00897.01-0000887113.PDF,Q00897.01-0000887113.PDF,.pdf,185276,ok,True,False,text,False,1,0,2,False,0,False,0-10,Name | Address | Money/Amount,True,Contact Information | Financial Account Information,False,,ambiguous,True,yes,3989,standard,,False,False,0,0,0,0,0,0,4.297,False,False,True,,True,likely_no,no,4029,False,likely_non_responsive,True,,8018
CNG_Data2k_variance/files/Q00897.01-0000248439.PDF,Q00897.01-0000248439.PDF,.pdf,69860,ok,True,True,text,True,5,0,39,False,0,False,20-50,Name | Address | Email | Phone | Bank/Account Number | Money/Amount,True,Contact Information | Financial Account Information,False,,ambiguous,True,yes,9860,standard,bde_llm_count,True,True,5,0,0,0,0,1,10.063,False,False,True,,True,clear_no,no,5397,False,likely_non_responsive,True,,15257
CNG_Data2k_variance/files/Q00897.01-0000136966.PDF,Q00897.01-0000136966.PDF,.pdf,12004896,ok,True,True,text,True,15,0,216,False,0,False,100+,Name | Address | Email | Phone | Money/Amount,True,Contact Information | Financial Account Information,False,,ambiguous,True,yes,19436,standard,bde_llm_count,True,True,15,0,0,0,0,1,26.972,False,False,True,,True,likely_yes,yes,10223,True,structured_bde,False,,29659
CNG_Data2k_variance/files/Q00897.01-0000276480.0003.PDF,Q00897.01-0000276480.0003.PDF,.pdf,62099,ok,True,False,text,False,4,0,1,False,0,False,0-10,Email | Money/Amount,True,Contact Information | Financial Account Information,False,,ambiguous,True,no,4952,likely_non_responsive,,False,False,0,0,0,0,0,0,5.588,True,False,False,stage1_nr,False,,,0,False,,False,,4952
CNG_Data2k_variance/files/Q00897.01-0000305892.PDF,Q00897.01-0000305892.PDF,.pdf,48956,ok,True,False,text,False,5,0,1,False,0,False,0-10,Money/Amount,False,Financial Account Information,False,,clear_non_responsive,False,,0,likely_non_responsive,,False,False,0,0,0,0,0,0,0.729,True,False,False,stage1_nr,False,,,0,False,,False,,0
CNG_Data2k_variance/files/Q00897.01-0000898524.PDF,Q00897.01-0000898524.PDF,.pdf,19670,ok,True,False,text,False,3,0,1,False,0,False,0-10,Name | Address | Phone | Money/Amount,True,Contact Information | Financial Account Information,False,,ambiguous,True,yes,5977,standard,,False,False,0,0,0,0,0,0,62.328,False,False,True,,True,likely_no,no,6038,False,likely_non_responsive,True,,12015
CNG_Data2k_variance/files/Q00897.01-0000701493.0001.PDF,Q00897.01-0000701493.0001.PDF,.pdf,87066,ok,True,True,text,True,2,0,7,False,0,False,0-10,Name | Address | Phone | Money/Amount,True,Contact Information | Financial Account Information,False,,ambiguous,True,yes,9529,standard,bde_llm_count,True,True,2,0,0,0,0,1,11.256,False,False,True,,True,borderline,no,5250,False,likely_non_responsive,True,,14779
CNG_Data2k_variance/files/Q00897.01-0000836200.0001.DOCX,Q00897.01-0000836200.0001.DOCX,.docx,14913,ok,True,False,text,False,0,0,1,False,0,False,0-10,Money/Amount | Health,False,Financial Account Information | Health-Related Information,False,,ambiguous,True,no,4372,likely_non_responsive,,False,False,0,0,0,0,0,0,1.455,True,False,False,stage1_nr,False,,,0,False,,False,,4372
CNG_Data2k_variance/files/Q00897.01-0000671443.0001.PDF,Q00897.01-0000671443.0001.PDF,.pdf,248595,ok,True,False,text,False,1,0,2,False,0,False,0-10,Name | Money/Amount | Health,True,Financial Account Information | Health-Related Information,False,,ambiguous,True,no,4273,likely_non_responsive,,True,True,1,0,0,0,0,1,5.991,True,False,False,stage1_nr,False,,,0,False,,False,,4273
CNG_Data2k_variance/files/Q00897.01-0000399666.MSG,Q00897.01-0000399666.MSG,.msg,169984,ok,True,False,text,False,0,2,7,False,5,False,0-10,Name | Address | Email | Phone | Money/Amount,True,Contact Information | Financial Account Information,False,,ambiguous,True,yes,9985,standard,bde_llm_count,False,False,0,0,0,0,0,0,9.07,False,False,True,,True,likely_no,no,5469,False,likely_non_responsive,True,,15454
CNG_Data2k_variance/files/Q00897.01-0000112427.XLSX,Q00897.01-0000112427.XLSX,.xlsx,615427,ok,True,True,text,True,3,0,129,False,0,False,100+,Phone | Bank/Account Number | Money/Amount,True,Contact Information | Financial Account Information,False,,ambiguous,True,no,15448,likely_non_responsive,roster_by_rowcount bde_llm_count,False,False,0,0,0,0,0,0,12.27,True,False,False,stage1_nr,False,,,0,False,,False,,15448
CNG_Data2k_variance/files/Q00897.01-0000654536.0001.PDF,Q00897.01-0000654536.0001.PDF,.pdf,8935,ok,True,True,text,True,1,0,9,False,0,False,0-10,Address | Bank/Account Number | Card/Transaction | Money/Amount,True,Contact Information | Financial Account Information,False,,ambiguous,True,no,6901,likely_non_responsive,bde_llm_count,True,True,1,0,0,0,0,1,7.525,True,False,False,stage1_nr,False,,,0,False,,False,,6901
CNG_Data2k_variance/files/Q00897.01-0000766398.0002.DOCX,Q00897.01-0000766398.0002.DOCX,.docx,33013,ok,True,False,text,False,0,0,1,False,0,False,0-10,Health,False,Health-Related Information,False,,ambiguous,True,no,4606,likely_non_responsive,,False,False,0,0,0,0,0,0,1.167,True,False,False,stage1_nr,False,,,0,False,,False,,4606
CNG_Data2k_variance/files/Q00897.01-0000887634.PDF,Q00897.01-0000887634.PDF,.pdf,6242,ok,True,False,text,False,2,0,10,False,10,False,0-10,Name | Phone | Money/Amount,True,Contact Information | Financial Account Information,False,,ambiguous,True,yes,9063,standard,bde_llm_count_roster,False,False,0,0,0,0,0,0,7.128,False,False,True,,True,clear_yes,yes,5022,False,standard,False,,14085
CNG_Data2k_variance\files\Q00897.01-0000713346.0001.XLS,Q00897.01-0000713346.0001.XLS,.xls,10881,ok,True,True,text,True,1,0,15,False,0,False,10-20,Name | Address | Phone,True,Contact Information,False,,ambiguous,True,yes,8310,standard,bde_llm_count,False,False,0,0,0,0,0,0,5.033,False,False,True,,True,clear_no,no,4575,False,likely_non_responsive,True,,12885
CNG_Data2k_variance/files/Q00897.01-0000104182.XLSX,Q00897.01-0000104182.XLSX,.xlsx,194362,ok,True,True,text,True,1,0,58,False,0,False,50-100,Address | Phone | Money/Amount,True,Contact Information | Financial Account Information,False,,ambiguous,True,no,10398,likely_non_responsive,roster_by_rowcount bde_llm_count,False,False,0,0,0,0,0,0,12.136,True,False,False,stage1_nr,False,,,0,False,,False,,10398
CNG_Data2k_variance/files/Q00897.01-0000904551.PDF,Q00897.01-0000904551.PDF,.pdf,20423,ok,True,False,text,False,4,0,1,False,0,False,0-10,Name | Address | Phone | Money/Amount,True,Contact Information | Financial Account Information,False,,ambiguous,True,yes,5998,standard,,False,False,0,0,0,0,0,0,2.961,False,False,True,,True,likely_yes,yes,6062,False,standard,False,,12060
CNG_Data2k_variance/files/Q00897.01-0000625542.MSG,Q00897.01-0000625542.MSG,.msg,59904,ok,True,False,text,False,0,1,6,False,0,False,0-10,Name | Address | Email | Phone,True,Contact Information,False,,ambiguous,True,yes,6558,standard,,False,False,0,0,0,0,0,0,6.945,False,False,True,,True,borderline,no,6661,False,likely_non_responsive,True,,13219
CNG_Data2k_variance/files/Q00897.01-0000669447.MSG,Q00897.01-0000669447.MSG,.msg,177664,ok,True,False,text,False,0,2,3,False,0,False,0-10,Name | Phone,True,Contact Information,False,,ambiguous,True,no,3738,likely_non_responsive,,False,False,0,0,0,0,0,0,2.182,True,False,False,stage1_nr,False,,,0,False,,False,,3738
CNG_Data2k_variance/files/Q00897.01-0000258581.0001.PDF,Q00897.01-0000258581.0001.PDF,.pdf,250575,ok,True,False,text,False,3,0,1,False,0,False,0-10,Name | Address | Bank/Account Number | Money/Amount,True,Contact Information | Financial Account Information,False,,ambiguous,True,yes,4296,standard,"img_ocr:p2(1/1,+233chars)",False,False,0,1,1,1,0,1,7.365,False,False,True,,True,likely_no,no,4361,False,likely_non_responsive,True,,8657
CNG_Data2k_variance/files/Q00897.01-0000837248.0001.PDF,Q00897.01-0000837248.0001.PDF,.pdf,156383,ok,True,False,text,False,7,0,1,False,0,False,0-10,Name | Money/Amount,True,Financial Account Information,False,,ambiguous,True,no,9228,likely_non_responsive,,False,False,0,0,0,0,0,0,3.532,True,False,False,stage1_nr,False,,,0,False,,False,,9228
CNG_Data2k_variance/files/Q00897.01-0000808305.0001.PDF,Q00897.01-0000808305.0001.PDF,.pdf,342224,ok,True,True,text,True,3,0,4,False,1,False,0-10,Name | Address | Phone | Work-Related,True,Contact Information | Work-Related Information,False,,ambiguous,True,no,9821,likely_non_responsive,bde_llm_count,True,True,3,0,0,0,0,1,8.012,True,False,False,stage1_nr,False,,,0,False,,False,,9821
CNG_Data2k_variance/files/Q00897.01-0000777391.0001.PPTX,Q00897.01-0000777391.0001.PPTX,.pptx,71549,ok,True,False,text,False,6,0,1,False,0,False,0-10,Money/Amount | Work-Related,False,Financial Account Information | Work-Related Information,False,,ambiguous,True,no,4779,likely_non_responsive,,False,False,0,0,0,0,0,0,1.447,True,False,False,stage1_nr,False,,,0,False,,False,,4779
CNG_Data2k_variance/files/Q00897.01-0000363797.MSG,Q00897.01-0000363797.MSG,.msg,142848,ok,True,False,text,False,0,0,1,False,0,False,0-10,Address,True,Contact Information,False,,ambiguous,True,no,4198,likely_non_responsive,,False,False,0,0,0,0,0,0,1.692,True,False,False,stage1_nr,False,,,0,False,,False,,4198
CNG_Data2k_variance/files/Q00897.01-0000914376.PDF,Q00897.01-0000914376.PDF,.pdf,339544,ok,True,False,text,False,3,0,1,False,0,False,0-10,Phone | Money/Amount,True,Contact Information | Financial Account Information,False,,ambiguous,True,no,4267,likely_non_responsive,"img_ocr:p2(1/1,+6chars)",False,False,0,1,1,1,0,1,5.676,True,False,False,stage1_nr,False,,,0,False,,False,,4267
CNG_Data2k_variance/files/Q00897.01-0000906595.PDF,Q00897.01-0000906595.PDF,.pdf,35848,ok,True,False,text,False,3,0,30,False,30,False,20-50,Name | Address | Phone | Money/Amount,True,Contact Information | Financial Account Information,False,,ambiguous,True,yes,15148,standard,bde_llm_count_roster,False,False,0,0,0,0,0,0,11.665,False,False,True,,True,clear_yes,yes,7970,False,standard,False,,23118
CNG_Data2k_variance/files/Q00897.01-0000898722.PDF,Q00897.01-0000898722.PDF,.pdf,11836,ok,True,False,text,False,1,0,0,False,0,False,0-10,,False,,False,,clear_non_responsive,False,,0,likely_non_responsive,,False,False,0,0,0,0,0,0,0.043,True,False,False,stage1_nr,False,,,0,False,,False,,0
CNG_Data2k_variance/files/Q00897.01-0000632257.MSG,Q00897.01-0000632257.MSG,.msg,58368,ok,True,False,text,False,0,1,5,False,0,False,0-10,Name | Address | Email | Phone,True,Contact Information,False,,ambiguous,True,yes,4551,standard,,False,False,0,0,0,0,0,0,5.626,False,False,True,,True,likely_no,no,4639,False,likely_non_responsive,True,,9190
CNG_Data2k_variance/files/Q00897.01-0000481287.MSG,Q00897.01-0000481287.MSG,.msg,35840,ok,True,False,text,False,0,0,7,False,6,False,0-10,Name | Email | Money/Amount | Work-Related,True,Contact Information | Financial Account Information | Work-Related Information,False,,ambiguous,True,yes,11612,standard,bde_llm_count,False,False,0,0,0,0,0,0,10.889,False,False,True,,True,likely_no,no,6270,False,likely_non_responsive,True,,17882
CNG_Data2k_variance/files/Q00897.01-0000802093.0001.DOCX,Q00897.01-0000802093.0001.DOCX,.docx,13718,ok,True,False,text,False,0,0,1,False,0,False,0-10,Name | Money/Amount | Student ID,True,Financial Account Information | Student-Related Information,False,,ambiguous,True,yes,3905,standard,,False,False,0,0,0,0,0,0,4.057,False,False,True,,True,likely_no,no,4004,False,likely_non_responsive,True,,7909
CNG_Data2k_variance/files/Q00897.01-0000800323.MSG,Q00897.01-0000800323.MSG,.msg,29696,error,False,False,,False,0,0,0,False,0,False,,,False,,False,,,False,,0,review_error,KeyError,False,False,0,0,0,0,0,0,0.47,False,False,False,extract_error,False,,,0,False,,False,,0
CNG_Data2k_variance/files/Q00897.01-0000747837.MSG,Q00897.01-0000747837.MSG,.msg,110592,ok,True,False,text,False,0,0,1,False,0,False,0-10,Work-Related,False,Work-Related Information,False,,ambiguous,True,no,4437,likely_non_responsive,,False,False,0,0,0,0,0,0,3.664,True,False,False,stage1_nr,False,,,0,False,,False,,4437
CNG_Data2k_variance/files/Q00897.01-0000474241.MSG,Q00897.01-0000474241.MSG,.msg,2086400,ok,True,False,text,False,0,3,6,False,0,False,0-10,Name | Address | Email | Phone | Bank/Account Number | Money/Amount,True,Contact Information | Financial Account Information,False,,ambiguous,True,yes,6731,standard,,False,False,0,0,0,0,0,0,6.269,False,False,True,,True,likely_yes,yes,6728,False,standard,False,,13459
CNG_Data2k_variance/files/Q00897.01-0000294529.PDF,Q00897.01-0000294529.PDF,.pdf,346102,ok,True,False,text,False,3,0,1,False,0,False,0-10,Money/Amount,False,Financial Account Information,False,,clear_non_responsive,False,,0,likely_non_responsive,,False,False,0,0,0,0,0,0,0.544,True,False,False,stage1_nr,False,,,0,False,,False,,0
CNG_Data2k_variance/files/Q00897.01-0000341762.PDF,Q00897.01-0000341762.PDF,.pdf,128395,ok,True,True,text,True,2,0,11,False,1,False,10-20,Name | Email | Phone | Account Balance | Money/Amount,True,Contact Information | Financial Account Information,False,,ambiguous,True,yes,7576,standard,bde_llm_count,True,True,2,0,0,0,0,1,10.05,False,False,True,,True,likely_no,no,4271,False,likely_non_responsive,True,,11847
CNG_Data2k_variance/files/Q00897.01-0000915820.PDF,Q00897.01-0000915820.PDF,.pdf,212710,ok,True,False,text,False,2,0,1,False,0,False,0-10,Name | Phone | Money/Amount,True,Contact Information | Financial Account Information,False,,ambiguous,True,yes,4295,standard,,False,False,0,0,0,0,0,0,3.073,False,False,True,,True,clear_yes,yes,4381,False,standard,False,,8676
CNG_Data2k_variance/files/Q00897.01-0000429941.MSG,Q00897.01-0000429941.MSG,.msg,120832,ok,True,False,text,False,0,0,3,False,0,False,0-10,Name | Address | Email | Phone | Money/Amount,True,Contact Information | Financial Account Information,False,,ambiguous,True,yes,4309,standard,,False,False,0,0,0,0,0,0,6.045,False,False,True,,True,likely_no,no,4336,False,likely_non_responsive,True,,8645
CNG_Data2k_variance/files/Q00897.01-0000548697.0001.XLSX,Q00897.01-0000548697.0001.XLSX,.xlsx,33228,ok,True,True,text,True,1,0,258,False,0,True,100+,Phone | Money/Amount,True,Contact Information | Financial Account Information,True,,ambiguous,True,no,11665,structured_bde,roster_by_rowcount bde_llm_count_roster,False,False,0,0,0,0,0,0,24.575,False,True,True,,True,clear_no,no,6302,True,likely_non_responsive,True,,17967
CNG_Data2k_variance/files/Q00897.01-0000711111.MSG,Q00897.01-0000711111.MSG,.msg,153600,ok,True,False,text,False,0,0,3,False,0,False,0-10,Name | Email,True,Contact Information,False,,ambiguous,True,yes,3961,standard,,False,False,0,0,0,0,0,0,3.324,False,False,True,,True,likely_no,no,4013,False,likely_non_responsive,True,,7974
CNG_Data2k_variance/files/Q00897.01-0000896659.PDF,Q00897.01-0000896659.PDF,.pdf,12907,ok,True,False,text,False,2,0,1,False,0,False,0-10,Money/Amount,False,Financial Account Information,False,,clear_non_responsive,False,,0,likely_non_responsive,,False,False,0,0,0,0,0,0,0.139,True,False,False,stage1_nr,False,,,0,False,,False,,0
CNG_Data2k_variance/files/Q00897.01-0000007285.XLSX,Q00897.01-0000007285.XLSX,.xlsx,16036,ok,True,True,text,True,1,0,7,False,7,False,0-10,SSN | Money/Amount | Work-Related,True,Government-Issued Identification | Financial Account Information | Work-Related Information,False,,clear_responsive,False,,3906,standard,bde_llm_count_roster,False,False,0,0,0,0,0,0,5.712,False,False,True,,True,clear_yes,yes,4863,False,standard,False,,8769
CNG_Data2k_variance/files/Q00897.01-0000265072.CSV,Q00897.01-0000265072.CSV,.csv,36433,ok,True,True,text,True,0,0,299,False,0,False,100+,Card/Transaction,False,Financial Account Information,False,,ambiguous,True,no,11141,likely_non_responsive,roster_by_rowcount bde_llm_count,False,False,0,0,0,0,0,0,3.984,True,False,False,stage1_nr,False,,,0,False,,False,,11141
CNG_Data2k_variance/files/Q00897.01-0000684689.MSG,Q00897.01-0000684689.MSG,.msg,224768,ok,True,False,text,False,0,0,5,False,0,False,0-10,Name | Address,True,Contact Information,False,,ambiguous,True,no,5069,likely_non_responsive,,False,False,0,0,0,0,0,0,3.535,True,False,False,stage1_nr,False,,,0,False,,False,,5069
CNG_Data2k_variance/files/Q00897.01-0000699732.MSG,Q00897.01-0000699732.MSG,.msg,209920,ok,True,False,text,False,0,0,2,False,0,False,0-10,Address | Email | Phone | Credentials,True,Contact Information | Access Credentials,False,,ambiguous,True,no,3944,likely_non_responsive,,False,False,0,0,0,0,0,0,2.25,True,False,False,stage1_nr,False,,,0,False,,False,,3944
CNG_Data2k_variance/files/Q00897.01-0000288199.XLSX,Q00897.01-0000288199.XLSX,.xlsx,483695,ok,True,True,text,True,1,0,66,False,0,True,50-100,Name,False,,True,,ambiguous,True,yes,7559,structured_bde,roster_by_rowcount bde_llm_count_roster,False,False,0,0,0,0,0,0,9.347,False,True,True,,True,clear_no,no,4323,True,likely_non_responsive,True,,11882
CNG_Data2k_variance/files/Q00897.01-0000910073.PDF,Q00897.01-0000910073.PDF,.pdf,14062,ok,True,False,text,False,2,0,1,False,0,False,0-10,Money/Amount,False,Financial Account Information,False,,clear_non_responsive,False,,0,likely_non_responsive,,False,False,0,0,0,0,0,0,0.171,True,False,False,stage1_nr,False,,,0,False,,False,,0
CNG_Data2k_variance/files/Q00897.01-0000901445.PDF,Q00897.01-0000901445.PDF,.pdf,18941,ok,True,False,text,False,3,0,1,False,0,False,0-10,Name | Address | Phone | Money/Amount,True,Contact Information | Financial Account Information,False,,ambiguous,True,yes,5721,standard,,False,False,0,0,0,0,0,0,3.487,False,False,True,,True,likely_yes,yes,5791,False,standard,False,,11512
CNG_Data2k_variance/files/Q00897.01-0000898727.PDF,Q00897.01-0000898727.PDF,.pdf,61582,ok,True,False,text,False,13,0,2,False,0,False,0-10,Name | Address | Phone | Money/Amount | Work-Related,True,Contact Information | Financial Account Information | Work-Related Information,False,,ambiguous,True,yes,14027,standard,,False,False,0,0,0,0,0,0,62.689,False,False,True,,True,clear_yes,yes,14087,False,standard,False,,28114
CNG_Data2k_variance/files/Q00897.01-0000449427.MSG,Q00897.01-0000449427.MSG,.msg,159744,ok,True,False,text,False,0,0,2,False,0,False,0-10,Name | Address | Health,True,Contact Information | Health-Related Information,False,,ambiguous,True,yes,3918,standard,,False,False,0,0,0,0,0,0,3.582,False,False,True,,True,likely_yes,yes,3981,False,standard,False,,7899
CNG_Data2k_variance/files/Q00897.01-0000707109.MSG,Q00897.01-0000707109.MSG,.msg,219136,ok,True,False,text,False,0,0,2,False,0,False,0-10,Address | Email | Phone | Money/Amount | Credentials,True,Contact Information | Financial Account Information | Access Credentials,False,,ambiguous,True,no,4003,likely_non_responsive,,False,False,0,0,0,0,0,0,2.956,True,False,False,stage1_nr,False,,,0,False,,False,,4003
CNG_Data2k_variance/files/Q00897.01-0000756129.MSG,Q00897.01-0000756129.MSG,.msg,69120,ok,True,False,text,False,0,0,1,False,0,False,0-10,Name | Address | Email | Credentials,True,Contact Information | Access Credentials,False,,ambiguous,True,yes,3869,standard,,False,False,0,0,0,0,0,0,3.452,False,False,True,,True,likely_yes,yes,3928,False,standard,False,,7797
CNG_Data2k_variance/files/Q00897.01-0000907544.PDF,Q00897.01-0000907544.PDF,.pdf,8012,ok,True,False,text,False,1,0,6,False,0,False,0-10,Name | Phone,True,Contact Information,False,,ambiguous,True,yes,3894,standard,,False,False,0,0,0,0,0,0,3.313,False,False,True,,True,borderline,no,3888,False,likely_non_responsive,True,,7782
CNG_Data2k_variance/files/Q00897.01-0000528580.0001.PDF,Q00897.01-0000528580.0001.PDF,.pdf,22624,ok,True,False,text,False,1,0,1,False,0,False,0-10,Money/Amount,False,Financial Account Information,False,,clear_non_responsive,False,,0,likely_non_responsive,,False,False,0,0,0,0,0,0,0.031,True,False,False,stage1_nr,False,,,0,False,,False,,0
CNG_Data2k_variance/files/Q00897.01-0000902587.PDF,Q00897.01-0000902587.PDF,.pdf,16379,ok,True,True,text,True,2,0,37,False,1,False,20-50,Name | Address | Phone | Money/Amount | Work-Related,True,Contact Information | Financial Account Information | Work-Related Information,False,,ambiguous,True,yes,8158,standard,bde_llm_count,True,True,2,0,0,0,0,1,10.556,False,False,True,,True,clear_yes,yes,4539,False,standard,False,,12697
CNG_Data2k_variance/files/Q00897.01-0000077639.PDF,Q00897.01-0000077639.PDF,.pdf,136084,ok,True,False,text,False,21,0,3,False,0,False,0-10,Address | Email | Phone | Bank/Account Number | Money/Amount,True,Contact Information | Financial Account Information,False,,ambiguous,True,no,7531,likely_non_responsive,"img_ocr:p1(1/1,+18chars)",False,False,0,1,1,1,0,1,12.144,True,False,False,stage1_nr,False,,,0,False,,False,,7531
CNG_Data2k_variance/files/Q00897.01-0000017337.PDF,Q00897.01-0000017337.PDF,.pdf,166209,ok,True,False,text,False,1,0,1,False,0,False,0-10,Name | Email | Work-Related,True,Contact Information | Work-Related Information,False,,ambiguous,True,no,3827,likely_non_responsive,"img_ocr:p1(1/1,+15chars)",False,False,0,1,1,1,0,1,7.29,True,False,False,stage1_nr,False,,,0,False,,False,,3827
CNG_Data2k_variance/files/Q00897.01-0000773386.0001.DOCX,Q00897.01-0000773386.0001.DOCX,.docx,107528,ok,True,False,text,False,0,0,2,False,0,False,0-10,Name | Address | Phone | Money/Amount | Health | Work-Related,True,Contact Information | Financial Account Information | Health-Related Information | Work-Related Information,False,,ambiguous,True,yes,4096,standard,,False,False,0,0,0,0,0,0,4.881,False,False,True,,True,clear_yes,yes,4146,False,standard,False,,8242
CNG_Data2k_variance/files/Q00897.01-0000656588.MSG,Q00897.01-0000656588.MSG,.msg,119808,ok,True,False,text,False,0,0,5,False,0,False,0-10,Name | Address | Email | Phone | Money/Amount,True,Contact Information | Financial Account Information,False,,ambiguous,True,yes,4091,standard,,False,False,0,0,0,0,0,0,6.291,False,False,True,,True,likely_no,no,4137,False,likely_non_responsive,True,,8228
CNG_Data2k_variance/files/Q00897.01-0000344986.PDF,Q00897.01-0000344986.PDF,.pdf,15999,ok,True,False,text,False,3,0,1,False,0,False,0-10,Address | Money/Amount,True,Contact Information | Financial Account Information,False,,ambiguous,True,yes,5008,standard,,False,False,0,0,0,0,0,0,3.997,False,False,True,,True,clear_yes,yes,5052,False,standard,False,,10060
CNG_Data2k_variance/files/Q00897.01-0000711582.MSG,Q00897.01-0000711582.MSG,.msg,80896,ok,True,False,text,False,0,0,2,False,0,False,0-10,Address | Email,True,Contact Information,False,,ambiguous,True,no,4149,likely_non_responsive,,False,False,0,0,0,0,0,0,2.64,True,False,False,stage1_nr,False,,,0,False,,False,,4149
CNG_Data2k_variance/files/Q00897.01-0000890955.PDF,Q00897.01-0000890955.PDF,.pdf,219559,ok,True,True,text,True,15,0,219,False,14,True,100+,Name | Address | Phone | Money/Amount | Work-Related,True,Contact Information | Financial Account Information | Work-Related Information,True,,ambiguous,True,yes,16999,structured_bde,bde_llm_count_roster,True,True,15,0,0,0,0,1,16.355,False,True,True,,True,clear_yes,yes,8983,True,structured_bde,False,,25982
CNG_Data2k_variance/files/Q00897.01-0000655252.MSG,Q00897.01-0000655252.MSG,.msg,61952,ok,True,False,text,False,0,1,3,False,0,False,0-10,Name | Address | Email | Phone | Card/Transaction | Money/Amount,True,Contact Information | Financial Account Information,False,,ambiguous,True,yes,4863,standard,,False,False,0,0,0,0,0,0,4.488,False,False,True,,True,likely_no,no,4919,False,likely_non_responsive,True,,9782
CNG_Data2k_variance/files/Q00897.01-0000767000.0002.DOCX,Q00897.01-0000767000.0002.DOCX,.docx,533104,ok,True,False,text,False,0,0,2,False,0,False,0-10,Name | Address | Phone | Money/Amount | Work-Related,True,Contact Information | Financial Account Information | Work-Related Information,False,,ambiguous,True,no,8150,likely_non_responsive,,False,False,0,0,0,0,0,0,1.86,True,False,False,stage1_nr,False,,,0,False,,False,,8150
CNG_Data2k_variance/files/Q00897.01-0000274441.PDF,Q00897.01-0000274441.PDF,.pdf,2936688,ok,True,True,text,True,15,0,45,False,1,False,20-50,Name | Address | Phone | Money/Amount | Health,True,Contact Information | Financial Account Information | Health-Related Information,False,,ambiguous,True,yes,18673,standard,bde_llm_count,True,True,15,0,0,0,0,1,23.582,False,False,True,,True,clear_yes,yes,9779,False,standard,False,,28452
CNG_Data2k_variance/files/Q00897.01-0000133489.PDF,Q00897.01-0000133489.PDF,.pdf,992577,ok,True,True,text,True,6,0,42,False,0,False,20-50,Phone | Money/Amount,True,Contact Information | Financial Account Information,False,,ambiguous,True,no,10011,likely_non_responsive,bde_llm_count,True,True,6,0,0,0,0,1,25.674,True,False,False,stage1_nr,False,,,0,False,,False,,10011
CNG_Data2k_variance/files/Q00897.01-0000754177.MSG,Q00897.01-0000754177.MSG,.msg,111104,ok,True,False,text,False,0,0,1,False,0,False,0-10,Address | Money/Amount | Demographic | Work-Related,True,Contact Information | Financial Account Information | Demographic Information | Work-Related Information,False,,ambiguous,True,no,7060,likely_non_responsive,,False,False,0,0,0,0,0,0,6.387,True,False,False,stage1_nr,False,,,0,False,,False,,7060
CNG_Data2k_variance/files/Q00897.01-0000270240.DOCX,Q00897.01-0000270240.DOCX,.docx,46018,ok,True,False,text,False,0,0,1,False,0,False,0-10,Money/Amount | Work-Related,False,Financial Account Information | Work-Related Information,False,,ambiguous,True,no,8365,likely_non_responsive,,False,False,0,0,0,0,0,0,2.711,True,False,False,stage1_nr,False,,,0,False,,False,,8365
CNG_Data2k_variance/files/Q00897.01-0000907809.PDF,Q00897.01-0000907809.PDF,.pdf,2294716,ok,True,False,text,False,466,0,386,False,6,False,100+,Name | Address | Phone | SSN | Payment Card | Money/Amount | Work-Related,True,Contact Information | Government-Issued Identification | Financial Account Information | Work-Related Information,False,,clear_responsive,False,,12900,standard,"img_ocr:p1,p1,p1,p1,p1,p4,p4,p11,p28,p29,p31,p32(12/13,+311chars) bde_llm_count",False,False,0,13,13,12,0,13,84.853,False,False,True,,True,clear_yes,yes,13925,True,bde,False,,26825
CNG_Data2k_variance/files/Q00897.01-0000305346.XLSX,Q00897.01-0000305346.XLSX,.xlsx,3828878,ok,True,True,text,True,9,0,54,False,0,False,50-100,,False,,False,,ambiguous,True,no,7362,likely_non_responsive,bde_llm_count,False,False,0,0,0,0,0,0,13.574,True,False,False,stage1_nr,False,,,0,False,,False,,7362
CNG_Data2k_variance/files/Q00897.01-0000847058.MSG,Q00897.01-0000847058.MSG,.msg,47616,error,False,False,,False,0,0,0,False,0,False,,,False,,False,,,False,,0,review_error,MalformedRtf,False,False,0,0,0,0,0,0,0.842,False,False,False,extract_error,False,,,0,False,,False,,0
CNG_Data2k_variance/files/Q00897.01-0000591837.0001.PDF,Q00897.01-0000591837.0001.PDF,.pdf,21148,ok,True,False,text,False,1,0,0,False,0,False,0-10,,False,,False,,clear_non_responsive,False,,0,likely_non_responsive,,False,False,0,0,0,0,0,0,0.025,True,False,False,stage1_nr,False,,,0,False,,False,,0
CNG_Data2k_variance/files/Q00897.01-0000670450.MSG,Q00897.01-0000670450.MSG,.msg,177664,ok,True,False,text,False,0,0,5,False,0,False,0-10,Name | Address | Email | Phone | Money/Amount,True,Contact Information | Financial Account Information,False,,ambiguous,True,yes,4501,standard,,False,False,0,0,0,0,0,0,4.4,False,False,True,,True,likely_no,no,4561,False,likely_non_responsive,True,,9062
CNG_Data2k_variance/files/Q00897.01-0000611732.0002.PDF,Q00897.01-0000611732.0002.PDF,.pdf,112718,ok,True,False,text,False,1,0,0,False,0,False,0-10,,False,,False,,clear_non_responsive,False,,0,likely_non_responsive,,False,False,0,0,0,0,0,0,0.092,True,False,False,stage1_nr,False,,,0,False,,False,,0
CNG_Data2k_variance/files/Q00897.01-0000788960.0001.PDF,Q00897.01-0000788960.0001.PDF,.pdf,734644,ok,True,False,text,False,3,0,2,False,0,False,0-10,Address | Email | Phone,True,Contact Information,False,,ambiguous,True,no,4446,likely_non_responsive,,True,True,3,0,0,0,0,1,6.968,True,False,False,stage1_nr,False,,,0,False,,False,,4446
CNG_Data2k_variance\files\Q00897.01-0000120133.DOC,Q00897.01-0000120133.DOC,.doc,23604,ok,True,False,text,False,0,0,1,False,0,False,0-10,Name | Address | Email | Phone,True,Contact Information,False,,ambiguous,True,yes,4865,standard,,False,False,0,0,0,0,0,0,3.325,False,False,True,,True,clear_no,no,4942,False,likely_non_responsive,True,,9807
CNG_Data2k_variance/files/Q00897.01-0000361633.0001.PDF,Q00897.01-0000361633.0001.PDF,.pdf,28076,ok,True,False,text,False,1,0,1,False,0,False,0-10,Name | Address | Email | Card/Transaction | Money/Amount,True,Contact Information | Financial Account Information,False,,ambiguous,True,yes,3929,standard,,False,False,0,0,0,0,0,0,4.39,False,False,True,,True,borderline,no,4008,False,likely_non_responsive,True,,7937
CNG_Data2k_variance/files/Q00897.01-0000304376.XLSX,Q00897.01-0000304376.XLSX,.xlsx,33277,ok,True,True,text,True,3,0,155,False,0,False,100+,Name,False,,False,,ambiguous,True,no,7237,likely_non_responsive,roster_by_rowcount bde_llm_count,False,False,0,0,0,0,0,0,11.821,True,False,False,stage1_nr,False,,,0,False,,False,,7237
CNG_Data2k_variance/files/Q00897.01-0000655113.MSG,Q00897.01-0000655113.MSG,.msg,2311168,ok,True,False,text,False,0,3,3,False,0,False,0-10,Name | Address | Email | Phone | Card/Transaction | Money/Amount,True,Contact Information | Financial Account Information,False,,ambiguous,True,no,4030,likely_non_responsive,,False,False,0,0,0,0,0,0,9.412,True,False,False,stage1_nr,False,,,0,False,,False,,4030
CNG_Data2k_variance/files/Q00897.01-0000114821.PDF,Q00897.01-0000114821.PDF,.pdf,16654,ok,True,False,text,False,9,0,1,False,0,False,0-10,Card/Transaction | Money/Amount | Work-Related,False,Financial Account Information | Work-Related Information,False,,ambiguous,True,no,8508,likely_non_responsive,,False,False,0,0,0,0,0,0,4.666,True,False,False,stage1_nr,False,,,0,False,,False,,8508
CNG_Data2k_variance/files/Q00897.01-0000262531.PDF,Q00897.01-0000262531.PDF,.pdf,786963,ok,True,False,text,False,341,0,407,False,0,False,100+,Address | Phone | Payment Card | Money/Amount,True,Contact Information | Financial Account Information,False,,ambiguous,True,no,28044,likely_non_responsive,bde_llm_count,False,False,0,0,0,0,0,0,10.721,True,False,False,stage1_nr,False,,,0,False,,False,,28044
CNG_Data2k_variance/files/Q00897.01-0000563597.0001.PDF,Q00897.01-0000563597.0001.PDF,.pdf,126156,ok,True,False,text,False,1,0,0,False,0,False,0-10,,False,,False,,clear_non_responsive,False,,0,likely_non_responsive,,False,False,0,0,0,0,0,0,0.082,True,False,False,stage1_nr,False,,,0,False,,False,,0
CNG_Data2k_variance/files/Q00897.01-0000823719.MSG,Q00897.01-0000823719.MSG,.msg,129024,ok,True,False,text,False,0,1,5,False,0,False,0-10,Name | Address | Email | Phone,True,Contact Information,False,,ambiguous,True,yes,4275,standard,,False,False,0,0,0,0,0,0,3.212,False,False,True,,True,likely_no,no,4351,False,likely_non_responsive,True,,8626
CNG_Data2k_variance/files/Q00897.01-0000394090.MSG,Q00897.01-0000394090.MSG,.msg,80896,ok,True,False,text,False,0,0,2,False,0,False,0-10,Address | Email | Card/Transaction,True,Contact Information | Financial Account Information,False,,ambiguous,True,no,4104,likely_non_responsive,,False,False,0,0,0,0,0,0,2.085,True,False,False,stage1_nr,False,,,0,False,,False,,4104
CNG_Data2k_variance/files/Q00897.01-0000571869.0001.XLSX,Q00897.01-0000571869.0001.XLSX,.xlsx,79853,ok,True,True,text,True,4,0,148,False,148,True,100+,Name | Payment Card | Money/Amount,True,Financial Account Information,True,,ambiguous,True,yes,10934,structured_bde,bde_llm_count_roster,False,False,0,0,0,0,0,0,29.572,False,True,True,,True,clear_no,no,5811,True,likely_non_responsive,True,,16745
CNG_Data2k_variance/files/Q00897.01-0000000163.PDF,Q00897.01-0000000163.PDF,.pdf,2543000,ok,True,False,text,False,1,0,2,False,0,False,0-10,Name | Address | Email | Phone | SSN | Money/Amount | Work-Related,True,Contact Information | Government-Issued Identification | Financial Account Information | Work-Related Information,False,,clear_responsive,False,,0,standard,,False,False,0,0,0,0,0,0,3.348,False,False,True,,True,clear_yes,yes,4252,False,standard,False,,4252
CNG_Data2k_variance/files/Q00897.01-0000345330.PDF,Q00897.01-0000345330.PDF,.pdf,11943,ok,True,False,text,False,2,0,1,False,0,False,0-10,Money/Amount,False,Financial Account Information,False,,clear_non_responsive,False,,0,likely_non_responsive,,False,False,0,0,0,0,0,0,0.145,True,False,False,stage1_nr,False,,,0,False,,False,,0
CNG_Data2k_variance/files/Q00897.01-0000827765.0001.PDF,Q00897.01-0000827765.0001.PDF,.pdf,147584,ok,True,False,text,False,7,0,34,False,18,False,20-50,Name | Card/Transaction | Money/Amount,False,Financial Account Information,False,,ambiguous,True,yes,16346,standard,bde_llm_count,False,False,0,0,0,0,0,0,10.66,False,False,True,,True,clear_no,no,8404,False,likely_non_responsive,True,,24750
CNG_Data2k_variance/files/Q00897.01-0000252370.PDF,Q00897.01-0000252370.PDF,.pdf,135380,ok,True,False,text,False,1,0,2,False,0,False,0-10,Name | Address | Phone | Money/Amount,True,Contact Information | Financial Account Information,False,,ambiguous,True,no,3805,likely_non_responsive,,True,True,1,0,0,0,0,1,6.83,True,False,False,stage1_nr,False,,,0,False,,False,,3805
CNG_Data2k_variance/files/Q00897.01-0000370772.MSG,Q00897.01-0000370772.MSG,.msg,306176,ok,True,False,text,False,0,0,2,False,0,False,0-10,Address | Email | Phone,True,Contact Information,False,,ambiguous,True,no,4195,likely_non_responsive,,False,False,0,0,0,0,0,0,4.746,True,False,False,stage1_nr,False,,,0,False,,False,,4195
CNG_Data2k_variance/files/Q00897.01-0000242062.XLSX,Q00897.01-0000242062.XLSX,.xlsx,17129,ok,True,True,text,True,2,0,26,False,0,False,20-50,Address | Phone | Money/Amount,True,Contact Information | Financial Account Information,False,,ambiguous,True,yes,12523,standard,bde_llm_count,False,False,0,0,0,0,0,0,4.777,False,False,True,,True,likely_no,no,6724,False,likely_non_responsive,True,,19247
CNG_Data2k_variance/files/Q00897.01-0000840702.0002.PDF,Q00897.01-0000840702.0002.PDF,.pdf,102423,ok,True,True,text,True,5,0,9,False,4,False,0-10,Name | Address | Phone | Money/Amount,True,Contact Information | Financial Account Information,False,,ambiguous,True,yes,11052,standard,bde_llm_count,True,True,5,0,0,0,0,1,12.76,False,False,True,,True,clear_no,no,6004,False,likely_non_responsive,True,,17056
CNG_Data2k_variance/files/Q00897.01-0000561886.0002.XLSX,Q00897.01-0000561886.0002.XLSX,.xlsx,648226,ok,True,True,text,True,1,0,88,False,0,False,50-100,Name,False,,False,,ambiguous,True,yes,15244,standard,bde_llm_count,False,False,0,0,0,0,0,0,16.289,False,False,True,,True,likely_no,no,8069,True,likely_non_responsive,True,,23313
CNG_Data2k_variance/files/Q00897.01-0000121562.XLSX,Q00897.01-0000121562.XLSX,.xlsx,55590,ok,True,True,text,True,13,0,358,False,358,True,100+,Name | Address,True,Contact Information,True,,ambiguous,True,yes,8293,structured_bde,roster_by_rowcount bde_llm_count_roster,False,False,0,0,0,0,0,0,8.299,False,True,True,,True,clear_yes,yes,4670,True,structured_bde,False,,12963
CNG_Data2k_variance/files/Q00897.01-0000133491.PDF,Q00897.01-0000133491.PDF,.pdf,724388,ok,True,True,text,True,5,0,32,False,0,False,20-50,Money/Amount,False,Financial Account Information,False,,ambiguous,True,no,9584,likely_non_responsive,bde_llm_count,True,True,5,0,0,0,0,1,26.256,True,False,False,stage1_nr,False,,,0,False,,False,,9584
CNG_Data2k_variance/files/Q00897.01-0000515787.MSG,Q00897.01-0000515787.MSG,.msg,30208,ok,True,False,text,False,0,0,10,False,1,False,0-10,Name | Address | Email | Phone | Money/Amount,True,Contact Information | Financial Account Information,False,,ambiguous,True,yes,8391,standard,bde_llm_count,False,False,0,0,0,0,0,0,13.011,False,False,True,,True,borderline,no,4693,False,likely_non_responsive,True,,13084
CNG_Data2k_variance\files\Q00897.01-0000017536.XLS,Q00897.01-0000017536.XLS,.xls,69970,ok,True,True,text,True,2,0,2,False,2,False,0-10,Name | Money/Amount,False,Financial Account Information,False,,ambiguous,True,yes,7029,standard,bde_llm_count,False,False,0,0,0,0,0,0,5.017,False,False,True,,True,likely_yes,yes,4003,False,standard,False,,11032
CNG_Data2k_variance/files/Q00897.01-0000808181.0001.PDF,Q00897.01-0000808181.0001.PDF,.pdf,33961,ok,True,False,text,False,3,0,0,False,0,False,0-10,,False,,False,,clear_non_responsive,False,,0,likely_non_responsive,,False,False,0,0,0,0,0,0,0.244,True,False,False,stage1_nr,False,,,0,False,,False,,0
CNG_Data2k_variance/files/Q00897.01-0000629879.MSG,Q00897.01-0000629879.MSG,.msg,115712,ok,True,False,text,False,0,1,3,False,0,False,0-10,Name | Address | Email | Phone | Card/Transaction | Money/Amount,True,Contact Information | Financial Account Information,False,,ambiguous,True,yes,4349,standard,,False,False,0,0,0,0,0,0,5.482,False,False,True,,True,likely_yes,yes,4453,False,standard,False,,8802
CNG_Data2k_variance/files/Q00897.01-0000716735.MSG,Q00897.01-0000716735.MSG,.msg,325120,ok,True,False,text,False,0,0,1,False,0,False,0-10,Money/Amount,False,Financial Account Information,False,,clear_non_responsive,False,,0,likely_non_responsive,,False,False,0,0,0,0,0,0,1.43,True,False,False,stage1_nr,False,,,0,False,,False,,0
CNG_Data2k_variance/files/Q00897.01-0000840504.MSG,Q00897.01-0000840504.MSG,.msg,179712,ok,True,False,text,False,0,2,4,False,0,False,0-10,Name | Email | Phone | Card/Transaction | Money/Amount,True,Contact Information | Financial Account Information,False,,ambiguous,True,yes,5286,standard,,False,False,0,0,0,0,0,0,4.671,False,False,True,,True,likely_no,no,5328,False,likely_non_responsive,True,,10614
CNG_Data2k_variance/files/Q00897.01-0000254089.PDF,Q00897.01-0000254089.PDF,.pdf,168207,ok,True,False,text,False,1,0,2,False,0,False,0-10,Name | Address | Phone | Money/Amount,True,Contact Information | Financial Account Information,False,,ambiguous,True,no,3811,likely_non_responsive,,True,True,1,0,0,0,0,1,6.563,True,False,False,stage1_nr,False,,,0,False,,False,,3811
CNG_Data2k_variance/files/Q00897.01-0000898435.PDF,Q00897.01-0000898435.PDF,.pdf,15633,ok,True,False,text,False,2,0,1,False,0,False,0-10,Money/Amount,False,Financial Account Information,False,,clear_non_responsive,False,,0,likely_non_responsive,,False,False,0,0,0,0,0,0,0.087,True,False,False,stage1_nr,False,,,0,False,,False,,0
CNG_Data2k_variance/files/Q00897.01-0000694144.MSG,Q00897.01-0000694144.MSG,.msg,266752,ok,True,False,text,False,0,0,14,False,7,False,10-20,Name | Address | Email,True,Contact Information,False,,ambiguous,True,no,9201,likely_non_responsive,bde_llm_count,False,False,0,0,0,0,0,0,5.187,True,False,False,stage1_nr,False,,,0,False,,False,,9201
CNG_Data2k_variance\files\Q00897.01-0000016164.XLS,Q00897.01-0000016164.XLS,.xls,70422,ok,True,True,text,True,2,0,2,False,2,False,0-10,Name | Money/Amount,False,Financial Account Information,False,,ambiguous,True,yes,7483,standard,bde_llm_count,False,False,0,0,0,0,0,0,5.227,False,False,True,,True,likely_yes,yes,4219,False,standard,False,,11702
CNG_Data2k_variance/files/Q00897.01-0000532609.0001.PDF,Q00897.01-0000532609.0001.PDF,.pdf,21152,ok,True,False,text,False,1,0,0,False,0,False,0-10,,False,,False,,clear_non_responsive,False,,0,likely_non_responsive,,False,False,0,0,0,0,0,0,0.029,True,False,False,stage1_nr,False,,,0,False,,False,,0
CNG_Data2k_variance/files/Q00897.01-0000887256.PDF,Q00897.01-0000887256.PDF,.pdf,76293,ok,True,False,text,False,6,0,6,False,0,False,0-10,Name | Address | Email | Phone | Card/Transaction | Money/Amount | Demographic,True,Contact Information | Financial Account Information | Demographic Information,False,,ambiguous,True,no,9284,likely_non_responsive,,False,False,0,0,0,0,0,0,1.665,True,False,False,stage1_nr,False,,,0,False,,False,,9284
CNG_Data2k_variance/files/Q00897.01-0000669494.0002.PDF,Q00897.01-0000669494.0002.PDF,.pdf,15486,ok,True,False,text,False,16,0,6,False,0,False,0-10,Address | Phone | Bank/Account Number | Money/Amount,True,Contact Information | Financial Account Information,False,,ambiguous,True,no,4730,likely_non_responsive,,False,False,0,0,0,0,0,0,1.763,True,False,False,stage1_nr,False,,,0,False,,False,,4730
CNG_Data2k_variance/files/Q00897.01-0000673030.MSG,Q00897.01-0000673030.MSG,.msg,126976,ok,True,False,text,False,0,1,1,False,0,False,0-10,Name | Money/Amount,True,Financial Account Information,False,,ambiguous,True,no,3771,likely_non_responsive,,False,False,0,0,0,0,0,0,1.79,True,False,False,stage1_nr,False,,,0,False,,False,,3771
CNG_Data2k_variance/files/Q00897.01-0000107354.PDF,Q00897.01-0000107354.PDF,.pdf,2169325,ok,True,True,text,True,15,0,197,False,2,False,100+,Address | Email | Phone | SSN | Card/Transaction | Money/Amount | Work-Related,True,Contact Information | Government-Issued Identification | Financial Account Information | Work-Related Information,False,,clear_responsive,False,,9540,standard,bde_llm_count,True,True,15,0,0,0,0,1,36.299,False,False,True,,True,likely_no,no,10453,True,likely_non_responsive,True,,19993
CNG_Data2k_variance/files/Q00897.01-0000890991.PDF,Q00897.01-0000890991.PDF,.pdf,28014,ok,True,False,text,False,6,0,34,False,34,False,20-50,Name | Phone,True,Contact Information,False,,ambiguous,True,yes,12569,standard,bde_llm_count_roster,False,False,0,0,0,0,0,0,14.114,False,False,True,,True,likely_yes,yes,6880,False,standard,False,,19449
CNG_Data2k_variance/files/Q00897.01-0000407435.MSG,Q00897.01-0000407435.MSG,.msg,283648,ok,True,False,text,False,0,4,4,False,0,False,0-10,Name | Address | Email | Phone | Money/Amount,True,Contact Information | Financial Account Information,False,,ambiguous,True,yes,6999,standard,,False,False,0,0,0,0,0,0,7.595,False,False,True,,True,likely_no,no,7098,False,likely_non_responsive,True,,14097
CNG_Data2k_variance/files/Q00897.01-0000808476.0001.PDF,Q00897.01-0000808476.0001.PDF,.pdf,138890,ok,True,False,text,False,2,0,1,False,0,False,0-10,Money/Amount,False,Financial Account Information,False,,clear_non_responsive,False,,0,likely_non_responsive,,False,False,0,0,0,0,0,0,0.09,True,False,False,stage1_nr,False,,,0,False,,False,,0
CNG_Data2k_variance/files/Q00897.01-0000912528.PDF,Q00897.01-0000912528.PDF,.pdf,110890,ok,True,False,text,False,3,0,0,False,0,False,0-10,,False,,False,,clear_non_responsive,False,,0,likely_non_responsive,,False,False,0,0,0,0,0,0,0.3,True,False,False,stage1_nr,False,,,0,False,,False,,0
CNG_Data2k_variance/files/Q00897.01-0000271628.PDF,Q00897.01-0000271628.PDF,.pdf,66013,ok,True,False,text,False,1,0,1,False,0,False,0-10,Money/Amount,False,Financial Account Information,False,,clear_non_responsive,False,,0,likely_non_responsive,,False,False,0,0,0,0,0,0,0.195,True,False,False,stage1_nr,False,,,0,False,,False,,0
CNG_Data2k_variance/files/Q00897.01-0000699931.MSG,Q00897.01-0000699931.MSG,.msg,317952,ok,True,False,text,False,0,0,5,False,0,False,0-10,Name | Email | Phone | Money/Amount | Health | Work-Related,True,Contact Information | Financial Account Information | Health-Related Information | Work-Related Information,False,,ambiguous,True,no,5905,likely_non_responsive,,False,False,0,0,0,0,0,0,3.481,True,False,False,stage1_nr,False,,,0,False,,False,,5905
CNG_Data2k_variance/files/Q00897.01-0000713826.MSG,Q00897.01-0000713826.MSG,.msg,154624,ok,True,False,text,False,0,0,1,False,0,False,0-10,Name | Address | Email,True,Contact Information,False,,ambiguous,True,no,4137,likely_non_responsive,,False,False,0,0,0,0,0,0,1.665,True,False,False,stage1_nr,False,,,0,False,,False,,4137
CNG_Data2k_variance/files/Q00897.01-0000530519.0001.PDF,Q00897.01-0000530519.0001.PDF,.pdf,22558,ok,True,False,text,False,1,0,1,False,0,False,0-10,Money/Amount,False,Financial Account Information,False,,clear_non_responsive,False,,0,likely_non_responsive,,False,False,0,0,0,0,0,0,0.028,True,False,False,stage1_nr,False,,,0,False,,False,,0
CNG_Data2k_variance/files/Q00897.01-0000757615.MSG,Q00897.01-0000757615.MSG,.msg,102400,ok,True,False,text,False,0,0,1,False,0,False,0-10,Money/Amount | Demographic | Work-Related,False,Financial Account Information | Demographic Information | Work-Related Information,False,,ambiguous,True,no,6614,likely_non_responsive,,False,False,0,0,0,0,0,0,3.738,True,False,False,stage1_nr,False,,,0,False,,False,,6614
CNG_Data2k_variance/files/Q00897.01-0000642542.MSG,Q00897.01-0000642542.MSG,.msg,21504,ok,True,False,text,False,0,0,0,False,0,False,0-10,,False,,False,,clear_non_responsive,False,,0,likely_non_responsive,,False,False,0,0,0,0,0,0,0.073,True,False,False,stage1_nr,False,,,0,False,,False,,0
CNG_Data2k_variance/files/Q00897.01-0000410373.0001.XLSX,Q00897.01-0000410373.0001.XLSX,.xlsx,10338239,error,False,False,,False,0,0,0,False,0,False,,,False,,False,,,False,,0,review_error,ValueError,False,False,0,0,0,0,0,0,0.175,False,False,False,extract_error,False,,,0,False,,False,,0
CNG_Data2k_variance/files/Q00897.01-0000915035.PDF,Q00897.01-0000915035.PDF,.pdf,1066883,ok,True,False,text,False,1,0,3,False,0,False,0-10,Name | Address | Email | Phone | SSN | Work-Related,True,Contact Information | Government-Issued Identification | Work-Related Information,False,,clear_responsive,False,,0,standard,,False,False,0,0,0,0,0,0,2.308,False,False,True,,True,clear_yes,yes,4379,False,standard,False,,4379
CNG_Data2k_variance/files/Q00897.01-0000655757.0003.PDF,Q00897.01-0000655757.0003.PDF,.pdf,203347,ok,True,False,text,False,1,0,1,False,0,False,0-10,Money/Amount,False,Financial Account Information,False,,clear_non_responsive,False,,0,likely_non_responsive,,False,False,0,0,0,0,0,0,0.332,True,False,False,stage1_nr,False,,,0,False,,False,,0
CNG_Data2k_variance/files/Q00897.01-0000519121.0001.XLSX,Q00897.01-0000519121.0001.XLSX,.xlsx,98811,ok,True,True,text,True,1,0,402,False,1,False,100+,Name | Phone | Money/Amount,True,Contact Information | Financial Account Information,False,,ambiguous,True,no,18476,likely_non_responsive,bde_llm_count,False,False,0,0,0,0,0,0,7.072,True,False,False,stage1_nr,False,,,0,False,,False,,18476
CNG_Data2k_variance/files/Q00897.01-0000421754.0001.PDF,Q00897.01-0000421754.0001.PDF,.pdf,38697,ok,True,False,text,False,13,0,1,False,0,False,0-10,Address | Phone | Card/Transaction | Money/Amount,True,Contact Information | Financial Account Information,False,,ambiguous,True,no,13212,likely_non_responsive,,False,False,0,0,0,0,0,0,2.662,True,False,False,stage1_nr,False,,,0,False,,False,,13212
CNG_Data2k_variance/files/Q00897.01-0000831333.MSG,Q00897.01-0000831333.MSG,.msg,69120,ok,True,False,text,False,0,0,8,False,2,False,0-10,Name | Address | Email | Phone | Money/Amount,True,Contact Information | Financial Account Information,False,,ambiguous,True,no,7596,likely_non_responsive,bde_llm_count,False,False,0,0,0,0,0,0,3.687,True,False,False,stage1_nr,False,,,0,False,,False,,7596
CNG_Data2k_variance/files/Q00897.01-0000643035.MSG,Q00897.01-0000643035.MSG,.msg,24576,ok,True,False,text,False,0,0,0,False,0,False,0-10,,False,,False,,clear_non_responsive,False,,0,likely_non_responsive,,False,False,0,0,0,0,0,0,0.062,True,False,False,stage1_nr,False,,,0,False,,False,,0
CNG_Data2k_variance/files/Q00897.01-0000450318.MSG,Q00897.01-0000450318.MSG,.msg,146432,ok,True,False,text,False,0,0,4,False,0,False,0-10,Name | Address | Email | Money/Amount | Credentials,True,Contact Information | Financial Account Information | Access Credentials,False,,ambiguous,True,yes,4870,standard,,False,False,0,0,0,0,0,0,3.899,False,False,True,,True,likely_no,no,4928,False,likely_non_responsive,True,,9798
CNG_Data2k_variance/files/Q00897.01-0000242603.PDF,Q00897.01-0000242603.PDF,.pdf,737289,ok,True,False,text,False,10,0,11,False,4,False,10-20,Name | Address | Email | Phone | Bank/Account Number | Money/Amount,True,Contact Information | Financial Account Information,False,,ambiguous,True,yes,10833,standard,bde_llm_count,False,False,0,0,0,0,0,0,10.627,False,False,True,,True,likely_yes,yes,5884,False,standard,False,,16717
CNG_Data2k_variance/files/Q00897.01-0000543103.0001.PDF,Q00897.01-0000543103.0001.PDF,.pdf,22573,ok,True,False,text,False,1,0,1,False,0,False,0-10,Money/Amount,False,Financial Account Information,False,,clear_non_responsive,False,,0,likely_non_responsive,,False,False,0,0,0,0,0,0,0.024,True,False,False,stage1_nr,False,,,0,False,,False,,0
CNG_Data2k_variance/files/Q00897.01-0000812606.MSG,Q00897.01-0000812606.MSG,.msg,111104,ok,True,False,text,False,0,0,2,False,0,False,0-10,Name | Address | Email | Card/Transaction | Credentials,True,Contact Information | Financial Account Information | Access Credentials,False,,ambiguous,True,yes,5171,standard,,False,False,0,0,0,0,0,0,3.177,False,False,True,,True,likely_no,no,5241,False,likely_non_responsive,True,,10412
CNG_Data2k_variance/files/Q00897.01-0000536136.0001.PDF,Q00897.01-0000536136.0001.PDF,.pdf,22655,ok,True,False,text,False,1,0,1,False,0,False,0-10,Money/Amount,False,Financial Account Information,False,,clear_non_responsive,False,,0,likely_non_responsive,,False,False,0,0,0,0,0,0,0.028,True,False,False,stage1_nr,False,,,0,False,,False,,0
CNG_Data2k_variance/files/Q00897.01-0000765390.0001.PDF,Q00897.01-0000765390.0001.PDF,.pdf,3098817,ok,True,False,text,False,28,0,14,False,6,False,10-20,Name | Address | Email | Phone | Health | Work-Related,True,Contact Information | Health-Related Information | Work-Related Information,False,,ambiguous,True,yes,17903,standard,bde_llm_count,False,False,0,0,0,0,0,0,9.955,False,False,True,,True,clear_yes,yes,9470,False,standard,False,,27373
CNG_Data2k_variance/files/Q00897.01-0000659494.0001.XLSX,Q00897.01-0000659494.0001.XLSX,.xlsx,81770,ok,True,True,text,True,8,0,491,False,0,True,100+,Phone | Payment Card | Money/Amount,True,Contact Information | Financial Account Information,True,,ambiguous,True,no,13275,structured_bde,bde_llm_count_roster,False,False,0,0,0,0,0,0,6.262,False,True,True,,True,clear_no,no,7087,True,likely_non_responsive,True,,20362
CNG_Data2k_variance/files/Q00897.01-0000341379.DOCX,Q00897.01-0000341379.DOCX,.docx,29457,ok,True,False,text,False,0,0,3,False,0,False,0-10,Name | Address | Phone,True,Contact Information,False,,ambiguous,True,yes,3885,standard,,False,False,0,0,0,0,0,0,4.081,False,False,True,,True,borderline,no,3957,False,likely_non_responsive,True,,7842
CNG_Data2k_variance/files/Q00897.01-0000746282.MSG,Q00897.01-0000746282.MSG,.msg,227328,ok,True,False,text,False,0,0,2,False,0,False,0-10,Address | Email | Phone | Money/Amount | Health,True,Contact Information | Financial Account Information | Health-Related Information,False,,ambiguous,True,no,4603,likely_non_responsive,,False,False,0,0,0,0,0,0,1.813,True,False,False,stage1_nr,False,,,0,False,,False,,4603
CNG_Data2k_variance/files/Q00897.01-0000276462.PDF,Q00897.01-0000276462.PDF,.pdf,271399,ok,True,False,text,False,2,0,7,False,5,False,0-10,Name | Address | Phone | Money/Amount,True,Contact Information | Financial Account Information,False,,ambiguous,True,no,7191,likely_non_responsive,bde_llm_count,True,True,2,0,0,0,0,1,12.79,True,False,False,stage1_nr,False,,,0,False,,False,,7191
CNG_Data2k_variance/files/Q00897.01-0000483994.MSG,Q00897.01-0000483994.MSG,.msg,196608,ok,True,False,text,False,0,1,6,False,0,False,0-10,Name | Money/Amount,True,Financial Account Information,False,,ambiguous,True,yes,5731,standard,,False,False,0,0,0,0,0,0,4.477,False,False,True,,True,likely_no,no,5765,False,likely_non_responsive,True,,11496
CNG_Data2k_variance/files/Q00897.01-0000016923.PDF,Q00897.01-0000016923.PDF,.pdf,116555,ok,True,False,text,False,1,0,2,False,0,False,0-10,Name | Address | Phone | Money/Amount | Work-Related,True,Contact Information | Financial Account Information | Work-Related Information,False,,ambiguous,True,yes,4432,standard,"img_ocr:none(1 calls,0 chars)",False,False,0,1,1,0,0,1,8.828,False,False,True,,True,clear_yes,yes,4479,False,standard,False,,8911
CNG_Data2k_variance/files/Q00897.01-0000227003.PDF,Q00897.01-0000227003.PDF,.pdf,1697266,ok,True,False,text,False,1,0,3,False,0,False,0-10,Phone | Money/Amount,True,Contact Information | Financial Account Information,False,,ambiguous,True,no,4011,likely_non_responsive,,True,True,1,0,0,0,0,1,8.872,True,False,False,stage1_nr,False,,,0,False,,False,,4011
CNG_Data2k_variance/files/Q00897.01-0000531605.0001.PDF,Q00897.01-0000531605.0001.PDF,.pdf,22605,ok,True,False,text,False,1,0,1,False,0,False,0-10,Money/Amount,False,Financial Account Information,False,,clear_non_responsive,False,,0,likely_non_responsive,,False,False,0,0,0,0,0,0,0.023,True,False,False,stage1_nr,False,,,0,False,,False,,0
CNG_Data2k_variance/files/Q00897.01-0000275376.PDF,Q00897.01-0000275376.PDF,.pdf,73117,ok,True,True,text,True,1,0,18,False,0,False,10-20,Name | Address | Phone,True,Contact Information,False,,ambiguous,True,no,7319,likely_non_responsive,bde_llm_count,True,True,1,0,0,0,0,1,16.089,True,False,False,stage1_nr,False,,,0,False,,False,,7319
CNG_Data2k_variance/files/Q00897.01-0000288754.PDF,Q00897.01-0000288754.PDF,.pdf,386683,ok,True,False,text,False,8,0,3,False,0,False,0-10,Name | Phone | Money/Amount,True,Contact Information | Financial Account Information,False,,ambiguous,True,yes,13765,standard,"img_ocr:p2,p3,p4,p8,p8(5/6,+114chars)",False,False,0,6,6,5,0,6,35.845,False,False,True,,True,likely_no,no,13835,False,likely_non_responsive,True,,27600
CNG_Data2k_variance/files/Q00897.01-0000345375.PDF,Q00897.01-0000345375.PDF,.pdf,29086,ok,True,False,text,False,7,0,1,False,0,False,0-10,Name | Address | Money/Amount,True,Contact Information | Financial Account Information,False,,ambiguous,True,yes,6647,standard,,False,False,0,0,0,0,0,0,4.378,False,False,True,,True,clear_yes,yes,6683,False,standard,False,,13330
CNG_Data2k_variance/files/Q00897.01-0000571924.0001.XLSX,Q00897.01-0000571924.0001.XLSX,.xlsx,126639,ok,True,True,text,True,6,0,187,False,187,True,100+,Name | Money/Amount,False,Financial Account Information,True,,ambiguous,True,yes,10449,structured_bde,bde_llm_count_roster,False,False,0,0,0,0,0,0,32.755,False,True,True,,True,likely_no,no,5838,True,likely_non_responsive,True,,16287
CNG_Data2k_variance/files/Q00897.01-0000309481.XLSX,Q00897.01-0000309481.XLSX,.xlsx,192573,ok,True,True,text,True,6,0,883,False,0,False,100+,Phone | Payment Card | Money/Amount,True,Contact Information | Financial Account Information,False,,ambiguous,True,no,10108,likely_non_responsive,roster_by_rowcount bde_llm_count,False,False,0,0,0,0,0,0,12.027,True,False,False,stage1_nr,False,,,0,False,,False,,10108
CNG_Data2k_variance/files/Q00897.01-0000889647.PDF,Q00897.01-0000889647.PDF,.pdf,12298,ok,True,False,text,False,1,0,3,False,0,False,0-10,Name | Money/Amount,True,Financial Account Information,False,,ambiguous,True,yes,4201,standard,,False,False,0,0,0,0,0,0,2.952,False,False,True,,True,likely_yes,yes,4253,False,standard,False,,8454
CNG_Data2k_variance/files/Q00897.01-0000824105.0001.PDF,Q00897.01-0000824105.0001.PDF,.pdf,241496,ok,True,False,text,False,5,0,3,False,0,False,0-10,Name | Address | Email | Phone | Money/Amount | Health,True,Contact Information | Financial Account Information | Health-Related Information,False,,ambiguous,True,yes,7716,standard,,False,False,0,0,0,0,0,0,5.681,False,False,True,,True,borderline,no,7762,False,likely_non_responsive,True,,15478
CNG_Data2k_variance/files/Q00897.01-0000892721.PDF,Q00897.01-0000892721.PDF,.pdf,11830,ok,True,False,text,False,1,0,0,False,0,False,0-10,,False,,False,,clear_non_responsive,False,,0,likely_non_responsive,,False,False,0,0,0,0,0,0,0.049,True,False,False,stage1_nr,False,,,0,False,,False,,0
CNG_Data2k_variance/files/Q00897.01-0000738515.MSG,Q00897.01-0000738515.MSG,.msg,96768,ok,True,False,text,False,0,0,2,False,0,False,0-10,Name | Email,True,Contact Information,False,,ambiguous,True,yes,4030,standard,,False,False,0,0,0,0,0,0,2.62,False,False,True,,True,borderline,no,4073,False,likely_non_responsive,True,,8103
CNG_Data2k_variance/files/Q00897.01-0000256694.PDF,Q00897.01-0000256694.PDF,.pdf,940401,ok,True,False,text,False,4,0,4,False,0,False,0-10,Address | Phone | Bank/Account Number | Account Balance | Money/Amount,True,Contact Information | Financial Account Information,False,,ambiguous,True,yes,5590,standard,,False,False,0,0,0,0,0,0,3.474,False,False,True,,True,likely_no,no,5662,False,likely_non_responsive,True,,11252
CNG_Data2k_variance/files/Q00897.01-0000134746.PDF,Q00897.01-0000134746.PDF,.pdf,1028474,ok,True,True,text,True,6,0,33,False,0,False,20-50,Money/Amount,False,Financial Account Information,False,,ambiguous,True,no,8881,likely_non_responsive,bde_llm_count,True,True,6,0,0,0,0,1,20.662,True,False,False,stage1_nr,False,,,0,False,,False,,8881
CNG_Data2k_variance/files/Q00897.01-0000391618.MSG,Q00897.01-0000391618.MSG,.msg,113664,ok,True,False,text,False,0,0,1,False,0,False,0-10,Address | Money/Amount,True,Contact Information | Financial Account Information,False,,ambiguous,True,no,4002,likely_non_responsive,,False,False,0,0,0,0,0,0,3.411,True,False,False,stage1_nr,False,,,0,False,,False,,4002
CNG_Data2k_variance/files/Q00897.01-0000606732.0001.XLSX,Q00897.01-0000606732.0001.XLSX,.xlsx,41725,ok,True,True,text,True,1,0,69,False,69,True,50-100,Payment Card | Money/Amount,True,Financial Account Information,True,,ambiguous,True,yes,9795,structured_bde,roster_by_rowcount bde_llm_count_roster,False,False,0,0,0,0,0,0,5.52,False,True,True,,True,clear_no,no,5349,True,likely_non_responsive,True,,15144
CNG_Data2k_variance/files/Q00897.01-0000375399.MSG,Q00897.01-0000375399.MSG,.msg,145408,ok,True,False,text,False,0,1,0,False,0,False,0-10,,False,,False,,clear_non_responsive,False,,0,likely_non_responsive,,False,False,0,0,0,0,0,0,0.108,True,False,False,stage1_nr,False,,,0,False,,False,,0
CNG_Data2k_variance/files/Q00897.01-0000798382.0001.DOCX,Q00897.01-0000798382.0001.DOCX,.docx,41553,ok,True,False,text,False,0,0,7,False,6,False,0-10,Name | Address | Card/Transaction | Money/Amount | Health | Work-Related,True,Contact Information | Financial Account Information | Health-Related Information | Work-Related Information,False,,ambiguous,True,yes,16692,standard,bde_llm_count,False,False,0,0,0,0,0,0,7.659,False,False,True,,True,clear_yes,yes,8714,False,standard,False,,25406
CNG_Data2k_variance/files/Q00897.01-0000319530.TXT,Q00897.01-0000319530.TXT,.txt,1674,ok,True,False,text,False,0,0,0,False,0,False,0-10,,False,,False,,clear_non_responsive,False,,0,likely_non_responsive,,False,False,0,0,0,0,0,0,0.034,True,False,False,stage1_nr,False,,,0,False,,False,,0
CNG_Data2k_variance/files/Q00897.01-0000756934.MSG,Q00897.01-0000756934.MSG,.msg,122368,ok,True,False,text,False,0,0,1,False,0,False,0-10,Money/Amount | Health | Work-Related,False,Financial Account Information | Health-Related Information | Work-Related Information,False,,ambiguous,True,no,8418,likely_non_responsive,,False,False,0,0,0,0,0,0,5.239,True,False,False,stage1_nr,False,,,0,False,,False,,8418
CNG_Data2k_variance/files/Q00897.01-0000901735.PDF,Q00897.01-0000901735.PDF,.pdf,19808,ok,True,False,text,False,3,0,1,False,0,False,0-10,Name | Address | Phone | Money/Amount,True,Contact Information | Financial Account Information,False,,ambiguous,True,yes,5765,standard,,False,False,0,0,0,0,0,0,3.757,False,False,True,,True,borderline,no,5792,False,likely_non_responsive,True,,11557
CNG_Data2k_variance/files/Q00897.01-0000657645.MSG,Q00897.01-0000657645.MSG,.msg,225280,ok,True,False,text,False,0,2,1,False,0,False,0-10,Money/Amount,False,Financial Account Information,False,,clear_non_responsive,False,,0,likely_non_responsive,,False,False,0,0,0,0,0,0,0.171,True,False,False,stage1_nr,False,,,0,False,,False,,0
CNG_Data2k_variance/files/Q00897.01-0000744035.MSG,Q00897.01-0000744035.MSG,.msg,172544,ok,True,False,text,False,0,0,2,False,0,False,0-10,Address | Email | Phone,True,Contact Information,False,,ambiguous,True,no,4108,likely_non_responsive,,False,False,0,0,0,0,0,0,1.854,True,False,False,stage1_nr,False,,,0,False,,False,,4108
CNG_Data2k_variance/files/Q00897.01-0000542949.0001.PDF,Q00897.01-0000542949.0001.PDF,.pdf,22565,ok,True,False,text,False,1,0,1,False,0,False,0-10,Money/Amount,False,Financial Account Information,False,,clear_non_responsive,False,,0,likely_non_responsive,,False,False,0,0,0,0,0,0,0.022,True,False,False,stage1_nr,False,,,0,False,,False,,0
CNG_Data2k_variance/files/Q00897.01-0000659054.0002.PDF,Q00897.01-0000659054.0002.PDF,.pdf,127100,ok,True,False,text,False,1,0,4,False,0,False,0-10,Name | Address | Email | Phone,True,Contact Information,False,,ambiguous,True,no,4025,likely_non_responsive,,False,False,0,0,0,0,0,0,1.532,True,False,False,stage1_nr,False,,,0,False,,False,,4025
CNG_Data2k_variance/files/Q00897.01-0000373584.0001.PDF,Q00897.01-0000373584.0001.PDF,.pdf,56585,ok,True,False,text,False,19,0,1,False,0,False,0-10,Address | Card/Transaction | Money/Amount | Health,True,Contact Information | Financial Account Information | Health-Related Information,False,,ambiguous,True,no,15908,likely_non_responsive,,False,False,0,0,0,0,0,0,2.293,True,False,False,stage1_nr,False,,,0,False,,False,,15908
CNG_Data2k_variance/files/Q00897.01-0000117646.PDF,Q00897.01-0000117646.PDF,.pdf,401089,ok,True,False,text,False,4,0,4,False,0,False,0-10,Name | Address | Email | Phone | Money/Amount | Health,True,Contact Information | Financial Account Information | Health-Related Information,False,,ambiguous,True,yes,7213,standard,,True,True,4,0,0,0,0,1,13.568,False,False,True,,True,clear_yes,yes,7258,False,standard,False,,14471
CNG_Data2k_variance/files/Q00897.01-0000900279.PDF,Q00897.01-0000900279.PDF,.pdf,15706,ok,True,False,text,False,2,0,1,False,0,False,0-10,Money/Amount,False,Financial Account Information,False,,clear_non_responsive,False,,0,likely_non_responsive,,False,False,0,0,0,0,0,0,0.097,True,False,False,stage1_nr,False,,,0,False,,False,,0
CNG_Data2k_variance/files/Q00897.01-0000275309.PDF,Q00897.01-0000275309.PDF,.pdf,451741,ok,True,True,text,True,2,0,1,False,2,False,0-10,Name | Address | Phone,True,Contact Information,False,,ambiguous,True,yes,7736,standard,bde_llm_count,True,True,2,0,0,0,0,1,22.078,False,False,True,,True,likely_no,no,4355,False,likely_non_responsive,True,,12091
CNG_Data2k_variance/files/Q00897.01-0000641335.MSG,Q00897.01-0000641335.MSG,.msg,67072,ok,True,False,text,False,0,1,4,False,0,False,0-10,Name | Address | Email | Phone | Money/Amount | Work-Related,True,Contact Information | Financial Account Information | Work-Related Information,False,,ambiguous,True,yes,6692,standard,,False,False,0,0,0,0,0,0,15.725,False,False,True,,True,likely_yes,yes,6740,False,standard,False,,13432
CNG_Data2k_variance/files/Q00897.01-0000692846.MSG,Q00897.01-0000692846.MSG,.msg,103936,ok,True,False,text,False,0,0,2,False,0,False,0-10,Name | Address | Email | Phone | Card/Transaction | Money/Amount | Health,True,Contact Information | Financial Account Information | Health-Related Information,False,,ambiguous,True,yes,4291,standard,,False,False,0,0,0,0,0,0,4.535,False,False,True,,True,clear_yes,yes,4340,False,standard,False,,8631
CNG_Data2k_variance/files/Q00897.01-0000864110.PDF,Q00897.01-0000864110.PDF,.pdf,8077,ok,True,False,text,False,1,0,1,False,0,False,0-10,Name | Address | Money/Amount,True,Contact Information | Financial Account Information,False,,ambiguous,True,no,4212,likely_non_responsive,,False,False,0,0,0,0,0,0,1.651,True,False,False,stage1_nr,False,,,0,False,,False,,4212
CNG_Data2k_variance/files/Q00897.01-0000259053.PDF,Q00897.01-0000259053.PDF,.pdf,126024,ok,True,True,text,True,2,0,11,False,2,False,10-20,Name | Address | Email | Phone | Money/Amount,True,Contact Information | Financial Account Information,False,,ambiguous,True,yes,7608,standard,bde_llm_count,True,True,2,0,0,0,0,1,10.723,False,False,True,,True,likely_no,no,4279,False,likely_non_responsive,True,,11887
CNG_Data2k_variance/files/Q00897.01-0000014270.PDF,Q00897.01-0000014270.PDF,.pdf,57599,ok,True,False,text,False,3,0,1,False,0,False,0-10,Name | Bank/Account Number | Money/Amount,True,Financial Account Information,False,,ambiguous,True,yes,3922,standard,,False,False,0,0,0,0,0,0,4.558,False,False,True,,True,clear_yes,yes,3988,False,standard,False,,7910
CNG_Data2k_variance/files/Q00897.01-0000543632.0001.PDF,Q00897.01-0000543632.0001.PDF,.pdf,22624,ok,True,False,text,False,1,0,1,False,0,False,0-10,Money/Amount,False,Financial Account Information,False,,clear_non_responsive,False,,0,likely_non_responsive,,False,False,0,0,0,0,0,0,0.033,True,False,False,stage1_nr,False,,,0,False,,False,,0
CNG_Data2k_variance/files/Q00897.01-0000888693.PDF,Q00897.01-0000888693.PDF,.pdf,2998850,ok,True,False,text,False,322,0,249,False,249,True,100+,Address | Phone | SSN | Money/Amount | Work-Related,True,Contact Information | Government-Issued Identification | Financial Account Information | Work-Related Information,True,,clear_responsive,False,,14419,bde,bde_llm_count_roster,False,False,0,0,0,0,0,0,109.772,False,True,True,,True,clear_yes,yes,15338,True,bde,False,,29757
CNG_Data2k_variance/files/Q00897.01-0000134134.PDF,Q00897.01-0000134134.PDF,.pdf,1027093,ok,True,True,text,True,6,0,61,False,0,False,50-100,Phone | Money/Amount,True,Contact Information | Financial Account Information,False,,ambiguous,True,no,9405,likely_non_responsive,bde_llm_count,True,True,6,0,0,0,0,1,17.474,True,False,False,stage1_nr,False,,,0,False,,False,,9405
CNG_Data2k_variance/files/Q00897.01-0000342258.DOCX,Q00897.01-0000342258.DOCX,.docx,39459,ok,True,False,text,False,0,0,2,False,0,False,0-10,Name | Address | Health,True,Contact Information | Health-Related Information,False,,ambiguous,True,no,6749,likely_non_responsive,,False,False,0,0,0,0,0,0,1.844,True,False,False,stage1_nr,False,,,0,False,,False,,6749
CNG_Data2k_variance/files/Q00897.01-0000114162.PDF,Q00897.01-0000114162.PDF,.pdf,6646,ok,True,False,text,False,3,0,1,False,0,False,0-10,Address | Money/Amount | Work-Related,True,Contact Information | Financial Account Information | Work-Related Information,False,,ambiguous,True,no,5379,likely_non_responsive,,False,False,0,0,0,0,0,0,5.571,True,False,False,stage1_nr,False,,,0,False,,False,,5379
CNG_Data2k_variance/files/Q00897.01-0000825289.MSG,Q00897.01-0000825289.MSG,.msg,158208,ok,True,False,text,False,0,1,6,False,0,False,0-10,Name | Address | Email | Phone | Money/Amount | Health,True,Contact Information | Financial Account Information | Health-Related Information,False,,ambiguous,True,yes,5439,standard,,False,False,0,0,0,0,0,0,4.398,False,False,True,,True,likely_no,no,5479,False,likely_non_responsive,True,,10918
CNG_Data2k_variance/files/Q00897.01-0000896091.PDF,Q00897.01-0000896091.PDF,.pdf,12810,ok,True,False,text,False,2,0,1,False,0,False,0-10,Money/Amount,False,Financial Account Information,False,,clear_non_responsive,False,,0,likely_non_responsive,,False,False,0,0,0,0,0,0,0.142,True,False,False,stage1_nr,False,,,0,False,,False,,0
CNG_Data2k_variance/files/Q00897.01-0000526595.0001.PDF,Q00897.01-0000526595.0001.PDF,.pdf,22599,ok,True,False,text,False,1,0,1,False,0,False,0-10,Money/Amount,False,Financial Account Information,False,,clear_non_responsive,False,,0,likely_non_responsive,,False,False,0,0,0,0,0,0,0.026,True,False,False,stage1_nr,False,,,0,False,,False,,0
CNG_Data2k_variance/files/Q00897.01-0000809680.0002.DOCX,Q00897.01-0000809680.0002.DOCX,.docx,64561,ok,True,False,text,False,0,0,0,False,0,False,0-10,,False,,False,,clear_non_responsive,False,,0,likely_non_responsive,,False,False,0,0,0,0,0,0,0.133,True,False,False,stage1_nr,False,,,0,False,,False,,0
CNG_Data2k_variance/files/Q00897.01-0000530540.0001.PDF,Q00897.01-0000530540.0001.PDF,.pdf,22702,ok,True,False,text,False,1,0,1,False,0,False,0-10,Money/Amount,False,Financial Account Information,False,,clear_non_responsive,False,,0,likely_non_responsive,,False,False,0,0,0,0,0,0,0.032,True,False,False,stage1_nr,False,,,0,False,,False,,0
CNG_Data2k_variance/files/Q00897.01-0000344799.PDF,Q00897.01-0000344799.PDF,.pdf,907443,ok,True,True,text,True,3,0,32,False,18,False,20-50,Name | Address | Email | Phone | Money/Amount,True,Contact Information | Financial Account Information,False,,ambiguous,True,yes,7935,standard,bde_llm_count_roster,True,True,3,0,0,0,0,1,13.73,False,False,True,,True,likely_no,no,4444,False,likely_non_responsive,True,,12379
CNG_Data2k_variance/files/Q00897.01-0000109874.XLSX,Q00897.01-0000109874.XLSX,.xlsx,808054,ok,True,True,text,True,29,0,204,False,0,False,100+,Money/Amount,False,Financial Account Information,False,,ambiguous,True,no,7716,likely_non_responsive,bde_llm_count,False,False,0,0,0,0,0,0,13.404,True,False,False,stage1_nr,False,,,0,False,,False,,7716
CNG_Data2k_variance/files/Q00897.01-0000834695.MSG,Q00897.01-0000834695.MSG,.msg,141824,ok,True,False,text,False,0,0,4,False,0,False,0-10,Name | Address | Email | Phone,True,Contact Information,False,,ambiguous,True,yes,7144,standard,,False,False,0,0,0,0,0,0,5.976,False,False,True,,True,borderline,no,7203,False,likely_non_responsive,True,,14347
CNG_Data2k_variance/files/Q00897.01-0000908332.PDF,Q00897.01-0000908332.PDF,.pdf,12504,ok,True,False,text,False,1,0,0,False,0,False,0-10,,False,,False,,clear_non_responsive,False,,0,likely_non_responsive,,False,False,0,0,0,0,0,0,0.049,True,False,False,stage1_nr,False,,,0,False,,False,,0
CNG_Data2k_variance/files/Q00897.01-0000020744.XLSX,Q00897.01-0000020744.XLSX,.xlsx,15693,ok,True,True,text,True,1,0,66,False,66,True,50-100,Name | Money/Amount,False,Financial Account Information,True,,ambiguous,True,yes,10930,structured_bde,roster_by_rowcount bde_llm_count_roster,False,False,0,0,0,0,0,0,21.113,False,True,True,,True,clear_yes,yes,6056,True,structured_bde,False,,16986
CNG_Data2k_variance/files/Q00897.01-0000011225.PDF,Q00897.01-0000011225.PDF,.pdf,216864,ok,True,False,text,False,1,0,6,False,0,False,0-10,Name | Address | Email | Phone,True,Contact Information,False,,ambiguous,True,yes,4053,standard,,False,False,0,0,0,0,0,0,4.024,False,False,True,,True,likely_yes,yes,4142,False,standard,False,,8195
CNG_Data2k_variance/files/Q00897.01-0000110954.XLSX,Q00897.01-0000110954.XLSX,.xlsx,22008,ok,True,True,text,True,1,0,175,False,0,False,100+,Phone | Money/Amount,True,Contact Information | Financial Account Information,False,,ambiguous,True,no,11705,likely_non_responsive,roster_by_rowcount bde_llm_count,False,False,0,0,0,0,0,0,12.178,True,False,False,stage1_nr,False,,,0,False,,False,,11705
CNG_Data2k_variance/files/Q00897.01-0000859340.XLSX,Q00897.01-0000859340.XLSX,.xlsx,1394973,ok,True,True,text,True,39,0,1585,False,1585,True,100+,Name | Money/Amount,False,Financial Account Information,True,,ambiguous,True,yes,7731,structured_bde,bde_llm_count_roster,False,False,0,0,0,0,0,0,17.02,False,True,True,,True,likely_no,no,4444,True,likely_non_responsive,True,,12175
CNG_Data2k_variance/files/Q00897.01-0000614359.0001.XLSX,Q00897.01-0000614359.0001.XLSX,.xlsx,85762,ok,True,True,text,True,1,0,0,False,0,False,0-10,,False,,False,,ambiguous,True,no,8455,structured_unreadable,bde_llm_count,False,False,0,0,0,0,0,0,10.998,False,False,True,,True,clear_no,no,4715,False,likely_non_responsive,True,,13170
CNG_Data2k_variance/files/Q00897.01-0000767248.MSG,Q00897.01-0000767248.MSG,.msg,492544,ok,True,False,text,False,0,1,4,False,0,False,0-10,Name | Address | Email | Bank/Account Number | Card/Transaction | Money/Amount,True,Contact Information | Financial Account Information,False,,ambiguous,True,yes,5784,standard,,False,False,0,0,0,0,0,0,4.933,False,False,True,,True,likely_no,no,5840,False,likely_non_responsive,True,,11624
CNG_Data2k_variance/files/Q00897.01-0000663672.0005.PDF,Q00897.01-0000663672.0005.PDF,.pdf,180178,ok,True,False,text,False,6,0,4,False,0,False,0-10,Name | Address | Phone | Tax ID | Money/Amount,True,Contact Information | Government-Issued Identification | Financial Account Information,False,,ambiguous,True,no,7024,likely_non_responsive,"img_ocr:p1,p1,p1,p1,p2,p3(6/9,+321chars)",False,False,0,9,9,6,0,9,40.465,True,False,False,stage1_nr,False,,,0,False,,False,,7024
CNG_Data2k_variance/files/Q00897.01-0000017174.PDF,Q00897.01-0000017174.PDF,.pdf,346125,ok,True,False,text,False,2,0,5,False,0,False,0-10,Name | Address | Money/Amount | Work-Related,True,Contact Information | Financial Account Information | Work-Related Information,False,,ambiguous,True,yes,4626,standard,,False,False,0,0,0,0,0,0,7.348,False,False,True,,True,clear_yes,yes,4699,False,standard,False,,9325
CNG_Data2k_variance/files/Q00897.01-0000101949.PDF,Q00897.01-0000101949.PDF,.pdf,22502,ok,True,False,text,False,3,0,3,False,0,False,0-10,Address | Phone | Payment Card | Money/Amount,True,Contact Information | Financial Account Information,False,,ambiguous,True,no,8123,likely_non_responsive,"img_ocr:p1,p2,p3(3/3,+108chars)",False,False,0,3,3,3,0,3,19.242,True,False,False,stage1_nr,False,,,0,False,,False,,8123
CNG_Data2k_variance/files/Q00897.01-0000452737.MSG,Q00897.01-0000452737.MSG,.msg,140800,ok,True,False,text,False,0,0,2,False,0,False,0-10,Name | Email | Phone,True,Contact Information,False,,ambiguous,True,yes,4063,standard,,False,False,0,0,0,0,0,0,3.622,False,False,True,,True,likely_no,no,4127,False,likely_non_responsive,True,,8190
CNG_Data2k_variance/files/Q00897.01-0000346714.PDF,Q00897.01-0000346714.PDF,.pdf,223301,ok,True,False,text,False,1,0,5,False,0,False,0-10,Name | Phone | Money/Amount,True,Contact Information | Financial Account Information,False,,ambiguous,True,yes,16022,standard,,False,False,0,0,0,0,0,0,4.378,False,False,True,,True,likely_yes,yes,16067,False,standard,False,,32089
CNG_Data2k_variance/files/Q00897.01-0000916170.PDF,Q00897.01-0000916170.PDF,.pdf,89098,ok,True,True,text,True,1,0,8,False,0,False,0-10,Address | Phone | Money/Amount,True,Contact Information | Financial Account Information,False,,ambiguous,True,no,6920,likely_non_responsive,bde_llm_count,True,True,1,0,0,0,0,1,6.708,True,False,False,stage1_nr,False,,,0,False,,False,,6920
CNG_Data2k_variance/files/Q00897.01-0000902975.PDF,Q00897.01-0000902975.PDF,.pdf,15788,ok,True,False,text,False,2,0,1,False,0,False,0-10,Money/Amount,False,Financial Account Information,False,,clear_non_responsive,False,,0,likely_non_responsive,,False,False,0,0,0,0,0,0,0.091,True,False,False,stage1_nr,False,,,0,False,,False,,0
CNG_Data2k_variance/files/Q00897.01-0000530717.0001.PDF,Q00897.01-0000530717.0001.PDF,.pdf,22566,ok,True,False,text,False,1,0,1,False,0,False,0-10,Money/Amount,False,Financial Account Information,False,,clear_non_responsive,False,,0,likely_non_responsive,,False,False,0,0,0,0,0,0,0.036,True,False,False,stage1_nr,False,,,0,False,,False,,0
CNG_Data2k_variance/files/Q00897.01-0000896778.PDF,Q00897.01-0000896778.PDF,.pdf,18804,ok,True,True,text,True,2,0,30,False,2,False,20-50,Name | Address | Phone | Money/Amount | Work-Related,True,Contact Information | Financial Account Information | Work-Related Information,False,,ambiguous,True,yes,8384,standard,bde_llm_count_roster,True,True,2,0,0,0,0,1,69.625,False,False,True,,True,clear_yes,yes,4661,False,standard,False,,13045
CNG_Data2k_variance/files/Q00897.01-0000224288.PDF,Q00897.01-0000224288.PDF,.pdf,3927549,ok,True,False,text,False,3,0,5,False,0,False,0-10,Name | Email | Phone | Money/Amount,True,Contact Information | Financial Account Information,False,,ambiguous,True,yes,4600,standard,,False,False,0,0,0,0,0,0,4.205,False,False,True,,True,likely_no,no,4662,False,likely_non_responsive,True,,9262
CNG_Data2k_variance/files/Q00897.01-0000343771.PDF,Q00897.01-0000343771.PDF,.pdf,395509,ok,True,False,text,False,2,0,2,False,0,False,0-10,Phone | Money/Amount,True,Contact Information | Financial Account Information,False,,ambiguous,True,no,4972,likely_non_responsive,,False,False,0,0,0,0,0,0,2.364,True,False,False,stage1_nr,False,,,0,False,,False,,4972
CNG_Data2k_variance/files/Q00897.01-0000848666.0001.XLSX,Q00897.01-0000848666.0001.XLSX,.xlsx,10024,ok,True,True,text,True,1,0,4,False,4,False,0-10,Name | Email,True,Contact Information,False,,ambiguous,True,yes,6971,standard,bde_llm_count_roster,False,False,0,0,0,0,0,0,5.545,False,False,True,,True,likely_no,no,3957,False,likely_non_responsive,True,,10928
CNG_Data2k_variance/files/Q00897.01-0000874512.PDF,Q00897.01-0000874512.PDF,.pdf,124420,ok,True,False,text,False,5,0,1,False,0,False,0-10,Name | Address,True,Contact Information,False,,ambiguous,True,no,11829,likely_non_responsive,,False,False,0,0,0,0,0,0,2.18,True,False,False,stage1_nr,False,,,0,False,,False,,11829
CNG_Data2k_variance/files/Q00897.01-0000852757.XLSX,Q00897.01-0000852757.XLSX,.xlsx,5992997,ok,True,True,text,True,3,0,250,True,0,False,100+,Name | Phone | Money/Amount,True,Contact Information | Financial Account Information,False,,ambiguous,True,yes,15543,standard,bde_llm_count,False,False,0,0,0,0,0,0,9.204,False,False,True,,True,likely_no,no,8281,True,likely_non_responsive,True,,23824
CNG_Data2k_variance/files/Q00897.01-0000888517.PDF,Q00897.01-0000888517.PDF,.pdf,3075319,ok,True,False,text,False,309,0,230,False,3,False,100+,Address | Phone | SSN | Money/Amount | Work-Related,True,Contact Information | Government-Issued Identification | Financial Account Information | Work-Related Information,False,,clear_responsive,False,,14385,standard,bde_llm_count,False,False,0,0,0,0,0,0,107.696,False,False,True,,True,clear_yes,yes,15374,True,bde,False,,29759
CNG_Data2k_variance/files/Q00897.01-0000720703.MSG,Q00897.01-0000720703.MSG,.msg,181760,ok,True,False,text,False,0,0,1,False,0,False,0-10,Name | Address | Email | Money/Amount,True,Contact Information | Financial Account Information,False,,ambiguous,True,yes,4247,standard,,False,False,0,0,0,0,0,0,6.111,False,False,True,,True,clear_yes,yes,4311,False,standard,False,,8558
CNG_Data2k_variance/files/Q00897.01-0000878853.0002.PDF,Q00897.01-0000878853.0002.PDF,.pdf,116074,ok,True,False,text,False,8,0,1,False,0,False,0-10,Address | Phone,True,Contact Information,False,,ambiguous,False,,0,standard,llm_failed:JSONDecodeError,False,False,0,0,0,0,0,0,142.964,False,False,True,,True,borderline,no,13751,False,likely_non_responsive,True,,13751
CNG_Data2k_variance/files/Q00897.01-0000541392.0001.PDF,Q00897.01-0000541392.0001.PDF,.pdf,22670,ok,True,False,text,False,1,0,1,False,0,False,0-10,Money/Amount,False,Financial Account Information,False,,clear_non_responsive,False,,0,likely_non_responsive,,False,False,0,0,0,0,0,0,0.037,True,False,False,stage1_nr,False,,,0,False,,False,,0
CNG_Data2k_variance/files/Q00897.01-0000706076.MSG,Q00897.01-0000706076.MSG,.msg,179200,ok,True,False,text,False,0,0,1,False,0,False,0-10,Name | Address | Email | Account Balance | Money/Amount,True,Contact Information | Financial Account Information,False,,ambiguous,True,yes,4259,standard,,False,False,0,0,0,0,0,0,4.375,False,False,True,,True,clear_yes,yes,4350,False,standard,False,,8609
CNG_Data2k_variance/files/Q00897.01-0000270711.DOCX,Q00897.01-0000270711.DOCX,.docx,68509,ok,True,False,text,False,0,0,2,False,0,False,0-10,Name | Money/Amount,True,Financial Account Information,False,,ambiguous,True,no,6042,likely_non_responsive,,False,False,0,0,0,0,0,0,3.64,True,False,False,stage1_nr,False,,,0,False,,False,,6042
CNG_Data2k_variance/files/Q00897.01-0000724866.MSG,Q00897.01-0000724866.MSG,.msg,201728,ok,True,False,text,False,0,1,2,False,0,False,0-10,Phone,True,Contact Information,False,,ambiguous,True,no,4681,likely_non_responsive,,False,False,0,0,0,0,0,0,2.622,True,False,False,stage1_nr,False,,,0,False,,False,,4681
CNG_Data2k_variance/files/Q00897.01-0000655755.0001.PDF,Q00897.01-0000655755.0001.PDF,.pdf,40699,ok,True,False,text,False,3,0,1,False,0,False,0-10,Money/Amount,False,Financial Account Information,False,,clear_non_responsive,False,,0,likely_non_responsive,,False,False,0,0,0,0,0,0,0.121,True,False,False,stage1_nr,False,,,0,False,,False,,0
CNG_Data2k_variance/files/Q00897.01-0000675549.MSG,Q00897.01-0000675549.MSG,.msg,59904,ok,True,False,text,False,0,1,4,False,0,False,0-10,Name | Address | Email | Phone | Money/Amount,True,Contact Information | Financial Account Information,False,,ambiguous,True,yes,5181,standard,,False,False,0,0,0,0,0,0,4.153,False,False,True,,True,likely_no,no,5273,False,likely_non_responsive,True,,10454
CNG_Data2k_variance/files/Q00897.01-0000136846.PDF,Q00897.01-0000136846.PDF,.pdf,10286166,ok,True,True,text,True,15,0,229,False,229,True,100+,Name | Address | Email | Phone | Money/Amount,True,Contact Information | Financial Account Information,True,,ambiguous,True,yes,20700,structured_bde,bde_llm_count_roster,True,True,15,0,0,0,0,1,27.277,False,True,True,,True,likely_yes,yes,10884,True,structured_bde,False,,31584
CNG_Data2k_variance/files/Q00897.01-0000799567.MSG,Q00897.01-0000799567.MSG,.msg,215040,ok,True,False,text,False,0,2,5,False,0,False,0-10,Name | Address | Email | Phone | Bank/Account Number | Money/Amount,True,Contact Information | Financial Account Information,False,,ambiguous,True,yes,7980,standard,,False,False,0,0,0,0,0,0,6.359,False,False,True,,True,likely_yes,yes,8053,False,standard,False,,16033
CNG_Data2k_variance/files/Q00897.01-0000283232.PDF,Q00897.01-0000283232.PDF,.pdf,310308,ok,True,True,text,True,4,0,13,False,2,False,10-20,Name | Address | Phone | Military ID | Money/Amount | Health,True,Contact Information | Government-Issued Identification | Financial Account Information | Health-Related Information,False,,ambiguous,True,yes,12563,standard,bde_llm_count,True,True,4,0,0,0,0,1,13.205,False,False,True,,True,clear_yes,yes,6755,False,standard,False,,19318
CNG_Data2k_variance/files/Q00897.01-0000760269.MSG,Q00897.01-0000760269.MSG,.msg,78336,ok,True,False,text,False,0,0,2,False,0,False,0-10,Address | Email | Phone,True,Contact Information,False,,ambiguous,True,no,4116,likely_non_responsive,,False,False,0,0,0,0,0,0,2.044,True,False,False,stage1_nr,False,,,0,False,,False,,4116
CNG_Data2k_variance/files/Q00897.01-0000908918.PDF,Q00897.01-0000908918.PDF,.pdf,535056,ok,True,False,text,False,120,0,1,False,0,False,0-10,Name | Address | Money/Amount,True,Contact Information | Financial Account Information,False,,ambiguous,True,yes,16158,standard,,False,False,0,0,0,0,0,0,12.147,False,False,True,,True,clear_yes,yes,16237,False,standard,False,,32395
CNG_Data2k_variance/files/Q00897.01-0000500489.MSG,Q00897.01-0000500489.MSG,.msg,38912,ok,True,False,text,False,0,2,4,False,0,False,0-10,Name | Email | Phone | Money/Amount,True,Contact Information | Financial Account Information,False,,ambiguous,True,no,4389,likely_non_responsive,,False,False,0,0,0,0,0,0,7.65,True,False,False,stage1_nr,False,,,0,False,,False,,4389
CNG_Data2k_variance/files/Q00897.01-0000245549.PDF,Q00897.01-0000245549.PDF,.pdf,299287,ok,True,False,text,False,2,0,2,False,0,False,0-10,Phone | Money/Amount,True,Contact Information | Financial Account Information,False,,ambiguous,True,no,4066,likely_non_responsive,"img_ocr:p2(1/1,+4chars)",False,False,0,1,1,1,0,1,6.144,True,False,False,stage1_nr,False,,,0,False,,False,,4066
CNG_Data2k_variance/files/Q00897.01-0000711678.MSG,Q00897.01-0000711678.MSG,.msg,165376,ok,True,False,text,False,0,0,2,False,0,False,0-10,Name | Address | Email | Phone | Money/Amount,True,Contact Information | Financial Account Information,False,,ambiguous,True,yes,4007,standard,,False,False,0,0,0,0,0,0,2.736,False,False,True,,True,clear_no,no,4089,False,likely_non_responsive,True,,8096
CNG_Data2k_variance/files/Q00897.01-0000911350.PDF,Q00897.01-0000911350.PDF,.pdf,494036,ok,True,True,text,True,15,0,332,False,9,True,100+,Address | Phone | SSN | Money/Amount | Work-Related,True,Contact Information | Government-Issued Identification | Financial Account Information | Work-Related Information,True,,clear_responsive,False,,10977,structured_bde,bde_llm_count_roster,True,True,15,0,0,0,0,1,18.537,False,True,True,,True,clear_yes,yes,11895,True,structured_bde,False,,22872
CNG_Data2k_variance/files/Q00897.01-0000146303.XLSX,Q00897.01-0000146303.XLSX,.xlsx,330288,ok,True,True,text,True,8,0,73,False,4,False,50-100,Name | Email | Phone | Money/Amount,True,Contact Information | Financial Account Information,False,,ambiguous,True,no,8476,likely_non_responsive,bde_llm_count,False,False,0,0,0,0,0,0,3.808,True,False,False,stage1_nr,False,,,0,False,,False,,8476
CNG_Data2k_variance/files/Q00897.01-0000107012.XLSX,Q00897.01-0000107012.XLSX,.xlsx,30284,ok,True,True,text,True,2,0,105,False,0,False,100+,Phone | Payment Card | Money/Amount,True,Contact Information | Financial Account Information,False,,ambiguous,True,no,8528,likely_non_responsive,roster_by_rowcount bde_llm_count,False,False,0,0,0,0,0,0,16.536,True,False,False,stage1_nr,False,,,0,False,,False,,8528
CNG_Data2k_variance/files/Q00897.01-0000117186.PDF,Q00897.01-0000117186.PDF,.pdf,37155,ok,True,False,text,False,5,0,1,False,0,False,0-10,Money/Amount,False,Financial Account Information,False,,clear_non_responsive,False,,0,likely_non_responsive,,False,False,0,0,0,0,0,0,0.329,True,False,False,stage1_nr,False,,,0,False,,False,,0
CNG_Data2k_variance/files/Q00897.01-0000861432.XLSX,Q00897.01-0000861432.XLSX,.xlsx,672621,ok,True,True,text,True,1,0,9446,False,9446,True,100+,Phone | SSN | Payment Card,True,Contact Information | Government-Issued Identification | Financial Account Information,True,,clear_responsive,False,,7452,structured_bde,bde_llm_count_roster,False,False,0,0,0,0,0,0,4.552,False,True,True,,True,clear_yes,yes,8318,True,structured_bde,False,,15770
CNG_Data2k_variance/files/Q00897.01-0000700377.MSG,Q00897.01-0000700377.MSG,.msg,157696,ok,True,False,text,False,0,0,0,False,0,False,0-10,,False,,False,,clear_non_responsive,False,,0,likely_non_responsive,,False,False,0,0,0,0,0,0,0.84,True,False,False,stage1_nr,False,,,0,False,,False,,0
CNG_Data2k_variance\files\Q00897.01-0000787229.0005.DOC,Q00897.01-0000787229.0005.DOC,.doc,30481,ok,True,False,text,False,0,0,1,False,0,False,0-10,Money/Amount | Health,False,Financial Account Information | Health-Related Information,False,,ambiguous,True,no,6205,likely_non_responsive,,False,False,0,0,0,0,0,0,1.469,True,False,False,stage1_nr,False,,,0,False,,False,,6205
CNG_Data2k_variance/files/Q00897.01-0000742462.MSG,Q00897.01-0000742462.MSG,.msg,315904,ok,True,False,text,False,0,0,1,False,0,False,0-10,Email | Phone | Money/Amount,True,Contact Information | Financial Account Information,False,,ambiguous,True,no,5066,likely_non_responsive,,False,False,0,0,0,0,0,0,2.364,True,False,False,stage1_nr,False,,,0,False,,False,,5066
CNG_Data2k_variance/files/Q00897.01-0000538971.MSG,Q00897.01-0000538971.MSG,.msg,267264,ok,True,False,text,False,0,0,9,False,3,False,0-10,Name | Address | Email | Phone,True,Contact Information,False,,ambiguous,True,yes,13535,standard,bde_llm_count,False,False,0,0,0,0,0,0,12.625,False,False,True,,True,borderline,no,7252,False,likely_non_responsive,True,,20787
CNG_Data2k_variance/files/Q00897.01-0000868021.PDF,Q00897.01-0000868021.PDF,.pdf,594344,ok,True,True,text,True,11,0,113,False,19,True,100+,Name | Address | Money/Amount,True,Contact Information | Financial Account Information,True,,ambiguous,True,yes,12169,structured_bde,bde_llm_count_roster,True,True,11,0,0,0,0,1,15.47,False,True,True,,True,clear_yes,yes,6631,True,structured_bde,False,,18800
CNG_Data2k_variance/files/Q00897.01-0000540971.MSG,Q00897.01-0000540971.MSG,.msg,200192,ok,True,False,text,False,0,0,1,False,0,False,0-10,Address | Email | Phone,True,Contact Information,False,,ambiguous,True,no,5516,likely_non_responsive,,False,False,0,0,0,0,0,0,3.745,True,False,False,stage1_nr,False,,,0,False,,False,,5516
CNG_Data2k_variance/files/Q00897.01-0000327643.PDF,Q00897.01-0000327643.PDF,.pdf,2431532,ok,True,True,text,True,1,0,37,False,0,False,20-50,Address | Email | Phone | Bank/Account Number | Money/Amount,True,Contact Information | Financial Account Information,False,,ambiguous,True,no,7793,likely_non_responsive,bde_llm_count,True,True,1,0,0,0,0,1,10.336,True,False,False,stage1_nr,False,,,0,False,,False,,7793
CNG_Data2k_variance/files/Q00897.01-0000680257.MSG,Q00897.01-0000680257.MSG,.msg,161792,ok,True,False,text,False,0,2,7,False,3,False,0-10,Name | Address | Email | Phone,True,Contact Information,False,,ambiguous,True,yes,11905,standard,bde_llm_count,False,False,0,0,0,0,0,0,8.429,False,False,True,,True,likely_yes,yes,6411,False,standard,False,,18316
CNG_Data2k_variance/files/Q00897.01-0000799844.0001.PDF,Q00897.01-0000799844.0001.PDF,.pdf,23148,ok,True,False,text,False,1,0,0,False,0,False,0-10,,False,,False,,clear_non_responsive,False,,0,likely_non_responsive,,False,False,0,0,0,0,0,0,0.048,True,False,False,stage1_nr,False,,,0,False,,False,,0
CNG_Data2k_variance/files/Q00897.01-0000015492.XLSX,Q00897.01-0000015492.XLSX,.xlsx,30934,ok,True,True,text,True,3,0,151,False,151,True,100+,Name | Address | Money/Amount | Credentials | Work-Related,True,Contact Information | Financial Account Information | Access Credentials | Work-Related Information,True,,ambiguous,True,yes,7501,structured_bde,roster_by_rowcount bde_llm_count_roster,False,False,0,0,0,0,0,0,5.951,False,True,True,,True,likely_yes,yes,4200,True,structured_bde,False,,11701
CNG_Data2k_variance/files/Q00897.01-0000814474.0003.PDF,Q00897.01-0000814474.0003.PDF,.pdf,813991,ok,True,False,text,False,10,0,1,False,0,False,0-10,Money/Amount | Credentials,False,Financial Account Information | Access Credentials,False,,ambiguous,True,no,8489,likely_non_responsive,,True,True,10,0,0,0,0,1,10.31,True,False,False,stage1_nr,False,,,0,False,,False,,8489
CNG_Data2k_variance/files/Q00897.01-0000777617.MSG,Q00897.01-0000777617.MSG,.msg,40448,ok,True,False,text,False,0,1,6,False,0,False,0-10,Name | Email | Phone,True,Contact Information,False,,ambiguous,True,no,3952,likely_non_responsive,,False,False,0,0,0,0,0,0,1.379,True,False,False,stage1_nr,False,,,0,False,,False,,3952
CNG_Data2k_variance/files/Q00897.01-0000527375.0001.PDF,Q00897.01-0000527375.0001.PDF,.pdf,22579,ok,True,False,text,False,1,0,1,False,0,False,0-10,Money/Amount,False,Financial Account Information,False,,clear_non_responsive,False,,0,likely_non_responsive,,False,False,0,0,0,0,0,0,0.03,True,False,False,stage1_nr,False,,,0,False,,False,,0
CNG_Data2k_variance/files/Q00897.01-0000305509.CSV,Q00897.01-0000305509.CSV,.csv,14855,ok,True,True,text,True,0,0,117,False,3,False,100+,Name | Money/Amount | Work-Related,False,Financial Account Information | Work-Related Information,False,,ambiguous,True,yes,13457,standard,roster_by_rowcount bde_llm_count,False,False,0,0,0,0,0,0,26.561,False,False,True,,True,likely_no,no,7205,True,likely_non_responsive,True,,20662
CNG_Data2k_variance/files/Q00897.01-0000373112.MSG,Q00897.01-0000373112.MSG,.msg,219648,ok,True,False,text,False,0,0,3,False,0,False,0-10,Name | Address | Email | Phone | Money/Amount,True,Contact Information | Financial Account Information,False,,ambiguous,True,yes,4789,standard,,False,False,0,0,0,0,0,0,4.644,False,False,True,,True,likely_no,no,4822,False,likely_non_responsive,True,,9611
CNG_Data2k_variance/files/Q00897.01-0000543942.0001.PDF,Q00897.01-0000543942.0001.PDF,.pdf,22563,ok,True,False,text,False,1,0,1,False,0,False,0-10,Money/Amount,False,Financial Account Information,False,,clear_non_responsive,False,,0,likely_non_responsive,,False,False,0,0,0,0,0,0,0.02,True,False,False,stage1_nr,False,,,0,False,,False,,0
CNG_Data2k_variance/files/Q00897.01-0000270055.PDF,Q00897.01-0000270055.PDF,.pdf,104574,ok,True,False,text,False,1,0,3,False,0,False,0-10,Name | Address | Email | Phone | Card Expiry/CVV,True,Contact Information | Financial Account Information,False,,ambiguous,True,yes,4345,standard,,True,True,1,0,0,0,0,1,13.706,False,False,True,,True,likely_no,no,4450,False,likely_non_responsive,True,,8795
CNG_Data2k_variance/files/Q00897.01-0000654951.MSG,Q00897.01-0000654951.MSG,.msg,57344,ok,True,False,text,False,0,1,1,False,0,False,0-10,Address | Email | Phone,True,Contact Information,False,,ambiguous,True,no,3911,likely_non_responsive,,False,False,0,0,0,0,0,0,2.389,True,False,False,stage1_nr,False,,,0,False,,False,,3911
CNG_Data2k_variance/files/Q00897.01-0000614802.MSG,Q00897.01-0000614802.MSG,.msg,308736,ok,True,False,text,False,0,2,11,False,9,False,10-20,Name | Address | Email | Phone | Money/Amount,True,Contact Information | Financial Account Information,False,,ambiguous,True,yes,9507,standard,bde_llm_count,False,False,0,0,0,0,0,0,7.75,False,False,True,,True,likely_no,no,5212,False,likely_non_responsive,True,,14719
CNG_Data2k_variance/files/Q00897.01-0000881384.XLSX,Q00897.01-0000881384.XLSX,.xlsx,54987,ok,True,True,text,True,2,0,434,False,434,True,100+,Address | Money/Amount,True,Contact Information | Financial Account Information,True,,ambiguous,True,no,14973,structured_bde,roster_by_rowcount bde_llm_count_roster,False,False,0,0,0,0,0,0,10.331,False,True,True,,True,clear_no,no,7937,True,likely_non_responsive,True,,22910
CNG_Data2k_variance/files/Q00897.01-0000397536.0001.0009.XLSX,Q00897.01-0000397536.0001.0009.XLSX,.xlsx,158458,ok,True,True,text,True,15,0,55,False,0,False,50-100,Money/Amount,False,Financial Account Information,False,,ambiguous,True,no,8132,likely_non_responsive,bde_llm_count,False,False,0,0,0,0,0,0,3.257,True,False,False,stage1_nr,False,,,0,False,,False,,8132
CNG_Data2k_variance/files/Q00897.01-0000434228.MSG,Q00897.01-0000434228.MSG,.msg,4110336,ok,True,False,text,False,0,6,4,False,0,False,0-10,Name | Email | Card/Transaction,True,Contact Information | Financial Account Information,False,,ambiguous,True,yes,4102,standard,,False,False,0,0,0,0,0,0,4.054,False,False,True,,True,borderline,no,4155,False,likely_non_responsive,True,,8257
CNG_Data2k_variance/files/Q00897.01-0000662152.MSG,Q00897.01-0000662152.MSG,.msg,1436672,ok,True,False,text,False,0,4,5,False,0,False,0-10,Name | Address | Email | Phone,True,Contact Information,False,,ambiguous,True,no,4162,likely_non_responsive,,False,False,0,0,0,0,0,0,2.195,True,False,False,stage1_nr,False,,,0,False,,False,,4162
CNG_Data2k_variance/files/Q00897.01-0000483588.MSG,Q00897.01-0000483588.MSG,.msg,29184,ok,True,False,text,False,0,0,5,False,0,False,0-10,Name | Address | Email | Phone,True,Contact Information,False,,ambiguous,True,yes,4918,standard,,False,False,0,0,0,0,0,0,5.714,False,False,True,,True,borderline,no,4975,False,likely_non_responsive,True,,9893
CNG_Data2k_variance/files/Q00897.01-0000901833.PDF,Q00897.01-0000901833.PDF,.pdf,19918,ok,True,False,text,False,3,0,2,False,0,False,0-10,Name | Address | Phone | Money/Amount,True,Contact Information | Financial Account Information,False,,ambiguous,True,yes,5788,standard,,False,False,0,0,0,0,0,0,4.039,False,False,True,,True,likely_no,no,5847,False,likely_non_responsive,True,,11635
CNG_Data2k_variance/files/Q00897.01-0000404575.0001.PPTX,Q00897.01-0000404575.0001.PPTX,.pptx,3131884,ok,True,False,text,False,5,0,1,False,0,False,0-10,Money/Amount,False,Financial Account Information,False,,clear_non_responsive,False,,0,likely_non_responsive,,False,False,0,0,0,0,0,0,0.098,True,False,False,stage1_nr,False,,,0,False,,False,,0
CNG_Data2k_variance/files/Q00897.01-0000264818.CSV,Q00897.01-0000264818.CSV,.csv,145011,ok,True,True,text,True,0,0,1232,False,0,False,100+,Payment Card | Card/Transaction,True,Financial Account Information,False,,ambiguous,True,no,11423,likely_non_responsive,roster_by_rowcount bde_llm_count,False,False,0,0,0,0,0,0,3.213,True,False,False,stage1_nr,False,,,0,False,,False,,11423
CNG_Data2k_variance/files/Q00897.01-0000587998.0001.PNG,Q00897.01-0000587998.0001.PNG,.png,633556,ok,True,True,text,True,1,0,21,False,0,False,20-50,Money/Amount,False,Financial Account Information,False,,ambiguous,True,no,9035,likely_non_responsive,bde_llm_count,True,True,1,0,0,0,0,1,21.766,True,False,False,stage1_nr,False,,,0,False,,False,,9035
CNG_Data2k_variance/files/Q00897.01-0000669869.MSG,Q00897.01-0000669869.MSG,.msg,164864,ok,True,False,text,False,0,1,3,False,0,False,0-10,Name | Phone,True,Contact Information,False,,ambiguous,True,no,3741,likely_non_responsive,,False,False,0,0,0,0,0,0,2.296,True,False,False,stage1_nr,False,,,0,False,,False,,3741
CNG_Data2k_variance/files/Q00897.01-0000017749.PDF,Q00897.01-0000017749.PDF,.pdf,175027,ok,True,False,text,False,1,0,4,False,0,False,0-10,Name | Address | Phone | Money/Amount,True,Contact Information | Financial Account Information,False,,ambiguous,True,yes,4160,standard,,False,False,0,0,0,0,0,0,7.096,False,False,True,,True,likely_no,no,4235,False,likely_non_responsive,True,,8395
CNG_Data2k_variance/files/Q00897.01-0000467114.MSG,Q00897.01-0000467114.MSG,.msg,457216,ok,True,False,text,False,0,3,3,False,0,False,0-10,Name | Address | Email | Phone | Money/Amount,True,Contact Information | Financial Account Information,False,,ambiguous,True,yes,4423,standard,,False,False,0,0,0,0,0,0,4.304,False,False,True,,True,clear_no,no,4502,False,likely_non_responsive,True,,8925
CNG_Data2k_variance/files/Q00897.01-0000752090.MSG,Q00897.01-0000752090.MSG,.msg,57856,ok,True,False,text,False,0,2,5,False,0,False,0-10,Name | Address | Email | Phone,True,Contact Information,False,,ambiguous,True,yes,5399,standard,,False,False,0,0,0,0,0,0,4.491,False,False,True,,True,likely_yes,yes,5476,False,standard,False,,10875
CNG_Data2k_variance/files/Q00897.01-0000004333.PDF,Q00897.01-0000004333.PDF,.pdf,187489,ok,True,True,text,True,2,0,10,False,2,False,0-10,Name | Address | Phone | Money/Amount,True,Contact Information | Financial Account Information,False,,ambiguous,True,yes,10323,standard,bde_llm_count,True,True,2,0,0,0,0,1,14.633,False,False,True,,True,clear_yes,yes,5585,False,standard,False,,15908
CNG_Data2k_variance/files/Q00897.01-0000346297.PDF,Q00897.01-0000346297.PDF,.pdf,28927,ok,True,False,text,False,7,0,1,False,0,False,0-10,Name | Address | Money/Amount,True,Contact Information | Financial Account Information,False,,ambiguous,True,yes,6619,standard,,False,False,0,0,0,0,0,0,4.214,False,False,True,,True,clear_yes,yes,6686,False,standard,False,,13305
CNG_Data2k_variance/files/Q00897.01-0000248028.PDF,Q00897.01-0000248028.PDF,.pdf,91937,ok,True,False,text,False,1,0,1,False,0,False,0-10,Bank/Account Number | Account Balance | Money/Amount,True,Financial Account Information,False,,ambiguous,True,no,3847,likely_non_responsive,"img_ocr:p1(1/1,+4chars)",False,False,0,1,1,1,0,1,6.857,True,False,False,stage1_nr,False,,,0,False,,False,,3847
CNG_Data2k_variance/files/Q00897.01-0000542487.0001.PDF,Q00897.01-0000542487.0001.PDF,.pdf,22567,ok,True,False,text,False,1,0,1,False,0,False,0-10,Money/Amount,False,Financial Account Information,False,,clear_non_responsive,False,,0,likely_non_responsive,,False,False,0,0,0,0,0,0,0.043,True,False,False,stage1_nr,False,,,0,False,,False,,0
CNG_Data2k_variance/files/Q00897.01-0000908412.PDF,Q00897.01-0000908412.PDF,.pdf,10351,ok,True,False,text,False,1,0,2,False,0,False,0-10,Name | Address | Phone,True,Contact Information,False,,ambiguous,True,yes,4026,standard,,False,False,0,0,0,0,0,0,3.001,False,False,True,,True,likely_yes,yes,4068,False,standard,False,,8094
CNG_Data2k_variance/files/Q00897.01-0000016491.PDF,Q00897.01-0000016491.PDF,.pdf,291120,ok,True,False,text,False,4,0,200,False,200,True,100+,Name | Address | Money/Amount,True,Contact Information | Financial Account Information,True,,ambiguous,True,yes,17383,bde,bde_llm_count_roster,False,False,0,0,0,0,0,0,61.598,False,True,True,,True,clear_yes,yes,9820,True,bde,False,,27203
CNG_Data2k_variance/files/Q00897.01-0000108014.PDF,Q00897.01-0000108014.PDF,.pdf,513625,ok,True,True,text,True,15,0,159,False,1,False,100+,Name | Email | Money/Amount | Health | Work-Related,True,Contact Information | Financial Account Information | Health-Related Information | Work-Related Information,False,,ambiguous,True,yes,17850,standard,bde_llm_count,True,True,15,0,0,0,0,1,34.073,False,False,True,,True,likely_yes,yes,9421,True,structured_bde,False,,27271
CNG_Data2k_variance\files\Q00897.01-0000117463.0001.DOC,Q00897.01-0000117463.0001.DOC,.doc,18756,ok,True,False,text,False,0,0,1,False,0,False,0-10,Health | Work-Related,False,Health-Related Information | Work-Related Information,False,,ambiguous,True,no,4375,likely_non_responsive,,False,False,0,0,0,0,0,0,1.212,True,False,False,stage1_nr,False,,,0,False,,False,,4375
CNG_Data2k_variance/files/Q00897.01-0000859523.PDF,Q00897.01-0000859523.PDF,.pdf,137442,ok,True,True,text,True,3,0,65,False,1,False,50-100,Name | Address | Email | Phone | Credentials | Health | Work-Related,True,Contact Information | Access Credentials | Health-Related Information | Work-Related Information,False,,ambiguous,True,yes,8712,standard,bde_llm_count,True,True,3,0,0,0,0,1,13.28,False,False,True,,True,clear_yes,yes,4841,True,structured_bde,False,,13553
CNG_Data2k_variance/files/Q00897.01-0000838933.0001.PDF,Q00897.01-0000838933.0001.PDF,.pdf,3644916,error,False,False,,False,0,0,0,False,0,False,,,False,,False,,,False,,0,review_error,NameError,False,False,0,0,0,0,0,0,0.697,False,False,False,extract_error,False,,,0,False,,False,,0
CNG_Data2k_variance/files/Q00897.01-0000441136.MSG,Q00897.01-0000441136.MSG,.msg,225280,ok,True,False,text,False,0,0,1,False,0,False,0-10,Name | Address | Email | Phone | Credentials,True,Contact Information | Access Credentials,False,,ambiguous,True,yes,4401,standard,,False,False,0,0,0,0,0,0,4.34,False,False,True,,True,likely_no,no,4465,False,likely_non_responsive,True,,8866
CNG_Data2k_variance/files/Q00897.01-0000112388.XLSX,Q00897.01-0000112388.XLSX,.xlsx,248213,ok,True,True,text,True,1,0,138,False,0,False,100+,Phone | Payment Card | Money/Amount,True,Contact Information | Financial Account Information,False,,ambiguous,True,no,32766,likely_non_responsive,bde_llm_count,False,False,0,0,0,0,0,0,12.289,True,False,False,stage1_nr,False,,,0,False,,False,,32766
CNG_Data2k_variance/files/Q00897.01-0000866705.PDF,Q00897.01-0000866705.PDF,.pdf,565089,ok,True,False,text,False,4,0,3,False,0,False,0-10,Address | Email | Phone | SSN | Money/Amount,True,Contact Information | Government-Issued Identification | Financial Account Information,False,,clear_responsive,False,,0,standard,"img_ocr:p1(1/1,+77chars)",False,False,0,1,1,1,0,1,6.573,False,False,True,,True,clear_yes,yes,5422,False,standard,False,,5422
CNG_Data2k_variance/files/Q00897.01-0000108770.PDF,Q00897.01-0000108770.PDF,.pdf,445440,ok,True,True,text,True,15,0,484,False,0,False,100+,Name | Money/Amount | Work-Related,True,Financial Account Information | Work-Related Information,False,,ambiguous,True,no,23736,likely_non_responsive,bde_llm_count,True,True,15,0,0,0,0,1,23.191,True,False,False,stage1_nr,False,,,0,False,,False,,23736
CNG_Data2k_variance/files/Q00897.01-0000818298.0001.PDF,Q00897.01-0000818298.0001.PDF,.pdf,131944,ok,True,True,text,True,2,0,10,False,2,False,0-10,Name | Address | Money/Amount,True,Contact Information | Financial Account Information,False,,ambiguous,True,no,7606,likely_non_responsive,bde_llm_count,True,True,2,0,0,0,0,1,8.109,True,False,False,stage1_nr,False,,,0,False,,False,,7606
CNG_Data2k_variance/files/Q00897.01-0000403066.MSG,Q00897.01-0000403066.MSG,.msg,206848,ok,True,False,text,False,0,0,2,False,0,False,0-10,Address | Email | Phone | Credentials,True,Contact Information | Access Credentials,False,,ambiguous,True,no,3995,likely_non_responsive,,False,False,0,0,0,0,0,0,2.374,True,False,False,stage1_nr,False,,,0,False,,False,,3995
CNG_Data2k_variance/files/Q00897.01-0000125197.PDF,Q00897.01-0000125197.PDF,.pdf,3211334,ok,True,True,text,True,15,0,219,False,6,True,100+,Name | Address | Email | Phone | Money/Amount,True,Contact Information | Financial Account Information,True,,ambiguous,True,yes,20711,structured_bde,bde_llm_count_roster,True,True,15,0,0,0,0,1,21.227,False,True,True,,True,clear_no,no,10677,True,likely_non_responsive,True,,31388
CNG_Data2k_variance/files/Q00897.01-0000888420.PDF,Q00897.01-0000888420.PDF,.pdf,39824,ok,True,False,text,False,4,0,26,False,26,False,20-50,Name | Address | Phone | Money/Amount,True,Contact Information | Financial Account Information,False,,ambiguous,True,yes,15849,standard,bde_llm_count_roster,False,False,0,0,0,0,0,0,12.697,False,False,True,,True,clear_yes,yes,8530,False,standard,False,,24379
CNG_Data2k_variance/files/Q00897.01-0000014792.PDF,Q00897.01-0000014792.PDF,.pdf,296727,ok,True,False,text,False,1,0,2,False,0,False,0-10,Name | Address | Email | Phone | SSN | Money/Amount | Work-Related,True,Contact Information | Government-Issued Identification | Financial Account Information | Work-Related Information,False,,clear_responsive,False,,0,standard,,False,False,0,0,0,0,0,0,2.48,False,False,True,,True,clear_yes,yes,4295,False,standard,False,,4295
CNG_Data2k_variance/files/Q00897.01-0000390053.MSG,Q00897.01-0000390053.MSG,.msg,80384,ok,True,False,text,False,0,0,2,False,0,False,0-10,Name | Email,True,Contact Information,False,,ambiguous,True,yes,3900,standard,,False,False,0,0,0,0,0,0,3.553,False,False,True,,True,borderline,no,3961,False,likely_non_responsive,True,,7861
CNG_Data2k_variance/files/Q00897.01-0000652569.0001.PDF,Q00897.01-0000652569.0001.PDF,.pdf,43109,ok,True,False,text,False,1,0,5,False,0,False,0-10,Name | Address | Money/Amount,True,Contact Information | Financial Account Information,False,,ambiguous,True,yes,4213,standard,,False,False,0,0,0,0,0,0,6.625,False,False,True,,True,clear_no,no,4211,False,likely_non_responsive,True,,8424
CNG_Data2k_variance/files/Q00897.01-0000242853.PDF,Q00897.01-0000242853.PDF,.pdf,119417,ok,True,True,text,True,1,0,14,False,0,False,10-20,Name | Phone | Bank/Account Number | Money/Amount,True,Contact Information | Financial Account Information,False,,ambiguous,True,no,6889,likely_non_responsive,bde_llm_count,True,True,1,0,0,0,0,1,7.091,True,False,False,stage1_nr,False,,,0,False,,False,,6889
CNG_Data2k_variance/files/Q00897.01-0000733112.MSG,Q00897.01-0000733112.MSG,.msg,203776,ok,True,False,text,False,0,1,2,False,0,False,0-10,Name | Address | Email | Phone,True,Contact Information,False,,ambiguous,True,no,4408,likely_non_responsive,,False,False,0,0,0,0,0,0,2.227,True,False,False,stage1_nr,False,,,0,False,,False,,4408
CNG_Data2k_variance/files/Q00897.01-0000830766.MSG,Q00897.01-0000830766.MSG,.msg,161792,ok,True,False,text,False,0,2,6,False,0,False,0-10,Name | Address | Email | Phone,True,Contact Information,False,,ambiguous,True,yes,5244,standard,,False,False,0,0,0,0,0,0,4.761,False,False,True,,True,likely_no,no,5266,False,likely_non_responsive,True,,10510
CNG_Data2k_variance/files/Q00897.01-0000094370.PDF,Q00897.01-0000094370.PDF,.pdf,38645,ok,True,False,text,False,2,0,2,False,0,False,0-10,Email | Phone | Money/Amount,True,Contact Information | Financial Account Information,False,,ambiguous,True,no,4049,likely_non_responsive,,False,False,0,0,0,0,0,0,5.68,True,False,False,stage1_nr,False,,,0,False,,False,,4049
CNG_Data2k_variance/files/Q00897.01-0000912696.PDF,Q00897.01-0000912696.PDF,.pdf,234806,ok,True,False,text,False,51,0,51,False,51,True,50-100,Name | Address,True,Contact Information,True,,ambiguous,True,yes,31855,bde,bde_llm_count_roster,False,False,0,0,0,0,0,0,18.049,False,True,True,,True,clear_yes,yes,16095,True,bde,False,,47950
CNG_Data2k_variance/files/Q00897.01-0000518917.0001.XLSX,Q00897.01-0000518917.0001.XLSX,.xlsx,197335,ok,True,True,text,True,1,0,555,False,0,True,100+,Phone | Money/Amount,True,Contact Information | Financial Account Information,True,,ambiguous,True,no,19602,structured_bde,bde_llm_count_roster,False,False,0,0,0,0,0,0,25.264,False,True,True,,True,clear_no,no,10256,True,likely_non_responsive,True,,29858
CNG_Data2k_variance/files/Q00897.01-0000727741.MSG,Q00897.01-0000727741.MSG,.msg,159232,ok,True,False,text,False,0,0,3,False,0,False,0-10,Name | Email | Money/Amount | Credentials,True,Contact Information | Financial Account Information | Access Credentials,False,,ambiguous,True,yes,4630,standard,,False,False,0,0,0,0,0,0,3.752,False,False,True,,True,likely_no,no,4691,False,likely_non_responsive,True,,9321
CNG_Data2k_variance/files/Q00897.01-0000897194.PDF,Q00897.01-0000897194.PDF,.pdf,13777,ok,True,False,text,False,2,0,1,False,0,False,0-10,Money/Amount,False,Financial Account Information,False,,clear_non_responsive,False,,0,likely_non_responsive,,False,False,0,0,0,0,0,0,0.181,True,False,False,stage1_nr,False,,,0,False,,False,,0
CNG_Data2k_variance/files/Q00897.01-0000657440.MSG,Q00897.01-0000657440.MSG,.msg,188416,ok,True,False,text,False,0,0,8,False,7,False,0-10,Name | Address | Email | Phone | Card/Transaction | Money/Amount,True,Contact Information | Financial Account Information,False,,ambiguous,True,yes,11826,standard,bde_llm_count,False,False,0,0,0,0,0,0,8.981,False,False,True,,True,likely_no,no,6357,False,likely_non_responsive,True,,18183
CNG_Data2k_variance/files/Q00897.01-0000262497.PDF,Q00897.01-0000262497.PDF,.pdf,727554,ok,True,False,text,False,317,0,149,False,0,False,100+,Address | Phone | Payment Card | Money/Amount,True,Contact Information | Financial Account Information,False,,ambiguous,True,no,27515,likely_non_responsive,bde_llm_count,False,False,0,0,0,0,0,0,10.153,True,False,False,stage1_nr,False,,,0,False,,False,,27515
CNG_Data2k_variance/files/Q00897.01-0000369225.MSG,Q00897.01-0000369225.MSG,.msg,221696,ok,True,False,text,False,0,0,1,False,0,False,0-10,Address | Email | Phone | Money/Amount,True,Contact Information | Financial Account Information,False,,ambiguous,True,no,4186,likely_non_responsive,,False,False,0,0,0,0,0,0,2.03,True,False,False,stage1_nr,False,,,0,False,,False,,4186
CNG_Data2k_variance/files/Q00897.01-0000135879.PDF,Q00897.01-0000135879.PDF,.pdf,19026467,ok,True,True,text,True,15,0,292,False,2,False,100+,Name | Address | Email | Phone | Money/Amount,True,Contact Information | Financial Account Information,False,,ambiguous,True,yes,23357,standard,bde_llm_count,True,True,15,0,0,0,0,1,29.2,False,False,True,,True,clear_no,no,12051,True,likely_non_responsive,True,,35408
CNG_Data2k_variance/files/Q00897.01-0000818472.0003.PDF,Q00897.01-0000818472.0003.PDF,.pdf,400078,ok,True,False,text,False,11,0,5,False,0,False,0-10,Name | Address | Money/Amount | Work-Related,True,Contact Information | Financial Account Information | Work-Related Information,False,,ambiguous,True,no,8731,likely_non_responsive,,True,True,11,0,0,0,0,1,10.773,True,False,False,stage1_nr,False,,,0,False,,False,,8731
CNG_Data2k_variance/files/Q00897.01-0000397749.MSG,Q00897.01-0000397749.MSG,.msg,133120,ok,True,False,text,False,0,0,8,False,8,False,0-10,Name | Address | Email | Phone | Money/Amount,True,Contact Information | Financial Account Information,False,,ambiguous,True,yes,10744,standard,bde_llm_count,False,False,0,0,0,0,0,0,7.012,False,False,True,,True,likely_yes,yes,5815,False,standard,False,,16559
CNG_Data2k_variance/files/Q00897.01-0000896381.PDF,Q00897.01-0000896381.PDF,.pdf,63588,ok,True,False,text,False,13,0,3,False,0,False,0-10,Name | Address | Phone | Money/Amount | Work-Related,True,Contact Information | Financial Account Information | Work-Related Information,False,,ambiguous,True,yes,14039,standard,,False,False,0,0,0,0,0,0,5.164,False,False,True,,True,clear_yes,yes,14072,False,standard,False,,28111
CNG_Data2k_variance/files/Q00897.01-0000809789.0001.DOCX,Q00897.01-0000809789.0001.DOCX,.docx,23967,ok,True,False,text,False,0,0,1,False,0,False,0-10,Health,False,Health-Related Information,False,,ambiguous,True,no,5357,likely_non_responsive,,False,False,0,0,0,0,0,0,1.231,True,False,False,stage1_nr,False,,,0,False,,False,,5357
CNG_Data2k_variance/files/Q00897.01-0000843049.MSG,Q00897.01-0000843049.MSG,.msg,475648,ok,True,False,text,False,0,1,1,False,0,False,0-10,Name | Address | Email | Phone,True,Contact Information,False,,ambiguous,True,no,3776,likely_non_responsive,,False,False,0,0,0,0,0,0,1.916,True,False,False,stage1_nr,False,,,0,False,,False,,3776
CNG_Data2k_variance/files/Q00897.01-0000289478.PDF,Q00897.01-0000289478.PDF,.pdf,173988,ok,True,False,text,False,1,0,1,False,0,False,0-10,Address | Money/Amount,True,Contact Information | Financial Account Information,False,,ambiguous,True,no,4022,likely_non_responsive,,False,False,0,0,0,0,0,0,1.838,True,False,False,stage1_nr,False,,,0,False,,False,,4022
CNG_Data2k_variance/files/Q00897.01-0000473447.MSG,Q00897.01-0000473447.MSG,.msg,78336,ok,True,False,text,False,0,0,14,False,14,False,10-20,Name | Address | Email | Phone | Money/Amount,True,Contact Information | Financial Account Information,False,,ambiguous,True,yes,10684,standard,bde_llm_count,False,False,0,0,0,0,0,0,22.589,False,False,True,,True,borderline,no,5788,False,likely_non_responsive,True,,16472
CNG_Data2k_variance/files/Q00897.01-0000247419.PDF,Q00897.01-0000247419.PDF,.pdf,933186,ok,True,False,text,False,2,0,1,False,0,False,0-10,Money/Amount,False,Financial Account Information,False,,clear_non_responsive,False,,0,likely_non_responsive,,False,False,0,0,0,0,0,0,0.148,True,False,False,stage1_nr,False,,,0,False,,False,,0
CNG_Data2k_variance/files/Q00897.01-0000693668.MSG,Q00897.01-0000693668.MSG,.msg,205824,ok,True,False,text,False,0,0,2,False,0,False,0-10,Name | Address | Work-Related,True,Contact Information | Work-Related Information,False,,ambiguous,True,yes,4386,standard,,False,False,0,0,0,0,0,0,4.975,False,False,True,,True,borderline,no,4455,False,likely_non_responsive,True,,8841
CNG_Data2k_variance/files/Q00897.01-0000672955.MSG,Q00897.01-0000672955.MSG,.msg,149504,ok,True,False,text,False,0,0,1,False,0,False,0-10,Address | Email,True,Contact Information,False,,ambiguous,True,no,4184,likely_non_responsive,,False,False,0,0,0,0,0,0,1.853,True,False,False,stage1_nr,False,,,0,False,,False,,4184
CNG_Data2k_variance/files/Q00897.01-0000804894.MSG,Q00897.01-0000804894.MSG,.msg,106496,ok,True,False,text,False,0,2,3,False,0,False,0-10,Name | Address | Email | Phone,True,Contact Information,False,,ambiguous,True,no,4450,likely_non_responsive,,False,False,0,0,0,0,0,0,1.951,True,False,False,stage1_nr,False,,,0,False,,False,,4450
CNG_Data2k_variance/files/Q00897.01-0000275359.PDF,Q00897.01-0000275359.PDF,.pdf,1078037,ok,True,True,text,True,2,0,18,False,2,False,10-20,Name | Address | Phone,True,Contact Information,False,,ambiguous,True,no,7677,likely_non_responsive,bde_llm_count,True,True,2,0,0,0,0,1,18.905,True,False,False,stage1_nr,False,,,0,False,,False,,7677
CNG_Data2k_variance/files/Q00897.01-0000263097.0001.PDF,Q00897.01-0000263097.0001.PDF,.pdf,247029,ok,True,True,text,True,14,0,168,False,0,False,100+,Name | Address | Phone | Money/Amount,True,Contact Information | Financial Account Information,False,,ambiguous,True,no,17916,likely_non_responsive,bde_llm_count,True,True,14,0,0,0,0,1,12.859,True,False,False,stage1_nr,False,,,0,False,,False,,17916
CNG_Data2k_variance/files/Q00897.01-0000277014.PDF,Q00897.01-0000277014.PDF,.pdf,684186,ok,True,True,text,True,3,0,13,False,2,False,10-20,Name | Address | Phone | Money/Amount,True,Contact Information | Financial Account Information,False,,ambiguous,True,yes,7482,standard,bde_llm_count,True,True,3,0,0,0,0,1,12.463,False,False,True,,True,likely_no,no,4241,False,likely_non_responsive,True,,11723
CNG_Data2k_variance/files/Q00897.01-0000911584.PDF,Q00897.01-0000911584.PDF,.pdf,54643,ok,True,True,text,True,7,0,118,False,118,True,100+,Name | SSN | Money/Amount,True,Government-Issued Identification | Financial Account Information,True,,clear_responsive,False,,7837,structured_bde,bde_llm_count_roster,True,True,7,0,0,0,0,1,15.838,False,True,True,,True,clear_yes,yes,9226,True,structured_bde,False,,17063
CNG_Data2k_variance\files\Q00897.01-0000011697.XLS,Q00897.01-0000011697.XLS,.xls,70373,ok,True,True,text,True,2,0,9,False,9,False,0-10,Name | Money/Amount,False,Financial Account Information,False,,ambiguous,True,yes,7889,standard,bde_llm_count_roster,False,False,0,0,0,0,0,0,5.579,False,False,True,,True,likely_yes,yes,4432,False,standard,False,,12321
CNG_Data2k_variance/files/Q00897.01-0000459944.0001.PDF,Q00897.01-0000459944.0001.PDF,.pdf,209376,ok,True,True,text,True,2,0,7,False,2,False,0-10,Name | Address | Health,True,Contact Information | Health-Related Information,False,,ambiguous,True,no,10120,likely_non_responsive,bde_llm_count,True,True,2,0,0,0,0,1,10.219,True,False,False,stage1_nr,False,,,0,False,,False,,10120
CNG_Data2k_variance/files/Q00897.01-0000486963.0001.XLSX,Q00897.01-0000486963.0001.XLSX,.xlsx,18065,ok,True,True,text,True,1,0,146,False,0,False,100+,Phone,True,Contact Information,False,,ambiguous,True,no,11654,likely_non_responsive,roster_by_rowcount bde_llm_count,False,False,0,0,0,0,0,0,8.109,True,False,False,stage1_nr,False,,,0,False,,False,,11654
CNG_Data2k_variance/files/Q00897.01-0000347448.PDF,Q00897.01-0000347448.PDF,.pdf,80971,ok,True,True,text,True,1,0,5,False,2,False,0-10,Name | Address | Phone | Card Expiry/CVV | Health,True,Contact Information | Financial Account Information | Health-Related Information,False,,ambiguous,True,yes,9123,standard,bde_llm_count,True,True,1,0,0,0,0,1,11.532,False,False,True,,True,clear_yes,yes,5022,False,standard,False,,14145
CNG_Data2k_variance/files/Q00897.01-0000124474.PDF,Q00897.01-0000124474.PDF,.pdf,3680830,ok,True,True,text,True,15,0,541,False,51,True,100+,Name | Address | Phone | Money/Amount,True,Contact Information | Financial Account Information,True,,ambiguous,True,yes,29622,structured_bde,bde_llm_count_roster,True,True,15,0,0,0,0,1,28.591,False,True,True,,True,likely_no,no,15352,True,likely_non_responsive,True,,44974
CNG_Data2k_variance/files/Q00897.01-0000538185.0001.PDF,Q00897.01-0000538185.0001.PDF,.pdf,24611,ok,True,False,text,False,2,0,0,False,0,False,0-10,,False,,False,,clear_non_responsive,False,,0,likely_non_responsive,,False,False,0,0,0,0,0,0,0.028,True,False,False,stage1_nr,False,,,0,False,,False,,0
CNG_Data2k_variance/files/Q00897.01-0000465309.0001.XLSX,Q00897.01-0000465309.0001.XLSX,.xlsx,202228,ok,True,True,text,True,8,0,69,False,0,False,50-100,Phone | Card/Transaction | Money/Amount,True,Contact Information | Financial Account Information,False,,ambiguous,True,no,8699,likely_non_responsive,bde_llm_count,False,False,0,0,0,0,0,0,4.124,True,False,False,stage1_nr,False,,,0,False,,False,,8699
CNG_Data2k_variance/files/Q00897.01-0000290210.PDF,Q00897.01-0000290210.PDF,.pdf,697776,ok,True,False,text,False,5,0,9,False,9,False,0-10,Name | Address | Phone | Money/Amount,True,Contact Information | Financial Account Information,False,,ambiguous,True,yes,9748,standard,bde_llm_count_roster,False,False,0,0,0,0,0,0,8.097,False,False,True,,True,clear_yes,yes,5346,False,standard,False,,15094
CNG_Data2k_variance/files/Q00897.01-0000842575.MSG,Q00897.01-0000842575.MSG,.msg,325632,ok,True,False,text,False,0,1,5,False,0,False,0-10,Name | Email,True,Contact Information,False,,ambiguous,True,yes,5758,standard,,False,False,0,0,0,0,0,0,4.238,False,False,True,,True,likely_no,no,5839,False,likely_non_responsive,True,,11597
CNG_Data2k_variance/files/Q00897.01-0000537049.0001.PDF,Q00897.01-0000537049.0001.PDF,.pdf,22603,ok,True,False,text,False,1,0,1,False,0,False,0-10,Money/Amount,False,Financial Account Information,False,,clear_non_responsive,False,,0,likely_non_responsive,,False,False,0,0,0,0,0,0,0.024,True,False,False,stage1_nr,False,,,0,False,,False,,0
CNG_Data2k_variance/files/Q00897.01-0000015729.PDF,Q00897.01-0000015729.PDF,.pdf,324273,ok,True,False,text,False,1,0,9,False,9,False,0-10,Name | Money/Amount | Work-Related,False,Financial Account Information | Work-Related Information,False,,ambiguous,True,yes,9186,standard,bde_llm_count_roster,False,False,0,0,0,0,0,0,9.821,False,False,True,,True,clear_yes,yes,5088,False,standard,False,,14274
CNG_Data2k_variance/files/Q00897.01-0000443733.0001.XLSX,Q00897.01-0000443733.0001.XLSX,.xlsx,146091,ok,True,True,text,True,5,0,362,False,0,False,100+,Money/Amount,False,Financial Account Information,False,,ambiguous,True,no,8118,likely_non_responsive,roster_by_rowcount bde_llm_count,False,False,0,0,0,0,0,0,5.291,True,False,False,stage1_nr,False,,,0,False,,False,,8118
CNG_Data2k_variance/files/Q00897.01-0000661922.0001.PDF,Q00897.01-0000661922.0001.PDF,.pdf,215315,ok,True,True,text,True,1,0,1,False,1,False,0-10,Name | Address,True,Contact Information,False,,ambiguous,True,yes,9044,standard,bde_llm_count,True,True,1,0,0,0,0,1,9.984,False,False,True,,True,clear_yes,yes,4999,False,standard,False,,14043
CNG_Data2k_variance/files/Q00897.01-0000474340.0001.XML,Q00897.01-0000474340.0001.XML,.xml,5047,ok,True,False,text,False,0,0,0,False,0,False,0-10,,False,,False,,clear_non_responsive,False,,0,likely_non_responsive,,False,False,0,0,0,0,0,0,0.018,True,False,False,stage1_nr,False,,,0,False,,False,,0
CNG_Data2k_variance/files/Q00897.01-0000011174.PDF,Q00897.01-0000011174.PDF,.pdf,194465,ok,True,False,text,False,1,0,11,False,11,False,10-20,Name | Address | Money/Amount | Work-Related,True,Contact Information | Financial Account Information | Work-Related Information,False,,ambiguous,True,yes,32990,standard,bde_llm_count_roster,False,False,0,0,0,0,0,0,9.324,False,False,True,,True,clear_yes,yes,17038,False,standard,False,,50028
CNG_Data2k_variance/files/Q00897.01-0000326041.PDF,Q00897.01-0000326041.PDF,.pdf,96168,ok,True,True,text,True,2,0,1,False,0,False,0-10,Address | Money/Amount,True,Contact Information | Financial Account Information,False,,ambiguous,True,no,9125,likely_non_responsive,bde_llm_count,True,True,2,0,0,0,0,1,8.617,True,False,False,stage1_nr,False,,,0,False,,False,,9125
CNG_Data2k_variance/files/Q00897.01-0000760798.0001.PDF,Q00897.01-0000760798.0001.PDF,.pdf,167183,ok,True,False,text,False,1,0,2,False,0,False,0-10,Name | Address | Phone | Bank/Account Number | Card Expiry/CVV | Card/Transaction | Money/Amount,True,Contact Information | Financial Account Information,False,,ambiguous,True,yes,4333,standard,"img_ocr:p1(1/2,+9chars)",False,False,0,2,2,1,0,2,13.042,False,False,True,,True,likely_no,no,4407,False,likely_non_responsive,True,,8740
CNG_Data2k_variance/files/Q00897.01-0000471151.0002.XLSX,Q00897.01-0000471151.0002.XLSX,.xlsx,26864,ok,True,True,text,True,1,0,83,False,0,False,50-100,Card/Transaction | Work-Related,False,Financial Account Information | Work-Related Information,False,,ambiguous,True,no,10078,likely_non_responsive,roster_by_rowcount bde_llm_count,False,False,0,0,0,0,0,0,6.525,True,False,False,stage1_nr,False,,,0,False,,False,,10078
CNG_Data2k_variance\files\Q00897.01-0000854923.XLS,Q00897.01-0000854923.XLS,.xls,69003,ok,True,True,text,True,2,0,3,False,3,False,0-10,Name | Money/Amount,False,Financial Account Information,False,,ambiguous,True,yes,6877,standard,bde_llm_count_roster,False,False,0,0,0,0,0,0,6.414,False,False,True,,True,clear_yes,yes,3945,False,standard,False,,10822
CNG_Data2k_variance\files\Q00897.01-0000127685.XLS,Q00897.01-0000127685.XLS,.xls,39687,ok,True,True,text,True,2,0,136,False,0,False,100+,Name | Money/Amount,False,Financial Account Information,False,,ambiguous,True,no,7585,likely_non_responsive,roster_by_rowcount bde_llm_count,False,False,0,0,0,0,0,0,2.546,True,False,False,stage1_nr,False,,,0,False,,False,,7585
CNG_Data2k_variance/files/Q00897.01-0000109728.PDF,Q00897.01-0000109728.PDF,.pdf,36435,ok,True,False,text,False,9,0,1,False,0,False,0-10,Money/Amount | Work-Related,False,Financial Account Information | Work-Related Information,False,,ambiguous,True,no,10129,likely_non_responsive,,False,False,0,0,0,0,0,0,10.221,True,False,False,stage1_nr,False,,,0,False,,False,,10129
CNG_Data2k_variance/files/Q00897.01-0000913209.PDF,Q00897.01-0000913209.PDF,.pdf,57568,ok,True,False,text,False,3,0,3,False,0,False,0-10,SSN | Alien Registration | Money/Amount,True,Government-Issued Identification | Financial Account Information,False,,clear_responsive,False,,0,standard,,True,True,3,0,0,0,0,1,7.977,False,False,True,,True,clear_yes,yes,5023,False,standard,False,,5023
CNG_Data2k_variance/files/Q00897.01-0000663437.MSG,Q00897.01-0000663437.MSG,.msg,291840,ok,True,False,text,False,0,2,3,False,0,False,0-10,Name | Address | Email | Phone,True,Contact Information,False,,ambiguous,True,yes,4308,standard,,False,False,0,0,0,0,0,0,5.088,False,False,True,,True,likely_no,no,4356,False,likely_non_responsive,True,,8664
CNG_Data2k_variance/files/Q00897.01-0000455575.MSG,Q00897.01-0000455575.MSG,.msg,202240,ok,True,False,text,False,0,0,2,False,0,False,0-10,Name | Address | Email | Phone | Money/Amount,True,Contact Information | Financial Account Information,False,,ambiguous,True,no,4110,likely_non_responsive,,False,False,0,0,0,0,0,0,1.989,True,False,False,stage1_nr,False,,,0,False,,False,,4110
CNG_Data2k_variance/files/Q00897.01-0000459873.MSG,Q00897.01-0000459873.MSG,.msg,108544,ok,True,False,text,False,0,0,3,False,0,False,0-10,Name | Address | Email | Phone,True,Contact Information,False,,ambiguous,True,yes,4857,standard,,False,False,0,0,0,0,0,0,4.317,False,False,True,,True,likely_no,no,4875,False,likely_non_responsive,True,,9732
CNG_Data2k_variance/files/Q00897.01-0000652900.MSG,Q00897.01-0000652900.MSG,.msg,656896,ok,True,False,text,False,0,17,3,False,0,False,0-10,Phone,True,Contact Information,False,,ambiguous,True,no,3766,likely_non_responsive,,False,False,0,0,0,0,0,0,5.919,True,False,False,stage1_nr,False,,,0,False,,False,,3766
CNG_Data2k_variance/files/Q00897.01-0000885404.PDF,Q00897.01-0000885404.PDF,.pdf,178754,ok,True,False,text,False,4,0,2,False,0,False,0-10,Name | Address | Email | Phone | Money/Amount,True,Contact Information | Financial Account Information,False,,ambiguous,True,no,7471,likely_non_responsive,,False,False,0,0,0,0,0,0,1.656,True,False,False,stage1_nr,False,,,0,False,,False,,7471
CNG_Data2k_variance/files/Q00897.01-0000342011.PDF,Q00897.01-0000342011.PDF,.pdf,139011,ok,True,False,text,False,6,0,2,False,0,False,0-10,Name | Address | Phone,True,Contact Information,False,,ambiguous,True,yes,6131,standard,,False,False,0,0,0,0,0,0,4.194,False,False,True,,True,borderline,no,6222,False,likely_non_responsive,True,,12353
CNG_Data2k_variance/files/Q00897.01-0000056779.PDF,Q00897.01-0000056779.PDF,.pdf,668349,ok,True,True,text,True,2,0,26,False,1,False,20-50,Address | Phone | Money/Amount,True,Contact Information | Financial Account Information,False,,ambiguous,True,no,8448,likely_non_responsive,bde_llm_count,True,True,2,0,0,0,0,1,14.592,True,False,False,stage1_nr,False,,,0,False,,False,,8448
CNG_Data2k_variance/files/Q00897.01-0000901770.PDF,Q00897.01-0000901770.PDF,.pdf,19806,ok,True,False,text,False,3,0,1,False,0,False,0-10,Name | Address | Phone | Money/Amount,True,Contact Information | Financial Account Information,False,,ambiguous,True,yes,5732,standard,,False,False,0,0,0,0,0,0,3.713,False,False,True,,True,likely_yes,yes,5795,False,standard,False,,11527
CNG_Data2k_variance/files/Q00897.01-0000430686.MSG,Q00897.01-0000430686.MSG,.msg,272384,ok,True,False,text,False,0,0,1,False,0,False,0-10,Name | Address | Money/Amount,True,Contact Information | Financial Account Information,False,,ambiguous,True,no,5383,likely_non_responsive,,False,False,0,0,0,0,0,0,3.676,True,False,False,stage1_nr,False,,,0,False,,False,,5383
CNG_Data2k_variance/files/Q00897.01-0000252328.XLSX,Q00897.01-0000252328.XLSX,.xlsx,67336,ok,True,True,text,True,2,0,1293,False,0,False,100+,Phone | Money/Amount,True,Contact Information | Financial Account Information,False,,ambiguous,True,no,9967,likely_non_responsive,roster_by_rowcount bde_llm_count,False,False,0,0,0,0,0,0,4.012,True,False,False,stage1_nr,False,,,0,False,,False,,9967
CNG_Data2k_variance/files/Q00897.01-0000791279.MSG,Q00897.01-0000791279.MSG,.msg,151552,ok,True,False,text,False,0,0,3,False,0,False,0-10,Name | Address | Email | Phone | Money/Amount,True,Contact Information | Financial Account Information,False,,ambiguous,True,yes,4600,standard,,False,False,0,0,0,0,0,0,3.62,False,False,True,,True,clear_yes,yes,4629,False,standard,False,,9229
CNG_Data2k_variance/files/Q00897.01-0000444504.0001.PDF,Q00897.01-0000444504.0001.PDF,.pdf,63172,ok,True,False,text,False,21,0,1,False,0,False,0-10,Address | Card/Transaction | Money/Amount,True,Contact Information | Financial Account Information,False,,ambiguous,True,no,15741,likely_non_responsive,,False,False,0,0,0,0,0,0,3.309,True,False,False,stage1_nr,False,,,0,False,,False,,15741
CNG_Data2k_variance/files/Q00897.01-0000002506.PDF,Q00897.01-0000002506.PDF,.pdf,399127,ok,True,False,text,False,1,0,1,False,0,False,0-10,Name | Work-Related,True,Work-Related Information,False,,ambiguous,True,yes,3922,standard,,False,False,0,0,0,0,0,0,7.648,False,False,True,,True,likely_yes,yes,3937,False,standard,False,,7859
CNG_Data2k_variance/files/Q00897.01-0000892153.PDF,Q00897.01-0000892153.PDF,.pdf,42518,ok,True,False,text,False,6,0,6,False,0,False,0-10,Name | Address,True,Contact Information,False,,ambiguous,True,yes,8706,standard,,False,False,0,0,0,0,0,0,5.948,False,False,True,,True,likely_yes,yes,8743,False,standard,False,,17449
CNG_Data2k_variance\files\Q00897.01-0000851905.XLS,Q00897.01-0000851905.XLS,.xls,22274,ok,True,True,text,True,1,0,64,False,0,False,50-100,Phone | Money/Amount,True,Contact Information | Financial Account Information,False,,ambiguous,True,no,7309,likely_non_responsive,roster_by_rowcount bde_llm_count,False,False,0,0,0,0,0,0,4.593,True,False,False,stage1_nr,False,,,0,False,,False,,7309
CNG_Data2k_variance/files/Q00897.01-0000466334.MSG,Q00897.01-0000466334.MSG,.msg,113664,ok,True,False,text,False,0,0,3,False,0,False,0-10,Name | Phone | Money/Amount,True,Contact Information | Financial Account Information,False,,ambiguous,True,no,3932,likely_non_responsive,,False,False,0,0,0,0,0,0,2.75,True,False,False,stage1_nr,False,,,0,False,,False,,3932
CNG_Data2k_variance/files/Q00897.01-0000277041.PDF,Q00897.01-0000277041.PDF,.pdf,610253,ok,True,False,text,False,4,0,9,False,5,False,0-10,Name | Address | Phone | Money/Amount,True,Contact Information | Financial Account Information,False,,ambiguous,True,no,8016,likely_non_responsive,bde_llm_count,True,True,4,0,0,0,0,1,9.818,True,False,False,stage1_nr,False,,,0,False,,False,,8016
CNG_Data2k_variance/files/Q00897.01-0000747337.MSG,Q00897.01-0000747337.MSG,.msg,129536,ok,True,False,text,False,0,0,1,False,0,False,0-10,Money/Amount,False,Financial Account Information,False,,clear_non_responsive,False,,0,likely_non_responsive,,False,False,0,0,0,0,0,0,2.882,True,False,False,stage1_nr,False,,,0,False,,False,,0
CNG_Data2k_variance/files/Q00897.01-0000835317.MSG,Q00897.01-0000835317.MSG,.msg,127488,ok,True,False,text,False,0,5,19,False,7,False,10-20,Name | Address | Email | Phone,True,Contact Information,False,,ambiguous,True,yes,12369,standard,bde_llm_count,False,False,0,0,0,0,0,0,6.333,False,False,True,,True,likely_yes,yes,6652,False,standard,False,,19021
CNG_Data2k_variance/files/Q00897.01-0000862101.XLSX,Q00897.01-0000862101.XLSX,.xlsx,19977,ok,True,True,text,True,1,0,95,False,31,True,50-100,Phone | SSN | Payment Card,True,Contact Information | Government-Issued Identification | Financial Account Information,True,,clear_responsive,False,,6700,structured_bde,bde_llm_count_roster,False,False,0,0,0,0,0,0,5.007,False,True,True,,True,clear_yes,yes,7785,True,structured_bde,False,,14485
CNG_Data2k_variance/files/Q00897.01-0000275797.PDF,Q00897.01-0000275797.PDF,.pdf,688467,ok,True,False,text,False,2,0,3,False,0,False,0-10,Name | Address | Email | Phone | Tax ID | Money/Amount | Health,True,Contact Information | Government-Issued Identification | Financial Account Information | Health-Related Information,False,,ambiguous,True,yes,4673,standard,,True,True,2,0,0,0,0,1,18.896,False,False,True,,True,borderline,no,4724,False,likely_non_responsive,True,,9397
CNG_Data2k_variance/files/Q00897.01-0000675430.MSG,Q00897.01-0000675430.MSG,.msg,15490560,ok,True,False,text,False,0,7,4,False,0,False,0-10,Name | Address | Email | Phone | Money/Amount,True,Contact Information | Financial Account Information,False,,ambiguous,True,no,4212,likely_non_responsive,,False,False,0,0,0,0,0,0,2.889,True,False,False,stage1_nr,False,,,0,False,,False,,4212
CNG_Data2k_variance/files/Q00897.01-0000307373.MSG,Q00897.01-0000307373.MSG,.msg,633856,ok,True,False,text,False,0,1,2,False,0,False,0-10,Name | Email | Phone | Card/Transaction,True,Contact Information | Financial Account Information,False,,ambiguous,True,yes,4266,standard,,False,False,0,0,0,0,0,0,13.942,False,False,True,,True,likely_no,no,4313,False,likely_non_responsive,True,,8579
CNG_Data2k_variance/files/Q00897.01-0000695072.MSG,Q00897.01-0000695072.MSG,.msg,135680,ok,True,False,text,False,0,0,1,False,0,False,0-10,Name | Address | Email | Credentials,True,Contact Information | Access Credentials,False,,ambiguous,True,yes,3833,standard,,False,False,0,0,0,0,0,0,3.736,False,False,True,,True,borderline,no,3908,False,likely_non_responsive,True,,7741
CNG_Data2k_variance\files\Q00897.01-0000851877.XLS,Q00897.01-0000851877.XLS,.xls,22307,ok,True,True,text,True,1,0,64,False,0,False,50-100,Name | Money/Amount,False,Financial Account Information,False,,ambiguous,True,no,7367,likely_non_responsive,roster_by_rowcount bde_llm_count,False,False,0,0,0,0,0,0,5.317,True,False,False,stage1_nr,False,,,0,False,,False,,7367
CNG_Data2k_variance/files/Q00897.01-0000005150.PDF,Q00897.01-0000005150.PDF,.pdf,156126,ok,True,False,text,False,4,0,2,False,0,False,0-10,Name | Money/Amount | Work-Related,False,Financial Account Information | Work-Related Information,False,,ambiguous,True,yes,4331,standard,,False,False,0,0,0,0,0,0,4.683,False,False,True,,True,likely_yes,yes,4377,False,standard,False,,8708
CNG_Data2k_variance/files/Q00897.01-0000079475.PDF,Q00897.01-0000079475.PDF,.pdf,89585,ok,True,False,text,False,1,0,1,False,0,False,0-10,Name | Phone | Money/Amount,True,Contact Information | Financial Account Information,False,,ambiguous,True,no,4104,likely_non_responsive,"img_ocr:p1(1/1,+112chars)",False,False,0,1,1,1,0,1,8.697,True,False,False,stage1_nr,False,,,0,False,,False,,4104
CNG_Data2k_variance/files/Q00897.01-0000425832.MSG,Q00897.01-0000425832.MSG,.msg,335872,ok,True,False,text,False,0,1,3,False,0,False,0-10,Name | Address | Email | Money/Amount,True,Contact Information | Financial Account Information,False,,ambiguous,True,yes,4282,standard,,False,False,0,0,0,0,0,0,8.54,False,False,True,,True,likely_yes,yes,4351,False,standard,False,,8633
CNG_Data2k_variance/files/Q00897.01-0000809749.0001.DOCX,Q00897.01-0000809749.0001.DOCX,.docx,54282,ok,True,False,text,False,0,0,2,False,0,False,0-10,Name | Address | Health,True,Contact Information | Health-Related Information,False,,ambiguous,True,no,5499,likely_non_responsive,,False,False,0,0,0,0,0,0,1.371,True,False,False,stage1_nr,False,,,0,False,,False,,5499
CNG_Data2k_variance/files/Q00897.01-0000571736.MSG,Q00897.01-0000571736.MSG,.msg,251904,ok,True,False,text,False,0,0,0,False,0,False,0-10,,False,,False,,clear_non_responsive,False,,0,likely_non_responsive,,False,False,0,0,0,0,0,0,1.107,True,False,False,stage1_nr,False,,,0,False,,False,,0
CNG_Data2k_variance/files/Q00897.01-0000251384.XLSX,Q00897.01-0000251384.XLSX,.xlsx,131219,ok,True,True,text,True,10,0,1232,False,0,False,100+,Name | Address | Money/Amount,True,Contact Information | Financial Account Information,False,,ambiguous,True,no,7455,likely_non_responsive,roster_by_rowcount bde_llm_count,False,False,0,0,0,0,0,0,3.014,True,False,False,stage1_nr,False,,,0,False,,False,,7455
CNG_Data2k_variance/files/Q00897.01-0000833799.MSG,Q00897.01-0000833799.MSG,.msg,777216,ok,True,False,text,False,0,8,6,False,0,False,0-10,Address | Email | Phone,True,Contact Information,False,,ambiguous,True,no,4254,likely_non_responsive,,False,False,0,0,0,0,0,0,2.169,True,False,False,stage1_nr,False,,,0,False,,False,,4254
CNG_Data2k_variance/files/Q00897.01-0000344806.PDF,Q00897.01-0000344806.PDF,.pdf,26214,ok,True,False,text,False,4,0,1,False,0,False,0-10,Name | Address | Money/Amount,True,Contact Information | Financial Account Information,False,,ambiguous,True,yes,6313,standard,,False,False,0,0,0,0,0,0,4.577,False,False,True,,True,clear_yes,yes,6362,False,standard,False,,12675
CNG_Data2k_variance/files/Q00897.01-0000139039.PDF,Q00897.01-0000139039.PDF,.pdf,2667654,ok,True,True,text,True,15,0,216,False,0,False,100+,Name | Address | Email | Phone | Money/Amount,True,Contact Information | Financial Account Information,False,,ambiguous,True,yes,20009,standard,bde_llm_count,True,True,15,0,0,0,0,1,20.575,False,False,True,,True,likely_yes,yes,10578,True,structured_bde,False,,30587
CNG_Data2k_variance/files/Q00897.01-0000269677.XLSX,Q00897.01-0000269677.XLSX,.xlsx,421015,ok,True,True,text,True,3,0,13444,False,0,False,100+,Money/Amount,False,Financial Account Information,False,,ambiguous,True,no,8224,likely_non_responsive,roster_by_rowcount bde_llm_count,False,False,0,0,0,0,0,0,5.64,True,False,False,stage1_nr,False,,,0,False,,False,,8224
CNG_Data2k_variance/files/Q00897.01-0000415326.MSG,Q00897.01-0000415326.MSG,.msg,152064,ok,True,False,text,False,0,1,2,False,0,False,0-10,Name | Email | Card/Transaction,True,Contact Information | Financial Account Information,False,,ambiguous,True,yes,3989,standard,,False,False,0,0,0,0,0,0,4.737,False,False,True,,True,likely_no,no,4049,False,likely_non_responsive,True,,8038
CNG_Data2k_variance/files/Q00897.01-0000830020.0002.XLSX,Q00897.01-0000830020.0002.XLSX,.xlsx,44847,ok,True,True,text,True,3,0,197,False,187,True,100+,Name,False,,True,,ambiguous,True,yes,7721,structured_bde,roster_by_rowcount bde_llm_count_roster,False,False,0,0,0,0,0,0,8.346,False,True,True,,True,likely_no,no,4383,True,likely_non_responsive,True,,12104
CNG_Data2k_variance/files/Q00897.01-0000297404.XLSX,Q00897.01-0000297404.XLSX,.xlsx,37095,ok,True,True,text,True,7,0,255,False,0,False,100+,Money/Amount,False,Financial Account Information,False,,ambiguous,True,no,7829,likely_non_responsive,roster_by_rowcount bde_llm_count,False,False,0,0,0,0,0,0,5.289,True,False,False,stage1_nr,False,,,0,False,,False,,7829
CNG_Data2k_variance/files/Q00897.01-0000372178.MSG,Q00897.01-0000372178.MSG,.msg,199680,ok,True,False,text,False,0,1,0,False,0,False,0-10,,False,,False,,clear_non_responsive,False,,0,likely_non_responsive,,False,False,0,0,0,0,0,0,0.094,True,False,False,stage1_nr,False,,,0,False,,False,,0
CNG_Data2k_variance/files/Q00897.01-0000612769.0001.DOCX,Q00897.01-0000612769.0001.DOCX,.docx,45419,ok,True,False,text,False,0,0,1,False,0,False,0-10,Address | Email | Health,True,Contact Information | Health-Related Information,False,,ambiguous,True,no,7682,likely_non_responsive,,False,False,0,0,0,0,0,0,23.49,True,False,False,stage1_nr,False,,,0,False,,False,,7682
CNG_Data2k_variance/files/Q00897.01-0000466998.0002.DOCX,Q00897.01-0000466998.0002.DOCX,.docx,24698,ok,True,False,text,False,0,0,1,False,0,False,0-10,Health,False,Health-Related Information,False,,ambiguous,True,no,5472,likely_non_responsive,,False,False,0,0,0,0,0,0,2.649,True,False,False,stage1_nr,False,,,0,False,,False,,5472
CNG_Data2k_variance/files/Q00897.01-0000592121.MSG,Q00897.01-0000592121.MSG,.msg,124416,ok,True,False,text,False,0,0,7,False,7,False,0-10,Name | Address | Email | Phone | Tax ID,True,Contact Information | Government-Issued Identification,False,,ambiguous,True,yes,9237,standard,bde_llm_count,False,False,0,0,0,0,0,0,19.054,False,False,True,,True,likely_no,no,5082,False,likely_non_responsive,True,,14319
CNG_Data2k_variance/files/Q00897.01-0000125392.PDF,Q00897.01-0000125392.PDF,.pdf,2331681,ok,True,True,text,True,9,0,144,False,10,False,100+,Name | Address | Phone | Money/Amount,True,Contact Information | Financial Account Information,False,,ambiguous,True,yes,22864,standard,bde_llm_count,True,True,9,0,0,0,0,1,24.177,False,False,True,,True,borderline,no,11794,True,likely_non_responsive,True,,34658
CNG_Data2k_variance/files/Q00897.01-0000906741.PDF,Q00897.01-0000906741.PDF,.pdf,8213,ok,True,False,text,False,1,0,4,False,0,False,0-10,Name | Phone,True,Contact Information,False,,ambiguous,True,yes,3908,standard,,False,False,0,0,0,0,0,0,3.488,False,False,True,,True,borderline,no,3978,False,likely_non_responsive,True,,7886
CNG_Data2k_variance/files/Q00897.01-0000266080.XLSX,Q00897.01-0000266080.XLSX,.xlsx,10923,ok,True,True,text,True,1,0,16,False,0,False,10-20,Phone | Money/Amount,True,Contact Information | Financial Account Information,False,,ambiguous,True,no,8416,likely_non_responsive,bde_llm_count,False,False,0,0,0,0,0,0,4.852,True,False,False,stage1_nr,False,,,0,False,,False,,8416
CNG_Data2k_variance/files/Q00897.01-0000789697.0001.PDF,Q00897.01-0000789697.0001.PDF,.pdf,25408,ok,True,False,text,False,2,0,1,False,0,False,0-10,Name | Address | Email | Phone | Bank/Account Number | Money/Amount,True,Contact Information | Financial Account Information,False,,ambiguous,True,yes,3891,standard,,False,False,0,0,0,0,0,0,3.064,False,False,True,,True,likely_yes,yes,3906,False,standard,False,,7797
CNG_Data2k_variance/files/Q00897.01-0000642611.MSG,Q00897.01-0000642611.MSG,.msg,21504,ok,True,False,text,False,0,0,0,False,0,False,0-10,,False,,False,,clear_non_responsive,False,,0,likely_non_responsive,,False,False,0,0,0,0,0,0,0.026,True,False,False,stage1_nr,False,,,0,False,,False,,0
CNG_Data2k_variance/files/Q00897.01-0000115232.PDF,Q00897.01-0000115232.PDF,.pdf,53114,ok,True,False,text,False,2,0,1,False,0,False,0-10,Card/Transaction | Money/Amount | Work-Related,False,Financial Account Information | Work-Related Information,False,,ambiguous,True,no,8392,likely_non_responsive,"img_ocr:p1(1/1,+34chars)",False,False,0,1,1,1,0,1,7.307,True,False,False,stage1_nr,False,,,0,False,,False,,8392
CNG_Data2k_variance/files/Q00897.01-0000183955.PDF,Q00897.01-0000183955.PDF,.pdf,80974,ok,True,False,text,False,2,0,52,False,52,True,50-100,Name | Address | Phone | Money/Amount,True,Contact Information | Financial Account Information,True,,ambiguous,True,yes,13516,bde,bde_llm_count_roster,False,False,0,0,0,0,0,0,8.724,False,True,True,,True,likely_no,no,7100,True,likely_non_responsive,True,,20616
CNG_Data2k_variance/files/Q00897.01-0000800990.0002.PDF,Q00897.01-0000800990.0002.PDF,.pdf,100261,ok,True,False,text,False,3,0,1,False,0,False,0-10,Name | Money/Amount | Student ID,True,Financial Account Information | Student-Related Information,False,,ambiguous,True,yes,5692,standard,,False,False,0,0,0,0,0,0,3.902,False,False,True,,True,clear_yes,yes,5741,False,standard,False,,11433
CNG_Data2k_variance/files/Q00897.01-0000896835.PDF,Q00897.01-0000896835.PDF,.pdf,13524,ok,True,False,text,False,2,0,1,False,0,False,0-10,Money/Amount,False,Financial Account Information,False,,clear_non_responsive,False,,0,likely_non_responsive,,False,False,0,0,0,0,0,0,0.246,True,False,False,stage1_nr,False,,,0,False,,False,,0
CNG_Data2k_variance/files/Q00897.01-0000855691.XLSX,Q00897.01-0000855691.XLSX,.xlsx,251235,ok,True,True,text,True,3,0,563,False,563,True,100+,Name | Money/Amount,False,Financial Account Information,True,,ambiguous,True,yes,12249,structured_bde,bde_llm_count_roster,False,False,0,0,0,0,0,0,6.41,False,True,True,,True,clear_yes,yes,6598,True,structured_bde,False,,18847
CNG_Data2k_variance/files/Q00897.01-0000777527.MSG,Q00897.01-0000777527.MSG,.msg,112640,ok,True,False,text,False,0,0,0,False,0,False,0-10,,False,,False,,clear_non_responsive,False,,0,likely_non_responsive,,False,False,0,0,0,0,0,0,0.13,True,False,False,stage1_nr,False,,,0,False,,False,,0
CNG_Data2k_variance/files/Q00897.01-0000663108.MSG,Q00897.01-0000663108.MSG,.msg,805888,ok,True,False,text,False,0,3,4,False,0,False,0-10,Name | Address | Email | Phone,True,Contact Information,False,,ambiguous,True,yes,4182,standard,,False,False,0,0,0,0,0,0,5.887,False,False,True,,True,likely_no,no,4172,False,likely_non_responsive,True,,8354
CNG_Data2k_variance/files/Q00897.01-0000304935.XLSX,Q00897.01-0000304935.XLSX,.xlsx,136832,ok,True,True,text,True,12,0,1044,False,0,False,100+,Money/Amount,False,Financial Account Information,False,,ambiguous,True,no,6993,likely_non_responsive,roster_by_rowcount bde_llm_count,False,False,0,0,0,0,0,0,9.497,True,False,False,stage1_nr,False,,,0,False,,False,,6993
CNG_Data2k_variance/files/Q00897.01-0000561346.MSG,Q00897.01-0000561346.MSG,.msg,116736,ok,True,False,text,False,0,0,0,False,0,False,0-10,,False,,False,,clear_non_responsive,False,,0,likely_non_responsive,,False,False,0,0,0,0,0,0,0.321,True,False,False,stage1_nr,False,,,0,False,,False,,0
CNG_Data2k_variance/files/Q00897.01-0000346795.PDF,Q00897.01-0000346795.PDF,.pdf,285202,ok,True,False,text,False,3,0,5,False,0,False,0-10,Name | Phone | Money/Amount,True,Contact Information | Financial Account Information,False,,ambiguous,True,yes,6256,standard,"img_ocr:p3,p3(2/2,+2chars)",False,False,0,2,2,2,0,2,14.422,False,False,True,,True,likely_no,no,6334,False,likely_non_responsive,True,,12590
CNG_Data2k_variance/files/Q00897.01-0000890156.PDF,Q00897.01-0000890156.PDF,.pdf,12268,ok,True,False,text,False,1,0,0,False,0,False,0-10,,False,,False,,clear_non_responsive,False,,0,likely_non_responsive,,False,False,0,0,0,0,0,0,0.039,True,False,False,stage1_nr,False,,,0,False,,False,,0
CNG_Data2k_variance/files/Q00897.01-0000387503.MSG,Q00897.01-0000387503.MSG,.msg,87040,ok,True,False,text,False,0,0,1,False,0,False,0-10,Address | Email,True,Contact Information,False,,ambiguous,True,no,3894,likely_non_responsive,,False,False,0,0,0,0,0,0,1.849,True,False,False,stage1_nr,False,,,0,False,,False,,3894
CNG_Data2k_variance/files/Q00897.01-0000811302.0001.PDF,Q00897.01-0000811302.0001.PDF,.pdf,95092,ok,True,False,text,False,1,0,1,False,0,False,0-10,Name | Address,True,Contact Information,False,,ambiguous,True,yes,4910,standard,,True,True,1,0,0,0,0,1,9.516,False,False,True,,True,clear_yes,yes,4913,False,standard,False,,9823
CNG_Data2k_variance/files/Q00897.01-0000755743.MSG,Q00897.01-0000755743.MSG,.msg,69632,ok,True,False,text,False,0,0,2,False,0,False,0-10,Address | Email | Phone,True,Contact Information,False,,ambiguous,True,no,4073,likely_non_responsive,,False,False,0,0,0,0,0,0,2.064,True,False,False,stage1_nr,False,,,0,False,,False,,4073
CNG_Data2k_variance/files/Q00897.01-0000872986.XLSX,Q00897.01-0000872986.XLSX,.xlsx,27261,ok,True,True,text,True,5,0,87,False,1,False,50-100,Name | Phone | Money/Amount,True,Contact Information | Financial Account Information,False,,ambiguous,True,yes,11587,standard,roster_by_rowcount bde_llm_count,False,False,0,0,0,0,0,0,5.395,False,False,True,,True,borderline,no,6284,True,likely_non_responsive,True,,17871
CNG_Data2k_variance/files/Q00897.01-0000896407.PDF,Q00897.01-0000896407.PDF,.pdf,13285,ok,True,False,text,False,2,0,1,False,0,False,0-10,Money/Amount,False,Financial Account Information,False,,clear_non_responsive,False,,0,likely_non_responsive,,False,False,0,0,0,0,0,0,0.26,True,False,False,stage1_nr,False,,,0,False,,False,,0
CNG_Data2k_variance/files/Q00897.01-0000370019.MSG,Q00897.01-0000370019.MSG,.msg,222208,ok,True,False,text,False,0,0,1,False,0,False,0-10,Address | Email | Health,True,Contact Information | Health-Related Information,False,,ambiguous,True,no,4212,likely_non_responsive,,False,False,0,0,0,0,0,0,2.537,True,False,False,stage1_nr,False,,,0,False,,False,,4212
CNG_Data2k_variance/files/Q00897.01-0000483904.MSG,Q00897.01-0000483904.MSG,.msg,40960,ok,True,False,text,False,0,0,9,False,6,False,0-10,Name | Address | Email | Phone | Money/Amount | Health | Work-Related,True,Contact Information | Financial Account Information | Health-Related Information | Work-Related Information,False,,ambiguous,True,yes,13548,standard,bde_llm_count,False,False,0,0,0,0,0,0,14.208,False,False,True,,True,likely_no,no,7212,False,likely_non_responsive,True,,20760
CNG_Data2k_variance/files/Q00897.01-0000806233.MSG,Q00897.01-0000806233.MSG,.msg,97280,ok,True,False,text,False,0,1,3,False,0,False,0-10,Name | Address | Email | Phone | Money/Amount,True,Contact Information | Financial Account Information,False,,ambiguous,True,yes,4189,standard,,False,False,0,0,0,0,0,0,3.156,False,False,True,,True,likely_no,no,4248,False,likely_non_responsive,True,,8437
CNG_Data2k_variance/files/Q00897.01-0000242957.PDF,Q00897.01-0000242957.PDF,.pdf,134566,ok,True,True,text,True,1,0,14,False,0,False,10-20,Name | Phone | Bank/Account Number | Money/Amount,True,Contact Information | Financial Account Information,False,,ambiguous,True,no,6987,likely_non_responsive,bde_llm_count,True,True,1,0,0,0,0,1,8.897,True,False,False,stage1_nr,False,,,0,False,,False,,6987
CNG_Data2k_variance/files/Q00897.01-0000439741.0001.PPTX,Q00897.01-0000439741.0001.PPTX,.pptx,28377975,ok,True,False,text,False,36,0,1,False,0,False,0-10,Address | Money/Amount,True,Contact Information | Financial Account Information,False,,ambiguous,True,no,7924,likely_non_responsive,,False,False,0,0,0,0,0,0,2.363,True,False,False,stage1_nr,False,,,0,False,,False,,7924
CNG_Data2k_variance/files/Q00897.01-0000295207.PDF,Q00897.01-0000295207.PDF,.pdf,506074,ok,True,True,text,True,1,0,5,False,0,False,0-10,Money/Amount,False,Financial Account Information,False,,ambiguous,True,no,6610,likely_non_responsive,bde_llm_count,True,True,1,0,0,0,0,1,10.095,True,False,False,stage1_nr,False,,,0,False,,False,,6610
CNG_Data2k_variance/files/Q00897.01-0000116631.PDF,Q00897.01-0000116631.PDF,.pdf,354017,ok,True,True,text,True,4,0,329,False,0,False,100+,Money/Amount,False,Financial Account Information,False,,ambiguous,True,no,20320,likely_non_responsive,bde_llm_count,True,True,4,0,0,0,0,1,13.367,True,False,False,stage1_nr,False,,,0,False,,False,,20320
CNG_Data2k_variance/files/Q00897.01-0000468990.MSG,Q00897.01-0000468990.MSG,.msg,60416,ok,True,False,text,False,0,0,4,False,0,False,0-10,Name | Address | Email | Phone,True,Contact Information,False,,ambiguous,True,yes,4200,standard,,False,False,0,0,0,0,0,0,5.626,False,False,True,,True,likely_no,no,4268,False,likely_non_responsive,True,,8468
CNG_Data2k_variance/files/Q00897.01-0000249279.PDF,Q00897.01-0000249279.PDF,.pdf,1163345,ok,True,False,text,False,4,0,15,False,4,False,10-20,Name | Address | Email | Phone | Card/Transaction | Money/Amount,True,Contact Information | Financial Account Information,False,,ambiguous,True,yes,8825,standard,"img_ocr:p1,p3(2/2,+604chars) bde_llm_count",False,False,0,2,2,2,0,2,14.327,False,False,True,,True,likely_no,no,4942,False,likely_non_responsive,True,,13767
CNG_Data2k_variance/files/Q00897.01-0000898075.PDF,Q00897.01-0000898075.PDF,.pdf,20698,ok,True,True,text,True,3,0,53,False,3,True,50-100,Name | Address | Phone | Money/Amount | Work-Related,True,Contact Information | Financial Account Information | Work-Related Information,True,,ambiguous,True,yes,9141,structured_bde,bde_llm_count_roster,True,True,3,0,0,0,0,1,10.657,False,True,True,,True,clear_yes,yes,5043,True,structured_bde,False,,14184
CNG_Data2k_variance/files/Q00897.01-0000258932.PDF,Q00897.01-0000258932.PDF,.pdf,210105,ok,True,False,text,False,3,0,1,False,0,False,0-10,Money/Amount,False,Financial Account Information,False,,clear_non_responsive,False,,0,likely_non_responsive,,False,False,0,0,0,0,0,0,0.064,True,False,False,stage1_nr,False,,,0,False,,False,,0
CNG_Data2k_variance\files\Q00897.01-0000851826.XLS,Q00897.01-0000851826.XLS,.xls,22255,ok,True,True,text,True,1,0,61,False,0,False,50-100,Card Expiry/CVV | Money/Amount,False,Financial Account Information,False,,ambiguous,True,no,7378,likely_non_responsive,roster_by_rowcount bde_llm_count,False,False,0,0,0,0,0,0,5.417,True,False,False,stage1_nr,False,,,0,False,,False,,7378
CNG_Data2k_variance\files\Q00897.01-0000473932.0002.DOC,Q00897.01-0000473932.0002.DOC,.doc,34597,ok,True,False,text,False,0,0,3,False,0,False,0-10,Name | Address | Money/Amount,True,Contact Information | Financial Account Information,False,,ambiguous,True,yes,7264,standard,,False,False,0,0,0,0,0,0,3.535,False,False,True,,True,clear_no,no,7337,False,likely_non_responsive,True,,14601
CNG_Data2k_variance\files\Q00897.01-0000828874.0002.XLS,Q00897.01-0000828874.0002.XLS,.xls,307459,ok,True,True,text,True,1,0,96,False,2,False,50-100,Name | Money/Amount,False,Financial Account Information,False,,ambiguous,True,yes,13035,standard,bde_llm_count,False,False,0,0,0,0,0,0,7.245,False,False,True,,True,likely_yes,yes,7004,True,structured_bde,False,,20039
CNG_Data2k_variance/files/Q00897.01-0000903720.PDF,Q00897.01-0000903720.PDF,.pdf,11130,ok,True,False,text,False,2,0,1,False,0,False,0-10,Money/Amount,False,Financial Account Information,False,,clear_non_responsive,False,,0,likely_non_responsive,,False,False,0,0,0,0,0,0,0.079,True,False,False,stage1_nr,False,,,0,False,,False,,0
CNG_Data2k_variance/files/Q00897.01-0000673128.MSG,Q00897.01-0000673128.MSG,.msg,155648,ok,True,False,text,False,0,0,1,False,0,False,0-10,Address | Email,True,Contact Information,False,,ambiguous,True,no,4135,likely_non_responsive,,False,False,0,0,0,0,0,0,2.164,True,False,False,stage1_nr,False,,,0,False,,False,,4135
CNG_Data2k_variance/files/Q00897.01-0000125784.XLSX,Q00897.01-0000125784.XLSX,.xlsx,59703,ok,True,True,text,True,2,0,679,False,0,True,100+,Phone | Money/Amount,True,Contact Information | Financial Account Information,True,,ambiguous,True,no,10640,structured_bde,bde_llm_count_roster,False,False,0,0,0,0,0,0,5.665,False,True,True,,True,clear_no,no,5773,True,likely_non_responsive,True,,16413
CNG_Data2k_variance/files/Q00897.01-0000911631.PDF,Q00897.01-0000911631.PDF,.pdf,9859,ok,True,False,text,False,2,0,0,False,0,False,0-10,,False,,False,,clear_non_responsive,False,,0,likely_non_responsive,,False,False,0,0,0,0,0,0,0.056,True,False,False,stage1_nr,False,,,0,False,,False,,0
CNG_Data2k_variance/files/Q00897.01-0000000659.PDF,Q00897.01-0000000659.PDF,.pdf,390978,ok,True,False,text,False,1,0,1,False,0,False,0-10,Name | Work-Related,True,Work-Related Information,False,,ambiguous,True,yes,3926,standard,,False,False,0,0,0,0,0,0,6.892,False,False,True,,True,clear_yes,yes,3955,False,standard,False,,7881
CNG_Data2k_variance/files/Q00897.01-0000528849.0001.PDF,Q00897.01-0000528849.0001.PDF,.pdf,22565,ok,True,False,text,False,1,0,1,False,0,False,0-10,Money/Amount,False,Financial Account Information,False,,clear_non_responsive,False,,0,likely_non_responsive,,False,False,0,0,0,0,0,0,0.029,True,False,False,stage1_nr,False,,,0,False,,False,,0
CNG_Data2k_variance/files/Q00897.01-0000413751.MSG,Q00897.01-0000413751.MSG,.msg,327680,ok,True,False,text,False,0,0,2,False,0,False,0-10,Name | Address | Email | Phone | Money/Amount,True,Contact Information | Financial Account Information,False,,ambiguous,True,no,5284,likely_non_responsive,,False,False,0,0,0,0,0,0,3.746,True,False,False,stage1_nr,False,,,0,False,,False,,5284
CNG_Data2k_variance/files/Q00897.01-0000138208.PDF,Q00897.01-0000138208.PDF,.pdf,424582,ok,True,True,text,True,3,0,56,False,1,False,50-100,Address | Phone | Money/Amount,True,Contact Information | Financial Account Information,False,,ambiguous,True,no,10673,likely_non_responsive,bde_llm_count,True,True,3,0,0,0,0,1,13.506,True,False,False,stage1_nr,False,,,0,False,,False,,10673
CNG_Data2k_variance/files/Q00897.01-0000616730.0001.XLSX,Q00897.01-0000616730.0001.XLSX,.xlsx,1305184,ok,True,True,text,True,22,0,260,False,0,True,100+,Address | Phone | Payment Card | Money/Amount,True,Contact Information | Financial Account Information,True,,ambiguous,True,no,32854,structured_bde,bde_llm_count_roster,False,False,0,0,0,0,0,0,15.88,False,True,True,,True,clear_no,no,16933,True,likely_non_responsive,True,,49787
CNG_Data2k_variance/files/Q00897.01-0000119629.PDF,Q00897.01-0000119629.PDF,.pdf,134920,ok,True,False,text,False,1,0,0,False,0,False,0-10,,False,,False,,clear_non_responsive,False,,0,likely_non_responsive,,False,False,0,0,0,0,0,0,0.041,True,False,False,stage1_nr,False,,,0,False,,False,,0
CNG_Data2k_variance/files/Q00897.01-0000873064.XLSX,Q00897.01-0000873064.XLSX,.xlsx,127031,ok,True,True,text,True,6,0,77,False,0,False,50-100,Phone | Payment Card | Money/Amount,True,Contact Information | Financial Account Information,False,,ambiguous,True,no,12207,likely_non_responsive,bde_llm_count,False,False,0,0,0,0,0,0,2.811,True,False,False,stage1_nr,False,,,0,False,,False,,12207
CNG_Data2k_variance/files/Q00897.01-0000356971.CSV,Q00897.01-0000356971.CSV,.csv,154132,ok,True,True,text,True,0,0,652,False,652,True,100+,SSN | Money/Amount,True,Government-Issued Identification | Financial Account Information,True,,clear_responsive,False,,7059,structured_bde,bde_llm_count_roster,False,False,0,0,0,0,0,0,6.687,False,True,True,,True,clear_yes,yes,8169,True,structured_bde,False,,15228
CNG_Data2k_variance/files/Q00897.01-0000658007.MSG,Q00897.01-0000658007.MSG,.msg,98816,ok,True,False,text,False,0,0,4,False,0,False,0-10,Name | Email | Card/Transaction | Money/Amount,True,Contact Information | Financial Account Information,False,,ambiguous,True,no,4020,likely_non_responsive,,False,False,0,0,0,0,0,0,2.032,True,False,False,stage1_nr,False,,,0,False,,False,,4020
CNG_Data2k_variance/files/Q00897.01-0000709940.MSG,Q00897.01-0000709940.MSG,.msg,106496,ok,True,False,text,False,0,0,1,False,0,False,0-10,Name | Email | Phone | Credentials,True,Contact Information | Access Credentials,False,,ambiguous,True,yes,3843,standard,,False,False,0,0,0,0,0,0,3.613,False,False,True,,True,likely_yes,yes,3901,False,standard,False,,7744
CNG_Data2k_variance/files/Q00897.01-0000890475.PDF,Q00897.01-0000890475.PDF,.pdf,890225,ok,True,False,text,False,121,0,130,False,51,True,100+,Address | Phone | SSN | Money/Amount | Work-Related,True,Contact Information | Government-Issued Identification | Financial Account Information | Work-Related Information,True,,clear_responsive,False,,13275,bde,bde_llm_count_roster,False,False,0,0,0,0,0,0,37.695,False,True,True,,True,clear_yes,yes,14212,True,bde,False,,27487
CNG_Data2k_variance/files/Q00897.01-0000902569.PDF,Q00897.01-0000902569.PDF,.pdf,15246,ok,True,False,text,False,2,0,1,False,0,False,0-10,Money/Amount,False,Financial Account Information,False,,clear_non_responsive,False,,0,likely_non_responsive,,False,False,0,0,0,0,0,0,0.088,True,False,False,stage1_nr,False,,,0,False,,False,,0
CNG_Data2k_variance/files/Q00897.01-0000767440.0001.PDF,Q00897.01-0000767440.0001.PDF,.pdf,114725,ok,True,False,text,False,2,0,4,False,0,False,0-10,Address | Phone | Money/Amount,True,Contact Information | Financial Account Information,False,,ambiguous,True,no,4124,likely_non_responsive,"img_ocr:p1(1/1,+31chars)",False,False,0,1,1,1,0,1,6.166,True,False,False,stage1_nr,False,,,0,False,,False,,4124
CNG_Data2k_variance/files/Q00897.01-0000426315.0001.XLSX,Q00897.01-0000426315.0001.XLSX,.xlsx,1873867,ok,True,True,text,True,74,0,669,False,0,False,100+,Address | Phone | Payment Card | Money/Amount | Work-Related,True,Contact Information | Financial Account Information | Work-Related Information,False,,ambiguous,True,no,19004,likely_non_responsive,bde_llm_count,False,False,0,0,0,0,0,0,4.911,True,False,False,stage1_nr,False,,,0,False,,False,,19004
CNG_Data2k_variance/files/Q00897.01-0000869602.TXT,Q00897.01-0000869602.TXT,.txt,171971,ok,True,False,text,False,0,0,57,False,0,False,50-100,Phone | SSN | Payment Card | Card Expiry/CVV | Money/Amount | Credentials,True,Contact Information | Government-Issued Identification | Financial Account Information | Access Credentials,False,,clear_responsive,False,,10469,standard,bde_llm_count,False,False,0,0,0,0,0,0,3.734,False,False,True,,True,clear_no,no,11422,True,likely_non_responsive,True,,21891
CNG_Data2k_variance/files/Q00897.01-0000242145.XLSX,Q00897.01-0000242145.XLSX,.xlsx,16746,ok,True,True,text,True,2,0,19,False,0,False,10-20,Address | Phone | Money/Amount,True,Contact Information | Financial Account Information,False,,ambiguous,True,no,10662,likely_non_responsive,bde_llm_count,False,False,0,0,0,0,0,0,2.927,True,False,False,stage1_nr,False,,,0,False,,False,,10662
CNG_Data2k_variance/files/Q00897.01-0000720363.MSG,Q00897.01-0000720363.MSG,.msg,111616,ok,True,False,text,False,0,0,3,False,0,False,0-10,Name | Address | Email | Phone | Money/Amount,True,Contact Information | Financial Account Information,False,,ambiguous,True,yes,5258,standard,,False,False,0,0,0,0,0,0,3.8,False,False,True,,True,likely_no,no,5314,False,likely_non_responsive,True,,10572
CNG_Data2k_variance/files/Q00897.01-0000759052.MSG,Q00897.01-0000759052.MSG,.msg,75264,ok,True,False,text,False,0,0,3,False,0,False,0-10,Name | Address | Email | Phone,True,Contact Information,False,,ambiguous,True,no,4278,likely_non_responsive,,False,False,0,0,0,0,0,0,2.146,True,False,False,stage1_nr,False,,,0,False,,False,,4278
CNG_Data2k_variance/files/Q00897.01-0000276334.PDF,Q00897.01-0000276334.PDF,.pdf,293241,ok,True,False,text,False,1,0,2,False,0,False,0-10,Name | Address | Phone | Tax ID | Money/Amount,True,Contact Information | Government-Issued Identification | Financial Account Information,False,,ambiguous,True,yes,4076,standard,,True,True,1,0,0,0,0,1,14.933,False,False,True,,True,likely_no,no,4147,False,likely_non_responsive,True,,8223
CNG_Data2k_variance/files/Q00897.01-0000860858.PDF,Q00897.01-0000860858.PDF,.pdf,631548,ok,True,True,text,True,1,0,5,False,3,False,0-10,Name | Address | Phone | Money/Amount,True,Contact Information | Financial Account Information,False,,ambiguous,True,yes,8721,standard,bde_llm_count,True,True,1,0,0,0,0,1,11.594,False,False,True,,True,clear_yes,yes,4818,False,standard,False,,13539
CNG_Data2k_variance/files/Q00897.01-0000702575.MSG,Q00897.01-0000702575.MSG,.msg,100352,ok,True,False,text,False,0,0,4,False,0,False,0-10,Name | Address | Email | Phone,True,Contact Information,False,,ambiguous,True,yes,5561,standard,,False,False,0,0,0,0,0,0,3.163,False,False,True,,True,clear_yes,yes,5664,False,standard,False,,11225
CNG_Data2k_variance/files/Q00897.01-0000401737.MSG,Q00897.01-0000401737.MSG,.msg,95744,ok,True,False,text,False,0,0,3,False,0,False,0-10,Name | Address | Email,True,Contact Information,False,,ambiguous,True,yes,4127,standard,,False,False,0,0,0,0,0,0,6.34,False,False,True,,True,likely_no,no,4167,False,likely_non_responsive,True,,8294
CNG_Data2k_variance/files/Q00897.01-0000561905.0001.XLSX,Q00897.01-0000561905.0001.XLSX,.xlsx,767336,ok,True,True,text,True,1,0,5106,False,0,True,100+,Name | Phone | Payment Card,True,Contact Information | Financial Account Information,True,,ambiguous,True,yes,10161,structured_bde,bde_count_failed:RateLimitError,False,False,0,0,0,0,0,0,26.039,False,True,True,,True,likely_no,no,10197,True,likely_non_responsive,True,,20358
CNG_Data2k_variance/files/Q00897.01-0000324543.XLSX,Q00897.01-0000324543.XLSX,.xlsx,27771,ok,True,True,text,True,1,0,4,False,0,False,0-10,Phone | SSN | Payment Card | Money/Amount,True,Contact Information | Government-Issued Identification | Financial Account Information,False,,clear_responsive,False,,3495,standard,bde_llm_count,False,False,0,0,0,0,0,0,4.414,False,False,True,,True,clear_no,no,4389,False,likely_non_responsive,True,,7884
CNG_Data2k_variance\files\Q00897.01-0000497348.0001.XLS,Q00897.01-0000497348.0001.XLS,.xls,86365,ok,True,True,text,True,1,0,595,False,2,False,100+,Name | Money/Amount,False,Financial Account Information,False,,ambiguous,True,yes,13342,standard,roster_by_rowcount bde_llm_count,False,False,0,0,0,0,0,0,5.526,False,False,True,,True,likely_no,no,7150,True,likely_non_responsive,True,,20492
CNG_Data2k_variance/files/Q00897.01-0000606326.0001.PDF,Q00897.01-0000606326.0001.PDF,.pdf,21148,ok,True,False,text,False,1,0,0,False,0,False,0-10,,False,,False,,clear_non_responsive,False,,0,likely_non_responsive,,False,False,0,0,0,0,0,0,0.024,True,False,False,stage1_nr,False,,,0,False,,False,,0
CNG_Data2k_variance/files/Q00897.01-0000256895.PDF,Q00897.01-0000256895.PDF,.pdf,65396,ok,True,False,text,False,1,0,1,False,0,False,0-10,Money/Amount,False,Financial Account Information,False,,clear_non_responsive,False,,0,likely_non_responsive,,False,False,0,0,0,0,0,0,0.035,True,False,False,stage1_nr,False,,,0,False,,False,,0
CNG_Data2k_variance/files/Q00897.01-0000839240.0002.DOCX,Q00897.01-0000839240.0002.DOCX,.docx,35821,ok,True,False,text,False,0,0,0,False,0,False,0-10,,False,,False,,clear_non_responsive,False,,0,likely_non_responsive,,False,False,0,0,0,0,0,0,0.045,True,False,False,stage1_nr,False,,,0,False,,False,,0
CNG_Data2k_variance/files/Q00897.01-0000551385.MSG,Q00897.01-0000551385.MSG,.msg,120832,ok,True,False,text,False,0,1,0,False,0,False,0-10,,False,,False,,clear_non_responsive,False,,0,likely_non_responsive,,False,False,0,0,0,0,0,0,0.491,True,False,False,stage1_nr,False,,,0,False,,False,,0
CNG_Data2k_variance\files\Q00897.01-0000496232.0001.DOC,Q00897.01-0000496232.0001.DOC,.doc,18588,ok,True,False,text,False,0,0,0,False,0,False,0-10,,False,,False,,clear_non_responsive,False,,0,likely_non_responsive,,False,False,0,0,0,0,0,0,0.032,True,False,False,stage1_nr,False,,,0,False,,False,,0
CNG_Data2k_variance/files/Q00897.01-0000807573.0001.PDF,Q00897.01-0000807573.0001.PDF,.pdf,521589,ok,True,False,text,False,2,0,2,False,0,False,0-10,Name | Address | Health,True,Contact Information | Health-Related Information,False,,ambiguous,True,no,5977,likely_non_responsive,,True,True,2,0,0,0,0,1,7.113,True,False,False,stage1_nr,False,,,0,False,,False,,5977
CNG_Data2k_variance/files/Q00897.01-0000615116.0002.PDF,Q00897.01-0000615116.0002.PDF,.pdf,3510455,ok,True,False,text,False,80,0,32,False,1,False,20-50,Name | Address | Email | Phone | Payment Card | Money/Amount | Demographic | Work-Related,True,Contact Information | Financial Account Information | Demographic Information | Work-Related Information,False,,ambiguous,True,no,16548,likely_non_responsive,bde_llm_count,False,False,0,0,0,0,0,0,8.714,True,False,False,stage1_nr,False,,,0,False,,False,,16548
CNG_Data2k_variance/files/Q00897.01-0000115070.PDF,Q00897.01-0000115070.PDF,.pdf,18885,ok,True,False,text,False,9,0,1,False,0,False,0-10,Card/Transaction | Money/Amount | Work-Related,False,Financial Account Information | Work-Related Information,False,,ambiguous,True,no,10810,likely_non_responsive,,False,False,0,0,0,0,0,0,3.785,True,False,False,stage1_nr,False,,,0,False,,False,,10810
CNG_Data2k_variance/files/Q00897.01-0000665068.0001.XLSX,Q00897.01-0000665068.0001.XLSX,.xlsx,61154,ok,True,True,text,True,1,0,221,False,0,False,100+,Name | Phone | Money/Amount,True,Contact Information | Financial Account Information,False,,ambiguous,True,no,14581,likely_non_responsive,roster_by_rowcount bde_llm_count,False,False,0,0,0,0,0,0,4.037,True,False,False,stage1_nr,False,,,0,False,,False,,14581
CNG_Data2k_variance/files/Q00897.01-0000546809.MSG,Q00897.01-0000546809.MSG,.msg,117248,ok,True,False,text,False,0,0,3,False,0,False,0-10,Name | Address | Email | Phone,True,Contact Information,False,,ambiguous,True,yes,4121,standard,,False,False,0,0,0,0,0,0,25.017,False,False,True,,True,clear_no,no,4205,False,likely_non_responsive,True,,8326
CNG_Data2k_variance/files/Q00897.01-0000646403.MSG,Q00897.01-0000646403.MSG,.msg,118272,ok,True,False,text,False,0,0,1,False,0,False,0-10,Name | Email | Phone | Bank/Account Number,True,Contact Information | Financial Account Information,False,,ambiguous,True,yes,8057,standard,,False,False,0,0,0,0,0,0,5.642,False,False,True,,True,likely_yes,yes,8105,False,standard,False,,16162
CNG_Data2k_variance/files/Q00897.01-0000291988.PDF,Q00897.01-0000291988.PDF,.pdf,187518,ok,True,False,text,False,2,0,1,False,0,False,0-10,Name | Email | Card/Transaction | Account Balance | Health | Work-Related,True,Contact Information | Financial Account Information | Health-Related Information | Work-Related Information,False,,ambiguous,True,yes,4903,standard,,False,False,0,0,0,0,0,0,3.722,False,False,True,,True,likely_yes,yes,4993,False,standard,False,,9896
CNG_Data2k_variance/files/Q00897.01-0000840047.0001.DOCX,Q00897.01-0000840047.0001.DOCX,.docx,486843,ok,True,False,text,False,0,0,5,False,0,False,0-10,Name | Address | Money/Amount | Health | Work-Related,True,Contact Information | Financial Account Information | Health-Related Information | Work-Related Information,False,,ambiguous,True,yes,6336,standard,,False,False,0,0,0,0,0,0,4.458,False,False,True,,True,likely_no,no,6430,False,likely_non_responsive,True,,12766
CNG_Data2k_variance/files/Q00897.01-0000404378.0001.XLSX,Q00897.01-0000404378.0001.XLSX,.xlsx,171126,ok,True,True,text,True,11,0,102,False,0,False,100+,Payment Card | Money/Amount,True,Financial Account Information,False,,ambiguous,True,no,14976,likely_non_responsive,bde_llm_count,False,False,0,0,0,0,0,0,3.48,True,False,False,stage1_nr,False,,,0,False,,False,,14976
CNG_Data2k_variance/files/Q00897.01-0000010984.XLSX,Q00897.01-0000010984.XLSX,.xlsx,215539,ok,True,True,text,True,3,0,344,False,7,True,100+,Name | Money/Amount,False,Financial Account Information,True,,ambiguous,True,yes,12196,structured_bde,bde_llm_count_roster,False,False,0,0,0,0,0,0,7.039,False,True,True,,True,clear_yes,yes,6573,True,structured_bde,False,,18769
CNG_Data2k_variance/files/Q00897.01-0000805561.0002.DOCX,Q00897.01-0000805561.0002.DOCX,.docx,145180,ok,True,False,text,False,0,0,1,False,0,False,0-10,Email | Money/Amount | Health | Demographic | Work-Related,True,Contact Information | Financial Account Information | Health-Related Information | Demographic Information | Work-Related Information,False,,ambiguous,True,no,8378,likely_non_responsive,,False,False,0,0,0,0,0,0,1.854,True,False,False,stage1_nr,False,,,0,False,,False,,8378
CNG_Data2k_variance/files/Q00897.01-0000654459.MSG,Q00897.01-0000654459.MSG,.msg,192512,ok,True,False,text,False,0,4,8,False,5,False,0-10,Name | Address | Email | Phone | Money/Amount,True,Contact Information | Financial Account Information,False,,ambiguous,True,yes,12846,standard,bde_llm_count,False,False,0,0,0,0,0,0,18.264,False,False,True,,True,likely_no,no,6857,False,likely_non_responsive,True,,19703
CNG_Data2k_variance/files/Q00897.01-0000293197.PDF,Q00897.01-0000293197.PDF,.pdf,125768,ok,True,False,text,False,1,0,0,False,0,False,0-10,,False,,False,,clear_non_responsive,False,,0,likely_non_responsive,,False,False,0,0,0,0,0,0,0.108,True,False,False,stage1_nr,False,,,0,False,,False,,0
CNG_Data2k_variance/files/Q00897.01-0000482486.MSG,Q00897.01-0000482486.MSG,.msg,66048,ok,True,False,text,False,0,1,10,False,4,False,0-10,Name | Email | Phone | Money/Amount,True,Contact Information | Financial Account Information,False,,ambiguous,True,yes,14376,standard,bde_llm_count,False,False,0,0,0,0,0,0,12.482,False,False,True,,True,likely_no,no,7582,False,likely_non_responsive,True,,21958
CNG_Data2k_variance/files/Q00897.01-0000836592.0001.DOCX,Q00897.01-0000836592.0001.DOCX,.docx,175394,ok,True,False,text,False,0,0,2,False,0,False,0-10,Name | Address | Email | Phone | Money/Amount | Health | Work-Related,True,Contact Information | Financial Account Information | Health-Related Information | Work-Related Information,False,,ambiguous,True,no,9255,likely_non_responsive,,False,False,0,0,0,0,0,0,2.271,True,False,False,stage1_nr,False,,,0,False,,False,,9255
CNG_Data2k_variance/files/Q00897.01-0000326818.PDF,Q00897.01-0000326818.PDF,.pdf,408400,ok,True,False,text,False,121,0,16,False,1,False,10-20,Name | Address | Phone | Card/Transaction | Money/Amount,True,Contact Information | Financial Account Information,False,,ambiguous,True,yes,33926,standard,bde_llm_count,False,False,0,0,0,0,0,0,13.899,False,False,True,,True,likely_no,no,17499,False,likely_non_responsive,True,,51425
CNG_Data2k_variance/files/Q00897.01-0000792913.MSG,Q00897.01-0000792913.MSG,.msg,156672,ok,True,False,text,False,0,0,6,False,0,False,0-10,Name | Money/Amount,True,Financial Account Information,False,,ambiguous,True,yes,5253,standard,,False,False,0,0,0,0,0,0,4.32,False,False,True,,True,likely_yes,yes,5304,False,standard,False,,10557
CNG_Data2k_variance/files/Q00897.01-0000676359.MSG,Q00897.01-0000676359.MSG,.msg,267776,ok,True,False,text,False,0,0,11,False,11,False,10-20,Name | Address | Email | Phone,True,Contact Information,False,,ambiguous,True,yes,16463,standard,bde_llm_count,False,False,0,0,0,0,0,0,9.41,False,False,True,,True,likely_no,no,8684,False,likely_non_responsive,True,,25147
CNG_Data2k_variance/files/Q00897.01-0000398492.MSG,Q00897.01-0000398492.MSG,.msg,355840,ok,True,False,text,False,0,0,1,False,0,False,0-10,Name | Address | Money/Amount,True,Contact Information | Financial Account Information,False,,ambiguous,True,no,6810,likely_non_responsive,,False,False,0,0,0,0,0,0,4.037,True,False,False,stage1_nr,False,,,0,False,,False,,6810
CNG_Data2k_variance/files/Q00897.01-0000017345.XLSX,Q00897.01-0000017345.XLSX,.xlsx,247721,ok,True,True,text,True,3,0,297,False,297,True,100+,Name | Money/Amount,False,Financial Account Information,True,,ambiguous,True,yes,12435,structured_bde,bde_llm_count_roster,False,False,0,0,0,0,0,0,13.408,False,True,True,,True,clear_yes,yes,6704,True,structured_bde,False,,19139
CNG_Data2k_variance/files/Q00897.01-0000291539.PDF,Q00897.01-0000291539.PDF,.pdf,389205,ok,True,False,text,False,3,0,59,False,59,True,50-100,Name | Phone | Money/Amount,True,Contact Information | Financial Account Information,True,,ambiguous,True,yes,12775,bde,bde_llm_count_roster,False,False,0,0,0,0,0,0,15.015,False,True,True,,True,clear_yes,yes,7036,True,bde,False,,19811
CNG_Data2k_variance/files/Q00897.01-0000913799.PDF,Q00897.01-0000913799.PDF,.pdf,79217,ok,True,True,text,True,2,0,9,False,4,False,0-10,SSN | Money/Amount,True,Government-Issued Identification | Financial Account Information,False,,clear_responsive,False,,4627,standard,bde_llm_count_roster,True,True,2,0,0,0,0,1,11.652,False,False,True,,True,clear_yes,yes,5466,False,standard,False,,10093
CNG_Data2k_variance/files/Q00897.01-0000275959.PDF,Q00897.01-0000275959.PDF,.pdf,297904,ok,True,False,text,False,2,0,3,False,0,False,0-10,Name | Address | Money/Amount,True,Contact Information | Financial Account Information,False,,ambiguous,True,no,4070,likely_non_responsive,,True,True,2,0,0,0,0,1,12.886,True,False,False,stage1_nr,False,,,0,False,,False,,4070
CNG_Data2k_variance/files/Q00897.01-0000558643.0001.XLSX,Q00897.01-0000558643.0001.XLSX,.xlsx,57074,ok,True,True,text,True,1,0,467,False,0,False,100+,Money/Amount,False,Financial Account Information,False,,ambiguous,True,no,15242,likely_non_responsive,roster_by_rowcount bde_llm_count,False,False,0,0,0,0,0,0,13.225,True,False,False,stage1_nr,False,,,0,False,,False,,15242
CNG_Data2k_variance/files/Q00897.01-0000826528.0001.PDF,Q00897.01-0000826528.0001.PDF,.pdf,680449,ok,True,False,text,False,21,0,1,False,0,False,0-10,Name | Address | Money/Amount | Health | Demographic | Work-Related,True,Contact Information | Financial Account Information | Health-Related Information | Demographic Information | Work-Related Information,False,,ambiguous,True,no,9019,likely_non_responsive,,False,False,0,0,0,0,0,0,8.113,True,False,False,stage1_nr,False,,,0,False,,False,,9019
CNG_Data2k_variance/files/Q00897.01-0000685751.MSG,Q00897.01-0000685751.MSG,.msg,220672,ok,True,False,text,False,0,0,1,False,0,False,0-10,Address | Money/Amount,True,Contact Information | Financial Account Information,False,,ambiguous,True,no,4174,likely_non_responsive,,False,False,0,0,0,0,0,0,3.477,True,False,False,stage1_nr,False,,,0,False,,False,,4174
CNG_Data2k_variance/files/Q00897.01-0000248831.PDF,Q00897.01-0000248831.PDF,.pdf,166726,ok,True,True,text,True,3,0,26,False,0,False,20-50,Name | Address | Phone | Bank/Account Number | Money/Amount,True,Contact Information | Financial Account Information,False,,ambiguous,True,no,8849,likely_non_responsive,bde_llm_count,True,True,3,0,0,0,0,1,10.399,True,False,False,stage1_nr,False,,,0,False,,False,,8849
CNG_Data2k_variance/files/Q00897.01-0000020867.PDF,Q00897.01-0000020867.PDF,.pdf,395918,ok,True,False,text,False,1,0,2,False,0,False,0-10,Name | Address | Email | Phone | SSN | Money/Amount | Work-Related,True,Contact Information | Government-Issued Identification | Financial Account Information | Work-Related Information,False,,clear_responsive,False,,0,standard,,False,False,0,0,0,0,0,0,5.223,False,False,True,,True,clear_yes,yes,4288,False,standard,False,,4288
CNG_Data2k_variance/files/Q00897.01-0000013320.PDF,Q00897.01-0000013320.PDF,.pdf,673338,ok,True,False,text,False,2,0,2,False,0,False,0-10,Name | Money/Amount | Work-Related,True,Financial Account Information | Work-Related Information,False,,ambiguous,True,yes,5267,standard,"img_ocr:p1(1/1,+31chars)",False,False,0,1,1,1,0,1,10.748,False,False,True,,True,likely_yes,yes,5330,False,standard,False,,10597
CNG_Data2k_variance/files/Q00897.01-0000012832.PDF,Q00897.01-0000012832.PDF,.pdf,428815,ok,True,True,text,True,2,0,38,False,2,False,20-50,Name | Address | Money/Amount,True,Contact Information | Financial Account Information,False,,ambiguous,True,yes,7975,standard,bde_llm_count,True,True,2,0,0,0,0,1,12.525,False,False,True,,True,clear_yes,yes,4429,False,standard,False,,12404
CNG_Data2k_variance/files/Q00897.01-0000137881.PDF,Q00897.01-0000137881.PDF,.pdf,348121,ok,True,True,text,True,2,0,33,False,0,False,20-50,Address | Phone | Money/Amount,True,Contact Information | Financial Account Information,False,,ambiguous,True,yes,10115,standard,bde_llm_count,True,True,2,0,0,0,0,1,23.981,False,False,True,,True,clear_no,no,5511,False,likely_non_responsive,True,,15626
CNG_Data2k_variance/files/Q00897.01-0000264959.CSV,Q00897.01-0000264959.CSV,.csv,303533,ok,True,True,text,True,0,0,64,False,0,False,50-100,Payment Card | Card/Transaction,True,Financial Account Information,False,,ambiguous,True,no,11529,likely_non_responsive,bde_llm_count,False,False,0,0,0,0,0,0,4.804,True,False,False,stage1_nr,False,,,0,False,,False,,11529
CNG_Data2k_variance/files/Q00897.01-0000669073.0002.PDF,Q00897.01-0000669073.0002.PDF,.pdf,11953,ok,True,False,text,False,11,0,3,False,0,False,0-10,Name | Address | Phone | Bank/Account Number | Money/Amount,True,Contact Information | Financial Account Information,False,,ambiguous,True,yes,5215,standard,,False,False,0,0,0,0,0,0,5.031,False,False,True,,True,clear_no,no,5196,False,likely_non_responsive,True,,10411
CNG_Data2k_variance/files/Q00897.01-0000818441.0001.PDF,Q00897.01-0000818441.0001.PDF,.pdf,544776,ok,True,True,text,True,15,0,17,False,2,False,10-20,Name | Address | Email | Phone | Money/Amount,True,Contact Information | Financial Account Information,False,,ambiguous,True,yes,18032,standard,bde_llm_count,True,True,15,0,0,0,0,1,12.053,False,False,True,,True,likely_yes,yes,9482,False,standard,False,,27514
CNG_Data2k_variance/files/Q00897.01-0000654525.MSG,Q00897.01-0000654525.MSG,.msg,171008,ok,True,False,text,False,0,7,11,False,2,False,10-20,Name | Address | Email | Phone | Card/Transaction | Money/Amount,True,Contact Information | Financial Account Information,False,,ambiguous,True,yes,7326,standard,bde_llm_count,False,False,0,0,0,0,0,0,7.235,False,False,True,,True,likely_no,no,4138,False,likely_non_responsive,True,,11464
CNG_Data2k_variance/files/Q00897.01-0000326423.PDF,Q00897.01-0000326423.PDF,.pdf,4043042,ok,True,True,text,True,6,0,65,False,0,False,50-100,Name | Address | Bank/Account Number | Account Balance | Money/Amount,True,Contact Information | Financial Account Information,False,,ambiguous,True,yes,11679,standard,bde_llm_count,True,True,6,0,0,0,0,1,14.573,False,False,True,,True,likely_no,no,6329,True,likely_non_responsive,True,,18008
CNG_Data2k_variance/files/Q00897.01-0000870391.PDF,Q00897.01-0000870391.PDF,.pdf,73976,ok,True,False,text,False,6,0,17,False,0,False,10-20,Name | Address | Phone | Money/Amount,True,Contact Information | Financial Account Information,False,,ambiguous,True,yes,21913,standard,bde_llm_count,False,False,0,0,0,0,0,0,8.889,False,False,True,,True,clear_no,no,11333,False,likely_non_responsive,True,,33246
CNG_Data2k_variance/files/Q00897.01-0000834965.0001.DOCM,Q00897.01-0000834965.0001.DOCM,.docm,25061,ok,True,False,text,False,0,0,2,False,0,False,0-10,Name | Address | Card/Transaction,True,Contact Information | Financial Account Information,False,,ambiguous,True,no,4262,likely_non_responsive,,False,False,0,0,0,0,0,0,1.459,True,False,False,stage1_nr,False,,,0,False,,False,,4262
CNG_Data2k_variance/files/Q00897.01-0000121548.PDF,Q00897.01-0000121548.PDF,.pdf,3823799,ok,True,True,text,True,8,0,19,False,0,False,10-20,,False,,False,,ambiguous,True,no,12031,likely_non_responsive,bde_llm_count,True,True,8,0,0,0,0,1,11.113,True,False,False,stage1_nr,False,,,0,False,,False,,12031
CNG_Data2k_variance/files/Q00897.01-0000656043.0001.PDF,Q00897.01-0000656043.0001.PDF,.pdf,381815,ok,True,False,text,False,25,0,2,False,0,False,0-10,Address | Phone | Card/Transaction | Money/Amount | Work-Related,True,Contact Information | Financial Account Information | Work-Related Information,False,,ambiguous,True,no,9236,likely_non_responsive,"img_ocr:p3,p4(2/2,+32chars)",False,False,0,2,2,2,0,2,12.797,True,False,False,stage1_nr,False,,,0,False,,False,,9236
CNG_Data2k_variance/files/Q00897.01-0000704759.MSG,Q00897.01-0000704759.MSG,.msg,157696,ok,True,False,text,False,0,0,1,False,0,False,0-10,Name | Address,True,Contact Information,False,,ambiguous,True,yes,4096,standard,,False,False,0,0,0,0,0,0,5.372,False,False,True,,True,likely_no,no,4159,False,likely_non_responsive,True,,8255
CNG_Data2k_variance/files/Q00897.01-0000695902.MSG,Q00897.01-0000695902.MSG,.msg,200704,ok,True,False,text,False,0,0,7,False,0,False,0-10,Name | Address | Email | Phone,True,Contact Information,False,,ambiguous,True,no,7331,likely_non_responsive,bde_llm_count,False,False,0,0,0,0,0,0,4.3,True,False,False,stage1_nr,False,,,0,False,,False,,7331
CNG_Data2k_variance/files/Q00897.01-0000500291.0002.PDF,Q00897.01-0000500291.0002.PDF,.pdf,152614,ok,True,False,text,False,3,0,1,False,0,False,0-10,Money/Amount,False,Financial Account Information,False,,clear_non_responsive,False,,0,likely_non_responsive,"img_ocr:p1,p1(2/2,+22chars)",False,False,0,2,2,2,0,2,8.625,True,False,False,stage1_nr,False,,,0,False,,False,,0
CNG_Data2k_variance/files/Q00897.01-0000111463.XLSX,Q00897.01-0000111463.XLSX,.xlsx,152138,ok,True,True,text,True,2,0,612,False,2,False,100+,Name | Phone | Money/Amount,True,Contact Information | Financial Account Information,False,,ambiguous,True,no,13722,likely_non_responsive,roster_by_rowcount bde_llm_count,False,False,0,0,0,0,0,0,12.728,True,False,False,stage1_nr,False,,,0,False,,False,,13722
CNG_Data2k_variance/files/Q00897.01-0000910606.PDF,Q00897.01-0000910606.PDF,.pdf,10265,ok,True,False,text,False,1,0,0,False,0,False,0-10,,False,,False,,clear_non_responsive,False,,0,likely_non_responsive,,False,False,0,0,0,0,0,0,0.123,True,False,False,stage1_nr,False,,,0,False,,False,,0
CNG_Data2k_variance/files/Q00897.01-0000661787.MSG,Q00897.01-0000661787.MSG,.msg,46080,ok,True,False,text,False,0,0,7,False,4,False,0-10,Name | Address | Email | Phone,True,Contact Information,False,,ambiguous,True,yes,10699,standard,bde_llm_count,False,False,0,0,0,0,0,0,8.445,False,False,True,,True,borderline,no,5847,False,likely_non_responsive,True,,16546
CNG_Data2k_variance/files/Q00897.01-0000108371.XLSX,Q00897.01-0000108371.XLSX,.xlsx,27292,ok,True,True,text,True,2,0,113,False,0,False,100+,,False,,False,,ambiguous,True,no,7174,likely_non_responsive,roster_by_rowcount bde_llm_count,False,False,0,0,0,0,0,0,11.882,True,False,False,stage1_nr,False,,,0,False,,False,,7174
CNG_Data2k_variance/files/Q00897.01-0000409273.0001.XLSX,Q00897.01-0000409273.0001.XLSX,.xlsx,128171,ok,True,True,text,True,2,0,254,False,0,False,100+,Phone | Money/Amount,True,Contact Information | Financial Account Information,False,,ambiguous,True,no,13198,likely_non_responsive,roster_by_rowcount bde_llm_count,False,False,0,0,0,0,0,0,5.817,True,False,False,stage1_nr,False,,,0,False,,False,,13198
CNG_Data2k_variance/files/Q00897.01-0000905825.PDF,Q00897.01-0000905825.PDF,.pdf,150972,ok,True,False,text,False,19,0,50,False,51,True,20-50,Name | Address | Phone,True,Contact Information,True,,ambiguous,True,yes,34083,bde,bde_llm_count_roster,False,False,0,0,0,0,0,0,13.655,False,True,True,,True,clear_yes,yes,17604,False,standard,False,,51687
CNG_Data2k_variance/files/Q00897.01-0000736516.0004.PDF,Q00897.01-0000736516.0004.PDF,.pdf,159227,ok,True,False,text,False,3,0,2,False,0,False,0-10,Email,True,Contact Information,False,,ambiguous,True,no,4925,likely_non_responsive,,False,False,0,0,0,0,0,0,1.75,True,False,False,stage1_nr,False,,,0,False,,False,,4925
CNG_Data2k_variance/files/Q00897.01-0000646328.0001.HTM,Q00897.01-0000646328.0001.HTM,.htm,41441,ok,True,False,text,False,0,0,0,False,0,False,0-10,,False,,False,,clear_non_responsive,False,,0,likely_non_responsive,,False,False,0,0,0,0,0,0,0.021,True,False,False,stage1_nr,False,,,0,False,,False,,0
CNG_Data2k_variance/files/Q00897.01-0000862162.XLSX,Q00897.01-0000862162.XLSX,.xlsx,22089,ok,True,True,text,True,1,0,118,False,118,True,100+,Phone | SSN | Payment Card | Money/Amount,True,Contact Information | Government-Issued Identification | Financial Account Information,True,,clear_responsive,False,,6713,structured_bde,bde_llm_count_roster,False,False,0,0,0,0,0,0,5.325,False,True,True,,True,clear_yes,yes,7791,True,structured_bde,False,,14504
CNG_Data2k_variance/files/Q00897.01-0000911082.PDF,Q00897.01-0000911082.PDF,.pdf,22448,ok,True,False,text,False,6,0,1,False,0,False,0-10,Name | Address | Phone | Money/Amount,True,Contact Information | Financial Account Information,False,,ambiguous,True,yes,6273,standard,,False,False,0,0,0,0,0,0,3.66,False,False,True,,True,likely_no,no,6337,False,likely_non_responsive,True,,12610
CNG_Data2k_variance\files\Q00897.01-0000851887.XLS,Q00897.01-0000851887.XLS,.xls,22222,ok,True,True,text,True,1,0,64,False,0,False,50-100,Money/Amount,False,Financial Account Information,False,,ambiguous,True,no,7291,likely_non_responsive,roster_by_rowcount bde_llm_count,False,False,0,0,0,0,0,0,5.159,True,False,False,stage1_nr,False,,,0,False,,False,,7291
CNG_Data2k_variance/files/Q00897.01-0000914151.PDF,Q00897.01-0000914151.PDF,.pdf,10418,ok,True,False,text,False,6,0,2,False,0,False,0-10,Name | Address | Phone | Money/Amount,True,Contact Information | Financial Account Information,False,,ambiguous,True,yes,7499,standard,,False,False,0,0,0,0,0,0,3.88,False,False,True,,True,clear_yes,yes,7536,False,standard,False,,15035
CNG_Data2k_variance/files/Q00897.01-0000668856.0001.PDF,Q00897.01-0000668856.0001.PDF,.pdf,184288,ok,True,False,text,False,14,0,44,False,0,False,20-50,Address | Phone | Card/Transaction | Account Balance | Money/Amount,True,Contact Information | Financial Account Information,False,,ambiguous,True,yes,23091,standard,"img_ocr:p1,p1(2/2,+35chars) bde_llm_count",False,False,0,2,2,2,0,2,14.549,False,False,True,,True,clear_no,no,11998,False,likely_non_responsive,True,,35089
CNG_Data2k_variance/files/Q00897.01-0000813666.MSG,Q00897.01-0000813666.MSG,.msg,294400,ok,True,False,text,False,0,9,10,False,6,False,0-10,Name | Address | Email | Phone | Money/Amount,True,Contact Information | Financial Account Information,False,,ambiguous,True,yes,18954,standard,bde_llm_count,False,False,0,0,0,0,0,0,10.18,False,False,True,,True,likely_yes,yes,9967,False,standard,False,,28921
CNG_Data2k_variance/files/Q00897.01-0000728203.MSG,Q00897.01-0000728203.MSG,.msg,158720,ok,True,False,text,False,0,0,1,False,0,False,0-10,Address | Email | Money/Amount,True,Contact Information | Financial Account Information,False,,ambiguous,True,no,4129,likely_non_responsive,,False,False,0,0,0,0,0,0,1.885,True,False,False,stage1_nr,False,,,0,False,,False,,4129
CNG_Data2k_variance/files/Q00897.01-0000699487.MSG,Q00897.01-0000699487.MSG,.msg,187392,ok,True,False,text,False,0,0,1,False,0,False,0-10,Name | Address | Email | Money/Amount,True,Contact Information | Financial Account Information,False,,ambiguous,True,yes,4270,standard,,False,False,0,0,0,0,0,0,4.232,False,False,True,,True,clear_yes,yes,4330,False,standard,False,,8600
CNG_Data2k_variance/files/Q00897.01-0000425173.0001.PDF,Q00897.01-0000425173.0001.PDF,.pdf,19286,ok,True,False,text,False,3,0,1,False,0,False,0-10,Money/Amount,False,Financial Account Information,False,,clear_non_responsive,False,,0,likely_non_responsive,,False,False,0,0,0,0,0,0,0.227,True,False,False,stage1_nr,False,,,0,False,,False,,0
CNG_Data2k_variance/files/Q00897.01-0000255748.PDF,Q00897.01-0000255748.PDF,.pdf,76226,ok,True,False,text,False,2,0,5,False,0,False,0-10,Address | Phone | Money/Amount,True,Contact Information | Financial Account Information,False,,ambiguous,True,yes,4751,standard,,False,False,0,0,0,0,0,0,4.814,False,False,True,,True,likely_no,no,4789,False,likely_non_responsive,True,,9540
CNG_Data2k_variance/files/Q00897.01-0000642454.MSG,Q00897.01-0000642454.MSG,.msg,19456,ok,True,False,text,False,0,0,0,False,0,False,0-10,,False,,False,,clear_non_responsive,False,,0,likely_non_responsive,,False,False,0,0,0,0,0,0,0.024,True,False,False,stage1_nr,False,,,0,False,,False,,0
CNG_Data2k_variance/files/Q00897.01-0000172393.PDF,Q00897.01-0000172393.PDF,.pdf,315670,ok,True,True,text,True,2,0,31,False,0,False,20-50,Name | Address | Email | Bank/Account Number | Card/Transaction | Money/Amount,True,Contact Information | Financial Account Information,False,,ambiguous,True,no,7565,likely_non_responsive,bde_llm_count,True,True,2,0,0,0,0,1,8.183,True,False,False,stage1_nr,False,,,0,False,,False,,7565
CNG_Data2k_variance/files/Q00897.01-0000894045.PDF,Q00897.01-0000894045.PDF,.pdf,47438,ok,True,True,text,True,2,0,35,False,7,False,20-50,Name | SSN | Money/Amount,True,Government-Issued Identification | Financial Account Information,False,,clear_responsive,False,,3956,standard,bde_llm_count_roster,True,True,2,0,0,0,0,1,12.06,False,False,True,,True,clear_yes,yes,4857,False,standard,False,,8813
CNG_Data2k_variance/files/Q00897.01-0000303958.PDF,Q00897.01-0000303958.PDF,.pdf,440145,ok,True,False,text,False,7,0,5,False,0,False,0-10,Name | Address | Email | Money/Amount,True,Contact Information | Financial Account Information,False,,ambiguous,True,yes,7111,standard,,True,True,7,0,0,0,0,1,23.938,False,False,True,,True,likely_yes,yes,7149,False,standard,False,,14260
CNG_Data2k_variance/files/Q00897.01-0000614360.MSG,Q00897.01-0000614360.MSG,.msg,99840,ok,True,False,text,False,0,0,11,False,0,False,10-20,Name | Money/Amount | Health,False,Financial Account Information | Health-Related Information,False,,ambiguous,True,no,9436,likely_non_responsive,bde_llm_count,False,False,0,0,0,0,0,0,7.379,True,False,False,stage1_nr,False,,,0,False,,False,,9436
CNG_Data2k_variance/files/Q00897.01-0000907229.PDF,Q00897.01-0000907229.PDF,.pdf,17440,ok,True,False,text,False,2,0,5,False,0,False,0-10,Name | Address | Phone | Work-Related,True,Contact Information | Work-Related Information,False,,ambiguous,True,yes,4522,standard,,False,False,0,0,0,0,0,0,3.836,False,False,True,,True,clear_yes,yes,4536,False,standard,False,,9058
CNG_Data2k_variance/files/Q00897.01-0000515405.0001.PDF,Q00897.01-0000515405.0001.PDF,.pdf,808320,ok,True,False,text,False,1,0,4,False,0,False,0-10,Name | Address | Email | Phone | Payment Card | Card Expiry/CVV | Card/Transaction | Money/Amount,True,Contact Information | Financial Account Information,False,,ambiguous,True,yes,3995,standard,,True,True,1,0,0,0,0,1,20.905,False,False,True,,True,clear_yes,yes,4015,False,standard,False,,8010
CNG_Data2k_variance/files/Q00897.01-0000681579.0001.DOCX,Q00897.01-0000681579.0001.DOCX,.docx,15312,ok,True,False,text,False,0,0,2,False,0,False,0-10,Name | Money/Amount,True,Financial Account Information,False,,ambiguous,True,yes,3866,standard,,False,False,0,0,0,0,0,0,4.81,False,False,True,,True,borderline,no,3946,False,likely_non_responsive,True,,7812
CNG_Data2k_variance/files/Q00897.01-0000283203.PDF,Q00897.01-0000283203.PDF,.pdf,305235,ok,True,True,text,True,4,0,13,False,1,False,10-20,Name | Address | Phone | Military ID | Money/Amount | Health,True,Contact Information | Government-Issued Identification | Financial Account Information | Health-Related Information,False,,ambiguous,True,yes,12444,standard,bde_llm_count,True,True,4,0,0,0,0,1,10.962,False,False,True,,True,clear_yes,yes,6683,False,standard,False,,19127
CNG_Data2k_variance/files/Q00897.01-0000547463.0001.XLSX,Q00897.01-0000547463.0001.XLSX,.xlsx,60434,ok,True,True,text,True,1,0,507,False,0,False,100+,Name | Money/Amount,False,Financial Account Information,False,,ambiguous,True,no,15332,likely_non_responsive,roster_by_rowcount bde_llm_count,False,False,0,0,0,0,0,0,16.356,True,False,False,stage1_nr,False,,,0,False,,False,,15332
CNG_Data2k_variance/files/Q00897.01-0000908999.PDF,Q00897.01-0000908999.PDF,.pdf,14702,ok,True,False,text,False,4,0,2,False,0,False,0-10,Name | Address | Phone | Money/Amount,True,Contact Information | Financial Account Information,False,,ambiguous,True,yes,5154,standard,,False,False,0,0,0,0,0,0,3.0,False,False,True,,True,clear_yes,yes,5215,False,standard,False,,10369
CNG_Data2k_variance/files/Q00897.01-0000013007.PDF,Q00897.01-0000013007.PDF,.pdf,361285,ok,True,True,text,True,1,0,20,False,1,False,10-20,Name | Address | Email | Phone | SSN | Date of Birth | Money/Amount | Work-Related,True,Contact Information | Government-Issued Identification | Birth Information | Financial Account Information | Work-Related Information,False,,clear_responsive,False,,3231,standard,bde_llm_count,True,True,1,0,0,0,0,1,11.289,False,False,True,,True,clear_yes,yes,4069,False,standard,False,,7300
CNG_Data2k_variance/files/Q00897.01-0000356725.CSV,Q00897.01-0000356725.CSV,.csv,93493,ok,True,True,text,True,0,0,630,False,630,True,100+,Name | Money/Amount | Work-Related,False,Financial Account Information | Work-Related Information,True,,ambiguous,True,yes,12080,structured_bde,bde_llm_count_roster,False,False,0,0,0,0,0,0,8.658,False,True,True,,True,likely_yes,yes,6581,True,structured_bde,False,,18661
CNG_Data2k_variance/files/Q00897.01-0000846297.MSG,Q00897.01-0000846297.MSG,.msg,25600,ok,True,False,text,False,0,0,4,False,0,False,0-10,Name | Address | Email | Phone,True,Contact Information,False,,ambiguous,True,no,4301,likely_non_responsive,,False,False,0,0,0,0,0,0,1.736,True,False,False,stage1_nr,False,,,0,False,,False,,4301
CNG_Data2k_variance/files/Q00897.01-0000256921.PDF,Q00897.01-0000256921.PDF,.pdf,1494839,ok,True,False,text,False,8,0,5,False,0,False,0-10,Name | Address | Card Expiry/CVV | Money/Amount | Work-Related,True,Contact Information | Financial Account Information | Work-Related Information,False,,ambiguous,True,yes,8688,standard,,True,True,8,0,0,0,0,1,10.209,False,False,True,,True,clear_no,no,8739,False,likely_non_responsive,True,,17427
CNG_Data2k_variance/files/Q00897.01-0000258471.0001.PDF,Q00897.01-0000258471.0001.PDF,.pdf,294080,ok,True,False,text,False,3,0,1,False,0,False,0-10,Name | Address | Bank/Account Number | Money/Amount,True,Contact Information | Financial Account Information,False,,ambiguous,True,yes,4436,standard,"img_ocr:p2(1/1,+336chars)",False,False,0,1,1,1,0,1,9.306,False,False,True,,True,likely_no,no,4504,False,likely_non_responsive,True,,8940
CNG_Data2k_variance/files/Q00897.01-0000137911.PDF,Q00897.01-0000137911.PDF,.pdf,249172,ok,True,True,text,True,3,0,60,False,3,False,50-100,Name | Address | Phone | Money/Amount,True,Contact Information | Financial Account Information,False,,ambiguous,True,yes,15332,standard,bde_llm_count,True,True,3,0,0,0,0,1,20.466,False,False,True,,True,likely_no,no,8077,True,likely_non_responsive,True,,23409
CNG_Data2k_variance/files/Q00897.01-0000434788.0002.XLSX,Q00897.01-0000434788.0002.XLSX,.xlsx,757791,ok,True,True,text,True,10,0,92,False,0,False,50-100,Phone | Payment Card | Money/Amount,True,Contact Information | Financial Account Information,False,,ambiguous,True,no,14193,likely_non_responsive,bde_llm_count,False,False,0,0,0,0,0,0,4.102,True,False,False,stage1_nr,False,,,0,False,,False,,14193
CNG_Data2k_variance/files/Q00897.01-0000501836.MSG,Q00897.01-0000501836.MSG,.msg,28672,ok,True,False,text,False,0,0,3,False,0,False,0-10,Address | Phone | Card/Transaction | Money/Amount,True,Contact Information | Financial Account Information,False,,ambiguous,True,no,3814,likely_non_responsive,,False,False,0,0,0,0,0,0,8.939,True,False,False,stage1_nr,False,,,0,False,,False,,3814
CNG_Data2k_variance/files/Q00897.01-0000753812.MSG,Q00897.01-0000753812.MSG,.msg,74240,ok,True,False,text,False,0,0,2,False,0,False,0-10,Name | Address | Email | Phone | Health,True,Contact Information | Health-Related Information,False,,ambiguous,True,no,4026,likely_non_responsive,,False,False,0,0,0,0,0,0,1.967,True,False,False,stage1_nr,False,,,0,False,,False,,4026
CNG_Data2k_variance/files/Q00897.01-0000856823.PDF,Q00897.01-0000856823.PDF,.pdf,395445,ok,True,False,text,False,11,0,4,False,0,False,0-10,Name | Address | Phone | SSN | Money/Amount,True,Contact Information | Government-Issued Identification | Financial Account Information,False,,clear_responsive,False,,0,standard,,True,True,11,0,0,0,0,1,8.443,False,False,True,,True,clear_yes,yes,6999,False,standard,False,,6999
CNG_Data2k_variance/files/Q00897.01-0000498399.MSG,Q00897.01-0000498399.MSG,.msg,29696,ok,True,False,text,False,0,0,17,False,4,False,10-20,Name | Address | Email | Phone,True,Contact Information,False,,ambiguous,True,yes,9657,standard,bde_llm_count,False,False,0,0,0,0,0,0,13.939,False,False,True,,True,likely_yes,yes,5348,False,standard,False,,15005
CNG_Data2k_variance/files/Q00897.01-0000541375.0001.PDF,Q00897.01-0000541375.0001.PDF,.pdf,22703,ok,True,False,text,False,1,0,1,False,0,False,0-10,Money/Amount,False,Financial Account Information,False,,clear_non_responsive,False,,0,likely_non_responsive,,False,False,0,0,0,0,0,0,0.033,True,False,False,stage1_nr,False,,,0,False,,False,,0
CNG_Data2k_variance/files/Q00897.01-0000811685.0001.PDF,Q00897.01-0000811685.0001.PDF,.pdf,4739355,ok,True,False,text,False,11,0,4,False,0,False,0-10,Name | Address | Email | Money/Amount | Work-Related,True,Contact Information | Financial Account Information | Work-Related Information,False,,ambiguous,True,yes,8943,standard,,True,True,11,0,0,0,0,1,10.848,False,False,True,,True,likely_yes,yes,8971,False,standard,False,,17914
CNG_Data2k_variance/files/Q00897.01-0000861159.PDF,Q00897.01-0000861159.PDF,.pdf,253574,ok,True,False,text,False,2,0,2,False,0,False,0-10,SSN | Money/Amount,True,Government-Issued Identification | Financial Account Information,False,,clear_responsive,False,,0,standard,,False,False,0,0,0,0,0,0,28.71,False,False,True,,True,clear_yes,yes,3986,False,standard,False,,3986
CNG_Data2k_variance/files/Q00897.01-0000612143.MSG,Q00897.01-0000612143.MSG,.msg,1189888,ok,True,False,text,False,0,5,4,False,0,False,0-10,Name | Address | Email | Phone | Card/Transaction,True,Contact Information | Financial Account Information,False,,ambiguous,True,no,5182,likely_non_responsive,,False,False,0,0,0,0,0,0,2.165,True,False,False,stage1_nr,False,,,0,False,,False,,5182
CNG_Data2k_variance/files/Q00897.01-0000544605.0001.XLSX,Q00897.01-0000544605.0001.XLSX,.xlsx,86520,ok,True,True,text,True,4,0,109,False,24,False,100+,Name | Phone | Money/Amount,True,Contact Information | Financial Account Information,False,,ambiguous,True,yes,9867,standard,bde_llm_count,False,False,0,0,0,0,0,0,24.973,False,False,True,,True,likely_no,no,5450,True,likely_non_responsive,True,,15317
CNG_Data2k_variance/files/Q00897.01-0000544901.0001.PDF,Q00897.01-0000544901.0001.PDF,.pdf,22575,ok,True,False,text,False,1,0,1,False,0,False,0-10,Money/Amount,False,Financial Account Information,False,,clear_non_responsive,False,,0,likely_non_responsive,,False,False,0,0,0,0,0,0,0.029,True,False,False,stage1_nr,False,,,0,False,,False,,0
CNG_Data2k_variance/files/Q00897.01-0000005595.PDF,Q00897.01-0000005595.PDF,.pdf,1651395,ok,True,True,text,True,2,0,28,False,2,False,20-50,Name | Money/Amount,False,Financial Account Information,False,,ambiguous,True,yes,8832,standard,bde_llm_count,True,True,2,0,0,0,0,1,15.905,False,False,True,,True,clear_yes,yes,4892,False,standard,False,,13724
CNG_Data2k_variance/files/Q00897.01-0000908856.PDF,Q00897.01-0000908856.PDF,.pdf,5594465,ok,True,False,text,False,657,0,488,False,488,True,100+,Address | Phone | SSN | Money/Amount | Work-Related,True,Contact Information | Government-Issued Identification | Financial Account Information | Work-Related Information,True,,clear_responsive,False,,14154,bde,bde_llm_count_roster,False,False,0,0,0,0,0,0,204.066,False,True,True,,True,clear_yes,yes,15164,True,bde,False,,29318
CNG_Data2k_variance/files/Q00897.01-0000134439.PDF,Q00897.01-0000134439.PDF,.pdf,857823,ok,True,True,text,True,5,0,18,False,1,False,10-20,Name | Address | Phone | Money/Amount,True,Contact Information | Financial Account Information,False,,ambiguous,True,yes,9725,standard,bde_llm_count,True,True,5,0,0,0,0,1,31.065,False,False,True,,True,likely_no,no,5338,False,likely_non_responsive,True,,15063
CNG_Data2k_variance/files/Q00897.01-0000899735.PDF,Q00897.01-0000899735.PDF,.pdf,63231,ok,True,False,text,False,14,0,2,False,0,False,0-10,Name | Address | Phone | Money/Amount | Work-Related,True,Contact Information | Financial Account Information | Work-Related Information,False,,ambiguous,True,yes,14046,standard,,False,False,0,0,0,0,0,0,4.839,False,False,True,,True,clear_yes,yes,14134,False,standard,False,,28180
CNG_Data2k_variance/files/Q00897.01-0000554979.0001.XLSX,Q00897.01-0000554979.0001.XLSX,.xlsx,80966,ok,True,True,text,True,4,0,130,False,26,False,100+,Name | Payment Card | Money/Amount,True,Financial Account Information,False,,ambiguous,True,yes,10796,standard,bde_llm_count,False,False,0,0,0,0,0,0,53.603,False,False,True,,True,likely_no,no,5953,True,likely_non_responsive,True,,16749
CNG_Data2k_variance/files/Q00897.01-0000092479.PDF,Q00897.01-0000092479.PDF,.pdf,110057,ok,True,True,text,True,2,0,16,False,1,False,10-20,Address | Phone | Money/Amount,True,Contact Information | Financial Account Information,False,,ambiguous,True,no,7762,likely_non_responsive,bde_llm_count,True,True,2,0,0,0,0,1,16.4,True,False,False,stage1_nr,False,,,0,False,,False,,7762
CNG_Data2k_variance/files/Q00897.01-0000504357.MSG,Q00897.01-0000504357.MSG,.msg,81408,ok,True,False,text,False,0,0,2,False,0,False,0-10,Name | Address | Email | Phone,True,Contact Information,False,,ambiguous,True,yes,4149,standard,,False,False,0,0,0,0,0,0,5.508,False,False,True,,True,clear_no,no,4222,False,likely_non_responsive,True,,8371
CNG_Data2k_variance/files/Q00897.01-0000562049.0001.PDF,Q00897.01-0000562049.0001.PDF,.pdf,20970,ok,True,False,text,False,1,0,0,False,0,False,0-10,,False,,False,,clear_non_responsive,False,,0,likely_non_responsive,,False,False,0,0,0,0,0,0,0.023,True,False,False,stage1_nr,False,,,0,False,,False,,0
CNG_Data2k_variance/files/Q00897.01-0000734071.MSG,Q00897.01-0000734071.MSG,.msg,176128,ok,True,False,text,False,0,0,2,False,0,False,0-10,Email | Phone,True,Contact Information,False,,ambiguous,True,no,4018,likely_non_responsive,,False,False,0,0,0,0,0,0,2.14,True,False,False,stage1_nr,False,,,0,False,,False,,4018
CNG_Data2k_variance/files/Q00897.01-0000848996.0003.DOCX,Q00897.01-0000848996.0003.DOCX,.docx,108803,ok,True,False,text,False,0,0,1,False,0,False,0-10,Address,True,Contact Information,False,,ambiguous,True,no,5892,likely_non_responsive,,False,False,0,0,0,0,0,0,1.703,True,False,False,stage1_nr,False,,,0,False,,False,,5892
CNG_Data2k_variance/files/Q00897.01-0000888284.PDF,Q00897.01-0000888284.PDF,.pdf,20659,ok,True,False,text,False,5,0,1,False,0,False,0-10,Address | Phone | Money/Amount,True,Contact Information | Financial Account Information,False,,ambiguous,True,no,5980,likely_non_responsive,,False,False,0,0,0,0,0,0,1.366,True,False,False,stage1_nr,False,,,0,False,,False,,5980
CNG_Data2k_variance\files\Q00897.01-0000856479.XLS,Q00897.01-0000856479.XLS,.xls,71283,ok,True,True,text,True,2,0,4,False,2,False,0-10,Name | Address | Phone,True,Contact Information,False,,ambiguous,True,yes,8139,standard,bde_llm_count_roster,False,False,0,0,0,0,0,0,8.505,False,False,True,,True,clear_yes,yes,4537,False,standard,False,,12676
CNG_Data2k_variance/files/Q00897.01-0000020303.PDF,Q00897.01-0000020303.PDF,.pdf,645559,ok,True,False,text,False,3,0,6,False,0,False,0-10,Name | Email | Money/Amount,True,Contact Information | Financial Account Information,False,,ambiguous,True,yes,4302,standard,,False,False,0,0,0,0,0,0,5.734,False,False,True,,True,clear_yes,yes,4305,False,standard,False,,8607
CNG_Data2k_variance/files/Q00897.01-0000617211.0001.XLSX,Q00897.01-0000617211.0001.XLSX,.xlsx,19384,ok,True,True,text,True,1,0,6,False,0,False,0-10,,False,,False,,ambiguous,True,no,7357,likely_non_responsive,bde_llm_count,False,False,0,0,0,0,0,0,3.246,True,False,False,stage1_nr,False,,,0,False,,False,,7357
CNG_Data2k_variance/files/Q00897.01-0000320439.TXT,Q00897.01-0000320439.TXT,.txt,131469,ok,True,False,text,False,0,0,1,False,0,False,0-10,Payment Card | Money/Amount | Health,True,Financial Account Information | Health-Related Information,False,,ambiguous,True,no,8969,likely_non_responsive,,False,False,0,0,0,0,0,0,5.287,True,False,False,stage1_nr,False,,,0,False,,False,,8969
CNG_Data2k_variance/files/Q00897.01-0000107772.PDF,Q00897.01-0000107772.PDF,.pdf,278416,ok,True,True,text,True,3,0,3,False,2,False,0-10,Name | Money/Amount,True,Financial Account Information,False,,ambiguous,True,yes,10127,standard,bde_llm_count,True,True,3,0,0,0,0,1,25.929,False,False,True,,True,likely_yes,yes,5570,False,standard,False,,15697
CNG_Data2k_variance/files/Q00897.01-0000120021.PDF,Q00897.01-0000120021.PDF,.pdf,92782,ok,True,False,text,False,1,0,50,False,50,False,20-50,Name | Phone | Payment Card,True,Contact Information | Financial Account Information,False,,ambiguous,True,yes,9893,standard,bde_llm_count_roster,False,False,0,0,0,0,0,0,11.843,False,False,True,,True,clear_yes,yes,5404,False,standard,False,,15297
CNG_Data2k_variance/files/Q00897.01-0000264602.XLSX,Q00897.01-0000264602.XLSX,.xlsx,27747,ok,True,True,text,True,5,0,325,False,0,False,100+,Money/Amount,False,Financial Account Information,False,,ambiguous,True,no,7999,likely_non_responsive,bde_llm_count,False,False,0,0,0,0,0,0,3.259,True,False,False,stage1_nr,False,,,0,False,,False,,7999
CNG_Data2k_variance/files/Q00897.01-0000803745.0003.DOCM,Q00897.01-0000803745.0003.DOCM,.docm,97281,ok,True,False,text,False,0,0,4,False,0,False,0-10,Name | Address | Email,True,Contact Information,False,,ambiguous,True,yes,6841,standard,,False,False,0,0,0,0,0,0,3.875,False,False,True,,True,likely_no,no,6897,False,likely_non_responsive,True,,13738
CNG_Data2k_variance/files/Q00897.01-0000117873.PDF,Q00897.01-0000117873.PDF,.pdf,553821,ok,True,False,text,False,10,0,4,False,0,False,0-10,Name | Address | Email | Phone | Money/Amount | Health,True,Contact Information | Financial Account Information | Health-Related Information,False,,ambiguous,True,no,8207,likely_non_responsive,"img_ocr:none(1 calls,0 chars)",False,False,0,1,1,0,0,1,8.217,True,False,False,stage1_nr,False,,,0,False,,False,,8207
CNG_Data2k_variance\files\Q00897.01-0000118261.DOC,Q00897.01-0000118261.DOC,.doc,40369,ok,True,False,text,False,0,0,1,False,0,False,0-10,Money/Amount | Health | Demographic | Work-Related,False,Financial Account Information | Health-Related Information | Demographic Information | Work-Related Information,False,,ambiguous,True,no,6001,likely_non_responsive,,False,False,0,0,0,0,0,0,1.556,True,False,False,stage1_nr,False,,,0,False,,False,,6001
CNG_Data2k_variance/files/Q00897.01-0000400507.MSG,Q00897.01-0000400507.MSG,.msg,163840,ok,True,False,text,False,0,1,5,False,0,False,0-10,Name | Address | Email | Phone,True,Contact Information,False,,ambiguous,True,yes,4267,standard,,False,False,0,0,0,0,0,0,9.295,False,False,True,,True,likely_yes,yes,4332,False,standard,False,,8599
CNG_Data2k_variance/files/Q00897.01-0000412561.MSG,Q00897.01-0000412561.MSG,.msg,242176,ok,True,False,text,False,0,0,1,False,0,False,0-10,Name | Address | Email | Credentials,True,Contact Information | Access Credentials,False,,ambiguous,True,yes,4601,standard,,False,False,0,0,0,0,0,0,9.561,False,False,True,,True,likely_no,no,4671,False,likely_non_responsive,True,,9272
CNG_Data2k_variance/files/Q00897.01-0000914409.PDF,Q00897.01-0000914409.PDF,.pdf,100156,ok,True,False,text,False,2,0,3,False,0,False,0-10,Name | Address | Phone | Money/Amount | Work-Related,True,Contact Information | Financial Account Information | Work-Related Information,False,,ambiguous,True,yes,5419,standard,"img_ocr:p2(1/1,+6chars)",False,False,0,1,1,1,0,1,7.498,False,False,True,,True,clear_yes,yes,5445,False,standard,False,,10864
CNG_Data2k_variance/files/Q00897.01-0000907138.PDF,Q00897.01-0000907138.PDF,.pdf,10652,ok,True,False,text,False,1,0,1,False,0,False,0-10,Name | Address | Phone | SSN,True,Contact Information | Government-Issued Identification,False,,clear_responsive,False,,0,standard,,False,False,0,0,0,0,0,0,2.197,False,False,True,,True,likely_yes,yes,4221,False,standard,False,,4221
CNG_Data2k_variance/files/Q00897.01-0000902839.PDF,Q00897.01-0000902839.PDF,.pdf,20338,ok,True,False,text,False,3,0,1,False,0,False,0-10,Name | Address | Phone | Money/Amount,True,Contact Information | Financial Account Information,False,,ambiguous,True,no,5821,likely_non_responsive,,False,False,0,0,0,0,0,0,1.849,True,False,False,stage1_nr,False,,,0,False,,False,,5821
CNG_Data2k_variance/files/Q00897.01-0000651733.0001.PDF,Q00897.01-0000651733.0001.PDF,.pdf,26687,ok,True,True,text,True,1,0,5,False,0,False,0-10,Name | Address | Phone | Card Expiry/CVV | Money/Amount,True,Contact Information | Financial Account Information,False,,ambiguous,True,no,7219,likely_non_responsive,bde_llm_count,True,True,1,0,0,0,0,1,8.754,True,False,False,stage1_nr,False,,,0,False,,False,,7219
CNG_Data2k_variance/files/Q00897.01-0000262734.PDF,Q00897.01-0000262734.PDF,.pdf,703101,ok,True,False,text,False,334,0,92,False,0,False,50-100,Address | Phone | Passport | Payment Card | Money/Amount,True,Contact Information | Government-Issued Identification | Financial Account Information,False,,ambiguous,True,no,27252,likely_non_responsive,bde_llm_count,False,False,0,0,0,0,0,0,10.528,True,False,False,stage1_nr,False,,,0,False,,False,,27252
CNG_Data2k_variance/files/Q00897.01-0000347574.PDF,Q00897.01-0000347574.PDF,.pdf,269313,ok,True,True,text,True,2,0,10,False,0,False,0-10,Address | Phone | Money/Amount,True,Contact Information | Financial Account Information,False,,ambiguous,True,yes,7593,standard,bde_llm_count,True,True,2,0,0,0,0,1,10.873,False,False,True,,True,likely_no,no,4249,False,likely_non_responsive,True,,11842
CNG_Data2k_variance/files/Q00897.01-0000499695.0001.PDF,Q00897.01-0000499695.0001.PDF,.pdf,156366,ok,True,True,text,True,12,0,96,False,0,False,50-100,Money/Amount,False,Financial Account Information,False,,ambiguous,True,no,12720,likely_non_responsive,bde_llm_count,True,True,12,0,0,0,0,1,12.577,True,False,False,stage1_nr,False,,,0,False,,False,,12720
CNG_Data2k_variance/files/Q00897.01-0000304289.XLSX,Q00897.01-0000304289.XLSX,.xlsx,33479,ok,True,True,text,True,8,0,292,False,0,False,100+,,False,,False,,ambiguous,True,no,7318,likely_non_responsive,roster_by_rowcount bde_llm_count,False,False,0,0,0,0,0,0,9.445,True,False,False,stage1_nr,False,,,0,False,,False,,7318
CNG_Data2k_variance/files/Q00897.01-0000796949.MSG,Q00897.01-0000796949.MSG,.msg,222208,ok,True,False,text,False,0,0,8,False,3,False,0-10,Name | Address | Email | Phone | Money/Amount,True,Contact Information | Financial Account Information,False,,ambiguous,True,yes,10332,standard,bde_llm_count,False,False,0,0,0,0,0,0,5.542,False,False,True,,True,likely_no,no,5640,False,likely_non_responsive,True,,15972
CNG_Data2k_variance/files/Q00897.01-0000892628.PDF,Q00897.01-0000892628.PDF,.pdf,11492,ok,True,False,text,False,1,0,0,False,0,False,0-10,,False,,False,,clear_non_responsive,False,,0,likely_non_responsive,,False,False,0,0,0,0,0,0,0.158,True,False,False,stage1_nr,False,,,0,False,,False,,0
CNG_Data2k_variance/files/Q00897.01-0000833935.0004.DOCX,Q00897.01-0000833935.0004.DOCX,.docx,44538,ok,True,False,text,False,0,0,5,False,0,False,0-10,Name | Address | Money/Amount,True,Contact Information | Financial Account Information,False,,ambiguous,True,no,7069,likely_non_responsive,,False,False,0,0,0,0,0,0,2.314,True,False,False,stage1_nr,False,,,0,False,,False,,7069
CNG_Data2k_variance/files/Q00897.01-0000897290.PDF,Q00897.01-0000897290.PDF,.pdf,16963,ok,True,False,text,False,2,0,1,False,0,False,0-10,Money/Amount,False,Financial Account Information,False,,clear_non_responsive,False,,0,likely_non_responsive,,False,False,0,0,0,0,0,0,0.209,True,False,False,stage1_nr,False,,,0,False,,False,,0
CNG_Data2k_variance/files/Q00897.01-0000832934.MSG,Q00897.01-0000832934.MSG,.msg,70656,ok,True,False,text,False,0,0,9,False,5,False,0-10,Name | Address | Email | Phone,True,Contact Information,False,,ambiguous,True,yes,9051,standard,bde_llm_count,False,False,0,0,0,0,0,0,6.807,False,False,True,,True,likely_yes,yes,4931,False,standard,False,,13982
CNG_Data2k_variance/files/Q00897.01-0000277377.PDF,Q00897.01-0000277377.PDF,.pdf,163338,ok,True,False,text,False,1,0,3,False,0,False,0-10,Name | Address | Phone,True,Contact Information,False,,ambiguous,True,no,3855,likely_non_responsive,,True,True,1,0,0,0,0,1,6.942,True,False,False,stage1_nr,False,,,0,False,,False,,3855
CNG_Data2k_variance/files/Q00897.01-0000717839.MSG,Q00897.01-0000717839.MSG,.msg,155648,ok,True,False,text,False,0,0,4,False,0,False,0-10,Name | Address | Email | Phone,True,Contact Information,False,,ambiguous,True,no,4064,likely_non_responsive,,False,False,0,0,0,0,0,0,2.408,True,False,False,stage1_nr,False,,,0,False,,False,,4064
CNG_Data2k_variance/files/Q00897.01-0000471226.0001.XLSX,Q00897.01-0000471226.0001.XLSX,.xlsx,85727,ok,True,True,text,True,16,0,517,False,0,False,100+,Address | Phone | Money/Amount,True,Contact Information | Financial Account Information,False,,ambiguous,True,no,9864,likely_non_responsive,roster_by_rowcount bde_llm_count,False,False,0,0,0,0,0,0,3.102,True,False,False,stage1_nr,False,,,0,False,,False,,9864
CNG_Data2k_variance/files/Q00897.01-0000120865.PDF,Q00897.01-0000120865.PDF,.pdf,127348,ok,True,False,text,False,1,0,1,False,0,False,0-10,Address | Phone | Tax ID | Money/Amount,True,Contact Information | Government-Issued Identification | Financial Account Information,False,,ambiguous,True,no,4206,likely_non_responsive,,False,False,0,0,0,0,0,0,2.482,True,False,False,stage1_nr,False,,,0,False,,False,,4206
CNG_Data2k_variance/files/Q00897.01-0000890817.PDF,Q00897.01-0000890817.PDF,.pdf,11716,ok,True,False,text,False,2,0,1,False,0,False,0-10,Money/Amount,False,Financial Account Information,False,,clear_non_responsive,False,,0,likely_non_responsive,,False,False,0,0,0,0,0,0,0.117,True,False,False,stage1_nr,False,,,0,False,,False,,0
CNG_Data2k_variance/files/Q00897.01-0000438807.MSG,Q00897.01-0000438807.MSG,.msg,161280,ok,True,False,text,False,0,1,11,False,9,False,10-20,Name | Address | Email | Phone | Money/Amount,True,Contact Information | Financial Account Information,False,,ambiguous,True,yes,15027,standard,bde_llm_count,False,False,0,0,0,0,0,0,9.473,False,False,True,,True,likely_no,no,8052,False,likely_non_responsive,True,,23079
CNG_Data2k_variance/files/Q00897.01-0000907821.PDF,Q00897.01-0000907821.PDF,.pdf,7059,ok,True,False,text,False,1,0,2,False,0,False,0-10,Name | Address | Money/Amount,True,Contact Information | Financial Account Information,False,,ambiguous,True,yes,4077,standard,,False,False,0,0,0,0,0,0,3.363,False,False,True,,True,clear_yes,yes,4125,False,standard,False,,8202
CNG_Data2k_variance/files/Q00897.01-0000275975.PDF,Q00897.01-0000275975.PDF,.pdf,84054,ok,True,False,text,False,1,0,2,False,0,False,0-10,Name | Address | Money/Amount,True,Contact Information | Financial Account Information,False,,ambiguous,True,yes,3837,standard,"img_ocr:p1(1/1,+59chars)",False,False,0,1,1,1,0,1,15.179,False,False,True,,True,likely_no,no,3922,False,likely_non_responsive,True,,7759
CNG_Data2k_variance/files/Q00897.01-0000642101.MSG,Q00897.01-0000642101.MSG,.msg,19968,ok,True,False,text,False,0,0,0,False,0,False,0-10,,False,,False,,clear_non_responsive,False,,0,likely_non_responsive,,False,False,0,0,0,0,0,0,0.023,True,False,False,stage1_nr,False,,,0,False,,False,,0
CNG_Data2k_variance/files/Q00897.01-0000427521.0001.PDF,Q00897.01-0000427521.0001.PDF,.pdf,995347,ok,True,False,text,False,22,0,1,False,0,False,0-10,Email | Money/Amount,True,Contact Information | Financial Account Information,False,,ambiguous,True,no,7100,likely_non_responsive,"img_ocr:p1,p1,p2,p6,p22(5/12,+75chars)",False,False,0,12,12,5,0,12,60.337,True,False,False,stage1_nr,False,,,0,False,,False,,7100
CNG_Data2k_variance/files/Q00897.01-0000803793.0001.PDF,Q00897.01-0000803793.0001.PDF,.pdf,844217,ok,True,False,text,False,16,0,6,False,0,False,0-10,Name | Address | Phone | Money/Amount | Work-Related,True,Contact Information | Financial Account Information | Work-Related Information,False,,ambiguous,True,yes,10710,standard,,False,False,0,0,0,0,0,0,7.917,False,False,True,,True,clear_yes,yes,10732,False,standard,False,,21442
CNG_Data2k_variance/files/Q00897.01-0000706864.0001.HTM,Q00897.01-0000706864.0001.HTM,.htm,623750,ok,True,False,text,False,0,0,1,False,0,False,0-10,Name | Address | Money/Amount | Work-Related,True,Contact Information | Financial Account Information | Work-Related Information,False,,ambiguous,True,no,5995,likely_non_responsive,,False,False,0,0,0,0,0,0,1.602,True,False,False,stage1_nr,False,,,0,False,,False,,5995
CNG_Data2k_variance/files/Q00897.01-0000549937.0001.PDF,Q00897.01-0000549937.0001.PDF,.pdf,13021,ok,True,False,text,False,4,0,9,False,0,False,0-10,Name | Address | Card/Transaction | Money/Amount,True,Contact Information | Financial Account Information,False,,ambiguous,True,yes,12944,standard,bde_llm_count,False,False,0,0,0,0,0,0,25.707,False,False,True,,True,likely_no,no,6958,False,likely_non_responsive,True,,19902
CNG_Data2k_variance/files/Q00897.01-0000276152.PDF,Q00897.01-0000276152.PDF,.pdf,190913,ok,True,False,text,False,1,0,1,False,0,False,0-10,Name | Address | Tax ID | Money/Amount,True,Contact Information | Government-Issued Identification | Financial Account Information,False,,ambiguous,True,no,3993,likely_non_responsive,,True,True,1,0,0,0,0,1,12.879,True,False,False,stage1_nr,False,,,0,False,,False,,3993
CNG_Data2k_variance/files/Q00897.01-0000747406.MSG,Q00897.01-0000747406.MSG,.msg,147456,ok,True,False,text,False,0,0,3,False,0,False,0-10,Address | Email | Phone,True,Contact Information,False,,ambiguous,True,no,4257,likely_non_responsive,,False,False,0,0,0,0,0,0,2.975,True,False,False,stage1_nr,False,,,0,False,,False,,4257
CNG_Data2k_variance/files/Q00897.01-0000666802.0002.XLSX,Q00897.01-0000666802.0002.XLSX,.xlsx,15845,ok,True,True,text,True,1,0,3,False,0,False,0-10,Phone | Money/Amount,True,Contact Information | Financial Account Information,False,,ambiguous,True,no,9543,likely_non_responsive,bde_llm_count,False,False,0,0,0,0,0,0,3.451,True,False,False,stage1_nr,False,,,0,False,,False,,9543
CNG_Data2k_variance/files/Q00897.01-0000006848.PDF,Q00897.01-0000006848.PDF,.pdf,409903,ok,True,True,text,True,3,0,19,False,0,False,10-20,Name | Address | Phone | Money/Amount,True,Contact Information | Financial Account Information,False,,ambiguous,True,yes,7618,standard,bde_llm_count,True,True,3,0,0,0,0,1,10.455,False,False,True,,True,likely_no,no,4284,False,likely_non_responsive,True,,11902
CNG_Data2k_variance/files/Q00897.01-0000293926.PDF,Q00897.01-0000293926.PDF,.pdf,3756836,ok,True,False,text,False,26,0,1,False,0,False,0-10,Money/Amount,False,Financial Account Information,False,,clear_non_responsive,False,,0,likely_non_responsive,,False,False,0,0,0,0,0,0,4.239,True,False,False,stage1_nr,False,,,0,False,,False,,0
CNG_Data2k_variance/files/Q00897.01-0000466208.0003.XLSX,Q00897.01-0000466208.0003.XLSX,.xlsx,199071,ok,True,True,text,True,13,0,128,False,0,False,100+,Money/Amount,False,Financial Account Information,False,,ambiguous,True,no,7889,likely_non_responsive,bde_llm_count,False,False,0,0,0,0,0,0,2.632,True,False,False,stage1_nr,False,,,0,False,,False,,7889
CNG_Data2k_variance/files/Q00897.01-0000689507.MSG,Q00897.01-0000689507.MSG,.msg,260096,ok,True,False,text,False,0,0,18,False,0,False,10-20,Address | Email | Phone | Work-Related,True,Contact Information | Work-Related Information,False,,ambiguous,True,no,17655,likely_non_responsive,bde_llm_count,False,False,0,0,0,0,0,0,7.667,True,False,False,stage1_nr,False,,,0,False,,False,,17655
CNG_Data2k_variance/files/Q00897.01-0000552423.0001.XLSX,Q00897.01-0000552423.0001.XLSX,.xlsx,49510,ok,True,True,text,True,1,0,418,False,0,False,100+,Money/Amount,False,Financial Account Information,False,,ambiguous,True,no,15301,likely_non_responsive,roster_by_rowcount bde_llm_count,False,False,0,0,0,0,0,0,14.206,True,False,False,stage1_nr,False,,,0,False,,False,,15301
CNG_Data2k_variance/files/Q00897.01-0000254697.PDF,Q00897.01-0000254697.PDF,.pdf,1296086,ok,True,True,text,True,11,0,131,False,0,False,100+,Address | Money/Amount,True,Contact Information | Financial Account Information,False,,ambiguous,True,no,16352,likely_non_responsive,bde_llm_count,True,True,11,0,0,0,0,1,12.3,True,False,False,stage1_nr,False,,,0,False,,False,,16352
CNG_Data2k_variance/files/Q00897.01-0000736546.MSG,Q00897.01-0000736546.MSG,.msg,290816,ok,True,False,text,False,0,0,1,False,0,False,0-10,Name | Address | Email | Phone | Money/Amount | Health,True,Contact Information | Financial Account Information | Health-Related Information,False,,ambiguous,True,yes,4575,standard,,False,False,0,0,0,0,0,0,4.641,False,False,True,,True,likely_yes,yes,4643,False,standard,False,,9218
CNG_Data2k_variance/files/Q00897.01-0000857383.PDF,Q00897.01-0000857383.PDF,.pdf,593554,ok,True,False,text,False,2,0,1,False,0,False,0-10,Name | Address | Money/Amount | Work-Related,True,Contact Information | Financial Account Information | Work-Related Information,False,,ambiguous,True,yes,5332,standard,,False,False,0,0,0,0,0,0,3.907,False,False,True,,True,clear_yes,yes,5381,False,standard,False,,10713
CNG_Data2k_variance/files/Q00897.01-0000457960.0001.PDF,Q00897.01-0000457960.0001.PDF,.pdf,163541,ok,True,False,text,False,1,0,2,False,0,False,0-10,Name | Phone,True,Contact Information,False,,ambiguous,True,no,3934,likely_non_responsive,"img_ocr:p1(1/1,+16chars)",False,False,0,1,1,1,0,1,8.436,True,False,False,stage1_nr,False,,,0,False,,False,,3934
CNG_Data2k_variance/files/Q00897.01-0000905161.PDF,Q00897.01-0000905161.PDF,.pdf,65057,ok,True,False,text,False,14,0,1,False,0,False,0-10,Name | Address | Money/Amount | Work-Related,True,Contact Information | Financial Account Information | Work-Related Information,False,,ambiguous,True,yes,14123,standard,,False,False,0,0,0,0,0,0,4.326,False,False,True,,True,clear_yes,yes,14166,False,standard,False,,28289
CNG_Data2k_variance/files/Q00897.01-0000367948.MSG,Q00897.01-0000367948.MSG,.msg,256512,ok,True,False,text,False,0,0,3,False,0,False,0-10,Address | Email,True,Contact Information,False,,ambiguous,True,no,4265,likely_non_responsive,,False,False,0,0,0,0,0,0,2.544,True,False,False,stage1_nr,False,,,0,False,,False,,4265
CNG_Data2k_variance/files/Q00897.01-0000138136.PDF,Q00897.01-0000138136.PDF,.pdf,256748,ok,True,True,text,True,3,0,78,False,3,False,50-100,Name | Address | Phone | Money/Amount,True,Contact Information | Financial Account Information,False,,ambiguous,True,yes,15635,standard,bde_llm_count,True,True,3,0,0,0,0,1,19.378,False,False,True,,True,likely_no,no,8200,True,likely_non_responsive,True,,23835
CNG_Data2k_variance/files/Q00897.01-0000430211.MSG,Q00897.01-0000430211.MSG,.msg,265216,ok,True,False,text,False,0,0,1,False,0,False,0-10,Name | Address | Money/Amount,True,Contact Information | Financial Account Information,False,,ambiguous,True,no,5296,likely_non_responsive,,False,False,0,0,0,0,0,0,3.611,True,False,False,stage1_nr,False,,,0,False,,False,,5296
CNG_Data2k_variance/files/Q00897.01-0000022030.XLSX,Q00897.01-0000022030.XLSX,.xlsx,34965,ok,True,True,text,True,6,0,307,False,1,False,100+,Name | Money/Amount | Credentials | Work-Related,False,Financial Account Information | Access Credentials | Work-Related Information,False,,ambiguous,True,yes,7802,standard,roster_by_rowcount bde_llm_count,False,False,0,0,0,0,0,0,11.831,False,False,True,,True,likely_yes,yes,4353,True,structured_bde,False,,12155
CNG_Data2k_variance/files/Q00897.01-0000871150.CSV,Q00897.01-0000871150.CSV,.csv,253441,ok,True,True,text,True,0,0,1684,False,0,False,100+,Phone | Card/Transaction | Money/Amount,True,Contact Information | Financial Account Information,False,,ambiguous,True,no,9862,likely_non_responsive,bde_llm_count,False,False,0,0,0,0,0,0,2.473,True,False,False,stage1_nr,False,,,0,False,,False,,9862
CNG_Data2k_variance/files/Q00897.01-0000488190.0001.PDF,Q00897.01-0000488190.0001.PDF,.pdf,153059,ok,True,False,text,False,3,0,0,False,0,False,0-10,,False,,False,,clear_non_responsive,False,,0,likely_non_responsive,,False,False,0,0,0,0,0,0,0.404,True,False,False,stage1_nr,False,,,0,False,,False,,0
CNG_Data2k_variance/files/Q00897.01-0000769046.MSG,Q00897.01-0000769046.MSG,.msg,341504,ok,True,False,text,False,0,4,8,False,4,False,0-10,Name | Address | Email | Phone | Card/Transaction | Money/Amount,True,Contact Information | Financial Account Information,False,,ambiguous,True,yes,8209,standard,bde_llm_count,False,False,0,0,0,0,0,0,9.063,False,False,True,,True,likely_no,no,4504,False,likely_non_responsive,True,,12713
CNG_Data2k_variance/files/Q00897.01-0000881693.XLSX,Q00897.01-0000881693.XLSX,.xlsx,15302,ok,True,True,text,True,1,0,200000,True,0,True,100+,Address | Payment Card | Money/Amount,True,Contact Information | Financial Account Information,True,,ambiguous,True,no,13455,structured_bde,roster_by_rowcount bde_llm_count_roster,False,False,0,0,0,0,0,0,5.16,False,True,True,,True,clear_no,no,7185,True,likely_non_responsive,True,,20640
CNG_Data2k_variance/files/Q00897.01-0000539513.0001.PDF,Q00897.01-0000539513.0001.PDF,.pdf,22604,ok,True,False,text,False,1,0,1,False,0,False,0-10,Money/Amount,False,Financial Account Information,False,,clear_non_responsive,False,,0,likely_non_responsive,,False,False,0,0,0,0,0,0,0.049,True,False,False,stage1_nr,False,,,0,False,,False,,0
CNG_Data2k_variance/files/Q00897.01-0000123260.PDF,Q00897.01-0000123260.PDF,.pdf,80538,ok,True,True,text,True,1,0,8,False,1,False,0-10,Name | Address | Phone | Card Expiry/CVV | Money/Amount,True,Contact Information | Financial Account Information,False,,ambiguous,True,yes,7483,standard,bde_llm_count,True,True,1,0,0,0,0,1,11.668,False,False,True,,True,likely_no,no,4194,False,likely_non_responsive,True,,11677
CNG_Data2k_variance/files/Q00897.01-0000465073.MSG,Q00897.01-0000465073.MSG,.msg,317952,ok,True,False,text,False,0,4,4,False,0,False,0-10,Name,False,,False,,ambiguous,True,no,4493,likely_non_responsive,,False,False,0,0,0,0,0,0,2.266,True,False,False,stage1_nr,False,,,0,False,,False,,4493
CNG_Data2k_variance/files/Q00897.01-0000086603.PDF,Q00897.01-0000086603.PDF,.pdf,1096550,ok,True,True,text,True,3,0,16,False,1,False,10-20,Name | Address | Email | Tax ID | Money/Amount,True,Contact Information | Government-Issued Identification | Financial Account Information,False,,ambiguous,True,yes,13494,standard,bde_llm_count,True,True,3,0,0,0,0,1,31.797,False,False,True,,True,likely_no,no,7223,False,likely_non_responsive,True,,20717
CNG_Data2k_variance/files/Q00897.01-0000112622.PDF,Q00897.01-0000112622.PDF,.pdf,6418,ok,True,False,text,False,1,0,1,False,0,False,0-10,Name | Address | Health,True,Contact Information | Health-Related Information,False,,ambiguous,True,yes,3992,standard,,False,False,0,0,0,0,0,0,12.111,False,False,True,,True,likely_yes,yes,4031,False,standard,False,,8023
CNG_Data2k_variance/files/Q00897.01-0000608989.0001.PPTX,Q00897.01-0000608989.0001.PPTX,.pptx,11102453,ok,True,False,text,False,20,0,1,False,0,False,0-10,Name,False,,False,,ambiguous,True,no,4679,likely_non_responsive,,False,False,0,0,0,0,0,0,2.295,True,False,False,stage1_nr,False,,,0,False,,False,,4679
CNG_Data2k_variance\files\Q00897.01-0000126586.XLS,Q00897.01-0000126586.XLS,.xls,12688,ok,True,True,text,True,1,0,1,False,1,False,0-10,Name | Address | Bank/Account Number,True,Contact Information | Financial Account Information,False,,ambiguous,True,yes,6909,standard,bde_llm_count,False,False,0,0,0,0,0,0,5.385,False,False,True,,True,likely_no,no,3997,False,likely_non_responsive,True,,10906
CNG_Data2k_variance/files/Q00897.01-0000691345.MSG,Q00897.01-0000691345.MSG,.msg,221184,ok,True,False,text,False,0,1,2,False,0,False,0-10,Name | Phone,True,Contact Information,False,,ambiguous,True,no,4568,likely_non_responsive,,False,False,0,0,0,0,0,0,1.746,True,False,False,stage1_nr,False,,,0,False,,False,,4568
CNG_Data2k_variance/files/Q00897.01-0000022152.XLSX,Q00897.01-0000022152.XLSX,.xlsx,35041,ok,True,True,text,True,6,0,307,False,307,True,100+,Name | Money/Amount | Credentials | Work-Related,False,Financial Account Information | Access Credentials | Work-Related Information,True,,ambiguous,True,yes,7595,structured_bde,roster_by_rowcount bde_llm_count_roster,False,False,0,0,0,0,0,0,12.577,False,True,True,,True,likely_yes,yes,4265,True,structured_bde,False,,11860
CNG_Data2k_variance/files/Q00897.01-0000771935.0001.PDF,Q00897.01-0000771935.0001.PDF,.pdf,90794,ok,True,False,text,False,2,0,1,False,0,False,0-10,Name | Email | Phone | Money/Amount,True,Contact Information | Financial Account Information,False,,ambiguous,True,yes,4863,standard,,False,False,0,0,0,0,0,0,3.894,False,False,True,,True,clear_yes,yes,4964,False,standard,False,,9827
CNG_Data2k_variance/files/Q00897.01-0000597548.0002.XLSX,Q00897.01-0000597548.0002.XLSX,.xlsx,13521,ok,True,True,text,True,1,0,0,False,0,False,0-10,Money/Amount,False,Financial Account Information,False,,ambiguous,True,no,8185,structured_unreadable,bde_llm_count,False,False,0,0,0,0,0,0,12.072,False,False,True,,True,clear_no,no,4596,False,likely_non_responsive,True,,12781
CNG_Data2k_variance/files/Q00897.01-0000583040.0001.PDF,Q00897.01-0000583040.0001.PDF,.pdf,21152,ok,True,False,text,False,1,0,0,False,0,False,0-10,,False,,False,,clear_non_responsive,False,,0,likely_non_responsive,,False,False,0,0,0,0,0,0,0.019,True,False,False,stage1_nr,False,,,0,False,,False,,0
CNG_Data2k_variance/files/Q00897.01-0000892287.PDF,Q00897.01-0000892287.PDF,.pdf,203654,ok,True,False,text,False,30,0,12,False,5,False,10-20,Address | Phone | SSN | Money/Amount | Work-Related,True,Contact Information | Government-Issued Identification | Financial Account Information | Work-Related Information,False,,clear_responsive,False,,13771,standard,bde_llm_count_roster,False,False,0,0,0,0,0,0,9.363,False,False,True,,True,clear_yes,yes,14755,False,standard,False,,28526
CNG_Data2k_variance/files/Q00897.01-0000669108.MSG,Q00897.01-0000669108.MSG,.msg,315392,ok,True,False,text,False,0,1,3,False,0,False,0-10,Name | Phone,True,Contact Information,False,,ambiguous,True,no,3729,likely_non_responsive,,False,False,0,0,0,0,0,0,2.132,True,False,False,stage1_nr,False,,,0,False,,False,,3729
CNG_Data2k_variance/files/Q00897.01-0000045800.PDF,Q00897.01-0000045800.PDF,.pdf,93464,ok,True,False,text,False,1,0,1,False,0,False,0-10,Name | Address | Email | Money/Amount,True,Contact Information | Financial Account Information,False,,ambiguous,True,no,4459,likely_non_responsive,"img_ocr:p1(1/1,+26chars)",False,False,0,1,1,1,0,1,5.599,True,False,False,stage1_nr,False,,,0,False,,False,,4459
CNG_Data2k_variance/files/Q00897.01-0000686436.MSG,Q00897.01-0000686436.MSG,.msg,265728,ok,True,False,text,False,0,0,2,False,0,False,0-10,Name | Address | Email | Money/Amount | Work-Related,True,Contact Information | Financial Account Information | Work-Related Information,False,,ambiguous,True,yes,5537,standard,,False,False,0,0,0,0,0,0,6.541,False,False,True,,True,likely_no,no,5624,False,likely_non_responsive,True,,11161
CNG_Data2k_variance/files/Q00897.01-0000911526.PDF,Q00897.01-0000911526.PDF,.pdf,37312,ok,True,True,text,True,2,0,44,False,1,False,20-50,SSN | Money/Amount,True,Government-Issued Identification | Financial Account Information,False,,clear_responsive,False,,3737,standard,bde_llm_count_roster,True,True,2,0,0,0,0,1,9.595,False,False,True,,True,clear_yes,yes,4577,False,standard,False,,8314
CNG_Data2k_variance/files/Q00897.01-0000136564.PDF,Q00897.01-0000136564.PDF,.pdf,5254278,ok,True,True,text,True,15,0,290,False,0,False,100+,Name | Address | Email | Phone | Money/Amount,True,Contact Information | Financial Account Information,False,,ambiguous,True,yes,20288,standard,bde_llm_count,True,True,15,0,0,0,0,1,31.657,False,False,True,,True,likely_yes,yes,10620,True,structured_bde,False,,30908
CNG_Data2k_variance/files/Q00897.01-0000538246.MSG,Q00897.01-0000538246.MSG,.msg,198656,ok,True,False,text,False,0,0,6,False,0,False,0-10,Name | Address | Email | Card Expiry/CVV,True,Contact Information | Financial Account Information,False,,ambiguous,True,no,5729,likely_non_responsive,,False,False,0,0,0,0,0,0,12.151,True,False,False,stage1_nr,False,,,0,False,,False,,5729
CNG_Data2k_variance/files/Q00897.01-0000843209.MSG,Q00897.01-0000843209.MSG,.msg,33792,error,False,False,,False,0,0,0,False,0,False,,,False,,False,,,False,,0,review_error,KeyError,False,False,0,0,0,0,0,0,0.371,False,False,False,extract_error,False,,,0,False,,False,,0
CNG_Data2k_variance/files/Q00897.01-0000872784.PDF,Q00897.01-0000872784.PDF,.pdf,129395,ok,True,True,text,True,4,0,66,False,2,False,50-100,Address | Phone | Money/Amount,True,Contact Information | Financial Account Information,False,,ambiguous,True,yes,14227,standard,bde_llm_count,True,True,4,0,0,0,0,1,17.429,False,False,True,,True,likely_yes,yes,7599,True,structured_bde,False,,21826
CNG_Data2k_variance/files/Q00897.01-0000407149.MSG,Q00897.01-0000407149.MSG,.msg,148480,ok,True,False,text,False,0,2,9,False,3,False,0-10,Name | Address | Email | Phone | Money/Amount | Work-Related,True,Contact Information | Financial Account Information | Work-Related Information,False,,ambiguous,True,yes,9672,standard,bde_llm_count,False,False,0,0,0,0,0,0,13.642,False,False,True,,True,likely_yes,yes,5323,False,standard,False,,14995
CNG_Data2k_variance/files/Q00897.01-0000797118.0001.PDF,Q00897.01-0000797118.0001.PDF,.pdf,1471765,ok,True,True,text,True,2,0,16,False,2,False,10-20,Name | Address | Phone | Card/Transaction | Account Balance | Money/Amount | Health,True,Contact Information | Financial Account Information | Health-Related Information,False,,ambiguous,True,yes,8888,standard,bde_llm_count,True,True,2,0,0,0,0,1,10.616,False,False,True,,True,clear_yes,yes,4926,False,standard,False,,13814
CNG_Data2k_variance/files/Q00897.01-0000020981.PDF,Q00897.01-0000020981.PDF,.pdf,31249,ok,True,False,text,False,3,0,7,False,7,False,0-10,Name | Address | Email | Phone | Money/Amount | Demographic | Work-Related,True,Contact Information | Financial Account Information | Demographic Information | Work-Related Information,False,,ambiguous,True,yes,9592,standard,bde_llm_count_roster,False,False,0,0,0,0,0,0,16.244,False,False,True,,True,clear_yes,yes,5245,False,standard,False,,14837
CNG_Data2k_variance/files/Q00897.01-0000100873.PDF,Q00897.01-0000100873.PDF,.pdf,100566,ok,True,False,text,False,2,0,2,False,0,False,0-10,Name | Address | Email | Phone | Money/Amount,True,Contact Information | Financial Account Information,False,,ambiguous,True,yes,5458,standard,,False,False,0,0,0,0,0,0,15.391,False,False,True,,True,clear_yes,yes,5516,False,standard,False,,10974
CNG_Data2k_variance/files/Q00897.01-0000537422.0001.PDF,Q00897.01-0000537422.0001.PDF,.pdf,22633,ok,True,False,text,False,1,0,1,False,0,False,0-10,Money/Amount,False,Financial Account Information,False,,clear_non_responsive,False,,0,likely_non_responsive,,False,False,0,0,0,0,0,0,0.024,True,False,False,stage1_nr,False,,,0,False,,False,,0
CNG_Data2k_variance/files/Q00897.01-0000845448.0003.PDF,Q00897.01-0000845448.0003.PDF,.pdf,224601,ok,True,True,text,True,4,0,29,False,0,False,20-50,Name | Address | Email | Phone | Money/Amount,True,Contact Information | Financial Account Information,False,,ambiguous,True,yes,11405,standard,bde_llm_count,True,True,4,0,0,0,0,1,12.24,False,False,True,,True,likely_no,no,6192,False,likely_non_responsive,True,,17597
CNG_Data2k_variance/files/Q00897.01-0000908350.PDF,Q00897.01-0000908350.PDF,.pdf,841969,ok,True,False,text,False,125,0,50,False,51,True,20-50,Name | Address | Phone | Money/Amount,True,Contact Information | Financial Account Information,True,,ambiguous,True,yes,35205,bde,bde_llm_count_roster,False,False,0,0,0,0,0,0,25.587,False,True,True,,True,clear_yes,yes,18125,False,standard,False,,53330
CNG_Data2k_variance/files/Q00897.01-0000664632.0001.XLSX,Q00897.01-0000664632.0001.XLSX,.xlsx,14988,ok,True,True,text,True,1,0,131,False,2,False,100+,Name | Phone | Money/Amount,True,Contact Information | Financial Account Information,False,,ambiguous,True,no,7939,likely_non_responsive,roster_by_rowcount bde_llm_count,False,False,0,0,0,0,0,0,4.765,True,False,False,stage1_nr,False,,,0,False,,False,,7939
CNG_Data2k_variance/files/Q00897.01-0000866696.XLSX,Q00897.01-0000866696.XLSX,.xlsx,14472,ok,True,True,text,True,1,0,51,False,51,True,50-100,Name | Money/Amount,False,Financial Account Information,True,,ambiguous,True,yes,6801,structured_bde,roster_by_rowcount bde_llm_count_roster,False,False,0,0,0,0,0,0,4.985,False,True,True,,True,likely_yes,yes,3866,True,structured_bde,False,,10667
CNG_Data2k_variance/files/Q00897.01-0000903306.PDF,Q00897.01-0000903306.PDF,.pdf,15887,ok,True,False,text,False,2,0,1,False,0,False,0-10,Money/Amount,False,Financial Account Information,False,,clear_non_responsive,False,,0,likely_non_responsive,,False,False,0,0,0,0,0,0,0.101,True,False,False,stage1_nr,False,,,0,False,,False,,0
CNG_Data2k_variance/files/Q00897.01-0000894569.PDF,Q00897.01-0000894569.PDF,.pdf,114848,ok,True,False,text,False,1,0,1,False,0,False,0-10,Name | Money/Amount | Work-Related,False,Financial Account Information | Work-Related Information,False,,ambiguous,True,yes,4112,standard,,False,False,0,0,0,0,0,0,2.771,False,False,True,,True,clear_yes,yes,4166,False,standard,False,,8278
CNG_Data2k_variance/files/Q00897.01-0000137233.PDF,Q00897.01-0000137233.PDF,.pdf,2292126,ok,True,True,text,True,15,0,239,False,10,False,100+,Name | Address | Email | Phone | Money/Amount,True,Contact Information | Financial Account Information,False,,ambiguous,True,yes,21985,standard,bde_llm_count,True,True,15,0,0,0,0,1,24.772,False,False,True,,True,clear_no,no,11330,True,likely_non_responsive,True,,33315
CNG_Data2k_variance/files/Q00897.01-0000847936.0003.DOCX,Q00897.01-0000847936.0003.DOCX,.docx,21433,ok,True,False,text,False,0,0,2,False,0,False,0-10,Name | Address | Money/Amount | Work-Related,True,Contact Information | Financial Account Information | Work-Related Information,False,,ambiguous,True,yes,4084,standard,,False,False,0,0,0,0,0,0,3.194,False,False,True,,True,clear_yes,yes,4138,False,standard,False,,8222
CNG_Data2k_variance/files/Q00897.01-0000246306.PDF,Q00897.01-0000246306.PDF,.pdf,125963,ok,True,False,text,False,1,0,1,False,0,False,0-10,Money/Amount,False,Financial Account Information,False,,clear_non_responsive,False,,0,likely_non_responsive,,False,False,0,0,0,0,0,0,0.059,True,False,False,stage1_nr,False,,,0,False,,False,,0
CNG_Data2k_variance/files/Q00897.01-0000341077.PDF,Q00897.01-0000341077.PDF,.pdf,800544,ok,True,False,text,False,1,0,0,False,0,False,0-10,,False,,False,,clear_non_responsive,False,,0,likely_non_responsive,,True,True,1,0,0,0,0,1,4.365,True,False,False,stage1_nr,False,,,0,False,,False,,0
CNG_Data2k_variance/files/Q00897.01-0000005773.PDF,Q00897.01-0000005773.PDF,.pdf,1333018,ok,True,True,text,True,2,0,23,False,3,False,20-50,Name | Money/Amount | Work-Related,False,Financial Account Information | Work-Related Information,False,,ambiguous,True,yes,8407,standard,bde_llm_count,True,True,2,0,0,0,0,1,17.478,False,False,True,,True,likely_yes,yes,4676,False,standard,False,,13083
CNG_Data2k_variance/files/Q00897.01-0000880950.MSG,Q00897.01-0000880950.MSG,.msg,868864,ok,True,False,text,False,0,1,2,False,0,False,0-10,Name | Address | Phone | Card/Transaction,True,Contact Information | Financial Account Information,False,,ambiguous,True,yes,4314,standard,,False,False,0,0,0,0,0,0,2.815,False,False,True,,True,likely_no,no,4372,False,likely_non_responsive,True,,8686
CNG_Data2k_variance/files/Q00897.01-0000013067.PDF,Q00897.01-0000013067.PDF,.pdf,79483,ok,True,False,text,False,2,0,3,False,0,False,0-10,Name | Money/Amount,True,Financial Account Information,False,,ambiguous,True,yes,4559,standard,,False,False,0,0,0,0,0,0,4.326,False,False,True,,True,clear_yes,yes,4606,False,standard,False,,9165
CNG_Data2k_variance/files/Q00897.01-0000454321.0001.DOCX,Q00897.01-0000454321.0001.DOCX,.docx,30124,ok,True,False,text,False,0,0,4,False,0,False,0-10,Name | Phone,True,Contact Information,False,,ambiguous,True,no,3873,likely_non_responsive,,False,False,0,0,0,0,0,0,1.407,True,False,False,stage1_nr,False,,,0,False,,False,,3873
CNG_Data2k_variance/files/Q00897.01-0000883949.PDF,Q00897.01-0000883949.PDF,.pdf,3279595,ok,True,False,text,False,37,0,3,False,0,False,0-10,Name | Address | Phone | Money/Amount | Health | Demographic | Work-Related,True,Contact Information | Financial Account Information | Health-Related Information | Demographic Information | Work-Related Information,False,,ambiguous,True,yes,10461,standard,,False,False,0,0,0,0,0,0,6.335,False,False,True,,True,likely_no,no,10498,False,likely_non_responsive,True,,20959
CNG_Data2k_variance/files/Q00897.01-0000858478.PDF,Q00897.01-0000858478.PDF,.pdf,616731,ok,True,False,text,False,2,0,2,False,0,False,0-10,Name | Money/Amount | Work-Related,False,Financial Account Information | Work-Related Information,False,,ambiguous,True,yes,5079,standard,,False,False,0,0,0,0,0,0,6.054,False,False,True,,True,clear_yes,yes,5121,False,standard,False,,10200
CNG_Data2k_variance/files/Q00897.01-0000103313.PDF,Q00897.01-0000103313.PDF,.pdf,112150,ok,True,False,text,False,1,0,3,False,0,False,0-10,Name | Phone | Money/Amount,True,Contact Information | Financial Account Information,False,,ambiguous,True,yes,4003,standard,"img_ocr:p1(1/1,+17chars)",False,False,0,1,1,1,0,1,17.463,False,False,True,,True,likely_yes,yes,4053,False,standard,False,,8056
CNG_Data2k_variance/files/Q00897.01-0000538165.0001.PDF,Q00897.01-0000538165.0001.PDF,.pdf,22661,ok,True,False,text,False,1,0,1,False,0,False,0-10,Money/Amount,False,Financial Account Information,False,,clear_non_responsive,False,,0,likely_non_responsive,,False,False,0,0,0,0,0,0,0.035,True,False,False,stage1_nr,False,,,0,False,,False,,0
CNG_Data2k_variance/files/Q00897.01-0000530381.0001.PDF,Q00897.01-0000530381.0001.PDF,.pdf,22599,ok,True,False,text,False,1,0,1,False,0,False,0-10,Money/Amount,False,Financial Account Information,False,,clear_non_responsive,False,,0,likely_non_responsive,,False,False,0,0,0,0,0,0,0.032,True,False,False,stage1_nr,False,,,0,False,,False,,0
CNG_Data2k_variance/files/Q00897.01-0000906028.PDF,Q00897.01-0000906028.PDF,.pdf,2968210,ok,True,True,text,True,15,0,402,False,9,True,100+,Address | Phone | SSN | Money/Amount | Work-Related,True,Contact Information | Government-Issued Identification | Financial Account Information | Work-Related Information,True,,clear_responsive,False,,12078,structured_bde,bde_llm_count_roster,True,True,15,0,0,0,0,1,34.478,False,True,True,,True,clear_yes,yes,13106,True,structured_bde,False,,25184
CNG_Data2k_variance/files/Q00897.01-0000870422.PDF,Q00897.01-0000870422.PDF,.pdf,133644,ok,True,False,text,False,13,0,3,False,0,False,0-10,Name | Address | Phone | Money/Amount,True,Contact Information | Financial Account Information,False,,ambiguous,True,yes,14417,standard,,False,False,0,0,0,0,0,0,10.233,False,False,True,,True,likely_no,no,14486,False,likely_non_responsive,True,,28903
CNG_Data2k_variance/files/Q00897.01-0000260267.PDF,Q00897.01-0000260267.PDF,.pdf,1772230,ok,True,True,text,True,15,0,646,False,1,False,100+,Name | Money/Amount,False,Financial Account Information,False,,ambiguous,True,yes,35501,standard,bde_llm_count,True,True,15,0,0,0,0,1,40.028,False,False,True,,True,likely_no,no,18286,True,likely_non_responsive,True,,53787
CNG_Data2k_variance/files/Q00897.01-0000004740.PDF,Q00897.01-0000004740.PDF,.pdf,76911,ok,True,False,text,False,1,0,0,False,0,False,0-10,,False,,False,,clear_non_responsive,False,,0,likely_non_responsive,,True,True,1,0,0,0,0,1,4.233,True,False,False,stage1_nr,False,,,0,False,,False,,0
CNG_Data2k_variance/files/Q00897.01-0000893925.XLSX,Q00897.01-0000893925.XLSX,.xlsx,24292,ok,True,True,text,True,3,0,91,False,7,True,50-100,Name | Money/Amount,False,Financial Account Information,True,,ambiguous,True,yes,11725,structured_bde,roster_by_rowcount bde_llm_count_roster,False,False,0,0,0,0,0,0,7.097,False,True,True,,True,clear_yes,yes,6335,True,structured_bde,False,,18060
CNG_Data2k_variance/files/Q00897.01-0000134069.PDF,Q00897.01-0000134069.PDF,.pdf,1332095,ok,True,True,text,True,9,0,54,False,0,False,50-100,Money/Amount,False,Financial Account Information,False,,ambiguous,True,no,11781,likely_non_responsive,bde_llm_count,True,True,9,0,0,0,0,1,14.438,True,False,False,stage1_nr,False,,,0,False,,False,,11781
CNG_Data2k_variance/files/Q00897.01-0000773701.MSG,Q00897.01-0000773701.MSG,.msg,72192,ok,True,False,text,False,0,0,1,False,0,False,0-10,Name | Email | Phone | Money/Amount,True,Contact Information | Financial Account Information,False,,ambiguous,True,yes,4702,standard,,False,False,0,0,0,0,0,0,6.814,False,False,True,,True,clear_yes,yes,4756,False,standard,False,,9458
CNG_Data2k_variance/files/Q00897.01-0000837347.MSG,Q00897.01-0000837347.MSG,.msg,113664,ok,True,False,text,False,0,2,5,False,0,False,0-10,Name | Address | Email | Phone | Money/Amount,True,Contact Information | Financial Account Information,False,,ambiguous,True,yes,5097,standard,,False,False,0,0,0,0,0,0,4.011,False,False,True,,True,likely_no,no,5129,False,likely_non_responsive,True,,10226
CNG_Data2k_variance/files/Q00897.01-0000504423.MSG,Q00897.01-0000504423.MSG,.msg,93696,ok,True,False,text,False,0,0,3,False,0,False,0-10,Name | Address | Email | Tax ID | Money/Amount,True,Contact Information | Government-Issued Identification | Financial Account Information,False,,ambiguous,True,yes,4532,standard,,False,False,0,0,0,0,0,0,7.73,False,False,True,,True,borderline,no,4619,False,likely_non_responsive,True,,9151
CNG_Data2k_variance/files/Q00897.01-0000759841.MSG,Q00897.01-0000759841.MSG,.msg,109056,ok,True,False,text,False,0,0,1,False,0,False,0-10,Money/Amount | Work-Related,False,Financial Account Information | Work-Related Information,False,,ambiguous,True,no,4689,likely_non_responsive,,False,False,0,0,0,0,0,0,4.038,True,False,False,stage1_nr,False,,,0,False,,False,,4689
CNG_Data2k_variance/files/Q00897.01-0000567605.0001.PNG,Q00897.01-0000567605.0001.PNG,.png,330559,ok,True,True,text,True,1,0,5,False,0,False,0-10,Money/Amount,False,Financial Account Information,False,,ambiguous,True,no,7505,likely_non_responsive,bde_llm_count,True,True,1,0,0,0,0,1,22.754,True,False,False,stage1_nr,False,,,0,False,,False,,7505
CNG_Data2k_variance/files/Q00897.01-0000854835.XLSX,Q00897.01-0000854835.XLSX,.xlsx,51443,ok,True,True,text,True,3,0,67,False,67,True,50-100,Name | Address | Money/Amount,True,Contact Information | Financial Account Information,True,,ambiguous,True,yes,11245,structured_bde,bde_llm_count_roster,False,False,0,0,0,0,0,0,6.36,False,True,True,,True,clear_yes,yes,6122,True,structured_bde,False,,17367
CNG_Data2k_variance/files/Q00897.01-0000283262.PDF,Q00897.01-0000283262.PDF,.pdf,120345,ok,True,True,text,True,2,0,13,False,2,False,10-20,Name | Address | Phone | Card/Transaction | Money/Amount,True,Contact Information | Financial Account Information,False,,ambiguous,True,yes,7003,standard,bde_llm_count,True,True,2,0,0,0,0,1,10.301,False,False,True,,True,likely_yes,yes,3969,False,standard,False,,10972
CNG_Data2k_variance/files/Q00897.01-0000283622.MSG,Q00897.01-0000283622.MSG,.msg,143360,ok,True,False,text,False,0,0,3,False,0,False,0-10,Name | Email,True,Contact Information,False,,ambiguous,True,yes,5053,standard,,False,False,0,0,0,0,0,0,5.078,False,False,True,,True,likely_yes,yes,5120,False,standard,False,,10173
CNG_Data2k_variance/files/Q00897.01-0000707121.MSG,Q00897.01-0000707121.MSG,.msg,186368,ok,True,False,text,False,0,0,2,False,0,False,0-10,Name | Address | Email | Phone | Payment Card | Money/Amount,True,Contact Information | Financial Account Information,False,,ambiguous,True,yes,4306,standard,,False,False,0,0,0,0,0,0,4.222,False,False,True,,True,clear_no,no,4357,False,likely_non_responsive,True,,8663
CNG_Data2k_variance/files/Q00897.01-0000262537.PDF,Q00897.01-0000262537.PDF,.pdf,690918,ok,True,False,text,False,309,0,288,False,0,False,100+,Address | Phone | Payment Card | Money/Amount,True,Contact Information | Financial Account Information,False,,ambiguous,True,no,27709,likely_non_responsive,bde_llm_count,False,False,0,0,0,0,0,0,8.675,True,False,False,stage1_nr,False,,,0,False,,False,,27709
CNG_Data2k_variance/files/Q00897.01-0000238674.PDF,Q00897.01-0000238674.PDF,.pdf,799164,ok,True,True,text,True,9,0,13,False,1,False,10-20,Name | Account Balance | Money/Amount | Demographic | Work-Related,False,Financial Account Information | Demographic Information | Work-Related Information,False,,ambiguous,True,yes,17245,standard,bde_llm_count,True,True,9,0,0,0,0,1,16.865,False,False,True,,True,borderline,no,9097,False,likely_non_responsive,True,,26342
CNG_Data2k_variance/files/Q00897.01-0000563176.0001.XLSX,Q00897.01-0000563176.0001.XLSX,.xlsx,72034,ok,True,True,text,True,1,0,52,False,0,False,50-100,Phone | Money/Amount,True,Contact Information | Financial Account Information,False,,ambiguous,True,no,14219,likely_non_responsive,bde_llm_count,False,False,0,0,0,0,0,0,11.771,True,False,False,stage1_nr,False,,,0,False,,False,,14219
CNG_Data2k_variance/files/Q00897.01-0000755182.MSG,Q00897.01-0000755182.MSG,.msg,90112,ok,True,False,text,False,0,1,3,False,0,False,0-10,Name | Address | Email | Phone,True,Contact Information,False,,ambiguous,True,no,4370,likely_non_responsive,,False,False,0,0,0,0,0,0,2.224,True,False,False,stage1_nr,False,,,0,False,,False,,4370
CNG_Data2k_variance/files/Q00897.01-0000112720.PDF,Q00897.01-0000112720.PDF,.pdf,9800,ok,True,False,text,False,1,0,1,False,0,False,0-10,Name | Address | Money/Amount | Health,True,Contact Information | Financial Account Information | Health-Related Information,False,,ambiguous,True,yes,4433,standard,,False,False,0,0,0,0,0,0,11.841,False,False,True,,True,likely_no,no,4485,False,likely_non_responsive,True,,8918
CNG_Data2k_variance/files/Q00897.01-0000723505.MSG,Q00897.01-0000723505.MSG,.msg,399872,ok,True,False,text,False,0,0,1,False,0,False,0-10,Money/Amount | Health | Work-Related,False,Financial Account Information | Health-Related Information | Work-Related Information,False,,ambiguous,True,no,7499,likely_non_responsive,,False,False,0,0,0,0,0,0,3.837,True,False,False,stage1_nr,False,,,0,False,,False,,7499
CNG_Data2k_variance/files/Q00897.01-0000107041.0001.PDF,Q00897.01-0000107041.0001.PDF,.pdf,160648,ok,True,False,text,False,3,0,5,False,0,False,0-10,Name | Address | Email | Phone | Money/Amount,True,Contact Information | Financial Account Information,False,,ambiguous,True,yes,5071,standard,,False,False,0,0,0,0,0,0,12.769,False,False,True,,True,clear_no,no,5147,False,likely_non_responsive,True,,10218
CNG_Data2k_variance/files/Q00897.01-0000346193.PDF,Q00897.01-0000346193.PDF,.pdf,31629,ok,True,False,text,False,7,0,1,False,0,False,0-10,Address | Money/Amount,True,Contact Information | Financial Account Information,False,,ambiguous,True,yes,6839,standard,,False,False,0,0,0,0,0,0,4.552,False,False,True,,True,likely_yes,yes,6877,False,standard,False,,13716
CNG_Data2k_variance/files/Q00897.01-0000890445.PDF,Q00897.01-0000890445.PDF,.pdf,11843,ok,True,False,text,False,1,0,1,False,0,False,0-10,Phone,True,Contact Information,False,,ambiguous,True,yes,3819,standard,,False,False,0,0,0,0,0,0,3.926,False,False,True,,True,borderline,no,3895,False,likely_non_responsive,True,,7714
CNG_Data2k_variance/files/Q00897.01-0000561167.MSG,Q00897.01-0000561167.MSG,.msg,321024,ok,True,False,text,False,0,0,6,False,0,False,0-10,Name | Address | Email | Phone | Money/Amount,True,Contact Information | Financial Account Information,False,,ambiguous,True,yes,5990,standard,,False,False,0,0,0,0,0,0,13.822,False,False,True,,True,borderline,no,6027,False,likely_non_responsive,True,,12017
CNG_Data2k_variance/files/Q00897.01-0000766079.MSG,Q00897.01-0000766079.MSG,.msg,203776,ok,True,False,text,False,0,0,2,False,0,False,0-10,Name | Address | Email | Phone,True,Contact Information,False,,ambiguous,True,no,4231,likely_non_responsive,,False,False,0,0,0,0,0,0,2.791,True,False,False,stage1_nr,False,,,0,False,,False,,4231
CNG_Data2k_variance/files/Q00897.01-0000133133.PDF,Q00897.01-0000133133.PDF,.pdf,641151,ok,True,True,text,True,4,0,48,False,0,False,20-50,Name | Phone | Money/Amount,True,Contact Information | Financial Account Information,False,,ambiguous,True,yes,9309,standard,bde_llm_count,True,True,4,0,0,0,0,1,19.622,False,False,True,,True,clear_no,no,5126,False,likely_non_responsive,True,,14435
CNG_Data2k_variance/files/Q00897.01-0000474264.MSG,Q00897.01-0000474264.MSG,.msg,2164224,ok,True,False,text,False,0,5,5,False,0,False,0-10,Name | Email | Phone | Card/Transaction,True,Contact Information | Financial Account Information,False,,ambiguous,True,yes,5227,standard,,False,False,0,0,0,0,0,0,5.825,False,False,True,,True,likely_no,no,5304,False,likely_non_responsive,True,,10531
CNG_Data2k_variance/files/Q00897.01-0000112237.XLSX,Q00897.01-0000112237.XLSX,.xlsx,33044,ok,True,True,text,True,1,0,573,False,0,False,100+,Work-Related,False,Work-Related Information,False,,ambiguous,True,no,7985,likely_non_responsive,roster_by_rowcount bde_llm_count,False,False,0,0,0,0,0,0,10.182,True,False,False,stage1_nr,False,,,0,False,,False,,7985
CNG_Data2k_variance/files/Q00897.01-0000636324.MSG,Q00897.01-0000636324.MSG,.msg,113664,ok,True,False,text,False,0,2,7,False,3,False,0-10,Name | Address | Email | Phone | Health,True,Contact Information | Health-Related Information,False,,ambiguous,True,yes,8406,standard,bde_llm_count,False,False,0,0,0,0,0,0,6.554,False,False,True,,True,clear_yes,yes,4664,False,standard,False,,13070
CNG_Data2k_variance/files/Q00897.01-0000840568.0001.DOCX,Q00897.01-0000840568.0001.DOCX,.docx,249122,ok,True,False,text,False,0,0,1,False,0,False,0-10,Card Expiry/CVV | Money/Amount,False,Financial Account Information,False,,ambiguous,True,no,8454,likely_non_responsive,,False,False,0,0,0,0,0,0,1.757,True,False,False,stage1_nr,False,,,0,False,,False,,8454
CNG_Data2k_variance/files/Q00897.01-0000620628.0001.0008.XLSX,Q00897.01-0000620628.0001.0008.XLSX,.xlsx,1152995,ok,True,True,text,True,14,0,318,False,318,True,100+,Phone,True,Contact Information,True,,ambiguous,True,no,11023,structured_bde,bde_llm_count_roster,False,False,0,0,0,0,0,0,6.289,False,True,True,,True,clear_no,no,5952,True,likely_non_responsive,True,,16975
CNG_Data2k_variance/files/Q00897.01-0000809030.0001.PDF,Q00897.01-0000809030.0001.PDF,.pdf,277071,ok,True,False,text,False,3,0,1,False,0,False,0-10,Name | Address | Health,True,Contact Information | Health-Related Information,False,,ambiguous,True,no,6024,likely_non_responsive,,True,True,3,0,0,0,0,1,7.191,True,False,False,stage1_nr,False,,,0,False,,False,,6024
CNG_Data2k_variance/files/Q00897.01-0000344665.PDF,Q00897.01-0000344665.PDF,.pdf,14085,ok,True,False,text,False,2,0,1,False,0,False,0-10,Money/Amount,False,Financial Account Information,False,,clear_non_responsive,False,,0,likely_non_responsive,,False,False,0,0,0,0,0,0,0.19,True,False,False,stage1_nr,False,,,0,False,,False,,0
CNG_Data2k_variance/files/Q00897.01-0000669017.MSG,Q00897.01-0000669017.MSG,.msg,182272,ok,True,False,text,False,0,2,3,False,0,False,0-10,Name | Phone,True,Contact Information,False,,ambiguous,True,no,3739,likely_non_responsive,,False,False,0,0,0,0,0,0,2.305,True,False,False,stage1_nr,False,,,0,False,,False,,3739
CNG_Data2k_variance/files/Q00897.01-0000256840.PDF,Q00897.01-0000256840.PDF,.pdf,31560,ok,True,True,text,True,2,0,12,False,0,False,10-20,Address | Bank/Account Number | Money/Amount | Work-Related,True,Contact Information | Financial Account Information | Work-Related Information,False,,ambiguous,True,no,8697,likely_non_responsive,bde_llm_count,True,True,2,0,0,0,0,1,8.066,True,False,False,stage1_nr,False,,,0,False,,False,,8697
CNG_Data2k_variance/files/Q00897.01-0000763315.0001.PDF,Q00897.01-0000763315.0001.PDF,.pdf,57393,ok,True,True,text,True,2,0,1,False,2,False,0-10,Name | Address | Email | Phone | Payment Card | Card Expiry/CVV | Card/Transaction | Money/Amount | Family,True,Contact Information | Financial Account Information | Family Information,False,,ambiguous,True,yes,9154,standard,bde_llm_count,True,True,2,0,0,0,0,1,11.836,False,False,True,,True,clear_yes,yes,5032,False,standard,False,,14186
CNG_Data2k_variance\files\Q00897.01-0000290410.XLS,Q00897.01-0000290410.XLS,.xls,37093,ok,True,True,text,True,1,0,241,False,241,True,100+,Name | SSN | Money/Amount | Health,True,Government-Issued Identification | Financial Account Information | Health-Related Information,True,,clear_responsive,False,,7305,structured_bde,bde_llm_count_roster,False,False,0,0,0,0,0,0,6.4,False,True,True,,True,clear_yes,yes,8539,True,structured_bde,False,,15844
CNG_Data2k_variance/files/Q00897.01-0000198577.PDF,Q00897.01-0000198577.PDF,.pdf,13978,ok,True,False,text,False,1,0,2,False,0,False,0-10,Address | Phone | Money/Amount | Health,True,Contact Information | Financial Account Information | Health-Related Information,False,,ambiguous,True,no,4068,likely_non_responsive,"img_ocr:p1(1/1,+21chars)",False,False,0,1,1,1,0,1,6.345,True,False,False,stage1_nr,False,,,0,False,,False,,4068
CNG_Data2k_variance/files/Q00897.01-0000852887.PDF,Q00897.01-0000852887.PDF,.pdf,67469,ok,True,False,text,False,1,0,1,False,0,False,0-10,Address | Money/Amount,True,Contact Information | Financial Account Information,False,,ambiguous,True,no,4003,likely_non_responsive,,False,False,0,0,0,0,0,0,1.728,True,False,False,stage1_nr,False,,,0,False,,False,,4003
CNG_Data2k_variance/files/Q00897.01-0000121348.PDF,Q00897.01-0000121348.PDF,.pdf,271202,ok,True,False,text,False,4,0,7,False,2,False,0-10,Name | Address | Phone | Card/Transaction | Money/Amount,True,Contact Information | Financial Account Information,False,,ambiguous,True,yes,10958,standard,bde_llm_count,False,False,0,0,0,0,0,0,6.615,False,False,True,,True,clear_yes,yes,5982,False,standard,False,,16940
CNG_Data2k_variance/files/Q00897.01-0000673351.0001.PDF,Q00897.01-0000673351.0001.PDF,.pdf,2842,ok,True,False,text,False,1,0,1,False,0,False,0-10,Address | Money/Amount,True,Contact Information | Financial Account Information,False,,ambiguous,True,no,3913,likely_non_responsive,,False,False,0,0,0,0,0,0,1.257,True,False,False,stage1_nr,False,,,0,False,,False,,3913
CNG_Data2k_variance/files/Q00897.01-0000459618.0001.PDF,Q00897.01-0000459618.0001.PDF,.pdf,42109,ok,True,False,text,False,14,0,30,False,18,False,20-50,Name | Address | Phone | Card/Transaction | Money/Amount,True,Contact Information | Financial Account Information,False,,ambiguous,True,yes,27890,standard,bde_llm_count,False,False,0,0,0,0,0,0,12.158,False,False,True,,True,likely_no,no,14430,False,likely_non_responsive,True,,42320
CNG_Data2k_variance/files/Q00897.01-0000812404.0001.PDF,Q00897.01-0000812404.0001.PDF,.pdf,218380,ok,True,True,text,True,1,0,21,False,0,False,20-50,Name | Address | Card/Transaction | Money/Amount,True,Contact Information | Financial Account Information,False,,ambiguous,True,no,7312,likely_non_responsive,bde_llm_count,True,True,1,0,0,0,0,1,9.613,True,False,False,stage1_nr,False,,,0,False,,False,,7312
CNG_Data2k_variance/files/Q00897.01-0000251617.XLSX,Q00897.01-0000251617.XLSX,.xlsx,24811,ok,True,True,text,True,1,0,3,False,0,False,0-10,Name | Phone | Money/Amount,True,Contact Information | Financial Account Information,False,,ambiguous,True,no,8069,likely_non_responsive,bde_llm_count,False,False,0,0,0,0,0,0,2.878,True,False,False,stage1_nr,False,,,0,False,,False,,8069
CNG_Data2k_variance/files/Q00897.01-0000913654.PDF,Q00897.01-0000913654.PDF,.pdf,37757,ok,True,True,text,True,2,0,27,False,7,False,20-50,Address | Phone | SSN | Money/Amount,True,Contact Information | Government-Issued Identification | Financial Account Information,False,,clear_responsive,False,,3688,standard,bde_llm_count_roster,True,True,2,0,0,0,0,1,9.322,False,False,True,,True,clear_yes,yes,4536,False,standard,False,,8224
CNG_Data2k_variance/files/Q00897.01-0000260815.XLSX,Q00897.01-0000260815.XLSX,.xlsx,20798,ok,True,True,text,True,1,0,63,False,1,True,50-100,Name | Phone | Money/Amount,True,Contact Information | Financial Account Information,True,,ambiguous,True,yes,17350,structured_bde,roster_by_rowcount bde_llm_count_roster,False,False,0,0,0,0,0,0,6.036,False,True,True,,True,likely_no,no,9142,True,likely_non_responsive,True,,26492
CNG_Data2k_variance/files/Q00897.01-0000284230.PDF,Q00897.01-0000284230.PDF,.pdf,285045,ok,True,True,text,True,2,0,8,False,1,False,0-10,Name | Address | Phone | Bank/Account Number | Money/Amount,True,Contact Information | Financial Account Information,False,,ambiguous,True,yes,8978,standard,bde_llm_count,True,True,2,0,0,0,0,1,14.392,False,False,True,,True,clear_yes,yes,4928,False,standard,False,,13906
CNG_Data2k_variance/files/Q00897.01-0000344519.PDF,Q00897.01-0000344519.PDF,.pdf,30684,ok,True,False,text,False,5,0,1,False,0,False,0-10,Address | Money/Amount,True,Contact Information | Financial Account Information,False,,ambiguous,True,yes,6929,standard,,False,False,0,0,0,0,0,0,4.947,False,False,True,,True,likely_no,no,6995,False,likely_non_responsive,True,,13924
CNG_Data2k_variance/files/Q00897.01-0000685152.MSG,Q00897.01-0000685152.MSG,.msg,239104,ok,True,False,text,False,0,0,1,False,0,False,0-10,Address | Email | Work-Related,True,Contact Information | Work-Related Information,False,,ambiguous,True,no,4512,likely_non_responsive,,False,False,0,0,0,0,0,0,4.074,True,False,False,stage1_nr,False,,,0,False,,False,,4512
CNG_Data2k_variance/files/Q00897.01-0000532059.0001.PDF,Q00897.01-0000532059.0001.PDF,.pdf,22641,ok,True,False,text,False,1,0,1,False,0,False,0-10,Money/Amount,False,Financial Account Information,False,,clear_non_responsive,False,,0,likely_non_responsive,,False,False,0,0,0,0,0,0,0.03,True,False,False,stage1_nr,False,,,0,False,,False,,0
CNG_Data2k_variance/files/Q00897.01-0000662583.0001.PDF,Q00897.01-0000662583.0001.PDF,.pdf,538201,ok,True,False,text,False,2,0,2,False,0,False,0-10,Name | Health,True,Health-Related Information,False,,ambiguous,True,no,4775,likely_non_responsive,,True,True,2,0,0,0,0,1,6.899,True,False,False,stage1_nr,False,,,0,False,,False,,4775
CNG_Data2k_variance/files/Q00897.01-0000441776.MSG,Q00897.01-0000441776.MSG,.msg,128000,ok,True,False,text,False,0,0,2,False,0,False,0-10,Name | Email | Phone | Money/Amount,True,Contact Information | Financial Account Information,False,,ambiguous,True,yes,4015,standard,,False,False,0,0,0,0,0,0,3.549,False,False,True,,True,likely_no,no,4089,False,likely_non_responsive,True,,8104
CNG_Data2k_variance/files/Q00897.01-0000068885.PDF,Q00897.01-0000068885.PDF,.pdf,751057,ok,True,True,text,True,2,0,7,False,1,False,0-10,Name | Address | Tax ID | Money/Amount,True,Contact Information | Government-Issued Identification | Financial Account Information,False,,ambiguous,True,yes,12526,standard,bde_llm_count,True,True,2,0,0,0,0,1,26.599,False,False,True,,True,borderline,no,6761,False,likely_non_responsive,True,,19287
CNG_Data2k_variance/files/Q00897.01-0000231287.PDF,Q00897.01-0000231287.PDF,.pdf,652348,ok,True,True,text,True,3,0,10,False,3,False,0-10,Name | Address | Email | Phone | Bank/Account Number | Money/Amount,True,Contact Information | Financial Account Information,False,,ambiguous,True,yes,8741,standard,bde_llm_count,True,True,3,0,0,0,0,1,15.57,False,False,True,,True,likely_no,no,4818,False,likely_non_responsive,True,,13559
CNG_Data2k_variance/files/Q00897.01-0000865258.PDF,Q00897.01-0000865258.PDF,.pdf,6213143,ok,True,True,text,True,15,0,287,False,51,True,100+,Phone | SSN | Money/Amount,True,Contact Information | Government-Issued Identification | Financial Account Information,True,,clear_responsive,False,,11283,structured_bde,bde_llm_count_roster,True,True,15,0,0,0,0,1,19.923,False,True,True,,True,clear_yes,yes,12608,True,structured_bde,False,,23891
CNG_Data2k_variance/files/Q00897.01-0000117639.PDF,Q00897.01-0000117639.PDF,.pdf,680531,ok,True,False,text,False,9,0,3,False,0,False,0-10,Name | Address | Email | Phone | Birth Certificate | Money/Amount | Health | Work-Related,True,Contact Information | Birth Information | Financial Account Information | Health-Related Information | Work-Related Information,False,,ambiguous,True,yes,8825,standard,"img_ocr:p1(1/1,+61chars)",False,False,0,1,1,1,0,1,9.605,False,False,True,,True,clear_yes,yes,8864,False,standard,False,,17689
CNG_Data2k_variance/files/Q00897.01-0000661831.0001.0005.PDF,Q00897.01-0000661831.0001.0005.PDF,.pdf,572652,ok,True,False,text,False,26,0,4,False,0,False,0-10,Name | Address | Email | Phone | Money/Amount,True,Contact Information | Financial Account Information,False,,ambiguous,True,yes,11155,standard,,False,False,0,0,0,0,0,0,8.625,False,False,True,,True,likely_no,no,11236,False,likely_non_responsive,True,,22391
CNG_Data2k_variance/files/Q00897.01-0000615179.0001.PDF,Q00897.01-0000615179.0001.PDF,.pdf,122307,ok,True,False,text,False,4,0,2,False,0,False,0-10,Name | Address | Email | Health,True,Contact Information | Health-Related Information,False,,ambiguous,True,no,5886,likely_non_responsive,,False,False,0,0,0,0,0,0,6.59,True,False,False,stage1_nr,False,,,0,False,,False,,5886
CNG_Data2k_variance/files/Q00897.01-0000733502.0001.PDF,Q00897.01-0000733502.0001.PDF,.pdf,159504,ok,True,False,text,False,2,0,5,False,0,False,0-10,Name | Email | Phone,True,Contact Information,False,,ambiguous,True,yes,4950,standard,,True,True,2,0,0,0,0,1,10.652,False,False,True,,True,clear_yes,yes,5025,False,standard,False,,9975
CNG_Data2k_variance/files/Q00897.01-0000813610.MSG,Q00897.01-0000813610.MSG,.msg,133120,ok,True,False,text,False,0,0,2,False,0,False,0-10,Address | Email | Phone,True,Contact Information,False,,ambiguous,True,no,3910,likely_non_responsive,,False,False,0,0,0,0,0,0,1.483,True,False,False,stage1_nr,False,,,0,False,,False,,3910
CNG_Data2k_variance/files/Q00897.01-0000007625.CSV,Q00897.01-0000007625.CSV,.csv,3738073,ok,True,True,text,True,0,0,23160,False,23160,True,100+,SSN | Money/Amount,True,Government-Issued Identification | Financial Account Information,True,,clear_responsive,False,,6048,structured_bde,bde_llm_count_roster,False,False,0,0,0,0,0,0,4.434,False,True,True,,True,clear_yes,yes,6937,True,structured_bde,False,,12985
CNG_Data2k_variance/files/Q00897.01-0000504816.0002.PDF,Q00897.01-0000504816.0002.PDF,.pdf,331049,ok,True,False,text,False,1,0,3,False,0,False,0-10,Address | Phone | Money/Amount,True,Contact Information | Financial Account Information,False,,ambiguous,True,no,4184,likely_non_responsive,"img_ocr:p1(1/1,+30chars)",False,False,0,1,1,1,0,1,13.871,True,False,False,stage1_nr,False,,,0,False,,False,,4184
CNG_Data2k_variance/files/Q00897.01-0000292870.PDF,Q00897.01-0000292870.PDF,.pdf,1285632,ok,True,False,text,False,9,0,50,False,50,False,20-50,Name | Date of Birth | Money/Amount,True,Birth Information | Financial Account Information,False,,ambiguous,True,yes,34395,standard,bde_llm_count_roster,False,False,0,0,0,0,0,0,9.178,False,False,True,,True,clear_yes,yes,17738,False,standard,False,,52133
CNG_Data2k_variance/files/Q00897.01-0000346057.PDF,Q00897.01-0000346057.PDF,.pdf,11950,ok,True,False,text,False,2,0,1,False,0,False,0-10,Money/Amount,False,Financial Account Information,False,,clear_non_responsive,False,,0,likely_non_responsive,,False,False,0,0,0,0,0,0,0.124,True,False,False,stage1_nr,False,,,0,False,,False,,0
CNG_Data2k_variance/files/Q00897.01-0000251684.XLSX,Q00897.01-0000251684.XLSX,.xlsx,26115,ok,True,True,text,True,1,0,67,False,0,False,50-100,Name | Address | Phone | Money/Amount,True,Contact Information | Financial Account Information,False,,ambiguous,True,no,8485,likely_non_responsive,roster_by_rowcount bde_llm_count,False,False,0,0,0,0,0,0,4.364,True,False,False,stage1_nr,False,,,0,False,,False,,8485
CNG_Data2k_variance/files/Q00897.01-0000534877.0001.PDF,Q00897.01-0000534877.0001.PDF,.pdf,22791,ok,True,False,text,False,1,0,1,False,0,False,0-10,Money/Amount,False,Financial Account Information,False,,clear_non_responsive,False,,0,likely_non_responsive,,False,False,0,0,0,0,0,0,0.038,True,False,False,stage1_nr,False,,,0,False,,False,,0
CNG_Data2k_variance/files/Q00897.01-0000896917.PDF,Q00897.01-0000896917.PDF,.pdf,17516,ok,True,False,text,False,3,0,1,False,0,False,0-10,Money/Amount,False,Financial Account Information,False,,clear_non_responsive,False,,0,likely_non_responsive,,False,False,0,0,0,0,0,0,0.128,True,False,False,stage1_nr,False,,,0,False,,False,,0
CNG_Data2k_variance/files/Q00897.01-0000547964.0001.PDF,Q00897.01-0000547964.0001.PDF,.pdf,695951,ok,True,False,text,False,4,0,1,False,0,False,0-10,Money/Amount,False,Financial Account Information,False,,clear_non_responsive,False,,0,likely_non_responsive,,False,False,0,0,0,0,0,0,3.456,True,False,False,stage1_nr,False,,,0,False,,False,,0
CNG_Data2k_variance/files/Q00897.01-0000017770.PDF,Q00897.01-0000017770.PDF,.pdf,382748,ok,True,True,text,True,2,0,34,False,1,False,20-50,Name | Email | Money/Amount | Work-Related,True,Contact Information | Financial Account Information | Work-Related Information,False,,ambiguous,True,yes,8551,standard,bde_llm_count,True,True,2,0,0,0,0,1,21.261,False,False,True,,True,clear_yes,yes,4726,False,standard,False,,13277
CNG_Data2k_variance/files/Q00897.01-0000916435.DOCX,Q00897.01-0000916435.DOCX,.docx,19180,ok,True,False,text,False,0,0,1,False,0,False,0-10,Money/Amount | Work-Related,False,Financial Account Information | Work-Related Information,False,,ambiguous,True,no,4597,likely_non_responsive,,False,False,0,0,0,0,0,0,1.839,True,False,False,stage1_nr,False,,,0,False,,False,,4597
CNG_Data2k_variance/files/Q00897.01-0000901326.PDF,Q00897.01-0000901326.PDF,.pdf,18944,ok,True,False,text,False,3,0,1,False,0,False,0-10,Name | Address | Phone | Money/Amount,True,Contact Information | Financial Account Information,False,,ambiguous,True,yes,5707,standard,,False,False,0,0,0,0,0,0,61.118,False,False,True,,True,likely_yes,yes,5754,False,standard,False,,11461
CNG_Data2k_variance/files/Q00897.01-0000666598.MSG,Q00897.01-0000666598.MSG,.msg,162816,ok,True,False,text,False,0,1,2,False,0,False,0-10,Address | Email | Phone,True,Contact Information,False,,ambiguous,True,no,4300,likely_non_responsive,,False,False,0,0,0,0,0,0,2.63,True,False,False,stage1_nr,False,,,0,False,,False,,4300
CNG_Data2k_variance/files/Q00897.01-0000133217.PDF,Q00897.01-0000133217.PDF,.pdf,469943,ok,True,True,text,True,3,0,28,False,0,False,20-50,Phone | Money/Amount,True,Contact Information | Financial Account Information,False,,ambiguous,True,no,8644,likely_non_responsive,bde_llm_count,True,True,3,0,0,0,0,1,13.344,True,False,False,stage1_nr,False,,,0,False,,False,,8644
CNG_Data2k_variance/files/Q00897.01-0000665313.0001.XLSX,Q00897.01-0000665313.0001.XLSX,.xlsx,31247,ok,True,True,text,True,1,0,90,False,0,False,50-100,Phone | Money/Amount,True,Contact Information | Financial Account Information,False,,ambiguous,True,no,14432,likely_non_responsive,roster_by_rowcount bde_llm_count,False,False,0,0,0,0,0,0,3.855,True,False,False,stage1_nr,False,,,0,False,,False,,14432
CNG_Data2k_variance/files/Q00897.01-0000246699.PDF,Q00897.01-0000246699.PDF,.pdf,1107657,ok,True,True,text,True,2,0,25,False,0,False,20-50,Name | Phone | Money/Amount,True,Contact Information | Financial Account Information,False,,ambiguous,True,no,8233,likely_non_responsive,bde_llm_count,True,True,2,0,0,0,0,1,10.622,True,False,False,stage1_nr,False,,,0,False,,False,,8233
CNG_Data2k_variance\files\Q00897.01-0000290415.XLS,Q00897.01-0000290415.XLS,.xls,36960,ok,True,True,text,True,1,0,241,False,241,True,100+,Name | SSN | Money/Amount | Health,True,Government-Issued Identification | Financial Account Information | Health-Related Information,True,,clear_responsive,False,,7323,structured_bde,bde_llm_count_roster,False,False,0,0,0,0,0,0,7.135,False,True,True,,True,clear_yes,yes,8544,True,structured_bde,False,,15867
CNG_Data2k_variance\files\Q00897.01-0000515315.0005.XLS,Q00897.01-0000515315.0005.XLS,.xls,17958,ok,True,True,text,True,3,0,1,False,0,False,0-10,Phone | Money/Amount,True,Contact Information | Financial Account Information,False,,ambiguous,True,no,7560,likely_non_responsive,bde_llm_count,False,False,0,0,0,0,0,0,2.632,True,False,False,stage1_nr,False,,,0,False,,False,,7560
CNG_Data2k_variance/files/Q00897.01-0000262623.PDF,Q00897.01-0000262623.PDF,.pdf,537824,ok,True,False,text,False,240,0,115,False,0,False,100+,Phone | Payment Card | Money/Amount,True,Contact Information | Financial Account Information,False,,ambiguous,True,no,28561,likely_non_responsive,bde_llm_count,False,False,0,0,0,0,0,0,7.669,True,False,False,stage1_nr,False,,,0,False,,False,,28561
CNG_Data2k_variance/files/Q00897.01-0000787294.MSG,Q00897.01-0000787294.MSG,.msg,43520,ok,True,False,text,False,0,2,2,False,0,False,0-10,Name | Address | Phone | Card/Transaction | Money/Amount,True,Contact Information | Financial Account Information,False,,ambiguous,True,yes,4331,standard,,False,False,0,0,0,0,0,0,3.659,False,False,True,,True,clear_no,no,4429,False,likely_non_responsive,True,,8760
CNG_Data2k_variance/files/Q00897.01-0000766451.0001.DOCX,Q00897.01-0000766451.0001.DOCX,.docx,34284,ok,True,False,text,False,0,0,1,False,0,False,0-10,Health,False,Health-Related Information,False,,ambiguous,True,no,4111,likely_non_responsive,,False,False,0,0,0,0,0,0,1.368,True,False,False,stage1_nr,False,,,0,False,,False,,4111
CNG_Data2k_variance/files/Q00897.01-0000341791.DOCX,Q00897.01-0000341791.DOCX,.docx,15214,ok,True,False,text,False,0,0,2,False,0,False,0-10,Name | Money/Amount | Student ID,True,Financial Account Information | Student-Related Information,False,,ambiguous,True,yes,3900,standard,,False,False,0,0,0,0,0,0,4.372,False,False,True,,True,likely_no,no,4009,False,likely_non_responsive,True,,7909
CNG_Data2k_variance/files/Q00897.01-0000646611.MSG,Q00897.01-0000646611.MSG,.msg,110080,ok,True,False,text,False,0,0,3,False,0,False,0-10,Name | Phone,True,Contact Information,False,,ambiguous,True,no,6003,likely_non_responsive,,False,False,0,0,0,0,0,0,2.179,True,False,False,stage1_nr,False,,,0,False,,False,,6003
CNG_Data2k_variance/files/Q00897.01-0000549171.0001.PDF,Q00897.01-0000549171.0001.PDF,.pdf,20773,ok,True,False,text,False,1,0,0,False,0,False,0-10,,False,,False,,clear_non_responsive,False,,0,likely_non_responsive,,False,False,0,0,0,0,0,0,0.025,True,False,False,stage1_nr,False,,,0,False,,False,,0
CNG_Data2k_variance/files/Q00897.01-0000822542.MSG,Q00897.01-0000822542.MSG,.msg,102912,ok,True,False,text,False,0,0,7,False,4,False,0-10,Name | Address | Email | Phone | Money/Amount,True,Contact Information | Financial Account Information,False,,ambiguous,True,yes,8125,standard,bde_llm_count,False,False,0,0,0,0,0,0,6.076,False,False,True,,True,likely_no,no,4530,False,likely_non_responsive,True,,12655
CNG_Data2k_variance/files/Q00897.01-0000341926.DOCX,Q00897.01-0000341926.DOCX,.docx,27691,ok,True,False,text,False,0,0,1,False,0,False,0-10,Name | Address | Health,True,Contact Information | Health-Related Information,False,,ambiguous,True,no,5231,likely_non_responsive,,False,False,0,0,0,0,0,0,1.322,True,False,False,stage1_nr,False,,,0,False,,False,,5231
CNG_Data2k_variance/files/Q00897.01-0000906346.PDF,Q00897.01-0000906346.PDF,.pdf,659145,ok,True,False,text,False,137,0,1,False,0,False,0-10,Address | Money/Amount,True,Contact Information | Financial Account Information,False,,ambiguous,True,yes,16184,standard,,False,False,0,0,0,0,0,0,14.065,False,False,True,,True,borderline,no,16244,False,likely_non_responsive,True,,32428
CNG_Data2k_variance/files/Q00897.01-0000466100.MSG,Q00897.01-0000466100.MSG,.msg,90112,ok,True,False,text,False,0,0,2,False,0,False,0-10,Name | Email | Phone | Money/Amount,True,Contact Information | Financial Account Information,False,,ambiguous,True,no,5824,likely_non_responsive,,False,False,0,0,0,0,0,0,3.042,True,False,False,stage1_nr,False,,,0,False,,False,,5824
CNG_Data2k_variance/files/Q00897.01-0000716511.MSG,Q00897.01-0000716511.MSG,.msg,153088,ok,True,False,text,False,0,0,2,False,0,False,0-10,Name | Address | Email | Phone,True,Contact Information,False,,ambiguous,True,no,3998,likely_non_responsive,,False,False,0,0,0,0,0,0,1.695,True,False,False,stage1_nr,False,,,0,False,,False,,3998
CNG_Data2k_variance/files/Q00897.01-0000366278.MSG,Q00897.01-0000366278.MSG,.msg,259072,ok,True,False,text,False,0,0,1,False,0,False,0-10,Address | Card/Transaction,True,Contact Information | Financial Account Information,False,,ambiguous,True,no,3973,likely_non_responsive,,False,False,0,0,0,0,0,0,3.09,True,False,False,stage1_nr,False,,,0,False,,False,,3973
CNG_Data2k_variance/files/Q00897.01-0000903248.PDF,Q00897.01-0000903248.PDF,.pdf,11845,ok,True,False,text,False,1,0,0,False,0,False,0-10,,False,,False,,clear_non_responsive,False,,0,likely_non_responsive,,False,False,0,0,0,0,0,0,0.04,True,False,False,stage1_nr,False,,,0,False,,False,,0
CNG_Data2k_variance/files/Q00897.01-0000671311.MSG,Q00897.01-0000671311.MSG,.msg,336896,ok,True,False,text,False,0,2,3,False,0,False,0-10,Name | Address | Email | Phone | Money/Amount,True,Contact Information | Financial Account Information,False,,ambiguous,True,no,4104,likely_non_responsive,,False,False,0,0,0,0,0,0,1.786,True,False,False,stage1_nr,False,,,0,False,,False,,4104
CNG_Data2k_variance/files/Q00897.01-0000776914.0001.PDF,Q00897.01-0000776914.0001.PDF,.pdf,897375,ok,True,False,text,False,2,0,6,False,0,False,0-10,Name | Address | SSN | Date of Birth | Account Balance,True,Contact Information | Government-Issued Identification | Birth Information | Financial Account Information,False,,clear_responsive,False,,0,standard,,True,True,2,0,0,0,0,1,9.521,False,False,True,,True,clear_yes,yes,5049,False,standard,False,,5049
CNG_Data2k_variance/files/Q00897.01-0000881333.PDF,Q00897.01-0000881333.PDF,.pdf,1176443,ok,True,False,text,False,83,0,69,False,0,False,50-100,Name | Address | Phone | Payment Card | Money/Amount,True,Contact Information | Financial Account Information,False,,ambiguous,True,yes,21017,standard,"img_ocr:p2(1/1,+18chars) bde_llm_count",False,False,0,1,1,1,0,1,13.35,False,False,True,,True,clear_no,no,10927,True,likely_non_responsive,True,,31944
CNG_Data2k_variance/files/Q00897.01-0000835633.MSG,Q00897.01-0000835633.MSG,.msg,990208,ok,True,False,text,False,0,3,9,False,4,False,0-10,Name | Address | Email | Phone | Money/Amount | Health,True,Contact Information | Financial Account Information | Health-Related Information,False,,ambiguous,True,no,9012,likely_non_responsive,bde_llm_count,False,False,0,0,0,0,0,0,5.169,True,False,False,stage1_nr,False,,,0,False,,False,,9012
CNG_Data2k_variance/files/Q00897.01-0000640784.0004.PDF,Q00897.01-0000640784.0004.PDF,.pdf,78799,ok,True,False,text,False,1,0,1,False,0,False,0-10,Name | Date of Birth | Money/Amount | Work-Related,True,Birth Information | Financial Account Information | Work-Related Information,False,,ambiguous,True,yes,3978,standard,,False,False,0,0,0,0,0,0,9.435,False,False,True,,True,clear_yes,yes,4025,False,standard,False,,8003
CNG_Data2k_variance/files/Q00897.01-0000852978.PDF,Q00897.01-0000852978.PDF,.pdf,52745,ok,True,True,text,True,1,0,36,False,2,False,20-50,Name | Address | Phone | Money/Amount | Work-Related,True,Contact Information | Financial Account Information | Work-Related Information,False,,ambiguous,True,yes,7998,standard,bde_llm_count,True,True,1,0,0,0,0,1,9.005,False,False,True,,True,clear_yes,yes,4458,False,standard,False,,12456
CNG_Data2k_variance/files/Q00897.01-0000249077.PDF,Q00897.01-0000249077.PDF,.pdf,590442,ok,True,False,text,False,7,0,4,False,0,False,0-10,Name | Address | Phone | Bank/Account Number | Money/Amount,True,Contact Information | Financial Account Information,False,,ambiguous,True,yes,5098,standard,"img_ocr:p3(1/1,+378chars)",False,False,0,1,1,1,0,1,9.236,False,False,True,,True,likely_no,no,5172,False,likely_non_responsive,True,,10270
CNG_Data2k_variance/files/Q00897.01-0000139273.XLSX,Q00897.01-0000139273.XLSX,.xlsx,13906,ok,True,True,text,True,3,0,0,False,0,False,0-10,Address | Card/Transaction | Money/Amount,True,Contact Information | Financial Account Information,False,,ambiguous,True,no,6852,structured_unreadable,bde_llm_count,False,False,0,0,0,0,0,0,8.907,False,False,True,,True,clear_no,no,3920,False,likely_non_responsive,True,,10772
CNG_Data2k_variance/files/Q00897.01-0000396189.MSG,Q00897.01-0000396189.MSG,.msg,457216,ok,True,False,text,False,0,0,2,False,0,False,0-10,Name | Address | Email | Phone | Money/Amount,True,Contact Information | Financial Account Information,False,,ambiguous,True,no,5222,likely_non_responsive,,False,False,0,0,0,0,0,0,2.575,True,False,False,stage1_nr,False,,,0,False,,False,,5222
CNG_Data2k_variance/files/Q00897.01-0000088773.PDF,Q00897.01-0000088773.PDF,.pdf,5957767,ok,True,True,text,True,15,0,185,False,2,False,100+,Name | Address | Email | Phone | Bank/Account Number | Card/Transaction | Money/Amount,True,Contact Information | Financial Account Information,False,,ambiguous,True,yes,24364,standard,bde_llm_count,True,True,15,0,0,0,0,1,45.24,False,False,True,,True,clear_yes,yes,12571,True,structured_bde,False,,36935
CNG_Data2k_variance/files/Q00897.01-0000107346.PDF,Q00897.01-0000107346.PDF,.pdf,1056433,ok,True,True,text,True,15,0,239,False,2,False,100+,Address | Phone | SSN | Money/Amount | Work-Related,True,Contact Information | Government-Issued Identification | Financial Account Information | Work-Related Information,False,,clear_responsive,False,,9466,standard,bde_llm_count,True,True,15,0,0,0,0,1,30.58,False,False,True,,True,likely_no,no,10361,True,likely_non_responsive,True,,19827
CNG_Data2k_variance/files/Q00897.01-0000910568.PDF,Q00897.01-0000910568.PDF,.pdf,241128,ok,True,False,text,False,42,0,1,False,0,False,0-10,Money/Amount,False,Financial Account Information,False,,clear_non_responsive,False,,0,likely_non_responsive,,False,False,0,0,0,0,0,0,3.747,True,False,False,stage1_nr,False,,,0,False,,False,,0
CNG_Data2k_variance/files/Q00897.01-0000702113.MSG,Q00897.01-0000702113.MSG,.msg,181248,ok,True,False,text,False,0,0,1,False,0,False,0-10,Address,True,Contact Information,False,,ambiguous,True,no,3853,likely_non_responsive,,False,False,0,0,0,0,0,0,2.025,True,False,False,stage1_nr,False,,,0,False,,False,,3853
CNG_Data2k_variance/files/Q00897.01-0000577128.0001.PDF,Q00897.01-0000577128.0001.PDF,.pdf,20972,ok,True,False,text,False,1,0,0,False,0,False,0-10,,False,,False,,clear_non_responsive,False,,0,likely_non_responsive,,False,False,0,0,0,0,0,0,0.021,True,False,False,stage1_nr,False,,,0,False,,False,,0
CNG_Data2k_variance/files/Q00897.01-0000673717.MSG,Q00897.01-0000673717.MSG,.msg,200192,ok,True,False,text,False,0,1,1,False,0,False,0-10,Name | Money/Amount,True,Financial Account Information,False,,ambiguous,True,no,3762,likely_non_responsive,,False,False,0,0,0,0,0,0,1.353,True,False,False,stage1_nr,False,,,0,False,,False,,3762
CNG_Data2k_variance/files/Q00897.01-0000139083.PDF,Q00897.01-0000139083.PDF,.pdf,2070660,ok,True,True,text,True,15,0,234,False,0,False,100+,Name | Address | Email | Phone | Card/Transaction | Money/Amount,True,Contact Information | Financial Account Information,False,,ambiguous,True,yes,20526,standard,bde_llm_count,True,True,15,0,0,0,0,1,198.259,False,False,True,,False,,yes,0,True,structured_bde,False,llm_failed:JSONDecodeError,20526
CNG_Data2k_variance/files/Q00897.01-0000113654.PDF,Q00897.01-0000113654.PDF,.pdf,316538,ok,True,True,text,True,1,0,47,False,0,False,20-50,Money/Amount,False,Financial Account Information,False,,ambiguous,True,no,10593,likely_non_responsive,bde_llm_count,True,True,1,0,0,0,0,1,14.023,True,False,False,stage1_nr,False,,,0,False,,False,,10593
CNG_Data2k_variance/files/Q00897.01-0000692186.MSG,Q00897.01-0000692186.MSG,.msg,220672,ok,True,False,text,False,0,0,1,False,0,False,0-10,Address | Email | Money/Amount,True,Contact Information | Financial Account Information,False,,ambiguous,True,no,4199,likely_non_responsive,,False,False,0,0,0,0,0,0,3.554,True,False,False,stage1_nr,False,,,0,False,,False,,4199
CNG_Data2k_variance/files/Q00897.01-0000257255.0002.PDF,Q00897.01-0000257255.0002.PDF,.pdf,271477,ok,True,False,text,False,3,0,1,False,0,False,0-10,Name | Address | Bank/Account Number | Money/Amount,True,Contact Information | Financial Account Information,False,,ambiguous,True,yes,4358,standard,"img_ocr:p2(1/1,+349chars)",False,False,0,1,1,1,0,1,7.563,False,False,True,,True,likely_no,no,4457,False,likely_non_responsive,True,,8815
CNG_Data2k_variance/files/Q00897.01-0000000109.PDF,Q00897.01-0000000109.PDF,.pdf,403782,ok,True,True,text,True,1,0,18,False,1,False,10-20,Name | Address | Email | Phone | SSN | Date of Birth | Money/Amount | Work-Related,True,Contact Information | Government-Issued Identification | Birth Information | Financial Account Information | Work-Related Information,False,,clear_responsive,False,,3275,standard,bde_llm_count,True,True,1,0,0,0,0,1,11.365,False,False,True,,True,clear_yes,yes,4131,False,standard,False,,7406
CNG_Data2k_variance/files/Q00897.01-0000413804.0002.0003.PDF,Q00897.01-0000413804.0002.0003.PDF,.pdf,387473,ok,True,False,text,False,1,0,1,False,0,False,0-10,Name | Address | Phone,True,Contact Information,False,,ambiguous,True,no,3998,likely_non_responsive,,False,False,0,0,0,0,0,0,5.26,True,False,False,stage1_nr,False,,,0,False,,False,,3998
CNG_Data2k_variance/files/Q00897.01-0000913274.PDF,Q00897.01-0000913274.PDF,.pdf,64921,ok,True,True,text,True,2,0,53,False,7,True,50-100,Name | Address | Money/Amount | Credentials,True,Contact Information | Financial Account Information | Access Credentials,True,,ambiguous,True,yes,8169,structured_bde,bde_llm_count_roster,True,True,2,0,0,0,0,1,12.197,False,True,True,,True,clear_yes,yes,4558,True,structured_bde,False,,12727
CNG_Data2k_variance/files/Q00897.01-0000867199.PDF,Q00897.01-0000867199.PDF,.pdf,92385,ok,True,False,text,False,2,0,2,False,0,False,0-10,Name | Address | Phone,True,Contact Information,False,,ambiguous,True,yes,5145,standard,,False,False,0,0,0,0,0,0,4.068,False,False,True,,True,clear_yes,yes,5231,False,standard,False,,10376
CNG_Data2k_variance/files/Q00897.01-0000459100.MSG,Q00897.01-0000459100.MSG,.msg,117760,ok,True,False,text,False,0,0,9,False,0,False,0-10,Name | Address | Email | Phone | Money/Amount,True,Contact Information | Financial Account Information,False,,ambiguous,True,no,9544,likely_non_responsive,bde_llm_count,False,False,0,0,0,0,0,0,4.406,True,False,False,stage1_nr,False,,,0,False,,False,,9544
CNG_Data2k_variance/files/Q00897.01-0000911034.PDF,Q00897.01-0000911034.PDF,.pdf,22586,ok,True,False,text,False,6,0,1,False,0,False,0-10,Name | Address | Phone | Money/Amount,True,Contact Information | Financial Account Information,False,,ambiguous,True,yes,6290,standard,,False,False,0,0,0,0,0,0,3.46,False,False,True,,True,borderline,no,6380,False,likely_non_responsive,True,,12670
CNG_Data2k_variance/files/Q00897.01-0000657837.MSG,Q00897.01-0000657837.MSG,.msg,307712,ok,True,False,text,False,0,4,10,False,6,False,0-10,Name | Address | Email | Phone | Money/Amount,True,Contact Information | Financial Account Information,False,,ambiguous,True,yes,14434,standard,bde_llm_count,False,False,0,0,0,0,0,0,9.15,False,False,True,,True,likely_yes,yes,7697,False,standard,False,,22131
CNG_Data2k_variance/files/Q00897.01-0000750822.MSG,Q00897.01-0000750822.MSG,.msg,84992,ok,True,False,text,False,0,0,0,False,0,False,0-10,,False,,False,,clear_non_responsive,False,,0,likely_non_responsive,,False,False,0,0,0,0,0,0,0.961,True,False,False,stage1_nr,False,,,0,False,,False,,0
CNG_Data2k_variance/files/Q00897.01-0000655568.0001.XLSX,Q00897.01-0000655568.0001.XLSX,.xlsx,36720,ok,True,True,text,True,1,0,602,False,51,True,100+,Name | Card/Transaction,False,Financial Account Information,True,,ambiguous,True,yes,9956,structured_bde,roster_by_rowcount bde_llm_count_roster,False,False,0,0,0,0,0,0,20.385,False,True,True,,True,likely_no,no,5480,True,likely_non_responsive,True,,15436
CNG_Data2k_variance/files/Q00897.01-0000733577.MSG,Q00897.01-0000733577.MSG,.msg,161792,ok,True,False,text,False,0,0,3,False,0,False,0-10,Name | Email,True,Contact Information,False,,ambiguous,True,no,4251,likely_non_responsive,,False,False,0,0,0,0,0,0,2.23,True,False,False,stage1_nr,False,,,0,False,,False,,4251
CNG_Data2k_variance/files/Q00897.01-0000843729.MSG,Q00897.01-0000843729.MSG,.msg,1203712,ok,True,False,text,False,0,1,14,False,14,False,10-20,Name | Address | Email | Phone | Money/Amount | Health,True,Contact Information | Financial Account Information | Health-Related Information,False,,ambiguous,True,yes,18228,standard,bde_llm_count,False,False,0,0,0,0,0,0,9.251,False,False,True,,True,likely_no,no,9581,False,likely_non_responsive,True,,27809
CNG_Data2k_variance/files/Q00897.01-0000484196.MSG,Q00897.01-0000484196.MSG,.msg,41472,ok,True,False,text,False,0,0,7,False,7,False,0-10,Name | Email | Money/Amount | Work-Related,True,Contact Information | Financial Account Information | Work-Related Information,False,,ambiguous,True,yes,9907,standard,bde_llm_count,False,False,0,0,0,0,0,0,10.871,False,False,True,,True,likely_no,no,5461,False,likely_non_responsive,True,,15368
CNG_Data2k_variance/files/Q00897.01-0000678601.MSG,Q00897.01-0000678601.MSG,.msg,252928,ok,True,False,text,False,0,0,2,False,0,False,0-10,Address | Email | Money/Amount | Work-Related,True,Contact Information | Financial Account Information | Work-Related Information,False,,ambiguous,True,no,5461,likely_non_responsive,,False,False,0,0,0,0,0,0,5.503,True,False,False,stage1_nr,False,,,0,False,,False,,5461
CNG_Data2k_variance/files/Q00897.01-0000430879.MSG,Q00897.01-0000430879.MSG,.msg,150016,ok,True,False,text,False,0,1,5,False,0,False,0-10,Name | Address | Email | Phone | Money/Amount,True,Contact Information | Financial Account Information,False,,ambiguous,True,yes,5673,standard,,False,False,0,0,0,0,0,0,5.3,False,False,True,,True,likely_no,no,5703,False,likely_non_responsive,True,,11376
CNG_Data2k_variance/files/Q00897.01-0000833809.0001.PDF,Q00897.01-0000833809.0001.PDF,.pdf,590149,ok,True,True,text,True,11,0,5,False,3,False,0-10,Name | Address | Phone | Money/Amount,True,Contact Information | Financial Account Information,False,,ambiguous,True,yes,17068,standard,bde_llm_count,True,True,11,0,0,0,0,1,13.516,False,False,True,,True,likely_no,no,8995,False,likely_non_responsive,True,,26063
CNG_Data2k_variance/files/Q00897.01-0000913998.PDF,Q00897.01-0000913998.PDF,.pdf,245930,ok,True,False,text,False,2,0,4,False,0,False,0-10,Name | Phone | SSN | Health,True,Contact Information | Government-Issued Identification | Health-Related Information,False,,clear_responsive,False,,0,standard,"img_ocr:p1(1/1,+6chars)",False,False,0,1,1,1,0,1,5.874,False,False,True,,True,clear_yes,yes,5458,False,standard,False,,5458
CNG_Data2k_variance\files\Q00897.01-0000851734.XLS,Q00897.01-0000851734.XLS,.xls,22206,ok,True,True,text,True,1,0,66,False,0,False,50-100,Name | Money/Amount,False,Financial Account Information,False,,ambiguous,True,no,7269,likely_non_responsive,roster_by_rowcount bde_llm_count,False,False,0,0,0,0,0,0,4.585,True,False,False,stage1_nr,False,,,0,False,,False,,7269
CNG_Data2k_variance/files/Q00897.01-0000457014.MSG,Q00897.01-0000457014.MSG,.msg,368128,ok,True,False,text,False,0,0,7,False,2,False,0-10,Name | Address | Money/Amount,True,Contact Information | Financial Account Information,False,,ambiguous,True,no,12361,likely_non_responsive,bde_llm_count,False,False,0,0,0,0,0,0,7.79,True,False,False,stage1_nr,False,,,0,False,,False,,12361
CNG_Data2k_variance/files/Q00897.01-0000908429.PDF,Q00897.01-0000908429.PDF,.pdf,12326,ok,True,False,text,False,1,0,0,False,0,False,0-10,,False,,False,,clear_non_responsive,False,,0,likely_non_responsive,,False,False,0,0,0,0,0,0,0.06,True,False,False,stage1_nr,False,,,0,False,,False,,0
CNG_Data2k_variance/files/Q00897.01-0000626463.MSG,Q00897.01-0000626463.MSG,.msg,58880,ok,True,False,text,False,0,1,6,False,0,False,0-10,Name | Address | Email | Phone,True,Contact Information,False,,ambiguous,True,yes,5018,standard,,False,False,0,0,0,0,0,0,3.797,False,False,True,,True,likely_no,no,5077,False,likely_non_responsive,True,,10095
CNG_Data2k_variance/files/Q00897.01-0000898804.PDF,Q00897.01-0000898804.PDF,.pdf,11090,ok,True,False,text,False,2,0,1,False,0,False,0-10,Money/Amount,False,Financial Account Information,False,,clear_non_responsive,False,,0,likely_non_responsive,,False,False,0,0,0,0,0,0,0.089,True,False,False,stage1_nr,False,,,0,False,,False,,0
CNG_Data2k_variance/files/Q00897.01-0000630634.0001.XLSX,Q00897.01-0000630634.0001.XLSX,.xlsx,46008,ok,True,True,text,True,1,0,523,False,0,False,100+,Payment Card | Money/Amount,True,Financial Account Information,False,,ambiguous,True,no,9554,likely_non_responsive,roster_by_rowcount bde_llm_count,False,False,0,0,0,0,0,0,4.776,True,False,False,stage1_nr,False,,,0,False,,False,,9554
CNG_Data2k_variance/files/Q00897.01-0000796084.MSG,Q00897.01-0000796084.MSG,.msg,153088,ok,True,False,text,False,0,0,6,False,0,False,0-10,Name | Address | Email | Phone,True,Contact Information,False,,ambiguous,True,yes,4864,standard,,False,False,0,0,0,0,0,0,4.84,False,False,True,,True,borderline,no,4938,False,likely_non_responsive,True,,9802
CNG_Data2k_variance/files/Q00897.01-0000745146.0001.PDF,Q00897.01-0000745146.0001.PDF,.pdf,629278,ok,True,True,text,True,8,0,3,False,3,False,0-10,Name | Address | Email | Phone | Money/Amount,True,Contact Information | Financial Account Information,False,,ambiguous,True,yes,15937,standard,bde_llm_count,True,True,8,0,0,0,0,1,14.829,False,False,True,,True,clear_yes,yes,8475,False,standard,False,,24412
CNG_Data2k_variance/files/Q00897.01-0000834541.MSG,Q00897.01-0000834541.MSG,.msg,154112,error,False,False,,False,0,0,0,False,0,False,,,False,,False,,,False,,0,review_error,KeyError,False,False,0,0,0,0,0,0,0.582,False,False,False,extract_error,False,,,0,False,,False,,0
CNG_Data2k_variance/files/Q00897.01-0000892112.PDF,Q00897.01-0000892112.PDF,.pdf,11938,ok,True,False,text,False,1,0,0,False,0,False,0-10,,False,,False,,clear_non_responsive,False,,0,likely_non_responsive,,False,False,0,0,0,0,0,0,0.035,True,False,False,stage1_nr,False,,,0,False,,False,,0
CNG_Data2k_variance/files/Q00897.01-0000307498.XLSX,Q00897.01-0000307498.XLSX,.xlsx,13491,ok,True,True,text,True,3,0,0,False,0,False,0-10,Name | Card Expiry/CVV,True,Financial Account Information,False,,ambiguous,True,no,6939,structured_unreadable,bde_llm_count,False,False,0,0,0,0,0,0,17.857,False,False,True,,True,clear_no,no,3936,False,likely_non_responsive,True,,10875
CNG_Data2k_variance/files/Q00897.01-0000702050.MSG,Q00897.01-0000702050.MSG,.msg,192000,ok,True,False,text,False,0,2,6,False,0,False,0-10,Name | Address | Email | Phone | Money/Amount,True,Contact Information | Financial Account Information,False,,ambiguous,True,yes,9284,standard,,False,False,0,0,0,0,0,0,7.432,False,False,True,,True,likely_yes,yes,9340,False,standard,False,,18624
CNG_Data2k_variance/files/Q00897.01-0000662994.MSG,Q00897.01-0000662994.MSG,.msg,172032,ok,True,False,text,False,0,0,10,False,6,False,0-10,Name | Address | Email | Phone | Money/Amount,True,Contact Information | Financial Account Information,False,,ambiguous,True,yes,12850,standard,bde_llm_count,False,False,0,0,0,0,0,0,8.912,False,False,True,,True,likely_no,no,6876,False,likely_non_responsive,True,,19726
CNG_Data2k_variance\files\Q00897.01-0000821935.0001.0001.XLS,Q00897.01-0000821935.0001.0001.XLS,.xls,13193,ok,True,True,text,True,3,0,2,False,0,False,0-10,Name | Address | Phone | Bank/Account Number,True,Contact Information | Financial Account Information,False,,ambiguous,True,no,6919,likely_non_responsive,bde_llm_count,False,False,0,0,0,0,0,0,4.263,True,False,False,stage1_nr,False,,,0,False,,False,,6919
CNG_Data2k_variance/files/Q00897.01-0000543280.0001.PDF,Q00897.01-0000543280.0001.PDF,.pdf,22568,ok,True,False,text,False,1,0,1,False,0,False,0-10,Money/Amount,False,Financial Account Information,False,,clear_non_responsive,False,,0,likely_non_responsive,,False,False,0,0,0,0,0,0,0.021,True,False,False,stage1_nr,False,,,0,False,,False,,0
CNG_Data2k_variance/files/Q00897.01-0000537643.0001.PDF,Q00897.01-0000537643.0001.PDF,.pdf,16021,ok,True,False,text,False,2,0,1,False,0,False,0-10,Money/Amount,False,Financial Account Information,False,,clear_non_responsive,False,,0,likely_non_responsive,,False,False,0,0,0,0,0,0,0.253,True,False,False,stage1_nr,False,,,0,False,,False,,0
CNG_Data2k_variance/files/Q00897.01-0000804275.MSG,Q00897.01-0000804275.MSG,.msg,179712,ok,True,False,text,False,0,4,8,False,6,False,0-10,Name | Address | Email | Phone,True,Contact Information,False,,ambiguous,True,yes,9350,standard,bde_llm_count,False,False,0,0,0,0,0,0,11.911,False,False,True,,True,likely_no,no,5108,False,likely_non_responsive,True,,14458
CNG_Data2k_variance/files/Q00897.01-0000791633.0001.PDF,Q00897.01-0000791633.0001.PDF,.pdf,64824,ok,True,False,text,False,1,0,2,False,0,False,0-10,Name | Address | Phone | Card Expiry/CVV | Money/Amount | Health,True,Contact Information | Financial Account Information | Health-Related Information,False,,ambiguous,True,yes,4417,standard,,False,False,0,0,0,0,0,0,4.04,False,False,True,,True,likely_no,no,4462,False,likely_non_responsive,True,,8879
CNG_Data2k_variance/files/Q00897.01-0000534633.0001.CSV,Q00897.01-0000534633.0001.CSV,.csv,147706,ok,True,True,text,True,0,0,608,False,0,False,100+,Phone | Money/Amount,True,Contact Information | Financial Account Information,False,,ambiguous,True,no,17340,likely_non_responsive,roster_by_rowcount bde_llm_count,False,False,0,0,0,0,0,0,14.717,True,False,False,stage1_nr,False,,,0,False,,False,,17340
CNG_Data2k_variance/files/Q00897.01-0000771997.MSG,Q00897.01-0000771997.MSG,.msg,166912,ok,True,False,text,False,0,0,4,False,0,False,0-10,Name | Address | Email | Phone | Money/Amount | Work-Related,True,Contact Information | Financial Account Information | Work-Related Information,False,,ambiguous,True,yes,7079,standard,,False,False,0,0,0,0,0,0,5.657,False,False,True,,True,likely_yes,yes,7170,False,standard,False,,14249
CNG_Data2k_variance/files/Q00897.01-0000911491.PDF,Q00897.01-0000911491.PDF,.pdf,13875,ok,True,False,text,False,2,0,1,False,0,False,0-10,Money/Amount,False,Financial Account Information,False,,clear_non_responsive,False,,0,likely_non_responsive,,False,False,0,0,0,0,0,0,0.161,True,False,False,stage1_nr,False,,,0,False,,False,,0
CNG_Data2k_variance/files/Q00897.01-0000389573.MSG,Q00897.01-0000389573.MSG,.msg,80384,ok,True,False,text,False,0,0,2,False,0,False,0-10,Name | Email,True,Contact Information,False,,ambiguous,True,yes,3890,standard,,False,False,0,0,0,0,0,0,3.831,False,False,True,,True,likely_yes,yes,3953,False,standard,False,,7843
CNG_Data2k_variance/files/Q00897.01-0000015565.XLSX,Q00897.01-0000015565.XLSX,.xlsx,215385,ok,True,True,text,True,3,0,277,False,6,True,100+,Name | Money/Amount,False,Financial Account Information,True,,ambiguous,True,yes,12403,structured_bde,bde_llm_count_roster,False,False,0,0,0,0,0,0,12.593,False,True,True,,True,clear_yes,yes,6676,True,structured_bde,False,,19079
CNG_Data2k_variance/files/Q00897.01-0000129982.PDF,Q00897.01-0000129982.PDF,.pdf,1998439,ok,True,True,text,True,11,0,36,False,1,False,20-50,Phone | Money/Amount,True,Contact Information | Financial Account Information,False,,ambiguous,True,no,12169,likely_non_responsive,bde_llm_count,True,True,11,0,0,0,0,1,14.74,True,False,False,stage1_nr,False,,,0,False,,False,,12169
CNG_Data2k_variance/files/Q00897.01-0000909625.PDF,Q00897.01-0000909625.PDF,.pdf,234792,ok,True,False,text,False,23,0,50,False,51,True,20-50,Name | Address | Phone | Money/Amount,True,Contact Information | Financial Account Information,True,,ambiguous,True,yes,31983,bde,bde_llm_count_roster,False,False,0,0,0,0,0,0,30.244,False,True,True,,True,likely_yes,yes,16538,False,standard,False,,48521
CNG_Data2k_variance/files/Q00897.01-0000473334.MSG,Q00897.01-0000473334.MSG,.msg,387072,ok,True,False,text,False,0,1,5,False,0,False,0-10,Name | Address | Email | Phone | Money/Amount,True,Contact Information | Financial Account Information,False,,ambiguous,True,yes,4998,standard,,False,False,0,0,0,0,0,0,4.727,False,False,True,,True,likely_no,no,5037,False,likely_non_responsive,True,,10035
CNG_Data2k_variance/files/Q00897.01-0000375655.MSG,Q00897.01-0000375655.MSG,.msg,280576,ok,True,False,text,False,0,0,1,False,0,False,0-10,Name | Address,True,Contact Information,False,,ambiguous,True,yes,4268,standard,,False,False,0,0,0,0,0,0,5.135,False,False,True,,True,borderline,no,4312,False,likely_non_responsive,True,,8580
CNG_Data2k_variance/files/Q00897.01-0000910683.PDF,Q00897.01-0000910683.PDF,.pdf,7783,ok,True,False,text,False,1,0,3,False,0,False,0-10,Name | Phone,True,Contact Information,False,,ambiguous,True,yes,3839,standard,,False,False,0,0,0,0,0,0,3.617,False,False,True,,True,borderline,no,3909,False,likely_non_responsive,True,,7748
CNG_Data2k_variance/files/Q00897.01-0000816447.MSG,Q00897.01-0000816447.MSG,.msg,117248,ok,True,False,text,False,0,0,6,False,0,False,0-10,Name | Address | Email | Phone | Money/Amount,True,Contact Information | Financial Account Information,False,,ambiguous,True,yes,6483,standard,,False,False,0,0,0,0,0,0,5.064,False,False,True,,True,likely_yes,yes,6562,False,standard,False,,13045
CNG_Data2k_variance/files/Q00897.01-0000286522.PDF,Q00897.01-0000286522.PDF,.pdf,23964,ok,True,True,text,True,1,0,5,False,1,False,0-10,Name | Address | Phone | Card/Transaction | Money/Amount,True,Contact Information | Financial Account Information,False,,ambiguous,True,yes,6948,standard,bde_llm_count,True,True,1,0,0,0,0,1,9.481,False,False,True,,True,likely_no,no,3948,False,likely_non_responsive,True,,10896
CNG_Data2k_variance/files/Q00897.01-0000811454.0001.PDF,Q00897.01-0000811454.0001.PDF,.pdf,7674,ok,True,False,text,False,1,0,0,False,0,False,0-10,,False,,False,,clear_non_responsive,False,,0,likely_non_responsive,,False,False,0,0,0,0,0,0,0.036,True,False,False,stage1_nr,False,,,0,False,,False,,0
CNG_Data2k_variance/files/Q00897.01-0000905254.PDF,Q00897.01-0000905254.PDF,.pdf,12320,ok,True,False,text,False,1,0,0,False,0,False,0-10,,False,,False,,clear_non_responsive,False,,0,likely_non_responsive,,False,False,0,0,0,0,0,0,0.043,True,False,False,stage1_nr,False,,,0,False,,False,,0
CNG_Data2k_variance/files/Q00897.01-0000427382.MSG,Q00897.01-0000427382.MSG,.msg,145408,ok,True,False,text,False,0,5,9,False,0,False,0-10,Name | Phone,True,Contact Information,False,,ambiguous,True,no,7981,likely_non_responsive,bde_llm_count,False,False,0,0,0,0,0,0,4.873,True,False,False,stage1_nr,False,,,0,False,,False,,7981
CNG_Data2k_variance/files/Q00897.01-0000484109.MSG,Q00897.01-0000484109.MSG,.msg,41984,ok,True,False,text,False,0,0,7,False,6,False,0-10,Name | Address | Email | Phone | Money/Amount,True,Contact Information | Financial Account Information,False,,ambiguous,True,yes,14082,standard,bde_llm_count,False,False,0,0,0,0,0,0,17.837,False,False,True,,True,likely_yes,yes,7526,False,standard,False,,21608
CNG_Data2k_variance/files/Q00897.01-0000900154.PDF,Q00897.01-0000900154.PDF,.pdf,64325,ok,True,False,text,False,13,0,1,False,0,False,0-10,Address | SSN | Money/Amount | Work-Related,True,Contact Information | Government-Issued Identification | Financial Account Information | Work-Related Information,False,,clear_responsive,False,,0,standard,,False,False,0,0,0,0,0,0,60.856,False,False,True,,True,clear_yes,yes,14125,False,standard,False,,14125
CNG_Data2k_variance/files/Q00897.01-0000796691.MSG,Q00897.01-0000796691.MSG,.msg,136192,ok,True,False,text,False,0,0,7,False,4,False,0-10,Name | Address | Email | Phone | Money/Amount | Health,True,Contact Information | Financial Account Information | Health-Related Information,False,,ambiguous,True,yes,15294,standard,bde_llm_count,False,False,0,0,0,0,0,0,7.051,False,False,True,,True,likely_yes,yes,8136,False,standard,False,,23430
CNG_Data2k_variance\files\Q00897.01-0000880248.0001.XLS,Q00897.01-0000880248.0001.XLS,.xls,28740,ok,True,True,text,True,2,0,402,False,0,True,100+,Money/Amount,False,Financial Account Information,True,,ambiguous,True,no,7993,structured_bde,roster_by_rowcount bde_llm_count_roster,False,False,0,0,0,0,0,0,3.91,False,True,True,,True,clear_no,no,4455,True,likely_non_responsive,True,,12448
CNG_Data2k_variance/files/Q00897.01-0000455543.MSG,Q00897.01-0000455543.MSG,.msg,179200,ok,True,False,text,False,0,2,2,False,0,False,0-10,Name | Address | Email | Phone | Money/Amount,True,Contact Information | Financial Account Information,False,,ambiguous,True,no,4091,likely_non_responsive,,False,False,0,0,0,0,0,0,2.037,True,False,False,stage1_nr,False,,,0,False,,False,,4091
CNG_Data2k_variance/files/Q00897.01-0000810216.MSG,Q00897.01-0000810216.MSG,.msg,80384,error,False,False,,False,0,0,0,False,0,False,,,False,,False,,,False,,0,review_error,KeyError,False,False,0,0,0,0,0,0,0.982,False,False,False,extract_error,False,,,0,False,,False,,0
CNG_Data2k_variance/files/Q00897.01-0000827617.0001.PDF,Q00897.01-0000827617.0001.PDF,.pdf,153900,ok,True,False,text,False,8,0,34,False,18,False,20-50,Name | Card/Transaction | Money/Amount,False,Financial Account Information,False,,ambiguous,True,yes,18151,standard,bde_llm_count,False,False,0,0,0,0,0,0,12.103,False,False,True,,True,likely_no,no,9557,False,likely_non_responsive,True,,27708
CNG_Data2k_variance/files/Q00897.01-0000546996.0001.CSV,Q00897.01-0000546996.0001.CSV,.csv,127460,ok,True,True,text,True,0,0,524,False,0,False,100+,Phone | Money/Amount,True,Contact Information | Financial Account Information,False,,ambiguous,True,no,17288,likely_non_responsive,roster_by_rowcount bde_llm_count,False,False,0,0,0,0,0,0,13.511,True,False,False,stage1_nr,False,,,0,False,,False,,17288
CNG_Data2k_variance/files/Q00897.01-0000671718.MSG,Q00897.01-0000671718.MSG,.msg,65536,ok,True,False,text,False,0,0,10,False,7,False,0-10,Name | Address | Email | Phone,True,Contact Information,False,,ambiguous,True,yes,9838,standard,bde_llm_count,False,False,0,0,0,0,0,0,7.08,False,False,True,,True,likely_no,no,5340,False,likely_non_responsive,True,,15178
CNG_Data2k_variance/files/Q00897.01-0000012397.PDF,Q00897.01-0000012397.PDF,.pdf,336212,ok,True,False,text,False,1,0,3,False,0,False,0-10,Name | Email | Work-Related,True,Contact Information | Work-Related Information,False,,ambiguous,True,yes,4083,standard,,False,False,0,0,0,0,0,0,5.115,False,False,True,,True,likely_no,no,4134,False,likely_non_responsive,True,,8217
CNG_Data2k_variance/files/Q00897.01-0000005550.PDF,Q00897.01-0000005550.PDF,.pdf,70931,ok,True,False,text,False,1,0,0,False,0,False,0-10,,False,,False,,clear_non_responsive,False,,0,likely_non_responsive,,True,True,1,0,0,0,0,1,4.276,True,False,False,stage1_nr,False,,,0,False,,False,,0
CNG_Data2k_variance/files/Q00897.01-0000247851.PDF,Q00897.01-0000247851.PDF,.pdf,138320,ok,True,True,text,True,1,0,22,False,0,False,20-50,Name | Address | Phone | Bank/Account Number | Money/Amount,True,Contact Information | Financial Account Information,False,,ambiguous,True,no,7465,likely_non_responsive,bde_llm_count,True,True,1,0,0,0,0,1,9.723,True,False,False,stage1_nr,False,,,0,False,,False,,7465
CNG_Data2k_variance/files/Q00897.01-0000862124.XLSX,Q00897.01-0000862124.XLSX,.xlsx,19997,ok,True,True,text,True,1,0,92,False,46,True,50-100,Phone | SSN | Payment Card,True,Contact Information | Government-Issued Identification | Financial Account Information,True,,clear_responsive,False,,6721,structured_bde,bde_llm_count_roster,False,False,0,0,0,0,0,0,5.45,False,True,True,,True,clear_yes,yes,7809,True,structured_bde,False,,14530
CNG_Data2k_variance/files/Q00897.01-0000618629.MSG,Q00897.01-0000618629.MSG,.msg,106496,ok,True,False,text,False,0,1,2,False,0,False,0-10,Name | Address | Email | Phone | Health,True,Contact Information | Health-Related Information,False,,ambiguous,True,no,3908,likely_non_responsive,,False,False,0,0,0,0,0,0,2.053,True,False,False,stage1_nr,False,,,0,False,,False,,3908
CNG_Data2k_variance/files/Q00897.01-0000293090.PDF,Q00897.01-0000293090.PDF,.pdf,144514,ok,True,False,text,False,7,0,1,False,0,False,0-10,Money/Amount,False,Financial Account Information,False,,clear_non_responsive,False,,0,likely_non_responsive,,False,False,0,0,0,0,0,0,0.542,True,False,False,stage1_nr,False,,,0,False,,False,,0
CNG_Data2k_variance/files/Q00897.01-0000294628.PDF,Q00897.01-0000294628.PDF,.pdf,143739,ok,True,False,text,False,2,0,1,False,0,False,0-10,Name | Address | Phone | Account Balance | Money/Amount,True,Contact Information | Financial Account Information,False,,ambiguous,True,yes,4713,standard,"img_ocr:p1,p1(2/2,+35chars)",False,False,0,2,2,2,0,2,14.123,False,False,True,,True,likely_yes,yes,4782,False,standard,False,,9495
CNG_Data2k_variance/files/Q00897.01-0000592915.0001.XLSX,Q00897.01-0000592915.0001.XLSX,.xlsx,76733,ok,True,True,text,True,1,0,53,False,0,False,50-100,Phone | Payment Card | Money/Amount,True,Contact Information | Financial Account Information,False,,ambiguous,True,no,17604,likely_non_responsive,bde_llm_count,False,False,0,0,0,0,0,0,12.33,True,False,False,stage1_nr,False,,,0,False,,False,,17604
CNG_Data2k_variance/files/Q00897.01-0000516964.0001.0001.PDF,Q00897.01-0000516964.0001.0001.PDF,.pdf,172278,ok,True,False,text,False,12,0,50,False,18,False,20-50,Name | Address | Card/Transaction | Money/Amount,True,Contact Information | Financial Account Information,False,,ambiguous,True,yes,23012,standard,bde_llm_count,False,False,0,0,0,0,0,0,61.711,False,False,True,,True,likely_no,no,11938,False,likely_non_responsive,True,,34950
CNG_Data2k_variance/files/Q00897.01-0000006642.PDF,Q00897.01-0000006642.PDF,.pdf,106534,ok,True,False,text,False,1,0,1,False,0,False,0-10,Work-Related,False,Work-Related Information,False,,ambiguous,True,yes,5814,standard,,False,False,0,0,0,0,0,0,7.234,False,False,True,,True,borderline,no,5925,False,likely_non_responsive,True,,11739
CNG_Data2k_variance\files\Q00897.01-0000871243.XLS,Q00897.01-0000871243.XLS,.xls,35412,ok,True,True,text,True,2,0,184,False,184,True,100+,Money/Amount,False,Financial Account Information,True,,ambiguous,True,yes,10727,structured_bde,roster_by_rowcount bde_llm_count_roster,False,False,0,0,0,0,0,0,5.131,False,True,True,,True,likely_no,no,5810,True,likely_non_responsive,True,,16537
CNG_Data2k_variance/files/Q00897.01-0000374202.MSG,Q00897.01-0000374202.MSG,.msg,237056,ok,True,False,text,False,0,0,1,False,0,False,0-10,Address | Email | Money/Amount,True,Contact Information | Financial Account Information,False,,ambiguous,True,no,4339,likely_non_responsive,,False,False,0,0,0,0,0,0,2.164,True,False,False,stage1_nr,False,,,0,False,,False,,4339
CNG_Data2k_variance/files/Q00897.01-0000795999.MSG,Q00897.01-0000795999.MSG,.msg,175104,ok,True,False,text,False,0,0,5,False,0,False,0-10,Name | Address | Email | Phone,True,Contact Information,False,,ambiguous,True,yes,6306,standard,,False,False,0,0,0,0,0,0,5.718,False,False,True,,True,likely_yes,yes,6366,False,standard,False,,12672
CNG_Data2k_variance/files/Q00897.01-0000596903.0001.PDF,Q00897.01-0000596903.0001.PDF,.pdf,20967,ok,True,False,text,False,1,0,0,False,0,False,0-10,,False,,False,,clear_non_responsive,False,,0,likely_non_responsive,,False,False,0,0,0,0,0,0,0.046,True,False,False,stage1_nr,False,,,0,False,,False,,0
CNG_Data2k_variance/files/Q00897.01-0000839701.0001.XLSX,Q00897.01-0000839701.0001.XLSX,.xlsx,20837,ok,True,True,text,True,2,0,526,False,0,False,100+,,False,,False,,ambiguous,True,no,7177,likely_non_responsive,roster_by_rowcount bde_llm_count,False,False,0,0,0,0,0,0,3.048,True,False,False,stage1_nr,False,,,0,False,,False,,7177
CNG_Data2k_variance/files/Q00897.01-0000887303.XLSX,Q00897.01-0000887303.XLSX,.xlsx,19785,ok,True,True,text,True,3,0,90,False,0,False,50-100,,False,,False,,ambiguous,True,no,7205,likely_non_responsive,roster_by_rowcount bde_llm_count,False,False,0,0,0,0,0,0,3.18,True,False,False,stage1_nr,False,,,0,False,,False,,7205
CNG_Data2k_variance/files/Q00897.01-0000249674.PDF,Q00897.01-0000249674.PDF,.pdf,89488,ok,True,True,text,True,1,0,9,False,0,False,0-10,Name | Bank/Account Number | Money/Amount,True,Financial Account Information,False,,ambiguous,True,no,7002,likely_non_responsive,bde_llm_count,True,True,1,0,0,0,0,1,7.595,True,False,False,stage1_nr,False,,,0,False,,False,,7002
CNG_Data2k_variance/files/Q00897.01-0000664863.0001.XLSX,Q00897.01-0000664863.0001.XLSX,.xlsx,31196,ok,True,True,text,True,2,0,154,False,0,False,100+,Phone | Money/Amount,True,Contact Information | Financial Account Information,False,,ambiguous,True,no,11644,likely_non_responsive,roster_by_rowcount bde_llm_count,False,False,0,0,0,0,0,0,4.023,True,False,False,stage1_nr,False,,,0,False,,False,,11644
CNG_Data2k_variance/files/Q00897.01-0000533007.0001.PDF,Q00897.01-0000533007.0001.PDF,.pdf,25006,ok,True,False,text,False,2,0,0,False,0,False,0-10,,False,,False,,clear_non_responsive,False,,0,likely_non_responsive,,False,False,0,0,0,0,0,0,0.041,True,False,False,stage1_nr,False,,,0,False,,False,,0
CNG_Data2k_variance/files/Q00897.01-0000697307.MSG,Q00897.01-0000697307.MSG,.msg,258560,ok,True,False,text,False,0,0,1,False,0,False,0-10,Address | Phone,True,Contact Information,False,,ambiguous,True,no,4171,likely_non_responsive,,False,False,0,0,0,0,0,0,2.973,True,False,False,stage1_nr,False,,,0,False,,False,,4171
CNG_Data2k_variance/files/Q00897.01-0000659807.MSG,Q00897.01-0000659807.MSG,.msg,603648,ok,True,False,text,False,0,3,2,False,0,False,0-10,Address | Email | Phone,True,Contact Information,False,,ambiguous,True,no,3819,likely_non_responsive,,False,False,0,0,0,0,0,0,2.604,True,False,False,stage1_nr,False,,,0,False,,False,,3819
CNG_Data2k_variance/files/Q00897.01-0000818172.MSG,Q00897.01-0000818172.MSG,.msg,473088,ok,True,False,text,False,0,5,8,False,8,False,0-10,Name | Address | Email | Phone | Money/Amount,True,Contact Information | Financial Account Information,False,,ambiguous,True,yes,16691,standard,bde_llm_count,False,False,0,0,0,0,0,0,8.307,False,False,True,,True,likely_yes,yes,8815,False,standard,False,,25506
CNG_Data2k_variance/files/Q00897.01-0000740510.MSG,Q00897.01-0000740510.MSG,.msg,271872,ok,True,False,text,False,0,0,0,False,0,False,0-10,,False,,False,,clear_non_responsive,False,,0,likely_non_responsive,,False,False,0,0,0,0,0,0,1.897,True,False,False,stage1_nr,False,,,0,False,,False,,0
CNG_Data2k_variance/files/Q00897.01-0000260003.PDF,Q00897.01-0000260003.PDF,.pdf,1252622,ok,True,True,text,True,15,0,695,False,3,False,100+,Name | Card/Transaction | Money/Amount,False,Financial Account Information,False,,ambiguous,True,yes,32843,standard,bde_llm_count,True,True,15,0,0,0,0,1,34.593,False,False,True,,True,likely_no,no,16950,True,likely_non_responsive,True,,49793
CNG_Data2k_variance/files/Q00897.01-0000776655.0002.PDF,Q00897.01-0000776655.0002.PDF,.pdf,712486,ok,True,False,text,False,16,0,7,False,0,False,0-10,Email | Phone | Money/Amount | Health | Work-Related,True,Contact Information | Financial Account Information | Health-Related Information | Work-Related Information,False,,ambiguous,True,no,17313,likely_non_responsive,"img_ocr:p4,p5,p7,p10,p12,p13(6/6,+62chars) bde_llm_count",False,False,0,6,6,6,0,6,28.879,True,False,False,stage1_nr,False,,,0,False,,False,,17313
CNG_Data2k_variance/files/Q00897.01-0000914327.PDF,Q00897.01-0000914327.PDF,.pdf,322333,ok,True,False,text,False,3,0,1,False,0,False,0-10,Phone | SSN | Money/Amount | Work-Related,True,Contact Information | Government-Issued Identification | Financial Account Information | Work-Related Information,False,,clear_responsive,False,,0,standard,"img_ocr:p3(1/1,+6chars)",False,False,0,1,1,1,0,1,5.792,False,False,True,,True,clear_yes,yes,6496,False,standard,False,,6496
CNG_Data2k_variance/files/Q00897.01-0000885345.PDF,Q00897.01-0000885345.PDF,.pdf,180342,ok,True,False,text,False,4,0,2,False,0,False,0-10,Name | Address | Email | Phone | Money/Amount | Demographic | Work-Related,True,Contact Information | Financial Account Information | Demographic Information | Work-Related Information,False,,ambiguous,True,no,7442,likely_non_responsive,,False,False,0,0,0,0,0,0,1.784,True,False,False,stage1_nr,False,,,0,False,,False,,7442
CNG_Data2k_variance/files/Q00897.01-0000690287.MSG,Q00897.01-0000690287.MSG,.msg,188416,ok,True,False,text,False,0,0,1,False,0,False,0-10,Name | Address | Email | Money/Amount,True,Contact Information | Financial Account Information,False,,ambiguous,True,yes,4342,standard,,False,False,0,0,0,0,0,0,4.969,False,False,True,,True,clear_yes,yes,4375,False,standard,False,,8717
CNG_Data2k_variance/files/Q00897.01-0000827205.0003.PPTX,Q00897.01-0000827205.0003.PPTX,.pptx,6938654,ok,True,False,text,False,32,0,1,False,0,False,0-10,Address | Money/Amount,True,Contact Information | Financial Account Information,False,,ambiguous,True,no,5876,likely_non_responsive,,False,False,0,0,0,0,0,0,1.434,True,False,False,stage1_nr,False,,,0,False,,False,,5876
CNG_Data2k_variance/files/Q00897.01-0000471241.0001.0008.XLSX,Q00897.01-0000471241.0001.0008.XLSX,.xlsx,1144293,ok,True,True,text,True,31,0,541,False,0,False,100+,Phone | Money/Amount,True,Contact Information | Financial Account Information,False,,ambiguous,True,no,11162,likely_non_responsive,bde_llm_count,False,False,0,0,0,0,0,0,5.627,True,False,False,stage1_nr,False,,,0,False,,False,,11162
CNG_Data2k_variance/files/Q00897.01-0000728277.MSG,Q00897.01-0000728277.MSG,.msg,119808,ok,True,False,text,False,0,0,1,False,0,False,0-10,Email,True,Contact Information,False,,ambiguous,True,no,4065,likely_non_responsive,,False,False,0,0,0,0,0,0,1.616,True,False,False,stage1_nr,False,,,0,False,,False,,4065
CNG_Data2k_variance/files/Q00897.01-0000835537.MSG,Q00897.01-0000835537.MSG,.msg,58880,ok,True,False,text,False,0,0,4,False,0,False,0-10,Name | Address | Email | Phone | Date of Birth,True,Contact Information | Birth Information,False,,ambiguous,True,yes,4918,standard,,False,False,0,0,0,0,0,0,4.946,False,False,True,,True,clear_yes,yes,4963,False,standard,False,,9881
CNG_Data2k_variance/files/Q00897.01-0000721963.MSG,Q00897.01-0000721963.MSG,.msg,230912,ok,True,False,text,False,0,0,6,False,0,False,0-10,Name | Address | Money/Amount,True,Contact Information | Financial Account Information,False,,ambiguous,True,no,5095,likely_non_responsive,,False,False,0,0,0,0,0,0,1.584,True,False,False,stage1_nr,False,,,0,False,,False,,5095
CNG_Data2k_variance/files/Q00897.01-0000470739.0012.XLSX,Q00897.01-0000470739.0012.XLSX,.xlsx,26653,ok,True,True,text,True,1,0,2,False,0,False,0-10,Address | Phone | Money/Amount,True,Contact Information | Financial Account Information,False,,ambiguous,True,no,18297,likely_non_responsive,bde_llm_count,False,False,0,0,0,0,0,0,5.021,True,False,False,stage1_nr,False,,,0,False,,False,,18297
CNG_Data2k_variance/files/Q00897.01-0000005103.PDF,Q00897.01-0000005103.PDF,.pdf,219897,ok,True,False,text,False,2,0,1,False,0,False,0-10,Money/Amount,False,Financial Account Information,False,,clear_non_responsive,False,,0,likely_non_responsive,,False,False,0,0,0,0,0,0,0.23,True,False,False,stage1_nr,False,,,0,False,,False,,0
CNG_Data2k_variance/files/Q00897.01-0000406519.MSG,Q00897.01-0000406519.MSG,.msg,225792,ok,True,False,text,False,0,3,2,False,0,False,0-10,Name | Email,True,Contact Information,False,,ambiguous,True,no,4162,likely_non_responsive,,False,False,0,0,0,0,0,0,2.942,True,False,False,stage1_nr,False,,,0,False,,False,,4162
CNG_Data2k_variance/files/Q00897.01-0000006641.PDF,Q00897.01-0000006641.PDF,.pdf,92356,ok,True,False,text,False,1,0,1,False,0,False,0-10,Work-Related,False,Work-Related Information,False,,ambiguous,True,yes,5652,standard,,False,False,0,0,0,0,0,0,4.616,False,False,True,,True,likely_no,no,5712,False,likely_non_responsive,True,,11364
CNG_Data2k_variance/files/Q00897.01-0000654633.MSG,Q00897.01-0000654633.MSG,.msg,57344,ok,True,False,text,False,0,1,1,False,0,False,0-10,Name | Card/Transaction,False,Financial Account Information,False,,ambiguous,True,no,3690,likely_non_responsive,,False,False,0,0,0,0,0,0,2.147,True,False,False,stage1_nr,False,,,0,False,,False,,3690
CNG_Data2k_variance\files\Q00897.01-0000851739.XLS,Q00897.01-0000851739.XLS,.xls,22231,ok,True,True,text,True,1,0,66,False,0,False,50-100,Name | Money/Amount,False,Financial Account Information,False,,ambiguous,True,no,7274,likely_non_responsive,roster_by_rowcount bde_llm_count,False,False,0,0,0,0,0,0,5.839,True,False,False,stage1_nr,False,,,0,False,,False,,7274
CNG_Data2k_variance/files/Q00897.01-0000321193.XML,Q00897.01-0000321193.XML,.xml,176009,ok,True,False,text,False,0,0,1,False,0,False,0-10,Name | Phone | Money/Amount,True,Contact Information | Financial Account Information,False,,ambiguous,True,yes,13211,standard,,False,False,0,0,0,0,0,0,8.385,False,False,True,,True,likely_yes,yes,13286,False,standard,False,,26497
CNG_Data2k_variance/files/Q00897.01-0000907776.PDF,Q00897.01-0000907776.PDF,.pdf,5001044,ok,True,False,text,False,577,0,409,False,409,True,100+,Address | Phone | SSN | Money/Amount | Work-Related,True,Contact Information | Government-Issued Identification | Financial Account Information | Work-Related Information,True,,clear_responsive,False,,14267,bde,bde_llm_count_roster,False,False,0,0,0,0,0,0,165.064,False,True,True,,True,clear_yes,yes,15277,True,bde,False,,29544
CNG_Data2k_variance/files/Q00897.01-0000899068.PDF,Q00897.01-0000899068.PDF,.pdf,15363,ok,True,False,text,False,2,0,1,False,0,False,0-10,Money/Amount,False,Financial Account Information,False,,clear_non_responsive,False,,0,likely_non_responsive,,False,False,0,0,0,0,0,0,0.089,True,False,False,stage1_nr,False,,,0,False,,False,,0
CNG_Data2k_variance/files/Q00897.01-0000242636.PDF,Q00897.01-0000242636.PDF,.pdf,319525,ok,True,False,text,False,2,0,2,False,0,False,0-10,Phone | Money/Amount,True,Contact Information | Financial Account Information,False,,ambiguous,True,no,4059,likely_non_responsive,"img_ocr:p2(1/1,+4chars)",False,False,0,1,1,1,0,1,6.025,True,False,False,stage1_nr,False,,,0,False,,False,,4059
CNG_Data2k_variance/files/Q00897.01-0000901537.PDF,Q00897.01-0000901537.PDF,.pdf,12761,ok,True,False,text,False,2,0,1,False,0,False,0-10,Money/Amount,False,Financial Account Information,False,,clear_non_responsive,False,,0,likely_non_responsive,,False,False,0,0,0,0,0,0,0.139,True,False,False,stage1_nr,False,,,0,False,,False,,0
CNG_Data2k_variance/files/Q00897.01-0000825737.0001.RTF,Q00897.01-0000825737.0001.RTF,.rtf,82285,ok,True,False,text,False,0,0,9,False,4,False,0-10,Name | Address | Money/Amount,True,Contact Information | Financial Account Information,False,,ambiguous,True,no,16513,likely_non_responsive,bde_llm_count,False,False,0,0,0,0,0,0,4.106,True,False,False,stage1_nr,False,,,0,False,,False,,16513
CNG_Data2k_variance/files/Q00897.01-0000368645.MSG,Q00897.01-0000368645.MSG,.msg,245760,ok,True,False,text,False,0,0,1,False,0,False,0-10,Email | Money/Amount,True,Contact Information | Financial Account Information,False,,ambiguous,True,no,4127,likely_non_responsive,,False,False,0,0,0,0,0,0,2.543,True,False,False,stage1_nr,False,,,0,False,,False,,4127
CNG_Data2k_variance/files/Q00897.01-0000436206.MSG,Q00897.01-0000436206.MSG,.msg,176128,ok,True,False,text,False,0,1,11,False,6,False,10-20,Name | Address | Email | Phone | Money/Amount,True,Contact Information | Financial Account Information,False,,ambiguous,True,yes,10978,standard,bde_llm_count,False,False,0,0,0,0,0,0,6.391,False,False,True,,True,likely_no,no,5969,False,likely_non_responsive,True,,16947
CNG_Data2k_variance/files/Q00897.01-0000625733.MSG,Q00897.01-0000625733.MSG,.msg,85504,ok,True,False,text,False,0,1,7,False,7,False,0-10,Name | Address | Email | Phone,True,Contact Information,False,,ambiguous,True,yes,13638,standard,bde_llm_count,False,False,0,0,0,0,0,0,7.819,False,False,True,,True,likely_no,no,7275,False,likely_non_responsive,True,,20913
CNG_Data2k_variance/files/Q00897.01-0000746251.MSG,Q00897.01-0000746251.MSG,.msg,105984,ok,True,False,text,False,0,0,1,False,0,False,0-10,Address,True,Contact Information,False,,ambiguous,True,no,3851,likely_non_responsive,,False,False,0,0,0,0,0,0,1.771,True,False,False,stage1_nr,False,,,0,False,,False,,3851
CNG_Data2k_variance/files/Q00897.01-0000611892.MSG,Q00897.01-0000611892.MSG,.msg,122368,ok,True,False,text,False,0,2,6,False,0,False,0-10,Name | Email | Phone,True,Contact Information,False,,ambiguous,True,yes,4867,standard,,False,False,0,0,0,0,0,0,7.386,False,False,True,,True,likely_yes,yes,4961,False,standard,False,,9828
CNG_Data2k_variance/files/Q00897.01-0000252515.PDF,Q00897.01-0000252515.PDF,.pdf,383534,ok,True,True,text,True,1,0,36,False,0,False,20-50,Address | Email | Phone | Money/Amount,True,Contact Information | Financial Account Information,False,,ambiguous,True,no,7745,likely_non_responsive,bde_llm_count,True,True,1,0,0,0,0,1,10.414,True,False,False,stage1_nr,False,,,0,False,,False,,7745
CNG_Data2k_variance/files/Q00897.01-0000295012.PDF,Q00897.01-0000295012.PDF,.pdf,3520034,ok,True,True,text,True,15,0,14,False,0,False,10-20,Phone | Tax ID | Bank/Account Number | Money/Amount | Work-Related,True,Contact Information | Government-Issued Identification | Financial Account Information | Work-Related Information,False,,ambiguous,True,yes,17299,standard,bde_llm_count,True,True,15,0,0,0,0,1,33.51,False,False,True,,True,likely_no,no,9100,False,likely_non_responsive,True,,26399
CNG_Data2k_variance/files/Q00897.01-0000668953.MSG,Q00897.01-0000668953.MSG,.msg,486400,ok,True,False,text,False,0,3,0,False,0,False,0-10,,False,,False,,clear_non_responsive,False,,0,likely_non_responsive,,False,False,0,0,0,0,0,0,0.352,True,False,False,stage1_nr,False,,,0,False,,False,,0
CNG_Data2k_variance/files/Q00897.01-0000891201.PDF,Q00897.01-0000891201.PDF,.pdf,12195,ok,True,False,text,False,1,0,5,False,0,False,0-10,Name | Address | Phone,True,Contact Information,False,,ambiguous,True,yes,4423,standard,,False,False,0,0,0,0,0,0,4.684,False,False,True,,True,clear_yes,yes,4454,False,standard,False,,8877
CNG_Data2k_variance/files/Q00897.01-0000276416.PDF,Q00897.01-0000276416.PDF,.pdf,274556,ok,True,False,text,False,2,0,7,False,4,False,0-10,Name | Address | Phone | Money/Amount,True,Contact Information | Financial Account Information,False,,ambiguous,True,yes,7250,standard,bde_llm_count,True,True,2,0,0,0,0,1,15.699,False,False,True,,True,likely_no,no,4084,False,likely_non_responsive,True,,11334
CNG_Data2k_variance/files/Q00897.01-0000380961.0002.XLSX,Q00897.01-0000380961.0002.XLSX,.xlsx,30610,ok,True,True,text,True,2,0,125,False,125,True,100+,Name | Card/Transaction,False,Financial Account Information,True,,ambiguous,True,no,8184,structured_bde,bde_llm_count_roster,False,False,0,0,0,0,0,0,8.484,False,True,True,,True,clear_no,no,4629,True,likely_non_responsive,True,,12813
CNG_Data2k_variance/files/Q00897.01-0000672558.MSG,Q00897.01-0000672558.MSG,.msg,155648,ok,True,False,text,False,0,1,1,False,0,False,0-10,Name | Money/Amount,True,Financial Account Information,False,,ambiguous,True,no,3831,likely_non_responsive,,False,False,0,0,0,0,0,0,2.521,True,False,False,stage1_nr,False,,,0,False,,False,,3831
CNG_Data2k_variance/files/Q00897.01-0000834018.0001.PDF,Q00897.01-0000834018.0001.PDF,.pdf,714987,ok,True,True,text,True,9,0,2,False,0,False,0-10,Address | Money/Amount,True,Contact Information | Financial Account Information,False,,ambiguous,True,no,16180,likely_non_responsive,bde_llm_count,True,True,9,0,0,0,0,1,9.634,True,False,False,stage1_nr,False,,,0,False,,False,,16180
CNG_Data2k_variance/files/Q00897.01-0000621020.MSG,Q00897.01-0000621020.MSG,.msg,910336,ok,True,False,text,False,0,10,12,False,9,False,10-20,Name | Address | Email | Phone | Money/Amount,True,Contact Information | Financial Account Information,False,,ambiguous,True,yes,17735,standard,bde_llm_count,False,False,0,0,0,0,0,0,8.91,False,False,True,,True,likely_yes,yes,9342,False,standard,False,,27077
CNG_Data2k_variance/files/Q00897.01-0000833497.MSG,Q00897.01-0000833497.MSG,.msg,28672,error,False,False,,False,0,0,0,False,0,False,,,False,,False,,,False,,0,review_error,MalformedRtf,False,False,0,0,0,0,0,0,0.231,False,False,False,extract_error,False,,,0,False,,False,,0
CNG_Data2k_variance/files/Q00897.01-0000868705.TXT,Q00897.01-0000868705.TXT,.txt,9902,ok,True,False,text,False,0,0,15,False,15,False,10-20,Name | Address | Phone | Money/Amount,True,Contact Information | Financial Account Information,False,,ambiguous,True,yes,16619,standard,bde_llm_count,False,False,0,0,0,0,0,0,5.356,False,False,True,,True,likely_yes,yes,8776,False,standard,False,,25395
CNG_Data2k_variance/files/Q00897.01-0000118697.DOCX,Q00897.01-0000118697.DOCX,.docx,15425,ok,True,False,text,False,0,0,1,False,0,False,0-10,Money/Amount | Work-Related,False,Financial Account Information | Work-Related Information,False,,ambiguous,True,no,4328,likely_non_responsive,,False,False,0,0,0,0,0,0,2.177,True,False,False,stage1_nr,False,,,0,False,,False,,4328
CNG_Data2k_variance/files/Q00897.01-0000404227.0001.XLSX,Q00897.01-0000404227.0001.XLSX,.xlsx,11404,ok,True,True,text,True,1,0,0,False,0,False,0-10,Money/Amount,False,Financial Account Information,False,,ambiguous,True,no,7740,structured_unreadable,bde_llm_count,False,False,0,0,0,0,0,0,6.759,False,False,True,,True,clear_no,no,4331,False,likely_non_responsive,True,,12071
CNG_Data2k_variance/files/Q00897.01-0000563572.0001.XLSX,Q00897.01-0000563572.0001.XLSX,.xlsx,64485,ok,True,True,text,True,1,0,467,False,0,False,100+,Payment Card | Money/Amount,True,Financial Account Information,False,,ambiguous,True,no,17912,likely_non_responsive,roster_by_rowcount bde_llm_count,False,False,0,0,0,0,0,0,18.127,True,False,False,stage1_nr,False,,,0,False,,False,,17912
CNG_Data2k_variance/files/Q00897.01-0000541605.0001.PDF,Q00897.01-0000541605.0001.PDF,.pdf,22597,ok,True,False,text,False,1,0,1,False,0,False,0-10,Money/Amount,False,Financial Account Information,False,,clear_non_responsive,False,,0,likely_non_responsive,,False,False,0,0,0,0,0,0,0.023,True,False,False,stage1_nr,False,,,0,False,,False,,0
CNG_Data2k_variance/files/Q00897.01-0000362315.MSG,Q00897.01-0000362315.MSG,.msg,153088,ok,True,False,text,False,0,0,4,False,0,False,0-10,Name | Address | Email | Phone | Money/Amount,True,Contact Information | Financial Account Information,False,,ambiguous,True,no,4308,likely_non_responsive,,False,False,0,0,0,0,0,0,3.362,True,False,False,stage1_nr,False,,,0,False,,False,,4308
CNG_Data2k_variance/files/Q00897.01-0000697271.MSG,Q00897.01-0000697271.MSG,.msg,156160,ok,True,False,text,False,0,1,3,False,0,False,0-10,Name | Address | Email | Money/Amount | Credentials,True,Contact Information | Financial Account Information | Access Credentials,False,,ambiguous,True,yes,4238,standard,,False,False,0,0,0,0,0,0,5.756,False,False,True,,True,likely_yes,yes,4283,False,standard,False,,8521
CNG_Data2k_variance/files/Q00897.01-0000656287.0004.PDF,Q00897.01-0000656287.0004.PDF,.pdf,405007,ok,True,False,text,False,3,0,2,False,0,False,0-10,Name | Address | Money/Amount,True,Contact Information | Financial Account Information,False,,ambiguous,True,no,4794,likely_non_responsive,"img_ocr:p1(1/2,+17chars)",False,False,0,2,2,1,0,2,10.421,True,False,False,stage1_nr,False,,,0,False,,False,,4794
CNG_Data2k_variance/files/Q00897.01-0000249288.PDF,Q00897.01-0000249288.PDF,.pdf,121963,ok,True,True,text,True,1,0,16,False,0,False,10-20,Name | Bank/Account Number | Money/Amount,True,Financial Account Information,False,,ambiguous,True,no,6898,likely_non_responsive,bde_llm_count,True,True,1,0,0,0,0,1,7.348,True,False,False,stage1_nr,False,,,0,False,,False,,6898
CNG_Data2k_variance/files/Q00897.01-0000260146.PDF,Q00897.01-0000260146.PDF,.pdf,2592033,ok,True,True,text,True,8,0,280,False,1,False,100+,Name | Money/Amount,False,Financial Account Information,False,,ambiguous,True,yes,34898,standard,bde_llm_count,True,True,8,0,0,0,0,1,25.963,False,False,True,,True,likely_yes,yes,17985,True,structured_bde,False,,52883
CNG_Data2k_variance/files/Q00897.01-0000590155.0001.CSV,Q00897.01-0000590155.0001.CSV,.csv,9527680,ok,True,True,text,True,0,0,46063,False,0,False,100+,Money/Amount,False,Financial Account Information,False,,ambiguous,True,no,15771,likely_non_responsive,roster_by_rowcount bde_llm_count,False,False,0,0,0,0,0,0,18.84,True,False,False,stage1_nr,False,,,0,False,,False,,15771
CNG_Data2k_variance/files/Q00897.01-0000398366.0001.JPG,Q00897.01-0000398366.0001.JPG,.jpg,1824680,ok,True,False,text,False,1,0,2,False,0,False,0-10,Name | Address | Bank/Account Number | Money/Amount,True,Contact Information | Financial Account Information,False,,ambiguous,True,no,3928,likely_non_responsive,,True,True,1,0,0,0,0,1,6.387,True,False,False,stage1_nr,False,,,0,False,,False,,3928
CNG_Data2k_variance/files/Q00897.01-0000264950.CSV,Q00897.01-0000264950.CSV,.csv,636309,ok,True,True,text,True,0,0,98,False,0,False,50-100,Payment Card | Card/Transaction,True,Financial Account Information,False,,ambiguous,True,no,11507,likely_non_responsive,bde_llm_count,False,False,0,0,0,0,0,0,3.62,True,False,False,stage1_nr,False,,,0,False,,False,,11507
CNG_Data2k_variance/files/Q00897.01-0000717968.0001.DOCX,Q00897.01-0000717968.0001.DOCX,.docx,166637,ok,True,False,text,False,0,0,1,False,0,False,0-10,Name | Address | Card Expiry/CVV | Account Balance | Money/Amount | Health | Work-Related,True,Contact Information | Financial Account Information | Health-Related Information | Work-Related Information,False,,ambiguous,True,no,8850,likely_non_responsive,,False,False,0,0,0,0,0,0,1.508,True,False,False,stage1_nr,False,,,0,False,,False,,8850
CNG_Data2k_variance/files/Q00897.01-0000734897.MSG,Q00897.01-0000734897.MSG,.msg,145920,ok,True,False,text,False,0,1,5,False,0,False,0-10,Name | Address | Email | Phone,True,Contact Information,False,,ambiguous,True,yes,5053,standard,,False,False,0,0,0,0,0,0,4.0,False,False,True,,True,likely_no,no,5140,False,likely_non_responsive,True,,10193
CNG_Data2k_variance/files/Q00897.01-0000418518.MSG,Q00897.01-0000418518.MSG,.msg,95744,ok,True,False,text,False,0,0,1,False,0,False,0-10,Money/Amount,False,Financial Account Information,False,,clear_non_responsive,False,,0,likely_non_responsive,,False,False,0,0,0,0,0,0,0.419,True,False,False,stage1_nr,False,,,0,False,,False,,0
CNG_Data2k_variance/files/Q00897.01-0000617114.MSG,Q00897.01-0000617114.MSG,.msg,183296,ok,True,False,text,False,0,3,6,False,0,False,0-10,Name | Address | Email | Phone | Money/Amount,True,Contact Information | Financial Account Information,False,,ambiguous,True,yes,10008,standard,,False,False,0,0,0,0,0,0,8.217,False,False,True,,True,clear_no,no,10089,False,likely_non_responsive,True,,20097
CNG_Data2k_variance/files/Q00897.01-0000412748.0001.PDF,Q00897.01-0000412748.0001.PDF,.pdf,67506,ok,True,False,text,False,23,0,18,False,10,False,10-20,Name | Card/Transaction | Money/Amount,False,Financial Account Information,False,,ambiguous,True,yes,30885,standard,bde_llm_count,False,False,0,0,0,0,0,0,11.993,False,False,True,,True,clear_no,no,15785,False,likely_non_responsive,True,,46670
CNG_Data2k_variance/files/Q00897.01-0000534760.0001.PDF,Q00897.01-0000534760.0001.PDF,.pdf,22569,ok,True,False,text,False,1,0,1,False,0,False,0-10,Money/Amount,False,Financial Account Information,False,,clear_non_responsive,False,,0,likely_non_responsive,,False,False,0,0,0,0,0,0,0.022,True,False,False,stage1_nr,False,,,0,False,,False,,0
CNG_Data2k_variance/files/Q00897.01-0000753231.MSG,Q00897.01-0000753231.MSG,.msg,89600,ok,True,False,text,False,0,0,2,False,0,False,0-10,Address | Email | Phone | Money/Amount | Credentials,True,Contact Information | Financial Account Information | Access Credentials,False,,ambiguous,True,no,4751,likely_non_responsive,,False,False,0,0,0,0,0,0,3.263,True,False,False,stage1_nr,False,,,0,False,,False,,4751
CNG_Data2k_variance/files/Q00897.01-0000908157.PDF,Q00897.01-0000908157.PDF,.pdf,12366,ok,True,False,text,False,1,0,1,False,0,False,0-10,Name | Phone,True,Contact Information,False,,ambiguous,True,yes,3979,standard,,False,False,0,0,0,0,0,0,3.112,False,False,True,,True,borderline,no,4032,False,likely_non_responsive,True,,8011
CNG_Data2k_variance/files/Q00897.01-0000310738.PDF,Q00897.01-0000310738.PDF,.pdf,13371381,ok,True,False,text,False,37,0,78,False,0,False,50-100,Name | Address | Email | Phone | Money/Amount | Health,True,Contact Information | Financial Account Information | Health-Related Information,False,,ambiguous,True,no,19454,likely_non_responsive,"img_ocr:none(2 calls,0 chars) bde_llm_count",False,False,0,2,2,0,0,2,27.499,True,False,False,stage1_nr,False,,,0,False,,False,,19454
CNG_Data2k_variance/files/Q00897.01-0000138039.PDF,Q00897.01-0000138039.PDF,.pdf,247750,ok,True,True,text,True,3,0,59,False,2,False,50-100,Name | Address | Phone | Money/Amount,True,Contact Information | Financial Account Information,False,,ambiguous,True,yes,15091,standard,bde_llm_count,True,True,3,0,0,0,0,1,17.764,False,False,True,,True,likely_no,no,8023,True,likely_non_responsive,True,,23114
CNG_Data2k_variance/files/Q00897.01-0000753716.MSG,Q00897.01-0000753716.MSG,.msg,82432,ok,True,False,text,False,0,0,2,False,0,False,0-10,Address | Email | Phone | Money/Amount,True,Contact Information | Financial Account Information,False,,ambiguous,True,no,4751,likely_non_responsive,,False,False,0,0,0,0,0,0,1.94,True,False,False,stage1_nr,False,,,0,False,,False,,4751
CNG_Data2k_variance/files/Q00897.01-0000283853.PDF,Q00897.01-0000283853.PDF,.pdf,16501,ok,True,False,text,False,1,0,2,False,0,False,0-10,Name | Email | Phone | Money/Amount,True,Contact Information | Financial Account Information,False,,ambiguous,True,yes,4031,standard,,False,False,0,0,0,0,0,0,4.038,False,False,True,,True,likely_no,no,4089,False,likely_non_responsive,True,,8120
CNG_Data2k_variance/files/Q00897.01-0000889407.PDF,Q00897.01-0000889407.PDF,.pdf,17814,ok,True,False,text,False,2,0,11,False,4,False,10-20,Name | Address | Phone,True,Contact Information,False,,ambiguous,True,yes,9494,standard,bde_llm_count,False,False,0,0,0,0,0,0,7.222,False,False,True,,True,clear_yes,yes,5205,False,standard,False,,14699
CNG_Data2k_variance/files/Q00897.01-0000629483.MSG,Q00897.01-0000629483.MSG,.msg,110592,ok,True,False,text,False,0,3,4,False,0,False,0-10,Name | Address | Email | Phone | Money/Amount,True,Contact Information | Financial Account Information,False,,ambiguous,True,yes,6621,standard,,False,False,0,0,0,0,0,0,7.392,False,False,True,,True,likely_yes,yes,6684,False,standard,False,,13305
CNG_Data2k_variance/files/Q00897.01-0000013412.PDF,Q00897.01-0000013412.PDF,.pdf,358079,ok,True,True,text,True,1,0,20,False,1,False,10-20,Name | Address | Email | Phone | SSN | Date of Birth | Money/Amount | Work-Related,True,Contact Information | Government-Issued Identification | Birth Information | Financial Account Information | Work-Related Information,False,,clear_responsive,False,,3217,standard,bde_llm_count,True,True,1,0,0,0,0,1,10.163,False,False,True,,True,clear_yes,yes,4066,False,standard,False,,7283
CNG_Data2k_variance/files/Q00897.01-0000897166.PDF,Q00897.01-0000897166.PDF,.pdf,13784,ok,True,False,text,False,2,0,1,False,0,False,0-10,Money/Amount,False,Financial Account Information,False,,clear_non_responsive,False,,0,likely_non_responsive,,False,False,0,0,0,0,0,0,0.172,True,False,False,stage1_nr,False,,,0,False,,False,,0
CNG_Data2k_variance/files/Q00897.01-0000007836.PDF,Q00897.01-0000007836.PDF,.pdf,77929,ok,True,False,text,False,1,0,1,False,0,False,0-10,Work-Related,False,Work-Related Information,False,,ambiguous,True,no,5121,likely_non_responsive,,False,False,0,0,0,0,0,0,2.391,True,False,False,stage1_nr,False,,,0,False,,False,,5121
CNG_Data2k_variance/files/Q00897.01-0000808929.0001.DOCX,Q00897.01-0000808929.0001.DOCX,.docx,39856,ok,True,False,text,False,0,0,1,False,0,False,0-10,Name | Health,True,Health-Related Information,False,,ambiguous,True,no,6011,likely_non_responsive,,False,False,0,0,0,0,0,0,1.682,True,False,False,stage1_nr,False,,,0,False,,False,,6011
CNG_Data2k_variance/files/Q00897.01-0000397126.MSG,Q00897.01-0000397126.MSG,.msg,193536,ok,True,False,text,False,0,6,7,False,5,False,0-10,Name | Address | Email | Phone | Money/Amount,True,Contact Information | Financial Account Information,False,,ambiguous,True,yes,10098,standard,bde_llm_count,False,False,0,0,0,0,0,0,11.289,False,False,True,,True,likely_yes,yes,5491,False,standard,False,,15589
CNG_Data2k_variance/files/Q00897.01-0000660558.0001.XLSX,Q00897.01-0000660558.0001.XLSX,.xlsx,13077,ok,True,True,text,True,1,0,0,False,0,False,0-10,Money/Amount,False,Financial Account Information,False,,ambiguous,True,no,9658,structured_unreadable,bde_llm_count_roster,False,False,0,0,0,0,0,0,6.289,False,False,True,,True,clear_no,no,5299,False,likely_non_responsive,True,,14957
CNG_Data2k_variance/files/Q00897.01-0000533174.0001.PDF,Q00897.01-0000533174.0001.PDF,.pdf,22602,ok,True,False,text,False,1,0,1,False,0,False,0-10,Money/Amount,False,Financial Account Information,False,,clear_non_responsive,False,,0,likely_non_responsive,,False,False,0,0,0,0,0,0,0.028,True,False,False,stage1_nr,False,,,0,False,,False,,0
CNG_Data2k_variance/files/Q00897.01-0000912019.PDF,Q00897.01-0000912019.PDF,.pdf,94848,ok,True,True,text,True,2,0,50,False,8,False,20-50,Phone | SSN | Money/Amount,True,Contact Information | Government-Issued Identification | Financial Account Information,False,,clear_responsive,False,,3745,standard,bde_llm_count_roster,True,True,2,0,0,0,0,1,11.862,False,False,True,,True,clear_yes,yes,4709,False,standard,False,,8454
CNG_Data2k_variance/files/Q00897.01-0000608055.0001.PDF,Q00897.01-0000608055.0001.PDF,.pdf,20962,ok,True,False,text,False,1,0,0,False,0,False,0-10,,False,,False,,clear_non_responsive,False,,0,likely_non_responsive,,False,False,0,0,0,0,0,0,0.029,True,False,False,stage1_nr,False,,,0,False,,False,,0
CNG_Data2k_variance/files/Q00897.01-0000912150.PDF,Q00897.01-0000912150.PDF,.pdf,61671,ok,True,True,text,True,3,0,31,False,5,False,20-50,Address | SSN,True,Contact Information | Government-Issued Identification,False,,clear_responsive,False,,3813,standard,bde_llm_count_roster,True,True,3,0,0,0,0,1,12.317,False,False,True,,True,clear_yes,yes,4704,False,standard,False,,8517
CNG_Data2k_variance/files/Q00897.01-0000138036.PDF,Q00897.01-0000138036.PDF,.pdf,697209,ok,True,True,text,True,2,0,39,False,4,False,20-50,Name | Address | Phone | Money/Amount,True,Contact Information | Financial Account Information,False,,ambiguous,True,yes,12513,standard,bde_llm_count,True,True,2,0,0,0,0,1,23.024,False,False,True,,True,likely_no,no,6664,False,likely_non_responsive,True,,19177
CNG_Data2k_variance/files/Q00897.01-0000911774.PDF,Q00897.01-0000911774.PDF,.pdf,60898,ok,True,False,text,False,2,0,1,False,0,False,0-10,Phone | SSN | Money/Amount,True,Contact Information | Government-Issued Identification | Financial Account Information,False,,clear_responsive,False,,0,standard,,True,True,2,0,0,0,0,1,8.823,False,False,True,,True,clear_yes,yes,4704,False,standard,False,,4704
CNG_Data2k_variance/files/Q00897.01-0000816287.0001.PDF,Q00897.01-0000816287.0001.PDF,.pdf,445083,ok,True,True,text,True,3,0,5,False,2,False,0-10,Name | Address | Phone | Money/Amount | Health,True,Contact Information | Financial Account Information | Health-Related Information,False,,ambiguous,True,yes,9042,standard,bde_llm_count,True,True,3,0,0,0,0,1,29.921,False,False,True,,True,clear_no,no,5011,False,likely_non_responsive,True,,14053
CNG_Data2k_variance/files/Q00897.01-0000011086.PDF,Q00897.01-0000011086.PDF,.pdf,271971,ok,True,False,text,False,1,0,5,False,0,False,0-10,Name | Email | Work-Related,True,Contact Information | Work-Related Information,False,,ambiguous,True,yes,4164,standard,,False,False,0,0,0,0,0,0,4.466,False,False,True,,True,likely_yes,yes,4212,False,standard,False,,8376
CNG_Data2k_variance/files/Q00897.01-0000122160.PDF,Q00897.01-0000122160.PDF,.pdf,235972,ok,True,False,text,False,1,0,1,False,0,False,0-10,Phone | Money/Amount,True,Contact Information | Financial Account Information,False,,ambiguous,True,no,4338,likely_non_responsive,"img_ocr:p1(1/1,+18chars)",False,False,0,1,1,1,0,1,6.227,True,False,False,stage1_nr,False,,,0,False,,False,,4338
CNG_Data2k_variance/files/Q00897.01-0000394574.MSG,Q00897.01-0000394574.MSG,.msg,82944,ok,True,False,text,False,0,0,2,False,0,False,0-10,Name | Email | Money/Amount,True,Contact Information | Financial Account Information,False,,ambiguous,True,yes,4790,standard,,False,False,0,0,0,0,0,0,4.785,False,False,True,,True,likely_no,no,4855,False,likely_non_responsive,True,,9645
CNG_Data2k_variance/files/Q00897.01-0000254726.PDF,Q00897.01-0000254726.PDF,.pdf,6695478,ok,True,True,text,True,15,0,579,False,0,True,100+,Phone | Money/Amount,True,Contact Information | Financial Account Information,True,,ambiguous,True,no,32198,structured_bde,bde_llm_count_roster,True,True,15,0,0,0,0,1,19.49,False,True,True,,True,clear_no,no,16616,True,likely_non_responsive,True,,48814
CNG_Data2k_variance/files/Q00897.01-0000670309.0001.PDF,Q00897.01-0000670309.0001.PDF,.pdf,27674,ok,True,False,text,False,10,0,37,False,0,False,20-50,Name | Address | Phone | Account Balance | Money/Amount,True,Contact Information | Financial Account Information,False,,ambiguous,True,yes,18631,standard,bde_llm_count,False,False,0,0,0,0,0,0,5.493,False,False,True,,True,clear_no,no,9774,False,likely_non_responsive,True,,28405
CNG_Data2k_variance/files/Q00897.01-0000875226.PDF,Q00897.01-0000875226.PDF,.pdf,62472,ok,True,False,text,False,2,0,3,False,0,False,0-10,Name | Address | Phone | Money/Amount,True,Contact Information | Financial Account Information,False,,ambiguous,True,yes,4511,standard,"img_ocr:p1(1/1,+17chars)",False,False,0,1,1,1,0,1,7.57,False,False,True,,True,likely_no,no,4582,False,likely_non_responsive,True,,9093
CNG_Data2k_variance/files/Q00897.01-0000528203.0001.PDF,Q00897.01-0000528203.0001.PDF,.pdf,22565,ok,True,False,text,False,1,0,1,False,0,False,0-10,Money/Amount,False,Financial Account Information,False,,clear_non_responsive,False,,0,likely_non_responsive,,False,False,0,0,0,0,0,0,0.044,True,False,False,stage1_nr,False,,,0,False,,False,,0
CNG_Data2k_variance/files/Q00897.01-0000840264.MSG,Q00897.01-0000840264.MSG,.msg,110592,ok,True,False,text,False,0,0,5,False,0,False,0-10,Name | Address | Email | Phone,True,Contact Information,False,,ambiguous,True,yes,4726,standard,,False,False,0,0,0,0,0,0,3.592,False,False,True,,True,clear_yes,yes,4788,False,standard,False,,9514
CNG_Data2k_variance/files/Q00897.01-0000847031.0002.DOCX,Q00897.01-0000847031.0002.DOCX,.docx,14804,ok,True,False,text,False,0,0,5,False,0,False,0-10,Name | Money/Amount | Work-Related,False,Financial Account Information | Work-Related Information,False,,ambiguous,True,yes,4740,standard,,False,False,0,0,0,0,0,0,3.934,False,False,True,,True,borderline,no,4810,False,likely_non_responsive,True,,9550
CNG_Data2k_variance/files/Q00897.01-0000519224.0001.XLSX,Q00897.01-0000519224.0001.XLSX,.xlsx,45515,ok,True,True,text,True,1,0,438,False,1,False,100+,Name | Phone | Money/Amount,True,Contact Information | Financial Account Information,False,,ambiguous,True,yes,17780,standard,roster_by_rowcount bde_llm_count,False,False,0,0,0,0,0,0,16.755,False,False,True,,True,likely_yes,yes,9336,True,structured_bde,False,,27116
CNG_Data2k_variance/files/Q00897.01-0000539886.0001.PDF,Q00897.01-0000539886.0001.PDF,.pdf,22623,ok,True,False,text,False,1,0,1,False,0,False,0-10,Money/Amount,False,Financial Account Information,False,,clear_non_responsive,False,,0,likely_non_responsive,,False,False,0,0,0,0,0,0,0.039,True,False,False,stage1_nr,False,,,0,False,,False,,0
CNG_Data2k_variance/files/Q00897.01-0000442748.0001.PDF,Q00897.01-0000442748.0001.PDF,.pdf,1060079,ok,True,False,text,False,52,0,20,False,20,False,10-20,Name | Address | Phone | Money/Amount | Health | Work-Related,True,Contact Information | Financial Account Information | Health-Related Information | Work-Related Information,False,,ambiguous,True,yes,15999,standard,bde_llm_count_roster,False,False,0,0,0,0,0,0,11.697,False,False,True,,True,likely_no,no,8465,False,likely_non_responsive,True,,24464
CNG_Data2k_variance/files/Q00897.01-0000892443.PDF,Q00897.01-0000892443.PDF,.pdf,11520,ok,True,False,text,False,1,0,0,False,0,False,0-10,,False,,False,,clear_non_responsive,False,,0,likely_non_responsive,,False,False,0,0,0,0,0,0,0.061,True,False,False,stage1_nr,False,,,0,False,,False,,0
CNG_Data2k_variance/files/Q00897.01-0000000400.PDF,Q00897.01-0000000400.PDF,.pdf,115606,ok,True,False,text,False,4,0,1,False,0,False,0-10,Address | Phone | SSN | Money/Amount | Work-Related,True,Contact Information | Government-Issued Identification | Financial Account Information | Work-Related Information,False,,clear_responsive,False,,0,standard,"img_ocr:none(1 calls,0 chars)",False,False,0,1,1,0,0,1,9.835,False,False,True,,True,clear_yes,yes,13287,False,standard,False,,13287
CNG_Data2k_variance/files/Q00897.01-0000260202.PDF,Q00897.01-0000260202.PDF,.pdf,3255956,ok,True,True,text,True,15,0,777,False,6,False,100+,Name | Address | Money/Amount,True,Contact Information | Financial Account Information,False,,ambiguous,True,yes,32056,standard,bde_llm_count,True,True,15,0,0,0,0,1,29.269,False,False,True,,True,likely_yes,yes,16579,True,structured_bde,False,,48635
CNG_Data2k_variance/files/Q00897.01-0000670744.0004.DOCX,Q00897.01-0000670744.0004.DOCX,.docx,42881,ok,True,False,text,False,0,0,1,False,0,False,0-10,Money/Amount,False,Financial Account Information,False,,clear_non_responsive,False,,0,likely_non_responsive,,False,False,0,0,0,0,0,0,0.085,True,False,False,stage1_nr,False,,,0,False,,False,,0
CNG_Data2k_variance/files/Q00897.01-0000776481.0002.PDF,Q00897.01-0000776481.0002.PDF,.pdf,90466,ok,True,False,text,False,2,0,1,False,0,False,0-10,Name | Address | Phone | Money/Amount,True,Contact Information | Financial Account Information,False,,ambiguous,True,no,4376,likely_non_responsive,,True,True,2,0,0,0,0,1,7.049,True,False,False,stage1_nr,False,,,0,False,,False,,4376
CNG_Data2k_variance/files/Q00897.01-0000620055.MSG,Q00897.01-0000620055.MSG,.msg,130048,ok,True,False,text,False,0,1,11,False,6,False,10-20,Name | Address | Email | Phone | Money/Amount,True,Contact Information | Financial Account Information,False,,ambiguous,True,yes,16671,standard,bde_llm_count,False,False,0,0,0,0,0,0,8.243,False,False,True,,True,likely_yes,yes,8791,False,standard,False,,25462
CNG_Data2k_variance/files/Q00897.01-0000418727.MSG,Q00897.01-0000418727.MSG,.msg,180224,ok,True,False,text,False,0,2,5,False,0,False,0-10,Name | Email | Phone,True,Contact Information,False,,ambiguous,True,no,4521,likely_non_responsive,,False,False,0,0,0,0,0,0,1.94,True,False,False,stage1_nr,False,,,0,False,,False,,4521
CNG_Data2k_variance/files/Q00897.01-0000811447.0001.PDF,Q00897.01-0000811447.0001.PDF,.pdf,43393,ok,True,False,text,False,3,0,1,False,0,False,0-10,Money/Amount,False,Financial Account Information,False,,clear_non_responsive,False,,0,likely_non_responsive,,False,False,0,0,0,0,0,0,0.106,True,False,False,stage1_nr,False,,,0,False,,False,,0
CNG_Data2k_variance/files/Q00897.01-0000766387.MSG,Q00897.01-0000766387.MSG,.msg,260608,ok,True,False,text,False,0,2,2,False,0,False,0-10,Name | Address | Email | Phone | Health,True,Contact Information | Health-Related Information,False,,ambiguous,True,yes,4959,standard,,False,False,0,0,0,0,0,0,4.559,False,False,True,,True,likely_no,no,5016,False,likely_non_responsive,True,,9975
CNG_Data2k_variance/files/Q00897.01-0000259996.PDF,Q00897.01-0000259996.PDF,.pdf,467011,ok,True,True,text,True,15,0,506,False,1,False,100+,Name | Address | Phone | Money/Amount,True,Contact Information | Financial Account Information,False,,ambiguous,True,yes,32427,standard,bde_llm_count,True,True,15,0,0,0,0,1,22.457,False,False,True,,True,clear_yes,yes,16757,True,structured_bde,False,,49184
CNG_Data2k_variance/files/Q00897.01-0000264934.CSV,Q00897.01-0000264934.CSV,.csv,437320,ok,True,True,text,True,0,0,66,False,0,False,50-100,,False,,False,,ambiguous,True,no,11473,likely_non_responsive,bde_llm_count,False,False,0,0,0,0,0,0,3.802,True,False,False,stage1_nr,False,,,0,False,,False,,11473
CNG_Data2k_variance/files/Q00897.01-0000536337.0001.PDF,Q00897.01-0000536337.0001.PDF,.pdf,22571,ok,True,False,text,False,1,0,1,False,0,False,0-10,Money/Amount,False,Financial Account Information,False,,clear_non_responsive,False,,0,likely_non_responsive,,False,False,0,0,0,0,0,0,0.023,True,False,False,stage1_nr,False,,,0,False,,False,,0
CNG_Data2k_variance/files/Q00897.01-0000669205.MSG,Q00897.01-0000669205.MSG,.msg,308736,ok,True,False,text,False,0,1,3,False,0,False,0-10,Phone,True,Contact Information,False,,ambiguous,True,no,3726,likely_non_responsive,,False,False,0,0,0,0,0,0,1.751,True,False,False,stage1_nr,False,,,0,False,,False,,3726
CNG_Data2k_variance/files/Q00897.01-0000883467.PDF,Q00897.01-0000883467.PDF,.pdf,16400,ok,True,False,text,False,3,0,4,False,0,False,0-10,Name | Address | Phone | Tax ID | Bank/Account Number | Money/Amount,True,Contact Information | Government-Issued Identification | Financial Account Information,False,,ambiguous,True,yes,6828,standard,,False,False,0,0,0,0,0,0,3.296,False,False,True,,True,clear_yes,yes,6865,False,standard,False,,13693
CNG_Data2k_variance/files/Q00897.01-0000008669.PDF,Q00897.01-0000008669.PDF,.pdf,46268,ok,True,True,text,True,2,0,37,False,1,False,20-50,Name | Address | Money/Amount | Work-Related,True,Contact Information | Financial Account Information | Work-Related Information,False,,ambiguous,True,yes,9261,standard,bde_llm_count,True,True,2,0,0,0,0,1,13.849,False,False,True,,True,clear_yes,yes,5075,False,standard,False,,14336
CNG_Data2k_variance/files/Q00897.01-0000257350.PDF,Q00897.01-0000257350.PDF,.pdf,422154,ok,True,False,text,False,7,0,2,False,0,False,0-10,Name | Address | Bank/Account Number | Money/Amount,True,Contact Information | Financial Account Information,False,,ambiguous,True,yes,6527,standard,,False,False,0,0,0,0,0,0,4.875,False,False,True,,True,likely_no,no,6583,False,likely_non_responsive,True,,13110
CNG_Data2k_variance/files/Q00897.01-0000808346.0001.DOCX,Q00897.01-0000808346.0001.DOCX,.docx,22626,ok,True,False,text,False,0,0,1,False,0,False,0-10,Name | Address,True,Contact Information,False,,ambiguous,True,no,5320,likely_non_responsive,,False,False,0,0,0,0,0,0,1.504,True,False,False,stage1_nr,False,,,0,False,,False,,5320
CNG_Data2k_variance/files/Q00897.01-0000702669.MSG,Q00897.01-0000702669.MSG,.msg,188928,ok,True,False,text,False,0,0,2,False,0,False,0-10,Name | Address | Email | Phone,True,Contact Information,False,,ambiguous,True,no,4183,likely_non_responsive,,False,False,0,0,0,0,0,0,1.746,True,False,False,stage1_nr,False,,,0,False,,False,,4183
CNG_Data2k_variance/files/Q00897.01-0000839194.0002.DOCX,Q00897.01-0000839194.0002.DOCX,.docx,38001,ok,True,False,text,False,0,0,1,False,0,False,0-10,Name,False,,False,,ambiguous,True,no,8679,likely_non_responsive,,False,False,0,0,0,0,0,0,1.317,True,False,False,stage1_nr,False,,,0,False,,False,,8679
CNG_Data2k_variance/files/Q00897.01-0000443938.0003.PDF,Q00897.01-0000443938.0003.PDF,.pdf,320834,ok,True,False,text,False,1,0,1,False,0,False,0-10,Name | Address | Phone,True,Contact Information,False,,ambiguous,True,yes,4003,standard,,True,True,1,0,0,0,0,1,7.91,False,False,True,,True,clear_yes,yes,4046,False,standard,False,,8049
CNG_Data2k_variance/files/Q00897.01-0000323953.PDF,Q00897.01-0000323953.PDF,.pdf,701184,ok,True,False,text,False,2,0,2,False,0,False,0-10,Name | Address | Email | Phone | Bank/Account Number,True,Contact Information | Financial Account Information,False,,ambiguous,True,no,4369,likely_non_responsive,"img_ocr:p1(1/1,+19chars)",False,False,0,1,1,1,0,1,8.868,True,False,False,stage1_nr,False,,,0,False,,False,,4369
CNG_Data2k_variance/files/Q00897.01-0000617708.MSG,Q00897.01-0000617708.MSG,.msg,178176,ok,True,False,text,False,0,0,8,False,7,False,0-10,Name | Address | Email | Phone | Money/Amount,True,Contact Information | Financial Account Information,False,,ambiguous,True,yes,19751,standard,bde_llm_count,False,False,0,0,0,0,0,0,10.402,False,False,True,,True,likely_yes,yes,10381,False,standard,False,,30132
CNG_Data2k_variance/files/Q00897.01-0000841500.0001.PDF,Q00897.01-0000841500.0001.PDF,.pdf,247466,ok,True,False,text,False,3,0,1,False,0,False,0-10,Money/Amount | Work-Related,False,Financial Account Information | Work-Related Information,False,,ambiguous,True,no,4438,likely_non_responsive,"img_ocr:p1(1/1,+16chars)",False,False,0,1,1,1,0,1,5.633,True,False,False,stage1_nr,False,,,0,False,,False,,4438
CNG_Data2k_variance/files/Q00897.01-0000537703.0001.PDF,Q00897.01-0000537703.0001.PDF,.pdf,186907,ok,True,False,text,False,4,0,1,False,0,False,0-10,Money/Amount,False,Financial Account Information,False,,clear_non_responsive,False,,0,likely_non_responsive,,False,False,0,0,0,0,0,0,0.339,True,False,False,stage1_nr,False,,,0,False,,False,,0
CNG_Data2k_variance/files/Q00897.01-0000904703.PDF,Q00897.01-0000904703.PDF,.pdf,17775,ok,True,True,text,True,2,0,30,False,2,False,20-50,Name | Address | Phone | Money/Amount,True,Contact Information | Financial Account Information,False,,ambiguous,True,yes,8293,standard,bde_llm_count,True,True,2,0,0,0,0,1,10.342,False,False,True,,True,clear_yes,yes,4611,False,standard,False,,12904
CNG_Data2k_variance/files/Q00897.01-0000894298.PDF,Q00897.01-0000894298.PDF,.pdf,26326,ok,True,False,text,False,4,0,1,False,0,False,0-10,Money/Amount,False,Financial Account Information,False,,clear_non_responsive,False,,0,likely_non_responsive,,False,False,0,0,0,0,0,0,0.276,True,False,False,stage1_nr,False,,,0,False,,False,,0
CNG_Data2k_variance/files/Q00897.01-0000737466.MSG,Q00897.01-0000737466.MSG,.msg,108544,ok,True,False,text,False,0,0,6,False,0,False,0-10,Name | Address | Email | Phone,True,Contact Information,False,,ambiguous,True,no,4059,likely_non_responsive,,False,False,0,0,0,0,0,0,2.318,True,False,False,stage1_nr,False,,,0,False,,False,,4059
CNG_Data2k_variance/files/Q00897.01-0000663599.0004.PDF,Q00897.01-0000663599.0004.PDF,.pdf,181965,ok,True,False,text,False,6,0,4,False,0,False,0-10,Address | Phone | Tax ID | Account Balance | Money/Amount,True,Contact Information | Government-Issued Identification | Financial Account Information,False,,ambiguous,True,no,6969,likely_non_responsive,"img_ocr:p1,p1,p1,p1,p2,p3(6/9,+322chars)",False,False,0,9,9,6,0,9,40.644,True,False,False,stage1_nr,False,,,0,False,,False,,6969
CNG_Data2k_variance/files/Q00897.01-0000654901.MSG,Q00897.01-0000654901.MSG,.msg,216064,ok,True,False,text,False,0,6,1,False,0,False,0-10,Name | Address | Email | Phone | Money/Amount,True,Contact Information | Financial Account Information,False,,ambiguous,True,no,3782,likely_non_responsive,,False,False,0,0,0,0,0,0,4.32,True,False,False,stage1_nr,False,,,0,False,,False,,3782
CNG_Data2k_variance/files/Q00897.01-0000442690.MSG,Q00897.01-0000442690.MSG,.msg,186368,ok,True,False,text,False,0,0,1,False,0,False,0-10,Name | Address | Email | Phone,True,Contact Information,False,,ambiguous,True,yes,4251,standard,,False,False,0,0,0,0,0,0,3.972,False,False,True,,True,likely_yes,yes,4305,False,standard,False,,8556
CNG_Data2k_variance/files/Q00897.01-0000652949.MSG,Q00897.01-0000652949.MSG,.msg,161792,ok,True,False,text,False,0,2,8,False,4,False,0-10,Name | Address | Email | Phone | Money/Amount,True,Contact Information | Financial Account Information,False,,ambiguous,True,yes,9018,standard,bde_llm_count,False,False,0,0,0,0,0,0,47.11,False,False,True,,True,likely_no,no,4965,False,likely_non_responsive,True,,13983
CNG_Data2k_variance/files/Q00897.01-0000257243.0001.PDF,Q00897.01-0000257243.0001.PDF,.pdf,398021,ok,True,False,text,False,8,0,3,False,0,False,0-10,Name | Address | Bank/Account Number | Money/Amount,True,Contact Information | Financial Account Information,False,,ambiguous,True,yes,5425,standard,"img_ocr:p2(1/1,+313chars)",False,False,0,1,1,1,0,1,7.528,False,False,True,,True,likely_yes,yes,5482,False,standard,False,,10907
CNG_Data2k_variance/files/Q00897.01-0000532454.0001.PDF,Q00897.01-0000532454.0001.PDF,.pdf,22733,ok,True,False,text,False,1,0,1,False,0,False,0-10,Money/Amount,False,Financial Account Information,False,,clear_non_responsive,False,,0,likely_non_responsive,,False,False,0,0,0,0,0,0,0.03,True,False,False,stage1_nr,False,,,0,False,,False,,0
CNG_Data2k_variance/files/Q00897.01-0000827228.0014.XLSX,Q00897.01-0000827228.0014.XLSX,.xlsx,15445,ok,True,True,text,True,2,0,89,False,0,True,50-100,Phone | Money/Amount,True,Contact Information | Financial Account Information,True,,ambiguous,True,no,8300,structured_bde,roster_by_rowcount bde_llm_count_roster,False,False,0,0,0,0,0,0,4.402,False,True,True,,True,likely_no,no,4589,True,likely_non_responsive,True,,12889
CNG_Data2k_variance/files/Q00897.01-0000875203.XLSX,Q00897.01-0000875203.XLSX,.xlsx,42662,ok,True,True,text,True,1,0,4,False,2,False,0-10,Name | Address | Email | Phone | Card Expiry/CVV,True,Contact Information | Financial Account Information,False,,ambiguous,True,yes,7088,standard,bde_llm_count,False,False,0,0,0,0,0,0,4.346,False,False,True,,True,likely_no,no,4022,False,likely_non_responsive,True,,11110
CNG_Data2k_variance/files/Q00897.01-0000841718.0033.PDF,Q00897.01-0000841718.0033.PDF,.pdf,19237,ok,True,False,text,False,9,0,1,False,0,False,0-10,Card/Transaction | Money/Amount | Work-Related,False,Financial Account Information | Work-Related Information,False,,ambiguous,True,no,11056,likely_non_responsive,,False,False,0,0,0,0,0,0,15.996,True,False,False,stage1_nr,False,,,0,False,,False,,11056
CNG_Data2k_variance/files/Q00897.01-0000825484.MSG,Q00897.01-0000825484.MSG,.msg,81920,ok,True,False,text,False,0,3,6,False,0,False,0-10,Name | Address | Email | Phone,True,Contact Information,False,,ambiguous,True,yes,8734,standard,,False,False,0,0,0,0,0,0,6.258,False,False,True,,True,clear_no,no,8774,False,likely_non_responsive,True,,17508
CNG_Data2k_variance/files/Q00897.01-0000254042.XLSX,Q00897.01-0000254042.XLSX,.xlsx,69446,ok,True,True,text,True,2,0,1299,False,0,False,100+,Phone | Money/Amount,True,Contact Information | Financial Account Information,False,,ambiguous,True,no,11536,likely_non_responsive,roster_by_rowcount bde_llm_count,False,False,0,0,0,0,0,0,4.652,True,False,False,stage1_nr,False,,,0,False,,False,,11536
CNG_Data2k_variance/files/Q00897.01-0000252498.PDF,Q00897.01-0000252498.PDF,.pdf,819740,ok,True,True,text,True,1,0,37,False,0,False,20-50,Address | Email | Phone | Bank/Account Number | Money/Amount,True,Contact Information | Financial Account Information,False,,ambiguous,True,yes,7806,standard,bde_llm_count,True,True,1,0,0,0,0,1,8.621,False,False,True,,True,clear_no,no,4350,False,likely_non_responsive,True,,12156
CNG_Data2k_variance/files/Q00897.01-0000083393.PDF,Q00897.01-0000083393.PDF,.pdf,485549,ok,True,True,text,True,1,0,8,False,0,False,0-10,Phone | SSN | Money/Amount,True,Contact Information | Government-Issued Identification | Financial Account Information,False,,clear_responsive,False,,3525,standard,bde_llm_count,True,True,1,0,0,0,0,1,16.82,False,False,True,,True,clear_no,no,4401,False,likely_non_responsive,True,,7926
CNG_Data2k_variance/files/Q00897.01-0000294230.XLSX,Q00897.01-0000294230.XLSX,.xlsx,10829,ok,True,True,text,True,1,0,0,False,0,False,0-10,Work-Related,False,Work-Related Information,False,,ambiguous,True,no,6908,structured_unreadable,bde_llm_count,False,False,0,0,0,0,0,0,4.413,False,False,True,,True,clear_no,no,3946,False,likely_non_responsive,True,,10854
CNG_Data2k_variance/files/Q00897.01-0000773629.0001.PDF,Q00897.01-0000773629.0001.PDF,.pdf,154428,ok,True,False,text,False,4,0,1,False,0,False,0-10,Address | Email | Phone | Work-Related,True,Contact Information | Work-Related Information,False,,ambiguous,True,no,8374,likely_non_responsive,,False,False,0,0,0,0,0,0,1.974,True,False,False,stage1_nr,False,,,0,False,,False,,8374
CNG_Data2k_variance/files/Q00897.01-0000365622.MSG,Q00897.01-0000365622.MSG,.msg,219136,ok,True,False,text,False,0,0,1,False,0,False,0-10,Address | Email | Money/Amount,True,Contact Information | Financial Account Information,False,,ambiguous,True,no,4638,likely_non_responsive,,False,False,0,0,0,0,0,0,2.715,True,False,False,stage1_nr,False,,,0,False,,False,,4638
CNG_Data2k_variance/files/Q00897.01-0000895291.PDF,Q00897.01-0000895291.PDF,.pdf,198859,ok,True,False,text,False,27,0,8,False,8,False,0-10,Name | Address | Phone,True,Contact Information,False,,ambiguous,True,yes,33795,standard,bde_llm_count_roster,False,False,0,0,0,0,0,0,11.182,False,False,True,,True,likely_yes,yes,17389,False,standard,False,,51184
CNG_Data2k_variance/files/Q00897.01-0000811590.MSG,Q00897.01-0000811590.MSG,.msg,156672,ok,True,False,text,False,0,1,3,False,0,False,0-10,Name | Address | Email | Phone | Money/Amount | Work-Related,True,Contact Information | Financial Account Information | Work-Related Information,False,,ambiguous,True,yes,5259,standard,,False,False,0,0,0,0,0,0,4.217,False,False,True,,True,clear_no,no,5310,False,likely_non_responsive,True,,10569
CNG_Data2k_variance/files/Q00897.01-0000422275.MSG,Q00897.01-0000422275.MSG,.msg,219136,ok,True,False,text,False,0,0,7,False,0,False,0-10,Email | Money/Amount,True,Contact Information | Financial Account Information,False,,ambiguous,True,no,7506,likely_non_responsive,bde_llm_count,False,False,0,0,0,0,0,0,4.259,True,False,False,stage1_nr,False,,,0,False,,False,,7506
CNG_Data2k_variance/files/Q00897.01-0000441703.MSG,Q00897.01-0000441703.MSG,.msg,288768,ok,True,False,text,False,0,1,2,False,0,False,0-10,Name | Address | Email | Phone | Card/Transaction | Account Balance,True,Contact Information | Financial Account Information,False,,ambiguous,True,no,3896,likely_non_responsive,,False,False,0,0,0,0,0,0,1.526,True,False,False,stage1_nr,False,,,0,False,,False,,3896
CNG_Data2k_variance/files/Q00897.01-0000387009.MSG,Q00897.01-0000387009.MSG,.msg,126464,ok,True,False,text,False,0,0,3,False,0,False,0-10,Address | Email | Money/Amount,True,Contact Information | Financial Account Information,False,,ambiguous,True,no,4984,likely_non_responsive,,False,False,0,0,0,0,0,0,3.298,True,False,False,stage1_nr,False,,,0,False,,False,,4984
CNG_Data2k_variance/files/Q00897.01-0000871126.PDF,Q00897.01-0000871126.PDF,.pdf,1426871,ok,True,True,text,True,1,0,1,False,1,False,0-10,Name | Address,True,Contact Information,False,,ambiguous,True,yes,9128,standard,bde_llm_count,True,True,1,0,0,0,0,1,11.302,False,False,True,,True,clear_yes,yes,5028,False,standard,False,,14156
CNG_Data2k_variance/files/Q00897.01-0000563480.MSG,Q00897.01-0000563480.MSG,.msg,100352,ok,True,False,text,False,0,0,3,False,0,False,0-10,Name | Address | Email | Phone,True,Contact Information,False,,ambiguous,True,yes,4360,standard,,False,False,0,0,0,0,0,0,23.69,False,False,True,,True,likely_no,no,4440,False,likely_non_responsive,True,,8800
CNG_Data2k_variance/files/Q00897.01-0000110577.PDF,Q00897.01-0000110577.PDF,.pdf,1792198,ok,True,False,text,False,3,0,3,False,0,False,0-10,Name | Card Expiry/CVV,False,Financial Account Information,False,,ambiguous,True,no,5234,likely_non_responsive,,True,True,3,0,0,0,0,1,12.125,True,False,False,stage1_nr,False,,,0,False,,False,,5234
CNG_Data2k_variance/files/Q00897.01-0000545143.0001.PDF,Q00897.01-0000545143.0001.PDF,.pdf,740771,ok,True,False,text,False,4,0,1,False,0,False,0-10,Money/Amount,False,Financial Account Information,False,,clear_non_responsive,False,,0,likely_non_responsive,,False,False,0,0,0,0,0,0,3.95,True,False,False,stage1_nr,False,,,0,False,,False,,0
CNG_Data2k_variance/files/Q00897.01-0000001669.PDF,Q00897.01-0000001669.PDF,.pdf,421101,ok,True,True,text,True,5,0,20,False,1,False,10-20,Name | Money/Amount | Health | Work-Related,True,Financial Account Information | Health-Related Information | Work-Related Information,False,,ambiguous,True,yes,12470,standard,bde_llm_count,True,True,5,0,0,0,0,1,15.686,False,False,True,,True,clear_yes,yes,6690,False,standard,False,,19160
CNG_Data2k_variance/files/Q00897.01-0000010882.XLSX,Q00897.01-0000010882.XLSX,.xlsx,30870,ok,True,True,text,True,3,0,151,False,151,True,100+,Name | Address | Money/Amount | Credentials | Work-Related,True,Contact Information | Financial Account Information | Access Credentials | Work-Related Information,True,,ambiguous,True,yes,7443,structured_bde,roster_by_rowcount bde_llm_count_roster,False,False,0,0,0,0,0,0,6.411,False,True,True,,True,likely_yes,yes,4169,True,structured_bde,False,,11612
CNG_Data2k_variance/files/Q00897.01-0000793286.MSG,Q00897.01-0000793286.MSG,.msg,165376,ok,True,False,text,False,0,4,4,False,0,False,0-10,Name | Address | Email | Phone,True,Contact Information,False,,ambiguous,True,yes,4510,standard,,False,False,0,0,0,0,0,0,3.955,False,False,True,,True,likely_no,no,4548,False,likely_non_responsive,True,,9058
CNG_Data2k_variance/files/Q00897.01-0000638253.MSG,Q00897.01-0000638253.MSG,.msg,243712,ok,True,False,text,False,0,4,8,False,8,False,0-10,Name | Email | Phone | Money/Amount | Work-Related,True,Contact Information | Financial Account Information | Work-Related Information,False,,ambiguous,True,yes,22961,standard,bde_llm_count,False,False,0,0,0,0,0,0,16.624,False,False,True,,True,likely_yes,yes,11943,False,standard,False,,34904
CNG_Data2k_variance/files/Q00897.01-0000915838.PDF,Q00897.01-0000915838.PDF,.pdf,211703,ok,True,False,text,False,2,0,1,False,0,False,0-10,Name | Phone | Money/Amount,True,Contact Information | Financial Account Information,False,,ambiguous,True,yes,4277,standard,,False,False,0,0,0,0,0,0,3.285,False,False,True,,True,clear_yes,yes,4347,False,standard,False,,8624
CNG_Data2k_variance/files/Q00897.01-0000443684.0004.PDF,Q00897.01-0000443684.0004.PDF,.pdf,400267,ok,True,False,text,False,2,0,1,False,0,False,0-10,Money/Amount,False,Financial Account Information,False,,clear_non_responsive,False,,0,likely_non_responsive,,False,False,0,0,0,0,0,0,0.129,True,False,False,stage1_nr,False,,,0,False,,False,,0
CNG_Data2k_variance/files/Q00897.01-0000793476.MSG,Q00897.01-0000793476.MSG,.msg,116736,ok,True,False,text,False,0,0,2,False,0,False,0-10,Name | Address | Email | Phone,True,Contact Information,False,,ambiguous,True,no,3819,likely_non_responsive,,False,False,0,0,0,0,0,0,1.548,True,False,False,stage1_nr,False,,,0,False,,False,,3819
CNG_Data2k_variance/files/Q00897.01-0000806744.MSG,Q00897.01-0000806744.MSG,.msg,309760,ok,True,False,text,False,0,1,4,False,0,False,0-10,Name | Address | Email | Phone,True,Contact Information,False,,ambiguous,True,yes,4236,standard,,False,False,0,0,0,0,0,0,4.052,False,False,True,,True,likely_yes,yes,4326,False,standard,False,,8562
CNG_Data2k_variance/files/Q00897.01-0000657341.0001.XLSX,Q00897.01-0000657341.0001.XLSX,.xlsx,15872,ok,True,True,text,True,1,0,1,False,0,False,0-10,Phone | Money/Amount,True,Contact Information | Financial Account Information,False,,ambiguous,True,no,7780,likely_non_responsive,bde_llm_count,False,False,0,0,0,0,0,0,3.335,True,False,False,stage1_nr,False,,,0,False,,False,,7780
CNG_Data2k_variance/files/Q00897.01-0000020737.XLSX,Q00897.01-0000020737.XLSX,.xlsx,21156,ok,True,True,text,True,3,0,63,False,63,True,50-100,Name | Money/Amount,False,Financial Account Information,True,,ambiguous,True,yes,10570,structured_bde,roster_by_rowcount bde_llm_count_roster,False,False,0,0,0,0,0,0,11.569,False,True,True,,True,clear_yes,yes,5733,True,structured_bde,False,,16303
CNG_Data2k_variance/files/Q00897.01-0000856462.PDF,Q00897.01-0000856462.PDF,.pdf,422811,ok,True,True,text,True,2,0,5,False,1,False,0-10,Name | Address | Email | Phone | Money/Amount,True,Contact Information | Financial Account Information,False,,ambiguous,True,yes,7527,standard,bde_llm_count,True,True,2,0,0,0,0,1,11.359,False,False,True,,True,clear_yes,yes,4238,False,standard,False,,11765
CNG_Data2k_variance\files\Q00897.01-0000126638.XLS,Q00897.01-0000126638.XLS,.xls,12690,ok,True,True,text,True,1,0,1,False,1,False,0-10,Name | Address | Bank/Account Number,True,Contact Information | Financial Account Information,False,,ambiguous,True,yes,6906,standard,bde_llm_count,False,False,0,0,0,0,0,0,5.297,False,False,True,,True,likely_no,no,3985,False,likely_non_responsive,True,,10891
CNG_Data2k_variance/files/Q00897.01-0000005462.PDF,Q00897.01-0000005462.PDF,.pdf,214436,ok,True,False,text,False,2,0,1,False,0,False,0-10,Money/Amount,False,Financial Account Information,False,,clear_non_responsive,False,,0,likely_non_responsive,,False,False,0,0,0,0,0,0,0.188,True,False,False,stage1_nr,False,,,0,False,,False,,0
CNG_Data2k_variance/files/Q00897.01-0000466583.MSG,Q00897.01-0000466583.MSG,.msg,125440,ok,True,False,text,False,0,0,14,False,0,False,10-20,Name | Address | Email | Phone | Money/Amount,True,Contact Information | Financial Account Information,False,,ambiguous,True,no,9376,likely_non_responsive,bde_llm_count,False,False,0,0,0,0,0,0,4.066,True,False,False,stage1_nr,False,,,0,False,,False,,9376
CNG_Data2k_variance/files/Q00897.01-0000887258.XLSX,Q00897.01-0000887258.XLSX,.xlsx,18513,ok,True,True,text,True,1,0,56,False,56,True,50-100,Name,False,,True,,ambiguous,True,yes,9247,structured_bde,roster_by_rowcount bde_llm_count_roster,False,False,0,0,0,0,0,0,9.096,False,True,True,,True,likely_no,no,5202,True,likely_non_responsive,True,,14449
CNG_Data2k_variance/files/Q00897.01-0000904092.PDF,Q00897.01-0000904092.PDF,.pdf,62035,ok,True,False,text,False,13,0,1,False,0,False,0-10,Address | SSN | Money/Amount | Work-Related,True,Contact Information | Government-Issued Identification | Financial Account Information | Work-Related Information,False,,clear_responsive,False,,0,standard,,False,False,0,0,0,0,0,0,2.992,False,False,True,,True,clear_yes,yes,14151,False,standard,False,,14151
CNG_Data2k_variance/files/Q00897.01-0000857446.PDF,Q00897.01-0000857446.PDF,.pdf,420872,ok,True,False,text,False,2,0,4,False,0,False,0-10,Name | Email | Money/Amount | Work-Related,True,Contact Information | Financial Account Information | Work-Related Information,False,,ambiguous,True,yes,17179,standard,,False,False,0,0,0,0,0,0,5.674,False,False,True,,True,clear_yes,yes,17188,False,standard,False,,34367
CNG_Data2k_variance/files/Q00897.01-0000244789.PDF,Q00897.01-0000244789.PDF,.pdf,244086,ok,True,True,text,True,15,0,116,False,0,False,100+,Name | Address | Phone | Bank/Account Number | Money/Amount | Health,True,Contact Information | Financial Account Information | Health-Related Information,False,,ambiguous,True,yes,12378,standard,bde_llm_count,True,True,15,0,0,0,0,1,13.761,False,False,True,,True,clear_no,no,6641,True,likely_non_responsive,True,,19019
CNG_Data2k_variance/files/Q00897.01-0000613392.0001.PDF,Q00897.01-0000613392.0001.PDF,.pdf,5071588,ok,True,False,text,False,43,0,1,False,0,False,0-10,Name | Email | Money/Amount,True,Contact Information | Financial Account Information,False,,ambiguous,True,no,9969,likely_non_responsive,"img_ocr:none(6 calls,0 chars)",False,False,0,6,6,0,0,6,33.71,True,False,False,stage1_nr,False,,,0,False,,False,,9969
CNG_Data2k_variance/files/Q00897.01-0000589860.0001.PDF,Q00897.01-0000589860.0001.PDF,.pdf,20962,ok,True,False,text,False,1,0,0,False,0,False,0-10,,False,,False,,clear_non_responsive,False,,0,likely_non_responsive,,False,False,0,0,0,0,0,0,0.024,True,False,False,stage1_nr,False,,,0,False,,False,,0
CNG_Data2k_variance/files/Q00897.01-0000244335.PDF,Q00897.01-0000244335.PDF,.pdf,92400,ok,True,False,text,False,1,0,1,False,0,False,0-10,Bank/Account Number | Account Balance | Money/Amount,True,Financial Account Information,False,,ambiguous,True,no,3853,likely_non_responsive,"img_ocr:p1(1/1,+4chars)",False,False,0,1,1,1,0,1,5.754,True,False,False,stage1_nr,False,,,0,False,,False,,3853
CNG_Data2k_variance/files/Q00897.01-0000908633.PDF,Q00897.01-0000908633.PDF,.pdf,37483,ok,True,False,text,False,5,0,30,False,30,False,20-50,Name | Phone | Money/Amount,True,Contact Information | Financial Account Information,False,,ambiguous,True,yes,15433,standard,bde_llm_count_roster,False,False,0,0,0,0,0,0,9.031,False,False,True,,True,clear_yes,yes,8259,False,standard,False,,23692
CNG_Data2k_variance/files/Q00897.01-0000814458.0001.PDF,Q00897.01-0000814458.0001.PDF,.pdf,122761,ok,True,True,text,True,5,0,107,False,0,False,100+,Name | Money/Amount,False,Financial Account Information,False,,ambiguous,True,no,9508,likely_non_responsive,bde_llm_count,True,True,5,0,0,0,0,1,10.762,True,False,False,stage1_nr,False,,,0,False,,False,,9508
CNG_Data2k_variance/files/Q00897.01-0000112101.XLSX,Q00897.01-0000112101.XLSX,.xlsx,33931,ok,True,True,text,True,1,0,573,False,0,False,100+,Work-Related,False,Work-Related Information,False,,ambiguous,True,no,8377,likely_non_responsive,roster_by_rowcount bde_llm_count,False,False,0,0,0,0,0,0,11.457,True,False,False,stage1_nr,False,,,0,False,,False,,8377
CNG_Data2k_variance/files/Q00897.01-0000112070.XLSX,Q00897.01-0000112070.XLSX,.xlsx,35022,ok,True,True,text,True,1,0,573,False,0,False,100+,Work-Related,False,Work-Related Information,False,,ambiguous,True,no,8400,likely_non_responsive,roster_by_rowcount bde_llm_count,False,False,0,0,0,0,0,0,11.989,True,False,False,stage1_nr,False,,,0,False,,False,,8400
CNG_Data2k_variance/files/Q00897.01-0000894302.PDF,Q00897.01-0000894302.PDF,.pdf,145053,ok,True,False,text,False,21,0,8,False,3,False,0-10,Address | Phone | SSN | Money/Amount | Work-Related,True,Contact Information | Government-Issued Identification | Financial Account Information | Work-Related Information,False,,clear_responsive,False,,13664,standard,bde_llm_count_roster,False,False,0,0,0,0,0,0,8.045,False,False,True,,True,clear_yes,yes,14575,False,standard,False,,28239
CNG_Data2k_variance/files/Q00897.01-0000776569.MSG,Q00897.01-0000776569.MSG,.msg,31744,ok,True,False,text,False,0,1,4,False,0,False,0-10,Name | Address | Email | Phone | Credentials,True,Contact Information | Access Credentials,False,,ambiguous,True,yes,4523,standard,,False,False,0,0,0,0,0,0,6.768,False,False,True,,True,likely_yes,yes,4584,False,standard,False,,9107
CNG_Data2k_variance/files/Q00897.01-0000373165.MSG,Q00897.01-0000373165.MSG,.msg,318976,ok,True,False,text,False,0,0,2,False,0,False,0-10,Address | Email | Phone,True,Contact Information,False,,ambiguous,True,no,5354,likely_non_responsive,,False,False,0,0,0,0,0,0,2.972,True,False,False,stage1_nr,False,,,0,False,,False,,5354
CNG_Data2k_variance/files/Q00897.01-0000902838.PDF,Q00897.01-0000902838.PDF,.pdf,15694,ok,True,False,text,False,2,0,1,False,0,False,0-10,Money/Amount,False,Financial Account Information,False,,clear_non_responsive,False,,0,likely_non_responsive,,False,False,0,0,0,0,0,0,0.12,True,False,False,stage1_nr,False,,,0,False,,False,,0
CNG_Data2k_variance/files/Q00897.01-0000275614.PDF,Q00897.01-0000275614.PDF,.pdf,1098170,ok,True,False,text,False,36,0,5,False,0,False,0-10,Phone | Money/Amount | Work-Related,True,Contact Information | Financial Account Information | Work-Related Information,False,,ambiguous,True,no,9632,likely_non_responsive,,False,False,0,0,0,0,0,0,8.679,True,False,False,stage1_nr,False,,,0,False,,False,,9632
CNG_Data2k_variance/files/Q00897.01-0000897505.PDF,Q00897.01-0000897505.PDF,.pdf,64931,ok,True,False,text,False,13,0,3,False,0,False,0-10,Name | Address | Phone | Work-Related,True,Contact Information | Work-Related Information,False,,ambiguous,True,yes,14158,standard,,False,False,0,0,0,0,0,0,63.416,False,False,True,,True,clear_yes,yes,14197,False,standard,False,,28355
CNG_Data2k_variance/files/Q00897.01-0000391216.MSG,Q00897.01-0000391216.MSG,.msg,103424,ok,True,False,text,False,0,0,1,False,0,False,0-10,Address,True,Contact Information,False,,ambiguous,True,yes,4274,standard,,False,False,0,0,0,0,0,0,5.361,False,False,True,,True,likely_no,no,4316,False,likely_non_responsive,True,,8590
CNG_Data2k_variance/files/Q00897.01-0000002743.PDF,Q00897.01-0000002743.PDF,.pdf,2479894,ok,True,False,text,False,1,0,2,False,0,False,0-10,Name | Address | Email | Phone | SSN | Money/Amount | Work-Related,True,Contact Information | Government-Issued Identification | Financial Account Information | Work-Related Information,False,,clear_responsive,False,,0,standard,,False,False,0,0,0,0,0,0,4.933,False,False,True,,True,clear_yes,yes,4207,False,standard,False,,4207
CNG_Data2k_variance/files/Q00897.01-0000892814.PDF,Q00897.01-0000892814.PDF,.pdf,36812,ok,True,False,text,False,4,0,0,False,0,False,0-10,,False,,False,,clear_non_responsive,False,,0,likely_non_responsive,,False,False,0,0,0,0,0,0,0.659,True,False,False,stage1_nr,False,,,0,False,,False,,0
CNG_Data2k_variance/files/Q00897.01-0000594724.MSG,Q00897.01-0000594724.MSG,.msg,1993728,ok,True,False,text,False,0,3,9,False,9,False,0-10,Name | Address | Email | Phone,True,Contact Information,False,,ambiguous,True,yes,8457,standard,bde_llm_count,False,False,0,0,0,0,0,0,17.716,False,False,True,,True,likely_no,no,4683,False,likely_non_responsive,True,,13140
CNG_Data2k_variance/files/Q00897.01-0000534457.MSG,Q00897.01-0000534457.MSG,.msg,246784,ok,True,False,text,False,0,0,1,False,0,False,0-10,Address | Email | Phone | Money/Amount,True,Contact Information | Financial Account Information,False,,ambiguous,True,no,6681,likely_non_responsive,,False,False,0,0,0,0,0,0,7.045,True,False,False,stage1_nr,False,,,0,False,,False,,6681
CNG_Data2k_variance/files/Q00897.01-0000757726.MSG,Q00897.01-0000757726.MSG,.msg,105984,ok,True,False,text,False,0,1,1,False,0,False,0-10,Name | Phone | Credentials,True,Contact Information | Access Credentials,False,,ambiguous,True,no,4401,likely_non_responsive,,False,False,0,0,0,0,0,0,2.059,True,False,False,stage1_nr,False,,,0,False,,False,,4401
CNG_Data2k_variance/files/Q00897.01-0000258613.0001.PDF,Q00897.01-0000258613.0001.PDF,.pdf,281442,ok,True,False,text,False,3,0,1,False,0,False,0-10,Name | Address | Bank/Account Number | Money/Amount,True,Contact Information | Financial Account Information,False,,ambiguous,True,yes,4339,standard,"img_ocr:p2(1/1,+292chars)",False,False,0,1,1,1,0,1,7.759,False,False,True,,True,borderline,no,4401,False,likely_non_responsive,True,,8740
CNG_Data2k_variance/files/Q00897.01-0000849189.MSG,Q00897.01-0000849189.MSG,.msg,32256,error,False,False,,False,0,0,0,False,0,False,,,False,,False,,,False,,0,review_error,MalformedRtf,False,False,0,0,0,0,0,0,0.347,False,False,False,extract_error,False,,,0,False,,False,,0
CNG_Data2k_variance/files/Q00897.01-0000728329.MSG,Q00897.01-0000728329.MSG,.msg,119296,ok,True,False,text,False,0,2,6,False,0,False,0-10,Name | Address | Email | Phone | Money/Amount,True,Contact Information | Financial Account Information,False,,ambiguous,True,yes,5376,standard,,False,False,0,0,0,0,0,0,4.221,False,False,True,,True,likely_yes,yes,5438,False,standard,False,,10814
CNG_Data2k_variance\files\Q00897.01-0000851687.XLS,Q00897.01-0000851687.XLS,.xls,22202,ok,True,True,text,True,1,0,66,False,0,False,50-100,Name | Money/Amount,False,Financial Account Information,False,,ambiguous,True,no,7321,likely_non_responsive,roster_by_rowcount bde_llm_count,False,False,0,0,0,0,0,0,9.166,True,False,False,stage1_nr,False,,,0,False,,False,,7321
CNG_Data2k_variance/files/Q00897.01-0000411178.MSG,Q00897.01-0000411178.MSG,.msg,146432,ok,True,False,text,False,0,0,2,False,0,False,0-10,Name | Address | Email | Phone,True,Contact Information,False,,ambiguous,True,yes,4126,standard,,False,False,0,0,0,0,0,0,10.163,False,False,True,,True,likely_no,no,4190,False,likely_non_responsive,True,,8316
CNG_Data2k_variance/files/Q00897.01-0000005965.PDF,Q00897.01-0000005965.PDF,.pdf,91993,ok,True,False,text,False,1,0,1,False,0,False,0-10,Name | Phone | Bank/Account Number,True,Contact Information | Financial Account Information,False,,ambiguous,True,yes,3822,standard,,True,True,1,0,0,0,0,1,8.312,False,False,True,,True,clear_yes,yes,3875,False,standard,False,,7697
CNG_Data2k_variance/files/Q00897.01-0000804332.0001.DOCX,Q00897.01-0000804332.0001.DOCX,.docx,191157,ok,True,False,text,False,0,0,0,False,0,False,0-10,,False,,False,,clear_non_responsive,False,,0,likely_non_responsive,,False,False,0,0,0,0,0,0,0.078,True,False,False,stage1_nr,False,,,0,False,,False,,0
CNG_Data2k_variance/files/Q00897.01-0000244980.PDF,Q00897.01-0000244980.PDF,.pdf,1089782,ok,True,False,text,False,3,0,1,False,0,False,0-10,Address | Phone | Bank/Account Number | Money/Amount,True,Contact Information | Financial Account Information,False,,ambiguous,True,no,4386,likely_non_responsive,"img_ocr:p3(1/1,+467chars)",False,False,0,1,1,1,0,1,8.048,True,False,False,stage1_nr,False,,,0,False,,False,,4386
CNG_Data2k_variance/files/Q00897.01-0000294423.PDF,Q00897.01-0000294423.PDF,.pdf,12170,ok,True,False,text,False,1,0,1,False,0,False,0-10,SSN | Money/Amount,True,Government-Issued Identification | Financial Account Information,False,,clear_responsive,False,,0,standard,,False,False,0,0,0,0,0,0,1.871,False,False,True,,True,clear_yes,yes,3839,False,standard,False,,3839
CNG_Data2k_variance/files/Q00897.01-0000914195.PDF,Q00897.01-0000914195.PDF,.pdf,160536,ok,True,False,text,False,129,0,14,False,1,False,10-20,Name | Address | Phone | SSN | Money/Amount,True,Contact Information | Government-Issued Identification | Financial Account Information,False,,clear_responsive,False,,7202,standard,bde_llm_count,False,False,0,0,0,0,0,0,4.767,False,False,True,,True,likely_no,no,8121,False,likely_non_responsive,True,,15323
CNG_Data2k_variance/files/Q00897.01-0000529064.0001.PDF,Q00897.01-0000529064.0001.PDF,.pdf,22596,ok,True,False,text,False,1,0,1,False,0,False,0-10,Money/Amount,False,Financial Account Information,False,,clear_non_responsive,False,,0,likely_non_responsive,,False,False,0,0,0,0,0,0,0.028,True,False,False,stage1_nr,False,,,0,False,,False,,0
CNG_Data2k_variance/files/Q00897.01-0000722791.MSG,Q00897.01-0000722791.MSG,.msg,99328,ok,True,False,text,False,0,0,2,False,0,False,0-10,Name | Address | Phone,True,Contact Information,False,,ambiguous,True,no,5164,likely_non_responsive,,False,False,0,0,0,0,0,0,2.241,True,False,False,stage1_nr,False,,,0,False,,False,,5164
CNG_Data2k_variance/files/Q00897.01-0000305987.XLSX,Q00897.01-0000305987.XLSX,.xlsx,155256,ok,True,True,text,True,1,0,312,False,1,False,100+,Name | Email | Work-Related,True,Contact Information | Work-Related Information,False,,ambiguous,True,yes,7216,standard,roster_by_rowcount bde_llm_count,False,False,0,0,0,0,0,0,20.908,False,False,True,,True,likely_yes,yes,4087,True,structured_bde,False,,11303
CNG_Data2k_variance/files/Q00897.01-0000902728.PDF,Q00897.01-0000902728.PDF,.pdf,11814,ok,True,False,text,False,1,0,0,False,0,False,0-10,,False,,False,,clear_non_responsive,False,,0,likely_non_responsive,,False,False,0,0,0,0,0,0,0.038,True,False,False,stage1_nr,False,,,0,False,,False,,0
CNG_Data2k_variance/files/Q00897.01-0000903156.PDF,Q00897.01-0000903156.PDF,.pdf,21863,ok,True,True,text,True,3,0,44,False,2,False,20-50,Name | Address | Phone | Money/Amount | Work-Related,True,Contact Information | Financial Account Information | Work-Related Information,False,,ambiguous,True,yes,9190,standard,bde_llm_count_roster,True,True,3,0,0,0,0,1,10.72,False,False,True,,True,clear_yes,yes,5077,False,standard,False,,14267
CNG_Data2k_variance/files/Q00897.01-0000457597.MSG,Q00897.01-0000457597.MSG,.msg,323072,ok,True,False,text,False,0,0,1,False,0,False,0-10,Address | Money/Amount | Health,True,Contact Information | Financial Account Information | Health-Related Information,False,,ambiguous,True,no,6702,likely_non_responsive,,False,False,0,0,0,0,0,0,4.104,True,False,False,stage1_nr,False,,,0,False,,False,,6702
CNG_Data2k_variance/files/Q00897.01-0000774924.MSG,Q00897.01-0000774924.MSG,.msg,31232,ok,True,False,text,False,0,0,2,False,0,False,0-10,Name | Email,True,Contact Information,False,,ambiguous,True,yes,4128,standard,,False,False,0,0,0,0,0,0,2.956,False,False,True,,True,likely_no,no,4170,False,likely_non_responsive,True,,8298
CNG_Data2k_variance/files/Q00897.01-0000529743.0001.PDF,Q00897.01-0000529743.0001.PDF,.pdf,22571,ok,True,False,text,False,1,0,1,False,0,False,0-10,Money/Amount,False,Financial Account Information,False,,clear_non_responsive,False,,0,likely_non_responsive,,False,False,0,0,0,0,0,0,0.027,True,False,False,stage1_nr,False,,,0,False,,False,,0
CNG_Data2k_variance/files/Q00897.01-0000762561.MSG,Q00897.01-0000762561.MSG,.msg,68096,ok,True,False,text,False,0,0,4,False,0,False,0-10,Name | Address | Email | Phone | Money/Amount,True,Contact Information | Financial Account Information,False,,ambiguous,True,yes,4606,standard,,False,False,0,0,0,0,0,0,3.688,False,False,True,,True,likely_no,no,4680,False,likely_non_responsive,True,,9286
CNG_Data2k_variance/files/Q00897.01-0000678910.MSG,Q00897.01-0000678910.MSG,.msg,139776,ok,True,False,text,False,0,0,0,False,0,False,0-10,,False,,False,,clear_non_responsive,False,,0,likely_non_responsive,,False,False,0,0,0,0,0,0,0.917,True,False,False,stage1_nr,False,,,0,False,,False,,0
CNG_Data2k_variance/files/Q00897.01-0000532635.0001.PDF,Q00897.01-0000532635.0001.PDF,.pdf,22569,ok,True,False,text,False,1,0,1,False,0,False,0-10,Money/Amount,False,Financial Account Information,False,,clear_non_responsive,False,,0,likely_non_responsive,,False,False,0,0,0,0,0,0,0.032,True,False,False,stage1_nr,False,,,0,False,,False,,0
CNG_Data2k_variance/files/Q00897.01-0000913051.PDF,Q00897.01-0000913051.PDF,.pdf,108618,ok,True,False,text,False,3,0,0,False,0,False,0-10,,False,,False,,clear_non_responsive,False,,0,likely_non_responsive,,False,False,0,0,0,0,0,0,0.328,True,False,False,stage1_nr,False,,,0,False,,False,,0
CNG_Data2k_variance/files/Q00897.01-0000903293.PDF,Q00897.01-0000903293.PDF,.pdf,20787,ok,True,False,text,False,3,0,1,False,0,False,0-10,Name | Address | Phone | Money/Amount,True,Contact Information | Financial Account Information,False,,ambiguous,True,no,5887,likely_non_responsive,,False,False,0,0,0,0,0,0,1.426,True,False,False,stage1_nr,False,,,0,False,,False,,5887
CNG_Data2k_variance/files/Q00897.01-0000138121.PDF,Q00897.01-0000138121.PDF,.pdf,333671,ok,True,True,text,True,4,0,88,False,3,False,50-100,Name | Address | Phone | Money/Amount,True,Contact Information | Financial Account Information,False,,ambiguous,True,yes,18118,standard,bde_llm_count,True,True,4,0,0,0,0,1,19.599,False,False,True,,True,clear_no,no,9482,True,likely_non_responsive,True,,27600
CNG_Data2k_variance/files/Q00897.01-0000895182.PDF,Q00897.01-0000895182.PDF,.pdf,70257,ok,True,False,text,False,1,0,1,False,0,False,0-10,Name | Money/Amount | Work-Related,False,Financial Account Information | Work-Related Information,False,,ambiguous,True,yes,3784,standard,,False,False,0,0,0,0,0,0,2.611,False,False,True,,True,likely_yes,yes,3868,False,standard,False,,7652
CNG_Data2k_variance/files/Q00897.01-0000108704.PDF,Q00897.01-0000108704.PDF,.pdf,1209599,ok,True,True,text,True,5,0,50,False,1,False,20-50,Name | Email | Phone | Money/Amount,True,Contact Information | Financial Account Information,False,,ambiguous,True,no,15426,likely_non_responsive,bde_llm_count,True,True,5,0,0,0,0,1,22.961,True,False,False,stage1_nr,False,,,0,False,,False,,15426
CNG_Data2k_variance/files/Q00897.01-0000777780.0001.PDF,Q00897.01-0000777780.0001.PDF,.pdf,1460825,ok,True,False,text,False,78,0,2,False,0,False,0-10,Name | Address | Phone | Money/Amount,True,Contact Information | Financial Account Information,False,,ambiguous,True,no,17032,likely_non_responsive,"img_ocr:p12,p12,p15,p15,p22,p23,p26,p27,p30,p31,p34,p35,p38,p38,p43,p46,p47,p50,p51,p53,p54,p56,p57,p57,p60,p61,p61,p63,p64,p66,p67,p69,p69(33/36,+6236chars)",False,False,0,36,36,33,0,36,154.477,True,False,False,stage1_nr,False,,,0,False,,False,,17032
CNG_Data2k_variance/files/Q00897.01-0000891174.PDF,Q00897.01-0000891174.PDF,.pdf,53265,ok,True,False,text,False,12,0,100,False,100,True,50-100,Name | Phone | Money/Amount,True,Contact Information | Financial Account Information,True,,ambiguous,True,yes,21346,bde,bde_llm_count_roster,False,False,0,0,0,0,0,0,24.888,False,True,True,,True,likely_yes,yes,11481,True,bde,False,,32827
CNG_Data2k_variance/files/Q00897.01-0000759607.MSG,Q00897.01-0000759607.MSG,.msg,72704,ok,True,False,text,False,0,0,3,False,0,False,0-10,Name | Email | Phone,True,Contact Information,False,,ambiguous,True,no,4047,likely_non_responsive,,False,False,0,0,0,0,0,0,18.104,True,False,False,stage1_nr,False,,,0,False,,False,,4047
CNG_Data2k_variance/files/Q00897.01-0000252334.PDF,Q00897.01-0000252334.PDF,.pdf,60752,ok,True,False,text,False,1,0,2,False,0,False,0-10,Name | Money/Amount,True,Financial Account Information,False,,ambiguous,True,no,3850,likely_non_responsive,"img_ocr:p1(1/1,+10chars)",False,False,0,1,1,1,0,1,6.256,True,False,False,stage1_nr,False,,,0,False,,False,,3850
CNG_Data2k_variance/files/Q00897.01-0000365025.MSG,Q00897.01-0000365025.MSG,.msg,265216,ok,True,False,text,False,0,0,1,False,0,False,0-10,Address | Payment Card | Money/Amount,True,Contact Information | Financial Account Information,False,,ambiguous,True,no,4188,likely_non_responsive,,False,False,0,0,0,0,0,0,4.499,True,False,False,stage1_nr,False,,,0,False,,False,,4188
CNG_Data2k_variance/files/Q00897.01-0000776299.0001.DOCX,Q00897.01-0000776299.0001.DOCX,.docx,56334,ok,True,False,text,False,0,0,3,False,0,False,0-10,Address | Phone | Tax ID | Account Balance | Money/Amount | Health | Work-Related,True,Contact Information | Government-Issued Identification | Financial Account Information | Health-Related Information | Work-Related Information,False,,ambiguous,True,no,8507,likely_non_responsive,,False,False,0,0,0,0,0,0,3.092,True,False,False,stage1_nr,False,,,0,False,,False,,8507
CNG_Data2k_variance/files/Q00897.01-0000779841.MSG,Q00897.01-0000779841.MSG,.msg,90112,ok,True,False,text,False,0,2,3,False,0,False,0-10,Name | Address | Email | Phone,True,Contact Information,False,,ambiguous,True,no,3837,likely_non_responsive,,False,False,0,0,0,0,0,0,1.889,True,False,False,stage1_nr,False,,,0,False,,False,,3837
CNG_Data2k_variance/files/Q00897.01-0000838522.0002.PDF,Q00897.01-0000838522.0002.PDF,.pdf,173094,ok,True,False,text,False,11,0,1,False,0,False,0-10,Name | Address | Money/Amount,True,Contact Information | Financial Account Information,False,,ambiguous,True,no,9506,likely_non_responsive,,False,False,0,0,0,0,0,0,2.457,True,False,False,stage1_nr,False,,,0,False,,False,,9506
CNG_Data2k_variance/files/Q00897.01-0000330235.0001.PDF,Q00897.01-0000330235.0001.PDF,.pdf,316618,ok,True,True,text,True,4,0,22,False,1,False,20-50,Name | Address | Phone | Bank/Account Number | Money/Amount,True,Contact Information | Financial Account Information,False,,ambiguous,True,yes,8691,standard,bde_llm_count,True,True,4,0,0,0,0,1,11.18,False,False,True,,True,likely_no,no,4810,False,likely_non_responsive,True,,13501
CNG_Data2k_variance/files/Q00897.01-0000905627.PDF,Q00897.01-0000905627.PDF,.pdf,7363,ok,True,False,text,False,1,0,0,False,0,False,0-10,,False,,False,,clear_non_responsive,False,,0,likely_non_responsive,,False,False,0,0,0,0,0,0,0.026,True,False,False,stage1_nr,False,,,0,False,,False,,0
CNG_Data2k_variance/files/Q00897.01-0000658138.0002.PDF,Q00897.01-0000658138.0002.PDF,.pdf,466837,ok,True,True,text,True,3,0,134,False,0,False,100+,Money/Amount,False,Financial Account Information,False,,ambiguous,True,no,12375,likely_non_responsive,bde_llm_count,True,True,3,0,0,0,0,1,13.098,True,False,False,stage1_nr,False,,,0,False,,False,,12375
CNG_Data2k_variance/files/Q00897.01-0000331265.0001.PDF,Q00897.01-0000331265.0001.PDF,.pdf,268825,ok,True,False,text,False,3,0,1,False,0,False,0-10,Name | Address | Bank/Account Number | Money/Amount,True,Contact Information | Financial Account Information,False,,ambiguous,True,yes,4455,standard,"img_ocr:p2(1/1,+438chars)",False,False,0,1,1,1,0,1,7.407,False,False,True,,True,borderline,no,4530,False,likely_non_responsive,True,,8985
CNG_Data2k_variance/files/Q00897.01-0000557252.MSG,Q00897.01-0000557252.MSG,.msg,304128,ok,True,False,text,False,0,0,2,False,0,False,0-10,Address | Email | Phone,True,Contact Information,False,,ambiguous,True,no,7094,likely_non_responsive,,False,False,0,0,0,0,0,0,4.409,True,False,False,stage1_nr,False,,,0,False,,False,,7094
CNG_Data2k_variance/files/Q00897.01-0000361254.MSG,Q00897.01-0000361254.MSG,.msg,237056,ok,True,False,text,False,0,0,1,False,0,False,0-10,Address,True,Contact Information,False,,ambiguous,True,no,3878,likely_non_responsive,,False,False,0,0,0,0,0,0,2.152,True,False,False,stage1_nr,False,,,0,False,,False,,3878
CNG_Data2k_variance/files/Q00897.01-0000013203.PDF,Q00897.01-0000013203.PDF,.pdf,833795,ok,True,False,text,False,1,0,0,False,0,False,0-10,,False,,False,,clear_non_responsive,False,,0,likely_non_responsive,,True,True,1,0,0,0,0,1,5.821,True,False,False,stage1_nr,False,,,0,False,,False,,0
CNG_Data2k_variance/files/Q00897.01-0000740512.MSG,Q00897.01-0000740512.MSG,.msg,595968,ok,True,False,text,False,0,0,2,False,0,False,0-10,Name | Money/Amount | Work-Related,True,Financial Account Information | Work-Related Information,False,,ambiguous,True,no,8442,likely_non_responsive,,False,False,0,0,0,0,0,0,5.226,True,False,False,stage1_nr,False,,,0,False,,False,,8442
CNG_Data2k_variance/files/Q00897.01-0000899060.PDF,Q00897.01-0000899060.PDF,.pdf,15392,ok,True,False,text,False,2,0,1,False,0,False,0-10,Money/Amount,False,Financial Account Information,False,,clear_non_responsive,False,,0,likely_non_responsive,,False,False,0,0,0,0,0,0,0.089,True,False,False,stage1_nr,False,,,0,False,,False,,0
CNG_Data2k_variance/files/Q00897.01-0000565463.0001.XLSX,Q00897.01-0000565463.0001.XLSX,.xlsx,53119,ok,True,True,text,True,1,0,434,False,2,False,100+,Money/Amount,False,Financial Account Information,False,,ambiguous,True,no,16065,likely_non_responsive,roster_by_rowcount bde_llm_count,False,False,0,0,0,0,0,0,17.942,True,False,False,stage1_nr,False,,,0,False,,False,,16065
CNG_Data2k_variance/files/Q00897.01-0000803339.0001.VCF,Q00897.01-0000803339.0001.VCF,.vcf,384,no_parser,False,False,unknown,False,0,0,0,False,0,False,,,False,,False,,,False,,0,needs_parser,unsupported_ext,False,False,0,0,0,0,0,0,0.0,False,False,False,no_parser,False,,,0,False,,False,,0
CNG_Data2k_variance/files/Q00897.01-0000059660.PDF,Q00897.01-0000059660.PDF,.pdf,324779,ok,True,True,text,True,1,0,16,False,0,False,10-20,Address | Email | Phone | Money/Amount,True,Contact Information | Financial Account Information,False,,ambiguous,True,no,8433,likely_non_responsive,bde_llm_count,True,True,1,0,0,0,0,1,14.818,True,False,False,stage1_nr,False,,,0,False,,False,,8433
CNG_Data2k_variance/files/Q00897.01-0000545109.0001.PDF,Q00897.01-0000545109.0001.PDF,.pdf,22624,ok,True,False,text,False,1,0,1,False,0,False,0-10,Money/Amount,False,Financial Account Information,False,,clear_non_responsive,False,,0,likely_non_responsive,,False,False,0,0,0,0,0,0,0.025,True,False,False,stage1_nr,False,,,0,False,,False,,0
CNG_Data2k_variance/files/Q00897.01-0000687825.MSG,Q00897.01-0000687825.MSG,.msg,247296,ok,True,False,text,False,0,0,3,False,0,False,0-10,Name | Address | Email,True,Contact Information,False,,ambiguous,True,no,4425,likely_non_responsive,,False,False,0,0,0,0,0,0,2.544,True,False,False,stage1_nr,False,,,0,False,,False,,4425
CNG_Data2k_variance/files/Q00897.01-0000772506.0001.PDF,Q00897.01-0000772506.0001.PDF,.pdf,62238,ok,True,False,text,False,6,0,1,False,0,False,0-10,Address | Money/Amount,True,Contact Information | Financial Account Information,False,,ambiguous,True,no,10799,likely_non_responsive,,False,False,0,0,0,0,0,0,1.638,True,False,False,stage1_nr,False,,,0,False,,False,,10799
CNG_Data2k_variance/files/Q00897.01-0000288213.XLSX,Q00897.01-0000288213.XLSX,.xlsx,483588,ok,True,True,text,True,1,0,65,False,24,True,50-100,Name,False,,True,,ambiguous,True,yes,7763,structured_bde,roster_by_rowcount bde_llm_count_roster,False,False,0,0,0,0,0,0,9.584,False,True,True,,True,clear_no,no,4185,True,likely_non_responsive,True,,11948
CNG_Data2k_variance/files/Q00897.01-0000572004.MSG,Q00897.01-0000572004.MSG,.msg,136192,ok,True,False,text,False,0,0,1,False,0,False,0-10,Name | Email,True,Contact Information,False,,ambiguous,True,yes,3957,standard,,False,False,0,0,0,0,0,0,20.096,False,False,True,,True,likely_yes,yes,4021,False,standard,False,,7978
CNG_Data2k_variance/files/Q00897.01-0000889699.PDF,Q00897.01-0000889699.PDF,.pdf,22257,ok,True,False,text,False,6,0,1,False,0,False,0-10,Name | Address | Phone | Money/Amount,True,Contact Information | Financial Account Information,False,,ambiguous,True,no,6224,likely_non_responsive,,False,False,0,0,0,0,0,0,2.038,True,False,False,stage1_nr,False,,,0,False,,False,,6224
CNG_Data2k_variance/files/Q00897.01-0000761467.MSG,Q00897.01-0000761467.MSG,.msg,100864,ok,True,False,text,False,0,0,1,False,0,False,0-10,Name | Money/Amount,True,Financial Account Information,False,,ambiguous,True,no,6455,likely_non_responsive,,False,False,0,0,0,0,0,0,3.174,True,False,False,stage1_nr,False,,,0,False,,False,,6455
CNG_Data2k_variance/files/Q00897.01-0000283080.PDF,Q00897.01-0000283080.PDF,.pdf,645650,ok,True,True,text,True,6,0,16,False,1,False,10-20,Name | Address | Phone | Military ID | Money/Amount | Health,True,Contact Information | Government-Issued Identification | Financial Account Information | Health-Related Information,False,,ambiguous,True,yes,13784,standard,bde_llm_count,True,True,6,0,0,0,0,1,14.859,False,False,True,,True,clear_yes,yes,7337,False,standard,False,,21121
CNG_Data2k_variance/files/Q00897.01-0000753214.MSG,Q00897.01-0000753214.MSG,.msg,238592,ok,True,False,text,False,0,0,2,False,0,False,0-10,Name | Address | Email | Phone,True,Contact Information,False,,ambiguous,True,yes,3804,standard,,False,False,0,0,0,0,0,0,3.565,False,False,True,,True,borderline,no,3895,False,likely_non_responsive,True,,7699
CNG_Data2k_variance/files/Q00897.01-0000815665.0011.PDF,Q00897.01-0000815665.0011.PDF,.pdf,241496,ok,True,False,text,False,10,0,2,False,0,False,0-10,Name | Address | Phone | Money/Amount | Health,True,Contact Information | Financial Account Information | Health-Related Information,False,,ambiguous,True,no,8892,likely_non_responsive,,True,True,10,0,0,0,0,1,11.645,True,False,False,stage1_nr,False,,,0,False,,False,,8892
CNG_Data2k_variance/files/Q00897.01-0000524551.MSG,Q00897.01-0000524551.MSG,.msg,121856,ok,True,False,text,False,0,0,50,False,26,False,20-50,Name | Email | Phone | Money/Amount,True,Contact Information | Financial Account Information,False,,ambiguous,True,yes,13216,standard,bde_llm_count,False,False,0,0,0,0,0,0,27.42,False,False,True,,True,likely_no,no,7002,False,likely_non_responsive,True,,20218
CNG_Data2k_variance/files/Q00897.01-0000450778.0001.PDF,Q00897.01-0000450778.0001.PDF,.pdf,56468,ok,True,False,text,False,19,0,1,False,0,False,0-10,Address | Card/Transaction | Money/Amount,True,Contact Information | Financial Account Information,False,,ambiguous,True,no,15830,likely_non_responsive,,False,False,0,0,0,0,0,0,3.012,True,False,False,stage1_nr,False,,,0,False,,False,,15830
CNG_Data2k_variance/files/Q00897.01-0000911052.PDF,Q00897.01-0000911052.PDF,.pdf,489030,ok,True,True,text,True,15,0,357,False,11,True,100+,Name | Address | Phone | Money/Amount | Work-Related,True,Contact Information | Financial Account Information | Work-Related Information,True,,ambiguous,True,yes,22882,structured_bde,bde_llm_count_roster,True,True,15,0,0,0,0,1,21.106,False,True,True,,True,clear_yes,yes,11937,True,structured_bde,False,,34819
CNG_Data2k_variance/files/Q00897.01-0000439069.MSG,Q00897.01-0000439069.MSG,.msg,117760,ok,True,False,text,False,0,0,4,False,0,False,0-10,Name | Email | Health,True,Contact Information | Health-Related Information,False,,ambiguous,True,no,4141,likely_non_responsive,,False,False,0,0,0,0,0,0,3.009,True,False,False,stage1_nr,False,,,0,False,,False,,4141
CNG_Data2k_variance/files/Q00897.01-0000254273.PDF,Q00897.01-0000254273.PDF,.pdf,146648,ok,True,False,text,False,1,0,1,False,0,False,0-10,Money/Amount,False,Financial Account Information,False,,clear_non_responsive,False,,0,likely_non_responsive,,False,False,0,0,0,0,0,0,0.046,True,False,False,stage1_nr,False,,,0,False,,False,,0
CNG_Data2k_variance/files/Q00897.01-0000659242.MSG,Q00897.01-0000659242.MSG,.msg,179712,ok,True,False,text,False,0,1,6,False,0,False,0-10,Name | Address | Email | Phone,True,Contact Information,False,,ambiguous,True,yes,5071,standard,,False,False,0,0,0,0,0,0,4.233,False,False,True,,True,clear_no,no,5119,False,likely_non_responsive,True,,10190
CNG_Data2k_variance/files/Q00897.01-0000451215.0001.PDF,Q00897.01-0000451215.0001.PDF,.pdf,289130,ok,True,False,text,False,25,0,1,False,0,False,0-10,Name | Address | Money/Amount | Health | Work-Related,True,Contact Information | Financial Account Information | Health-Related Information | Work-Related Information,False,,ambiguous,True,no,8939,likely_non_responsive,,False,False,0,0,0,0,0,0,3.006,True,False,False,stage1_nr,False,,,0,False,,False,,8939
CNG_Data2k_variance/files/Q00897.01-0000910677.PDF,Q00897.01-0000910677.PDF,.pdf,240495,ok,True,False,text,False,33,0,1,False,0,False,0-10,Money/Amount,False,Financial Account Information,False,,clear_non_responsive,False,,0,likely_non_responsive,,False,False,0,0,0,0,0,0,4.239,True,False,False,stage1_nr,False,,,0,False,,False,,0
CNG_Data2k_variance/files/Q00897.01-0000559300.0001.XLSX,Q00897.01-0000559300.0001.XLSX,.xlsx,45915,ok,True,True,text,True,1,0,582,False,0,False,100+,,False,,False,,ambiguous,True,no,11573,likely_non_responsive,roster_by_rowcount bde_llm_count,False,False,0,0,0,0,0,0,13.917,True,False,False,stage1_nr,False,,,0,False,,False,,11573
CNG_Data2k_variance/files/Q00897.01-0000390262.MSG,Q00897.01-0000390262.MSG,.msg,95744,ok,True,False,text,False,0,0,1,False,0,False,0-10,Name | Email | Phone | Card/Transaction,True,Contact Information | Financial Account Information,False,,ambiguous,True,yes,4145,standard,,False,False,0,0,0,0,0,0,4.453,False,False,True,,True,likely_yes,yes,4202,False,standard,False,,8347
CNG_Data2k_variance/files/Q00897.01-0000179582.PDF,Q00897.01-0000179582.PDF,.pdf,148130,ok,True,False,text,False,14,0,3,False,0,False,0-10,Name | Address | Email | Phone | Bank/Account Number | Money/Amount,True,Contact Information | Financial Account Information,False,,ambiguous,True,yes,5645,standard,"img_ocr:p1(1/1,+7chars)",False,False,0,1,1,1,0,1,9.039,False,False,True,,True,likely_no,no,5704,False,likely_non_responsive,True,,11349
CNG_Data2k_variance/files/Q00897.01-0000258724.0001.PDF,Q00897.01-0000258724.0001.PDF,.pdf,287183,ok,True,False,text,False,3,0,1,False,0,False,0-10,Name | Address | Bank/Account Number | Money/Amount,True,Contact Information | Financial Account Information,False,,ambiguous,True,yes,4313,standard,"img_ocr:p2(1/1,+293chars)",False,False,0,1,1,1,0,1,7.685,False,False,True,,True,likely_no,no,4379,False,likely_non_responsive,True,,8692
CNG_Data2k_variance/files/Q00897.01-0000020262.PDF,Q00897.01-0000020262.PDF,.pdf,810118,ok,True,True,text,True,2,0,17,False,2,False,10-20,Name | Address | Email | Phone | Money/Amount,True,Contact Information | Financial Account Information,False,,ambiguous,True,yes,7313,standard,bde_llm_count,True,True,2,0,0,0,0,1,14.466,False,False,True,,True,likely_yes,yes,4115,False,standard,False,,11428
CNG_Data2k_variance/files/Q00897.01-0000284268.PDF,Q00897.01-0000284268.PDF,.pdf,327153,ok,True,True,text,True,2,0,9,False,1,False,0-10,Name | Address | Phone | Money/Amount,True,Contact Information | Financial Account Information,False,,ambiguous,True,yes,7490,standard,bde_llm_count,True,True,2,0,0,0,0,1,12.242,False,False,True,,True,likely_no,no,4229,False,likely_non_responsive,True,,11719
CNG_Data2k_variance/files/Q00897.01-0000894267.PDF,Q00897.01-0000894267.PDF,.pdf,140436,ok,True,False,text,False,21,0,7,False,2,False,0-10,Address | Phone | SSN | Money/Amount | Work-Related,True,Contact Information | Government-Issued Identification | Financial Account Information | Work-Related Information,False,,clear_responsive,False,,13669,standard,bde_llm_count,False,False,0,0,0,0,0,0,6.979,False,False,True,,True,clear_yes,yes,14592,False,standard,False,,28261
CNG_Data2k_variance/files/Q00897.01-0000777859.0001.DOCX,Q00897.01-0000777859.0001.DOCX,.docx,52765,ok,True,False,text,False,0,0,1,False,0,False,0-10,Money/Amount,False,Financial Account Information,False,,clear_non_responsive,False,,0,likely_non_responsive,,False,False,0,0,0,0,0,0,0.049,True,False,False,stage1_nr,False,,,0,False,,False,,0
CNG_Data2k_variance/files/Q00897.01-0000141391.XLSX,Q00897.01-0000141391.XLSX,.xlsx,82004,ok,True,True,text,True,3,0,669,False,0,False,100+,Address | Phone | Money/Amount,True,Contact Information | Financial Account Information,False,,ambiguous,True,no,13956,likely_non_responsive,roster_by_rowcount bde_llm_count,False,False,0,0,0,0,0,0,3.564,True,False,False,stage1_nr,False,,,0,False,,False,,13956
CNG_Data2k_variance/files/Q00897.01-0000106883.PDF,Q00897.01-0000106883.PDF,.pdf,689990,ok,True,True,text,True,11,0,10,False,3,False,0-10,Name | Email | Money/Amount | Health | Work-Related,True,Contact Information | Financial Account Information | Health-Related Information | Work-Related Information,False,,ambiguous,True,yes,16229,standard,bde_llm_count,True,True,11,0,0,0,0,1,28.419,False,False,True,,True,likely_yes,yes,8562,False,standard,False,,24791
CNG_Data2k_variance/files/Q00897.01-0000619558.MSG,Q00897.01-0000619558.MSG,.msg,6029824,ok,True,False,text,False,0,5,7,False,5,False,0-10,Name | Address | Email | Phone,True,Contact Information,False,,ambiguous,True,yes,9533,standard,bde_llm_count,False,False,0,0,0,0,0,0,7.354,False,False,True,,True,likely_no,no,5214,False,likely_non_responsive,True,,14747
CNG_Data2k_variance/files/Q00897.01-0000290694.CSV,Q00897.01-0000290694.CSV,.csv,3776,ok,True,True,text,True,0,0,14,False,3,False,10-20,Name | SSN | Money/Amount | Health,True,Government-Issued Identification | Financial Account Information | Health-Related Information,False,,clear_responsive,False,,4284,standard,bde_llm_count_roster,False,False,0,0,0,0,0,0,5.341,False,False,True,,True,clear_yes,yes,5156,False,standard,False,,9440
CNG_Data2k_variance/files/Q00897.01-0000654537.MSG,Q00897.01-0000654537.MSG,.msg,96768,ok,True,False,text,False,0,3,3,False,0,False,0-10,Name | Address | Email | Phone | Money/Amount,True,Contact Information | Financial Account Information,False,,ambiguous,True,no,4561,likely_non_responsive,,False,False,0,0,0,0,0,0,11.859,True,False,False,stage1_nr,False,,,0,False,,False,,4561
CNG_Data2k_variance/files/Q00897.01-0000246431.PDF,Q00897.01-0000246431.PDF,.pdf,1120339,ok,True,False,text,False,2,0,6,False,0,False,0-10,Name | Address | Email | Phone | Money/Amount,True,Contact Information | Financial Account Information,False,,ambiguous,True,no,4460,likely_non_responsive,"img_ocr:p1(1/1,+236chars)",False,False,0,1,1,1,0,1,6.712,True,False,False,stage1_nr,False,,,0,False,,False,,4460
CNG_Data2k_variance/files/Q00897.01-0000553066.0001.XLSX,Q00897.01-0000553066.0001.XLSX,.xlsx,69236,ok,True,True,text,True,1,0,474,False,1,False,100+,Name | Phone | Money/Amount,True,Contact Information | Financial Account Information,False,,ambiguous,True,no,14387,likely_non_responsive,roster_by_rowcount bde_llm_count,False,False,0,0,0,0,0,0,26.566,True,False,False,stage1_nr,False,,,0,False,,False,,14387
CNG_Data2k_variance/files/Q00897.01-0000292534.PDF,Q00897.01-0000292534.PDF,.pdf,1313,ok,True,False,text,False,1,0,1,False,0,False,0-10,Name | Money/Amount,True,Financial Account Information,False,,ambiguous,True,yes,3791,standard,,False,False,0,0,0,0,0,0,3.111,False,False,True,,True,likely_yes,yes,3838,False,standard,False,,7629
CNG_Data2k_variance/files/Q00897.01-0000871549.TXT,Q00897.01-0000871549.TXT,.txt,3017,ok,True,False,text,False,0,0,1,False,0,False,0-10,Address | Phone | Money/Amount,True,Contact Information | Financial Account Information,False,,ambiguous,True,no,4344,likely_non_responsive,,False,False,0,0,0,0,0,0,1.381,True,False,False,stage1_nr,False,,,0,False,,False,,4344
CNG_Data2k_variance/files/Q00897.01-0000342397.DOCX,Q00897.01-0000342397.DOCX,.docx,24182,ok,True,False,text,False,0,0,0,False,0,False,0-10,,False,,False,,clear_non_responsive,False,,0,likely_non_responsive,,False,False,0,0,0,0,0,0,0.041,True,False,False,stage1_nr,False,,,0,False,,False,,0
CNG_Data2k_variance/files/Q00897.01-0000291580.PDF,Q00897.01-0000291580.PDF,.pdf,612807,ok,True,False,text,False,4,0,56,False,56,True,50-100,Name | Phone | Money/Amount,True,Contact Information | Financial Account Information,True,,ambiguous,True,yes,14089,bde,bde_llm_count_roster,False,False,0,0,0,0,0,0,24.049,False,True,True,,True,clear_yes,yes,7688,True,bde,False,,21777
CNG_Data2k_variance/files/Q00897.01-0000906310.PDF,Q00897.01-0000906310.PDF,.pdf,2954390,ok,True,True,text,True,15,0,379,False,379,True,100+,Address | Phone | SSN | Money/Amount | Work-Related,True,Contact Information | Government-Issued Identification | Financial Account Information | Work-Related Information,True,,clear_responsive,False,,11996,structured_bde,bde_llm_count_roster,True,True,15,0,0,0,0,1,35.267,False,True,True,,True,clear_yes,yes,13081,True,structured_bde,False,,25077
CNG_Data2k_variance/files/Q00897.01-0000837669.0005.PDF,Q00897.01-0000837669.0005.PDF,.pdf,170530,ok,True,True,text,True,1,0,4,False,0,False,0-10,Address | Phone | Money/Amount,True,Contact Information | Financial Account Information,False,,ambiguous,True,no,7008,likely_non_responsive,bde_llm_count,True,True,1,0,0,0,0,1,7.074,True,False,False,stage1_nr,False,,,0,False,,False,,7008
CNG_Data2k_variance/files/Q00897.01-0000840841.0001.PDF,Q00897.01-0000840841.0001.PDF,.pdf,492807,ok,True,False,text,False,3,0,3,False,0,False,0-10,Name | Address | Phone | Card Expiry/CVV | Money/Amount,True,Contact Information | Financial Account Information,False,,ambiguous,True,no,4977,likely_non_responsive,,True,True,3,0,0,0,0,1,6.657,True,False,False,stage1_nr,False,,,0,False,,False,,4977
CNG_Data2k_variance/files/Q00897.01-0000822413.0001.PDF,Q00897.01-0000822413.0001.PDF,.pdf,1920043,ok,True,False,text,False,85,0,9,False,4,False,0-10,Name | Address | Email | Phone | Card Expiry/CVV | Money/Amount | Health | Demographic | Work-Related,True,Contact Information | Financial Account Information | Health-Related Information | Demographic Information | Work-Related Information,False,,ambiguous,True,no,18060,likely_non_responsive,bde_llm_count,False,False,0,0,0,0,0,0,6.105,True,False,False,stage1_nr,False,,,0,False,,False,,18060
CNG_Data2k_variance/files/Q00897.01-0000555403.0001.XLSX,Q00897.01-0000555403.0001.XLSX,.xlsx,36383,ok,True,True,text,True,1,0,430,False,0,False,100+,Phone,True,Contact Information,False,,ambiguous,True,no,11096,likely_non_responsive,roster_by_rowcount bde_llm_count,False,False,0,0,0,0,0,0,10.998,True,False,False,stage1_nr,False,,,0,False,,False,,11096
CNG_Data2k_variance/files/Q00897.01-0000561229.0001.PDF,Q00897.01-0000561229.0001.PDF,.pdf,20971,ok,True,False,text,False,1,0,0,False,0,False,0-10,,False,,False,,clear_non_responsive,False,,0,likely_non_responsive,,False,False,0,0,0,0,0,0,0.027,True,False,False,stage1_nr,False,,,0,False,,False,,0
CNG_Data2k_variance/files/Q00897.01-0000247521.PDF,Q00897.01-0000247521.PDF,.pdf,478315,ok,True,False,text,False,5,0,3,False,0,False,0-10,Name | Address | Phone | Bank/Account Number | Money/Amount,True,Contact Information | Financial Account Information,False,,ambiguous,True,yes,4557,standard,"img_ocr:p3(1/1,+345chars)",False,False,0,1,1,1,0,1,10.838,False,False,True,,True,likely_no,no,4642,False,likely_non_responsive,True,,9199
CNG_Data2k_variance/files/Q00897.01-0000296142.XLSX,Q00897.01-0000296142.XLSX,.xlsx,9332,ok,True,True,text,True,3,0,56,False,56,True,50-100,Name,False,,True,,ambiguous,True,yes,8420,structured_bde,roster_by_rowcount bde_llm_count_roster,False,False,0,0,0,0,0,0,10.84,False,True,True,,True,clear_yes,yes,4686,True,structured_bde,False,,13106
CNG_Data2k_variance/files/Q00897.01-0000109849.PDF,Q00897.01-0000109849.PDF,.pdf,38013,ok,True,False,text,False,16,0,1,False,0,False,0-10,Phone | Money/Amount,True,Contact Information | Financial Account Information,False,,ambiguous,True,yes,5664,standard,,False,False,0,0,0,0,0,0,17.604,False,False,True,,True,likely_no,no,5726,False,likely_non_responsive,True,,11390
CNG_Data2k_variance/files/Q00897.01-0000546876.0001.XLSX,Q00897.01-0000546876.0001.XLSX,.xlsx,17293,ok,True,True,text,True,1,0,142,False,0,True,100+,Phone,True,Contact Information,True,,ambiguous,True,no,11579,structured_bde,roster_by_rowcount bde_llm_count_roster,False,False,0,0,0,0,0,0,26.382,False,True,True,,True,clear_no,no,6255,True,likely_non_responsive,True,,17834
CNG_Data2k_variance/files/Q00897.01-0000003106.PDF,Q00897.01-0000003106.PDF,.pdf,543165,ok,True,True,text,True,1,0,13,False,1,False,10-20,Name | Address | Email | Phone | SSN | Date of Birth | Money/Amount | Work-Related,True,Contact Information | Government-Issued Identification | Birth Information | Financial Account Information | Work-Related Information,False,,clear_responsive,False,,3277,standard,bde_llm_count,True,True,1,0,0,0,0,1,8.717,False,False,True,,True,clear_yes,yes,4139,False,standard,False,,7416
CNG_Data2k_variance/files/Q00897.01-0000547349.0001.PDF,Q00897.01-0000547349.0001.PDF,.pdf,20772,ok,True,False,text,False,1,0,0,False,0,False,0-10,,False,,False,,clear_non_responsive,False,,0,likely_non_responsive,,False,False,0,0,0,0,0,0,0.03,True,False,False,stage1_nr,False,,,0,False,,False,,0
CNG_Data2k_variance/files/Q00897.01-0000809725.0001.DOCX,Q00897.01-0000809725.0001.DOCX,.docx,24695,ok,True,False,text,False,0,0,1,False,0,False,0-10,Name | Health,False,Health-Related Information,False,,ambiguous,True,no,5411,likely_non_responsive,,False,False,0,0,0,0,0,0,1.569,True,False,False,stage1_nr,False,,,0,False,,False,,5411
CNG_Data2k_variance/files/Q00897.01-0000904382.PDF,Q00897.01-0000904382.PDF,.pdf,64925,ok,True,False,text,False,13,0,3,False,0,False,0-10,Name | Address | Phone | Money/Amount | Work-Related,True,Contact Information | Financial Account Information | Work-Related Information,False,,ambiguous,True,yes,14150,standard,,False,False,0,0,0,0,0,0,5.252,False,False,True,,True,clear_yes,yes,14193,False,standard,False,,28343
CNG_Data2k_variance\files\Q00897.01-0000850439.DOC,Q00897.01-0000850439.DOC,.doc,22479,ok,True,False,text,False,0,0,0,False,0,False,0-10,,False,,False,,clear_non_responsive,False,,0,likely_non_responsive,,False,False,0,0,0,0,0,0,0.042,True,False,False,stage1_nr,False,,,0,False,,False,,0
CNG_Data2k_variance/files/Q00897.01-0000897570.PDF,Q00897.01-0000897570.PDF,.pdf,20652,ok,True,True,text,True,3,0,53,False,3,True,50-100,Name | Address | Phone | Money/Amount | Work-Related,True,Contact Information | Financial Account Information | Work-Related Information,True,,ambiguous,True,yes,9119,structured_bde,bde_llm_count_roster,True,True,3,0,0,0,0,1,10.048,False,True,True,,True,clear_yes,yes,5047,True,structured_bde,False,,14166
CNG_Data2k_variance/files/Q00897.01-0000278449.PDF,Q00897.01-0000278449.PDF,.pdf,771912,ok,True,False,text,False,4,0,3,False,0,False,0-10,Name | Address | Phone | SSN | Money/Amount,True,Contact Information | Government-Issued Identification | Financial Account Information,False,,clear_responsive,False,,0,standard,,True,True,4,0,0,0,0,1,8.768,False,False,True,,True,likely_no,no,4678,False,likely_non_responsive,True,,4678
CNG_Data2k_variance/files/Q00897.01-0000393646.MSG,Q00897.01-0000393646.MSG,.msg,87040,ok,True,False,text,False,0,0,2,False,0,False,0-10,Name | Address | Email,True,Contact Information,False,,ambiguous,True,yes,3971,standard,,False,False,0,0,0,0,0,0,3.511,False,False,True,,True,likely_no,no,4034,False,likely_non_responsive,True,,8005
CNG_Data2k_variance/files/Q00897.01-0000013917.PDF,Q00897.01-0000013917.PDF,.pdf,256388,ok,True,False,text,False,1,0,1,False,0,False,0-10,Money/Amount,False,Financial Account Information,False,,clear_non_responsive,False,,0,likely_non_responsive,,False,False,0,0,0,0,0,0,0.125,True,False,False,stage1_nr,False,,,0,False,,False,,0
CNG_Data2k_variance/files/Q00897.01-0000539413.MSG,Q00897.01-0000539413.MSG,.msg,296448,ok,True,False,text,False,0,0,1,False,0,False,0-10,Address | Email | Phone | Money/Amount,True,Contact Information | Financial Account Information,False,,ambiguous,True,no,9081,likely_non_responsive,,False,False,0,0,0,0,0,0,5.111,True,False,False,stage1_nr,False,,,0,False,,False,,9081
CNG_Data2k_variance/files/Q00897.01-0000897422.PDF,Q00897.01-0000897422.PDF,.pdf,19653,ok,True,False,text,False,3,0,1,False,0,False,0-10,Name | Address | Phone | Money/Amount,True,Contact Information | Financial Account Information,False,,ambiguous,True,yes,5937,standard,,False,False,0,0,0,0,0,0,3.769,False,False,True,,True,likely_yes,yes,6036,False,standard,False,,11973
CNG_Data2k_variance/files/Q00897.01-0000797403.0001.PDF,Q00897.01-0000797403.0001.PDF,.pdf,9024744,ok,True,True,text,True,15,0,50,False,1,False,20-50,Name | Address | Email | Phone | SSN | Card/Transaction | Account Balance | Money/Amount | Health | Work-Related,True,Contact Information | Government-Issued Identification | Financial Account Information | Health-Related Information | Work-Related Information,False,,clear_responsive,False,,8292,standard,bde_llm_count,True,True,15,0,0,0,0,1,11.686,False,False,True,,True,clear_yes,yes,9223,False,standard,False,,17515
CNG_Data2k_variance/files/Q00897.01-0000274581.PDF,Q00897.01-0000274581.PDF,.pdf,55082,ok,True,True,text,True,2,0,18,False,1,False,10-20,Name | Address | Phone | Date of Birth | Card Expiry/CVV | Card/Transaction | Money/Amount | Health,True,Contact Information | Birth Information | Financial Account Information | Health-Related Information,False,,ambiguous,True,yes,7797,standard,bde_llm_count,True,True,2,0,0,0,0,1,23.337,False,False,True,,True,clear_yes,yes,4375,False,standard,False,,12172
CNG_Data2k_variance/files/Q00897.01-0000907336.PDF,Q00897.01-0000907336.PDF,.pdf,24276,ok,True,False,text,False,6,0,1,False,0,False,0-10,Name | Address | Phone,True,Contact Information,False,,ambiguous,True,yes,6539,standard,,False,False,0,0,0,0,0,0,3.561,False,False,True,,True,likely_no,no,6598,False,likely_non_responsive,True,,13137
CNG_Data2k_variance/files/Q00897.01-0000904952.PDF,Q00897.01-0000904952.PDF,.pdf,17215,ok,True,True,text,True,2,0,28,False,1,False,20-50,Name | Address | Phone | Money/Amount | Work-Related,True,Contact Information | Financial Account Information | Work-Related Information,False,,ambiguous,True,yes,8212,standard,bde_llm_count,True,True,2,0,0,0,0,1,10.105,False,False,True,,True,clear_yes,yes,4562,False,standard,False,,12774
CNG_Data2k_variance/files/Q00897.01-0000591184.MSG,Q00897.01-0000591184.MSG,.msg,272384,ok,True,False,text,False,0,0,1,False,0,False,0-10,Name | Address | Money/Amount,True,Contact Information | Financial Account Information,False,,ambiguous,True,no,4740,likely_non_responsive,,False,False,0,0,0,0,0,0,11.875,True,False,False,stage1_nr,False,,,0,False,,False,,4740
CNG_Data2k_variance/files/Q00897.01-0000414192.MSG,Q00897.01-0000414192.MSG,.msg,2692096,ok,True,False,text,False,0,5,3,False,0,False,0-10,Email | Phone | Health | Work-Related,True,Contact Information | Health-Related Information | Work-Related Information,False,,ambiguous,True,no,4764,likely_non_responsive,,False,False,0,0,0,0,0,0,2.465,True,False,False,stage1_nr,False,,,0,False,,False,,4764
CNG_Data2k_variance/files/Q00897.01-0000342957.PDF,Q00897.01-0000342957.PDF,.pdf,8003208,ok,True,True,text,True,13,0,20,False,1,False,10-20,Name | Address | Phone | Date of Birth | Money/Amount | Health | Demographic,True,Contact Information | Birth Information | Financial Account Information | Health-Related Information | Demographic Information,False,,ambiguous,True,yes,16344,standard,bde_llm_count,True,True,13,0,0,0,0,1,12.965,False,False,True,,True,clear_yes,yes,8625,False,standard,False,,24969
CNG_Data2k_variance/files/Q00897.01-0000901990.PDF,Q00897.01-0000901990.PDF,.pdf,19054,ok,True,True,text,True,3,0,54,False,2,True,50-100,Name | Address | Phone | Money/Amount | Work-Related,True,Contact Information | Financial Account Information | Work-Related Information,True,,ambiguous,True,yes,8910,structured_bde,bde_llm_count_roster,True,True,3,0,0,0,0,1,11.402,False,True,True,,True,clear_yes,yes,4923,True,structured_bde,False,,13833
CNG_Data2k_variance/files/Q00897.01-0000027457.PDF,Q00897.01-0000027457.PDF,.pdf,205091,ok,True,True,text,True,2,0,13,False,0,False,10-20,Name | Address | Phone | Money/Amount,True,Contact Information | Financial Account Information,False,,ambiguous,True,no,7529,likely_non_responsive,bde_llm_count,True,True,2,0,0,0,0,1,11.378,True,False,False,stage1_nr,False,,,0,False,,False,,7529
CNG_Data2k_variance/files/Q00897.01-0000472204.MSG,Q00897.01-0000472204.MSG,.msg,23552,ok,True,False,text,False,0,0,0,False,0,False,0-10,,False,,False,,clear_non_responsive,False,,0,likely_non_responsive,,False,False,0,0,0,0,0,0,0.066,True,False,False,stage1_nr,False,,,0,False,,False,,0
CNG_Data2k_variance/files/Q00897.01-0000238423.PDF,Q00897.01-0000238423.PDF,.pdf,823934,ok,True,True,text,True,1,0,1,False,1,False,0-10,Name | Address,True,Contact Information,False,,ambiguous,True,yes,9072,standard,bde_llm_count,True,True,1,0,0,0,0,1,12.74,False,False,True,,True,clear_yes,yes,5035,False,standard,False,,14107
CNG_Data2k_variance/files/Q00897.01-0000456825.MSG,Q00897.01-0000456825.MSG,.msg,189440,ok,True,False,text,False,0,0,2,False,0,False,0-10,Name | Address | Email | Phone | Card/Transaction | Money/Amount,True,Contact Information | Financial Account Information,False,,ambiguous,True,yes,5012,standard,,False,False,0,0,0,0,0,0,3.766,False,False,True,,True,likely_no,no,5106,False,likely_non_responsive,True,,10118
CNG_Data2k_variance/files/Q00897.01-0000537885.0001.PDF,Q00897.01-0000537885.0001.PDF,.pdf,23618,ok,True,False,text,False,1,0,1,False,0,False,0-10,Money/Amount,False,Financial Account Information,False,,clear_non_responsive,False,,0,likely_non_responsive,,False,False,0,0,0,0,0,0,0.028,True,False,False,stage1_nr,False,,,0,False,,False,,0
CNG_Data2k_variance/files/Q00897.01-0000438166.0001.XLSX,Q00897.01-0000438166.0001.XLSX,.xlsx,79694,ok,True,True,text,True,4,0,91,False,0,False,50-100,Phone | Payment Card | Money/Amount,True,Contact Information | Financial Account Information,False,,ambiguous,True,no,10664,likely_non_responsive,bde_llm_count,False,False,0,0,0,0,0,0,2.778,True,False,False,stage1_nr,False,,,0,False,,False,,10664
CNG_Data2k_variance/files/Q00897.01-0000252346.PDF,Q00897.01-0000252346.PDF,.pdf,272008,ok,True,False,text,False,1,0,2,False,0,False,0-10,Name | Address | Phone | Money/Amount,True,Contact Information | Financial Account Information,False,,ambiguous,True,no,3859,likely_non_responsive,"img_ocr:p1(1/1,+16chars)",False,False,0,1,1,1,0,1,6.56,True,False,False,stage1_nr,False,,,0,False,,False,,3859
CNG_Data2k_variance/files/Q00897.01-0000204377.PDF,Q00897.01-0000204377.PDF,.pdf,146707,ok,True,False,text,False,1,0,1,False,0,False,0-10,Money/Amount,False,Financial Account Information,False,,clear_non_responsive,False,,0,likely_non_responsive,,False,False,0,0,0,0,0,0,0.059,True,False,False,stage1_nr,False,,,0,False,,False,,0
CNG_Data2k_variance/files/Q00897.01-0000001899.PDF,Q00897.01-0000001899.PDF,.pdf,58729,ok,True,False,text,False,3,0,1,False,0,False,0-10,Name,False,,False,,ambiguous,True,yes,3924,standard,,False,False,0,0,0,0,0,0,6.363,False,False,True,,True,likely_yes,yes,3985,False,standard,False,,7909
CNG_Data2k_variance/files/Q00897.01-0000244755.PDF,Q00897.01-0000244755.PDF,.pdf,216816,ok,True,True,text,True,15,0,157,False,0,False,100+,Name | Address | Phone | Money/Amount,True,Contact Information | Financial Account Information,False,,ambiguous,True,yes,13749,standard,bde_llm_count,True,True,15,0,0,0,0,1,13.313,False,False,True,,True,clear_no,no,7335,True,likely_non_responsive,True,,21084
CNG_Data2k_variance/files/Q00897.01-0000839072.0001.DOCX,Q00897.01-0000839072.0001.DOCX,.docx,51810,ok,True,False,text,False,0,0,3,False,0,False,0-10,Name,False,,False,,ambiguous,True,no,8460,likely_non_responsive,,False,False,0,0,0,0,0,0,2.113,True,False,False,stage1_nr,False,,,0,False,,False,,8460
CNG_Data2k_variance/files/Q00897.01-0000841635.0001.XLSX,Q00897.01-0000841635.0001.XLSX,.xlsx,464900,ok,True,True,text,True,19,0,13744,False,0,False,100+,Phone | Payment Card | Bank/Account Number | Card/Transaction | Money/Amount,True,Contact Information | Financial Account Information,False,,ambiguous,True,no,10134,likely_non_responsive,roster_by_rowcount bde_llm_count,False,False,0,0,0,0,0,0,3.166,True,False,False,stage1_nr,False,,,0,False,,False,,10134
CNG_Data2k_variance/files/Q00897.01-0000064044.PDF,Q00897.01-0000064044.PDF,.pdf,360808,ok,True,True,text,True,1,0,10,False,0,False,0-10,Name | Address | Email | Phone | Money/Amount,True,Contact Information | Financial Account Information,False,,ambiguous,True,no,7013,likely_non_responsive,bde_llm_count,True,True,1,0,0,0,0,1,12.223,True,False,False,stage1_nr,False,,,0,False,,False,,7013
CNG_Data2k_variance/files/Q00897.01-0000118381.XLSX,Q00897.01-0000118381.XLSX,.xlsx,78571,ok,True,True,text,True,1,0,222,False,41,True,100+,Name | Address | Email | Payment Card,True,Contact Information | Financial Account Information,True,,ambiguous,True,yes,12298,structured_bde,bde_llm_count_roster,False,False,0,0,0,0,0,0,17.242,False,True,True,,True,likely_yes,yes,6757,True,structured_bde,False,,19055
CNG_Data2k_variance/files/Q00897.01-0000174309.PDF,Q00897.01-0000174309.PDF,.pdf,278659,ok,True,True,text,True,1,0,2,False,1,False,0-10,Address | Email | Phone | Money/Amount,True,Contact Information | Financial Account Information,False,,ambiguous,True,no,6793,likely_non_responsive,bde_llm_count,True,True,1,0,0,0,0,1,7.578,True,False,False,stage1_nr,False,,,0,False,,False,,6793
CNG_Data2k_variance/files/Q00897.01-0000585593.0001.CSV,Q00897.01-0000585593.0001.CSV,.csv,9767809,ok,True,True,text,True,0,0,47225,False,0,False,100+,Money/Amount,False,Financial Account Information,False,,ambiguous,True,no,15759,likely_non_responsive,roster_by_rowcount bde_llm_count,False,False,0,0,0,0,0,0,21.274,True,False,False,stage1_nr,False,,,0,False,,False,,15759
CNG_Data2k_variance/files/Q00897.01-0000840772.MSG,Q00897.01-0000840772.MSG,.msg,151040,ok,True,False,text,False,0,0,2,False,0,False,0-10,Name | Card Expiry/CVV,True,Financial Account Information,False,,ambiguous,True,yes,4388,standard,,False,False,0,0,0,0,0,0,4.404,False,False,True,,True,likely_yes,yes,4475,False,standard,False,,8863
CNG_Data2k_variance/files/Q00897.01-0000013336.PDF,Q00897.01-0000013336.PDF,.pdf,313854,ok,True,False,text,False,1,0,3,False,0,False,0-10,Name | Money/Amount | Work-Related,False,Financial Account Information | Work-Related Information,False,,ambiguous,True,yes,5243,standard,,False,False,0,0,0,0,0,0,5.038,False,False,True,,True,clear_yes,yes,5281,False,standard,False,,10524
CNG_Data2k_variance/files/Q00897.01-0000757573.MSG,Q00897.01-0000757573.MSG,.msg,77312,ok,True,False,text,False,0,0,3,False,0,False,0-10,Name | Email | Phone | Work-Related,True,Contact Information | Work-Related Information,False,,ambiguous,True,yes,5043,standard,,False,False,0,0,0,0,0,0,4.291,False,False,True,,True,clear_yes,yes,5156,False,standard,False,,10199
CNG_Data2k_variance/files/Q00897.01-0000523964.0001.PDF,Q00897.01-0000523964.0001.PDF,.pdf,22971,ok,True,False,text,False,2,0,1,False,0,False,0-10,Phone,True,Contact Information,False,,ambiguous,True,no,3839,likely_non_responsive,,False,False,0,0,0,0,0,0,10.867,True,False,False,stage1_nr,False,,,0,False,,False,,3839
CNG_Data2k_variance/files/Q00897.01-0000779085.0001.PDF,Q00897.01-0000779085.0001.PDF,.pdf,607096,ok,True,False,text,False,1,0,1,False,0,False,0-10,Money/Amount,False,Financial Account Information,False,,clear_non_responsive,False,,0,likely_non_responsive,,True,True,1,0,0,0,0,1,4.302,True,False,False,stage1_nr,False,,,0,False,,False,,0
CNG_Data2k_variance/files/Q00897.01-0000113965.PDF,Q00897.01-0000113965.PDF,.pdf,27554,ok,True,False,text,False,11,0,1,False,0,False,0-10,Card/Transaction | Money/Amount | Health | Work-Related,False,Financial Account Information | Health-Related Information | Work-Related Information,False,,ambiguous,True,no,10331,likely_non_responsive,,False,False,0,0,0,0,0,0,6.006,True,False,False,stage1_nr,False,,,0,False,,False,,10331
CNG_Data2k_variance/files/Q00897.01-0000279863.PDF,Q00897.01-0000279863.PDF,.pdf,5883,ok,True,False,text,False,1,0,1,False,0,False,0-10,Name | Address | Phone | Money/Amount | Health,True,Contact Information | Financial Account Information | Health-Related Information,False,,ambiguous,True,yes,3804,standard,,False,False,0,0,0,0,0,0,4.442,False,False,True,,True,likely_yes,yes,3870,False,standard,False,,7674
CNG_Data2k_variance\files\Q00897.01-0000341540.DOC,Q00897.01-0000341540.DOC,.doc,185392,ok,True,False,text,False,0,0,6,False,0,False,0-10,Name | Address | Email | Phone | Money/Amount,True,Contact Information | Financial Account Information,False,,ambiguous,True,yes,4681,standard,,False,False,0,0,0,0,0,0,3.23,False,False,True,,True,clear_yes,yes,4721,False,standard,False,,9402
CNG_Data2k_variance/files/Q00897.01-0000713622.MSG,Q00897.01-0000713622.MSG,.msg,61952,ok,True,False,text,False,0,0,10,False,10,False,0-10,Name | Address | Email | Phone,True,Contact Information,False,,ambiguous,True,no,9820,likely_non_responsive,bde_llm_count,False,False,0,0,0,0,0,0,5.892,True,False,False,stage1_nr,False,,,0,False,,False,,9820
CNG_Data2k_variance/files/Q00897.01-0000910852.PDF,Q00897.01-0000910852.PDF,.pdf,10345,ok,True,False,text,False,1,0,6,False,0,False,0-10,Name | Phone | Money/Amount,True,Contact Information | Financial Account Information,False,,ambiguous,True,yes,4093,standard,,False,False,0,0,0,0,0,0,3.926,False,False,True,,True,borderline,no,4170,False,likely_non_responsive,True,,8263
CNG_Data2k_variance/files/Q00897.01-0000874499.PDF,Q00897.01-0000874499.PDF,.pdf,117166,ok,True,False,text,False,3,0,0,False,0,False,0-10,,False,,False,,clear_non_responsive,False,,0,likely_non_responsive,,False,False,0,0,0,0,0,0,0.475,True,False,False,stage1_nr,False,,,0,False,,False,,0
CNG_Data2k_variance/files/Q00897.01-0000836389.0001.PDF,Q00897.01-0000836389.0001.PDF,.pdf,143510,ok,True,True,text,True,1,0,7,False,0,False,0-10,Name,False,,False,,ambiguous,True,no,7278,likely_non_responsive,bde_llm_count,True,True,1,0,0,0,0,1,9.061,True,False,False,stage1_nr,False,,,0,False,,False,,7278
CNG_Data2k_variance/files/Q00897.01-0000673692.0001.PDF,Q00897.01-0000673692.0001.PDF,.pdf,2921,ok,True,False,text,False,1,0,1,False,0,False,0-10,Address | Money/Amount,True,Contact Information | Financial Account Information,False,,ambiguous,True,no,3951,likely_non_responsive,,False,False,0,0,0,0,0,0,1.325,True,False,False,stage1_nr,False,,,0,False,,False,,3951
CNG_Data2k_variance/files/Q00897.01-0000413169.0001.PDF,Q00897.01-0000413169.0001.PDF,.pdf,60414,ok,True,False,text,False,21,0,18,False,10,False,10-20,Name | Card/Transaction | Money/Amount,False,Financial Account Information,False,,ambiguous,True,yes,31038,standard,bde_llm_count,False,False,0,0,0,0,0,0,17.415,False,False,True,,True,likely_no,no,16046,False,likely_non_responsive,True,,47084
CNG_Data2k_variance/files/Q00897.01-0000115745.CSV,Q00897.01-0000115745.CSV,.csv,4927,ok,True,True,text,True,0,0,101,False,0,False,100+,Money/Amount,False,Financial Account Information,False,,ambiguous,True,no,8500,likely_non_responsive,roster_by_rowcount bde_llm_count,False,False,0,0,0,0,0,0,7.216,True,False,False,stage1_nr,False,,,0,False,,False,,8500
CNG_Data2k_variance/files/Q00897.01-0000896372.PDF,Q00897.01-0000896372.PDF,.pdf,63586,ok,True,False,text,False,13,0,3,False,0,False,0-10,Name | Address | Phone | Money/Amount | Work-Related,True,Contact Information | Financial Account Information | Work-Related Information,False,,ambiguous,True,yes,14055,standard,,False,False,0,0,0,0,0,0,4.677,False,False,True,,True,clear_yes,yes,14075,False,standard,False,,28130
CNG_Data2k_variance/files/Q00897.01-0000638612.0001.PDF,Q00897.01-0000638612.0001.PDF,.pdf,64526,ok,True,True,text,True,2,0,34,False,1,False,20-50,Name | Money/Amount | Work-Related,True,Financial Account Information | Work-Related Information,False,,ambiguous,True,yes,7309,standard,bde_llm_count,True,True,2,0,0,0,0,1,12.23,False,False,True,,True,clear_yes,yes,4121,False,standard,False,,11430
CNG_Data2k_variance/files/Q00897.01-0000671999.0001.RTF,Q00897.01-0000671999.0001.RTF,.rtf,25348,ok,True,False,text,False,0,0,1,False,0,False,0-10,Phone | Bank/Account Number | Money/Amount,True,Contact Information | Financial Account Information,False,,ambiguous,True,no,3750,likely_non_responsive,,False,False,0,0,0,0,0,0,1.304,True,False,False,stage1_nr,False,,,0,False,,False,,3750
CNG_Data2k_variance/files/Q00897.01-0000696067.MSG,Q00897.01-0000696067.MSG,.msg,182784,ok,True,False,text,False,0,0,20,False,0,False,10-20,Name | Address | Email | Phone,True,Contact Information,False,,ambiguous,True,yes,8021,standard,bde_llm_count,False,False,0,0,0,0,0,0,6.943,False,False,True,,True,likely_no,no,4479,False,likely_non_responsive,True,,12500
CNG_Data2k_variance/files/Q00897.01-0000340709.PDF,Q00897.01-0000340709.PDF,.pdf,171603,ok,True,False,text,False,1,0,3,False,0,False,0-10,Name | Address,True,Contact Information,False,,ambiguous,True,yes,4979,standard,,True,True,1,0,0,0,0,1,52.585,False,False,True,,True,clear_yes,yes,5026,False,standard,False,,10005
CNG_Data2k_variance/files/Q00897.01-0000248674.PDF,Q00897.01-0000248674.PDF,.pdf,206211,ok,True,False,text,False,1,0,1,False,0,False,0-10,Name | Phone | Money/Amount,True,Contact Information | Financial Account Information,False,,ambiguous,True,no,3897,likely_non_responsive,"img_ocr:p1(1/1,+19chars)",False,False,0,1,1,1,0,1,6.009,True,False,False,stage1_nr,False,,,0,False,,False,,3897
CNG_Data2k_variance/files/Q00897.01-0000891642.PDF,Q00897.01-0000891642.PDF,.pdf,30590,ok,True,True,text,True,4,0,110,False,3,False,100+,Name | Address | Phone | Money/Amount | Work-Related,True,Contact Information | Financial Account Information | Work-Related Information,False,,ambiguous,True,yes,11091,standard,bde_llm_count,True,True,4,0,0,0,0,1,13.516,False,False,True,,True,clear_yes,yes,6043,True,structured_bde,False,,17134
CNG_Data2k_variance\files\Q00897.01-0000484151.0001.XLS,Q00897.01-0000484151.0001.XLS,.xls,12117,ok,True,True,text,True,3,0,1,False,0,False,0-10,Phone | Money/Amount,True,Contact Information | Financial Account Information,False,,ambiguous,True,no,6838,likely_non_responsive,bde_llm_count,False,False,0,0,0,0,0,0,2.724,True,False,False,stage1_nr,False,,,0,False,,False,,6838
CNG_Data2k_variance\files\Q00897.01-0000841218.0003.DOC,Q00897.01-0000841218.0003.DOC,.doc,33071,ok,True,False,text,False,0,0,1,False,0,False,0-10,Address | Money/Amount,True,Contact Information | Financial Account Information,False,,ambiguous,True,no,4679,likely_non_responsive,,False,False,0,0,0,0,0,0,3.354,True,False,False,stage1_nr,False,,,0,False,,False,,4679
CNG_Data2k_variance/files/Q00897.01-0000523692.0001.PDF,Q00897.01-0000523692.0001.PDF,.pdf,23215,ok,True,False,text,False,2,0,1,False,0,False,0-10,Phone,True,Contact Information,False,,ambiguous,True,no,3852,likely_non_responsive,,False,False,0,0,0,0,0,0,10.741,True,False,False,stage1_nr,False,,,0,False,,False,,3852
CNG_Data2k_variance/files/Q00897.01-0000248969.PDF,Q00897.01-0000248969.PDF,.pdf,210525,ok,True,False,text,False,1,0,1,False,0,False,0-10,Name | Phone | Money/Amount,True,Contact Information | Financial Account Information,False,,ambiguous,True,no,4361,likely_non_responsive,"img_ocr:p1(1/1,+19chars)",False,False,0,1,1,1,0,1,6.027,True,False,False,stage1_nr,False,,,0,False,,False,,4361
CNG_Data2k_variance/files/Q00897.01-0000319803.XML,Q00897.01-0000319803.XML,.xml,686,ok,True,False,text,False,0,0,1,False,0,False,0-10,Money/Amount,False,Financial Account Information,False,,clear_non_responsive,False,,0,likely_non_responsive,,False,False,0,0,0,0,0,0,0.046,True,False,False,stage1_nr,False,,,0,False,,False,,0
CNG_Data2k_variance/files/Q00897.01-0000642582.MSG,Q00897.01-0000642582.MSG,.msg,22016,ok,True,False,text,False,0,0,0,False,0,False,0-10,,False,,False,,clear_non_responsive,False,,0,likely_non_responsive,,False,False,0,0,0,0,0,0,0.05,True,False,False,stage1_nr,False,,,0,False,,False,,0
CNG_Data2k_variance/files/Q00897.01-0000133012.PDF,Q00897.01-0000133012.PDF,.pdf,5148593,ok,True,True,text,True,15,0,68,False,0,False,50-100,Address | Phone | Money/Amount,True,Contact Information | Financial Account Information,False,,ambiguous,True,no,14623,likely_non_responsive,bde_llm_count,True,True,15,0,0,0,0,1,22.568,True,False,False,stage1_nr,False,,,0,False,,False,,14623
CNG_Data2k_variance/files/Q00897.01-0000669911.MSG,Q00897.01-0000669911.MSG,.msg,185856,ok,True,False,text,False,0,2,3,False,0,False,0-10,Name | Phone,True,Contact Information,False,,ambiguous,True,no,3726,likely_non_responsive,,False,False,0,0,0,0,0,0,1.712,True,False,False,stage1_nr,False,,,0,False,,False,,3726
CNG_Data2k_variance/files/Q00897.01-0000431491.0001.XLSX,Q00897.01-0000431491.0001.XLSX,.xlsx,64315,ok,True,True,text,True,3,0,2574,False,0,False,100+,Money/Amount,False,Financial Account Information,False,,ambiguous,True,no,8304,likely_non_responsive,roster_by_rowcount bde_llm_count,False,False,0,0,0,0,0,0,2.824,True,False,False,stage1_nr,False,,,0,False,,False,,8304
CNG_Data2k_variance/files/Q00897.01-0000128435.PDF,Q00897.01-0000128435.PDF,.pdf,708729,ok,True,True,text,True,4,0,30,False,0,False,20-50,Phone | Money/Amount,True,Contact Information | Financial Account Information,False,,ambiguous,True,no,8217,likely_non_responsive,bde_llm_count,True,True,4,0,0,0,0,1,8.5,True,False,False,stage1_nr,False,,,0,False,,False,,8217
CNG_Data2k_variance/files/Q00897.01-0000656056.0001.XLSX,Q00897.01-0000656056.0001.XLSX,.xlsx,245318,ok,True,True,text,True,11,0,190,False,0,False,100+,,False,,False,,ambiguous,True,no,7517,likely_non_responsive,bde_llm_count,False,False,0,0,0,0,0,0,4.456,True,False,False,stage1_nr,False,,,0,False,,False,,7517
CNG_Data2k_variance/files/Q00897.01-0000888126.PDF,Q00897.01-0000888126.PDF,.pdf,15015,ok,True,False,text,False,1,0,1,False,0,False,0-10,Money/Amount,False,Financial Account Information,False,,clear_non_responsive,False,,0,likely_non_responsive,,False,False,0,0,0,0,0,0,0.086,True,False,False,stage1_nr,False,,,0,False,,False,,0
CNG_Data2k_variance/files/Q00897.01-0000903153.PDF,Q00897.01-0000903153.PDF,.pdf,20435,ok,True,False,text,False,3,0,1,False,0,False,0-10,Name | Address | Phone | Money/Amount,True,Contact Information | Financial Account Information,False,,ambiguous,True,no,5840,likely_non_responsive,,False,False,0,0,0,0,0,0,1.893,True,False,False,stage1_nr,False,,,0,False,,False,,5840
CNG_Data2k_variance/files/Q00897.01-0000439326.0001.PDF,Q00897.01-0000439326.0001.PDF,.pdf,125118,ok,True,False,text,False,1,0,4,False,0,False,0-10,Name | Address | Email | Phone | Money/Amount,True,Contact Information | Financial Account Information,False,,ambiguous,True,yes,4295,standard,,False,False,0,0,0,0,0,0,3.302,False,False,True,,True,clear_yes,yes,4329,False,standard,False,,8624
CNG_Data2k_variance/files/Q00897.01-0000460864.0001.PDF,Q00897.01-0000460864.0001.PDF,.pdf,48557,ok,True,False,text,False,16,0,50,False,18,False,20-50,Name | Address | Card/Transaction | Money/Amount,True,Contact Information | Financial Account Information,False,,ambiguous,True,yes,31534,standard,bde_llm_count,False,False,0,0,0,0,0,0,34.755,False,False,True,,True,likely_no,no,16459,False,likely_non_responsive,True,,47993
CNG_Data2k_variance/files/Q00897.01-0000809338.0001.PDF,Q00897.01-0000809338.0001.PDF,.pdf,101792,ok,True,False,text,False,2,0,1,False,0,False,0-10,Work-Related,False,Work-Related Information,False,,ambiguous,True,no,4519,likely_non_responsive,,False,False,0,0,0,0,0,0,1.454,True,False,False,stage1_nr,False,,,0,False,,False,,4519
CNG_Data2k_variance/files/Q00897.01-0000592254.0001.PDF,Q00897.01-0000592254.0001.PDF,.pdf,129668,ok,True,False,text,False,1,0,0,False,0,False,0-10,,False,,False,,clear_non_responsive,False,,0,likely_non_responsive,,False,False,0,0,0,0,0,0,0.229,True,False,False,stage1_nr,False,,,0,False,,False,,0
CNG_Data2k_variance/files/Q00897.01-0000002023.PDF,Q00897.01-0000002023.PDF,.pdf,728439,ok,True,False,text,False,3,0,3,False,0,False,0-10,Name | Money/Amount | Work-Related,True,Financial Account Information | Work-Related Information,False,,ambiguous,True,yes,4729,standard,,False,False,0,0,0,0,0,0,4.724,False,False,True,,True,likely_yes,yes,4783,False,standard,False,,9512
CNG_Data2k_variance/files/Q00897.01-0000881364.XLSX,Q00897.01-0000881364.XLSX,.xlsx,35413,ok,True,True,text,True,1,0,223,False,0,False,100+,Address | Payment Card | Money/Amount,True,Contact Information | Financial Account Information,False,,ambiguous,True,yes,14424,standard,roster_by_rowcount bde_llm_count,False,False,0,0,0,0,0,0,4.869,False,False,True,,True,clear_no,no,7658,True,likely_non_responsive,True,,22082
CNG_Data2k_variance/files/Q00897.01-0000655875.MSG,Q00897.01-0000655875.MSG,.msg,305664,ok,True,False,text,False,0,2,5,False,0,False,0-10,Name | Address | Email | Phone,True,Contact Information,False,,ambiguous,True,no,4075,likely_non_responsive,,False,False,0,0,0,0,0,0,1.978,True,False,False,stage1_nr,False,,,0,False,,False,,4075
CNG_Data2k_variance/files/Q00897.01-0000447752.0001.XLSX,Q00897.01-0000447752.0001.XLSX,.xlsx,421206,ok,True,True,text,True,17,0,51,False,0,False,50-100,Phone | Payment Card | Bank/Account Number | Money/Amount,True,Contact Information | Financial Account Information,False,,ambiguous,True,no,10123,likely_non_responsive,bde_llm_count,False,False,0,0,0,0,0,0,3.661,True,False,False,stage1_nr,False,,,0,False,,False,,10123
CNG_Data2k_variance/files/Q00897.01-0000788180.0002.DOCX,Q00897.01-0000788180.0002.DOCX,.docx,47781,ok,True,False,text,False,0,0,4,False,0,False,0-10,Name | Money/Amount,True,Financial Account Information,False,,ambiguous,True,yes,6664,standard,,False,False,0,0,0,0,0,0,4.013,False,False,True,,True,borderline,no,6725,False,likely_non_responsive,True,,13389
CNG_Data2k_variance/files/Q00897.01-0000859615.PDF,Q00897.01-0000859615.PDF,.pdf,810733,ok,True,True,text,True,4,0,64,False,2,False,50-100,Name | Address | Email | SSN | Money/Amount | Health | Work-Related,True,Contact Information | Government-Issued Identification | Financial Account Information | Health-Related Information | Work-Related Information,False,,clear_responsive,False,,5762,standard,bde_llm_count,True,True,4,0,0,0,0,1,13.272,False,False,True,,True,clear_yes,yes,6587,True,structured_bde,False,,12349
CNG_Data2k_variance/files/Q00897.01-0000912028.PDF,Q00897.01-0000912028.PDF,.pdf,379211,ok,True,False,text,False,47,0,0,False,0,False,0-10,,False,,False,,clear_non_responsive,False,,0,likely_non_responsive,,False,False,0,0,0,0,0,0,6.142,True,False,False,stage1_nr,False,,,0,False,,False,,0
CNG_Data2k_variance/files/Q00897.01-0000675480.MSG,Q00897.01-0000675480.MSG,.msg,422912,ok,True,False,text,False,0,4,3,False,0,False,0-10,Name | Address | Email | Phone,True,Contact Information,False,,ambiguous,True,yes,5464,standard,,False,False,0,0,0,0,0,0,3.769,False,False,True,,True,likely_yes,yes,5546,False,standard,False,,11010
CNG_Data2k_variance/files/Q00897.01-0000611817.0001.PDF,Q00897.01-0000611817.0001.PDF,.pdf,5380206,ok,True,False,text,False,16,0,13,False,13,False,10-20,Name | Address | Phone | Card Expiry/CVV | Card/Transaction | Money/Amount,True,Contact Information | Financial Account Information,False,,ambiguous,True,yes,18242,standard,"img_ocr:p1,p3,p3,p15,p15,p15,p15(7/20,+892chars) bde_llm_count",False,False,0,20,20,7,0,20,104.438,False,False,True,,True,likely_yes,yes,9648,False,standard,False,,27890
CNG_Data2k_variance/files/Q00897.01-0000346830.PDF,Q00897.01-0000346830.PDF,.pdf,20890,ok,True,False,text,False,3,0,1,False,0,False,0-10,Address | Money/Amount,True,Contact Information | Financial Account Information,False,,ambiguous,True,yes,4900,standard,,False,False,0,0,0,0,0,0,5.888,False,False,True,,True,clear_yes,yes,4926,False,standard,False,,9826
CNG_Data2k_variance/files/Q00897.01-0000896881.PDF,Q00897.01-0000896881.PDF,.pdf,16331,ok,True,False,text,False,2,0,1,False,0,False,0-10,Money/Amount,False,Financial Account Information,False,,clear_non_responsive,False,,0,likely_non_responsive,,False,False,0,0,0,0,0,0,0.116,True,False,False,stage1_nr,False,,,0,False,,False,,0
CNG_Data2k_variance/files/Q00897.01-0000842950.0001.PDF,Q00897.01-0000842950.0001.PDF,.pdf,453507,ok,True,False,text,False,4,0,1,False,0,False,0-10,Address | Phone | Money/Amount,True,Contact Information | Financial Account Information,False,,ambiguous,True,no,5639,likely_non_responsive,,False,False,0,0,0,0,0,0,1.944,True,False,False,stage1_nr,False,,,0,False,,False,,5639
CNG_Data2k_variance/files/Q00897.01-0000664833.MSG,Q00897.01-0000664833.MSG,.msg,144896,ok,True,False,text,False,0,3,9,False,3,False,0-10,Name | Address | Email | Phone | Money/Amount,True,Contact Information | Financial Account Information,False,,ambiguous,True,no,7656,likely_non_responsive,bde_llm_count,False,False,0,0,0,0,0,0,4.169,True,False,False,stage1_nr,False,,,0,False,,False,,7656
CNG_Data2k_variance/files/Q00897.01-0000134280.PDF,Q00897.01-0000134280.PDF,.pdf,628603,ok,True,True,text,True,4,0,45,False,0,False,20-50,Phone | Money/Amount,True,Contact Information | Financial Account Information,False,,ambiguous,True,no,8920,likely_non_responsive,bde_llm_count,True,True,4,0,0,0,0,1,15.668,True,False,False,stage1_nr,False,,,0,False,,False,,8920
CNG_Data2k_variance/files/Q00897.01-0000012493.PDF,Q00897.01-0000012493.PDF,.pdf,2444830,ok,True,False,text,False,1,0,2,False,0,False,0-10,Name | Address | Email | Phone | SSN | Money/Amount | Work-Related,True,Contact Information | Government-Issued Identification | Financial Account Information | Work-Related Information,False,,clear_responsive,False,,0,standard,,False,False,0,0,0,0,0,0,2.315,False,False,True,,True,clear_yes,yes,4189,False,standard,False,,4189
CNG_Data2k_variance/files/Q00897.01-0000616784.MSG,Q00897.01-0000616784.MSG,.msg,228864,ok,True,False,text,False,0,4,3,False,0,False,0-10,Name | Address | Email | Phone | Credentials,True,Contact Information | Access Credentials,False,,ambiguous,True,yes,5397,standard,,False,False,0,0,0,0,0,0,5.77,False,False,True,,True,likely_yes,yes,5461,False,standard,False,,10858
CNG_Data2k_variance/files/Q00897.01-0000598444.0001.CSV,Q00897.01-0000598444.0001.CSV,.csv,9263710,ok,True,True,text,True,0,0,44782,False,0,False,100+,Money/Amount,False,Financial Account Information,False,,ambiguous,True,no,15767,likely_non_responsive,roster_by_rowcount bde_llm_count,False,False,0,0,0,0,0,0,4.822,True,False,False,stage1_nr,False,,,0,False,,False,,15767
CNG_Data2k_variance/files/Q00897.01-0000905102.PDF,Q00897.01-0000905102.PDF,.pdf,15715,ok,True,False,text,False,2,0,1,False,0,False,0-10,Money/Amount,False,Financial Account Information,False,,clear_non_responsive,False,,0,likely_non_responsive,,False,False,0,0,0,0,0,0,0.096,True,False,False,stage1_nr,False,,,0,False,,False,,0
CNG_Data2k_variance/files/Q00897.01-0000480447.MSG,Q00897.01-0000480447.MSG,.msg,87552,ok,True,False,text,False,0,0,2,False,0,False,0-10,Name | Address | Email | Phone | Money/Amount,True,Contact Information | Financial Account Information,False,,ambiguous,True,yes,4568,standard,,False,False,0,0,0,0,0,0,9.301,False,False,True,,True,likely_no,no,4656,False,likely_non_responsive,True,,9224
CNG_Data2k_variance/files/Q00897.01-0000294799.PDF,Q00897.01-0000294799.PDF,.pdf,818825,ok,True,True,text,True,6,0,134,False,2,True,100+,Name | Address | Phone | Account Balance | Money/Amount,True,Contact Information | Financial Account Information,True,,ambiguous,True,yes,11516,structured_bde,bde_llm_count_roster,True,True,6,0,0,0,0,1,21.409,False,True,True,,True,likely_yes,yes,6181,True,structured_bde,False,,17697
CNG_Data2k_variance/files/Q00897.01-0000119702.0026.PDF,Q00897.01-0000119702.0026.PDF,.pdf,57482,ok,True,False,text,False,1,0,2,False,0,False,0-10,Phone,True,Contact Information,False,,ambiguous,True,no,3925,likely_non_responsive,,False,False,0,0,0,0,0,0,3.341,True,False,False,stage1_nr,False,,,0,False,,False,,3925
CNG_Data2k_variance/files/Q00897.01-0000645988.0002.PDF,Q00897.01-0000645988.0002.PDF,.pdf,174142,ok,True,False,text,False,1,0,1,False,0,False,0-10,Health,False,Health-Related Information,False,,ambiguous,True,no,3998,likely_non_responsive,"img_ocr:none(1 calls,0 chars)",False,False,0,1,1,0,0,1,7.123,True,False,False,stage1_nr,False,,,0,False,,False,,3998
CNG_Data2k_variance/files/Q00897.01-0000268919.PDF,Q00897.01-0000268919.PDF,.pdf,237351,ok,True,True,text,True,15,0,124,False,0,False,100+,Name | Money/Amount,False,Financial Account Information,False,,ambiguous,True,yes,14679,standard,bde_llm_count,True,True,15,0,0,0,0,1,20.262,False,False,True,,True,likely_no,no,7784,True,likely_non_responsive,True,,22463
CNG_Data2k_variance/files/Q00897.01-0000705658.MSG,Q00897.01-0000705658.MSG,.msg,157696,ok,True,False,text,False,0,0,1,False,0,False,0-10,Name | Address,True,Contact Information,False,,ambiguous,True,yes,4025,standard,,False,False,0,0,0,0,0,0,4.061,False,False,True,,True,borderline,no,4098,False,likely_non_responsive,True,,8123
CNG_Data2k_variance/files/Q00897.01-0000788968.MSG,Q00897.01-0000788968.MSG,.msg,140288,ok,True,False,text,False,0,0,5,False,0,False,0-10,Name | Address | Email | Phone | Money/Amount,True,Contact Information | Financial Account Information,False,,ambiguous,True,yes,4926,standard,,False,False,0,0,0,0,0,0,3.992,False,False,True,,True,likely_no,no,4986,False,likely_non_responsive,True,,9912
CNG_Data2k_variance/files/Q00897.01-0000375571.MSG,Q00897.01-0000375571.MSG,.msg,172032,ok,True,False,text,False,0,0,1,False,0,False,0-10,Address | Money/Amount,True,Contact Information | Financial Account Information,False,,ambiguous,True,no,3918,likely_non_responsive,,False,False,0,0,0,0,0,0,2.098,True,False,False,stage1_nr,False,,,0,False,,False,,3918
CNG_Data2k_variance/files/Q00897.01-0000819611.MSG,Q00897.01-0000819611.MSG,.msg,47616,ok,True,False,text,False,0,0,11,False,2,False,10-20,Name | Address | Email | Phone,True,Contact Information,False,,ambiguous,True,yes,14990,standard,bde_llm_count,False,False,0,0,0,0,0,0,6.17,False,False,True,,True,likely_no,no,7933,False,likely_non_responsive,True,,22923
CNG_Data2k_variance/files/Q00897.01-0000032104.PDF,Q00897.01-0000032104.PDF,.pdf,401210,ok,True,True,text,True,2,0,17,False,1,False,10-20,Address | Phone | Bank/Account Number | Money/Amount,True,Contact Information | Financial Account Information,False,,ambiguous,True,no,8245,likely_non_responsive,bde_llm_count,True,True,2,0,0,0,0,1,11.594,True,False,False,stage1_nr,False,,,0,False,,False,,8245
CNG_Data2k_variance/files/Q00897.01-0000484068.MSG,Q00897.01-0000484068.MSG,.msg,38400,ok,True,False,text,False,0,0,11,False,6,False,10-20,Name | Email | Money/Amount | Work-Related,True,Contact Information | Financial Account Information | Work-Related Information,False,,ambiguous,True,yes,9166,standard,bde_llm_count,False,False,0,0,0,0,0,0,15.582,False,False,True,,True,likely_no,no,5036,False,likely_non_responsive,True,,14202
CNG_Data2k_variance/files/Q00897.01-0000671279.MSG,Q00897.01-0000671279.MSG,.msg,1673216,ok,True,False,text,False,0,1,5,False,0,False,0-10,Name | Address | Email | Phone | Money/Amount,True,Contact Information | Financial Account Information,False,,ambiguous,True,no,4052,likely_non_responsive,,False,False,0,0,0,0,0,0,1.869,True,False,False,stage1_nr,False,,,0,False,,False,,4052
CNG_Data2k_variance/files/Q00897.01-0000345565.PDF,Q00897.01-0000345565.PDF,.pdf,30907,ok,True,False,text,False,7,0,1,False,0,False,0-10,Address | Money/Amount,True,Contact Information | Financial Account Information,False,,ambiguous,True,yes,6679,standard,,False,False,0,0,0,0,0,0,4.369,False,False,True,,True,clear_yes,yes,6709,False,standard,False,,13388
CNG_Data2k_variance/files/Q00897.01-0000009020.PDF,Q00897.01-0000009020.PDF,.pdf,795990,ok,True,False,text,False,5,0,2,False,0,False,0-10,Name | Money/Amount | Work-Related,False,Financial Account Information | Work-Related Information,False,,ambiguous,True,yes,12962,standard,"img_ocr:none(2 calls,0 chars)",False,False,0,2,2,0,0,2,16.166,False,False,True,,True,clear_yes,yes,13032,False,standard,False,,25994
CNG_Data2k_variance/files/Q00897.01-0000804234.MSG,Q00897.01-0000804234.MSG,.msg,70656,ok,True,False,text,False,0,3,10,False,11,False,0-10,Name | Address | Email | Phone | Money/Amount | Demographic,True,Contact Information | Financial Account Information | Demographic Information,False,,ambiguous,True,no,11506,likely_non_responsive,bde_llm_count,False,False,0,0,0,0,0,0,4.819,True,False,False,stage1_nr,False,,,0,False,,False,,11506
CNG_Data2k_variance/files/Q00897.01-0000248382.PDF,Q00897.01-0000248382.PDF,.pdf,181486,ok,True,True,text,True,6,0,97,False,0,False,50-100,Name | Address | Phone | Bank/Account Number | Money/Amount,True,Contact Information | Financial Account Information,False,,ambiguous,True,yes,12508,standard,bde_llm_count,True,True,6,0,0,0,0,1,15.451,False,False,True,,True,clear_no,no,6720,True,likely_non_responsive,True,,19228
CNG_Data2k_variance/files/Q00897.01-0000122117.TXT,Q00897.01-0000122117.TXT,.txt,11095,ok,True,False,text,False,0,0,1,False,0,False,0-10,Money/Amount,False,Financial Account Information,False,,clear_non_responsive,False,,0,likely_non_responsive,,False,False,0,0,0,0,0,0,0.032,True,False,False,stage1_nr,False,,,0,False,,False,,0
CNG_Data2k_variance/files/Q00897.01-0000819291.0001.PDF,Q00897.01-0000819291.0001.PDF,.pdf,28736,ok,True,False,text,False,1,0,4,False,0,False,0-10,Name | Address | Email | Phone | Money/Amount,True,Contact Information | Financial Account Information,False,,ambiguous,True,no,4104,likely_non_responsive,,True,True,1,0,0,0,0,1,5.59,True,False,False,stage1_nr,False,,,0,False,,False,,4104
CNG_Data2k_variance/files/Q00897.01-0000112542.PDF,Q00897.01-0000112542.PDF,.pdf,29585,ok,True,False,text,False,1,0,1,False,0,False,0-10,Name | Address | Phone,True,Contact Information,False,,ambiguous,True,yes,4544,standard,"img_ocr:none(1 calls,0 chars)",False,False,0,1,1,0,0,1,14.858,False,False,True,,True,clear_yes,yes,4603,False,standard,False,,9147
CNG_Data2k_variance/files/Q00897.01-0000869549.PDF,Q00897.01-0000869549.PDF,.pdf,26891,ok,True,False,text,False,1,0,1,False,0,False,0-10,Name | Address | Phone | Money/Amount,True,Contact Information | Financial Account Information,False,,ambiguous,True,no,4351,likely_non_responsive,,False,False,0,0,0,0,0,0,1.402,True,False,False,stage1_nr,False,,,0,False,,False,,4351
CNG_Data2k_variance/files/Q00897.01-0000137012.PDF,Q00897.01-0000137012.PDF,.pdf,11094612,ok,True,True,text,True,15,0,272,False,0,False,100+,Name | Address | Email | Phone | Money/Amount,True,Contact Information | Financial Account Information,False,,ambiguous,True,yes,22471,standard,bde_llm_count,True,True,15,0,0,0,0,1,27.431,False,False,True,,True,likely_no,no,11619,True,likely_non_responsive,True,,34090
CNG_Data2k_variance/files/Q00897.01-0000691537.MSG,Q00897.01-0000691537.MSG,.msg,207360,ok,True,False,text,False,0,0,1,False,0,False,0-10,Account Balance,False,Financial Account Information,False,,ambiguous,True,no,4248,likely_non_responsive,,False,False,0,0,0,0,0,0,3.853,True,False,False,stage1_nr,False,,,0,False,,False,,4248
CNG_Data2k_variance/files/Q00897.01-0000846307.MSG,Q00897.01-0000846307.MSG,.msg,200192,ok,True,False,text,False,0,3,7,False,6,False,0-10,Name | Address | Email | Phone,True,Contact Information,False,,ambiguous,True,yes,9160,standard,bde_llm_count,False,False,0,0,0,0,0,0,6.217,False,False,True,,True,likely_no,no,5024,False,likely_non_responsive,True,,14184
CNG_Data2k_variance/files/Q00897.01-0000323777.XLSX,Q00897.01-0000323777.XLSX,.xlsx,46202,ok,True,True,text,True,2,0,140,False,4,True,100+,Name | Money/Amount,False,Financial Account Information,True,,ambiguous,True,yes,8160,structured_bde,bde_llm_count_roster,False,False,0,0,0,0,0,0,11.412,False,True,True,,True,likely_no,no,4536,True,likely_non_responsive,True,,12696
CNG_Data2k_variance/files/Q00897.01-0000845103.0002.PDF,Q00897.01-0000845103.0002.PDF,.pdf,158947,ok,True,False,text,False,49,0,2,False,0,False,0-10,Name | Address | Phone | Money/Amount | Health | Work-Related,True,Contact Information | Financial Account Information | Health-Related Information | Work-Related Information,False,,ambiguous,True,no,8428,likely_non_responsive,,False,False,0,0,0,0,0,0,2.987,True,False,False,stage1_nr,False,,,0,False,,False,,8428
CNG_Data2k_variance/files/Q00897.01-0000704977.MSG,Q00897.01-0000704977.MSG,.msg,275456,ok,True,False,text,False,0,0,6,False,0,False,0-10,Address | Email | Money/Amount,True,Contact Information | Financial Account Information,False,,ambiguous,True,no,5112,likely_non_responsive,,False,False,0,0,0,0,0,0,3.353,True,False,False,stage1_nr,False,,,0,False,,False,,5112
CNG_Data2k_variance/files/Q00897.01-0000438944.0001.DOCX,Q00897.01-0000438944.0001.DOCX,.docx,36514,ok,True,False,text,False,0,0,1,False,0,False,0-10,Name,False,,False,,ambiguous,True,no,3718,likely_non_responsive,,False,False,0,0,0,0,0,0,1.904,True,False,False,stage1_nr,False,,,0,False,,False,,3718
CNG_Data2k_variance/files/Q00897.01-0000777737.0001.DOCX,Q00897.01-0000777737.0001.DOCX,.docx,59033,ok,True,False,text,False,0,0,1,False,0,False,0-10,Money/Amount,False,Financial Account Information,False,,clear_non_responsive,False,,0,likely_non_responsive,,False,False,0,0,0,0,0,0,0.09,True,False,False,stage1_nr,False,,,0,False,,False,,0
CNG_Data2k_variance/files/Q00897.01-0000139431.XLSX,Q00897.01-0000139431.XLSX,.xlsx,13799,ok,True,True,text,True,3,0,0,False,0,False,0-10,Address | Card/Transaction | Money/Amount,True,Contact Information | Financial Account Information,False,,ambiguous,True,no,6739,structured_unreadable,bde_llm_count,False,False,0,0,0,0,0,0,8.792,False,False,True,,True,clear_no,no,3846,False,likely_non_responsive,True,,10585
CNG_Data2k_variance/files/Q00897.01-0000842896.MSG,Q00897.01-0000842896.MSG,.msg,179712,ok,True,False,text,False,0,2,4,False,0,False,0-10,Name | Address | Email | Phone | Health,True,Contact Information | Health-Related Information,False,,ambiguous,True,yes,4590,standard,,False,False,0,0,0,0,0,0,3.442,False,False,True,,True,likely_no,no,4638,False,likely_non_responsive,True,,9228
CNG_Data2k_variance/files/Q00897.01-0000894399.PDF,Q00897.01-0000894399.PDF,.pdf,25220,ok,True,True,text,True,1,0,23,False,1,False,20-50,Name | Address | Phone | Money/Amount | Work-Related,True,Contact Information | Financial Account Information | Work-Related Information,False,,ambiguous,True,yes,7698,standard,bde_llm_count,True,True,1,0,0,0,0,1,11.322,False,False,True,,True,clear_yes,yes,4296,False,standard,False,,11994
CNG_Data2k_variance\files\Q00897.01-0000851670.XLS,Q00897.01-0000851670.XLS,.xls,22503,ok,True,True,text,True,1,0,66,False,0,False,50-100,Money/Amount,False,Financial Account Information,False,,ambiguous,True,no,7270,likely_non_responsive,roster_by_rowcount bde_llm_count,False,False,0,0,0,0,0,0,3.57,True,False,False,stage1_nr,False,,,0,False,,False,,7270
CNG_Data2k_variance/files/Q00897.01-0000288794.PDF,Q00897.01-0000288794.PDF,.pdf,3702452,ok,True,False,text,False,5,0,1,False,0,False,0-10,Money/Amount,False,Financial Account Information,False,,clear_non_responsive,False,,0,likely_non_responsive,"img_ocr:p2,p4(2/2,+36chars)",False,False,0,2,2,2,0,2,13.055,True,False,False,stage1_nr,False,,,0,False,,False,,0
CNG_Data2k_variance/files/Q00897.01-0000544330.0001.PDF,Q00897.01-0000544330.0001.PDF,.pdf,22560,ok,True,False,text,False,1,0,1,False,0,False,0-10,Money/Amount,False,Financial Account Information,False,,clear_non_responsive,False,,0,likely_non_responsive,,False,False,0,0,0,0,0,0,0.035,True,False,False,stage1_nr,False,,,0,False,,False,,0
CNG_Data2k_variance/files/Q00897.01-0000344646.PDF,Q00897.01-0000344646.PDF,.pdf,12247,ok,True,False,text,False,2,0,1,False,0,False,0-10,Money/Amount,False,Financial Account Information,False,,clear_non_responsive,False,,0,likely_non_responsive,,False,False,0,0,0,0,0,0,0.138,True,False,False,stage1_nr,False,,,0,False,,False,,0
CNG_Data2k_variance/files/Q00897.01-0000734021.MSG,Q00897.01-0000734021.MSG,.msg,171008,ok,True,False,text,False,0,0,1,False,0,False,0-10,Name | Address | Card/Transaction | Money/Amount,True,Contact Information | Financial Account Information,False,,ambiguous,True,yes,3966,standard,,False,False,0,0,0,0,0,0,4.034,False,False,True,,True,likely_no,no,4027,False,likely_non_responsive,True,,7993
CNG_Data2k_variance/files/Q00897.01-0000515746.MSG,Q00897.01-0000515746.MSG,.msg,249344,ok,True,False,text,False,0,9,12,False,10,False,10-20,Name | Address | Email | Phone,True,Contact Information,False,,ambiguous,True,yes,14786,standard,bde_llm_count,False,False,0,0,0,0,0,0,15.47,False,False,True,,True,likely_no,no,7856,False,likely_non_responsive,True,,22642
CNG_Data2k_variance/files/Q00897.01-0000129575.PDF,Q00897.01-0000129575.PDF,.pdf,2883805,ok,True,True,text,True,15,0,103,False,0,False,100+,Name | Phone | Money/Amount,True,Contact Information | Financial Account Information,False,,ambiguous,True,yes,14633,standard,bde_llm_count,True,True,15,0,0,0,0,1,17.741,False,False,True,,True,borderline,no,7774,True,likely_non_responsive,True,,22407
CNG_Data2k_variance/files/Q00897.01-0000652490.MSG,Q00897.01-0000652490.MSG,.msg,125952,ok,True,False,text,False,0,0,0,False,0,False,0-10,,False,,False,,clear_non_responsive,False,,0,likely_non_responsive,,False,False,0,0,0,0,0,0,0.162,True,False,False,stage1_nr,False,,,0,False,,False,,0
CNG_Data2k_variance/files/Q00897.01-0000707577.MSG,Q00897.01-0000707577.MSG,.msg,138752,ok,True,False,text,False,0,0,1,False,0,False,0-10,Name | Address | Phone,True,Contact Information,False,,ambiguous,True,yes,4032,standard,,False,False,0,0,0,0,0,0,3.682,False,False,True,,True,borderline,no,4099,False,likely_non_responsive,True,,8131
CNG_Data2k_variance/files/Q00897.01-0000279086.PDF,Q00897.01-0000279086.PDF,.pdf,1462942,ok,True,True,text,True,6,0,24,False,4,False,20-50,Name | Address | Email | Phone | SSN | Tax ID | Card/Transaction | Money/Amount,True,Contact Information | Government-Issued Identification | Financial Account Information,False,,clear_responsive,False,,4592,standard,bde_llm_count,True,True,6,0,0,0,0,1,10.652,False,False,True,,True,likely_yes,yes,5466,False,standard,False,,10058
CNG_Data2k_variance/files/Q00897.01-0000014462.XLSX,Q00897.01-0000014462.XLSX,.xlsx,29358,ok,True,True,text,True,3,0,151,False,151,True,100+,Name | Address | Money/Amount | Credentials | Work-Related,True,Contact Information | Financial Account Information | Access Credentials | Work-Related Information,True,,ambiguous,True,yes,7661,structured_bde,roster_by_rowcount bde_llm_count_roster,False,False,0,0,0,0,0,0,7.559,False,True,True,,True,likely_yes,yes,4310,True,structured_bde,False,,11971
CNG_Data2k_variance/files/Q00897.01-0000242096.XLSX,Q00897.01-0000242096.XLSX,.xlsx,18939,ok,True,True,text,True,2,0,5,False,0,False,0-10,Name | Address | Phone | Money/Amount,True,Contact Information | Financial Account Information,False,,ambiguous,True,no,7781,likely_non_responsive,bde_llm_count,False,False,0,0,0,0,0,0,2.672,True,False,False,stage1_nr,False,,,0,False,,False,,7781
CNG_Data2k_variance/files/Q00897.01-0000891229.PDF,Q00897.01-0000891229.PDF,.pdf,11872,ok,True,False,text,False,1,0,1,False,0,False,0-10,Phone,True,Contact Information,False,,ambiguous,True,yes,3830,standard,,False,False,0,0,0,0,0,0,3.183,False,False,True,,True,borderline,no,3903,False,likely_non_responsive,True,,7733
CNG_Data2k_variance/files/Q00897.01-0000906839.PDF,Q00897.01-0000906839.PDF,.pdf,3563610,ok,True,True,text,True,15,0,359,False,10,False,100+,Name | Address | Phone | SSN | Money/Amount | Work-Related,True,Contact Information | Government-Issued Identification | Financial Account Information | Work-Related Information,False,,clear_responsive,False,,12007,standard,bde_llm_count,True,True,15,0,0,0,0,1,40.283,False,False,True,,True,clear_yes,yes,12993,True,structured_bde,False,,25000
CNG_Data2k_variance/files/Q00897.01-0000554886.MSG,Q00897.01-0000554886.MSG,.msg,116224,ok,True,False,text,False,0,0,10,False,9,False,0-10,Name | Email | Phone | Money/Amount,True,Contact Information | Financial Account Information,False,,ambiguous,True,yes,8347,standard,bde_llm_count,False,False,0,0,0,0,0,0,29.014,False,False,True,,True,clear_no,no,4640,False,likely_non_responsive,True,,12987
CNG_Data2k_variance/files/Q00897.01-0000324992.HTM,Q00897.01-0000324992.HTM,.htm,28831,ok,True,False,text,False,0,0,1,False,0,False,0-10,Money/Amount,False,Financial Account Information,False,,clear_non_responsive,False,,0,likely_non_responsive,,False,False,0,0,0,0,0,0,0.04,True,False,False,stage1_nr,False,,,0,False,,False,,0
CNG_Data2k_variance/files/Q00897.01-0000915324.PDF,Q00897.01-0000915324.PDF,.pdf,201670,ok,True,False,text,False,1,0,5,False,0,False,0-10,Name | Phone | Money/Amount,True,Contact Information | Financial Account Information,False,,ambiguous,True,yes,4532,standard,,False,False,0,0,0,0,0,0,3.489,False,False,True,,True,clear_no,no,4574,False,likely_non_responsive,True,,9106
CNG_Data2k_variance/files/Q00897.01-0000815780.MSG,Q00897.01-0000815780.MSG,.msg,44032,error,False,False,,False,0,0,0,False,0,False,,,False,,False,,,False,,0,review_error,MalformedRtf,False,False,0,0,0,0,0,0,0.236,False,False,False,extract_error,False,,,0,False,,False,,0
CNG_Data2k_variance/files/Q00897.01-0000459088.MSG,Q00897.01-0000459088.MSG,.msg,232960,ok,True,False,text,False,0,0,5,False,0,False,0-10,Name | Address | Email | Phone | Money/Amount,True,Contact Information | Financial Account Information,False,,ambiguous,True,yes,5323,standard,,False,False,0,0,0,0,0,0,4.051,False,False,True,,True,likely_yes,yes,5369,False,standard,False,,10692
CNG_Data2k_variance/files/Q00897.01-0000344885.PDF,Q00897.01-0000344885.PDF,.pdf,13486,ok,True,False,text,False,2,0,1,False,0,False,0-10,Money/Amount,False,Financial Account Information,False,,clear_non_responsive,False,,0,likely_non_responsive,,False,False,0,0,0,0,0,0,0.168,True,False,False,stage1_nr,False,,,0,False,,False,,0
CNG_Data2k_variance/files/Q00897.01-0000389548.MSG,Q00897.01-0000389548.MSG,.msg,86016,ok,True,False,text,False,0,0,1,False,0,False,0-10,Name | Email | Card/Transaction | Money/Amount,True,Contact Information | Financial Account Information,False,,ambiguous,True,yes,4683,standard,,False,False,0,0,0,0,0,0,4.074,False,False,True,,True,likely_no,no,4735,False,likely_non_responsive,True,,9418
CNG_Data2k_variance/files/Q00897.01-0000658865.MSG,Q00897.01-0000658865.MSG,.msg,795648,ok,True,False,text,False,0,5,9,False,7,False,0-10,Name | Address | Email | Phone,True,Contact Information,False,,ambiguous,True,yes,10478,standard,bde_llm_count,False,False,0,0,0,0,0,0,9.212,False,False,True,,True,likely_no,no,5672,False,likely_non_responsive,True,,16150
CNG_Data2k_variance/files/Q00897.01-0000343551.XLSX,Q00897.01-0000343551.XLSX,.xlsx,2979036,ok,True,True,text,True,1,0,11874,False,11874,True,100+,Address | SSN | Money/Amount,True,Contact Information | Government-Issued Identification | Financial Account Information,True,,clear_responsive,False,,11241,structured_bde,bde_llm_count_roster,False,False,0,0,0,0,0,0,7.607,False,True,True,,True,clear_yes,yes,12166,True,structured_bde,False,,23407
CNG_Data2k_variance/files/Q00897.01-0000849085.MSG,Q00897.01-0000849085.MSG,.msg,229888,error,False,False,,False,0,0,0,False,0,False,,,False,,False,,,False,,0,review_error,MalformedRtf,False,False,0,0,0,0,0,0,0.698,False,False,False,extract_error,False,,,0,False,,False,,0
CNG_Data2k_variance/files/Q00897.01-0000431365.0010.PDF,Q00897.01-0000431365.0010.PDF,.pdf,1820841,ok,True,False,text,False,10,0,3,False,0,False,0-10,Name | Address | Email | Phone | Money/Amount | Health,True,Contact Information | Financial Account Information | Health-Related Information,False,,ambiguous,True,yes,6723,standard,"img_ocr:p4,p4,p4,p4,p4,p4,p4,p4,p4,p4,p4,p4,p4,p4,p4,p6,p6,p6,p6,p6,p6,p6,p6,p6,p6,p8,p8,p8,p8,p8,p8,p8,p8,p9,p9,p9,p9,p9,p9,p9,p9,p9,p9,p9,p9,p9,p9,p9(48/51,+4476chars)",False,False,0,51,51,48,0,51,218.452,False,False,True,,True,likely_no,no,6792,False,likely_non_responsive,True,,13515
CNG_Data2k_variance/files/Q00897.01-0000363983.MSG,Q00897.01-0000363983.MSG,.msg,295424,ok,True,False,text,False,0,0,1,False,0,False,0-10,Name | Address | Email | Phone | Card Expiry/CVV | Card/Transaction | Money/Amount,True,Contact Information | Financial Account Information,False,,ambiguous,True,yes,5743,standard,,False,False,0,0,0,0,0,0,5.245,False,False,True,,True,likely_no,no,5806,False,likely_non_responsive,True,,11549
CNG_Data2k_variance/files/Q00897.01-0000895088.PDF,Q00897.01-0000895088.PDF,.pdf,56117,ok,True,False,text,False,9,0,2,False,0,False,0-10,Name | Address | Email | Phone | Card Expiry/CVV | Money/Amount | Family | Work-Related,True,Contact Information | Financial Account Information | Family Information | Work-Related Information,False,,ambiguous,True,yes,7198,standard,,False,False,0,0,0,0,0,0,4.639,False,False,True,,True,clear_yes,yes,7201,False,standard,False,,14399
CNG_Data2k_variance/files/Q00897.01-0000677079.MSG,Q00897.01-0000677079.MSG,.msg,212480,ok,True,False,text,False,0,0,2,False,0,False,0-10,Name | Phone,True,Contact Information,False,,ambiguous,True,no,5594,likely_non_responsive,,False,False,0,0,0,0,0,0,2.918,True,False,False,stage1_nr,False,,,0,False,,False,,5594
CNG_Data2k_variance/files/Q00897.01-0000022192.XLSX,Q00897.01-0000022192.XLSX,.xlsx,35022,ok,True,True,text,True,6,0,307,False,307,True,100+,Money/Amount | Credentials | Work-Related,False,Financial Account Information | Access Credentials | Work-Related Information,True,,ambiguous,True,yes,7581,structured_bde,roster_by_rowcount bde_llm_count_roster,False,False,0,0,0,0,0,0,12.203,False,True,True,,True,likely_yes,yes,4263,True,structured_bde,False,,11844
CNG_Data2k_variance/files/Q00897.01-0000253315.XLSX,Q00897.01-0000253315.XLSX,.xlsx,29078,ok,True,True,text,True,1,0,94,False,0,False,50-100,Name | Address | Phone | Money/Amount,True,Contact Information | Financial Account Information,False,,ambiguous,True,no,8037,likely_non_responsive,roster_by_rowcount bde_llm_count,False,False,0,0,0,0,0,0,4.109,True,False,False,stage1_nr,False,,,0,False,,False,,8037
CNG_Data2k_variance/files/Q00897.01-0000485139.MSG,Q00897.01-0000485139.MSG,.msg,29184,ok,True,False,text,False,0,0,1,False,0,False,0-10,Name | Money/Amount | Work-Related,False,Financial Account Information | Work-Related Information,False,,ambiguous,True,yes,4346,standard,,False,False,0,0,0,0,0,0,5.27,False,False,True,,True,likely_yes,yes,4407,False,standard,False,,8753
CNG_Data2k_variance/files/Q00897.01-0000438618.MSG,Q00897.01-0000438618.MSG,.msg,109568,ok,True,False,text,False,0,0,2,False,0,False,0-10,Name | Address | Email,True,Contact Information,False,,ambiguous,True,yes,3913,standard,,False,False,0,0,0,0,0,0,4.001,False,False,True,,True,likely_no,no,3969,False,likely_non_responsive,True,,7882
CNG_Data2k_variance/files/Q00897.01-0000841750.0009.PDF,Q00897.01-0000841750.0009.PDF,.pdf,10659,ok,True,False,text,False,3,0,1,False,0,False,0-10,Address | Money/Amount | Work-Related,True,Contact Information | Financial Account Information | Work-Related Information,False,,ambiguous,True,no,5554,likely_non_responsive,,False,False,0,0,0,0,0,0,1.33,True,False,False,stage1_nr,False,,,0,False,,False,,5554
CNG_Data2k_variance/files/Q00897.01-0000107568.PDF,Q00897.01-0000107568.PDF,.pdf,91723,ok,True,False,text,False,2,0,3,False,0,False,0-10,Name | Money/Amount,True,Financial Account Information,False,,ambiguous,True,no,4390,likely_non_responsive,,True,True,2,0,0,0,0,1,11.463,True,False,False,stage1_nr,False,,,0,False,,False,,4390
CNG_Data2k_variance/files/Q00897.01-0000107305.PDF,Q00897.01-0000107305.PDF,.pdf,211568,ok,True,False,text,False,40,0,1,False,0,False,0-10,Name | Address | Email | Phone | Money/Amount | Health | Demographic,True,Contact Information | Financial Account Information | Health-Related Information | Demographic Information,False,,ambiguous,True,no,9511,likely_non_responsive,,False,False,0,0,0,0,0,0,6.908,True,False,False,stage1_nr,False,,,0,False,,False,,9511
CNG_Data2k_variance/files/Q00897.01-0000248711.PDF,Q00897.01-0000248711.PDF,.pdf,1071885,ok,True,False,text,False,3,0,1,False,0,False,0-10,Money/Amount,False,Financial Account Information,False,,clear_non_responsive,False,,0,likely_non_responsive,,False,False,0,0,0,0,0,0,0.323,True,False,False,stage1_nr,False,,,0,False,,False,,0
CNG_Data2k_variance/files/Q00897.01-0000003223.PDF,Q00897.01-0000003223.PDF,.pdf,5581979,ok,True,True,text,True,6,0,21,False,2,False,20-50,Name | Address | Money/Amount | Work-Related,True,Contact Information | Financial Account Information | Work-Related Information,False,,ambiguous,True,yes,12959,standard,bde_llm_count,True,True,6,0,0,0,0,1,13.712,False,False,True,,True,clear_yes,yes,6950,False,standard,False,,19909
CNG_Data2k_variance/files/Q00897.01-0000532893.0001.PDF,Q00897.01-0000532893.0001.PDF,.pdf,22579,ok,True,False,text,False,1,0,1,False,0,False,0-10,Money/Amount,False,Financial Account Information,False,,clear_non_responsive,False,,0,likely_non_responsive,,False,False,0,0,0,0,0,0,0.025,True,False,False,stage1_nr,False,,,0,False,,False,,0
CNG_Data2k_variance/files/Q00897.01-0000702474.MSG,Q00897.01-0000702474.MSG,.msg,217088,ok,True,False,text,False,0,0,2,False,0,False,0-10,Address | Email | Phone | Money/Amount | Credentials,True,Contact Information | Financial Account Information | Access Credentials,False,,ambiguous,True,no,3968,likely_non_responsive,,False,False,0,0,0,0,0,0,2.117,True,False,False,stage1_nr,False,,,0,False,,False,,3968
CNG_Data2k_variance/files/Q00897.01-0000542775.0001.XLSX,Q00897.01-0000542775.0001.XLSX,.xlsx,73822,ok,True,True,text,True,1,0,67,False,0,False,50-100,Phone | Money/Amount,True,Contact Information | Financial Account Information,False,,ambiguous,True,no,17846,likely_non_responsive,bde_llm_count,False,False,0,0,0,0,0,0,14.674,True,False,False,stage1_nr,False,,,0,False,,False,,17846
CNG_Data2k_variance/files/Q00897.01-0000686536.MSG,Q00897.01-0000686536.MSG,.msg,153088,ok,True,False,text,False,0,0,1,False,0,False,0-10,Email | Card/Transaction | Money/Amount,True,Contact Information | Financial Account Information,False,,ambiguous,True,no,4093,likely_non_responsive,,False,False,0,0,0,0,0,0,1.814,True,False,False,stage1_nr,False,,,0,False,,False,,4093
CNG_Data2k_variance/files/Q00897.01-0000107968.XLSX,Q00897.01-0000107968.XLSX,.xlsx,11707301,ok,True,True,text,True,17,0,294,False,0,False,100+,Phone | Money/Amount,True,Contact Information | Financial Account Information,False,,ambiguous,True,no,7866,likely_non_responsive,bde_llm_count,False,False,0,0,0,0,0,0,29.961,True,False,False,stage1_nr,False,,,0,False,,False,,7866
CNG_Data2k_variance/files/Q00897.01-0000431602.MSG,Q00897.01-0000431602.MSG,.msg,2468864,ok,True,False,text,False,0,3,6,False,0,False,0-10,Email | Phone | Money/Amount,True,Contact Information | Financial Account Information,False,,ambiguous,True,no,5934,likely_non_responsive,,False,False,0,0,0,0,0,0,2.483,True,False,False,stage1_nr,False,,,0,False,,False,,5934
CNG_Data2k_variance/files/Q00897.01-0000729336.MSG,Q00897.01-0000729336.MSG,.msg,188928,ok,True,False,text,False,0,0,2,False,0,False,0-10,Name | Address | Email | Money/Amount,True,Contact Information | Financial Account Information,False,,ambiguous,True,yes,4882,standard,,False,False,0,0,0,0,0,0,3.367,False,False,True,,True,likely_no,no,4972,False,likely_non_responsive,True,,9854
CNG_Data2k_variance/files/Q00897.01-0000908411.PDF,Q00897.01-0000908411.PDF,.pdf,90697,ok,True,False,text,False,10,0,0,False,0,False,0-10,,False,,False,,clear_non_responsive,False,,0,likely_non_responsive,,False,False,0,0,0,0,0,0,1.637,True,False,False,stage1_nr,False,,,0,False,,False,,0
CNG_Data2k_variance/files/Q00897.01-0000227270.PDF,Q00897.01-0000227270.PDF,.pdf,93072,ok,True,False,text,False,1,0,3,False,0,False,0-10,Name | Address | Phone | Money/Amount,True,Contact Information | Financial Account Information,False,,ambiguous,True,yes,4101,standard,"img_ocr:p1,p1(2/2,+35chars)",False,False,0,2,2,2,0,2,12.951,False,False,True,,True,likely_no,no,4172,False,likely_non_responsive,True,,8273
CNG_Data2k_variance/files/Q00897.01-0000504900.MSG,Q00897.01-0000504900.MSG,.msg,87040,ok,True,False,text,False,0,0,2,False,0,False,0-10,Address | Email,True,Contact Information,False,,ambiguous,True,no,4096,likely_non_responsive,,False,False,0,0,0,0,0,0,3.374,True,False,False,stage1_nr,False,,,0,False,,False,,4096
CNG_Data2k_variance/files/Q00897.01-0000254590.PDF,Q00897.01-0000254590.PDF,.pdf,99142,ok,True,False,text,False,3,0,1,False,0,False,0-10,Name | Address | Email | Phone | Bank/Account Number | Money/Amount | Work-Related,True,Contact Information | Financial Account Information | Work-Related Information,False,,ambiguous,True,yes,4573,standard,,False,False,0,0,0,0,0,0,3.365,False,False,True,,True,likely_yes,yes,4628,False,standard,False,,9201
CNG_Data2k_variance/files/Q00897.01-0000576043.0001.PNG,Q00897.01-0000576043.0001.PNG,.png,2931170,ok,True,True,text,True,1,0,51,False,0,False,50-100,Address | Money/Amount,True,Contact Information | Financial Account Information,False,,ambiguous,True,no,12578,likely_non_responsive,bde_llm_count,True,True,1,0,0,0,0,1,22.817,True,False,False,stage1_nr,False,,,0,False,,False,,12578
CNG_Data2k_variance/files/Q00897.01-0000270253.DOCX,Q00897.01-0000270253.DOCX,.docx,79912,ok,True,False,text,False,0,0,1,False,0,False,0-10,Address | Email | Money/Amount | Health | Work-Related,True,Contact Information | Financial Account Information | Health-Related Information | Work-Related Information,False,,ambiguous,True,no,8375,likely_non_responsive,,False,False,0,0,0,0,0,0,4.397,True,False,False,stage1_nr,False,,,0,False,,False,,8375
CNG_Data2k_variance/files/Q00897.01-0000346654.PDF,Q00897.01-0000346654.PDF,.pdf,418030,ok,True,False,text,False,4,0,60,False,60,True,50-100,Name | Email | Phone | Money/Amount,True,Contact Information | Financial Account Information,True,,ambiguous,True,yes,15023,bde,bde_llm_count_roster,False,False,0,0,0,0,0,0,15.157,False,True,True,,True,clear_yes,yes,8173,True,bde,False,,23196
CNG_Data2k_variance/files/Q00897.01-0000863835.PDF,Q00897.01-0000863835.PDF,.pdf,245642,ok,True,False,text,False,4,0,5,False,0,False,0-10,Name | Phone | Money/Amount,True,Contact Information | Financial Account Information,False,,ambiguous,True,yes,8248,standard,,False,False,0,0,0,0,0,0,3.81,False,False,True,,True,likely_no,no,8272,False,likely_non_responsive,True,,16520
CNG_Data2k_variance/files/Q00897.01-0000909406.PDF,Q00897.01-0000909406.PDF,.pdf,6211044,ok,True,False,text,False,701,0,512,False,4,True,100+,Address | Phone | SSN | Money/Amount | Work-Related,True,Contact Information | Government-Issued Identification | Financial Account Information | Work-Related Information,True,,clear_responsive,False,,14322,bde,bde_llm_count_roster,False,False,0,0,0,0,0,0,217.473,False,True,True,,True,clear_yes,yes,15285,True,bde,False,,29607
CNG_Data2k_variance/files/Q00897.01-0000670240.MSG,Q00897.01-0000670240.MSG,.msg,214016,ok,True,False,text,False,0,1,3,False,0,False,0-10,Name | Phone,True,Contact Information,False,,ambiguous,True,no,3715,likely_non_responsive,,False,False,0,0,0,0,0,0,1.19,True,False,False,stage1_nr,False,,,0,False,,False,,3715
CNG_Data2k_variance/files/Q00897.01-0000643048.MSG,Q00897.01-0000643048.MSG,.msg,23552,ok,True,False,text,False,0,0,0,False,0,False,0-10,,False,,False,,clear_non_responsive,False,,0,likely_non_responsive,,False,False,0,0,0,0,0,0,0.033,True,False,False,stage1_nr,False,,,0,False,,False,,0
CNG_Data2k_variance/files/Q00897.01-0000130358.PDF,Q00897.01-0000130358.PDF,.pdf,1311976,ok,True,True,text,True,8,0,43,False,0,False,20-50,Phone | Money/Amount,True,Contact Information | Financial Account Information,False,,ambiguous,True,no,10698,likely_non_responsive,bde_llm_count,True,True,8,0,0,0,0,1,12.781,True,False,False,stage1_nr,False,,,0,False,,False,,10698
CNG_Data2k_variance/files/Q00897.01-0000285759.PNG,Q00897.01-0000285759.PNG,.png,75991,ok,True,True,text,True,1,0,2,False,2,False,0-10,Name,False,,False,,ambiguous,True,yes,6711,standard,bde_llm_count,True,True,1,0,0,0,0,1,8.984,False,False,True,,True,clear_no,no,3830,False,likely_non_responsive,True,,10541
CNG_Data2k_variance/files/Q00897.01-0000896515.PDF,Q00897.01-0000896515.PDF,.pdf,13008,ok,True,False,text,False,2,0,1,False,0,False,0-10,Money/Amount,False,Financial Account Information,False,,clear_non_responsive,False,,0,likely_non_responsive,,False,False,0,0,0,0,0,0,0.137,True,False,False,stage1_nr,False,,,0,False,,False,,0
CNG_Data2k_variance/files/Q00897.01-0000884899.PDF,Q00897.01-0000884899.PDF,.pdf,75658,ok,True,False,text,False,20,0,1,False,0,False,0-10,Money/Amount,False,Financial Account Information,False,,clear_non_responsive,False,,0,likely_non_responsive,,False,False,0,0,0,0,0,0,0.271,True,False,False,stage1_nr,False,,,0,False,,False,,0
CNG_Data2k_variance/files/Q00897.01-0000279479.PDF,Q00897.01-0000279479.PDF,.pdf,172961,ok,True,False,text,False,1,0,2,False,0,False,0-10,Name | Address | Phone | Money/Amount,True,Contact Information | Financial Account Information,False,,ambiguous,True,yes,4181,standard,,True,True,1,0,0,0,0,1,8.094,False,False,True,,True,clear_yes,yes,4227,False,standard,False,,8408
CNG_Data2k_variance/files/Q00897.01-0000531894.MSG,Q00897.01-0000531894.MSG,.msg,171008,ok,True,False,text,False,0,0,2,False,0,False,0-10,Address | Email | Phone | Credentials,True,Contact Information | Access Credentials,False,,ambiguous,True,no,5043,likely_non_responsive,,False,False,0,0,0,0,0,0,11.443,True,False,False,stage1_nr,False,,,0,False,,False,,5043
CNG_Data2k_variance/files/Q00897.01-0000289534.PDF,Q00897.01-0000289534.PDF,.pdf,937614,ok,True,False,text,False,4,0,33,False,32,False,20-50,Name | Address | Money/Amount | Health,True,Contact Information | Financial Account Information | Health-Related Information,False,,ambiguous,True,yes,11356,standard,bde_llm_count_roster,False,False,0,0,0,0,0,0,23.189,False,False,True,,True,clear_yes,yes,6214,False,standard,False,,17570
CNG_Data2k_variance/files/Q00897.01-0000662824.0001.PDF,Q00897.01-0000662824.0001.PDF,.pdf,54958,ok,True,False,text,False,1,0,2,False,0,False,0-10,Name | Address | Email | Phone | Money/Amount,True,Contact Information | Financial Account Information,False,,ambiguous,True,no,3969,likely_non_responsive,,True,True,1,0,0,0,0,1,5.977,True,False,False,stage1_nr,False,,,0,False,,False,,3969
CNG_Data2k_variance/files/Q00897.01-0000458203.MSG,Q00897.01-0000458203.MSG,.msg,155136,ok,True,False,text,False,0,0,0,False,0,False,0-10,,False,,False,,clear_non_responsive,False,,0,likely_non_responsive,,False,False,0,0,0,0,0,0,0.233,True,False,False,stage1_nr,False,,,0,False,,False,,0
CNG_Data2k_variance/files/Q00897.01-0000124836.PDF,Q00897.01-0000124836.PDF,.pdf,2275712,ok,True,True,text,True,15,0,246,False,51,True,100+,Name | Address | Email | Phone | Money/Amount,True,Contact Information | Financial Account Information,True,,ambiguous,True,yes,21248,structured_bde,bde_llm_count_roster,True,True,15,0,0,0,0,1,16.832,False,True,True,,True,clear_no,no,10990,True,likely_non_responsive,True,,32238
CNG_Data2k_variance/files/Q00897.01-0000603416.0001.XLSX,Q00897.01-0000603416.0001.XLSX,.xlsx,35367,ok,True,True,text,True,1,0,267,False,0,True,100+,Phone | Money/Amount,True,Contact Information | Financial Account Information,True,,ambiguous,True,no,12033,structured_bde,roster_by_rowcount bde_llm_count_roster,False,False,0,0,0,0,0,0,8.398,False,True,True,,True,clear_no,no,6473,True,likely_non_responsive,True,,18506
CNG_Data2k_variance/files/Q00897.01-0000697181.MSG,Q00897.01-0000697181.MSG,.msg,143872,ok,True,False,text,False,0,0,1,False,0,False,0-10,Name,False,,False,,ambiguous,True,yes,3957,standard,,False,False,0,0,0,0,0,0,3.711,False,False,True,,True,borderline,no,4031,False,likely_non_responsive,True,,7988
CNG_Data2k_variance/files/Q00897.01-0000916868.PDF,Q00897.01-0000916868.PDF,.pdf,990630,ok,True,True,text,True,6,0,7,False,4,False,0-10,Name | Address | Email | Phone | Money/Amount | Health | Work-Related,True,Contact Information | Financial Account Information | Health-Related Information | Work-Related Information,False,,ambiguous,True,yes,11971,standard,bde_llm_count,True,True,6,0,0,0,0,1,12.36,False,False,True,,True,likely_yes,yes,6430,False,standard,False,,18401
CNG_Data2k_variance/files/Q00897.01-0000270768.DOCX,Q00897.01-0000270768.DOCX,.docx,58212,ok,True,False,text,False,0,0,2,False,0,False,0-10,Name | Address | Demographic | Work-Related,True,Contact Information | Demographic Information | Work-Related Information,False,,ambiguous,True,yes,6487,standard,,False,False,0,0,0,0,0,0,10.912,False,False,True,,True,borderline,no,6557,False,likely_non_responsive,True,,13044
CNG_Data2k_variance/files/Q00897.01-0000642176.MSG,Q00897.01-0000642176.MSG,.msg,23552,ok,True,False,text,False,0,0,0,False,0,False,0-10,,False,,False,,clear_non_responsive,False,,0,likely_non_responsive,,False,False,0,0,0,0,0,0,0.088,True,False,False,stage1_nr,False,,,0,False,,False,,0
CNG_Data2k_variance/files/Q00897.01-0000834135.0004.DOCX,Q00897.01-0000834135.0004.DOCX,.docx,80953,ok,True,False,text,False,0,0,2,False,0,False,0-10,Name | Work-Related,True,Work-Related Information,False,,ambiguous,True,no,8699,likely_non_responsive,,False,False,0,0,0,0,0,0,2.134,True,False,False,stage1_nr,False,,,0,False,,False,,8699
CNG_Data2k_variance/files/Q00897.01-0000284181.0002.PDF,Q00897.01-0000284181.0002.PDF,.pdf,17994,ok,True,False,text,False,1,0,3,False,0,False,0-10,Name | Address | Phone | Money/Amount | Health,True,Contact Information | Financial Account Information | Health-Related Information,False,,ambiguous,True,yes,4344,standard,,False,False,0,0,0,0,0,0,5.79,False,False,True,,True,clear_yes,yes,4390,False,standard,False,,8734
CNG_Data2k_variance/files/Q00897.01-0000847272.MSG,Q00897.01-0000847272.MSG,.msg,29696,error,False,False,,False,0,0,0,False,0,False,,,False,,False,,,False,,0,review_error,MalformedRtf,False,False,0,0,0,0,0,0,0.335,False,False,False,extract_error,False,,,0,False,,False,,0
CNG_Data2k_variance/files/Q00897.01-0000392793.MSG,Q00897.01-0000392793.MSG,.msg,145408,ok,True,False,text,False,0,0,2,False,0,False,0-10,Address | Email | Phone | Money/Amount,True,Contact Information | Financial Account Information,False,,ambiguous,True,no,4555,likely_non_responsive,,False,False,0,0,0,0,0,0,5.211,True,False,False,stage1_nr,False,,,0,False,,False,,4555
CNG_Data2k_variance/files/Q00897.01-0000439708.0001.XLSX,Q00897.01-0000439708.0001.XLSX,.xlsx,2066735,ok,True,True,text,True,25,0,412,False,0,False,100+,Phone | Payment Card,True,Contact Information | Financial Account Information,False,,ambiguous,True,no,11262,likely_non_responsive,bde_llm_count,False,False,0,0,0,0,0,0,5.54,True,False,False,stage1_nr,False,,,0,False,,False,,11262
CNG_Data2k_variance/files/Q00897.01-0000001417.PDF,Q00897.01-0000001417.PDF,.pdf,954546,ok,True,False,text,False,1,0,3,False,0,False,0-10,Name | Address | Email | Phone | SSN | Money/Amount | Work-Related,True,Contact Information | Government-Issued Identification | Financial Account Information | Work-Related Information,False,,clear_responsive,False,,0,standard,,False,False,0,0,0,0,0,0,4.094,False,False,True,,True,clear_yes,yes,8152,False,standard,False,,8152
CNG_Data2k_variance/files/Q00897.01-0000804476.0001.PDF,Q00897.01-0000804476.0001.PDF,.pdf,49034,ok,True,True,text,True,1,0,15,False,0,False,10-20,Name,False,,False,,ambiguous,True,no,7252,likely_non_responsive,bde_llm_count,True,True,1,0,0,0,0,1,8.463,True,False,False,stage1_nr,False,,,0,False,,False,,7252
CNG_Data2k_variance/files/Q00897.01-0000876141.PDF,Q00897.01-0000876141.PDF,.pdf,4340093,ok,True,True,text,True,3,0,45,False,0,False,20-50,Address | Phone | Money/Amount,True,Contact Information | Financial Account Information,False,,ambiguous,True,no,8866,likely_non_responsive,bde_llm_count,True,True,3,0,0,0,0,1,8.248,True,False,False,stage1_nr,False,,,0,False,,False,,8866
CNG_Data2k_variance/files/Q00897.01-0000703160.MSG,Q00897.01-0000703160.MSG,.msg,264192,ok,True,False,text,False,0,0,6,False,0,False,0-10,Name | Address | Email | Phone | Money/Amount,True,Contact Information | Financial Account Information,False,,ambiguous,True,yes,6095,standard,,False,False,0,0,0,0,0,0,3.672,False,False,True,,True,likely_no,no,6159,False,likely_non_responsive,True,,12254
CNG_Data2k_variance/files/Q00897.01-0000114853.PDF,Q00897.01-0000114853.PDF,.pdf,19651,ok,True,False,text,False,9,0,1,False,0,False,0-10,Card/Transaction | Money/Amount | Work-Related,False,Financial Account Information | Work-Related Information,False,,ambiguous,True,no,10835,likely_non_responsive,,False,False,0,0,0,0,0,0,3.804,True,False,False,stage1_nr,False,,,0,False,,False,,10835
CNG_Data2k_variance/files/Q00897.01-0000662248.0003.PDF,Q00897.01-0000662248.0003.PDF,.pdf,78427,ok,True,False,text,False,1,0,1,False,0,False,0-10,Name | Address,True,Contact Information,False,,ambiguous,True,yes,5052,standard,,False,False,0,0,0,0,0,0,3.905,False,False,True,,True,clear_yes,yes,5072,False,standard,False,,10124
CNG_Data2k_variance/files/Q00897.01-0000405353.MSG,Q00897.01-0000405353.MSG,.msg,9861120,ok,True,False,text,False,0,2,1,False,0,False,0-10,Phone,True,Contact Information,False,,ambiguous,True,no,3740,likely_non_responsive,,False,False,0,0,0,0,0,0,3.775,True,False,False,stage1_nr,False,,,0,False,,False,,3740
CNG_Data2k_variance/files/Q00897.01-0000008810.PDF,Q00897.01-0000008810.PDF,.pdf,97727,ok,True,False,text,False,2,0,0,False,0,False,0-10,,False,,False,,clear_non_responsive,False,,0,likely_non_responsive,,False,False,0,0,0,0,0,0,0.136,True,False,False,stage1_nr,False,,,0,False,,False,,0
CNG_Data2k_variance/files/Q00897.01-0000388358.MSG,Q00897.01-0000388358.MSG,.msg,100352,ok,True,False,text,False,0,0,1,False,0,False,0-10,Address | Email | Money/Amount,True,Contact Information | Financial Account Information,False,,ambiguous,True,no,3955,likely_non_responsive,,False,False,0,0,0,0,0,0,2.951,True,False,False,stage1_nr,False,,,0,False,,False,,3955
CNG_Data2k_variance/files/Q00897.01-0000848665.MSG,Q00897.01-0000848665.MSG,.msg,172032,ok,True,False,text,False,0,0,3,False,0,False,0-10,Name | Address | Email | Phone | Money/Amount,True,Contact Information | Financial Account Information,False,,ambiguous,True,yes,5308,standard,,False,False,0,0,0,0,0,0,4.392,False,False,True,,True,likely_yes,yes,5391,False,standard,False,,10699
CNG_Data2k_variance/files/Q00897.01-0000730158.MSG,Q00897.01-0000730158.MSG,.msg,159232,ok,True,False,text,False,0,0,2,False,0,False,0-10,Name | Address | Email,True,Contact Information,False,,ambiguous,True,no,4204,likely_non_responsive,,False,False,0,0,0,0,0,0,1.824,True,False,False,stage1_nr,False,,,0,False,,False,,4204
CNG_Data2k_variance/files/Q00897.01-0000501472.0001.PDF,Q00897.01-0000501472.0001.PDF,.pdf,530904,ok,True,False,text,False,13,0,1,False,0,False,0-10,Address | Phone | Money/Amount | Health,True,Contact Information | Financial Account Information | Health-Related Information,False,,ambiguous,True,no,9901,likely_non_responsive,"img_ocr:p4(1/1,+174chars)",False,False,0,1,1,1,0,1,7.849,True,False,False,stage1_nr,False,,,0,False,,False,,9901
CNG_Data2k_variance/files/Q00897.01-0000841750.0022.PDF,Q00897.01-0000841750.0022.PDF,.pdf,22590,ok,True,False,text,False,9,0,1,False,0,False,0-10,Card/Transaction | Money/Amount | Work-Related,False,Financial Account Information | Work-Related Information,False,,ambiguous,True,no,10240,likely_non_responsive,,False,False,0,0,0,0,0,0,1.398,True,False,False,stage1_nr,False,,,0,False,,False,,10240
CNG_Data2k_variance/files/Q00897.01-0000545302.0001.PDF,Q00897.01-0000545302.0001.PDF,.pdf,22620,ok,True,False,text,False,1,0,1,False,0,False,0-10,Money/Amount,False,Financial Account Information,False,,clear_non_responsive,False,,0,likely_non_responsive,,False,False,0,0,0,0,0,0,0.028,True,False,False,stage1_nr,False,,,0,False,,False,,0
CNG_Data2k_variance/files/Q00897.01-0000005040.PDF,Q00897.01-0000005040.PDF,.pdf,61096,ok,True,False,text,False,9,0,2,False,0,False,0-10,Name | Address | Email | Phone | Date of Birth | Card Expiry/CVV | Money/Amount | Family | Work-Related,True,Contact Information | Birth Information | Financial Account Information | Family Information | Work-Related Information,False,,ambiguous,True,yes,7384,standard,,False,False,0,0,0,0,0,0,8.434,False,False,True,,True,clear_yes,yes,7415,False,standard,False,,14799
CNG_Data2k_variance/files/Q00897.01-0000294917.XLSX,Q00897.01-0000294917.XLSX,.xlsx,10961,ok,True,True,text,True,1,0,4,False,4,False,0-10,Name | Money/Amount | Work-Related,False,Financial Account Information | Work-Related Information,False,,ambiguous,True,yes,7100,standard,bde_llm_count,False,False,0,0,0,0,0,0,9.897,False,False,True,,True,likely_yes,yes,4034,False,standard,False,,11134
CNG_Data2k_variance/files/Q00897.01-0000656441.MSG,Q00897.01-0000656441.MSG,.msg,537088,ok,True,False,text,False,0,6,11,False,7,False,10-20,Name | Address | Email | Phone | Money/Amount,True,Contact Information | Financial Account Information,False,,ambiguous,True,yes,14905,standard,bde_llm_count,False,False,0,0,0,0,0,0,8.879,False,False,True,,True,likely_no,no,7909,False,likely_non_responsive,True,,22814
CNG_Data2k_variance/files/Q00897.01-0000896933.PDF,Q00897.01-0000896933.PDF,.pdf,16684,ok,True,False,text,False,2,0,1,False,0,False,0-10,Money/Amount,False,Financial Account Information,False,,clear_non_responsive,False,,0,likely_non_responsive,,False,False,0,0,0,0,0,0,0.118,True,False,False,stage1_nr,False,,,0,False,,False,,0
CNG_Data2k_variance/files/Q00897.01-0000669115.MSG,Q00897.01-0000669115.MSG,.msg,170496,ok,True,False,text,False,0,2,3,False,0,False,0-10,Name | Phone,True,Contact Information,False,,ambiguous,True,no,3739,likely_non_responsive,,False,False,0,0,0,0,0,0,1.801,True,False,False,stage1_nr,False,,,0,False,,False,,3739
CNG_Data2k_variance/files/Q00897.01-0000397159.0001.PDF,Q00897.01-0000397159.0001.PDF,.pdf,176252,ok,True,False,text,False,1,0,1,False,0,False,0-10,Card Expiry/CVV | Money/Amount,False,Financial Account Information,False,,ambiguous,True,no,4569,likely_non_responsive,,False,False,0,0,0,0,0,0,2.385,True,False,False,stage1_nr,False,,,0,False,,False,,4569
CNG_Data2k_variance/files/Q00897.01-0000835274.MSG,Q00897.01-0000835274.MSG,.msg,237568,error,False,False,,False,0,0,0,False,0,False,,,False,,False,,,False,,0,review_error,UnicodeDecodeError,False,False,0,0,0,0,0,0,1.059,False,False,False,extract_error,False,,,0,False,,False,,0
CNG_Data2k_variance/files/Q00897.01-0000136155.PDF,Q00897.01-0000136155.PDF,.pdf,16777614,ok,True,True,text,True,15,0,271,False,0,False,100+,Name | Address | Email | Phone | Money/Amount,True,Contact Information | Financial Account Information,False,,ambiguous,True,yes,22895,standard,bde_llm_count,True,True,15,0,0,0,0,1,28.798,False,False,True,,True,clear_yes,yes,11875,True,structured_bde,False,,34770
CNG_Data2k_variance/files/Q00897.01-0000729169.MSG,Q00897.01-0000729169.MSG,.msg,228864,ok,True,False,text,False,0,0,1,False,0,False,0-10,Name | Address | Email,True,Contact Information,False,,ambiguous,True,yes,4850,standard,,False,False,0,0,0,0,0,0,4.322,False,False,True,,True,likely_no,no,4945,False,likely_non_responsive,True,,9795
CNG_Data2k_variance/files/Q00897.01-0000535942.0001.PDF,Q00897.01-0000535942.0001.PDF,.pdf,23214,ok,True,False,text,False,2,0,1,False,0,False,0-10,Phone,True,Contact Information,False,,ambiguous,True,no,3858,likely_non_responsive,,False,False,0,0,0,0,0,0,11.018,True,False,False,stage1_nr,False,,,0,False,,False,,3858
CNG_Data2k_variance/files/Q00897.01-0000130766.PDF,Q00897.01-0000130766.PDF,.pdf,126343,ok,True,True,text,True,1,0,36,False,0,False,20-50,Email | Phone | Money/Amount,True,Contact Information | Financial Account Information,False,,ambiguous,True,no,7385,likely_non_responsive,bde_llm_count,True,True,1,0,0,0,0,1,8.931,True,False,False,stage1_nr,False,,,0,False,,False,,7385
CNG_Data2k_variance/files/Q00897.01-0000345002.PDF,Q00897.01-0000345002.PDF,.pdf,25697,ok,True,False,text,False,4,0,1,False,0,False,0-10,Name | Address | Money/Amount,True,Contact Information | Financial Account Information,False,,ambiguous,True,yes,6247,standard,,False,False,0,0,0,0,0,0,4.474,False,False,True,,True,clear_yes,yes,6299,False,standard,False,,12546
CNG_Data2k_variance/files/Q00897.01-0000107344.PDF,Q00897.01-0000107344.PDF,.pdf,480864,ok,True,True,text,True,15,0,133,False,2,False,100+,Name | Address | Email | Phone | SSN | Card Expiry/CVV | Money/Amount | Health | Work-Related,True,Contact Information | Government-Issued Identification | Financial Account Information | Health-Related Information | Work-Related Information,False,,clear_responsive,False,,9933,standard,bde_llm_count,True,True,15,0,0,0,0,1,30.276,False,False,True,,True,likely_no,no,10859,True,likely_non_responsive,True,,20792
CNG_Data2k_variance/files/Q00897.01-0000536832.0001.PDF,Q00897.01-0000536832.0001.PDF,.pdf,22673,ok,True,False,text,False,1,0,1,False,0,False,0-10,Money/Amount,False,Financial Account Information,False,,clear_non_responsive,False,,0,likely_non_responsive,,False,False,0,0,0,0,0,0,0.039,True,False,False,stage1_nr,False,,,0,False,,False,,0
CNG_Data2k_variance/files/Q00897.01-0000672520.MSG,Q00897.01-0000672520.MSG,.msg,130048,ok,True,False,text,False,0,1,1,False,0,False,0-10,Name | Money/Amount,True,Financial Account Information,False,,ambiguous,True,no,3840,likely_non_responsive,,False,False,0,0,0,0,0,0,2.304,True,False,False,stage1_nr,False,,,0,False,,False,,3840
CNG_Data2k_variance/files/Q00897.01-0000865587.PDF,Q00897.01-0000865587.PDF,.pdf,180274,ok,True,False,text,False,1,0,1,False,0,False,0-10,Money/Amount,False,Financial Account Information,False,,clear_non_responsive,False,,0,likely_non_responsive,,False,False,0,0,0,0,0,0,0.071,True,False,False,stage1_nr,False,,,0,False,,False,,0
CNG_Data2k_variance/files/Q00897.01-0000250539.XLSX,Q00897.01-0000250539.XLSX,.xlsx,23238,ok,True,True,text,True,1,0,214,False,214,True,100+,Phone | Money/Amount,True,Contact Information | Financial Account Information,True,,ambiguous,True,no,14623,structured_bde,bde_llm_count_roster,False,False,0,0,0,0,0,0,5.353,False,True,True,,True,clear_no,no,7754,True,likely_non_responsive,True,,22377
CNG_Data2k_variance/files/Q00897.01-0000544928.0001.PDF,Q00897.01-0000544928.0001.PDF,.pdf,22647,ok,True,False,text,False,1,0,1,False,0,False,0-10,Money/Amount,False,Financial Account Information,False,,clear_non_responsive,False,,0,likely_non_responsive,,False,False,0,0,0,0,0,0,0.036,True,False,False,stage1_nr,False,,,0,False,,False,,0
CNG_Data2k_variance/files/Q00897.01-0000347324.PDF,Q00897.01-0000347324.PDF,.pdf,18128,ok,True,False,text,False,3,0,1,False,0,False,0-10,Address | Money/Amount,True,Contact Information | Financial Account Information,False,,ambiguous,True,yes,5243,standard,,False,False,0,0,0,0,0,0,3.795,False,False,True,,True,clear_yes,yes,5279,False,standard,False,,10522
CNG_Data2k_variance/files/Q00897.01-0000772635.MSG,Q00897.01-0000772635.MSG,.msg,41984,ok,True,False,text,False,0,0,6,False,0,False,0-10,Name | Address | Email | Phone | Money/Amount,True,Contact Information | Financial Account Information,False,,ambiguous,True,yes,6105,standard,,False,False,0,0,0,0,0,0,5.343,False,False,True,,True,likely_no,no,6164,False,likely_non_responsive,True,,12269
CNG_Data2k_variance/files/Q00897.01-0000650714.MSG,Q00897.01-0000650714.MSG,.msg,17408,ok,True,False,text,False,0,0,0,False,0,False,0-10,,False,,False,,clear_non_responsive,False,,0,likely_non_responsive,,False,False,0,0,0,0,0,0,0.049,True,False,False,stage1_nr,False,,,0,False,,False,,0
CNG_Data2k_variance/files/Q00897.01-0000457525.MSG,Q00897.01-0000457525.MSG,.msg,131072,ok,True,False,text,False,0,2,2,False,0,False,0-10,Name | Address | Email | Phone | Money/Amount,True,Contact Information | Financial Account Information,False,,ambiguous,True,yes,3948,standard,,False,False,0,0,0,0,0,0,3.506,False,False,True,,True,borderline,no,4023,False,likely_non_responsive,True,,7971
CNG_Data2k_variance/files/Q00897.01-0000253831.TXT,Q00897.01-0000253831.TXT,.txt,24673,ok,True,False,text,False,0,0,1,False,0,False,0-10,Money/Amount,False,Financial Account Information,False,,clear_non_responsive,False,,0,likely_non_responsive,,False,False,0,0,0,0,0,0,0.056,True,False,False,stage1_nr,False,,,0,False,,False,,0
CNG_Data2k_variance/files/Q00897.01-0000276651.PDF,Q00897.01-0000276651.PDF,.pdf,366953,ok,True,True,text,True,1,0,50,False,50,False,20-50,Name | Address | Phone | Tax ID | Money/Amount | Health,True,Contact Information | Government-Issued Identification | Financial Account Information | Health-Related Information,False,,ambiguous,True,yes,8556,standard,bde_llm_count_roster,True,True,1,0,0,0,0,1,18.138,False,False,True,,True,borderline,no,4840,False,likely_non_responsive,True,,13396
CNG_Data2k_variance/files/Q00897.01-0000112281.XLSX,Q00897.01-0000112281.XLSX,.xlsx,51736,ok,True,True,text,True,1,0,573,False,0,False,100+,Work-Related,False,Work-Related Information,False,,ambiguous,True,no,14185,likely_non_responsive,roster_by_rowcount bde_llm_count,False,False,0,0,0,0,0,0,12.903,True,False,False,stage1_nr,False,,,0,False,,False,,14185
CNG_Data2k_variance/files/Q00897.01-0000391263.MSG,Q00897.01-0000391263.MSG,.msg,86528,ok,True,False,text,False,0,0,1,False,0,False,0-10,Name | Email | Phone,True,Contact Information,False,,ambiguous,True,no,4463,likely_non_responsive,,False,False,0,0,0,0,0,0,2.573,True,False,False,stage1_nr,False,,,0,False,,False,,4463
CNG_Data2k_variance/files/Q00897.01-0000883318.JPG,Q00897.01-0000883318.JPG,.jpg,822390,ok,True,False,text,False,1,0,1,False,0,False,0-10,Money/Amount | Credentials,False,Financial Account Information | Access Credentials,False,,ambiguous,True,no,3966,likely_non_responsive,,True,True,1,0,0,0,0,1,5.659,True,False,False,stage1_nr,False,,,0,False,,False,,3966
CNG_Data2k_variance/files/Q00897.01-0000468739.0001.PDF,Q00897.01-0000468739.0001.PDF,.pdf,384136,ok,True,False,text,False,2,0,3,False,0,False,0-10,Name | Address | Email | Phone | Money/Amount,True,Contact Information | Financial Account Information,False,,ambiguous,True,yes,4346,standard,,True,True,2,0,0,0,0,1,8.88,False,False,True,,True,likely_no,no,4428,False,likely_non_responsive,True,,8774
CNG_Data2k_variance/files/Q00897.01-0000394698.MSG,Q00897.01-0000394698.MSG,.msg,65536,ok,True,False,text,False,0,0,6,False,0,False,0-10,Name | Address | Email | Phone,True,Contact Information,False,,ambiguous,True,yes,4097,standard,,False,False,0,0,0,0,0,0,4.204,False,False,True,,True,likely_no,no,4155,False,likely_non_responsive,True,,8252
CNG_Data2k_variance/files/Q00897.01-0000114546.PDF,Q00897.01-0000114546.PDF,.pdf,17998,ok,True,False,text,False,9,0,1,False,0,False,0-10,Card/Transaction | Money/Amount | Work-Related,False,Financial Account Information | Work-Related Information,False,,ambiguous,True,no,9675,likely_non_responsive,,False,False,0,0,0,0,0,0,5.266,True,False,False,stage1_nr,False,,,0,False,,False,,9675
CNG_Data2k_variance/files/Q00897.01-0000534390.0001.PDF,Q00897.01-0000534390.0001.PDF,.pdf,20970,ok,True,False,text,False,1,0,0,False,0,False,0-10,,False,,False,,clear_non_responsive,False,,0,likely_non_responsive,,False,False,0,0,0,0,0,0,0.021,True,False,False,stage1_nr,False,,,0,False,,False,,0
CNG_Data2k_variance/files/Q00897.01-0000591818.0001.PDF,Q00897.01-0000591818.0001.PDF,.pdf,656703,ok,True,True,text,True,3,0,14,False,1,False,10-20,Name | Money/Amount,False,Financial Account Information,False,,ambiguous,True,no,9872,likely_non_responsive,bde_llm_count,True,True,3,0,0,0,0,1,18.817,True,False,False,stage1_nr,False,,,0,False,,False,,9872
CNG_Data2k_variance\files\Q00897.01-0000851399.XLS,Q00897.01-0000851399.XLS,.xls,21896,ok,True,True,text,True,1,0,66,False,0,False,50-100,Money/Amount,False,Financial Account Information,False,,ambiguous,True,no,7271,likely_non_responsive,roster_by_rowcount bde_llm_count,False,False,0,0,0,0,0,0,2.584,True,False,False,stage1_nr,False,,,0,False,,False,,7271
CNG_Data2k_variance/files/Q00897.01-0000242113.XLSX,Q00897.01-0000242113.XLSX,.xlsx,20084,ok,True,True,text,True,2,0,62,False,0,False,50-100,Address | Phone | Money/Amount,True,Contact Information | Financial Account Information,False,,ambiguous,True,no,12147,likely_non_responsive,roster_by_rowcount bde_llm_count,False,False,0,0,0,0,0,0,4.308,True,False,False,stage1_nr,False,,,0,False,,False,,12147
CNG_Data2k_variance/files/Q00897.01-0000721600.MSG,Q00897.01-0000721600.MSG,.msg,217600,ok,True,False,text,False,0,2,2,False,0,False,0-10,Name | Address | Email | Phone | Money/Amount | Health,True,Contact Information | Financial Account Information | Health-Related Information,False,,ambiguous,True,yes,4467,standard,,False,False,0,0,0,0,0,0,3.894,False,False,True,,True,likely_no,no,4503,False,likely_non_responsive,True,,8970
CNG_Data2k_variance/files/Q00897.01-0000671245.MSG,Q00897.01-0000671245.MSG,.msg,93184,ok,True,False,text,False,0,2,6,False,0,False,0-10,Address | Email | Phone | Money/Amount,True,Contact Information | Financial Account Information,False,,ambiguous,True,no,4243,likely_non_responsive,,False,False,0,0,0,0,0,0,1.578,True,False,False,stage1_nr,False,,,0,False,,False,,4243
CNG_Data2k_variance/files/Q00897.01-0000890278.PDF,Q00897.01-0000890278.PDF,.pdf,30376,ok,True,False,text,False,6,0,59,False,59,True,50-100,Name | Phone,True,Contact Information,True,,ambiguous,True,yes,13274,bde,bde_llm_count_roster,False,False,0,0,0,0,0,0,10.62,False,True,True,,True,likely_yes,yes,7249,True,bde,False,,20523
CNG_Data2k_variance/files/Q00897.01-0000009568.XLSX,Q00897.01-0000009568.XLSX,.xlsx,254012,ok,True,True,text,True,3,0,484,False,9,True,100+,Name | Money/Amount,False,Financial Account Information,True,,ambiguous,True,yes,14435,structured_bde,bde_llm_count_roster,False,False,0,0,0,0,0,0,7.368,False,True,True,,True,clear_yes,yes,7684,True,structured_bde,False,,22119
CNG_Data2k_variance/files/Q00897.01-0000342668.PDF,Q00897.01-0000342668.PDF,.pdf,3991772,ok,True,False,text,False,4,0,1,False,0,False,0-10,Phone | Money/Amount,True,Contact Information | Financial Account Information,False,,ambiguous,True,no,4673,likely_non_responsive,,True,True,4,0,0,0,0,1,9.039,True,False,False,stage1_nr,False,,,0,False,,False,,4673
CNG_Data2k_variance/files/Q00897.01-0000108532.PDF,Q00897.01-0000108532.PDF,.pdf,424828,ok,True,True,text,True,13,0,428,False,0,False,100+,Card/Transaction | Money/Amount | Work-Related,False,Financial Account Information | Work-Related Information,False,,ambiguous,True,no,20371,likely_non_responsive,bde_llm_count,True,True,13,0,0,0,0,1,27.162,True,False,False,stage1_nr,False,,,0,False,,False,,20371
CNG_Data2k_variance/files/Q00897.01-0000916270.PDF,Q00897.01-0000916270.PDF,.pdf,265027,ok,True,False,text,False,2,0,4,False,0,False,0-10,Name | Money/Amount | Work-Related,False,Financial Account Information | Work-Related Information,False,,ambiguous,True,yes,4472,standard,,False,False,0,0,0,0,0,0,3.779,False,False,True,,True,clear_yes,yes,4538,False,standard,False,,9010
CNG_Data2k_variance/files/Q00897.01-0000422168.MSG,Q00897.01-0000422168.MSG,.msg,251392,ok,True,False,text,False,0,2,5,False,0,False,0-10,Name | Address | Email | Phone,True,Contact Information,False,,ambiguous,True,yes,5784,standard,,False,False,0,0,0,0,0,0,8.46,False,False,True,,True,likely_yes,yes,5834,False,standard,False,,11618
CNG_Data2k_variance/files/Q00897.01-0000487186.0001.PDF,Q00897.01-0000487186.0001.PDF,.pdf,140499,ok,True,False,text,False,2,0,0,False,0,False,0-10,,False,,False,,clear_non_responsive,False,,0,likely_non_responsive,,False,False,0,0,0,0,0,0,0.193,True,False,False,stage1_nr,False,,,0,False,,False,,0
CNG_Data2k_variance/files/Q00897.01-0000259087.PDF,Q00897.01-0000259087.PDF,.pdf,84517,ok,True,False,text,False,2,0,1,False,0,False,0-10,Money/Amount,False,Financial Account Information,False,,clear_non_responsive,False,,0,likely_non_responsive,,False,False,0,0,0,0,0,0,0.118,True,False,False,stage1_nr,False,,,0,False,,False,,0
CNG_Data2k_variance/files/Q00897.01-0000867531.PDF,Q00897.01-0000867531.PDF,.pdf,91304,ok,True,False,text,False,2,0,2,False,0,False,0-10,Name | Address | Phone,True,Contact Information,False,,ambiguous,True,yes,5007,standard,,False,False,0,0,0,0,0,0,3.415,False,False,True,,True,clear_yes,yes,5030,False,standard,False,,10037
CNG_Data2k_variance/files/Q00897.01-0000891830.PDF,Q00897.01-0000891830.PDF,.pdf,22184,ok,True,False,text,False,6,0,1,False,0,False,0-10,Address | Phone | Money/Amount,True,Contact Information | Financial Account Information,False,,ambiguous,True,no,6204,likely_non_responsive,,False,False,0,0,0,0,0,0,1.311,True,False,False,stage1_nr,False,,,0,False,,False,,6204
CNG_Data2k_variance/files/Q00897.01-0000112704.PDF,Q00897.01-0000112704.PDF,.pdf,6425,ok,True,False,text,False,1,0,1,False,0,False,0-10,Name | Address | Health,True,Contact Information | Health-Related Information,False,,ambiguous,True,yes,3968,standard,,False,False,0,0,0,0,0,0,8.813,False,False,True,,True,likely_no,no,4012,False,likely_non_responsive,True,,7980
CNG_Data2k_variance/files/Q00897.01-0000670308.0001.PDF,Q00897.01-0000670308.0001.PDF,.pdf,33575,ok,True,False,text,False,10,0,32,False,0,False,20-50,Name | Address | Phone | Account Balance | Money/Amount,True,Contact Information | Financial Account Information,False,,ambiguous,True,yes,18814,standard,bde_llm_count,False,False,0,0,0,0,0,0,6.931,False,False,True,,True,clear_no,no,9873,False,likely_non_responsive,True,,28687
CNG_Data2k_variance/files/Q00897.01-0000669947.0002.PDF,Q00897.01-0000669947.0002.PDF,.pdf,6506,ok,True,False,text,False,5,0,6,False,0,False,0-10,Name | Address | Phone | Bank/Account Number | Money/Amount,True,Contact Information | Financial Account Information,False,,ambiguous,True,yes,5028,standard,,False,False,0,0,0,0,0,0,3.18,False,False,True,,True,clear_no,no,5079,False,likely_non_responsive,True,,10107
CNG_Data2k_variance/files/Q00897.01-0000270795.DOCX,Q00897.01-0000270795.DOCX,.docx,42018,ok,True,False,text,False,0,0,0,False,0,False,0-10,,False,,False,,clear_non_responsive,False,,0,likely_non_responsive,,False,False,0,0,0,0,0,0,0.04,True,False,False,stage1_nr,False,,,0,False,,False,,0
CNG_Data2k_variance/files/Q00897.01-0000369631.MSG,Q00897.01-0000369631.MSG,.msg,212480,ok,True,False,text,False,0,1,1,False,0,False,0-10,Name | Address | Email | Card/Transaction | Money/Amount,True,Contact Information | Financial Account Information,False,,ambiguous,True,yes,4007,standard,,False,False,0,0,0,0,0,0,5.976,False,False,True,,True,borderline,no,4089,False,likely_non_responsive,True,,8096
CNG_Data2k_variance/files/Q00897.01-0000551897.0001.CSV,Q00897.01-0000551897.0001.CSV,.csv,84658,ok,True,True,text,True,0,0,418,False,0,False,100+,Money/Amount,False,Financial Account Information,False,,ambiguous,True,no,14951,likely_non_responsive,roster_by_rowcount bde_llm_count,False,False,0,0,0,0,0,0,6.443,True,False,False,stage1_nr,False,,,0,False,,False,,14951
CNG_Data2k_variance/files/Q00897.01-0000896426.PDF,Q00897.01-0000896426.PDF,.pdf,63575,ok,True,False,text,False,13,0,3,False,0,False,0-10,Name | Address | Phone | Money/Amount | Work-Related,True,Contact Information | Financial Account Information | Work-Related Information,False,,ambiguous,True,yes,14046,standard,,False,False,0,0,0,0,0,0,4.902,False,False,True,,True,clear_yes,yes,14104,False,standard,False,,28150
CNG_Data2k_variance/files/Q00897.01-0000797109.MSG,Q00897.01-0000797109.MSG,.msg,698880,ok,True,False,text,False,0,2,6,False,0,False,0-10,Name | Address | Email | Phone | Money/Amount,True,Contact Information | Financial Account Information,False,,ambiguous,True,yes,6895,standard,,False,False,0,0,0,0,0,0,5.342,False,False,True,,True,likely_yes,yes,6906,False,standard,False,,13801
CNG_Data2k_variance/files/Q00897.01-0000641978.MSG,Q00897.01-0000641978.MSG,.msg,19968,ok,True,False,text,False,0,0,0,False,0,False,0-10,,False,,False,,clear_non_responsive,False,,0,likely_non_responsive,,False,False,0,0,0,0,0,0,0.036,True,False,False,stage1_nr,False,,,0,False,,False,,0
CNG_Data2k_variance/files/Q00897.01-0000012441.PDF,Q00897.01-0000012441.PDF,.pdf,2434396,ok,True,False,text,False,1,0,2,False,0,False,0-10,Name | Address | Email | Phone | SSN | Money/Amount | Work-Related,True,Contact Information | Government-Issued Identification | Financial Account Information | Work-Related Information,False,,clear_responsive,False,,0,standard,,False,False,0,0,0,0,0,0,2.327,False,False,True,,True,clear_yes,yes,4190,False,standard,False,,4190
CNG_Data2k_variance/files/Q00897.01-0000861297.XLSX,Q00897.01-0000861297.XLSX,.xlsx,3153021,ok,True,True,text,True,1,0,13341,False,4,True,100+,SSN | Money/Amount,True,Government-Issued Identification | Financial Account Information,True,,clear_responsive,False,,11182,structured_bde,bde_llm_count_roster,False,False,0,0,0,0,0,0,6.903,False,True,True,,True,clear_yes,yes,12195,True,structured_bde,False,,23377
CNG_Data2k_variance/files/Q00897.01-0000860934.XLSX,Q00897.01-0000860934.XLSX,.xlsx,390141,ok,True,True,text,True,8,0,3043,False,3043,True,100+,Name | Phone | Money/Amount | Work-Related,True,Contact Information | Financial Account Information | Work-Related Information,True,,ambiguous,True,yes,8489,structured_bde,roster_by_rowcount bde_llm_count_roster,False,False,0,0,0,0,0,0,5.662,False,True,True,,True,likely_yes,yes,4735,True,structured_bde,False,,13224
CNG_Data2k_variance/files/Q00897.01-0000889344.PDF,Q00897.01-0000889344.PDF,.pdf,1685991,ok,True,True,text,True,15,0,438,False,9,True,100+,Address | Phone | SSN | Money/Amount | Work-Related,True,Contact Information | Government-Issued Identification | Financial Account Information | Work-Related Information,True,,clear_responsive,False,,12163,structured_bde,bde_llm_count_roster,True,True,15,0,0,0,0,1,26.905,False,True,True,,True,clear_yes,yes,13080,True,structured_bde,False,,25243
CNG_Data2k_variance/files/Q00897.01-0000410028.0001.XLSX,Q00897.01-0000410028.0001.XLSX,.xlsx,10248834,error,False,False,,False,0,0,0,False,0,False,,,False,,False,,,False,,0,review_error,ValueError,False,False,0,0,0,0,0,0,0.193,False,False,False,extract_error,False,,,0,False,,False,,0
CNG_Data2k_variance/files/Q00897.01-0000554902.0001.PDF,Q00897.01-0000554902.0001.PDF,.pdf,20967,ok,True,False,text,False,1,0,0,False,0,False,0-10,,False,,False,,clear_non_responsive,False,,0,likely_non_responsive,,False,False,0,0,0,0,0,0,0.022,True,False,False,stage1_nr,False,,,0,False,,False,,0
CNG_Data2k_variance/files/Q00897.01-0000644059.MSG,Q00897.01-0000644059.MSG,.msg,229888,ok,True,False,text,False,0,3,4,False,0,False,0-10,Name | Address | Email | Phone,True,Contact Information,False,,ambiguous,True,yes,9892,standard,,False,False,0,0,0,0,0,0,10.928,False,False,True,,True,likely_yes,yes,9983,False,standard,False,,19875
CNG_Data2k_variance/files/Q00897.01-0000838991.MSG,Q00897.01-0000838991.MSG,.msg,207872,ok,True,False,text,False,0,1,11,False,8,False,10-20,Name | Address | Email | Phone | Card/Transaction | Money/Amount | Credentials,True,Contact Information | Financial Account Information | Access Credentials,False,,ambiguous,True,yes,20568,standard,bde_llm_count,False,False,0,0,0,0,0,0,16.126,False,False,True,,True,likely_yes,yes,10845,False,standard,False,,31413
CNG_Data2k_variance/files/Q00897.01-0000008588.PDF,Q00897.01-0000008588.PDF,.pdf,122232,ok,True,True,text,True,1,0,18,False,1,False,10-20,Address | Email | SSN | Alien Registration | Card Expiry/CVV,True,Contact Information | Government-Issued Identification | Financial Account Information,False,,clear_responsive,False,,3936,standard,bde_llm_count,True,True,1,0,0,0,0,1,10.594,False,False,True,,True,clear_yes,yes,4757,False,standard,False,,8693
CNG_Data2k_variance/files/Q00897.01-0000893108.PDF,Q00897.01-0000893108.PDF,.pdf,11930,ok,True,False,text,False,1,0,0,False,0,False,0-10,,False,,False,,clear_non_responsive,False,,0,likely_non_responsive,,False,False,0,0,0,0,0,0,0.085,True,False,False,stage1_nr,False,,,0,False,,False,,0
CNG_Data2k_variance/files/Q00897.01-0000776245.0001.DOCX,Q00897.01-0000776245.0001.DOCX,.docx,56782,ok,True,False,text,False,0,0,4,False,0,False,0-10,Address | Phone | Tax ID | Account Balance | Money/Amount | Health | Work-Related,True,Contact Information | Government-Issued Identification | Financial Account Information | Health-Related Information | Work-Related Information,False,,ambiguous,True,no,8497,likely_non_responsive,,False,False,0,0,0,0,0,0,2.808,True,False,False,stage1_nr,False,,,0,False,,False,,8497
CNG_Data2k_variance/files/Q00897.01-0000614822.0002.PDF,Q00897.01-0000614822.0002.PDF,.pdf,6802378,ok,True,True,text,True,12,0,15,False,0,False,10-20,Money/Amount,False,Financial Account Information,False,,ambiguous,True,no,11261,likely_non_responsive,bde_llm_count,True,True,12,0,0,0,0,1,14.148,True,False,False,stage1_nr,False,,,0,False,,False,,11261
CNG_Data2k_variance/files/Q00897.01-0000430399.MSG,Q00897.01-0000430399.MSG,.msg,208384,ok,True,False,text,False,0,0,2,False,0,False,0-10,Name | Address | Email | Phone | Money/Amount,True,Contact Information | Financial Account Information,False,,ambiguous,True,yes,4918,standard,,False,False,0,0,0,0,0,0,4.997,False,False,True,,True,likely_no,no,4956,False,likely_non_responsive,True,,9874
CNG_Data2k_variance\files\Q00897.01-0000021421.XLS,Q00897.01-0000021421.XLS,.xls,70586,ok,True,True,text,True,2,0,5,False,5,False,0-10,Name | Money/Amount,False,Financial Account Information,False,,ambiguous,True,yes,7601,standard,bde_llm_count_roster,False,False,0,0,0,0,0,0,5.774,False,False,True,,True,likely_yes,yes,4287,False,standard,False,,11888
CNG_Data2k_variance/files/Q00897.01-0000535614.0001.PDF,Q00897.01-0000535614.0001.PDF,.pdf,22558,ok,True,False,text,False,1,0,1,False,0,False,0-10,Money/Amount,False,Financial Account Information,False,,clear_non_responsive,False,,0,likely_non_responsive,,False,False,0,0,0,0,0,0,0.037,True,False,False,stage1_nr,False,,,0,False,,False,,0
CNG_Data2k_variance/files/Q00897.01-0000651651.0001.PDF,Q00897.01-0000651651.0001.PDF,.pdf,31545,ok,True,True,text,True,1,0,7,False,0,False,0-10,Name | Address | Phone | Card Expiry/CVV | Money/Amount,True,Contact Information | Financial Account Information,False,,ambiguous,True,no,7381,likely_non_responsive,bde_llm_count,True,True,1,0,0,0,0,1,16.97,True,False,False,stage1_nr,False,,,0,False,,False,,7381
CNG_Data2k_variance/files/Q00897.01-0000451495.0001.PDF,Q00897.01-0000451495.0001.PDF,.pdf,35693,ok,True,False,text,False,2,0,2,False,0,False,0-10,Name | Phone,True,Contact Information,False,,ambiguous,True,no,5069,likely_non_responsive,,False,False,0,0,0,0,0,0,1.803,True,False,False,stage1_nr,False,,,0,False,,False,,5069
CNG_Data2k_variance/files/Q00897.01-0000846740.0001.XLSX,Q00897.01-0000846740.0001.XLSX,.xlsx,12753,ok,True,True,text,True,3,0,1,False,0,False,0-10,Phone | Money/Amount,True,Contact Information | Financial Account Information,False,,ambiguous,True,no,7200,likely_non_responsive,bde_llm_count,False,False,0,0,0,0,0,0,3.124,True,False,False,stage1_nr,False,,,0,False,,False,,7200
CNG_Data2k_variance/files/Q00897.01-0000659179.0002.PDF,Q00897.01-0000659179.0002.PDF,.pdf,479843,ok,True,False,text,False,1,0,1,False,0,False,0-10,Name | Address,True,Contact Information,False,,ambiguous,True,yes,4959,standard,,True,True,1,0,0,0,0,1,9.848,False,False,True,,True,likely_yes,yes,5013,False,standard,False,,9972
CNG_Data2k_variance/files/Q00897.01-0000450105.0002.PDF,Q00897.01-0000450105.0002.PDF,.pdf,1223715,ok,True,False,text,False,17,0,1,False,0,False,0-10,Money/Amount,False,Financial Account Information,False,,clear_non_responsive,False,,0,likely_non_responsive,"img_ocr:p1,p6,p6,p15,p15,p15,p17(7/8,+1051chars)",False,False,0,8,8,7,0,8,35.119,True,False,False,stage1_nr,False,,,0,False,,False,,0
CNG_Data2k_variance/files/Q00897.01-0000666463.0001.PDF,Q00897.01-0000666463.0001.PDF,.pdf,1447628,ok,True,False,text,False,31,0,2,False,0,False,0-10,Address | Phone | Card/Transaction | Money/Amount | Work-Related,True,Contact Information | Financial Account Information | Work-Related Information,False,,ambiguous,True,no,8819,likely_non_responsive,"img_ocr:p1,p6(2/2,+27chars)",False,False,0,2,2,2,0,2,12.091,True,False,False,stage1_nr,False,,,0,False,,False,,8819
CNG_Data2k_variance/files/Q00897.01-0000908493.PDF,Q00897.01-0000908493.PDF,.pdf,12354,ok,True,False,text,False,1,0,0,False,0,False,0-10,,False,,False,,clear_non_responsive,False,,0,likely_non_responsive,,False,False,0,0,0,0,0,0,0.066,True,False,False,stage1_nr,False,,,0,False,,False,,0
CNG_Data2k_variance/files/Q00897.01-0000705360.MSG,Q00897.01-0000705360.MSG,.msg,196608,ok,True,False,text,False,0,1,2,False,0,False,0-10,Name | Phone,True,Contact Information,False,,ambiguous,True,yes,4502,standard,,False,False,0,0,0,0,0,0,3.995,False,False,True,,True,borderline,no,4575,False,likely_non_responsive,True,,9077
CNG_Data2k_variance/files/Q00897.01-0000813615.0001.DOCX,Q00897.01-0000813615.0001.DOCX,.docx,15127,ok,True,False,text,False,0,0,8,False,0,False,0-10,Name | Money/Amount,True,Financial Account Information,False,,ambiguous,True,no,8237,likely_non_responsive,bde_llm_count,False,False,0,0,0,0,0,0,3.758,True,False,False,stage1_nr,False,,,0,False,,False,,8237
CNG_Data2k_variance/files/Q00897.01-0000014000.PDF,Q00897.01-0000014000.PDF,.pdf,778333,ok,True,True,text,True,2,0,50,False,3,False,20-50,Name | Money/Amount | Work-Related,True,Financial Account Information | Work-Related Information,False,,ambiguous,True,yes,9587,standard,bde_llm_count,True,True,2,0,0,0,0,1,16.439,False,False,True,,True,clear_yes,yes,5210,False,standard,False,,14797
CNG_Data2k_variance/files/Q00897.01-0000318361.PDF,Q00897.01-0000318361.PDF,.pdf,1295799,ok,True,False,text,False,1,0,1,False,0,False,0-10,Name,False,,False,,ambiguous,True,no,4708,likely_non_responsive,,True,True,1,0,0,0,0,1,9.89,True,False,False,stage1_nr,False,,,0,False,,False,,4708
CNG_Data2k_variance/files/Q00897.01-0000788010.0001.DOCX,Q00897.01-0000788010.0001.DOCX,.docx,32303,ok,True,False,text,False,0,0,1,False,0,False,0-10,Money/Amount,False,Financial Account Information,False,,clear_non_responsive,False,,0,likely_non_responsive,,False,False,0,0,0,0,0,0,0.052,True,False,False,stage1_nr,False,,,0,False,,False,,0
CNG_Data2k_variance/files/Q00897.01-0000896389.PDF,Q00897.01-0000896389.PDF,.pdf,13286,ok,True,False,text,False,2,0,1,False,0,False,0-10,Money/Amount,False,Financial Account Information,False,,clear_non_responsive,False,,0,likely_non_responsive,,False,False,0,0,0,0,0,0,0.145,True,False,False,stage1_nr,False,,,0,False,,False,,0
CNG_Data2k_variance/files/Q00897.01-0000021024.PDF,Q00897.01-0000021024.PDF,.pdf,146009,ok,True,False,text,False,1,0,1,False,0,False,0-10,Money/Amount,False,Financial Account Information,False,,clear_non_responsive,False,,0,likely_non_responsive,,False,False,0,0,0,0,0,0,0.183,True,False,False,stage1_nr,False,,,0,False,,False,,0
CNG_Data2k_variance/files/Q00897.01-0000343869.PDF,Q00897.01-0000343869.PDF,.pdf,130311,ok,True,False,text,False,1,0,1,False,0,False,0-10,Name | Address | Money/Amount,True,Contact Information | Financial Account Information,False,,ambiguous,True,yes,4040,standard,,False,False,0,0,0,0,0,0,3.331,False,False,True,,True,clear_yes,yes,4071,False,standard,False,,8111
CNG_Data2k_variance/files/Q00897.01-0000894354.PDF,Q00897.01-0000894354.PDF,.pdf,36537,ok,True,False,text,False,5,0,1,False,0,False,0-10,Address | Money/Amount,True,Contact Information | Financial Account Information,False,,ambiguous,True,yes,6945,standard,,False,False,0,0,0,0,0,0,4.577,False,False,True,,True,likely_no,no,6987,False,likely_non_responsive,True,,13932
CNG_Data2k_variance/files/Q00897.01-0000344491.PDF,Q00897.01-0000344491.PDF,.pdf,15602,ok,True,False,text,False,3,0,1,False,0,False,0-10,Address | Money/Amount,True,Contact Information | Financial Account Information,False,,ambiguous,True,yes,4972,standard,,False,False,0,0,0,0,0,0,4.306,False,False,True,,True,clear_yes,yes,5008,False,standard,False,,9980
CNG_Data2k_variance/files/Q00897.01-0000020864.PDF,Q00897.01-0000020864.PDF,.pdf,59235,ok,True,False,text,False,1,0,0,False,0,False,0-10,,False,,False,,clear_non_responsive,False,,0,likely_non_responsive,,False,False,0,0,0,0,0,0,0.026,True,False,False,stage1_nr,False,,,0,False,,False,,0
CNG_Data2k_variance/files/Q00897.01-0000293104.PDF,Q00897.01-0000293104.PDF,.pdf,3947839,ok,True,False,text,False,27,0,1,False,0,False,0-10,Money/Amount,False,Financial Account Information,False,,clear_non_responsive,False,,0,likely_non_responsive,,False,False,0,0,0,0,0,0,3.953,True,False,False,stage1_nr,False,,,0,False,,False,,0
CNG_Data2k_variance/files/Q00897.01-0000778968.0001.PDF,Q00897.01-0000778968.0001.PDF,.pdf,118991,ok,True,False,text,False,3,0,11,False,11,False,10-20,Name | Phone,True,Contact Information,False,,ambiguous,True,no,10043,likely_non_responsive,"img_ocr:p1(1/1,+15chars) bde_llm_count",False,False,0,1,1,1,0,1,8.009,True,False,False,stage1_nr,False,,,0,False,,False,,10043
CNG_Data2k_variance/files/Q00897.01-0000326532.XLSX,Q00897.01-0000326532.XLSX,.xlsx,1151845,ok,True,True,text,True,5,0,6119,False,1,False,100+,Name | Phone | Money/Amount,True,Contact Information | Financial Account Information,False,,ambiguous,True,no,12715,likely_non_responsive,bde_llm_count,False,False,0,0,0,0,0,0,5.426,True,False,False,stage1_nr,False,,,0,False,,False,,12715
CNG_Data2k_variance/files/Q00897.01-0000467450.MSG,Q00897.01-0000467450.MSG,.msg,534528,ok,True,False,text,False,0,9,8,False,6,False,0-10,Name | Address | Email | Phone | Money/Amount,True,Contact Information | Financial Account Information,False,,ambiguous,True,yes,13565,standard,bde_llm_count,False,False,0,0,0,0,0,0,14.61,False,False,True,,True,likely_no,no,7261,False,likely_non_responsive,True,,20826
CNG_Data2k_variance/files/Q00897.01-0000818388.MSG,Q00897.01-0000818388.MSG,.msg,1098752,ok,True,False,text,False,0,2,3,False,0,False,0-10,Name | Phone,True,Contact Information,False,,ambiguous,True,yes,4043,standard,,False,False,0,0,0,0,0,0,3.031,False,False,True,,True,likely_no,no,4111,False,likely_non_responsive,True,,8154
CNG_Data2k_variance/files/Q00897.01-0000283850.PDF,Q00897.01-0000283850.PDF,.pdf,16504,ok,True,False,text,False,1,0,3,False,0,False,0-10,Name | Email | Phone | Money/Amount,True,Contact Information | Financial Account Information,False,,ambiguous,True,no,4021,likely_non_responsive,,False,False,0,0,0,0,0,0,2.498,True,False,False,stage1_nr,False,,,0,False,,False,,4021
CNG_Data2k_variance/files/Q00897.01-0000294936.PDF,Q00897.01-0000294936.PDF,.pdf,489057,ok,True,False,text,False,9,0,11,False,9,False,10-20,Name | Phone | Date of Birth | Account Balance | Money/Amount,True,Contact Information | Birth Information | Financial Account Information,False,,ambiguous,True,yes,17559,standard,"img_ocr:p4(1/2,+31chars) bde_llm_count_roster",False,False,0,2,2,1,0,2,32.468,False,False,True,,True,clear_yes,yes,9301,False,standard,False,,26860
CNG_Data2k_variance/files/Q00897.01-0000397536.0001.0002.XLSX,Q00897.01-0000397536.0001.0002.XLSX,.xlsx,158354,ok,True,True,text,True,15,0,55,False,0,False,50-100,Money/Amount,False,Financial Account Information,False,,ambiguous,True,no,8103,likely_non_responsive,bde_llm_count,False,False,0,0,0,0,0,0,4.094,True,False,False,stage1_nr,False,,,0,False,,False,,8103
CNG_Data2k_variance/files/Q00897.01-0000660588.MSG,Q00897.01-0000660588.MSG,.msg,626176,ok,True,False,text,False,0,4,0,False,0,False,0-10,,False,,False,,clear_non_responsive,False,,0,likely_non_responsive,,False,False,0,0,0,0,0,0,3.828,True,False,False,stage1_nr,False,,,0,False,,False,,0
CNG_Data2k_variance/files/Q00897.01-0000132491.PDF,Q00897.01-0000132491.PDF,.pdf,128857,ok,True,True,text,True,1,0,39,False,0,False,20-50,Phone | Money/Amount,True,Contact Information | Financial Account Information,False,,ambiguous,True,no,7456,likely_non_responsive,bde_llm_count,True,True,1,0,0,0,0,1,11.055,True,False,False,stage1_nr,False,,,0,False,,False,,7456
CNG_Data2k_variance/files/Q00897.01-0000549515.0001.XLSX,Q00897.01-0000549515.0001.XLSX,.xlsx,57875,ok,True,True,text,True,1,0,415,False,415,True,100+,Name | Phone | Money/Amount,True,Contact Information | Financial Account Information,True,,ambiguous,True,no,17886,structured_bde,roster_by_rowcount bde_llm_count_roster,False,False,0,0,0,0,0,0,30.956,False,True,True,,True,likely_no,no,9475,True,likely_non_responsive,True,,27361
CNG_Data2k_variance/files/Q00897.01-0000846027.MSG,Q00897.01-0000846027.MSG,.msg,49664,ok,True,False,text,False,0,1,11,False,7,False,10-20,Name | Address | Email | Phone,True,Contact Information,False,,ambiguous,True,yes,8838,standard,bde_llm_count,False,False,0,0,0,0,0,0,6.773,False,False,True,,True,likely_no,no,4864,False,likely_non_responsive,True,,13702
CNG_Data2k_variance/files/Q00897.01-0000871561.TXT,Q00897.01-0000871561.TXT,.txt,1890,ok,True,False,text,False,0,0,1,False,0,False,0-10,Address | Phone | Money/Amount,True,Contact Information | Financial Account Information,False,,ambiguous,True,no,3996,likely_non_responsive,,False,False,0,0,0,0,0,0,1.548,True,False,False,stage1_nr,False,,,0,False,,False,,3996
CNG_Data2k_variance/files/Q00897.01-0000489362.MSG,Q00897.01-0000489362.MSG,.msg,166400,ok,True,False,text,False,0,4,0,False,0,False,0-10,,False,,False,,clear_non_responsive,False,,0,likely_non_responsive,,False,False,0,0,0,0,0,0,0.766,True,False,False,stage1_nr,False,,,0,False,,False,,0
CNG_Data2k_variance/files/Q00897.01-0000316759.PDF,Q00897.01-0000316759.PDF,.pdf,1496784,ok,True,False,text,False,1,0,1,False,0,False,0-10,Money/Amount | Demographic,False,Financial Account Information | Demographic Information,False,,ambiguous,True,no,4341,likely_non_responsive,"img_ocr:p1,p1,p1,p1,p1,p1,p1,p1,p1(9/14,+168chars)",False,False,0,14,14,9,0,14,61.409,True,False,False,stage1_nr,False,,,0,False,,False,,4341
CNG_Data2k_variance/files/Q00897.01-0000822395.0001.PDF,Q00897.01-0000822395.0001.PDF,.pdf,218275,ok,True,False,text,False,1,0,6,False,0,False,0-10,Name | Address | Money/Amount | Work-Related,True,Contact Information | Financial Account Information | Work-Related Information,False,,ambiguous,True,yes,6151,standard,,False,False,0,0,0,0,0,0,4.921,False,False,True,,True,clear_yes,yes,6233,False,standard,False,,12384
CNG_Data2k_variance/files/Q00897.01-0000330311.PDF,Q00897.01-0000330311.PDF,.pdf,394482,ok,True,False,text,False,4,0,5,False,0,False,0-10,Name | Address | Bank/Account Number | Money/Amount,True,Contact Information | Financial Account Information,False,,ambiguous,True,yes,4465,standard,"img_ocr:p2(1/1,+378chars)",False,False,0,1,1,1,0,1,8.622,False,False,True,,True,borderline,no,4533,False,likely_non_responsive,True,,8998
CNG_Data2k_variance/files/Q00897.01-0000014653.XLSX,Q00897.01-0000014653.XLSX,.xlsx,227230,ok,True,True,text,True,3,0,357,False,7,True,100+,Name | Money/Amount,False,Financial Account Information,True,,ambiguous,True,yes,12189,structured_bde,bde_llm_count_roster,False,False,0,0,0,0,0,0,8.549,False,True,True,,True,clear_yes,yes,6573,True,structured_bde,False,,18762
CNG_Data2k_variance/files/Q00897.01-0000664827.MSG,Q00897.01-0000664827.MSG,.msg,1029632,ok,True,False,text,False,0,4,6,False,0,False,0-10,Name | Address | Email | Phone | Money/Amount,True,Contact Information | Financial Account Information,False,,ambiguous,True,yes,5595,standard,,False,False,0,0,0,0,0,0,7.129,False,False,True,,True,likely_no,no,5576,False,likely_non_responsive,True,,11171
CNG_Data2k_variance/files/Q00897.01-0000650899.MSG,Q00897.01-0000650899.MSG,.msg,20992,ok,True,False,text,False,0,0,0,False,0,False,0-10,,False,,False,,clear_non_responsive,False,,0,likely_non_responsive,,False,False,0,0,0,0,0,0,0.021,True,False,False,stage1_nr,False,,,0,False,,False,,0
CNG_Data2k_variance/files/Q00897.01-0000534587.0001.PDF,Q00897.01-0000534587.0001.PDF,.pdf,21149,ok,True,False,text,False,1,0,0,False,0,False,0-10,,False,,False,,clear_non_responsive,False,,0,likely_non_responsive,,False,False,0,0,0,0,0,0,0.021,True,False,False,stage1_nr,False,,,0,False,,False,,0
CNG_Data2k_variance/files/Q00897.01-0000330135.0001.PDF,Q00897.01-0000330135.0001.PDF,.pdf,345573,ok,True,True,text,True,5,0,21,False,1,False,20-50,Name | Address | Phone | Bank/Account Number | Money/Amount,True,Contact Information | Financial Account Information,False,,ambiguous,True,yes,8866,standard,bde_llm_count,True,True,5,0,0,0,0,1,11.143,False,False,True,,True,borderline,no,4914,False,likely_non_responsive,True,,13780
CNG_Data2k_variance/files/Q00897.01-0000709781.MSG,Q00897.01-0000709781.MSG,.msg,175616,ok,True,False,text,False,0,0,1,False,0,False,0-10,Phone | Money/Amount,True,Contact Information | Financial Account Information,False,,ambiguous,True,no,3955,likely_non_responsive,,False,False,0,0,0,0,0,0,1.311,True,False,False,stage1_nr,False,,,0,False,,False,,3955
CNG_Data2k_variance/files/Q00897.01-0000818043.MSG,Q00897.01-0000818043.MSG,.msg,110080,ok,True,False,text,False,0,0,6,False,0,False,0-10,Name | Phone,True,Contact Information,False,,ambiguous,True,no,4162,likely_non_responsive,,False,False,0,0,0,0,0,0,1.518,True,False,False,stage1_nr,False,,,0,False,,False,,4162
CNG_Data2k_variance/files/Q00897.01-0000049228.PDF,Q00897.01-0000049228.PDF,.pdf,619103,ok,True,False,text,False,6,0,1,False,0,False,0-10,Address | Money/Amount,True,Contact Information | Financial Account Information,False,,ambiguous,True,no,5619,likely_non_responsive,"img_ocr:p5,p5,p5,p5,p5,p5(6/6,+114chars)",False,False,0,6,6,6,0,6,34.72,True,False,False,stage1_nr,False,,,0,False,,False,,5619
CNG_Data2k_variance/files/Q00897.01-0000654852.0001.0001.XLSX,Q00897.01-0000654852.0001.0001.XLSX,.xlsx,11440,ok,True,True,text,True,1,0,14,False,0,False,10-20,Phone,True,Contact Information,False,,ambiguous,True,no,8062,likely_non_responsive,bde_llm_count,False,False,0,0,0,0,0,0,3.998,True,False,False,stage1_nr,False,,,0,False,,False,,8062
CNG_Data2k_variance/files/Q00897.01-0000414471.MSG,Q00897.01-0000414471.MSG,.msg,2560512,ok,True,False,text,False,0,2,1,False,0,False,0-10,Name | Address | Email | Phone,True,Contact Information,False,,ambiguous,True,no,4318,likely_non_responsive,,False,False,0,0,0,0,0,0,2.749,True,False,False,stage1_nr,False,,,0,False,,False,,4318
CNG_Data2k_variance/files/Q00897.01-0000846308.MSG,Q00897.01-0000846308.MSG,.msg,94208,ok,True,False,text,False,0,1,6,False,0,False,0-10,Name | Address | Email | Phone,True,Contact Information,False,,ambiguous,True,yes,4955,standard,,False,False,0,0,0,0,0,0,3.801,False,False,True,,True,likely_no,no,5029,False,likely_non_responsive,True,,9984
CNG_Data2k_variance/files/Q00897.01-0000376104.MSG,Q00897.01-0000376104.MSG,.msg,218112,ok,True,False,text,False,0,0,4,False,0,False,0-10,Name | Address | Email | Phone | Money/Amount,True,Contact Information | Financial Account Information,False,,ambiguous,True,yes,4868,standard,,False,False,0,0,0,0,0,0,5.177,False,False,True,,True,likely_no,no,4899,False,likely_non_responsive,True,,9767
CNG_Data2k_variance/files/Q00897.01-0000252315.XLSX,Q00897.01-0000252315.XLSX,.xlsx,98219,ok,True,True,text,True,8,0,1694,False,0,False,100+,Phone | Money/Amount,True,Contact Information | Financial Account Information,False,,ambiguous,True,no,11189,likely_non_responsive,roster_by_rowcount bde_llm_count,False,False,0,0,0,0,0,0,4.843,True,False,False,stage1_nr,False,,,0,False,,False,,11189
CNG_Data2k_variance\files\Q00897.01-0000847202.0001.0006.XLS,Q00897.01-0000847202.0001.0006.XLS,.xls,15173,ok,True,True,text,True,1,0,65,False,0,False,50-100,Health,False,Health-Related Information,False,,ambiguous,True,no,6999,likely_non_responsive,roster_by_rowcount bde_llm_count,False,False,0,0,0,0,0,0,4.383,True,False,False,stage1_nr,False,,,0,False,,False,,6999
CNG_Data2k_variance/files/Q00897.01-0000675594.MSG,Q00897.01-0000675594.MSG,.msg,1217024,ok,True,False,text,False,0,3,4,False,0,False,0-10,Name | Address | Email | Phone | Money/Amount,True,Contact Information | Financial Account Information,False,,ambiguous,True,yes,5075,standard,,False,False,0,0,0,0,0,0,7.087,False,False,True,,True,likely_no,no,5131,False,likely_non_responsive,True,,10206
CNG_Data2k_variance/files/Q00897.01-0000283270.PDF,Q00897.01-0000283270.PDF,.pdf,113552,ok,True,False,text,False,1,0,2,False,0,False,0-10,Name | Address | Phone | Money/Amount,True,Contact Information | Financial Account Information,False,,ambiguous,True,no,4457,likely_non_responsive,,False,False,0,0,0,0,0,0,2.905,True,False,False,stage1_nr,False,,,0,False,,False,,4457
CNG_Data2k_variance/files/Q00897.01-0000836038.MSG,Q00897.01-0000836038.MSG,.msg,298496,ok,True,False,text,False,0,7,11,False,6,False,10-20,Name | Address | Email | Phone,True,Contact Information,False,,ambiguous,True,yes,12581,standard,bde_llm_count,False,False,0,0,0,0,0,0,8.241,False,False,True,,True,likely_yes,yes,6699,False,standard,False,,19280
CNG_Data2k_variance/files/Q00897.01-0000246096.PDF,Q00897.01-0000246096.PDF,.pdf,564239,ok,True,True,text,True,1,0,10,False,0,False,0-10,Name | Address | Email | Money/Amount,True,Contact Information | Financial Account Information,False,,ambiguous,True,no,7571,likely_non_responsive,bde_llm_count,True,True,1,0,0,0,0,1,11.547,True,False,False,stage1_nr,False,,,0,False,,False,,7571
CNG_Data2k_variance/files/Q00897.01-0000898137.PDF,Q00897.01-0000898137.PDF,.pdf,13331,ok,True,False,text,False,2,0,1,False,0,False,0-10,Money/Amount,False,Financial Account Information,False,,clear_non_responsive,False,,0,likely_non_responsive,,False,False,0,0,0,0,0,0,0.166,True,False,False,stage1_nr,False,,,0,False,,False,,0
CNG_Data2k_variance/files/Q00897.01-0000424208.MSG,Q00897.01-0000424208.MSG,.msg,162816,ok,True,False,text,False,0,0,2,False,0,False,0-10,Name | Address | Health,True,Contact Information | Health-Related Information,False,,ambiguous,True,yes,3953,standard,,False,False,0,0,0,0,0,0,5.063,False,False,True,,True,borderline,no,4051,False,likely_non_responsive,True,,8004
CNG_Data2k_variance/files/Q00897.01-0000895552.PDF,Q00897.01-0000895552.PDF,.pdf,17184,ok,True,True,text,True,2,0,36,False,2,False,20-50,Name | Address | Phone | Money/Amount | Work-Related,True,Contact Information | Financial Account Information | Work-Related Information,False,,ambiguous,True,yes,8259,standard,bde_llm_count,True,True,2,0,0,0,0,1,69.254,False,False,True,,True,clear_yes,yes,4560,False,standard,False,,12819
CNG_Data2k_variance/files/Q00897.01-0000835422.0003.DOCX,Q00897.01-0000835422.0003.DOCX,.docx,42245,ok,True,False,text,False,0,0,1,False,0,False,0-10,Name | Money/Amount,True,Financial Account Information,False,,ambiguous,True,no,8384,likely_non_responsive,,False,False,0,0,0,0,0,0,1.434,True,False,False,stage1_nr,False,,,0,False,,False,,8384
CNG_Data2k_variance/files/Q00897.01-0000023961.XLSX,Q00897.01-0000023961.XLSX,.xlsx,140208,ok,True,True,text,True,2,0,483,False,483,True,100+,Name | Phone | Money/Amount,True,Contact Information | Financial Account Information,True,,ambiguous,True,yes,18111,structured_bde,bde_llm_count_roster,False,False,0,0,0,0,0,0,26.69,False,True,True,,True,clear_yes,yes,9696,True,structured_bde,False,,27807
CNG_Data2k_variance/files/Q00897.01-0000619012.MSG,Q00897.01-0000619012.MSG,.msg,2295808,ok,True,False,text,False,0,3,0,False,0,False,0-10,,False,,False,,clear_non_responsive,False,,0,likely_non_responsive,,False,False,0,0,0,0,0,0,0.272,True,False,False,stage1_nr,False,,,0,False,,False,,0
CNG_Data2k_variance/files/Q00897.01-0000132452.PDF,Q00897.01-0000132452.PDF,.pdf,2504134,ok,True,True,text,True,13,0,58,False,0,False,50-100,Phone | Money/Amount,True,Contact Information | Financial Account Information,False,,ambiguous,True,no,13255,likely_non_responsive,bde_llm_count,True,True,13,0,0,0,0,1,15.139,True,False,False,stage1_nr,False,,,0,False,,False,,13255
CNG_Data2k_variance/files/Q00897.01-0000800656.MSG,Q00897.01-0000800656.MSG,.msg,179200,ok,True,False,text,False,0,0,3,False,0,False,0-10,Name | Email | Card Expiry/CVV,True,Contact Information | Financial Account Information,False,,ambiguous,True,yes,4157,standard,,False,False,0,0,0,0,0,0,3.594,False,False,True,,True,likely_yes,yes,4226,False,standard,False,,8383
CNG_Data2k_variance/files/Q00897.01-0000258211.0002.PDF,Q00897.01-0000258211.0002.PDF,.pdf,262629,ok,True,False,text,False,3,0,1,False,0,False,0-10,Name | Address | Bank/Account Number | Money/Amount,True,Contact Information | Financial Account Information,False,,ambiguous,True,yes,4457,standard,"img_ocr:p2(1/1,+386chars)",False,False,0,1,1,1,0,1,7.323,False,False,True,,True,likely_yes,yes,4490,False,standard,False,,8947
CNG_Data2k_variance/files/Q00897.01-0000613673.0001.XLSX,Q00897.01-0000613673.0001.XLSX,.xlsx,22066,ok,True,True,text,True,2,0,151,False,0,False,100+,Address,True,Contact Information,False,,ambiguous,True,no,8452,likely_non_responsive,roster_by_rowcount bde_llm_count,False,False,0,0,0,0,0,0,8.64,True,False,False,stage1_nr,False,,,0,False,,False,,8452
CNG_Data2k_variance/files/Q00897.01-0000330304.0001.PDF,Q00897.01-0000330304.0001.PDF,.pdf,448159,ok,True,False,text,False,7,0,1,False,0,False,0-10,Name | Address | Bank/Account Number | Money/Amount,True,Contact Information | Financial Account Information,False,,ambiguous,True,yes,4529,standard,,False,False,0,0,0,0,0,0,4.189,False,False,True,,True,likely_no,no,4594,False,likely_non_responsive,True,,9123
CNG_Data2k_variance/files/Q00897.01-0000898265.PDF,Q00897.01-0000898265.PDF,.pdf,19627,ok,True,False,text,False,3,0,1,False,0,False,0-10,Name | Address | Phone | Money/Amount,True,Contact Information | Financial Account Information,False,,ambiguous,True,yes,5993,standard,,False,False,0,0,0,0,0,0,64.211,False,False,True,,True,likely_yes,yes,6025,False,standard,False,,12018
CNG_Data2k_variance/files/Q00897.01-0000000045.PDF,Q00897.01-0000000045.PDF,.pdf,1101984,ok,True,True,text,True,4,0,14,False,2,False,10-20,Name | Address | Phone | Money/Amount,True,Contact Information | Financial Account Information,False,,ambiguous,True,yes,10323,standard,bde_llm_count,True,True,4,0,0,0,0,1,14.351,False,False,True,,True,clear_yes,yes,5615,False,standard,False,,15938
CNG_Data2k_variance/files/Q00897.01-0000438450.0003.PDF,Q00897.01-0000438450.0003.PDF,.pdf,351353,ok,True,False,text,False,11,0,14,False,2,False,10-20,Name | Money/Amount,True,Financial Account Information,False,,ambiguous,True,no,12761,likely_non_responsive,"img_ocr:p1,p4(2/2,+51chars) bde_llm_count",False,False,0,2,2,2,0,2,13.083,True,False,False,stage1_nr,False,,,0,False,,False,,12761
CNG_Data2k_variance/files/Q00897.01-0000840211.0001.DOCX,Q00897.01-0000840211.0001.DOCX,.docx,18636,ok,True,False,text,False,0,0,1,False,0,False,0-10,Money/Amount,False,Financial Account Information,False,,clear_non_responsive,False,,0,likely_non_responsive,,False,False,0,0,0,0,0,0,0.055,True,False,False,stage1_nr,False,,,0,False,,False,,0
CNG_Data2k_variance/files/Q00897.01-0000110236.XLSX,Q00897.01-0000110236.XLSX,.xlsx,128898,ok,True,True,text,True,18,0,1219,False,0,False,100+,Phone,True,Contact Information,False,,ambiguous,True,no,7574,likely_non_responsive,roster_by_rowcount bde_llm_count,False,False,0,0,0,0,0,0,11.711,True,False,False,stage1_nr,False,,,0,False,,False,,7574
CNG_Data2k_variance/files/Q00897.01-0000107834.PDF,Q00897.01-0000107834.PDF,.pdf,597172,ok,True,False,text,False,1,0,1,False,0,False,0-10,Money/Amount,False,Financial Account Information,False,,clear_non_responsive,False,,0,likely_non_responsive,,True,True,1,0,0,0,0,1,4.419,True,False,False,stage1_nr,False,,,0,False,,False,,0
CNG_Data2k_variance/files/Q00897.01-0000819505.MSG,Q00897.01-0000819505.MSG,.msg,536064,ok,True,False,text,False,0,1,8,False,6,False,0-10,Name | Address | Email | Phone | Money/Amount,True,Contact Information | Financial Account Information,False,,ambiguous,True,yes,20239,standard,bde_llm_count,False,False,0,0,0,0,0,0,34.937,False,False,True,,True,likely_no,no,10617,False,likely_non_responsive,True,,30856
CNG_Data2k_variance/files/Q00897.01-0000760191.MSG,Q00897.01-0000760191.MSG,.msg,70656,ok,True,False,text,False,0,0,1,False,0,False,0-10,Address | Email,True,Contact Information,False,,ambiguous,True,no,3839,likely_non_responsive,,False,False,0,0,0,0,0,0,2.081,True,False,False,stage1_nr,False,,,0,False,,False,,3839
CNG_Data2k_variance/files/Q00897.01-0000706998.MSG,Q00897.01-0000706998.MSG,.msg,227840,ok,True,False,text,False,0,0,5,False,0,False,0-10,Name | Address | Work-Related,True,Contact Information | Work-Related Information,False,,ambiguous,True,no,4845,likely_non_responsive,,False,False,0,0,0,0,0,0,1.711,True,False,False,stage1_nr,False,,,0,False,,False,,4845
CNG_Data2k_variance\files\Q00897.01-0000866605.XLS,Q00897.01-0000866605.XLS,.xls,83611,ok,True,True,text,True,3,0,124,False,6,True,100+,Name,False,,True,,ambiguous,True,yes,8602,structured_bde,roster_by_rowcount bde_llm_count_roster,False,False,0,0,0,0,0,0,5.392,False,True,True,,True,clear_yes,yes,4761,True,structured_bde,False,,13363
CNG_Data2k_variance/files/Q00897.01-0000590460.MSG,Q00897.01-0000590460.MSG,.msg,555520,ok,True,False,text,False,0,1,1,False,0,False,0-10,Name | Email | Phone | Credentials,True,Contact Information | Access Credentials,False,,ambiguous,True,yes,3813,standard,,False,False,0,0,0,0,0,0,18.424,False,False,True,,True,likely_yes,yes,3873,False,standard,False,,7686
CNG_Data2k_variance/files/Q00897.01-0000833208.MSG,Q00897.01-0000833208.MSG,.msg,158208,ok,True,False,text,False,0,1,2,False,0,False,0-10,Name | Address | Email | Phone | Credentials,True,Contact Information | Access Credentials,False,,ambiguous,True,yes,4405,standard,,False,False,0,0,0,0,0,0,2.807,False,False,True,,True,likely_no,no,4479,False,likely_non_responsive,True,,8884
CNG_Data2k_variance/files/Q00897.01-0000684491.MSG,Q00897.01-0000684491.MSG,.msg,225792,ok,True,False,text,False,0,0,5,False,0,False,0-10,Name | Address,True,Contact Information,False,,ambiguous,True,no,5049,likely_non_responsive,,False,False,0,0,0,0,0,0,1.494,True,False,False,stage1_nr,False,,,0,False,,False,,5049
CNG_Data2k_variance/files/Q00897.01-0000890821.PDF,Q00897.01-0000890821.PDF,.pdf,25170,ok,True,False,text,False,4,0,0,False,0,False,0-10,,False,,False,,clear_non_responsive,False,,0,likely_non_responsive,,False,False,0,0,0,0,0,0,0.286,True,False,False,stage1_nr,False,,,0,False,,False,,0
CNG_Data2k_variance/files/Q00897.01-0000710624.MSG,Q00897.01-0000710624.MSG,.msg,195072,ok,True,False,text,False,0,0,1,False,0,False,0-10,Name | Address | Email | Money/Amount,True,Contact Information | Financial Account Information,False,,ambiguous,True,yes,4295,standard,,False,False,0,0,0,0,0,0,3.949,False,False,True,,True,clear_yes,yes,4360,False,standard,False,,8655
CNG_Data2k_variance/files/Q00897.01-0000843674.MSG,Q00897.01-0000843674.MSG,.msg,132608,ok,True,False,text,False,0,2,8,False,6,False,0-10,Address | Email | Phone,True,Contact Information,False,,ambiguous,True,no,8264,likely_non_responsive,bde_llm_count,False,False,0,0,0,0,0,0,2.9,True,False,False,stage1_nr,False,,,0,False,,False,,8264
CNG_Data2k_variance/files/Q00897.01-0000256991.DOCX,Q00897.01-0000256991.DOCX,.docx,19820,ok,True,False,text,False,0,0,2,False,0,False,0-10,Name | Address | Phone | Money/Amount,True,Contact Information | Financial Account Information,False,,ambiguous,True,no,3838,likely_non_responsive,,False,False,0,0,0,0,0,0,1.842,True,False,False,stage1_nr,False,,,0,False,,False,,3838
CNG_Data2k_variance/files/Q00897.01-0000762041.MSG,Q00897.01-0000762041.MSG,.msg,84992,ok,True,False,text,False,0,0,98,False,98,True,50-100,Name | Address | Email | Money/Amount,True,Contact Information | Financial Account Information,True,,ambiguous,True,yes,19624,bde,bde_llm_count_roster,False,False,0,0,0,0,0,0,15.058,False,True,True,,True,likely_yes,yes,9980,True,bde,False,,29604
CNG_Data2k_variance/files/Q00897.01-0000101343.PDF,Q00897.01-0000101343.PDF,.pdf,442581,ok,True,True,text,True,1,0,3,False,0,False,0-10,Address | Phone,True,Contact Information,False,,ambiguous,True,no,7709,likely_non_responsive,bde_llm_count,True,True,1,0,0,0,0,1,19.552,True,False,False,stage1_nr,False,,,0,False,,False,,7709
CNG_Data2k_variance/files/Q00897.01-0000443429.0001.PDF,Q00897.01-0000443429.0001.PDF,.pdf,38253,ok,True,False,text,False,2,0,2,False,0,False,0-10,Name | Address | Email | Phone | Card/Transaction | Money/Amount,True,Contact Information | Financial Account Information,False,,ambiguous,True,yes,4667,standard,,False,False,0,0,0,0,0,0,4.054,False,False,True,,True,likely_no,no,4705,False,likely_non_responsive,True,,9372
CNG_Data2k_variance/files/Q00897.01-0000327852.XLSX,Q00897.01-0000327852.XLSX,.xlsx,69249,ok,True,True,text,True,12,0,412,False,0,False,100+,Phone | Money/Amount,True,Contact Information | Financial Account Information,False,,ambiguous,True,no,9633,likely_non_responsive,roster_by_rowcount bde_llm_count,False,False,0,0,0,0,0,0,4.015,True,False,False,stage1_nr,False,,,0,False,,False,,9633
CNG_Data2k_variance/files/Q00897.01-0000914819.PDF,Q00897.01-0000914819.PDF,.pdf,251612,ok,True,False,text,False,1,0,2,False,0,False,0-10,Name | Email | Work-Related,True,Contact Information | Work-Related Information,False,,ambiguous,True,yes,4075,standard,,False,False,0,0,0,0,0,0,3.677,False,False,True,,True,likely_yes,yes,4114,False,standard,False,,8189
CNG_Data2k_variance/files/Q00897.01-0000373122.MSG,Q00897.01-0000373122.MSG,.msg,229888,ok,True,False,text,False,0,0,3,False,0,False,0-10,Name | Address | Email | Phone | Money/Amount,True,Contact Information | Financial Account Information,False,,ambiguous,True,yes,5283,standard,,False,False,0,0,0,0,0,0,5.85,False,False,True,,True,likely_no,no,5338,False,likely_non_responsive,True,,10621
CNG_Data2k_variance/files/Q00897.01-0000332032.0001.PDF,Q00897.01-0000332032.0001.PDF,.pdf,313320,ok,True,False,text,False,4,0,1,False,0,False,0-10,Name | Address | Bank/Account Number | Money/Amount,True,Contact Information | Financial Account Information,False,,ambiguous,True,yes,4355,standard,"img_ocr:p2(1/1,+234chars)",False,False,0,1,1,1,0,1,8.325,False,False,True,,True,likely_no,no,4411,False,likely_non_responsive,True,,8766
CNG_Data2k_variance/files/Q00897.01-0000474548.0001.JPG,Q00897.01-0000474548.0001.JPG,.jpg,277934,ok,True,False,text,False,1,0,1,False,0,False,0-10,Address | Email | Card/Transaction,True,Contact Information | Financial Account Information,False,,ambiguous,True,no,3938,likely_non_responsive,,True,True,1,0,0,0,0,1,6.485,True,False,False,stage1_nr,False,,,0,False,,False,,3938
CNG_Data2k_variance/files/Q00897.01-0000479731.MSG,Q00897.01-0000479731.MSG,.msg,39936,ok,True,False,text,False,0,0,5,False,0,False,0-10,Name | Address | Email | Phone | Money/Amount,True,Contact Information | Financial Account Information,False,,ambiguous,True,yes,7020,standard,,False,False,0,0,0,0,0,0,9.911,False,False,True,,True,likely_no,no,7037,False,likely_non_responsive,True,,14057
CNG_Data2k_variance/files/Q00897.01-0000897658.PDF,Q00897.01-0000897658.PDF,.pdf,66103,ok,True,False,text,False,13,0,3,False,0,False,0-10,Name | Address | Phone | Money/Amount | Work-Related,True,Contact Information | Financial Account Information | Work-Related Information,False,,ambiguous,True,yes,14214,standard,,False,False,0,0,0,0,0,0,64.255,False,False,True,,True,clear_yes,yes,14277,False,standard,False,,28491
CNG_Data2k_variance/files/Q00897.01-0000914242.PDF,Q00897.01-0000914242.PDF,.pdf,6833,ok,True,False,text,False,3,0,1,False,0,False,0-10,Name | Address | Phone | Money/Amount,True,Contact Information | Financial Account Information,False,,ambiguous,True,yes,5660,standard,,False,False,0,0,0,0,0,0,3.702,False,False,True,,True,likely_yes,yes,5708,False,standard,False,,11368
CNG_Data2k_variance/files/Q00897.01-0000447023.0001.PDF,Q00897.01-0000447023.0001.PDF,.pdf,12781,ok,True,False,text,False,3,0,1,False,0,False,0-10,Money/Amount,False,Financial Account Information,False,,clear_non_responsive,False,,0,likely_non_responsive,,False,False,0,0,0,0,0,0,0.159,True,False,False,stage1_nr,False,,,0,False,,False,,0
CNG_Data2k_variance/files/Q00897.01-0000004662.PDF,Q00897.01-0000004662.PDF,.pdf,61855,ok,True,False,text,False,1,0,0,False,0,False,0-10,,False,,False,,clear_non_responsive,False,,0,likely_non_responsive,,True,True,1,0,0,0,0,1,4.252,True,False,False,stage1_nr,False,,,0,False,,False,,0
CNG_Data2k_variance/files/Q00897.01-0000305610.PDF,Q00897.01-0000305610.PDF,.pdf,5409519,ok,True,True,text,True,15,0,676,False,0,False,100+,Money/Amount,False,Financial Account Information,False,,ambiguous,True,no,29625,likely_non_responsive,bde_llm_count,True,True,15,0,0,0,0,1,73.196,True,False,False,stage1_nr,False,,,0,False,,False,,29625
CNG_Data2k_variance/files/Q00897.01-0000122498.XLSX,Q00897.01-0000122498.XLSX,.xlsx,49196,ok,True,True,text,True,3,0,498,False,498,True,100+,,False,,True,,ambiguous,True,no,7852,structured_bde,roster_by_rowcount bde_llm_count_roster,False,False,0,0,0,0,0,0,7.732,False,True,True,,True,clear_no,no,4402,True,likely_non_responsive,True,,12254
CNG_Data2k_variance/files/Q00897.01-0000118965.DOCX,Q00897.01-0000118965.DOCX,.docx,29665,ok,True,False,text,False,0,0,2,False,0,False,0-10,Email | Phone | Money/Amount | Health,True,Contact Information | Financial Account Information | Health-Related Information,False,,ambiguous,True,no,4487,likely_non_responsive,,False,False,0,0,0,0,0,0,2.574,True,False,False,stage1_nr,False,,,0,False,,False,,4487
CNG_Data2k_variance/files/Q00897.01-0000453958.MSG,Q00897.01-0000453958.MSG,.msg,176640,ok,True,False,text,False,0,2,3,False,0,False,0-10,Name | Address | Email | Phone | Money/Amount,True,Contact Information | Financial Account Information,False,,ambiguous,True,no,4582,likely_non_responsive,,False,False,0,0,0,0,0,0,2.438,True,False,False,stage1_nr,False,,,0,False,,False,,4582
CNG_Data2k_variance/files/Q00897.01-0000269749.PDF,Q00897.01-0000269749.PDF,.pdf,338390,ok,True,False,text,False,1,0,1,False,0,False,0-10,Name | Address | Bank/Account Number | Money/Amount,True,Contact Information | Financial Account Information,False,,ambiguous,True,no,3938,likely_non_responsive,"img_ocr:p1(1/1,+31chars)",False,False,0,1,1,1,0,1,9.9,True,False,False,stage1_nr,False,,,0,False,,False,,3938
CNG_Data2k_variance/files/Q00897.01-0000806074.MSG,Q00897.01-0000806074.MSG,.msg,141312,ok,True,False,text,False,0,1,9,False,9,False,0-10,Name | Address | Email | Phone | Health,True,Contact Information | Health-Related Information,False,,ambiguous,True,yes,12855,standard,bde_llm_count,False,False,0,0,0,0,0,0,8.138,False,False,True,,True,likely_yes,yes,6827,False,standard,False,,19682
CNG_Data2k_variance/files/Q00897.01-0000814348.0001.DOCX,Q00897.01-0000814348.0001.DOCX,.docx,23152,ok,True,False,text,False,0,0,0,False,0,False,0-10,,False,,False,,clear_non_responsive,False,,0,likely_non_responsive,,False,False,0,0,0,0,0,0,0.037,True,False,False,stage1_nr,False,,,0,False,,False,,0
CNG_Data2k_variance/files/Q00897.01-0000016818.PDF,Q00897.01-0000016818.PDF,.pdf,904761,ok,True,True,text,True,4,0,61,False,1,False,50-100,Name | Address | Email | Phone | Money/Amount,True,Contact Information | Financial Account Information,False,,ambiguous,True,yes,8683,standard,bde_llm_count,True,True,4,0,0,0,0,1,13.61,False,False,True,,True,clear_yes,yes,4820,True,structured_bde,False,,13503
CNG_Data2k_variance/files/Q00897.01-0000343812.PDF,Q00897.01-0000343812.PDF,.pdf,138337,ok,True,False,text,False,1,0,1,False,0,False,0-10,Name | Address | Money/Amount | Work-Related,True,Contact Information | Financial Account Information | Work-Related Information,False,,ambiguous,True,yes,4098,standard,,False,False,0,0,0,0,0,0,3.428,False,False,True,,True,clear_yes,yes,4146,False,standard,False,,8244
CNG_Data2k_variance/files/Q00897.01-0000662617.MSG,Q00897.01-0000662617.MSG,.msg,584192,ok,True,False,text,False,0,2,10,False,6,False,0-10,Name | Address | Email | Phone,True,Contact Information,False,,ambiguous,True,yes,13379,standard,bde_llm_count,False,False,0,0,0,0,0,0,8.743,False,False,True,,True,likely_no,no,7177,False,likely_non_responsive,True,,20556
CNG_Data2k_variance/files/Q00897.01-0000251500.XLSX,Q00897.01-0000251500.XLSX,.xlsx,25953,ok,True,True,text,True,1,0,70,False,0,False,50-100,Name | Phone | Money/Amount,True,Contact Information | Financial Account Information,False,,ambiguous,True,no,7859,likely_non_responsive,roster_by_rowcount bde_llm_count,False,False,0,0,0,0,0,0,3.623,True,False,False,stage1_nr,False,,,0,False,,False,,7859
CNG_Data2k_variance/files/Q00897.01-0000812485.MSG,Q00897.01-0000812485.MSG,.msg,137216,ok,True,False,text,False,0,0,2,False,0,False,0-10,Name | Address | Phone | Card/Transaction | Money/Amount,True,Contact Information | Financial Account Information,False,,ambiguous,True,yes,3946,standard,,False,False,0,0,0,0,0,0,3.565,False,False,True,,True,likely_yes,yes,3970,False,standard,False,,7916
CNG_Data2k_variance/files/Q00897.01-0000015941.PDF,Q00897.01-0000015941.PDF,.pdf,272854,ok,True,True,text,True,1,0,1,False,1,False,0-10,Name | SSN | Money/Amount,True,Government-Issued Identification | Financial Account Information,False,,clear_responsive,False,,3113,standard,bde_llm_count,True,True,1,0,0,0,0,1,8.666,False,False,True,,True,clear_yes,yes,4026,False,standard,False,,7139
CNG_Data2k_variance/files/Q00897.01-0000774177.0001.DOCX,Q00897.01-0000774177.0001.DOCX,.docx,16636,ok,True,False,text,False,0,0,1,False,0,False,0-10,Name | Date of Birth,True,Birth Information,False,,ambiguous,True,yes,4100,standard,,False,False,0,0,0,0,0,0,4.892,False,False,True,,True,clear_yes,yes,4158,False,standard,False,,8258
CNG_Data2k_variance/files/Q00897.01-0000535820.0001.CSV,Q00897.01-0000535820.0001.CSV,.csv,119216,ok,True,True,text,True,0,0,601,False,0,False,100+,Money/Amount,False,Financial Account Information,False,,ambiguous,True,no,15020,likely_non_responsive,roster_by_rowcount bde_llm_count,False,False,0,0,0,0,0,0,15.13,True,False,False,stage1_nr,False,,,0,False,,False,,15020
CNG_Data2k_variance/files/Q00897.01-0000914984.PDF,Q00897.01-0000914984.PDF,.pdf,365936,ok,True,True,text,True,1,0,8,False,1,False,0-10,Name | Email | Money/Amount | Work-Related,True,Contact Information | Financial Account Information | Work-Related Information,False,,ambiguous,True,yes,7202,standard,bde_llm_count,True,True,1,0,0,0,0,1,12.243,False,False,True,,True,likely_yes,yes,4086,False,standard,False,,11288
CNG_Data2k_variance/files/Q00897.01-0000577637.0001.XLSX,Q00897.01-0000577637.0001.XLSX,.xlsx,203794,ok,True,True,text,True,6,0,321,False,321,True,100+,Name | Money/Amount,False,Financial Account Information,True,,ambiguous,True,yes,10841,structured_bde,bde_llm_count_roster,False,False,0,0,0,0,0,0,35.228,False,True,True,,True,likely_no,no,5972,True,likely_non_responsive,True,,16813
CNG_Data2k_variance/files/Q00897.01-0000672756.MSG,Q00897.01-0000672756.MSG,.msg,140288,ok,True,False,text,False,0,1,1,False,0,False,0-10,Name | Money/Amount,True,Financial Account Information,False,,ambiguous,True,no,3837,likely_non_responsive,,False,False,0,0,0,0,0,0,1.551,True,False,False,stage1_nr,False,,,0,False,,False,,3837
CNG_Data2k_variance/files/Q00897.01-0000541114.0001.XLSX,Q00897.01-0000541114.0001.XLSX,.xlsx,72642,ok,True,True,text,True,4,0,97,False,18,True,50-100,Phone | Money/Amount,True,Contact Information | Financial Account Information,True,,ambiguous,True,no,9608,structured_bde,bde_llm_count_roster,False,False,0,0,0,0,0,0,19.904,False,True,True,,True,likely_no,no,5412,True,likely_non_responsive,True,,15020
CNG_Data2k_variance/files/Q00897.01-0000911961.PDF,Q00897.01-0000911961.PDF,.pdf,11806,ok,True,False,text,False,4,0,0,False,0,False,0-10,,False,,False,,clear_non_responsive,False,,0,likely_non_responsive,,False,False,0,0,0,0,0,0,0.102,True,False,False,stage1_nr,False,,,0,False,,False,,0
CNG_Data2k_variance/files/Q00897.01-0000467576.MSG,Q00897.01-0000467576.MSG,.msg,507904,ok,True,False,text,False,0,2,2,False,0,False,0-10,Address | Email | Phone | Money/Amount,True,Contact Information | Financial Account Information,False,,ambiguous,True,no,4562,likely_non_responsive,,False,False,0,0,0,0,0,0,2.562,True,False,False,stage1_nr,False,,,0,False,,False,,4562
CNG_Data2k_variance/files/Q00897.01-0000538051.MSG,Q00897.01-0000538051.MSG,.msg,122368,ok,True,False,text,False,0,0,1,False,0,False,0-10,Money/Amount,False,Financial Account Information,False,,clear_non_responsive,False,,0,likely_non_responsive,,False,False,0,0,0,0,0,0,0.362,True,False,False,stage1_nr,False,,,0,False,,False,,0
CNG_Data2k_variance/files/Q00897.01-0000001975.PDF,Q00897.01-0000001975.PDF,.pdf,49283,ok,True,False,text,False,1,0,2,False,0,False,0-10,Name | Date of Birth,True,Birth Information,False,,ambiguous,True,yes,3918,standard,,False,False,0,0,0,0,0,0,6.087,False,False,True,,True,clear_yes,yes,3947,False,standard,False,,7865
CNG_Data2k_variance/files/Q00897.01-0000841722.0005.PDF,Q00897.01-0000841722.0005.PDF,.pdf,21468,ok,True,False,text,False,9,0,1,False,0,False,0-10,Card/Transaction | Money/Amount | Work-Related,False,Financial Account Information | Work-Related Information,False,,ambiguous,True,no,10577,likely_non_responsive,,False,False,0,0,0,0,0,0,1.746,True,False,False,stage1_nr,False,,,0,False,,False,,10577
CNG_Data2k_variance/files/Q00897.01-0000669389.MSG,Q00897.01-0000669389.MSG,.msg,336896,ok,True,False,text,False,0,1,3,False,0,False,0-10,Name | Phone,True,Contact Information,False,,ambiguous,True,no,3720,likely_non_responsive,,False,False,0,0,0,0,0,0,1.853,True,False,False,stage1_nr,False,,,0,False,,False,,3720
CNG_Data2k_variance/files/Q00897.01-0000671759.0001.XLSX,Q00897.01-0000671759.0001.XLSX,.xlsx,104993,ok,True,True,text,True,1,0,283,False,0,False,100+,Address | Phone | Payment Card | Card/Transaction | Money/Amount,True,Contact Information | Financial Account Information,False,,ambiguous,True,no,10866,likely_non_responsive,bde_llm_count,False,False,0,0,0,0,0,0,3.977,True,False,False,stage1_nr,False,,,0,False,,False,,10866
CNG_Data2k_variance/files/Q00897.01-0000809848.MSG,Q00897.01-0000809848.MSG,.msg,3403264,ok,True,False,text,False,0,1,0,False,0,False,0-10,,False,,False,,clear_non_responsive,False,,0,likely_non_responsive,,False,False,0,0,0,0,0,0,0.204,True,False,False,stage1_nr,False,,,0,False,,False,,0
CNG_Data2k_variance/files/Q00897.01-0000470524.0005.XLSX,Q00897.01-0000470524.0005.XLSX,.xlsx,71734,ok,True,True,text,True,1,0,325,False,0,True,100+,Phone | Money/Amount,True,Contact Information | Financial Account Information,True,,ambiguous,True,no,21389,structured_bde,bde_llm_count_roster,False,False,0,0,0,0,0,0,6.798,False,True,True,,True,clear_no,no,11147,True,likely_non_responsive,True,,32536
CNG_Data2k_variance/files/Q00897.01-0000739470.MSG,Q00897.01-0000739470.MSG,.msg,202752,ok,True,False,text,False,0,0,1,False,0,False,0-10,Money/Amount,False,Financial Account Information,False,,clear_non_responsive,False,,0,likely_non_responsive,,False,False,0,0,0,0,0,0,1.477,True,False,False,stage1_nr,False,,,0,False,,False,,0
CNG_Data2k_variance/files/Q00897.01-0000418441.MSG,Q00897.01-0000418441.MSG,.msg,685568,ok,True,False,text,False,0,1,2,False,0,False,0-10,Name | Address | Email | Phone | Money/Amount,True,Contact Information | Financial Account Information,False,,ambiguous,True,no,4130,likely_non_responsive,,False,False,0,0,0,0,0,0,2.933,True,False,False,stage1_nr,False,,,0,False,,False,,4130
CNG_Data2k_variance/files/Q00897.01-0000823229.0005.PDF,Q00897.01-0000823229.0005.PDF,.pdf,4083801,ok,True,True,text,True,15,0,76,False,2,False,50-100,Name | Money/Amount | Health,True,Financial Account Information | Health-Related Information,False,,ambiguous,True,no,16101,likely_non_responsive,bde_llm_count,True,True,15,0,0,0,0,1,15.933,True,False,False,stage1_nr,False,,,0,False,,False,,16101
CNG_Data2k_variance/files/Q00897.01-0000504135.MSG,Q00897.01-0000504135.MSG,.msg,84992,ok,True,False,text,False,0,0,2,False,0,False,0-10,Address | Email | Phone | Money/Amount | Health,True,Contact Information | Financial Account Information | Health-Related Information,False,,ambiguous,True,no,4297,likely_non_responsive,,False,False,0,0,0,0,0,0,16.037,True,False,False,stage1_nr,False,,,0,False,,False,,4297
CNG_Data2k_variance/files/Q00897.01-0000393016.MSG,Q00897.01-0000393016.MSG,.msg,70144,ok,True,False,text,False,0,0,1,False,0,False,0-10,Name | Address,True,Contact Information,False,,ambiguous,True,no,5332,likely_non_responsive,,False,False,0,0,0,0,0,0,1.838,True,False,False,stage1_nr,False,,,0,False,,False,,5332
CNG_Data2k_variance/files/Q00897.01-0000521747.MSG,Q00897.01-0000521747.MSG,.msg,128512,ok,True,False,text,False,0,0,1,False,0,False,0-10,Address,True,Contact Information,False,,ambiguous,True,yes,4987,standard,,False,False,0,0,0,0,0,0,16.092,False,False,True,,True,borderline,no,5053,False,likely_non_responsive,True,,10040
CNG_Data2k_variance/files/Q00897.01-0000007976.PDF,Q00897.01-0000007976.PDF,.pdf,1265604,ok,True,True,text,True,3,0,39,False,1,False,20-50,Address | Email | Phone | SSN | Alien Registration | Date of Birth | Birth Certificate | Card Expiry/CVV,True,Contact Information | Government-Issued Identification | Birth Information | Financial Account Information,False,,clear_responsive,False,,5091,standard,bde_llm_count,True,True,3,0,0,0,0,1,11.126,False,False,True,,True,clear_yes,yes,5935,False,standard,False,,11026
CNG_Data2k_variance/files/Q00897.01-0000912237.PDF,Q00897.01-0000912237.PDF,.pdf,20138,ok,True,True,text,True,2,0,17,False,1,False,10-20,Address | Phone | SSN | Date of Birth,True,Contact Information | Government-Issued Identification | Birth Information,False,,clear_responsive,False,,3385,standard,bde_llm_count,True,True,2,0,0,0,0,1,11.796,False,False,True,,True,clear_yes,yes,4236,False,standard,False,,7621
CNG_Data2k_variance/files/Q00897.01-0000707102.MSG,Q00897.01-0000707102.MSG,.msg,157184,ok,True,False,text,False,0,0,0,False,0,False,0-10,,False,,False,,clear_non_responsive,False,,0,likely_non_responsive,,False,False,0,0,0,0,0,0,0.765,True,False,False,stage1_nr,False,,,0,False,,False,,0
CNG_Data2k_variance/files/Q00897.01-0000483658.MSG,Q00897.01-0000483658.MSG,.msg,29184,ok,True,False,text,False,0,0,3,False,0,False,0-10,Name | Address | Email | Phone | Money/Amount | Work-Related,True,Contact Information | Financial Account Information | Work-Related Information,False,,ambiguous,True,yes,4565,standard,,False,False,0,0,0,0,0,0,7.847,False,False,True,,True,likely_yes,yes,4612,False,standard,False,,9177
CNG_Data2k_variance/files/Q00897.01-0000010880.PDF,Q00897.01-0000010880.PDF,.pdf,59238,ok,True,False,text,False,1,0,0,False,0,False,0-10,,False,,False,,clear_non_responsive,False,,0,likely_non_responsive,,False,False,0,0,0,0,0,0,0.056,True,False,False,stage1_nr,False,,,0,False,,False,,0
CNG_Data2k_variance/files/Q00897.01-0000391554.MSG,Q00897.01-0000391554.MSG,.msg,69632,ok,True,False,text,False,0,0,1,False,0,False,0-10,Name | Address | Health,True,Contact Information | Health-Related Information,False,,ambiguous,True,no,4571,likely_non_responsive,,False,False,0,0,0,0,0,0,1.586,True,False,False,stage1_nr,False,,,0,False,,False,,4571
CNG_Data2k_variance/files/Q00897.01-0000467968.MSG,Q00897.01-0000467968.MSG,.msg,112640,ok,True,False,text,False,0,3,4,False,0,False,0-10,Name | Address | Phone | Money/Amount | Health,True,Contact Information | Financial Account Information | Health-Related Information,False,,ambiguous,True,yes,4421,standard,,False,False,0,0,0,0,0,0,4.437,False,False,True,,True,likely_no,no,4505,False,likely_non_responsive,True,,8926
CNG_Data2k_variance/files/Q00897.01-0000436185.MSG,Q00897.01-0000436185.MSG,.msg,145408,ok,True,False,text,False,0,3,4,False,0,False,0-10,Name | Address | Email | Phone | Money/Amount,True,Contact Information | Financial Account Information,False,,ambiguous,True,yes,4224,standard,,False,False,0,0,0,0,0,0,3.869,False,False,True,,True,likely_no,no,4319,False,likely_non_responsive,True,,8543
CNG_Data2k_variance/files/Q00897.01-0000578170.MSG,Q00897.01-0000578170.MSG,.msg,930816,ok,True,False,text,False,0,4,2,False,0,False,0-10,Name | Address | Email | Phone,True,Contact Information,False,,ambiguous,True,yes,3978,standard,,False,False,0,0,0,0,0,0,23.833,False,False,True,,True,likely_no,no,4029,False,likely_non_responsive,True,,8007
CNG_Data2k_variance/files/Q00897.01-0000276296.PDF,Q00897.01-0000276296.PDF,.pdf,242442,ok,True,False,text,False,1,0,1,False,0,False,0-10,Name | Address | Money/Amount | Health,True,Contact Information | Financial Account Information | Health-Related Information,False,,ambiguous,True,no,3995,likely_non_responsive,,True,True,1,0,0,0,0,1,10.174,True,False,False,stage1_nr,False,,,0,False,,False,,3995
CNG_Data2k_variance/files/Q00897.01-0000662850.MSG,Q00897.01-0000662850.MSG,.msg,348160,ok,True,False,text,False,0,24,7,False,2,False,0-10,Name | Address | Email | Phone,True,Contact Information,False,,ambiguous,True,yes,8233,standard,bde_llm_count,False,False,0,0,0,0,0,0,7.464,False,False,True,,True,likely_no,no,4587,False,likely_non_responsive,True,,12820
CNG_Data2k_variance/files/Q00897.01-0000116954.PDF,Q00897.01-0000116954.PDF,.pdf,478354,ok,True,False,text,False,69,0,1,False,0,False,0-10,Payment Card | Money/Amount,True,Financial Account Information,False,,ambiguous,True,no,14469,likely_non_responsive,,False,False,0,0,0,0,0,0,9.317,True,False,False,stage1_nr,False,,,0,False,,False,,14469
CNG_Data2k_variance/files/Q00897.01-0000642031.MSG,Q00897.01-0000642031.MSG,.msg,19968,ok,True,False,text,False,0,0,0,False,0,False,0-10,,False,,False,,clear_non_responsive,False,,0,likely_non_responsive,,False,False,0,0,0,0,0,0,0.019,True,False,False,stage1_nr,False,,,0,False,,False,,0
CNG_Data2k_variance/files/Q00897.01-0000341619.PDF,Q00897.01-0000341619.PDF,.pdf,121682,ok,True,True,text,True,3,0,35,False,1,False,20-50,Name | Address | Money/Amount | Student ID,True,Contact Information | Financial Account Information | Student-Related Information,False,,ambiguous,True,yes,7764,standard,bde_llm_count,True,True,3,0,0,0,0,1,9.943,False,False,True,,True,likely_no,no,4362,False,likely_non_responsive,True,,12126
CNG_Data2k_variance/files/Q00897.01-0000911816.PDF,Q00897.01-0000911816.PDF,.pdf,166981,ok,True,True,text,True,4,0,47,False,5,False,20-50,Name | Address | SSN | Money/Amount,True,Contact Information | Government-Issued Identification | Financial Account Information,False,,clear_responsive,False,,4874,standard,bde_llm_count_roster,True,True,4,0,0,0,0,1,14.568,False,False,True,,True,clear_yes,yes,5691,False,standard,False,,10565
CNG_Data2k_variance/files/Q00897.01-0000706261.MSG,Q00897.01-0000706261.MSG,.msg,216064,ok,True,False,text,False,0,0,7,False,1,False,0-10,Name | Address | Email | Phone | Money/Amount | Health,True,Contact Information | Financial Account Information | Health-Related Information,False,,ambiguous,True,no,8860,likely_non_responsive,bde_llm_count,False,False,0,0,0,0,0,0,4.699,True,False,False,stage1_nr,False,,,0,False,,False,,8860
CNG_Data2k_variance/files/Q00897.01-0000835278.0001.PDF,Q00897.01-0000835278.0001.PDF,.pdf,178810,ok,True,False,text,False,2,0,4,False,0,False,0-10,Name | Address | Email | Phone,True,Contact Information,False,,ambiguous,True,yes,4923,standard,"img_ocr:p1(1/1,+16chars)",False,False,0,1,1,1,0,1,7.667,False,False,True,,True,likely_no,no,4999,False,likely_non_responsive,True,,9922
CNG_Data2k_variance/files/Q00897.01-0000696598.0001.PDF,Q00897.01-0000696598.0001.PDF,.pdf,112370,ok,True,True,text,True,2,0,6,False,2,False,0-10,Name | Address | Phone | Money/Amount | Work-Related,True,Contact Information | Financial Account Information | Work-Related Information,False,,ambiguous,True,yes,11099,standard,bde_llm_count,True,True,2,0,0,0,0,1,12.673,False,False,True,,True,likely_yes,yes,6052,False,standard,False,,17151
CNG_Data2k_variance/files/Q00897.01-0000412608.MSG,Q00897.01-0000412608.MSG,.msg,171520,ok,True,False,text,False,0,3,1,False,0,False,0-10,Name | Address | Email | Phone,True,Contact Information,False,,ambiguous,True,no,4089,likely_non_responsive,,False,False,0,0,0,0,0,0,1.95,True,False,False,stage1_nr,False,,,0,False,,False,,4089
CNG_Data2k_variance/files/Q00897.01-0000860830.PDF,Q00897.01-0000860830.PDF,.pdf,218235,ok,True,True,text,True,1,0,16,False,1,False,10-20,Name | Email | Phone,True,Contact Information,False,,ambiguous,True,yes,7597,standard,bde_llm_count,True,True,1,0,0,0,0,1,8.53,False,False,True,,True,likely_yes,yes,4272,False,standard,False,,11869
CNG_Data2k_variance/files/Q00897.01-0000651847.0001.PDF,Q00897.01-0000651847.0001.PDF,.pdf,370973,ok,True,False,text,False,9,0,114,False,114,True,100+,Name | Address | Email | Card/Transaction,True,Contact Information | Financial Account Information,True,,ambiguous,True,yes,21220,bde,"img_ocr:p1,p1(2/2,+125chars) bde_llm_count_roster",False,False,0,2,2,2,0,2,29.711,False,True,True,,True,likely_yes,yes,10905,True,bde,False,,32125
CNG_Data2k_variance/files/Q00897.01-0000847762.MSG,Q00897.01-0000847762.MSG,.msg,30720,ok,True,False,text,False,0,0,6,False,0,False,0-10,Name | Address | Email | Phone,True,Contact Information,False,,ambiguous,True,yes,4774,standard,,False,False,0,0,0,0,0,0,3.982,False,False,True,,True,borderline,no,4812,False,likely_non_responsive,True,,9586
CNG_Data2k_variance/files/Q00897.01-0000903528.PDF,Q00897.01-0000903528.PDF,.pdf,12773,ok,True,False,text,False,2,0,1,False,0,False,0-10,Money/Amount,False,Financial Account Information,False,,clear_non_responsive,False,,0,likely_non_responsive,,False,False,0,0,0,0,0,0,0.145,True,False,False,stage1_nr,False,,,0,False,,False,,0
CNG_Data2k_variance/files/Q00897.01-0000754082.MSG,Q00897.01-0000754082.MSG,.msg,102912,ok,True,False,text,False,0,0,27,False,7,False,20-50,Name | Address | Email | Phone | Money/Amount,True,Contact Information | Financial Account Information,False,,ambiguous,True,yes,17658,standard,bde_llm_count,False,False,0,0,0,0,0,0,11.858,False,False,True,,True,likely_no,no,9358,False,likely_non_responsive,True,,27016
CNG_Data2k_variance/files/Q00897.01-0000545428.0001.PDF,Q00897.01-0000545428.0001.PDF,.pdf,22633,ok,True,False,text,False,1,0,1,False,0,False,0-10,Money/Amount,False,Financial Account Information,False,,clear_non_responsive,False,,0,likely_non_responsive,,False,False,0,0,0,0,0,0,0.026,True,False,False,stage1_nr,False,,,0,False,,False,,0
CNG_Data2k_variance/files/Q00897.01-0000554638.0001.XLSX,Q00897.01-0000554638.0001.XLSX,.xlsx,91710,ok,True,True,text,True,4,0,146,False,33,False,100+,Name | Money/Amount,False,Financial Account Information,False,,ambiguous,True,no,11006,likely_non_responsive,bde_llm_count,False,False,0,0,0,0,0,0,21.598,True,False,False,stage1_nr,False,,,0,False,,False,,11006
CNG_Data2k_variance/files/Q00897.01-0000004000.PDF,Q00897.01-0000004000.PDF,.pdf,383361,ok,True,False,text,False,1,0,1,False,0,False,0-10,Name | Work-Related,True,Work-Related Information,False,,ambiguous,True,yes,3897,standard,,False,False,0,0,0,0,0,0,6.641,False,False,True,,True,borderline,no,3972,False,likely_non_responsive,True,,7869
CNG_Data2k_variance/files/Q00897.01-0000113790.PDF,Q00897.01-0000113790.PDF,.pdf,20011,ok,True,False,text,False,9,0,1,False,0,False,0-10,Card/Transaction | Money/Amount | Work-Related,False,Financial Account Information | Work-Related Information,False,,ambiguous,True,no,6936,likely_non_responsive,,False,False,0,0,0,0,0,0,6.281,True,False,False,stage1_nr,False,,,0,False,,False,,6936
CNG_Data2k_variance/files/Q00897.01-0000884215.PDF,Q00897.01-0000884215.PDF,.pdf,1391833,ok,True,True,text,True,15,0,343,False,3,False,100+,Name | Address | Phone | SSN | Money/Amount | Health | Work-Related,True,Contact Information | Government-Issued Identification | Financial Account Information | Health-Related Information | Work-Related Information,False,,clear_responsive,False,,8873,standard,bde_llm_count,True,True,15,0,0,0,0,1,13.282,False,False,True,,True,likely_yes,yes,9718,True,structured_bde,False,,18591
CNG_Data2k_variance/files/Q00897.01-0000372805.MSG,Q00897.01-0000372805.MSG,.msg,399872,ok,True,False,text,False,0,0,19,False,1,False,10-20,Name | Email | Money/Amount,True,Contact Information | Financial Account Information,False,,ambiguous,True,yes,8774,standard,bde_llm_count,False,False,0,0,0,0,0,0,5.78,False,False,True,,True,clear_no,no,4853,False,likely_non_responsive,True,,13627
CNG_Data2k_variance/files/Q00897.01-0000840819.0001.PDF,Q00897.01-0000840819.0001.PDF,.pdf,107534,ok,True,False,text,False,2,0,3,False,0,False,0-10,Name | Address | Phone | Card Expiry/CVV | Money/Amount,True,Contact Information | Financial Account Information,False,,ambiguous,True,no,4610,likely_non_responsive,,True,True,2,0,0,0,0,1,9.415,True,False,False,stage1_nr,False,,,0,False,,False,,4610
CNG_Data2k_variance/files/Q00897.01-0000719080.MSG,Q00897.01-0000719080.MSG,.msg,200704,ok,True,False,text,False,0,1,2,False,0,False,0-10,Phone,True,Contact Information,False,,ambiguous,True,no,4479,likely_non_responsive,,False,False,0,0,0,0,0,0,2.85,True,False,False,stage1_nr,False,,,0,False,,False,,4479
CNG_Data2k_variance/files/Q00897.01-0000659033.MSG,Q00897.01-0000659033.MSG,.msg,142848,ok,True,False,text,False,0,2,5,False,0,False,0-10,Name | Address | Email | Phone | Money/Amount,True,Contact Information | Financial Account Information,False,,ambiguous,True,no,4531,likely_non_responsive,,False,False,0,0,0,0,0,0,2.463,True,False,False,stage1_nr,False,,,0,False,,False,,4531
CNG_Data2k_variance/files/Q00897.01-0000016300.PDF,Q00897.01-0000016300.PDF,.pdf,954213,ok,True,False,text,False,1,0,3,False,0,False,0-10,Name | Address | Email | Phone | SSN | Work-Related,True,Contact Information | Government-Issued Identification | Work-Related Information,False,,clear_responsive,False,,0,standard,,False,False,0,0,0,0,0,0,2.557,False,False,True,,True,clear_yes,yes,8194,False,standard,False,,8194
CNG_Data2k_variance/files/Q00897.01-0000836801.0001.XLSX,Q00897.01-0000836801.0001.XLSX,.xlsx,275966,ok,True,True,text,True,3,0,263,False,0,False,100+,Phone | Money/Amount,True,Contact Information | Financial Account Information,False,,ambiguous,True,no,9901,likely_non_responsive,bde_llm_count,False,False,0,0,0,0,0,0,3.06,True,False,False,stage1_nr,False,,,0,False,,False,,9901
CNG_Data2k_variance/files/Q00897.01-0000529321.0001.PDF,Q00897.01-0000529321.0001.PDF,.pdf,22565,ok,True,False,text,False,1,0,1,False,0,False,0-10,Money/Amount,False,Financial Account Information,False,,clear_non_responsive,False,,0,likely_non_responsive,,False,False,0,0,0,0,0,0,0.032,True,False,False,stage1_nr,False,,,0,False,,False,,0
CNG_Data2k_variance/files/Q00897.01-0000373776.MSG,Q00897.01-0000373776.MSG,.msg,387584,ok,True,False,text,False,0,0,2,False,0,False,0-10,Name | Email | Phone | Money/Amount,True,Contact Information | Financial Account Information,False,,ambiguous,True,no,5282,likely_non_responsive,,False,False,0,0,0,0,0,0,2.644,True,False,False,stage1_nr,False,,,0,False,,False,,5282
CNG_Data2k_variance/files/Q00897.01-0000283210.PDF,Q00897.01-0000283210.PDF,.pdf,656765,ok,True,True,text,True,6,0,18,False,3,False,10-20,Name | Address | Phone | Military ID | Money/Amount | Health,True,Contact Information | Government-Issued Identification | Financial Account Information | Health-Related Information,False,,ambiguous,True,yes,13966,standard,bde_llm_count,True,True,6,0,0,0,0,1,15.679,False,False,True,,True,clear_yes,yes,7441,False,standard,False,,21407
CNG_Data2k_variance/files/Q00897.01-0000453323.MSG,Q00897.01-0000453323.MSG,.msg,256000,ok,True,False,text,False,0,0,2,False,0,False,0-10,Name | Address | Email | Phone | Money/Amount,True,Contact Information | Financial Account Information,False,,ambiguous,True,yes,5161,standard,,False,False,0,0,0,0,0,0,3.696,False,False,True,,True,clear_yes,yes,5195,False,standard,False,,10356
CNG_Data2k_variance/files/Q00897.01-0000008571.PDF,Q00897.01-0000008571.PDF,.pdf,823779,ok,True,False,text,False,37,0,2,False,0,False,0-10,Name | Address | Phone | SSN | Account Balance | Money/Amount,True,Contact Information | Government-Issued Identification | Financial Account Information,False,,clear_responsive,False,,0,standard,"img_ocr:p1,p5,p5(3/3,+46chars)",False,False,0,3,3,3,0,3,25.454,False,False,True,,True,clear_yes,yes,13905,False,standard,False,,13905
CNG_Data2k_variance/files/Q00897.01-0000472589.MSG,Q00897.01-0000472589.MSG,.msg,75264,ok,True,False,text,False,0,0,4,False,0,False,0-10,Name | Email,True,Contact Information,False,,ambiguous,True,yes,4954,standard,,False,False,0,0,0,0,0,0,6.677,False,False,True,,True,likely_no,no,4995,False,likely_non_responsive,True,,9949
CNG_Data2k_variance/files/Q00897.01-0000496722.MSG,Q00897.01-0000496722.MSG,.msg,33792,ok,True,False,text,False,0,0,5,False,0,False,0-10,Name | Email | Phone | Card/Transaction | Money/Amount,True,Contact Information | Financial Account Information,False,,ambiguous,True,yes,5610,standard,,False,False,0,0,0,0,0,0,13.22,False,False,True,,True,likely_no,no,5652,False,likely_non_responsive,True,,11262
CNG_Data2k_variance/files/Q00897.01-0000009270.PDF,Q00897.01-0000009270.PDF,.pdf,429143,ok,True,False,text,False,3,0,5,False,0,False,0-10,Name | Money/Amount | Work-Related,True,Financial Account Information | Work-Related Information,False,,ambiguous,True,yes,6021,standard,,False,False,0,0,0,0,0,0,9.025,False,False,True,,True,clear_yes,yes,6065,False,standard,False,,12086
CNG_Data2k_variance/files/Q00897.01-0000798997.MSG,Q00897.01-0000798997.MSG,.msg,29184,ok,True,False,text,False,0,1,4,False,0,False,0-10,Address | Email | Phone,True,Contact Information,False,,ambiguous,True,no,4145,likely_non_responsive,,False,False,0,0,0,0,0,0,2.069,True,False,False,stage1_nr,False,,,0,False,,False,,4145
CNG_Data2k_variance/files/Q00897.01-0000750298.MSG,Q00897.01-0000750298.MSG,.msg,115200,ok,True,False,text,False,0,0,8,False,2,False,0-10,Email | Phone | Money/Amount | Work-Related,True,Contact Information | Financial Account Information | Work-Related Information,False,,ambiguous,True,no,14910,likely_non_responsive,bde_llm_count,False,False,0,0,0,0,0,0,6.792,True,False,False,stage1_nr,False,,,0,False,,False,,14910
CNG_Data2k_variance/files/Q00897.01-0000859455.PDF,Q00897.01-0000859455.PDF,.pdf,172663,ok,True,False,text,False,2,0,1,False,0,False,0-10,Credentials,False,Access Credentials,False,,ambiguous,True,yes,4400,standard,"img_ocr:p1,p2(2/4,+68chars)",False,False,0,4,4,2,0,4,20.134,False,False,True,,True,likely_no,no,4470,False,likely_non_responsive,True,,8870
CNG_Data2k_variance/files/Q00897.01-0000307374.PDF,Q00897.01-0000307374.PDF,.pdf,137233,ok,True,False,text,False,1,0,0,False,0,False,0-10,,False,,False,,clear_non_responsive,False,,0,likely_non_responsive,"img_ocr:none(1 calls,0 chars)",False,False,0,1,1,0,0,1,4.2,True,False,False,stage1_nr,False,,,0,False,,False,,0
CNG_Data2k_variance/files/Q00897.01-0000793683.MSG,Q00897.01-0000793683.MSG,.msg,70656,ok,True,False,text,False,0,2,3,False,0,False,0-10,Name | Address | Email | Phone | Money/Amount,True,Contact Information | Financial Account Information,False,,ambiguous,True,yes,5241,standard,,False,False,0,0,0,0,0,0,4.897,False,False,True,,True,likely_no,no,5278,False,likely_non_responsive,True,,10519
CNG_Data2k_variance/files/Q00897.01-0000307441.XLSX,Q00897.01-0000307441.XLSX,.xlsx,24890,ok,True,True,text,True,1,0,133,False,0,False,100+,Card/Transaction | Money/Amount,False,Financial Account Information,False,,ambiguous,True,no,8095,likely_non_responsive,roster_by_rowcount bde_llm_count,False,False,0,0,0,0,0,0,10.384,True,False,False,stage1_nr,False,,,0,False,,False,,8095
CNG_Data2k_variance/files/Q00897.01-0000853052.PDF,Q00897.01-0000853052.PDF,.pdf,18168,ok,True,True,text,True,1,0,3,False,0,False,0-10,Name | Money/Amount,True,Financial Account Information,False,,ambiguous,True,no,6914,likely_non_responsive,bde_llm_count,True,True,1,0,0,0,0,1,7.169,True,False,False,stage1_nr,False,,,0,False,,False,,6914
CNG_Data2k_variance/files/Q00897.01-0000898493.PDF,Q00897.01-0000898493.PDF,.pdf,13335,ok,True,False,text,False,2,0,1,False,0,False,0-10,Money/Amount,False,Financial Account Information,False,,clear_non_responsive,False,,0,likely_non_responsive,,False,False,0,0,0,0,0,0,0.182,True,False,False,stage1_nr,False,,,0,False,,False,,0
CNG_Data2k_variance/files/Q00897.01-0000729937.MSG,Q00897.01-0000729937.MSG,.msg,344064,ok,True,False,text,False,0,8,6,False,0,False,0-10,Name | Address | Email | Phone,True,Contact Information,False,,ambiguous,True,no,4180,likely_non_responsive,,False,False,0,0,0,0,0,0,2.031,True,False,False,stage1_nr,False,,,0,False,,False,,4180
CNG_Data2k_variance/files/Q00897.01-0000538928.0001.PDF,Q00897.01-0000538928.0001.PDF,.pdf,20968,ok,True,False,text,False,1,0,0,False,0,False,0-10,,False,,False,,clear_non_responsive,False,,0,likely_non_responsive,,False,False,0,0,0,0,0,0,0.034,True,False,False,stage1_nr,False,,,0,False,,False,,0
CNG_Data2k_variance/files/Q00897.01-0000867642.PDF,Q00897.01-0000867642.PDF,.pdf,121898,ok,True,False,text,False,4,0,2,False,0,False,0-10,Name | Address | Phone,True,Contact Information,False,,ambiguous,True,yes,10807,standard,,False,False,0,0,0,0,0,0,8.007,False,False,True,,True,clear_yes,yes,10834,False,standard,False,,21641
CNG_Data2k_variance/files/Q00897.01-0000257085.PDF,Q00897.01-0000257085.PDF,.pdf,38157,ok,True,True,text,True,1,0,3,False,2,False,0-10,Address | Phone | Bank/Account Number | Card Expiry/CVV | Money/Amount,True,Contact Information | Financial Account Information,False,,ambiguous,True,no,7472,likely_non_responsive,bde_llm_count,True,True,1,0,0,0,0,1,9.853,True,False,False,stage1_nr,False,,,0,False,,False,,7472
CNG_Data2k_variance/files/Q00897.01-0000884337.MSG,Q00897.01-0000884337.MSG,.msg,184832,ok,True,False,text,False,0,0,2,False,0,False,0-10,Name | Address | Email,True,Contact Information,False,,ambiguous,True,yes,5967,standard,,False,False,0,0,0,0,0,0,3.584,False,False,True,,True,likely_no,no,6049,False,likely_non_responsive,True,,12016
CNG_Data2k_variance/files/Q00897.01-0000810349.0001.XLSX,Q00897.01-0000810349.0001.XLSX,.xlsx,58044,ok,True,True,text,True,6,0,577,False,0,True,100+,Address | Money/Amount,True,Contact Information | Financial Account Information,True,,ambiguous,True,yes,9249,structured_bde,roster_by_rowcount bde_llm_count_roster,False,False,0,0,0,0,0,0,4.712,False,True,True,,True,clear_no,no,5059,True,likely_non_responsive,True,,14308
CNG_Data2k_variance/files/Q00897.01-0000860757.PDF,Q00897.01-0000860757.PDF,.pdf,3229432,ok,True,False,text,False,24,0,6,False,0,False,0-10,Name | Email | Phone | Money/Amount | Credentials | Health | Work-Related,True,Contact Information | Financial Account Information | Access Credentials | Health-Related Information | Work-Related Information,False,,ambiguous,True,yes,7079,standard,"img_ocr:p1(1/1,+10chars)",False,False,0,1,1,1,0,1,17.884,False,False,True,,True,clear_yes,yes,7166,False,standard,False,,14245
CNG_Data2k_variance/files/Q00897.01-0000865162.PDF,Q00897.01-0000865162.PDF,.pdf,103532,ok,True,False,text,False,1,0,1,False,0,False,0-10,Name | Address | Money/Amount | Work-Related,True,Contact Information | Financial Account Information | Work-Related Information,False,,ambiguous,True,yes,4097,standard,,False,False,0,0,0,0,0,0,2.762,False,False,True,,True,clear_yes,yes,4152,False,standard,False,,8249
CNG_Data2k_variance/files/Q00897.01-0000007840.PDF,Q00897.01-0000007840.PDF,.pdf,108577,ok,True,False,text,False,1,0,1,False,0,False,0-10,Work-Related,False,Work-Related Information,False,,ambiguous,True,yes,5930,standard,,False,False,0,0,0,0,0,0,7.75,False,False,True,,True,likely_no,no,5931,False,likely_non_responsive,True,,11861
CNG_Data2k_variance/files/Q00897.01-0000776620.0001.PDF,Q00897.01-0000776620.0001.PDF,.pdf,299747,ok,True,False,text,False,127,0,3,False,0,False,0-10,Name | Address | Phone | Date of Birth | Account Balance | Money/Amount | Health | Work-Related,True,Contact Information | Birth Information | Financial Account Information | Health-Related Information | Work-Related Information,False,,ambiguous,True,no,8995,likely_non_responsive,,False,False,0,0,0,0,0,0,2.659,True,False,False,stage1_nr,False,,,0,False,,False,,8995
CNG_Data2k_variance/files/Q00897.01-0000303945.PDF,Q00897.01-0000303945.PDF,.pdf,651881,ok,True,False,text,False,9,0,5,False,0,False,0-10,Name | Address | Email | Phone | Money/Amount | Health,True,Contact Information | Financial Account Information | Health-Related Information,False,,ambiguous,True,yes,7232,standard,,True,True,9,0,0,0,0,1,19.73,False,False,True,,True,likely_yes,yes,7273,False,standard,False,,14505
CNG_Data2k_variance/files/Q00897.01-0000657861.0001.DOCX,Q00897.01-0000657861.0001.DOCX,.docx,15191,ok,True,False,text,False,0,0,0,False,0,False,0-10,,False,,False,,clear_non_responsive,False,,0,likely_non_responsive,,False,False,0,0,0,0,0,0,0.075,True,False,False,stage1_nr,False,,,0,False,,False,,0
CNG_Data2k_variance/files/Q00897.01-0000536827.0001.PDF,Q00897.01-0000536827.0001.PDF,.pdf,25002,ok,True,False,text,False,2,0,0,False,0,False,0-10,,False,,False,,clear_non_responsive,False,,0,likely_non_responsive,,False,False,0,0,0,0,0,0,0.028,True,False,False,stage1_nr,False,,,0,False,,False,,0
CNG_Data2k_variance\files\Q00897.01-0000127263.XLS,Q00897.01-0000127263.XLS,.xls,34515,ok,True,True,text,True,2,0,136,False,1,False,100+,Money/Amount,False,Financial Account Information,False,,ambiguous,True,no,7642,likely_non_responsive,roster_by_rowcount bde_llm_count,False,False,0,0,0,0,0,0,3.701,True,False,False,stage1_nr,False,,,0,False,,False,,7642
CNG_Data2k_variance/files/Q00897.01-0000909515.PDF,Q00897.01-0000909515.PDF,.pdf,6271480,ok,True,False,text,False,705,0,510,False,510,True,100+,Address | Phone | SSN | Money/Amount | Work-Related,True,Contact Information | Government-Issued Identification | Financial Account Information | Work-Related Information,True,,clear_responsive,False,,14337,bde,bde_llm_count_roster,False,False,0,0,0,0,0,0,214.955,False,True,True,,True,clear_yes,yes,15300,True,bde,False,,29637
CNG_Data2k_variance/files/Q00897.01-0000501467.MSG,Q00897.01-0000501467.MSG,.msg,26624,ok,True,False,text,False,0,0,2,False,0,False,0-10,Name | Address | Email | Phone | Money/Amount,True,Contact Information | Financial Account Information,False,,ambiguous,True,no,4424,likely_non_responsive,,False,False,0,0,0,0,0,0,2.388,True,False,False,stage1_nr,False,,,0,False,,False,,4424
CNG_Data2k_variance/files/Q00897.01-0000514757.MSG,Q00897.01-0000514757.MSG,.msg,38912,ok,True,False,text,False,0,0,0,False,0,False,0-10,,False,,False,,clear_non_responsive,False,,0,likely_non_responsive,,False,False,0,0,0,0,0,0,0.38,True,False,False,stage1_nr,False,,,0,False,,False,,0
CNG_Data2k_variance/files/Q00897.01-0000685500.MSG,Q00897.01-0000685500.MSG,.msg,262656,ok,True,False,text,False,0,0,3,False,0,False,0-10,Email | Money/Amount | Work-Related,True,Contact Information | Financial Account Information | Work-Related Information,False,,ambiguous,True,no,5917,likely_non_responsive,,False,False,0,0,0,0,0,0,3.229,True,False,False,stage1_nr,False,,,0,False,,False,,5917
CNG_Data2k_variance/files/Q00897.01-0000807619.MSG,Q00897.01-0000807619.MSG,.msg,68608,ok,True,False,text,False,0,2,3,False,0,False,0-10,Name | Address | Email | Phone | Credentials,True,Contact Information | Access Credentials,False,,ambiguous,True,yes,4217,standard,,False,False,0,0,0,0,0,0,3.557,False,False,True,,True,borderline,no,4296,False,likely_non_responsive,True,,8513
CNG_Data2k_variance/files/Q00897.01-0000426759.MSG,Q00897.01-0000426759.MSG,.msg,185856,ok,True,False,text,False,0,0,1,False,0,False,0-10,Address | Card/Transaction | Money/Amount,True,Contact Information | Financial Account Information,False,,ambiguous,True,yes,4138,standard,,False,False,0,0,0,0,0,0,5.318,False,False,True,,True,borderline,no,4210,False,likely_non_responsive,True,,8348
CNG_Data2k_variance/files/Q00897.01-0000533504.MSG,Q00897.01-0000533504.MSG,.msg,506368,ok,True,False,text,False,0,3,3,False,0,False,0-10,Name | Email,True,Contact Information,False,,ambiguous,True,no,4349,likely_non_responsive,,False,False,0,0,0,0,0,0,10.847,True,False,False,stage1_nr,False,,,0,False,,False,,4349
CNG_Data2k_variance/files/Q00897.01-0000667933.0001.XLSX,Q00897.01-0000667933.0001.XLSX,.xlsx,31740,ok,True,True,text,True,2,0,232,False,0,False,100+,,False,,False,,ambiguous,True,no,13894,likely_non_responsive,roster_by_rowcount bde_llm_count,False,False,0,0,0,0,0,0,3.712,True,False,False,stage1_nr,False,,,0,False,,False,,13894
CNG_Data2k_variance/files/Q00897.01-0000463242.0001.PDF,Q00897.01-0000463242.0001.PDF,.pdf,50299,ok,True,False,text,False,3,0,2,False,0,False,0-10,Name | Address | Phone | Card/Transaction | Money/Amount,True,Contact Information | Financial Account Information,False,,ambiguous,True,yes,4679,standard,,False,False,0,0,0,0,0,0,4.441,False,False,True,,True,clear_yes,yes,4855,False,standard,False,,9534
CNG_Data2k_variance/files/Q00897.01-0000310299.XLSX,Q00897.01-0000310299.XLSX,.xlsx,248173,ok,True,True,text,True,6,0,2634,False,51,True,100+,Name | Phone,True,Contact Information,True,,ambiguous,True,yes,10627,structured_bde,roster_by_rowcount bde_llm_count_roster,False,False,0,0,0,0,0,0,17.647,False,True,True,,True,likely_no,no,5734,True,likely_non_responsive,True,,16361
CNG_Data2k_variance/files/Q00897.01-0000526829.0001.PDF,Q00897.01-0000526829.0001.PDF,.pdf,22671,ok,True,False,text,False,1,0,1,False,0,False,0-10,Money/Amount,False,Financial Account Information,False,,clear_non_responsive,False,,0,likely_non_responsive,,False,False,0,0,0,0,0,0,0.043,True,False,False,stage1_nr,False,,,0,False,,False,,0
CNG_Data2k_variance\files\Q00897.01-0000127553.XLS,Q00897.01-0000127553.XLS,.xls,39355,ok,True,True,text,True,2,0,136,False,1,False,100+,Name,False,,False,,ambiguous,True,no,7589,likely_non_responsive,roster_by_rowcount bde_llm_count,False,False,0,0,0,0,0,0,3.487,True,False,False,stage1_nr,False,,,0,False,,False,,7589
CNG_Data2k_variance/files/Q00897.01-0000834375.0001.PDF,Q00897.01-0000834375.0001.PDF,.pdf,4304941,ok,True,False,text,False,10,0,2,False,0,False,0-10,Name | Address | SSN | Bank/Account Number | Account Balance | Money/Amount | Work-Related,True,Contact Information | Government-Issued Identification | Financial Account Information | Work-Related Information,False,,clear_responsive,False,,0,standard,,True,True,10,0,0,0,0,1,10.608,False,False,True,,True,likely_no,no,8780,False,likely_non_responsive,True,,8780
CNG_Data2k_variance/files/Q00897.01-0000834301.MSG,Q00897.01-0000834301.MSG,.msg,113152,ok,True,False,text,False,0,0,2,False,0,False,0-10,Email,True,Contact Information,False,,ambiguous,True,no,3867,likely_non_responsive,,False,False,0,0,0,0,0,0,1.604,True,False,False,stage1_nr,False,,,0,False,,False,,3867
CNG_Data2k_variance/files/Q00897.01-0000895313.PDF,Q00897.01-0000895313.PDF,.pdf,51589,ok,True,False,text,False,8,0,1,False,0,False,0-10,Address | Money/Amount,True,Contact Information | Financial Account Information,False,,ambiguous,True,yes,9359,standard,,False,False,0,0,0,0,0,0,4.595,False,False,True,,True,clear_no,no,9427,False,likely_non_responsive,True,,18786
CNG_Data2k_variance/files/Q00897.01-0000841781.0031.PDF,Q00897.01-0000841781.0031.PDF,.pdf,19653,ok,True,False,text,False,8,0,1,False,0,False,0-10,Money/Amount | Work-Related,False,Financial Account Information | Work-Related Information,False,,ambiguous,True,no,10633,likely_non_responsive,,False,False,0,0,0,0,0,0,1.538,True,False,False,stage1_nr,False,,,0,False,,False,,10633
CNG_Data2k_variance/files/Q00897.01-0000618231.0002.XLSX,Q00897.01-0000618231.0002.XLSX,.xlsx,994205,ok,True,True,text,True,1,0,71,False,0,False,50-100,Money/Amount,False,Financial Account Information,False,,ambiguous,True,no,19217,likely_non_responsive,bde_llm_count,False,False,0,0,0,0,0,0,4.986,True,False,False,stage1_nr,False,,,0,False,,False,,19217
CNG_Data2k_variance/files/Q00897.01-0000264300.XLSX,Q00897.01-0000264300.XLSX,.xlsx,144096,ok,True,True,text,True,3,0,1398,False,1398,True,100+,Address | Money/Amount,True,Contact Information | Financial Account Information,True,,ambiguous,True,no,12296,structured_bde,roster_by_rowcount bde_llm_count_roster,False,False,0,0,0,0,0,0,7.901,False,True,True,,True,likely_no,no,6578,True,likely_non_responsive,True,,18874
CNG_Data2k_variance/files/Q00897.01-0000284401.PDF,Q00897.01-0000284401.PDF,.pdf,1822847,ok,True,False,text,False,7,0,12,False,6,False,10-20,Name | Address | Email | Passport | Card/Transaction,True,Contact Information | Government-Issued Identification | Financial Account Information,False,,ambiguous,True,yes,12485,standard,bde_llm_count,True,True,7,0,0,0,0,1,23.956,False,False,True,,True,clear_yes,yes,6670,False,standard,False,,19155
CNG_Data2k_variance/files/Q00897.01-0000112775.PDF,Q00897.01-0000112775.PDF,.pdf,6915,ok,True,False,text,False,1,0,1,False,0,False,0-10,Name | Address | Health,True,Contact Information | Health-Related Information,False,,ambiguous,True,yes,4018,standard,,False,False,0,0,0,0,0,0,12.428,False,False,True,,True,likely_no,no,4090,False,likely_non_responsive,True,,8108
CNG_Data2k_variance/files/Q00897.01-0000843232.MSG,Q00897.01-0000843232.MSG,.msg,26112,ok,True,False,text,False,0,0,2,False,0,False,0-10,Name | Address | Email | Phone,True,Contact Information,False,,ambiguous,True,no,4210,likely_non_responsive,,False,False,0,0,0,0,0,0,2.07,True,False,False,stage1_nr,False,,,0,False,,False,,4210
CNG_Data2k_variance/files/Q00897.01-0000673755.0001.PDF,Q00897.01-0000673755.0001.PDF,.pdf,44948,ok,True,False,text,False,3,0,1,False,0,False,0-10,Address | Phone | Bank/Account Number | Money/Amount,True,Contact Information | Financial Account Information,False,,ambiguous,True,no,4259,likely_non_responsive,,False,False,0,0,0,0,0,0,2.653,True,False,False,stage1_nr,False,,,0,False,,False,,4259
CNG_Data2k_variance/files/Q00897.01-0000344947.PDF,Q00897.01-0000344947.PDF,.pdf,17888,ok,True,False,text,False,3,0,1,False,0,False,0-10,Money/Amount,False,Financial Account Information,False,,clear_non_responsive,False,,0,likely_non_responsive,,False,False,0,0,0,0,0,0,0.263,True,False,False,stage1_nr,False,,,0,False,,False,,0
CNG_Data2k_variance/files/Q00897.01-0000021391.PDF,Q00897.01-0000021391.PDF,.pdf,59652,ok,True,False,text,False,1,0,0,False,0,False,0-10,,False,,False,,clear_non_responsive,False,,0,likely_non_responsive,,False,False,0,0,0,0,0,0,0.05,True,False,False,stage1_nr,False,,,0,False,,False,,0
CNG_Data2k_variance/files/Q00897.01-0000788928.MSG,Q00897.01-0000788928.MSG,.msg,123904,ok,True,False,text,False,0,0,4,False,0,False,0-10,Name | Address | Email | Phone | Bank/Account Number,True,Contact Information | Financial Account Information,False,,ambiguous,True,yes,4461,standard,,False,False,0,0,0,0,0,0,3.769,False,False,True,,True,likely_no,no,4517,False,likely_non_responsive,True,,8978
CNG_Data2k_variance/files/Q00897.01-0000115472.PDF,Q00897.01-0000115472.PDF,.pdf,18806,ok,True,False,text,False,9,0,1,False,0,False,0-10,Card/Transaction | Money/Amount | Work-Related,False,Financial Account Information | Work-Related Information,False,,ambiguous,True,no,10763,likely_non_responsive,,False,False,0,0,0,0,0,0,2.5,True,False,False,stage1_nr,False,,,0,False,,False,,10763
CNG_Data2k_variance/files/Q00897.01-0000535881.0001.PDF,Q00897.01-0000535881.0001.PDF,.pdf,20966,ok,True,False,text,False,1,0,0,False,0,False,0-10,,False,,False,,clear_non_responsive,False,,0,likely_non_responsive,,False,False,0,0,0,0,0,0,0.02,True,False,False,stage1_nr,False,,,0,False,,False,,0
CNG_Data2k_variance/files/Q00897.01-0000735870.0001.PDF,Q00897.01-0000735870.0001.PDF,.pdf,1017801,ok,True,False,text,False,8,0,1,False,0,False,0-10,Name | Email | Money/Amount,True,Contact Information | Financial Account Information,False,,ambiguous,True,yes,7223,standard,,False,False,0,0,0,0,0,0,8.324,False,False,True,,True,likely_no,no,7487,False,likely_non_responsive,True,,14710
CNG_Data2k_variance\files\Q00897.01-0000808535.0001.DOC,Q00897.01-0000808535.0001.DOC,.doc,44481,ok,True,False,text,False,0,0,1,False,0,False,0-10,Address | Health,True,Contact Information | Health-Related Information,False,,ambiguous,True,no,6708,likely_non_responsive,,False,False,0,0,0,0,0,0,3.482,True,False,False,stage1_nr,False,,,0,False,,False,,6708
CNG_Data2k_variance/files/Q00897.01-0000889486.PDF,Q00897.01-0000889486.PDF,.pdf,12159,ok,True,False,text,False,1,0,0,False,0,False,0-10,,False,,False,,clear_non_responsive,False,,0,likely_non_responsive,,False,False,0,0,0,0,0,0,0.041,True,False,False,stage1_nr,False,,,0,False,,False,,0
CNG_Data2k_variance/files/Q00897.01-0000770016.0001.PDF,Q00897.01-0000770016.0001.PDF,.pdf,29713,ok,True,True,text,True,2,0,9,False,0,False,0-10,Name | Address | Phone | Tax ID | Bank/Account Number | Money/Amount,True,Contact Information | Government-Issued Identification | Financial Account Information,False,,ambiguous,True,yes,7572,standard,bde_llm_count,True,True,2,0,0,0,0,1,12.233,False,False,True,,True,clear_no,no,4235,False,likely_non_responsive,True,,11807
CNG_Data2k_variance/files/Q00897.01-0000378913.0001.PPTX,Q00897.01-0000378913.0001.PPTX,.pptx,5807590,ok,True,False,text,False,10,0,1,False,0,False,0-10,Card/Transaction | Money/Amount,False,Financial Account Information,False,,ambiguous,True,no,4736,likely_non_responsive,,False,False,0,0,0,0,0,0,1.456,True,False,False,stage1_nr,False,,,0,False,,False,,4736
CNG_Data2k_variance/files/Q00897.01-0000838777.MSG,Q00897.01-0000838777.MSG,.msg,178688,ok,True,False,text,False,0,3,12,False,7,False,10-20,Name | Address | Email | Phone,True,Contact Information,False,,ambiguous,True,yes,18877,standard,bde_llm_count,False,False,0,0,0,0,0,0,12.451,False,False,True,,True,clear_yes,yes,9904,False,standard,False,,28781
CNG_Data2k_variance/files/Q00897.01-0000778568.MSG,Q00897.01-0000778568.MSG,.msg,460288,ok,True,False,text,False,0,1,1,False,0,False,0-10,Name | Card Expiry/CVV,False,Financial Account Information,False,,ambiguous,True,yes,4092,standard,,False,False,0,0,0,0,0,0,3.848,False,False,True,,True,borderline,no,4168,False,likely_non_responsive,True,,8260
CNG_Data2k_variance/files/Q00897.01-0000250009.PDF,Q00897.01-0000250009.PDF,.pdf,164609,ok,True,True,text,True,9,0,72,False,0,False,50-100,Name | Address | Email | Phone | Bank/Account Number | Money/Amount,True,Contact Information | Financial Account Information,False,,ambiguous,True,no,10507,likely_non_responsive,bde_llm_count,True,True,9,0,0,0,0,1,9.516,True,False,False,stage1_nr,False,,,0,False,,False,,10507
CNG_Data2k_variance/files/Q00897.01-0000288193.XLSX,Q00897.01-0000288193.XLSX,.xlsx,483506,ok,True,True,text,True,1,0,66,False,26,True,50-100,Name,False,,True,,ambiguous,True,yes,7426,structured_bde,roster_by_rowcount bde_llm_count_roster,False,False,0,0,0,0,0,0,10.293,False,True,True,,True,likely_no,no,4214,True,likely_non_responsive,True,,11640
CNG_Data2k_variance/files/Q00897.01-0000846202.0002.DOCX,Q00897.01-0000846202.0002.DOCX,.docx,52653,ok,True,False,text,False,0,0,1,False,0,False,0-10,Money/Amount,False,Financial Account Information,False,,clear_non_responsive,False,,0,likely_non_responsive,,False,False,0,0,0,0,0,0,0.075,True,False,False,stage1_nr,False,,,0,False,,False,,0
CNG_Data2k_variance/files/Q00897.01-0000838066.0001.PDF,Q00897.01-0000838066.0001.PDF,.pdf,161443,ok,True,False,text,False,12,0,1,False,0,False,0-10,Address | Money/Amount,True,Contact Information | Financial Account Information,False,,ambiguous,True,no,9053,likely_non_responsive,,False,False,0,0,0,0,0,0,2.013,True,False,False,stage1_nr,False,,,0,False,,False,,9053
CNG_Data2k_variance/files/Q00897.01-0000899006.PDF,Q00897.01-0000899006.PDF,.pdf,12826,ok,True,False,text,False,2,0,1,False,0,False,0-10,Money/Amount,False,Financial Account Information,False,,clear_non_responsive,False,,0,likely_non_responsive,,False,False,0,0,0,0,0,0,0.271,True,False,False,stage1_nr,False,,,0,False,,False,,0
CNG_Data2k_variance/files/Q00897.01-0000823702.MSG,Q00897.01-0000823702.MSG,.msg,135680,ok,True,False,text,False,0,1,8,False,4,False,0-10,Name | Address | Email | Phone,True,Contact Information,False,,ambiguous,True,no,7836,likely_non_responsive,bde_llm_count,False,False,0,0,0,0,0,0,3.582,True,False,False,stage1_nr,False,,,0,False,,False,,7836
CNG_Data2k_variance/files/Q00897.01-0000365786.MSG,Q00897.01-0000365786.MSG,.msg,155136,ok,True,False,text,False,0,0,2,False,0,False,0-10,Name | Address | Phone | Money/Amount,True,Contact Information | Financial Account Information,False,,ambiguous,True,no,4064,likely_non_responsive,,False,False,0,0,0,0,0,0,1.717,True,False,False,stage1_nr,False,,,0,False,,False,,4064
CNG_Data2k_variance/files/Q00897.01-0000726254.MSG,Q00897.01-0000726254.MSG,.msg,154112,ok,True,False,text,False,0,0,2,False,0,False,0-10,Address | Email | Phone | Money/Amount | Credentials,True,Contact Information | Financial Account Information | Access Credentials,False,,ambiguous,True,no,3983,likely_non_responsive,,False,False,0,0,0,0,0,0,2.493,True,False,False,stage1_nr,False,,,0,False,,False,,3983
CNG_Data2k_variance/files/Q00897.01-0000778624.MSG,Q00897.01-0000778624.MSG,.msg,130048,ok,True,False,text,False,0,0,5,False,0,False,0-10,Name | Address | Email | Phone | Money/Amount,True,Contact Information | Financial Account Information,False,,ambiguous,True,yes,5466,standard,,False,False,0,0,0,0,0,0,6.279,False,False,True,,True,likely_yes,yes,5505,False,standard,False,,10971
CNG_Data2k_variance/files/Q00897.01-0000535746.0001.PDF,Q00897.01-0000535746.0001.PDF,.pdf,22563,ok,True,False,text,False,1,0,1,False,0,False,0-10,Money/Amount,False,Financial Account Information,False,,clear_non_responsive,False,,0,likely_non_responsive,,False,False,0,0,0,0,0,0,0.023,True,False,False,stage1_nr,False,,,0,False,,False,,0
CNG_Data2k_variance/files/Q00897.01-0000669937.0002.PDF,Q00897.01-0000669937.0002.PDF,.pdf,11685,ok,True,False,text,False,10,0,4,False,0,False,0-10,Name | Address | Phone | Bank/Account Number | Money/Amount,True,Contact Information | Financial Account Information,False,,ambiguous,True,yes,5334,standard,,False,False,0,0,0,0,0,0,4.524,False,False,True,,True,clear_no,no,5304,False,likely_non_responsive,True,,10638
CNG_Data2k_variance/files/Q00897.01-0000362089.MSG,Q00897.01-0000362089.MSG,.msg,311808,ok,True,False,text,False,0,0,1,False,0,False,0-10,Name | Email | Phone | Money/Amount | Demographic,True,Contact Information | Financial Account Information | Demographic Information,False,,ambiguous,True,no,5083,likely_non_responsive,,False,False,0,0,0,0,0,0,2.568,True,False,False,stage1_nr,False,,,0,False,,False,,5083
CNG_Data2k_variance/files/Q00897.01-0000225901.PDF,Q00897.01-0000225901.PDF,.pdf,958231,ok,True,True,text,True,2,0,4,False,3,False,0-10,Name | Address | Email | Phone | Money/Amount,True,Contact Information | Financial Account Information,False,,ambiguous,True,yes,7789,standard,bde_llm_count,True,True,2,0,0,0,0,1,12.565,False,False,True,,True,likely_no,no,4386,False,likely_non_responsive,True,,12175
CNG_Data2k_variance/files/Q00897.01-0000818430.MSG,Q00897.01-0000818430.MSG,.msg,37376,error,False,False,,False,0,0,0,False,0,False,,,False,,False,,,False,,0,review_error,MalformedRtf,False,False,0,0,0,0,0,0,0.767,False,False,False,extract_error,False,,,0,False,,False,,0
CNG_Data2k_variance/files/Q00897.01-0000893649.PDF,Q00897.01-0000893649.PDF,.pdf,22414,ok,True,False,text,False,6,0,1,False,0,False,0-10,Name | Address | Phone | Money/Amount,True,Contact Information | Financial Account Information,False,,ambiguous,True,no,6202,likely_non_responsive,,False,False,0,0,0,0,0,0,1.45,True,False,False,stage1_nr,False,,,0,False,,False,,6202
CNG_Data2k_variance/files/Q00897.01-0000673710.0001.PDF,Q00897.01-0000673710.0001.PDF,.pdf,2855,ok,True,False,text,False,1,0,1,False,0,False,0-10,Address | Money/Amount,True,Contact Information | Financial Account Information,False,,ambiguous,True,no,3923,likely_non_responsive,,False,False,0,0,0,0,0,0,1.751,True,False,False,stage1_nr,False,,,0,False,,False,,3923
CNG_Data2k_variance/files/Q00897.01-0000854505.PDF,Q00897.01-0000854505.PDF,.pdf,530113,ok,True,False,text,False,1,0,1,False,0,False,0-10,Name | Work-Related,True,Work-Related Information,False,,ambiguous,True,yes,4336,standard,,False,False,0,0,0,0,0,0,3.348,False,False,True,,True,borderline,no,4364,False,likely_non_responsive,True,,8700
CNG_Data2k_variance/files/Q00897.01-0000304947.XLSX,Q00897.01-0000304947.XLSX,.xlsx,58751,ok,True,True,text,True,5,0,728,False,0,False,100+,Address | Phone | Money/Amount,True,Contact Information | Financial Account Information,False,,ambiguous,True,no,8171,likely_non_responsive,roster_by_rowcount bde_llm_count,False,False,0,0,0,0,0,0,10.962,True,False,False,stage1_nr,False,,,0,False,,False,,8171
CNG_Data2k_variance/files/Q00897.01-0000910252.PDF,Q00897.01-0000910252.PDF,.pdf,7385,ok,True,False,text,False,1,0,1,False,0,False,0-10,Name | Phone,True,Contact Information,False,,ambiguous,True,yes,3769,standard,,False,False,0,0,0,0,0,0,3.839,False,False,True,,True,borderline,no,3828,False,likely_non_responsive,True,,7597
CNG_Data2k_variance/files/Q00897.01-0000268969.XLSX,Q00897.01-0000268969.XLSX,.xlsx,276758,ok,True,True,text,True,2,0,10038,False,0,False,100+,Phone | Money/Amount,True,Contact Information | Financial Account Information,False,,ambiguous,True,no,8372,likely_non_responsive,roster_by_rowcount bde_llm_count,False,False,0,0,0,0,0,0,4.698,True,False,False,stage1_nr,False,,,0,False,,False,,8372
CNG_Data2k_variance/files/Q00897.01-0000474289.MSG,Q00897.01-0000474289.MSG,.msg,180224,ok,True,False,text,False,0,1,5,False,0,False,0-10,Name | Address | Email | Phone | Card/Transaction,True,Contact Information | Financial Account Information,False,,ambiguous,True,yes,7836,standard,,False,False,0,0,0,0,0,0,12.54,False,False,True,,True,clear_yes,yes,7844,False,standard,False,,15680
CNG_Data2k_variance/files/Q00897.01-0000893089.PDF,Q00897.01-0000893089.PDF,.pdf,11947,ok,True,False,text,False,1,0,0,False,0,False,0-10,,False,,False,,clear_non_responsive,False,,0,likely_non_responsive,,False,False,0,0,0,0,0,0,0.056,True,False,False,stage1_nr,False,,,0,False,,False,,0
CNG_Data2k_variance/files/Q00897.01-0000016057.PDF,Q00897.01-0000016057.PDF,.pdf,495975,ok,True,False,text,False,1,0,1,False,0,False,0-10,Name | Address | Money/Amount,True,Contact Information | Financial Account Information,False,,ambiguous,True,yes,4515,standard,,False,False,0,0,0,0,0,0,7.187,False,False,True,,True,clear_yes,yes,4574,False,standard,False,,9089
CNG_Data2k_variance/files/Q00897.01-0000906211.PDF,Q00897.01-0000906211.PDF,.pdf,12388,ok,True,False,text,False,1,0,0,False,0,False,0-10,,False,,False,,clear_non_responsive,False,,0,likely_non_responsive,,False,False,0,0,0,0,0,0,0.055,True,False,False,stage1_nr,False,,,0,False,,False,,0
CNG_Data2k_variance/files/Q00897.01-0000468441.MSG,Q00897.01-0000468441.MSG,.msg,147968,ok,True,False,text,False,0,0,10,False,6,False,0-10,Name | Address | Email | Phone | Health,True,Contact Information | Health-Related Information,False,,ambiguous,True,yes,10965,standard,bde_llm_count,False,False,0,0,0,0,0,0,16.666,False,False,True,,True,clear_yes,yes,5960,False,standard,False,,16925
CNG_Data2k_variance/files/Q00897.01-0000898667.PDF,Q00897.01-0000898667.PDF,.pdf,11404,ok,True,False,text,False,2,0,1,False,0,False,0-10,Money/Amount,False,Financial Account Information,False,,clear_non_responsive,False,,0,likely_non_responsive,,False,False,0,0,0,0,0,0,0.085,True,False,False,stage1_nr,False,,,0,False,,False,,0
CNG_Data2k_variance/files/Q00897.01-0000862175.XLSX,Q00897.01-0000862175.XLSX,.xlsx,19635,ok,True,True,text,True,1,0,87,False,87,True,50-100,Phone | SSN | Payment Card,True,Contact Information | Government-Issued Identification | Financial Account Information,True,,clear_responsive,False,,6675,structured_bde,bde_llm_count_roster,False,False,0,0,0,0,0,0,5.365,False,True,True,,True,clear_yes,yes,7805,True,structured_bde,False,,14480
CNG_Data2k_variance/files/Q00897.01-0000616152.MSG,Q00897.01-0000616152.MSG,.msg,354304,ok,True,False,text,False,0,7,7,False,7,False,0-10,Name | Address | Email | Phone,True,Contact Information,False,,ambiguous,True,yes,9846,standard,bde_llm_count,False,False,0,0,0,0,0,0,12.039,False,False,True,,True,likely_no,no,5390,False,likely_non_responsive,True,,15236
CNG_Data2k_variance/files/Q00897.01-0000451779.0001.XLSX,Q00897.01-0000451779.0001.XLSX,.xlsx,453182,ok,True,True,text,True,18,0,13569,False,0,False,100+,Phone | Payment Card | Bank/Account Number | Money/Amount,True,Contact Information | Financial Account Information,False,,ambiguous,True,no,10140,likely_non_responsive,roster_by_rowcount bde_llm_count,False,False,0,0,0,0,0,0,3.619,True,False,False,stage1_nr,False,,,0,False,,False,,10140
CNG_Data2k_variance/files/Q00897.01-0000464078.MSG,Q00897.01-0000464078.MSG,.msg,1978368,ok,True,False,text,False,0,4,6,False,0,False,0-10,Name | Address | Email | Phone,True,Contact Information,False,,ambiguous,True,yes,6316,standard,,False,False,0,0,0,0,0,0,6.761,False,False,True,,True,likely_yes,yes,6352,False,standard,False,,12668
CNG_Data2k_variance/files/Q00897.01-0000129500.PDF,Q00897.01-0000129500.PDF,.pdf,1881026,ok,True,True,text,True,11,0,35,False,0,False,20-50,Phone | Money/Amount,True,Contact Information | Financial Account Information,False,,ambiguous,True,no,12072,likely_non_responsive,bde_llm_count,True,True,11,0,0,0,0,1,10.604,True,False,False,stage1_nr,False,,,0,False,,False,,12072
CNG_Data2k_variance/files/Q00897.01-0000023387.PDF,Q00897.01-0000023387.PDF,.pdf,23016,ok,True,False,text,False,1,0,1,False,0,False,0-10,Name | Phone | Money/Amount,True,Contact Information | Financial Account Information,False,,ambiguous,True,yes,4017,standard,"img_ocr:p1,p1,p1(3/3,+3chars)",False,False,0,3,3,3,0,3,23.68,False,False,True,,True,likely_no,no,4085,False,likely_non_responsive,True,,8102
CNG_Data2k_variance/files/Q00897.01-0000618231.0001.XLSX,Q00897.01-0000618231.0001.XLSX,.xlsx,965034,ok,True,True,text,True,1,0,70,False,0,False,50-100,Money/Amount,False,Financial Account Information,False,,ambiguous,True,no,18917,likely_non_responsive,bde_llm_count,False,False,0,0,0,0,0,0,4.333,True,False,False,stage1_nr,False,,,0,False,,False,,18917
CNG_Data2k_variance/files/Q00897.01-0000867430.PDF,Q00897.01-0000867430.PDF,.pdf,56368,ok,True,False,text,False,4,0,2,False,0,False,0-10,Name | Address | Phone,True,Contact Information,False,,ambiguous,True,yes,10470,standard,,False,False,0,0,0,0,0,0,5.388,False,False,True,,True,clear_yes,yes,10516,False,standard,False,,20986
CNG_Data2k_variance/files/Q00897.01-0000282409.PDF,Q00897.01-0000282409.PDF,.pdf,156373,ok,True,True,text,True,1,0,4,False,1,False,0-10,Name | Address | Phone | Money/Amount | Health,True,Contact Information | Financial Account Information | Health-Related Information,False,,ambiguous,True,yes,7004,standard,bde_llm_count,True,True,1,0,0,0,0,1,13.089,False,False,True,,True,likely_no,no,4036,False,likely_non_responsive,True,,11040
CNG_Data2k_variance/files/Q00897.01-0000247579.PDF,Q00897.01-0000247579.PDF,.pdf,788356,ok,True,False,text,False,5,0,4,False,0,False,0-10,Name | Address | Phone | Bank/Account Number | Money/Amount,True,Contact Information | Financial Account Information,False,,ambiguous,True,yes,4940,standard,"img_ocr:p3,p3,p4(3/3,+365chars)",False,False,0,3,3,3,0,3,16.621,False,False,True,,True,likely_yes,yes,4989,False,standard,False,,9929
CNG_Data2k_variance/files/Q00897.01-0000715995.MSG,Q00897.01-0000715995.MSG,.msg,194048,ok,True,False,text,False,0,0,2,False,0,False,0-10,Name | Address | Email,True,Contact Information,False,,ambiguous,True,yes,4618,standard,,False,False,0,0,0,0,0,0,3.17,False,False,True,,True,likely_no,no,4672,False,likely_non_responsive,True,,9290
CNG_Data2k_variance/files/Q00897.01-0000434471.MSG,Q00897.01-0000434471.MSG,.msg,190464,ok,True,False,text,False,0,1,7,False,4,False,0-10,Name | Address | Email | Phone | Money/Amount,True,Contact Information | Financial Account Information,False,,ambiguous,True,yes,17461,standard,bde_llm_count,False,False,0,0,0,0,0,0,10.976,False,False,True,,True,likely_no,no,9231,False,likely_non_responsive,True,,26692
CNG_Data2k_variance/files/Q00897.01-0000005919.PDF,Q00897.01-0000005919.PDF,.pdf,54963,ok,True,False,text,False,9,0,3,False,0,False,0-10,Name | Address | Email | Phone | Card Expiry/CVV | Money/Amount | Family | Work-Related,True,Contact Information | Financial Account Information | Family Information | Work-Related Information,False,,ambiguous,True,yes,7016,standard,,False,False,0,0,0,0,0,0,8.47,False,False,True,,True,clear_yes,yes,7077,False,standard,False,,14093
CNG_Data2k_variance\files\Q00897.01-0000480219.0002.DOC,Q00897.01-0000480219.0002.DOC,.doc,50903,ok,True,False,text,False,0,0,1,False,0,False,0-10,Name | Money/Amount | Work-Related,True,Financial Account Information | Work-Related Information,False,,ambiguous,True,no,8561,likely_non_responsive,,False,False,0,0,0,0,0,0,1.342,True,False,False,stage1_nr,False,,,0,False,,False,,8561
CNG_Data2k_variance/files/Q00897.01-0000612160.0001.XLSX,Q00897.01-0000612160.0001.XLSX,.xlsx,39419,ok,True,True,text,True,1,0,295,False,51,True,100+,Name | Address,True,Contact Information,True,,ambiguous,True,yes,9766,structured_bde,roster_by_rowcount bde_llm_count_roster,False,False,0,0,0,0,0,0,9.185,False,True,True,,True,clear_no,no,5213,True,likely_non_responsive,True,,14979
CNG_Data2k_variance/files/Q00897.01-0000638268.MSG,Q00897.01-0000638268.MSG,.msg,162816,ok,True,False,text,False,0,1,4,False,0,False,0-10,Name | Email | Phone | Money/Amount | Work-Related,True,Contact Information | Financial Account Information | Work-Related Information,False,,ambiguous,True,yes,8771,standard,,False,False,0,0,0,0,0,0,4.909,False,False,True,,True,likely_yes,yes,8833,False,standard,False,,17604
CNG_Data2k_variance/files/Q00897.01-0000518999.0001.XLSX,Q00897.01-0000518999.0001.XLSX,.xlsx,174196,ok,True,True,text,True,1,0,550,False,0,False,100+,Phone | Money/Amount,True,Contact Information | Financial Account Information,False,,ambiguous,True,no,19579,likely_non_responsive,bde_llm_count,False,False,0,0,0,0,0,0,8.004,True,False,False,stage1_nr,False,,,0,False,,False,,19579
CNG_Data2k_variance/files/Q00897.01-0000895891.PDF,Q00897.01-0000895891.PDF,.pdf,15139,ok,True,False,text,False,2,0,1,False,0,False,0-10,Money/Amount,False,Financial Account Information,False,,clear_non_responsive,False,,0,likely_non_responsive,,False,False,0,0,0,0,0,0,0.085,True,False,False,stage1_nr,False,,,0,False,,False,,0
CNG_Data2k_variance/files/Q00897.01-0000251245.PDF,Q00897.01-0000251245.PDF,.pdf,141269,ok,True,False,text,False,2,0,3,False,0,False,0-10,Name | Address | Money/Amount | Work-Related,True,Contact Information | Financial Account Information | Work-Related Information,False,,ambiguous,True,no,4945,likely_non_responsive,"img_ocr:p2,p2(2/2,+373chars)",False,False,0,2,2,2,0,2,10.47,True,False,False,stage1_nr,False,,,0,False,,False,,4945
CNG_Data2k_variance\files\Q00897.01-0000127634.XLS,Q00897.01-0000127634.XLS,.xls,33501,ok,True,True,text,True,2,0,136,False,0,False,100+,Money/Amount,False,Financial Account Information,False,,ambiguous,True,no,7591,likely_non_responsive,roster_by_rowcount bde_llm_count,False,False,0,0,0,0,0,0,2.751,True,False,False,stage1_nr,False,,,0,False,,False,,7591
CNG_Data2k_variance/files/Q00897.01-0000553610.MSG,Q00897.01-0000553610.MSG,.msg,164864,ok,True,False,text,False,0,0,6,False,0,False,0-10,Name | Email | Phone | Money/Amount,True,Contact Information | Financial Account Information,False,,ambiguous,True,yes,4751,standard,,False,False,0,0,0,0,0,0,17.88,False,False,True,,True,likely_no,no,4813,False,likely_non_responsive,True,,9564
CNG_Data2k_variance/files/Q00897.01-0000325270.0001.PNG,Q00897.01-0000325270.0001.PNG,.png,92388,ok,True,False,text,False,1,0,1,False,0,False,0-10,Address | Phone | Money/Amount,True,Contact Information | Financial Account Information,False,,ambiguous,True,no,3940,likely_non_responsive,,True,True,1,0,0,0,0,1,6.656,True,False,False,stage1_nr,False,,,0,False,,False,,3940
CNG_Data2k_variance/files/Q00897.01-0000463684.0001.XLSX,Q00897.01-0000463684.0001.XLSX,.xlsx,14973,ok,True,True,text,True,1,0,0,False,0,False,0-10,Money/Amount,False,Financial Account Information,False,,ambiguous,True,no,7663,structured_unreadable,bde_llm_count_roster,False,False,0,0,0,0,0,0,10.626,False,False,True,,True,clear_no,no,4301,False,likely_non_responsive,True,,11964
CNG_Data2k_variance/files/Q00897.01-0000526771.0001.PDF,Q00897.01-0000526771.0001.PDF,.pdf,22567,ok,True,False,text,False,1,0,1,False,0,False,0-10,Money/Amount,False,Financial Account Information,False,,clear_non_responsive,False,,0,likely_non_responsive,,False,False,0,0,0,0,0,0,0.022,True,False,False,stage1_nr,False,,,0,False,,False,,0
CNG_Data2k_variance/files/Q00897.01-0000820813.0002.DOCX,Q00897.01-0000820813.0002.DOCX,.docx,36687,ok,True,False,text,False,0,0,1,False,0,False,0-10,Address,True,Contact Information,False,,ambiguous,True,no,5499,likely_non_responsive,,False,False,0,0,0,0,0,0,1.647,True,False,False,stage1_nr,False,,,0,False,,False,,5499
CNG_Data2k_variance/files/Q00897.01-0000374439.MSG,Q00897.01-0000374439.MSG,.msg,141824,ok,True,False,text,False,0,0,2,False,0,False,0-10,Name | Email | Phone | Card/Transaction,True,Contact Information | Financial Account Information,False,,ambiguous,True,yes,3896,standard,,False,False,0,0,0,0,0,0,3.187,False,False,True,,True,likely_yes,yes,3951,False,standard,False,,7847
CNG_Data2k_variance/files/Q00897.01-0000735199.MSG,Q00897.01-0000735199.MSG,.msg,449536,ok,True,False,text,False,0,0,1,False,0,False,0-10,Money/Amount | Health | Demographic | Work-Related,False,Financial Account Information | Health-Related Information | Demographic Information | Work-Related Information,False,,ambiguous,True,no,7321,likely_non_responsive,,False,False,0,0,0,0,0,0,4.217,True,False,False,stage1_nr,False,,,0,False,,False,,7321
CNG_Data2k_variance/files/Q00897.01-0000770434.0001.PDF,Q00897.01-0000770434.0001.PDF,.pdf,334623,ok,True,True,text,True,15,0,228,False,6,False,100+,Name | Address | Phone | Money/Amount | Health,True,Contact Information | Financial Account Information | Health-Related Information,False,,ambiguous,True,yes,18308,standard,bde_llm_count,True,True,15,0,0,0,0,1,16.75,False,False,True,,True,likely_no,no,9628,True,likely_non_responsive,True,,27936
CNG_Data2k_variance/files/Q00897.01-0000082086.PDF,Q00897.01-0000082086.PDF,.pdf,601874,ok,True,True,text,True,1,0,17,False,1,False,10-20,Name | Address | Bank/Account Number | Money/Amount,True,Contact Information | Financial Account Information,False,,ambiguous,True,no,8135,likely_non_responsive,bde_llm_count,True,True,1,0,0,0,0,1,15.465,True,False,False,stage1_nr,False,,,0,False,,False,,8135
CNG_Data2k_variance/files/Q00897.01-0000518770.0001.XLSX,Q00897.01-0000518770.0001.XLSX,.xlsx,245324,ok,True,True,text,True,1,0,566,False,0,False,100+,Phone | Money/Amount,True,Contact Information | Financial Account Information,False,,ambiguous,True,no,19593,likely_non_responsive,bde_llm_count,False,False,0,0,0,0,0,0,7.52,True,False,False,stage1_nr,False,,,0,False,,False,,19593
CNG_Data2k_variance/files/Q00897.01-0000907252.PDF,Q00897.01-0000907252.PDF,.pdf,807247,ok,True,False,text,False,112,0,50,False,50,False,20-50,Name | Address | Phone | Money/Amount,True,Contact Information | Financial Account Information,False,,ambiguous,True,yes,36098,standard,bde_llm_count_roster,False,False,0,0,0,0,0,0,26.349,False,False,True,,True,clear_yes,yes,19030,False,standard,False,,55128
CNG_Data2k_variance/files/Q00897.01-0000914702.PDF,Q00897.01-0000914702.PDF,.pdf,284602,ok,True,True,text,True,2,0,9,False,6,False,0-10,Name | Money/Amount,False,Financial Account Information,False,,ambiguous,True,yes,8129,standard,bde_llm_count_roster,True,True,2,0,0,0,0,1,11.327,False,False,True,,True,clear_yes,yes,4534,False,standard,False,,12663
CNG_Data2k_variance\files\Q00897.01-0000501798.0001.XLS,Q00897.01-0000501798.0001.XLS,.xls,101959,ok,True,True,text,True,1,0,725,False,2,False,100+,Name | Phone | Money/Amount,True,Contact Information | Financial Account Information,False,,ambiguous,True,yes,14121,standard,roster_by_rowcount bde_llm_count,False,False,0,0,0,0,0,0,5.878,False,False,True,,True,likely_no,no,7514,True,likely_non_responsive,True,,21635
CNG_Data2k_variance/files/Q00897.01-0000786832.MSG,Q00897.01-0000786832.MSG,.msg,37888,ok,True,False,text,False,0,2,5,False,0,False,0-10,Name | Address | Email | Phone,True,Contact Information,False,,ambiguous,True,yes,4436,standard,,False,False,0,0,0,0,0,0,4.078,False,False,True,,True,clear_yes,yes,4508,False,standard,False,,8944
CNG_Data2k_variance/files/Q00897.01-0000761174.0003.PDF,Q00897.01-0000761174.0003.PDF,.pdf,108844,ok,True,False,text,False,1,0,0,False,0,False,0-10,,False,,False,,clear_non_responsive,False,,0,likely_non_responsive,,False,False,0,0,0,0,0,0,0.121,True,False,False,stage1_nr,False,,,0,False,,False,,0
CNG_Data2k_variance\files\Q00897.01-0000501981.0001.XLS,Q00897.01-0000501981.0001.XLS,.xls,99444,ok,True,True,text,True,1,0,718,False,2,False,100+,Name | Phone | Money/Amount,True,Contact Information | Financial Account Information,False,,ambiguous,True,yes,14079,standard,roster_by_rowcount bde_llm_count,False,False,0,0,0,0,0,0,5.78,False,False,True,,True,likely_yes,yes,7515,True,structured_bde,False,,21594
CNG_Data2k_variance/files/Q00897.01-0000697980.MSG,Q00897.01-0000697980.MSG,.msg,183296,ok,True,False,text,False,0,0,1,False,0,False,0-10,Name | Address | Email | Money/Amount,True,Contact Information | Financial Account Information,False,,ambiguous,True,yes,4262,standard,,False,False,0,0,0,0,0,0,3.99,False,False,True,,True,clear_yes,yes,4338,False,standard,False,,8600
CNG_Data2k_variance/files/Q00897.01-0000779673.0001.PDF,Q00897.01-0000779673.0001.PDF,.pdf,312423,ok,True,False,text,False,7,0,2,False,0,False,0-10,Name | Address,True,Contact Information,False,,ambiguous,True,no,7221,likely_non_responsive,,True,True,7,0,0,0,0,1,8.293,True,False,False,stage1_nr,False,,,0,False,,False,,7221
CNG_Data2k_variance/files/Q00897.01-0000898171.PDF,Q00897.01-0000898171.PDF,.pdf,20635,ok,True,True,text,True,3,0,53,False,3,True,50-100,Name | Address | Phone | Money/Amount | Work-Related,True,Contact Information | Financial Account Information | Work-Related Information,True,,ambiguous,True,yes,9101,structured_bde,bde_llm_count_roster,True,True,3,0,0,0,0,1,10.496,False,True,True,,True,clear_yes,yes,5013,True,structured_bde,False,,14114
CNG_Data2k_variance/files/Q00897.01-0000330585.0001.PDF,Q00897.01-0000330585.0001.PDF,.pdf,296845,ok,True,False,text,False,4,0,1,False,0,False,0-10,Name | Address | Bank/Account Number | Money/Amount,True,Contact Information | Financial Account Information,False,,ambiguous,True,yes,4401,standard,"img_ocr:p2(1/1,+346chars)",False,False,0,1,1,1,0,1,8.356,False,False,True,,True,borderline,no,4466,False,likely_non_responsive,True,,8867
CNG_Data2k_variance/files/Q00897.01-0000906275.PDF,Q00897.01-0000906275.PDF,.pdf,21849,ok,True,False,text,False,5,0,1,False,0,False,0-10,Address | Phone,True,Contact Information,False,,ambiguous,True,no,6225,likely_non_responsive,,False,False,0,0,0,0,0,0,1.639,True,False,False,stage1_nr,False,,,0,False,,False,,6225
CNG_Data2k_variance/files/Q00897.01-0000616047.MSG,Q00897.01-0000616047.MSG,.msg,864256,ok,True,False,text,False,0,1,1,False,0,False,0-10,Name | Address | Email | Phone,True,Contact Information,False,,ambiguous,True,yes,3878,standard,,False,False,0,0,0,0,0,0,5.859,False,False,True,,True,borderline,no,3927,False,likely_non_responsive,True,,7805
CNG_Data2k_variance/files/Q00897.01-0000115347.PDF,Q00897.01-0000115347.PDF,.pdf,16652,ok,True,False,text,False,9,0,1,False,0,False,0-10,Card/Transaction | Money/Amount | Work-Related,False,Financial Account Information | Work-Related Information,False,,ambiguous,True,no,8603,likely_non_responsive,,False,False,0,0,0,0,0,0,2.031,True,False,False,stage1_nr,False,,,0,False,,False,,8603
CNG_Data2k_variance/files/Q00897.01-0000731959.0001.PDF,Q00897.01-0000731959.0001.PDF,.pdf,272873,ok,True,True,text,True,5,0,91,False,4,False,50-100,Name | Address | Phone | Tax ID | Bank/Account Number | Money/Amount,True,Contact Information | Government-Issued Identification | Financial Account Information,False,,ambiguous,True,no,13287,likely_non_responsive,bde_llm_count,True,True,5,0,0,0,0,1,12.285,True,False,False,stage1_nr,False,,,0,False,,False,,13287
CNG_Data2k_variance\files\Q00897.01-0000021379.XLS,Q00897.01-0000021379.XLS,.xls,71842,ok,True,True,text,True,2,0,3,False,3,False,0-10,Name | Phone | Money/Amount,True,Contact Information | Financial Account Information,False,,ambiguous,True,yes,7720,standard,bde_llm_count,False,False,0,0,0,0,0,0,4.872,False,False,True,,True,clear_yes,yes,4351,False,standard,False,,12071
CNG_Data2k_variance/files/Q00897.01-0000295677.DOCX,Q00897.01-0000295677.DOCX,.docx,65585,ok,True,False,text,False,0,0,2,False,0,False,0-10,Name | Address | Email | Phone,True,Contact Information,False,,ambiguous,True,yes,3971,standard,,False,False,0,0,0,0,0,0,3.41,False,False,True,,True,likely_yes,yes,4006,False,standard,False,,7977
CNG_Data2k_variance/files/Q00897.01-0000693432.MSG,Q00897.01-0000693432.MSG,.msg,163328,ok,True,False,text,False,0,0,0,False,0,False,0-10,,False,,False,,clear_non_responsive,False,,0,likely_non_responsive,,False,False,0,0,0,0,0,0,0.908,True,False,False,stage1_nr,False,,,0,False,,False,,0
CNG_Data2k_variance/files/Q00897.01-0000875092.XLSX,Q00897.01-0000875092.XLSX,.xlsx,59624,ok,True,True,text,True,1,0,76,False,76,True,50-100,Name,False,,True,,ambiguous,True,yes,8547,structured_bde,roster_by_rowcount bde_llm_count_roster,False,False,0,0,0,0,0,0,8.028,False,True,True,,True,likely_no,no,4801,True,likely_non_responsive,True,,13348
CNG_Data2k_variance/files/Q00897.01-0000771251.MSG,Q00897.01-0000771251.MSG,.msg,133632,ok,True,False,text,False,0,0,16,False,0,False,10-20,Name | Address | Email | Phone,True,Contact Information,False,,ambiguous,True,yes,7529,standard,bde_llm_count,False,False,0,0,0,0,0,0,7.759,False,False,True,,True,likely_no,no,4204,False,likely_non_responsive,True,,11733
CNG_Data2k_variance/files/Q00897.01-0000671503.0001.PDF,Q00897.01-0000671503.0001.PDF,.pdf,1313018,ok,True,True,text,True,8,0,27,False,0,False,20-50,Address | Phone | Tax ID | Bank/Account Number | Money/Amount,True,Contact Information | Government-Issued Identification | Financial Account Information,False,,ambiguous,True,no,16059,likely_non_responsive,bde_llm_count,True,True,8,0,0,0,0,1,10.229,True,False,False,stage1_nr,False,,,0,False,,False,,16059
CNG_Data2k_variance/files/Q00897.01-0000011862.PDF,Q00897.01-0000011862.PDF,.pdf,256743,ok,True,True,text,True,1,0,2,False,1,False,0-10,Name | Email | Work-Related,True,Contact Information | Work-Related Information,False,,ambiguous,True,yes,7168,standard,bde_llm_count,True,True,1,0,0,0,0,1,10.467,False,False,True,,True,likely_yes,yes,4070,False,standard,False,,11238
CNG_Data2k_variance/files/Q00897.01-0000832665.MSG,Q00897.01-0000832665.MSG,.msg,11552768,ok,True,False,text,False,0,10,4,False,0,False,0-10,Name | Address | Email | Phone,True,Contact Information,False,,ambiguous,True,yes,4154,standard,,False,False,0,0,0,0,0,0,3.884,False,False,True,,True,clear_no,no,4275,False,likely_non_responsive,True,,8429
CNG_Data2k_variance/files/Q00897.01-0000340140.XLSX,Q00897.01-0000340140.XLSX,.xlsx,443802,ok,True,True,text,True,1,0,2762,False,1,False,100+,Phone | Money/Amount,True,Contact Information | Financial Account Information,False,,ambiguous,True,no,11843,likely_non_responsive,bde_llm_count,False,False,0,0,0,0,0,0,6.032,True,False,False,stage1_nr,False,,,0,False,,False,,11843
CNG_Data2k_variance/files/Q00897.01-0000426086.MSG,Q00897.01-0000426086.MSG,.msg,413696,ok,True,False,text,False,0,1,1,False,0,False,0-10,Address | Email | Phone | Money/Amount,True,Contact Information | Financial Account Information,False,,ambiguous,True,no,4101,likely_non_responsive,,False,False,0,0,0,0,0,0,2.351,True,False,False,stage1_nr,False,,,0,False,,False,,4101
CNG_Data2k_variance/files/Q00897.01-0000342034.PDF,Q00897.01-0000342034.PDF,.pdf,276707,ok,True,False,text,False,4,0,3,False,0,False,0-10,Name | Health,True,Health-Related Information,False,,ambiguous,True,no,5863,likely_non_responsive,,True,True,4,0,0,0,0,1,7.96,True,False,False,stage1_nr,False,,,0,False,,False,,5863
CNG_Data2k_variance/files/Q00897.01-0000807571.0001.DOCX,Q00897.01-0000807571.0001.DOCX,.docx,31171,ok,True,False,text,False,0,0,1,False,0,False,0-10,Health | Work-Related,False,Health-Related Information | Work-Related Information,False,,ambiguous,True,no,5554,likely_non_responsive,,False,False,0,0,0,0,0,0,1.51,True,False,False,stage1_nr,False,,,0,False,,False,,5554
CNG_Data2k_variance/files/Q00897.01-0000359772.MSG,Q00897.01-0000359772.MSG,.msg,247808,ok,True,False,text,False,0,0,7,False,2,False,0-10,Name | Address | Email | Phone | Money/Amount,True,Contact Information | Financial Account Information,False,,ambiguous,True,yes,10476,standard,bde_llm_count,False,False,0,0,0,0,0,0,8.574,False,False,True,,True,borderline,no,5697,False,likely_non_responsive,True,,16173
CNG_Data2k_variance/files/Q00897.01-0000539681.0001.PDF,Q00897.01-0000539681.0001.PDF,.pdf,22608,ok,True,False,text,False,1,0,1,False,0,False,0-10,Money/Amount,False,Financial Account Information,False,,clear_non_responsive,False,,0,likely_non_responsive,,False,False,0,0,0,0,0,0,0.038,True,False,False,stage1_nr,False,,,0,False,,False,,0
