rel_path,file_name,ext,size_bytes,status,searchable,programmatic,text_extractable,is_structured,page_or_sheet_count,attachment_count,estimated_entities,estimate_truncated,bde_person_count,bde_confirmed,entity_bucket,entities_found,value_signal,pi_categories,is_bde,complexity_bucket,ambiguity,llm_consulted,llm_responsive,llm_tokens,suggested_lane,detail,ocr_attempted,ocr,ocr_pages,img_ocr_qualifying,img_ocr_calls,img_ocr_ok,img_decode_failed,di_calls,elapsed_s,nr_stage1,bde_stage1,s2_ran,s2_skip_reason,s2_llm_consulted,s2_llm_responsiveness,s2_llm_responsive,s2_llm_tokens,s2_is_bde,s2_lane,s2_nr,s2_detail,llm_tokens_total
CNG_Data2k/files/Q00897.01-0000652892.MSG,Q00897.01-0000652892.MSG,.msg,653824,ok,True,False,text,False,0,17,3,False,0,False,0-10,Name | Phone,True,Contact Information,False,,ambiguous,True,no,3735,likely_non_responsive,,False,False,0,0,0,0,0,0,1.529,True,False,False,stage1_nr,False,,,0,False,,False,,3735
CNG_Data2k/files/Q00897.01-0000544366.0001.PDF,Q00897.01-0000544366.0001.PDF,.pdf,20966,ok,True,False,text,False,1,0,0,False,0,False,0-10,,False,,False,,clear_non_responsive,False,,0,likely_non_responsive,,False,False,0,0,0,0,0,0,0.028,True,False,False,stage1_nr,False,,,0,False,,False,,0
CNG_Data2k/files/Q00897.01-0000796478.0007.PDF,Q00897.01-0000796478.0007.PDF,.pdf,1147537,ok,True,True,text,True,15,0,7,False,6,False,0-10,Name | Work-Related,False,Work-Related Information,False,,ambiguous,True,no,16740,likely_non_responsive,bde_llm_count,True,True,15,0,0,0,0,1,9.81,True,False,False,stage1_nr,False,,,0,False,,False,,16740
CNG_Data2k/files/Q00897.01-0000423066.0001.XLSX,Q00897.01-0000423066.0001.XLSX,.xlsx,158016,ok,True,True,text,True,10,0,112,False,0,False,100+,Payment Card | Money/Amount,True,Financial Account Information,False,,ambiguous,True,no,14862,likely_non_responsive,bde_llm_count,False,False,0,0,0,0,0,0,2.468,True,False,False,stage1_nr,False,,,0,False,,False,,14862
CNG_Data2k/files/Q00897.01-0000429941.MSG,Q00897.01-0000429941.MSG,.msg,120832,ok,True,False,text,False,0,0,3,False,0,False,0-10,Name | Address | Email | Phone | Money/Amount,True,Contact Information | Financial Account Information,False,,ambiguous,True,yes,4258,standard,,False,False,0,0,0,0,0,0,2.948,False,False,True,,True,likely_no,no,4331,False,likely_non_responsive,True,,8589
CNG_Data2k\files\Q00897.01-0000800884.0001.DOC,Q00897.01-0000800884.0001.DOC,.doc,45242,ok,True,False,text,False,0,0,1,False,0,False,0-10,Money/Amount | Work-Related,False,Financial Account Information | Work-Related Information,False,,ambiguous,True,no,6764,likely_non_responsive,,False,False,0,0,0,0,0,0,0.996,True,False,False,stage1_nr,False,,,0,False,,False,,6764
CNG_Data2k/files/Q00897.01-0000468440.MSG,Q00897.01-0000468440.MSG,.msg,171520,ok,True,False,text,False,0,0,9,False,5,False,0-10,Name | Address | Email | Phone | Health,True,Contact Information | Health-Related Information,False,,ambiguous,True,yes,11705,standard,bde_llm_count,False,False,0,0,0,0,0,0,5.57,False,False,True,,True,clear_yes,yes,6281,False,standard,False,,17986
CNG_Data2k/files/Q00897.01-0000625365.MSG,Q00897.01-0000625365.MSG,.msg,56832,ok,True,False,text,False,0,0,6,False,0,False,0-10,Name | Address | Email | Phone | Money/Amount,True,Contact Information | Financial Account Information,False,,ambiguous,True,yes,6207,standard,,False,False,0,0,0,0,0,0,4.151,False,False,True,,True,likely_yes,yes,6304,False,standard,False,,12511
CNG_Data2k\files\Q00897.01-0000017737.XLS,Q00897.01-0000017737.XLS,.xls,71861,ok,True,True,text,True,2,0,0,False,2,False,0-10,SSN | Money/Amount,True,Government-Issued Identification | Financial Account Information,False,,clear_responsive,False,,1578,structured_unreadable,bde_llm_count_roster,False,False,0,0,0,0,0,0,1.937,False,False,True,,True,clear_yes,yes,2617,False,standard,False,,4195
CNG_Data2k/files/Q00897.01-0000909871.PDF,Q00897.01-0000909871.PDF,.pdf,10244,ok,True,False,text,False,1,0,0,False,0,False,0-10,,False,,False,,clear_non_responsive,False,,0,likely_non_responsive,,False,False,0,0,0,0,0,0,0.125,True,False,False,stage1_nr,False,,,0,False,,False,,0
CNG_Data2k/files/Q00897.01-0000490523.0001.XLSX,Q00897.01-0000490523.0001.XLSX,.xlsx,27802,ok,True,True,text,True,1,0,57,False,0,False,50-100,Phone,True,Contact Information,False,,ambiguous,True,no,11646,likely_non_responsive,bde_llm_count,False,False,0,0,0,0,0,0,2.361,True,False,False,stage1_nr,False,,,0,False,,False,,11646
CNG_Data2k/files/Q00897.01-0000791268.MSG,Q00897.01-0000791268.MSG,.msg,137728,ok,True,False,text,False,0,0,4,False,0,False,0-10,Name | Address | Email | Phone,True,Contact Information,False,,ambiguous,True,yes,5667,standard,,False,False,0,0,0,0,0,0,3.105,False,False,True,,True,likely_yes,yes,5733,False,standard,False,,11400
CNG_Data2k/files/Q00897.01-0000292761.XLSX,Q00897.01-0000292761.XLSX,.xlsx,13847,ok,True,True,text,True,1,0,13,False,13,False,10-20,SSN | Money/Amount,True,Government-Issued Identification | Financial Account Information,False,,clear_responsive,False,,3160,standard,bde_llm_count_roster,False,False,0,0,0,0,0,0,2.992,False,False,True,,True,clear_yes,yes,4087,False,standard,False,,7247
CNG_Data2k/files/Q00897.01-0000452737.MSG,Q00897.01-0000452737.MSG,.msg,140800,ok,True,False,text,False,0,0,2,False,0,False,0-10,Name | Email | Phone,True,Contact Information,False,,ambiguous,True,yes,4062,standard,,False,False,0,0,0,0,0,0,2.724,False,False,True,,True,likely_no,no,4107,False,likely_non_responsive,True,,8169
CNG_Data2k/files/Q00897.01-0000020590.XLSX,Q00897.01-0000020590.XLSX,.xlsx,29412,ok,True,True,text,True,3,0,145,False,4,True,100+,Name | Money/Amount,False,Financial Account Information,True,,ambiguous,True,yes,11024,structured_bde,roster_by_rowcount bde_llm_count_roster,False,False,0,0,0,0,0,0,4.431,False,True,True,,True,clear_yes,yes,6028,True,structured_bde,False,,17052
CNG_Data2k/files/Q00897.01-0000895264.PDF,Q00897.01-0000895264.PDF,.pdf,48925,ok,True,False,text,False,1,0,0,False,0,False,0-10,,False,,False,,clear_non_responsive,False,,0,likely_non_responsive,,True,True,1,0,0,0,0,1,4.156,True,False,False,stage1_nr,False,,,0,False,,False,,0
CNG_Data2k\files\Q00897.01-0000842152.0001.DOC,Q00897.01-0000842152.0001.DOC,.doc,31760,ok,True,False,text,False,0,0,1,False,0,False,0-10,Name | Address | Money/Amount | Work-Related,True,Contact Information | Financial Account Information | Work-Related Information,False,,ambiguous,True,yes,6577,standard,,False,False,0,0,0,0,0,0,2.95,False,False,True,,True,likely_no,no,6795,False,likely_non_responsive,True,,13372
CNG_Data2k/files/Q00897.01-0000672508.MSG,Q00897.01-0000672508.MSG,.msg,125952,ok,True,False,text,False,0,1,2,False,0,False,0-10,Name | Address | Email | Phone,True,Contact Information,False,,ambiguous,True,no,3886,likely_non_responsive,,False,False,0,0,0,0,0,0,1.201,True,False,False,stage1_nr,False,,,0,False,,False,,3886
CNG_Data2k/files/Q00897.01-0000553597.MSG,Q00897.01-0000553597.MSG,.msg,251392,ok,True,False,text,False,0,0,2,False,0,False,0-10,Email | Money/Amount,True,Contact Information | Financial Account Information,False,,ambiguous,True,no,4916,likely_non_responsive,,False,False,0,0,0,0,0,0,2.769,True,False,False,stage1_nr,False,,,0,False,,False,,4916
CNG_Data2k/files/Q00897.01-0000735170.MSG,Q00897.01-0000735170.MSG,.msg,114176,ok,True,False,text,False,0,2,9,False,5,False,0-10,Name | Address | Email | Phone,True,Contact Information,False,,ambiguous,True,yes,11294,standard,bde_llm_count,False,False,0,0,0,0,0,0,4.669,False,False,True,,True,likely_yes,yes,6089,False,standard,False,,17383
CNG_Data2k/files/Q00897.01-0000722887.MSG,Q00897.01-0000722887.MSG,.msg,611328,ok,True,False,text,False,0,17,5,False,0,False,0-10,Name | Address | Email,True,Contact Information,False,,ambiguous,True,yes,4018,standard,,False,False,0,0,0,0,0,0,4.899,False,False,True,,True,borderline,no,4072,False,likely_non_responsive,True,,8090
CNG_Data2k/files/Q00897.01-0000855284.PDF,Q00897.01-0000855284.PDF,.pdf,62046,ok,True,True,text,True,1,0,8,False,1,False,0-10,Name | Phone | Bank/Account Number,True,Contact Information | Financial Account Information,False,,ambiguous,True,yes,6757,standard,bde_llm_count,True,True,1,0,0,0,0,1,7.559,False,False,True,,True,clear_yes,yes,3851,False,standard,False,,10608
CNG_Data2k/files/Q00897.01-0000130233.PDF,Q00897.01-0000130233.PDF,.pdf,1064494,ok,True,True,text,True,6,0,44,False,0,False,20-50,Phone | Money/Amount,True,Contact Information | Financial Account Information,False,,ambiguous,True,no,9742,likely_non_responsive,bde_llm_count,True,True,6,0,0,0,0,1,9.842,True,False,False,stage1_nr,False,,,0,False,,False,,9742
CNG_Data2k/files/Q00897.01-0000908244.PDF,Q00897.01-0000908244.PDF,.pdf,21368,ok,True,False,text,False,2,0,18,False,18,False,10-20,Name | Address | Phone | Money/Amount,True,Contact Information | Financial Account Information,False,,ambiguous,True,yes,10674,standard,bde_llm_count_roster,False,False,0,0,0,0,0,0,64.247,False,False,True,,True,likely_yes,yes,5818,False,standard,False,,16492
CNG_Data2k/files/Q00897.01-0000625693.MSG,Q00897.01-0000625693.MSG,.msg,40448,ok,True,False,text,False,0,0,3,False,0,False,0-10,Name | Email | Phone,True,Contact Information,False,,ambiguous,True,no,4151,likely_non_responsive,,False,False,0,0,0,0,0,0,1.395,True,False,False,stage1_nr,False,,,0,False,,False,,4151
CNG_Data2k/files/Q00897.01-0000580561.0001.CSV,Q00897.01-0000580561.0001.CSV,.csv,9958870,ok,True,True,text,True,0,0,48144,False,0,False,100+,Money/Amount,False,Financial Account Information,False,,ambiguous,True,no,15767,likely_non_responsive,roster_by_rowcount bde_llm_count,False,False,0,0,0,0,0,0,4.218,True,False,False,stage1_nr,False,,,0,False,,False,,15767
CNG_Data2k/files/Q00897.01-0000000101.PDF,Q00897.01-0000000101.PDF,.pdf,959519,ok,True,False,text,False,1,0,3,False,0,False,0-10,Name | Address | Email | Phone | SSN | Money/Amount | Work-Related,True,Contact Information | Government-Issued Identification | Financial Account Information | Work-Related Information,False,,clear_responsive,False,,0,standard,,False,False,0,0,0,0,0,0,3.903,False,False,True,,True,clear_yes,yes,4436,False,standard,False,,4436
CNG_Data2k/files/Q00897.01-0000120385.PDF,Q00897.01-0000120385.PDF,.pdf,1532898,ok,True,True,text,True,15,0,83,False,3,False,50-100,Name | Address | Email | Phone | Tax ID | Money/Amount,True,Contact Information | Government-Issued Identification | Financial Account Information,False,,ambiguous,True,yes,19532,standard,bde_llm_count,True,True,15,0,0,0,0,1,10.968,False,False,True,,True,clear_no,no,10244,True,likely_non_responsive,True,,29776
CNG_Data2k/files/Q00897.01-0000834425.MSG,Q00897.01-0000834425.MSG,.msg,1974784,error,False,False,,False,0,0,0,False,0,False,,,False,,False,,,False,,0,review_error,MalformedRtf,False,False,0,0,0,0,0,0,1.018,False,False,False,extract_error,False,,,0,False,,False,,0
CNG_Data2k/files/Q00897.01-0000755993.MSG,Q00897.01-0000755993.MSG,.msg,70656,ok,True,False,text,False,0,0,2,False,0,False,0-10,Name | Address | Email | Phone,True,Contact Information,False,,ambiguous,True,no,4097,likely_non_responsive,,False,False,0,0,0,0,0,0,1.515,True,False,False,stage1_nr,False,,,0,False,,False,,4097
CNG_Data2k/files/Q00897.01-0000912012.PDF,Q00897.01-0000912012.PDF,.pdf,20142,ok,True,True,text,True,2,0,18,False,1,False,10-20,Address | Phone | SSN | Date of Birth,True,Contact Information | Government-Issued Identification | Birth Information,False,,clear_responsive,False,,3382,standard,bde_llm_count_roster,True,True,2,0,0,0,0,1,7.591,False,False,True,,True,clear_yes,yes,4235,False,standard,False,,7617
CNG_Data2k/files/Q00897.01-0000533419.0001.CSV,Q00897.01-0000533419.0001.CSV,.csv,121448,ok,True,True,text,True,0,0,613,False,0,False,100+,Money/Amount,False,Financial Account Information,False,,ambiguous,True,no,15032,likely_non_responsive,roster_by_rowcount bde_llm_count,False,False,0,0,0,0,0,0,62.36,True,False,False,stage1_nr,False,,,0,False,,False,,15032
CNG_Data2k/files/Q00897.01-0000729929.MSG,Q00897.01-0000729929.MSG,.msg,199168,ok,True,False,text,False,0,0,1,False,0,False,0-10,Address | Phone,True,Contact Information,False,,ambiguous,True,no,4365,likely_non_responsive,,False,False,0,0,0,0,0,0,2.335,True,False,False,stage1_nr,False,,,0,False,,False,,4365
CNG_Data2k/files/Q00897.01-0000791661.0001.PDF,Q00897.01-0000791661.0001.PDF,.pdf,4855564,ok,True,False,text,False,11,0,4,False,0,False,0-10,Name | Address | Email | Phone | Money/Amount,True,Contact Information | Financial Account Information,False,,ambiguous,True,yes,9009,standard,,True,True,11,0,0,0,0,1,11.422,False,False,True,,True,clear_yes,yes,9094,False,standard,False,,18103
CNG_Data2k/files/Q00897.01-0000831260.0001.XLSX,Q00897.01-0000831260.0001.XLSX,.xlsx,266781,ok,True,True,text,True,7,0,69,False,69,True,50-100,Name | Card/Transaction,False,Financial Account Information,True,,ambiguous,True,yes,8720,structured_bde,bde_llm_count_roster,False,False,0,0,0,0,0,0,7.018,False,True,True,,True,likely_no,no,4803,True,likely_non_responsive,True,,13523
CNG_Data2k/files/Q00897.01-0000652909.MSG,Q00897.01-0000652909.MSG,.msg,656896,ok,True,False,text,False,0,17,3,False,0,False,0-10,Name | Phone,True,Contact Information,False,,ambiguous,True,no,3793,likely_non_responsive,,False,False,0,0,0,0,0,0,1.333,True,False,False,stage1_nr,False,,,0,False,,False,,3793
CNG_Data2k/files/Q00897.01-0000896379.PDF,Q00897.01-0000896379.PDF,.pdf,19605,ok,True,False,text,False,3,0,2,False,0,False,0-10,Name | Address | Phone | Money/Amount,True,Contact Information | Financial Account Information,False,,ambiguous,True,yes,5918,standard,,False,False,0,0,0,0,0,0,2.385,False,False,True,,True,likely_no,no,5994,False,likely_non_responsive,True,,11912
CNG_Data2k/files/Q00897.01-0000546230.0001.XLSX,Q00897.01-0000546230.0001.XLSX,.xlsx,72790,ok,True,True,text,True,1,0,66,False,0,False,50-100,Phone | Payment Card | Money/Amount,True,Contact Information | Financial Account Information,False,,ambiguous,True,no,17855,likely_non_responsive,bde_llm_count,False,False,0,0,0,0,0,0,6.211,True,False,False,stage1_nr,False,,,0,False,,False,,17855
CNG_Data2k/files/Q00897.01-0000290146.XLSX,Q00897.01-0000290146.XLSX,.xlsx,116421,ok,True,True,text,True,4,0,526,False,526,True,100+,Name | Phone | Money/Amount,True,Contact Information | Financial Account Information,True,,ambiguous,True,yes,8917,structured_bde,bde_llm_count_roster,False,False,0,0,0,0,0,0,8.007,False,True,True,,True,clear_yes,yes,5076,True,structured_bde,False,,13993
CNG_Data2k/files/Q00897.01-0000638255.MSG,Q00897.01-0000638255.MSG,.msg,193024,ok,True,False,text,False,0,2,9,False,3,False,0-10,Name | Email | Phone | Money/Amount | Work-Related,True,Contact Information | Financial Account Information | Work-Related Information,False,,ambiguous,True,yes,22690,standard,bde_llm_count,False,False,0,0,0,0,0,0,4.852,False,False,True,,True,likely_yes,yes,11830,False,standard,False,,34520
CNG_Data2k/files/Q00897.01-0000727141.MSG,Q00897.01-0000727141.MSG,.msg,169472,ok,True,False,text,False,0,0,1,False,0,False,0-10,Address | Email | Money/Amount,True,Contact Information | Financial Account Information,False,,ambiguous,True,no,4171,likely_non_responsive,,False,False,0,0,0,0,0,0,1.592,True,False,False,stage1_nr,False,,,0,False,,False,,4171
CNG_Data2k/files/Q00897.01-0000390053.MSG,Q00897.01-0000390053.MSG,.msg,80384,ok,True,False,text,False,0,0,2,False,0,False,0-10,Name | Email,True,Contact Information,False,,ambiguous,True,yes,3901,standard,,False,False,0,0,0,0,0,0,2.772,False,False,True,,True,borderline,no,3958,False,likely_non_responsive,True,,7859
CNG_Data2k/files/Q00897.01-0000100092.XLSX,Q00897.01-0000100092.XLSX,.xlsx,51071,ok,True,True,text,True,11,0,256,False,0,False,100+,Payment Card | Money/Amount,True,Financial Account Information,False,,ambiguous,True,no,8454,likely_non_responsive,roster_by_rowcount bde_llm_count,False,False,0,0,0,0,0,0,2.184,True,False,False,stage1_nr,False,,,0,False,,False,,8454
CNG_Data2k/files/Q00897.01-0000288615.PDF,Q00897.01-0000288615.PDF,.pdf,3399728,ok,True,False,text,False,9,0,1,False,0,False,0-10,Money/Amount,False,Financial Account Information,False,,clear_non_responsive,False,,0,likely_non_responsive,"img_ocr:p2,p4(2/2,+34chars)",False,False,0,2,2,2,0,2,14.294,True,False,False,stage1_nr,False,,,0,False,,False,,0
CNG_Data2k/files/Q00897.01-0000707553.MSG,Q00897.01-0000707553.MSG,.msg,217088,ok,True,False,text,False,0,0,2,False,0,False,0-10,Address | Email | Phone | Money/Amount | Credentials,True,Contact Information | Financial Account Information | Access Credentials,False,,ambiguous,True,no,3957,likely_non_responsive,,False,False,0,0,0,0,0,0,2.109,True,False,False,stage1_nr,False,,,0,False,,False,,3957
CNG_Data2k/files/Q00897.01-0000294399.PDF,Q00897.01-0000294399.PDF,.pdf,1404386,ok,True,False,text,False,10,0,1,False,0,False,0-10,Money/Amount,False,Financial Account Information,False,,clear_non_responsive,False,,0,likely_non_responsive,,False,False,0,0,0,0,0,0,1.489,True,False,False,stage1_nr,False,,,0,False,,False,,0
CNG_Data2k/files/Q00897.01-0000504343.MSG,Q00897.01-0000504343.MSG,.msg,97280,ok,True,False,text,False,0,0,1,False,0,False,0-10,Address | Email | Money/Amount | Health,True,Contact Information | Financial Account Information | Health-Related Information,False,,ambiguous,True,no,4126,likely_non_responsive,,False,False,0,0,0,0,0,0,2.381,True,False,False,stage1_nr,False,,,0,False,,False,,4126
CNG_Data2k/files/Q00897.01-0000600743.0001.PDF,Q00897.01-0000600743.0001.PDF,.pdf,20965,ok,True,False,text,False,1,0,0,False,0,False,0-10,,False,,False,,clear_non_responsive,False,,0,likely_non_responsive,,False,False,0,0,0,0,0,0,0.019,True,False,False,stage1_nr,False,,,0,False,,False,,0
CNG_Data2k/files/Q00897.01-0000011189.PDF,Q00897.01-0000011189.PDF,.pdf,103120,ok,True,False,text,False,1,0,2,False,0,False,0-10,Name | Money/Amount | Work-Related,False,Financial Account Information | Work-Related Information,False,,ambiguous,True,yes,5566,standard,,False,False,0,0,0,0,0,0,2.883,False,False,True,,True,likely_yes,yes,5602,False,standard,False,,11168
CNG_Data2k/files/Q00897.01-0000869273.PDF,Q00897.01-0000869273.PDF,.pdf,28241,ok,True,False,text,False,1,0,2,False,0,False,0-10,Name | Address | Phone | Money/Amount,True,Contact Information | Financial Account Information,False,,ambiguous,True,no,4452,likely_non_responsive,,False,False,0,0,0,0,0,0,1.125,True,False,False,stage1_nr,False,,,0,False,,False,,4452
CNG_Data2k/files/Q00897.01-0000616029.MSG,Q00897.01-0000616029.MSG,.msg,117248,ok,True,False,text,False,0,1,3,False,0,False,0-10,Name | Address | Email | Phone,True,Contact Information,False,,ambiguous,True,yes,4198,standard,,False,False,0,0,0,0,0,0,4.636,False,False,True,,True,likely_no,no,4206,False,likely_non_responsive,True,,8404
CNG_Data2k/files/Q00897.01-0000828651.0001.XLSX,Q00897.01-0000828651.0001.XLSX,.xlsx,23918,ok,True,True,text,True,2,0,165,False,165,True,100+,Address | Card/Transaction,True,Contact Information | Financial Account Information,True,,ambiguous,True,no,8105,structured_bde,roster_by_rowcount bde_llm_count_roster,False,False,0,0,0,0,0,0,63.264,False,True,True,,True,clear_no,no,4492,True,likely_non_responsive,True,,12597
CNG_Data2k/files/Q00897.01-0000328155.PDF,Q00897.01-0000328155.PDF,.pdf,300879,ok,True,False,text,False,4,0,5,False,0,False,0-10,Name | Address | Money/Amount,True,Contact Information | Financial Account Information,False,,ambiguous,True,no,5029,likely_non_responsive,,True,True,4,0,0,0,0,1,6.894,True,False,False,stage1_nr,False,,,0,False,,False,,5029
CNG_Data2k/files/Q00897.01-0000508376.0002.PDF,Q00897.01-0000508376.0002.PDF,.pdf,106035,ok,True,False,text,False,1,0,1,False,0,False,0-10,Name | Address,True,Contact Information,False,,ambiguous,True,yes,4991,standard,,True,True,1,0,0,0,0,1,66.76,False,False,True,,True,clear_yes,yes,5037,False,standard,False,,10028
CNG_Data2k/files/Q00897.01-0000262508.PDF,Q00897.01-0000262508.PDF,.pdf,806041,ok,True,False,text,False,337,0,329,False,0,False,100+,Address | Phone | Payment Card | Money/Amount,True,Contact Information | Financial Account Information,False,,ambiguous,True,no,28571,likely_non_responsive,bde_llm_count,False,False,0,0,0,0,0,0,9.368,True,False,False,stage1_nr,False,,,0,False,,False,,28571
CNG_Data2k/files/Q00897.01-0000702934.0003.DOCX,Q00897.01-0000702934.0003.DOCX,.docx,26949,ok,True,False,text,False,0,0,1,False,0,False,0-10,Health,False,Health-Related Information,False,,ambiguous,True,no,5367,likely_non_responsive,,False,False,0,0,0,0,0,0,0.941,True,False,False,stage1_nr,False,,,0,False,,False,,5367
CNG_Data2k/files/Q00897.01-0000019934.XLSX,Q00897.01-0000019934.XLSX,.xlsx,22965,ok,True,True,text,True,3,0,85,False,5,True,50-100,Name | Money/Amount,False,Financial Account Information,True,,ambiguous,True,yes,12162,structured_bde,roster_by_rowcount bde_llm_count_roster,False,False,0,0,0,0,0,0,4.326,False,True,True,,True,clear_yes,yes,6559,True,structured_bde,False,,18721
CNG_Data2k/files/Q00897.01-0000498395.MSG,Q00897.01-0000498395.MSG,.msg,56320,ok,True,False,text,False,0,0,1,False,0,False,0-10,Address | Phone | Money/Amount | Health,True,Contact Information | Financial Account Information | Health-Related Information,False,,ambiguous,True,no,4827,likely_non_responsive,,False,False,0,0,0,0,0,0,3.735,True,False,False,stage1_nr,False,,,0,False,,False,,4827
CNG_Data2k/files/Q00897.01-0000834641.MSG,Q00897.01-0000834641.MSG,.msg,148480,ok,True,False,text,False,0,1,10,False,6,False,0-10,Name | Address | Email | Phone,True,Contact Information,False,,ambiguous,True,yes,15464,standard,bde_llm_count,False,False,0,0,0,0,0,0,5.543,False,False,True,,True,likely_yes,yes,8223,False,standard,False,,23687
CNG_Data2k/files/Q00897.01-0000716722.MSG,Q00897.01-0000716722.MSG,.msg,280576,ok,True,False,text,False,0,0,1,False,0,False,0-10,Address,True,Contact Information,False,,ambiguous,True,no,4138,likely_non_responsive,,False,False,0,0,0,0,0,0,1.891,True,False,False,stage1_nr,False,,,0,False,,False,,4138
CNG_Data2k/files/Q00897.01-0000697489.MSG,Q00897.01-0000697489.MSG,.msg,215040,ok,True,False,text,False,0,0,2,False,0,False,0-10,Address | Email | Phone | Money/Amount | Credentials,True,Contact Information | Financial Account Information | Access Credentials,False,,ambiguous,True,no,3963,likely_non_responsive,,False,False,0,0,0,0,0,0,2.26,True,False,False,stage1_nr,False,,,0,False,,False,,3963
CNG_Data2k/files/Q00897.01-0000892701.PDF,Q00897.01-0000892701.PDF,.pdf,9427,ok,True,False,text,False,1,0,0,False,0,False,0-10,,False,,False,,clear_non_responsive,False,,0,likely_non_responsive,,False,False,0,0,0,0,0,0,0.062,True,False,False,stage1_nr,False,,,0,False,,False,,0
CNG_Data2k/files/Q00897.01-0000297535.XLSX,Q00897.01-0000297535.XLSX,.xlsx,88533,ok,True,True,text,True,23,0,1530,False,0,False,100+,Money/Amount,False,Financial Account Information,False,,ambiguous,True,no,8836,likely_non_responsive,roster_by_rowcount bde_llm_count,False,False,0,0,0,0,0,0,2.238,True,False,False,stage1_nr,False,,,0,False,,False,,8836
CNG_Data2k/files/Q00897.01-0000122931.PDF,Q00897.01-0000122931.PDF,.pdf,76497,ok,True,True,text,True,1,0,2,False,2,False,0-10,Name | Address | Driver License | Date of Birth | Card Expiry/CVV,True,Contact Information | Government-Issued Identification | Birth Information | Financial Account Information,False,,ambiguous,True,yes,8583,standard,bde_llm_count,True,True,1,0,0,0,0,1,10.74,False,False,True,,True,clear_yes,yes,4717,False,standard,False,,13300
CNG_Data2k/files/Q00897.01-0000540341.0001.PDF,Q00897.01-0000540341.0001.PDF,.pdf,22565,ok,True,False,text,False,1,0,1,False,0,False,0-10,Money/Amount,False,Financial Account Information,False,,clear_non_responsive,False,,0,likely_non_responsive,,False,False,0,0,0,0,0,0,0.032,True,False,False,stage1_nr,False,,,0,False,,False,,0
CNG_Data2k/files/Q00897.01-0000772744.0001.PDF,Q00897.01-0000772744.0001.PDF,.pdf,110100,ok,True,False,text,False,18,0,4,False,0,False,0-10,Name | Address | Email | Money/Amount | Work-Related,True,Contact Information | Financial Account Information | Work-Related Information,False,,ambiguous,True,yes,9399,standard,,False,False,0,0,0,0,0,0,3.239,False,False,True,,True,borderline,no,9509,False,likely_non_responsive,True,,18908
CNG_Data2k/files/Q00897.01-0000642884.MSG,Q00897.01-0000642884.MSG,.msg,23040,ok,True,False,text,False,0,0,0,False,0,False,0-10,,False,,False,,clear_non_responsive,False,,0,likely_non_responsive,,False,False,0,0,0,0,0,0,0.018,True,False,False,stage1_nr,False,,,0,False,,False,,0
CNG_Data2k/files/Q00897.01-0000325130.PDF,Q00897.01-0000325130.PDF,.pdf,248832,ok,True,False,text,False,4,0,9,False,7,False,0-10,Name | Address | Email | Phone | Tax ID | Money/Amount,True,Contact Information | Government-Issued Identification | Financial Account Information,False,,ambiguous,True,yes,9673,standard,"img_ocr:p2(1/1,+176chars) bde_llm_count",False,False,0,1,1,1,0,1,8.647,False,False,True,,True,clear_no,no,5294,False,likely_non_responsive,True,,14967
CNG_Data2k/files/Q00897.01-0000288715.XLSX,Q00897.01-0000288715.XLSX,.xlsx,1301519,ok,True,True,text,True,4,0,304,False,304,True,100+,Money/Amount,False,Financial Account Information,True,,ambiguous,True,no,8004,structured_bde,bde_llm_count_roster,False,False,0,0,0,0,0,0,4.846,False,True,True,,True,likely_no,no,4434,True,likely_non_responsive,True,,12438
CNG_Data2k/files/Q00897.01-0000897761.PDF,Q00897.01-0000897761.PDF,.pdf,13329,ok,True,False,text,False,2,0,1,False,0,False,0-10,Money/Amount,False,Financial Account Information,False,,clear_non_responsive,False,,0,likely_non_responsive,,False,False,0,0,0,0,0,0,0.135,True,False,False,stage1_nr,False,,,0,False,,False,,0
CNG_Data2k/files/Q00897.01-0000418727.MSG,Q00897.01-0000418727.MSG,.msg,180224,ok,True,False,text,False,0,2,5,False,0,False,0-10,Name | Email | Phone,True,Contact Information,False,,ambiguous,True,yes,4496,standard,,False,False,0,0,0,0,0,0,8.089,False,False,True,,True,likely_no,no,4576,False,likely_non_responsive,True,,9072
CNG_Data2k/files/Q00897.01-0000629836.MSG,Q00897.01-0000629836.MSG,.msg,111616,ok,True,False,text,False,0,3,4,False,0,False,0-10,Name | Address | Email | Phone | Health,True,Contact Information | Health-Related Information,False,,ambiguous,True,yes,4784,standard,,False,False,0,0,0,0,0,0,3.02,False,False,True,,True,likely_no,no,4865,False,likely_non_responsive,True,,9649
CNG_Data2k/files/Q00897.01-0000305844.PDF,Q00897.01-0000305844.PDF,.pdf,214638,ok,True,False,text,False,22,0,1,False,0,False,0-10,Money/Amount,False,Financial Account Information,False,,clear_non_responsive,False,,0,likely_non_responsive,,False,False,0,0,0,0,0,0,2.333,True,False,False,stage1_nr,False,,,0,False,,False,,0
CNG_Data2k/files/Q00897.01-0000344590.PDF,Q00897.01-0000344590.PDF,.pdf,235751,ok,True,False,text,False,1,0,5,False,0,False,0-10,Phone | Money/Amount,True,Contact Information | Financial Account Information,False,,ambiguous,True,yes,4788,standard,,False,False,0,0,0,0,0,0,2.484,False,False,True,,True,likely_no,no,4849,False,likely_non_responsive,True,,9637
CNG_Data2k/files/Q00897.01-0000833919.0001.PDF,Q00897.01-0000833919.0001.PDF,.pdf,107682,ok,True,False,text,False,5,0,2,False,0,False,0-10,Name | Address | Card Expiry/CVV | Money/Amount | Work-Related,True,Contact Information | Financial Account Information | Work-Related Information,False,,ambiguous,True,no,6075,likely_non_responsive,,False,False,0,0,0,0,0,0,1.184,True,False,False,stage1_nr,False,,,0,False,,False,,6075
CNG_Data2k/files/Q00897.01-0000814633.0001.PDF,Q00897.01-0000814633.0001.PDF,.pdf,546572,ok,True,True,text,True,15,0,59,False,59,True,50-100,Name | Address | Email | Phone | Card/Transaction | Money/Amount | Work-Related,True,Contact Information | Financial Account Information | Work-Related Information,True,,ambiguous,True,yes,20186,structured_bde,bde_llm_count_roster,True,True,15,0,0,0,0,1,70.537,False,True,True,,True,likely_no,no,10556,True,likely_non_responsive,True,,30742
CNG_Data2k/files/Q00897.01-0000482223.MSG,Q00897.01-0000482223.MSG,.msg,46592,ok,True,False,text,False,0,0,12,False,7,False,10-20,Name | Email | Money/Amount,True,Contact Information | Financial Account Information,False,,ambiguous,True,no,11289,likely_non_responsive,bde_llm_count,False,False,0,0,0,0,0,0,4.266,True,False,False,stage1_nr,False,,,0,False,,False,,11289
CNG_Data2k/files/Q00897.01-0000835206.MSG,Q00897.01-0000835206.MSG,.msg,160768,ok,True,False,text,False,0,2,3,False,0,False,0-10,Name | Address | Email | Phone,True,Contact Information,False,,ambiguous,True,yes,4135,standard,,False,False,0,0,0,0,0,0,2.466,False,False,True,,True,clear_no,no,4212,False,likely_non_responsive,True,,8347
CNG_Data2k/files/Q00897.01-0000325391.0002.PDF,Q00897.01-0000325391.0002.PDF,.pdf,1316966,ok,True,True,text,True,1,0,23,False,2,False,20-50,Name | Address | Phone | Military ID | Date of Birth | Card/Transaction | Money/Amount,True,Contact Information | Government-Issued Identification | Birth Information | Financial Account Information,False,,ambiguous,True,yes,9000,standard,bde_llm_count,True,True,1,0,0,0,0,1,9.593,False,False,True,,True,likely_yes,yes,4924,False,standard,False,,13924
CNG_Data2k/files/Q00897.01-0000246443.PDF,Q00897.01-0000246443.PDF,.pdf,654643,ok,True,False,text,False,6,0,1,False,0,False,0-10,Name | Address | Bank/Account Number | Money/Amount,True,Contact Information | Financial Account Information,False,,ambiguous,True,yes,4696,standard,"img_ocr:p4(1/1,+234chars)",False,False,0,1,1,1,0,1,6.754,False,False,True,,True,likely_no,no,4755,False,likely_non_responsive,True,,9451
CNG_Data2k/files/Q00897.01-0000872972.XLSX,Q00897.01-0000872972.XLSX,.xlsx,25017,ok,True,True,text,True,4,0,78,False,1,False,50-100,Name | Phone | Money/Amount,True,Contact Information | Financial Account Information,False,,ambiguous,True,yes,11689,standard,roster_by_rowcount bde_llm_count,False,False,0,0,0,0,0,0,3.093,False,False,True,,True,borderline,no,6318,True,likely_non_responsive,True,,18007
CNG_Data2k/files/Q00897.01-0000884298.MSG,Q00897.01-0000884298.MSG,.msg,152576,ok,True,False,text,False,0,0,2,False,0,False,0-10,Name | Address | Email | Phone | Card/Transaction | Money/Amount | Health,True,Contact Information | Financial Account Information | Health-Related Information,False,,ambiguous,True,yes,5364,standard,,False,False,0,0,0,0,0,0,3.281,False,False,True,,True,clear_yes,yes,5430,False,standard,False,,10794
CNG_Data2k/files/Q00897.01-0000000659.PDF,Q00897.01-0000000659.PDF,.pdf,390978,ok,True,False,text,False,1,0,1,False,0,False,0-10,Name | Work-Related,True,Work-Related Information,False,,ambiguous,True,yes,3888,standard,,False,False,0,0,0,0,0,0,5.217,False,False,True,,True,clear_yes,yes,3965,False,standard,False,,7853
CNG_Data2k/files/Q00897.01-0000856861.PDF,Q00897.01-0000856861.PDF,.pdf,488367,ok,True,False,text,False,3,0,5,False,0,False,0-10,Name | Address | Email | Phone | Money/Amount | Work-Related,True,Contact Information | Financial Account Information | Work-Related Information,False,,ambiguous,True,yes,4674,standard,,False,False,0,0,0,0,0,0,2.544,False,False,True,,True,clear_yes,yes,4728,False,standard,False,,9402
CNG_Data2k/files/Q00897.01-0000275188.0001.XLSX,Q00897.01-0000275188.0001.XLSX,.xlsx,220444,ok,True,True,text,True,1,0,65,False,65,True,50-100,Name | Address | Phone,True,Contact Information,True,,ambiguous,True,yes,11893,structured_bde,bde_llm_count_roster,False,False,0,0,0,0,0,0,8.468,False,True,True,,True,clear_yes,yes,6506,True,structured_bde,False,,18399
CNG_Data2k/files/Q00897.01-0000566848.0001.CSV,Q00897.01-0000566848.0001.CSV,.csv,91033,ok,True,True,text,True,0,0,448,False,3,False,100+,Name | Money/Amount,False,Financial Account Information,False,,ambiguous,True,yes,15831,standard,roster_by_rowcount bde_llm_count,False,False,0,0,0,0,0,0,5.997,False,False,True,,True,likely_no,no,8349,True,likely_non_responsive,True,,24180
CNG_Data2k/files/Q00897.01-0000654850.0001.PNG,Q00897.01-0000654850.0001.PNG,.png,6050,ok,False,False,image_only,False,0,0,0,False,0,False,,,False,,False,1-4 pages,,False,,0,nonsearchable_sample,ocr_failed:HttpResponseError,True,False,0,0,0,0,0,1,0.063,False,False,False,not_searchable,False,,,0,False,,False,,0
CNG_Data2k/files/Q00897.01-0000135977.PDF,Q00897.01-0000135977.PDF,.pdf,16452722,ok,True,True,text,True,15,0,275,False,6,False,100+,Name | Address | Phone | Money/Amount,True,Contact Information | Financial Account Information,False,,ambiguous,True,yes,22812,standard,bde_llm_count,True,True,15,0,0,0,0,1,16.349,False,False,True,,True,likely_yes,yes,11935,True,structured_bde,False,,34747
CNG_Data2k/files/Q00897.01-0000241599.PDF,Q00897.01-0000241599.PDF,.pdf,199684,ok,True,False,text,False,2,0,1,False,0,False,0-10,Phone | Bank/Account Number | Money/Amount,True,Contact Information | Financial Account Information,False,,ambiguous,True,no,4195,likely_non_responsive,,False,False,0,0,0,0,0,0,1.158,True,False,False,stage1_nr,False,,,0,False,,False,,4195
CNG_Data2k/files/Q00897.01-0000892828.PDF,Q00897.01-0000892828.PDF,.pdf,11828,ok,True,False,text,False,1,0,0,False,0,False,0-10,,False,,False,,clear_non_responsive,False,,0,likely_non_responsive,,False,False,0,0,0,0,0,0,0.05,True,False,False,stage1_nr,False,,,0,False,,False,,0
CNG_Data2k/files/Q00897.01-0000012706.PDF,Q00897.01-0000012706.PDF,.pdf,791272,ok,True,False,text,False,1,0,1,False,0,False,0-10,Name | Phone,True,Contact Information,False,,ambiguous,True,yes,3825,standard,,True,True,1,0,0,0,0,1,7.654,False,False,True,,True,likely_yes,yes,3872,False,standard,False,,7697
CNG_Data2k/files/Q00897.01-0000341401.DOCX,Q00897.01-0000341401.DOCX,.docx,29419,ok,True,False,text,False,0,0,3,False,0,False,0-10,Name | Address | Phone,True,Contact Information,False,,ambiguous,True,yes,3912,standard,,False,False,0,0,0,0,0,0,2.377,False,False,True,,True,clear_yes,yes,3944,False,standard,False,,7856
CNG_Data2k/files/Q00897.01-0000889517.PDF,Q00897.01-0000889517.PDF,.pdf,727258,ok,True,False,text,False,125,0,150,False,150,True,100+,Address | Phone,True,Contact Information,True,,ambiguous,False,,17639,bde,llm_failed:JSONDecodeError bde_llm_count_roster,False,False,0,0,0,0,0,0,81.544,False,True,True,,False,,yes,0,True,bde,False,llm_failed:JSONDecodeError,17639
CNG_Data2k/files/Q00897.01-0000264622.XLSX,Q00897.01-0000264622.XLSX,.xlsx,381748,ok,True,True,text,True,2,0,10377,False,0,False,100+,Phone | Payment Card | Money/Amount,True,Contact Information | Financial Account Information,False,,ambiguous,True,no,8944,likely_non_responsive,bde_llm_count,False,False,0,0,0,0,0,0,2.381,True,False,False,stage1_nr,False,,,0,False,,False,,8944
CNG_Data2k/files/Q00897.01-0000905029.PDF,Q00897.01-0000905029.PDF,.pdf,17255,ok,True,True,text,True,2,0,29,False,1,False,20-50,Name | Address | Phone | Money/Amount | Work-Related,True,Contact Information | Financial Account Information | Work-Related Information,False,,ambiguous,True,yes,8231,standard,bde_llm_count,True,True,2,0,0,0,0,1,8.297,False,False,True,,True,clear_yes,yes,4564,False,standard,False,,12795
CNG_Data2k/files/Q00897.01-0000435240.MSG,Q00897.01-0000435240.MSG,.msg,2214400,ok,True,False,text,False,0,1,3,False,0,False,0-10,Name | Money/Amount | Health,False,Financial Account Information | Health-Related Information,False,,ambiguous,True,no,4470,likely_non_responsive,,False,False,0,0,0,0,0,0,2.278,True,False,False,stage1_nr,False,,,0,False,,False,,4470
CNG_Data2k/files/Q00897.01-0000071633.PDF,Q00897.01-0000071633.PDF,.pdf,509751,ok,True,True,text,True,1,0,25,False,0,False,20-50,Address | Email | Phone | Card/Transaction | Money/Amount,True,Contact Information | Financial Account Information,False,,ambiguous,True,no,8412,likely_non_responsive,bde_llm_count,True,True,1,0,0,0,0,1,7.228,True,False,False,stage1_nr,False,,,0,False,,False,,8412
CNG_Data2k/files/Q00897.01-0000709782.MSG,Q00897.01-0000709782.MSG,.msg,96256,ok,True,False,text,False,0,0,2,False,0,False,0-10,Name | Address | Email | Phone,True,Contact Information,False,,ambiguous,True,yes,3982,standard,,False,False,0,0,0,0,0,0,2.551,False,False,True,,True,likely_no,no,4062,False,likely_non_responsive,True,,8044
CNG_Data2k/files/Q00897.01-0000911347.PDF,Q00897.01-0000911347.PDF,.pdf,10999,ok,True,False,text,False,1,0,1,False,0,False,0-10,Name | Money/Amount,True,Financial Account Information,False,,ambiguous,True,yes,3910,standard,,False,False,0,0,0,0,0,0,2.441,False,False,True,,True,likely_yes,yes,3992,False,standard,False,,7902
CNG_Data2k/files/Q00897.01-0000793279.MSG,Q00897.01-0000793279.MSG,.msg,140288,ok,True,False,text,False,0,0,4,False,0,False,0-10,Name | Address | Email | Phone | Money/Amount,True,Contact Information | Financial Account Information,False,,ambiguous,True,no,4331,likely_non_responsive,,False,False,0,0,0,0,0,0,1.51,True,False,False,stage1_nr,False,,,0,False,,False,,4331
CNG_Data2k/files/Q00897.01-0000710502.MSG,Q00897.01-0000710502.MSG,.msg,40448,ok,True,False,text,False,0,1,3,False,0,False,0-10,Name | Address | Email | Phone | Health,True,Contact Information | Health-Related Information,False,,ambiguous,True,yes,4048,standard,,False,False,0,0,0,0,0,0,2.435,False,False,True,,True,likely_no,no,4125,False,likely_non_responsive,True,,8173
CNG_Data2k/files/Q00897.01-0000825432.MSG,Q00897.01-0000825432.MSG,.msg,126976,ok,True,False,text,False,0,1,10,False,6,False,0-10,Name | Address | Email | Phone | Money/Amount,True,Contact Information | Financial Account Information,False,,ambiguous,True,yes,16354,standard,bde_llm_count,False,False,0,0,0,0,0,0,68.197,False,False,True,,True,clear_yes,yes,8643,False,standard,False,,24997
CNG_Data2k/files/Q00897.01-0000290338.PDF,Q00897.01-0000290338.PDF,.pdf,135990,ok,True,False,text,False,8,0,2,False,0,False,0-10,Name | Address | Email | Phone | Bank/Account Number | Money/Amount,True,Contact Information | Financial Account Information,False,,ambiguous,True,yes,6318,standard,"img_ocr:p1(1/1,+7chars)",False,False,0,1,1,1,0,1,6.907,False,False,True,,True,likely_no,no,6376,False,likely_non_responsive,True,,12694
CNG_Data2k/files/Q00897.01-0000481588.0001.PDF,Q00897.01-0000481588.0001.PDF,.pdf,482195,ok,True,False,text,False,34,0,14,False,10,False,10-20,Name | Address | Email | Phone | Money/Amount | Health,True,Contact Information | Financial Account Information | Health-Related Information,False,,ambiguous,True,no,15763,likely_non_responsive,bde_llm_count,False,False,0,0,0,0,0,0,5.809,True,False,False,stage1_nr,False,,,0,False,,False,,15763
CNG_Data2k/files/Q00897.01-0000533394.MSG,Q00897.01-0000533394.MSG,.msg,269824,ok,True,False,text,False,0,0,1,False,0,False,0-10,Money/Amount,False,Financial Account Information,False,,clear_non_responsive,False,,0,likely_non_responsive,,False,False,0,0,0,0,0,0,1.516,True,False,False,stage1_nr,False,,,0,False,,False,,0
CNG_Data2k/files/Q00897.01-0000869343.PDF,Q00897.01-0000869343.PDF,.pdf,48675,ok,True,False,text,False,2,0,2,False,0,False,0-10,Name | Address | Phone | Money/Amount,True,Contact Information | Financial Account Information,False,,ambiguous,True,yes,5231,standard,,False,False,0,0,0,0,0,0,3.189,False,False,True,,True,likely_no,no,5289,False,likely_non_responsive,True,,10520
CNG_Data2k/files/Q00897.01-0000467961.MSG,Q00897.01-0000467961.MSG,.msg,144384,ok,True,False,text,False,0,3,5,False,0,False,0-10,Name | Address | Email | Phone | Money/Amount,True,Contact Information | Financial Account Information,False,,ambiguous,True,yes,5789,standard,,False,False,0,0,0,0,0,0,3.989,False,False,True,,True,likely_yes,yes,5827,False,standard,False,,11616
CNG_Data2k/files/Q00897.01-0000213291.PDF,Q00897.01-0000213291.PDF,.pdf,128461,ok,True,True,text,True,1,0,7,False,1,False,0-10,Address | Email | Phone | Money/Amount,True,Contact Information | Financial Account Information,False,,ambiguous,True,no,7008,likely_non_responsive,bde_llm_count,True,True,1,0,0,0,0,1,7.0,True,False,False,stage1_nr,False,,,0,False,,False,,7008
CNG_Data2k/files/Q00897.01-0000873103.XLSX,Q00897.01-0000873103.XLSX,.xlsx,726693,ok,True,True,text,True,5,0,317,False,0,True,100+,Name | Address | Money/Amount,True,Contact Information | Financial Account Information,True,,ambiguous,True,no,10623,structured_bde,roster_by_rowcount bde_llm_count_roster,False,False,0,0,0,0,0,0,3.892,False,True,True,,True,clear_no,no,5791,True,likely_non_responsive,True,,16414
CNG_Data2k/files/Q00897.01-0000398492.MSG,Q00897.01-0000398492.MSG,.msg,355840,ok,True,False,text,False,0,0,1,False,0,False,0-10,Name | Address | Money/Amount,True,Contact Information | Financial Account Information,False,,ambiguous,True,no,6807,likely_non_responsive,,False,False,0,0,0,0,0,0,3.656,True,False,False,stage1_nr,False,,,0,False,,False,,6807
CNG_Data2k/files/Q00897.01-0000391554.MSG,Q00897.01-0000391554.MSG,.msg,69632,ok,True,False,text,False,0,0,1,False,0,False,0-10,Name | Address | Health,True,Contact Information | Health-Related Information,False,,ambiguous,True,yes,4582,standard,,False,False,0,0,0,0,0,0,2.57,False,False,True,,True,clear_no,no,4647,False,likely_non_responsive,True,,9229
CNG_Data2k/files/Q00897.01-0000661631.0002.PDF,Q00897.01-0000661631.0002.PDF,.pdf,120392,ok,True,True,text,True,1,0,2,False,1,False,0-10,Name | Address,True,Contact Information,False,,ambiguous,True,yes,9087,standard,bde_llm_count,True,True,1,0,0,0,0,1,8.528,False,False,True,,True,clear_yes,yes,5030,False,standard,False,,14117
CNG_Data2k/files/Q00897.01-0000717807.MSG,Q00897.01-0000717807.MSG,.msg,235520,ok,True,False,text,False,0,0,1,False,0,False,0-10,Address | Card/Transaction | Money/Amount,True,Contact Information | Financial Account Information,False,,ambiguous,True,no,4332,likely_non_responsive,,False,False,0,0,0,0,0,0,2.631,True,False,False,stage1_nr,False,,,0,False,,False,,4332
CNG_Data2k/files/Q00897.01-0000740493.MSG,Q00897.01-0000740493.MSG,.msg,250880,ok,True,False,text,False,0,0,1,False,0,False,0-10,Address | Phone | Health,True,Contact Information | Health-Related Information,False,,ambiguous,True,no,4218,likely_non_responsive,,False,False,0,0,0,0,0,0,1.601,True,False,False,stage1_nr,False,,,0,False,,False,,4218
CNG_Data2k/files/Q00897.01-0000656886.0002.PDF,Q00897.01-0000656886.0002.PDF,.pdf,276036,ok,True,False,text,False,1,0,4,False,0,False,0-10,Name | Address | Email | Phone,True,Contact Information,False,,ambiguous,True,yes,15679,standard,,False,False,0,0,0,0,0,0,2.659,False,False,True,,True,likely_no,no,15753,False,likely_non_responsive,True,,31432
CNG_Data2k/files/Q00897.01-0000341450.DOCX,Q00897.01-0000341450.DOCX,.docx,29437,ok,True,False,text,False,0,0,3,False,0,False,0-10,Name | Phone,True,Contact Information,False,,ambiguous,True,yes,3879,standard,,False,False,0,0,0,0,0,0,2.304,False,False,True,,True,borderline,no,3954,False,likely_non_responsive,True,,7833
CNG_Data2k/files/Q00897.01-0000673703.MSG,Q00897.01-0000673703.MSG,.msg,146432,ok,True,False,text,False,0,0,1,False,0,False,0-10,Address | Email,True,Contact Information,False,,ambiguous,True,no,4119,likely_non_responsive,,False,False,0,0,0,0,0,0,1.388,True,False,False,stage1_nr,False,,,0,False,,False,,4119
CNG_Data2k/files/Q00897.01-0000274756.PDF,Q00897.01-0000274756.PDF,.pdf,1515258,ok,True,True,text,True,4,0,7,False,4,False,0-10,Name | Address | Email | Phone | Money/Amount | Student ID,True,Contact Information | Financial Account Information | Student-Related Information,False,,ambiguous,True,yes,13090,standard,bde_llm_count,True,True,4,0,0,0,0,1,15.471,False,False,True,,True,clear_yes,yes,7025,False,standard,False,,20115
CNG_Data2k/files/Q00897.01-0000264784.CSV,Q00897.01-0000264784.CSV,.csv,382420,ok,True,True,text,True,0,0,3313,False,0,False,100+,Phone | Payment Card | Card/Transaction,True,Contact Information | Financial Account Information,False,,ambiguous,True,no,11249,likely_non_responsive,roster_by_rowcount bde_llm_count,False,False,0,0,0,0,0,0,2.567,True,False,False,stage1_nr,False,,,0,False,,False,,11249
CNG_Data2k/files/Q00897.01-0000009185.PDF,Q00897.01-0000009185.PDF,.pdf,237796,ok,True,False,text,False,1,0,1,False,0,False,0-10,Name | Work-Related,True,Work-Related Information,False,,ambiguous,True,yes,4135,standard,,False,False,0,0,0,0,0,0,2.864,False,False,True,,True,likely_yes,yes,4207,False,standard,False,,8342
CNG_Data2k/files/Q00897.01-0000294374.PDF,Q00897.01-0000294374.PDF,.pdf,1035438,ok,True,False,text,False,19,0,2,False,0,False,0-10,Name | Address | Phone | SSN | Account Balance | Money/Amount,True,Contact Information | Government-Issued Identification | Financial Account Information,False,,clear_responsive,False,,0,standard,"img_ocr:p5,p5(2/2,+35chars)",False,False,0,2,2,2,0,2,19.559,False,False,True,,True,clear_yes,yes,13495,False,standard,False,,13495
CNG_Data2k/files/Q00897.01-0000818770.0021.PDF,Q00897.01-0000818770.0021.PDF,.pdf,624013,ok,True,True,text,True,1,0,1,False,0,False,0-10,Name | Address,True,Contact Information,False,,ambiguous,True,yes,4947,standard,bde_count_failed:RateLimitError,True,True,1,0,0,0,0,1,6.969,False,False,True,,False,,yes,0,False,standard,False,llm_failed:RateLimitError,4947
CNG_Data2k/files/Q00897.01-0000292534.PDF,Q00897.01-0000292534.PDF,.pdf,1313,ok,True,False,text,False,1,0,1,False,0,False,0-10,Name | Money/Amount,True,Financial Account Information,False,,ambiguous,True,yes,3792,standard,,False,False,0,0,0,0,0,0,2.436,False,False,True,,True,likely_no,no,3860,False,likely_non_responsive,True,,7652
CNG_Data2k/files/Q00897.01-0000532960.0001.PDF,Q00897.01-0000532960.0001.PDF,.pdf,22579,ok,True,False,text,False,1,0,1,False,0,False,0-10,Money/Amount,False,Financial Account Information,False,,clear_non_responsive,False,,0,likely_non_responsive,,False,False,0,0,0,0,0,0,0.025,True,False,False,stage1_nr,False,,,0,False,,False,,0
CNG_Data2k/files/Q00897.01-0000254145.PDF,Q00897.01-0000254145.PDF,.pdf,407305,ok,True,False,text,False,11,0,3,False,0,False,0-10,Name | Address | Money/Amount,True,Contact Information | Financial Account Information,False,,ambiguous,True,yes,8545,standard,,False,False,0,0,0,0,0,0,3.663,False,False,True,,True,likely_no,no,8593,False,likely_non_responsive,True,,17138
CNG_Data2k/files/Q00897.01-0000720281.0001.HTM,Q00897.01-0000720281.0001.HTM,.htm,10490,ok,True,False,text,False,0,0,4,False,0,False,0-10,Name | Address,True,Contact Information,False,,ambiguous,True,yes,4299,standard,,False,False,0,0,0,0,0,0,2.298,False,False,True,,True,likely_no,no,4356,False,likely_non_responsive,True,,8655
CNG_Data2k/files/Q00897.01-0000033957.PDF,Q00897.01-0000033957.PDF,.pdf,37371,ok,True,False,text,False,1,0,1,False,0,False,0-10,Name | Address | Email | Phone | Money/Amount,True,Contact Information | Financial Account Information,False,,ambiguous,True,no,4435,likely_non_responsive,"img_ocr:p1(1/1,+30chars)",False,False,0,1,1,1,0,1,5.164,True,False,False,stage1_nr,False,,,0,False,,False,,4435
CNG_Data2k/files/Q00897.01-0000129506.PDF,Q00897.01-0000129506.PDF,.pdf,6368981,ok,True,True,text,True,15,0,173,False,0,False,100+,Phone | Money/Amount,True,Contact Information | Financial Account Information,False,,ambiguous,True,no,15687,likely_non_responsive,bde_llm_count,True,True,15,0,0,0,0,1,13.958,True,False,False,stage1_nr,False,,,0,False,,False,,15687
CNG_Data2k/files/Q00897.01-0000772535.0001.PDF,Q00897.01-0000772535.0001.PDF,.pdf,160506,ok,True,False,text,False,3,0,5,False,0,False,0-10,Name | Email | Money/Amount | Health,True,Contact Information | Financial Account Information | Health-Related Information,False,,ambiguous,True,yes,4928,standard,,False,False,0,0,0,0,0,0,2.75,False,False,True,,True,clear_yes,yes,4952,False,standard,False,,9880
CNG_Data2k/files/Q00897.01-0000636838.0001.PDF,Q00897.01-0000636838.0001.PDF,.pdf,500252,ok,True,False,text,False,1,0,2,False,0,False,0-10,Name | Email | Money/Amount | Work-Related,True,Contact Information | Financial Account Information | Work-Related Information,False,,ambiguous,True,yes,16763,standard,,False,False,0,0,0,0,0,0,3.713,False,False,True,,True,clear_yes,yes,16814,False,standard,False,,33577
CNG_Data2k/files/Q00897.01-0000130636.PDF,Q00897.01-0000130636.PDF,.pdf,124928,ok,True,True,text,True,1,0,36,False,0,False,20-50,Phone | Money/Amount,True,Contact Information | Financial Account Information,False,,ambiguous,True,no,7340,likely_non_responsive,bde_llm_count,True,True,1,0,0,0,0,1,9.301,True,False,False,stage1_nr,False,,,0,False,,False,,7340
CNG_Data2k\files\Q00897.01-0000645782.0001.XLS,Q00897.01-0000645782.0001.XLS,.xls,23749,ok,True,True,text,True,4,0,2,False,4,False,0-10,Phone | SSN | Account Balance | Money/Amount,True,Contact Information | Government-Issued Identification | Financial Account Information,False,,clear_responsive,False,,2061,standard,bde_llm_count_roster,False,False,0,0,0,0,0,0,2.659,False,False,True,,True,clear_yes,yes,3089,False,standard,False,,5150
CNG_Data2k/files/Q00897.01-0000891634.PDF,Q00897.01-0000891634.PDF,.pdf,32873,ok,True,False,text,False,6,0,1,False,0,False,0-10,Money/Amount,False,Financial Account Information,False,,clear_non_responsive,False,,0,likely_non_responsive,,False,False,0,0,0,0,0,0,0.176,True,False,False,stage1_nr,False,,,0,False,,False,,0
CNG_Data2k/files/Q00897.01-0000062979.PDF,Q00897.01-0000062979.PDF,.pdf,364967,ok,True,True,text,True,1,0,3,False,0,False,0-10,Address | Bank/Account Number | Money/Amount,True,Contact Information | Financial Account Information,False,,ambiguous,True,no,7363,likely_non_responsive,bde_llm_count,True,True,1,0,0,0,0,1,6.068,True,False,False,stage1_nr,False,,,0,False,,False,,7363
CNG_Data2k/files/Q00897.01-0000431950.MSG,Q00897.01-0000431950.MSG,.msg,142848,ok,True,False,text,False,0,0,98,False,98,True,50-100,Name | Email | Phone | Money/Amount,True,Contact Information | Financial Account Information,True,,ambiguous,True,yes,12229,bde,bde_llm_count_roster,False,False,0,0,0,0,0,0,5.554,False,True,True,,True,likely_no,no,6556,True,likely_non_responsive,True,,18785
CNG_Data2k/files/Q00897.01-0000575153.0001.XLSX,Q00897.01-0000575153.0001.XLSX,.xlsx,34591,ok,True,True,text,True,1,0,257,False,0,False,100+,Phone | Money/Amount,True,Contact Information | Financial Account Information,False,,ambiguous,True,no,11914,likely_non_responsive,roster_by_rowcount bde_llm_count,False,False,0,0,0,0,0,0,1.99,True,False,False,stage1_nr,False,,,0,False,,False,,11914
CNG_Data2k/files/Q00897.01-0000763809.0002.PDF,Q00897.01-0000763809.0002.PDF,.pdf,85490,ok,True,False,text,False,2,0,2,False,0,False,0-10,Name | Phone | Money/Amount,True,Contact Information | Financial Account Information,False,,ambiguous,True,no,5983,likely_non_responsive,"img_ocr:p1(1/1,+16chars)",False,False,0,1,1,1,0,1,5.313,True,False,False,stage1_nr,False,,,0,False,,False,,5983
CNG_Data2k/files/Q00897.01-0000535106.0001.PDF,Q00897.01-0000535106.0001.PDF,.pdf,22378,ok,True,False,text,False,1,0,0,False,0,False,0-10,,False,,False,,clear_non_responsive,False,,0,likely_non_responsive,,False,False,0,0,0,0,0,0,0.04,True,False,False,stage1_nr,False,,,0,False,,False,,0
CNG_Data2k/files/Q00897.01-0000054274.PDF,Q00897.01-0000054274.PDF,.pdf,101323,ok,True,True,text,True,2,0,49,False,2,False,20-50,Name | Address | Phone | Bank/Account Number | Money/Amount,True,Contact Information | Financial Account Information,False,,ambiguous,True,no,9955,likely_non_responsive,bde_llm_count,True,True,2,0,0,0,0,1,7.433,True,False,False,stage1_nr,False,,,0,False,,False,,9955
CNG_Data2k/files/Q00897.01-0000363580.MSG,Q00897.01-0000363580.MSG,.msg,248320,ok,True,False,text,False,0,0,1,False,0,False,0-10,Address | Payment Card,True,Contact Information | Financial Account Information,False,,ambiguous,True,no,4136,likely_non_responsive,,False,False,0,0,0,0,0,0,2.619,True,False,False,stage1_nr,False,,,0,False,,False,,4136
CNG_Data2k/files/Q00897.01-0000321194.XML,Q00897.01-0000321194.XML,.xml,214637,ok,True,False,text,False,0,0,1,False,0,False,0-10,Name | Phone | Money/Amount,True,Contact Information | Financial Account Information,False,,ambiguous,True,yes,12766,standard,,False,False,0,0,0,0,0,0,2.343,False,False,True,,True,likely_no,no,12835,False,likely_non_responsive,True,,25601
CNG_Data2k/files/Q00897.01-0000500692.0001.PDF,Q00897.01-0000500692.0001.PDF,.pdf,688410,ok,True,False,text,False,10,0,12,False,0,False,10-20,Address | Email | Phone | Money/Amount | Health,True,Contact Information | Financial Account Information | Health-Related Information,False,,ambiguous,True,no,18748,likely_non_responsive,"img_ocr:p10(1/1,+17chars) bde_llm_count",False,False,0,1,1,1,0,1,68.637,True,False,False,stage1_nr,False,,,0,False,,False,,18748
CNG_Data2k/files/Q00897.01-0000868618.TXT,Q00897.01-0000868618.TXT,.txt,27721,ok,True,False,text,False,0,0,91,False,0,False,50-100,Address | Phone | Money/Amount,True,Contact Information | Financial Account Information,False,,ambiguous,True,yes,33724,standard,bde_llm_count,False,False,0,0,0,0,0,0,3.583,False,False,True,,True,clear_no,no,17376,True,likely_non_responsive,True,,51100
CNG_Data2k/files/Q00897.01-0000365622.MSG,Q00897.01-0000365622.MSG,.msg,219136,ok,True,False,text,False,0,0,1,False,0,False,0-10,Address | Email | Money/Amount,True,Contact Information | Financial Account Information,False,,ambiguous,True,no,4642,likely_non_responsive,,False,False,0,0,0,0,0,0,2.347,True,False,False,stage1_nr,False,,,0,False,,False,,4642
CNG_Data2k/files/Q00897.01-0000617070.MSG,Q00897.01-0000617070.MSG,.msg,562688,ok,True,False,text,False,0,3,7,False,2,False,0-10,Name | Address | Email | Phone,True,Contact Information,False,,ambiguous,True,yes,8135,standard,bde_llm_count,False,False,0,0,0,0,0,0,4.7,False,False,True,,True,likely_no,no,4528,False,likely_non_responsive,True,,12663
CNG_Data2k/files/Q00897.01-0000825319.0002.PDF,Q00897.01-0000825319.0002.PDF,.pdf,447659,ok,True,True,text,True,15,0,75,False,1,False,50-100,Name | Address | Phone | Money/Amount | Work-Related,True,Contact Information | Financial Account Information | Work-Related Information,False,,ambiguous,True,yes,17228,standard,bde_llm_count,True,True,15,0,0,0,0,1,10.399,False,False,True,,True,likely_no,no,9116,True,likely_non_responsive,True,,26344
CNG_Data2k/files/Q00897.01-0000769035.0007.PDF,Q00897.01-0000769035.0007.PDF,.pdf,107306,ok,True,True,text,True,6,0,31,False,2,False,20-50,Name | Address | Email | Bank/Account Number | Card/Transaction | Money/Amount,True,Contact Information | Financial Account Information,False,,ambiguous,True,no,8477,likely_non_responsive,bde_llm_count,True,True,6,0,0,0,0,1,8.149,True,False,False,stage1_nr,False,,,0,False,,False,,8477
CNG_Data2k/files/Q00897.01-0000393016.MSG,Q00897.01-0000393016.MSG,.msg,70144,ok,True,False,text,False,0,0,1,False,0,False,0-10,Name | Address,True,Contact Information,False,,ambiguous,True,no,5328,likely_non_responsive,,False,False,0,0,0,0,0,0,1.187,True,False,False,stage1_nr,False,,,0,False,,False,,5328
CNG_Data2k/files/Q00897.01-0000811549.MSG,Q00897.01-0000811549.MSG,.msg,131072,ok,True,False,text,False,0,1,3,False,0,False,0-10,Name | Address | Email | Phone | Card Expiry/CVV | Card/Transaction | Money/Amount,True,Contact Information | Financial Account Information,False,,ambiguous,True,yes,4898,standard,,False,False,0,0,0,0,0,0,3.791,False,False,True,,True,likely_no,no,4944,False,likely_non_responsive,True,,9842
CNG_Data2k/files/Q00897.01-0000903204.PDF,Q00897.01-0000903204.PDF,.pdf,72364,ok,True,False,text,False,14,0,2,False,0,False,0-10,Address | Phone | SSN | Money/Amount | Work-Related,True,Contact Information | Government-Issued Identification | Financial Account Information | Work-Related Information,False,,clear_responsive,False,,0,standard,,False,False,0,0,0,0,0,0,2.753,False,False,True,,True,clear_yes,yes,14272,False,standard,False,,14272
CNG_Data2k/files/Q00897.01-0000774390.MSG,Q00897.01-0000774390.MSG,.msg,32768,ok,True,False,text,False,0,0,4,False,0,False,0-10,Name | Email | Phone,True,Contact Information,False,,ambiguous,True,yes,4999,standard,,False,False,0,0,0,0,0,0,2.873,False,False,True,,True,likely_no,no,5065,False,likely_non_responsive,True,,10064
CNG_Data2k/files/Q00897.01-0000455678.0001.PDF,Q00897.01-0000455678.0001.PDF,.pdf,218074,ok,True,False,text,False,6,0,6,False,0,False,0-10,Name | Address | Phone,True,Contact Information,False,,ambiguous,True,yes,5865,standard,"img_ocr:p1(1/1,+9chars)",False,False,0,1,1,1,0,1,7.278,False,False,True,,True,likely_yes,yes,5951,False,standard,False,,11816
CNG_Data2k/files/Q00897.01-0000734887.MSG,Q00897.01-0000734887.MSG,.msg,238080,ok,True,False,text,False,0,0,1,False,0,False,0-10,Money/Amount,False,Financial Account Information,False,,clear_non_responsive,False,,0,likely_non_responsive,,False,False,0,0,0,0,0,0,1.661,True,False,False,stage1_nr,False,,,0,False,,False,,0
CNG_Data2k/files/Q00897.01-0000117280.PDF,Q00897.01-0000117280.PDF,.pdf,983143,ok,True,True,text,True,15,0,659,False,0,False,100+,Money/Amount,False,Financial Account Information,False,,ambiguous,True,no,23583,likely_non_responsive,bde_llm_count,True,True,15,0,0,0,0,1,23.23,True,False,False,stage1_nr,False,,,0,False,,False,,23583
CNG_Data2k/files/Q00897.01-0000483578.MSG,Q00897.01-0000483578.MSG,.msg,56832,ok,True,False,text,False,0,0,0,False,0,False,0-10,,False,,False,,clear_non_responsive,False,,0,likely_non_responsive,,False,False,0,0,0,0,0,0,0.334,True,False,False,stage1_nr,False,,,0,False,,False,,0
CNG_Data2k/files/Q00897.01-0000654893.MSG,Q00897.01-0000654893.MSG,.msg,136192,ok,True,False,text,False,0,1,2,False,0,False,0-10,Address | Email | Phone | Money/Amount,True,Contact Information | Financial Account Information,False,,ambiguous,True,no,3840,likely_non_responsive,,False,False,0,0,0,0,0,0,1.223,True,False,False,stage1_nr,False,,,0,False,,False,,3840
CNG_Data2k/files/Q00897.01-0000912171.PDF,Q00897.01-0000912171.PDF,.pdf,33807,ok,True,True,text,True,2,0,62,False,1,True,50-100,Name | Address | Phone | Money/Amount,True,Contact Information | Financial Account Information,True,,ambiguous,True,yes,7920,structured_bde,bde_llm_count_roster,True,True,2,0,0,0,0,1,8.273,False,True,True,,True,clear_yes,yes,4421,True,structured_bde,False,,12341
CNG_Data2k/files/Q00897.01-0000896334.PDF,Q00897.01-0000896334.PDF,.pdf,19481,ok,True,False,text,False,3,0,2,False,0,False,0-10,Name | Address | Phone | Money/Amount,True,Contact Information | Financial Account Information,False,,ambiguous,True,yes,5929,standard,,False,False,0,0,0,0,0,0,2.544,False,False,True,,True,likely_yes,yes,5977,False,standard,False,,11906
CNG_Data2k/files/Q00897.01-0000804190.0002.PDF,Q00897.01-0000804190.0002.PDF,.pdf,110014,ok,True,False,text,False,3,0,0,False,0,False,0-10,,False,,False,,clear_non_responsive,False,,0,likely_non_responsive,,False,False,0,0,0,0,0,0,0.295,True,False,False,stage1_nr,False,,,0,False,,False,,0
CNG_Data2k/files/Q00897.01-0000006293.PDF,Q00897.01-0000006293.PDF,.pdf,210894,ok,True,False,text,False,1,0,3,False,0,False,0-10,Name | Phone | SSN,True,Contact Information | Government-Issued Identification,False,,clear_responsive,False,,0,standard,,False,False,0,0,0,0,0,0,1.572,False,False,True,,True,clear_yes,yes,4403,False,standard,False,,4403
CNG_Data2k/files/Q00897.01-0000275923.PDF,Q00897.01-0000275923.PDF,.pdf,1579343,ok,True,True,text,True,10,0,47,False,6,False,20-50,Name | Address | Phone | Money/Amount,True,Contact Information | Financial Account Information,False,,ambiguous,True,yes,9647,standard,bde_llm_count,True,True,10,0,0,0,0,1,14.936,False,False,True,,True,likely_yes,yes,5302,False,standard,False,,14949
CNG_Data2k/files/Q00897.01-0000736571.MSG,Q00897.01-0000736571.MSG,.msg,459264,ok,True,False,text,False,0,0,1,False,0,False,0-10,Name | Money/Amount | Health | Work-Related,True,Financial Account Information | Health-Related Information | Work-Related Information,False,,ambiguous,True,no,7263,likely_non_responsive,,False,False,0,0,0,0,0,0,3.431,True,False,False,stage1_nr,False,,,0,False,,False,,7263
CNG_Data2k/files/Q00897.01-0000825698.0001.DOCX,Q00897.01-0000825698.0001.DOCX,.docx,28427,ok,True,False,text,False,0,0,1,False,0,False,0-10,Name | Money/Amount,True,Financial Account Information,False,,ambiguous,False,,0,standard,llm_failed:RateLimitError,False,False,0,0,0,0,0,0,1.812,False,False,True,,True,clear_no,no,4961,False,likely_non_responsive,True,,4961
CNG_Data2k/files/Q00897.01-0000897701.PDF,Q00897.01-0000897701.PDF,.pdf,11829,ok,True,False,text,False,1,0,0,False,0,False,0-10,,False,,False,,clear_non_responsive,False,,0,likely_non_responsive,,False,False,0,0,0,0,0,0,0.059,True,False,False,stage1_nr,False,,,0,False,,False,,0
CNG_Data2k\files\Q00897.01-0000127255.XLS,Q00897.01-0000127255.XLS,.xls,34457,ok,True,True,text,True,2,0,136,False,0,False,100+,Name | Money/Amount,False,Financial Account Information,False,,ambiguous,True,no,4012,likely_non_responsive,roster_by_rowcount bde_llm_count,False,False,0,0,0,0,0,0,1.911,True,False,False,stage1_nr,False,,,0,False,,False,,4012
CNG_Data2k/files/Q00897.01-0000889580.PDF,Q00897.01-0000889580.PDF,.pdf,1289387,ok,True,False,text,False,186,0,181,False,181,True,100+,Name | Address | Phone,True,Contact Information,True,,ambiguous,True,yes,34236,bde,bde_llm_count_roster,False,False,0,0,0,0,0,0,72.109,False,True,True,,False,,yes,0,True,bde,False,llm_failed:JSONDecodeError,34236
CNG_Data2k/files/Q00897.01-0000668949.MSG,Q00897.01-0000668949.MSG,.msg,173056,ok,True,False,text,False,0,2,3,False,0,False,0-10,Name | Phone,True,Contact Information,False,,ambiguous,True,no,3717,likely_non_responsive,,False,False,0,0,0,0,0,0,0.98,True,False,False,stage1_nr,False,,,0,False,,False,,3717
CNG_Data2k/files/Q00897.01-0000838025.0003.PDF,Q00897.01-0000838025.0003.PDF,.pdf,119660,ok,True,False,text,False,2,0,1,False,0,False,0-10,Card/Transaction | Money/Amount,False,Financial Account Information,False,,ambiguous,True,no,5556,likely_non_responsive,,False,False,0,0,0,0,0,0,1.288,True,False,False,stage1_nr,False,,,0,False,,False,,5556
CNG_Data2k/files/Q00897.01-0000425903.0001.0013.XLSX,Q00897.01-0000425903.0001.0013.XLSX,.xlsx,158815,ok,True,True,text,True,15,0,69,False,0,False,50-100,Phone | Bank/Account Number | Money/Amount,True,Contact Information | Financial Account Information,False,,ambiguous,True,no,9203,likely_non_responsive,bde_llm_count,False,False,0,0,0,0,0,0,2.945,True,False,False,stage1_nr,False,,,0,False,,False,,9203
CNG_Data2k/files/Q00897.01-0000411955.MSG,Q00897.01-0000411955.MSG,.msg,242176,ok,True,False,text,False,0,0,3,False,0,False,0-10,Name | Address | Email | Credentials,True,Contact Information | Access Credentials,False,,ambiguous,True,no,4601,likely_non_responsive,,False,False,0,0,0,0,0,0,2.14,True,False,False,stage1_nr,False,,,0,False,,False,,4601
CNG_Data2k/files/Q00897.01-0000134014.PDF,Q00897.01-0000134014.PDF,.pdf,6857262,ok,True,True,text,True,15,0,51,False,0,False,50-100,Phone | Money/Amount,True,Contact Information | Financial Account Information,False,,ambiguous,True,no,14985,likely_non_responsive,bde_llm_count,True,True,15,0,0,0,0,1,11.5,True,False,False,stage1_nr,False,,,0,False,,False,,14985
CNG_Data2k/files/Q00897.01-0000345188.PDF,Q00897.01-0000345188.PDF,.pdf,65147,ok,True,False,text,False,19,0,1,False,0,False,0-10,Money/Amount,False,Financial Account Information,False,,clear_non_responsive,False,,0,likely_non_responsive,,False,False,0,0,0,0,0,0,0.529,True,False,False,stage1_nr,False,,,0,False,,False,,0
CNG_Data2k/files/Q00897.01-0000721927.MSG,Q00897.01-0000721927.MSG,.msg,242688,ok,True,False,text,False,0,0,1,False,0,False,0-10,Address | Email | Health | Work-Related,True,Contact Information | Health-Related Information | Work-Related Information,False,,ambiguous,True,no,4587,likely_non_responsive,,False,False,0,0,0,0,0,0,2.528,True,False,False,stage1_nr,False,,,0,False,,False,,4587
CNG_Data2k/files/Q00897.01-0000914163.PDF,Q00897.01-0000914163.PDF,.pdf,11161,ok,True,False,text,False,7,0,2,False,0,False,0-10,Name | Address | Phone | Money/Amount,True,Contact Information | Financial Account Information,False,,ambiguous,True,yes,7545,standard,,False,False,0,0,0,0,0,0,2.415,False,False,True,,True,likely_yes,yes,7631,False,standard,False,,15176
CNG_Data2k/files/Q00897.01-0000611692.0001.0001.XLSX,Q00897.01-0000611692.0001.0001.XLSX,.xlsx,73086,ok,True,True,text,True,4,0,183,False,0,False,100+,Phone,True,Contact Information,False,,ambiguous,True,no,9419,likely_non_responsive,roster_by_rowcount bde_llm_count,False,False,0,0,0,0,0,0,2.592,True,False,False,stage1_nr,False,,,0,False,,False,,9419
CNG_Data2k/files/Q00897.01-0000654825.MSG,Q00897.01-0000654825.MSG,.msg,45568,ok,True,False,text,False,0,0,4,False,0,False,0-10,Name | Address | Phone,True,Contact Information,False,,ambiguous,True,yes,3859,standard,,False,False,0,0,0,0,0,0,2.695,False,False,True,,True,likely_no,no,3920,False,likely_non_responsive,True,,7779
CNG_Data2k/files/Q00897.01-0000870554.PDF,Q00897.01-0000870554.PDF,.pdf,26071,ok,True,False,text,False,1,0,2,False,0,False,0-10,Name | Address | Phone | Money/Amount,True,Contact Information | Financial Account Information,False,,ambiguous,True,no,4178,likely_non_responsive,,False,False,0,0,0,0,0,0,1.249,True,False,False,stage1_nr,False,,,0,False,,False,,4178
CNG_Data2k/files/Q00897.01-0000412561.MSG,Q00897.01-0000412561.MSG,.msg,242176,ok,True,False,text,False,0,0,3,False,0,False,0-10,Name | Address | Email | Credentials,True,Contact Information | Access Credentials,False,,ambiguous,True,no,4602,likely_non_responsive,,False,False,0,0,0,0,0,0,1.803,True,False,False,stage1_nr,False,,,0,False,,False,,4602
CNG_Data2k/files/Q00897.01-0000636795.0001.PDF,Q00897.01-0000636795.0001.PDF,.pdf,2388012,ok,True,True,text,True,1,0,40,False,1,False,20-50,Name | Address | Phone | Money/Amount,True,Contact Information | Financial Account Information,False,,ambiguous,True,yes,8046,standard,bde_llm_count,True,True,1,0,0,0,0,1,9.182,False,False,True,,True,clear_yes,yes,4515,False,standard,False,,12561
CNG_Data2k/files/Q00897.01-0000117164.PDF,Q00897.01-0000117164.PDF,.pdf,47528,ok,True,False,text,False,5,0,1,False,0,False,0-10,Money/Amount,False,Financial Account Information,False,,clear_non_responsive,False,,0,likely_non_responsive,,False,False,0,0,0,0,0,0,0.542,True,False,False,stage1_nr,False,,,0,False,,False,,0
CNG_Data2k\files\Q00897.01-0000852148.XLS,Q00897.01-0000852148.XLS,.xls,22164,ok,True,True,text,True,1,0,66,False,0,False,50-100,Name,False,,False,,ambiguous,True,no,3683,likely_non_responsive,roster_by_rowcount bde_llm_count,False,False,0,0,0,0,0,0,1.804,True,False,False,stage1_nr,False,,,0,False,,False,,3683
CNG_Data2k/files/Q00897.01-0000108199.PDF,Q00897.01-0000108199.PDF,.pdf,3301283,ok,True,True,text,True,15,0,19,False,1,False,10-20,Name | Address | Email | Card Expiry/CVV | Money/Amount | Health | Work-Related,True,Contact Information | Financial Account Information | Health-Related Information | Work-Related Information,False,,ambiguous,True,yes,17220,standard,bde_llm_count,True,True,15,0,0,0,0,1,18.592,False,False,True,,True,borderline,no,9099,False,likely_non_responsive,True,,26319
CNG_Data2k/files/Q00897.01-0000019091.PDF,Q00897.01-0000019091.PDF,.pdf,71825,ok,True,False,text,False,1,0,1,False,0,False,0-10,Name | Bank/Account Number,True,Financial Account Information,False,,ambiguous,True,yes,3850,standard,,True,True,1,0,0,0,0,1,6.361,False,False,True,,True,likely_yes,yes,3898,False,standard,False,,7748
CNG_Data2k/files/Q00897.01-0000800284.MSG,Q00897.01-0000800284.MSG,.msg,30208,error,False,False,,False,0,0,0,False,0,False,,,False,,False,,,False,,0,review_error,MalformedRtf,False,False,0,0,0,0,0,0,0.318,False,False,False,extract_error,False,,,0,False,,False,,0
CNG_Data2k/files/Q00897.01-0000256262.PDF,Q00897.01-0000256262.PDF,.pdf,72652,ok,True,False,text,False,2,0,1,False,0,False,0-10,Name | Address | Phone | Money/Amount,True,Contact Information | Financial Account Information,False,,ambiguous,True,yes,4404,standard,,False,False,0,0,0,0,0,0,1.893,False,False,True,,True,clear_no,no,4460,False,likely_non_responsive,True,,8864
CNG_Data2k/files/Q00897.01-0000265069.CSV,Q00897.01-0000265069.CSV,.csv,438164,ok,True,True,text,True,0,0,71,False,0,False,50-100,,False,,False,,ambiguous,True,no,11528,likely_non_responsive,bde_llm_count,False,False,0,0,0,0,0,0,2.34,True,False,False,stage1_nr,False,,,0,False,,False,,11528
CNG_Data2k/files/Q00897.01-0000673239.MSG,Q00897.01-0000673239.MSG,.msg,120320,ok,True,False,text,False,0,0,2,False,0,False,0-10,Name | Address | Money/Amount,True,Contact Information | Financial Account Information,False,,ambiguous,True,no,4020,likely_non_responsive,,False,False,0,0,0,0,0,0,1.745,True,False,False,stage1_nr,False,,,0,False,,False,,4020
CNG_Data2k/files/Q00897.01-0000869093.TXT,Q00897.01-0000869093.TXT,.txt,1710867,ok,True,False,text,False,0,0,52,False,0,True,50-100,Address | Phone | SSN | Card Expiry/CVV | Card/Transaction | Money/Amount | Health | Demographic | Work-Related,True,Contact Information | Government-Issued Identification | Financial Account Information | Health-Related Information | Demographic Information | Work-Related Information,True,,clear_responsive,False,,11612,bde,bde_llm_count_roster,False,False,0,0,0,0,0,0,3.732,False,True,True,,True,clear_no,no,12540,True,likely_non_responsive,True,,24152
CNG_Data2k/files/Q00897.01-0000902186.PDF,Q00897.01-0000902186.PDF,.pdf,66443,ok,True,False,text,False,14,0,3,False,0,False,0-10,Name | Address | Phone | Work-Related,True,Contact Information | Work-Related Information,False,,ambiguous,True,yes,14197,standard,,False,False,0,0,0,0,0,0,4.126,False,False,True,,True,clear_yes,yes,14181,False,standard,False,,28378
CNG_Data2k/files/Q00897.01-0000829411.0002.XLSX,Q00897.01-0000829411.0002.XLSX,.xlsx,32784,ok,True,True,text,True,2,0,103,False,51,True,100+,Address | Money/Amount,True,Contact Information | Financial Account Information,True,,ambiguous,True,no,9117,structured_bde,roster_by_rowcount bde_llm_count_roster,False,False,0,0,0,0,0,0,63.252,False,True,True,,True,clear_no,no,4960,True,likely_non_responsive,True,,14077
CNG_Data2k/files/Q00897.01-0000533528.0001.PDF,Q00897.01-0000533528.0001.PDF,.pdf,22610,ok,True,False,text,False,1,0,1,False,0,False,0-10,Money/Amount,False,Financial Account Information,False,,clear_non_responsive,False,,0,likely_non_responsive,,False,False,0,0,0,0,0,0,0.02,True,False,False,stage1_nr,False,,,0,False,,False,,0
CNG_Data2k/files/Q00897.01-0000638243.MSG,Q00897.01-0000638243.MSG,.msg,224256,ok,True,False,text,False,0,2,12,False,9,False,10-20,Name | Email | Phone | Money/Amount | Work-Related,True,Contact Information | Financial Account Information | Work-Related Information,False,,ambiguous,True,yes,22582,standard,bde_llm_count,False,False,0,0,0,0,0,0,6.727,False,False,True,,True,likely_yes,yes,11751,False,standard,False,,34333
CNG_Data2k/files/Q00897.01-0000114689.PDF,Q00897.01-0000114689.PDF,.pdf,16556,ok,True,False,text,False,9,0,1,False,0,False,0-10,Card/Transaction | Money/Amount | Work-Related,False,Financial Account Information | Work-Related Information,False,,ambiguous,True,no,10673,likely_non_responsive,,False,False,0,0,0,0,0,0,1.295,True,False,False,stage1_nr,False,,,0,False,,False,,10673
CNG_Data2k/files/Q00897.01-0000253831.TXT,Q00897.01-0000253831.TXT,.txt,24673,ok,True,False,text,False,0,0,1,False,0,False,0-10,Money/Amount,False,Financial Account Information,False,,clear_non_responsive,False,,0,likely_non_responsive,,False,False,0,0,0,0,0,0,0.032,True,False,False,stage1_nr,False,,,0,False,,False,,0
CNG_Data2k/files/Q00897.01-0000577172.0001.XLSX,Q00897.01-0000577172.0001.XLSX,.xlsx,24682,ok,True,True,text,True,4,0,159,False,6,False,100+,Name | Money/Amount,False,Financial Account Information,False,,ambiguous,True,yes,11693,standard,roster_by_rowcount bde_llm_count,False,False,0,0,0,0,0,0,4.835,False,False,True,,True,likely_no,no,6305,True,likely_non_responsive,True,,17998
CNG_Data2k/files/Q00897.01-0000283622.MSG,Q00897.01-0000283622.MSG,.msg,143360,ok,True,False,text,False,0,0,3,False,0,False,0-10,Name | Email,True,Contact Information,False,,ambiguous,True,yes,5080,standard,,False,False,0,0,0,0,0,0,3.21,False,False,True,,True,likely_yes,yes,5124,False,standard,False,,10204
CNG_Data2k/files/Q00897.01-0000527852.0001.PDF,Q00897.01-0000527852.0001.PDF,.pdf,22558,ok,True,False,text,False,1,0,1,False,0,False,0-10,Money/Amount,False,Financial Account Information,False,,clear_non_responsive,False,,0,likely_non_responsive,,False,False,0,0,0,0,0,0,0.019,True,False,False,stage1_nr,False,,,0,False,,False,,0
CNG_Data2k/files/Q00897.01-0000112715.PDF,Q00897.01-0000112715.PDF,.pdf,7827,ok,True,False,text,False,1,0,2,False,0,False,0-10,Name | Address | Phone | Health,True,Contact Information | Health-Related Information,False,,ambiguous,True,yes,4183,standard,,False,False,0,0,0,0,0,0,2.912,False,False,True,,True,likely_no,no,4198,False,likely_non_responsive,True,,8381
CNG_Data2k/files/Q00897.01-0000397200.0004.PDF,Q00897.01-0000397200.0004.PDF,.pdf,118408,ok,True,False,text,False,2,0,1,False,0,False,0-10,Money/Amount,False,Financial Account Information,False,,clear_non_responsive,False,,0,likely_non_responsive,,False,False,0,0,0,0,0,0,0.103,True,False,False,stage1_nr,False,,,0,False,,False,,0
CNG_Data2k/files/Q00897.01-0000840518.MSG,Q00897.01-0000840518.MSG,.msg,1292288,ok,True,False,text,False,0,4,6,False,0,False,0-10,Name | Address | Email | Phone,True,Contact Information,False,,ambiguous,True,yes,4901,standard,,False,False,0,0,0,0,0,0,3.341,False,False,True,,True,likely_no,no,4969,False,likely_non_responsive,True,,9870
CNG_Data2k/files/Q00897.01-0000849039.MSG,Q00897.01-0000849039.MSG,.msg,103424,ok,True,False,text,False,0,1,4,False,0,False,0-10,Name | Address | Email | Phone | Money/Amount,True,Contact Information | Financial Account Information,False,,ambiguous,True,yes,4792,standard,,False,False,0,0,0,0,0,0,3.77,False,False,True,,True,likely_no,no,4834,False,likely_non_responsive,True,,9626
CNG_Data2k/files/Q00897.01-0000898981.PDF,Q00897.01-0000898981.PDF,.pdf,19390,ok,True,False,text,False,3,0,2,False,0,False,0-10,Name | Address | Phone | Money/Amount,True,Contact Information | Financial Account Information,False,,ambiguous,True,yes,5836,standard,,False,False,0,0,0,0,0,0,3.328,False,False,True,,True,clear_yes,yes,5876,False,standard,False,,11712
CNG_Data2k/files/Q00897.01-0000893518.PDF,Q00897.01-0000893518.PDF,.pdf,21315,ok,True,False,text,False,5,0,1,False,0,False,0-10,Name | Address | Phone | Money/Amount,True,Contact Information | Financial Account Information,False,,ambiguous,True,no,6187,likely_non_responsive,,False,False,0,0,0,0,0,0,1.29,True,False,False,stage1_nr,False,,,0,False,,False,,6187
CNG_Data2k/files/Q00897.01-0000421682.MSG,Q00897.01-0000421682.MSG,.msg,118784,ok,True,False,text,False,0,0,3,False,0,False,0-10,Name | Address | Email | Card/Transaction | Money/Amount,True,Contact Information | Financial Account Information,False,,ambiguous,True,yes,4239,standard,,False,False,0,0,0,0,0,0,6.237,False,False,True,,True,likely_no,no,4279,False,likely_non_responsive,True,,8518
CNG_Data2k/files/Q00897.01-0000024134.PDF,Q00897.01-0000024134.PDF,.pdf,15219,ok,True,False,text,False,1,0,1,False,0,False,0-10,Phone,True,Contact Information,False,,ambiguous,True,no,3889,likely_non_responsive,"img_ocr:p1,p1(2/2,+2chars)",False,False,0,2,2,2,0,2,9.548,True,False,False,stage1_nr,False,,,0,False,,False,,3889
CNG_Data2k/files/Q00897.01-0000681991.0001.PDF,Q00897.01-0000681991.0001.PDF,.pdf,176601,ok,True,False,text,False,1,0,1,False,0,False,0-10,Money/Amount,False,Financial Account Information,False,,clear_non_responsive,False,,0,likely_non_responsive,,False,False,0,0,0,0,0,0,0.176,True,False,False,stage1_nr,False,,,0,False,,False,,0
CNG_Data2k/files/Q00897.01-0000838722.MSG,Q00897.01-0000838722.MSG,.msg,2763264,ok,True,False,text,False,0,6,12,False,9,False,10-20,Name | Address | Email | Phone,True,Contact Information,False,,ambiguous,True,yes,19557,standard,bde_llm_count,False,False,0,0,0,0,0,0,10.29,False,False,True,,True,likely_yes,yes,10277,False,standard,False,,29834
CNG_Data2k/files/Q00897.01-0000655426.MSG,Q00897.01-0000655426.MSG,.msg,2966528,ok,True,False,text,False,0,4,10,False,6,False,0-10,Name | Address | Email | Phone | Money/Amount,True,Contact Information | Financial Account Information,False,,ambiguous,True,yes,12202,standard,bde_llm_count,False,False,0,0,0,0,0,0,4.928,False,False,True,,True,likely_no,no,6580,False,likely_non_responsive,True,,18782
CNG_Data2k/files/Q00897.01-0000841730.0004.PDF,Q00897.01-0000841730.0004.PDF,.pdf,23524,ok,True,False,text,False,9,0,1,False,0,False,0-10,Card/Transaction | Money/Amount | Work-Related,False,Financial Account Information | Work-Related Information,False,,ambiguous,True,no,12237,likely_non_responsive,,False,False,0,0,0,0,0,0,1.162,True,False,False,stage1_nr,False,,,0,False,,False,,12237
CNG_Data2k/files/Q00897.01-0000832684.0006.PDF,Q00897.01-0000832684.0006.PDF,.pdf,200907,ok,True,False,text,False,4,0,2,False,0,False,0-10,Name | Address | Health,True,Contact Information | Health-Related Information,False,,ambiguous,True,yes,5825,standard,,True,True,4,0,0,0,0,1,8.821,False,False,True,,True,borderline,no,5891,False,likely_non_responsive,True,,11716
CNG_Data2k/files/Q00897.01-0000854835.XLSX,Q00897.01-0000854835.XLSX,.xlsx,51443,ok,True,True,text,True,3,0,67,False,8,True,50-100,Name | Address | Money/Amount,True,Contact Information | Financial Account Information,True,,ambiguous,True,yes,11279,structured_bde,bde_llm_count_roster,False,False,0,0,0,0,0,0,5.835,False,True,True,,True,clear_yes,yes,6132,True,structured_bde,False,,17411
CNG_Data2k/files/Q00897.01-0000560722.0001.PDF,Q00897.01-0000560722.0001.PDF,.pdf,20967,ok,True,False,text,False,1,0,0,False,0,False,0-10,,False,,False,,clear_non_responsive,False,,0,likely_non_responsive,,False,False,0,0,0,0,0,0,0.02,True,False,False,stage1_nr,False,,,0,False,,False,,0
CNG_Data2k/files/Q00897.01-0000916873.PDF,Q00897.01-0000916873.PDF,.pdf,669762,ok,True,True,text,True,5,0,7,False,3,False,0-10,Name | Address | Email | Phone | Money/Amount | Credentials | Work-Related,True,Contact Information | Financial Account Information | Access Credentials | Work-Related Information,False,,ambiguous,True,yes,10544,standard,bde_llm_count,True,True,5,0,0,0,0,1,9.613,False,False,True,,True,likely_yes,yes,5677,False,standard,False,,16221
CNG_Data2k/files/Q00897.01-0000866661.0001.PNG,Q00897.01-0000866661.0001.PNG,.png,62402,ok,True,True,text,True,1,0,3,False,0,False,0-10,Name | Money/Amount,False,Financial Account Information,False,,ambiguous,True,no,7036,likely_non_responsive,bde_llm_count,True,True,1,0,0,0,0,1,6.11,True,False,False,stage1_nr,False,,,0,False,,False,,7036
CNG_Data2k/files/Q00897.01-0000327866.XLSX,Q00897.01-0000327866.XLSX,.xlsx,2831460,ok,True,True,text,True,14,0,2138,False,0,False,100+,Money/Amount,False,Financial Account Information,False,,ambiguous,True,no,9095,likely_non_responsive,roster_by_rowcount bde_llm_count,False,False,0,0,0,0,0,0,2.592,True,False,False,stage1_nr,False,,,0,False,,False,,9095
CNG_Data2k/files/Q00897.01-0000528454.0001.PDF,Q00897.01-0000528454.0001.PDF,.pdf,22569,ok,True,False,text,False,1,0,1,False,0,False,0-10,Money/Amount,False,Financial Account Information,False,,clear_non_responsive,False,,0,likely_non_responsive,,False,False,0,0,0,0,0,0,0.022,True,False,False,stage1_nr,False,,,0,False,,False,,0
CNG_Data2k\files\Q00897.01-0000851968.XLS,Q00897.01-0000851968.XLS,.xls,22322,ok,True,True,text,True,1,0,64,False,0,False,50-100,Money/Amount,False,Financial Account Information,False,,ambiguous,True,no,3754,likely_non_responsive,roster_by_rowcount bde_llm_count,False,False,0,0,0,0,0,0,2.569,True,False,False,stage1_nr,False,,,0,False,,False,,3754
CNG_Data2k/files/Q00897.01-0000833091.MSG,Q00897.01-0000833091.MSG,.msg,222720,ok,True,False,text,False,0,1,0,False,0,False,0-10,,False,,False,,clear_non_responsive,False,,0,likely_non_responsive,,False,False,0,0,0,0,0,0,0.735,True,False,False,stage1_nr,False,,,0,False,,False,,0
CNG_Data2k/files/Q00897.01-0000914132.PDF,Q00897.01-0000914132.PDF,.pdf,38753,ok,True,False,text,False,28,0,5,False,0,False,0-10,Name | Address | Phone | Money/Amount,True,Contact Information | Financial Account Information,False,,ambiguous,True,yes,7629,standard,,False,False,0,0,0,0,0,0,2.961,False,False,True,,True,likely_yes,yes,7643,False,standard,False,,15272
CNG_Data2k/files/Q00897.01-0000124823.PDF,Q00897.01-0000124823.PDF,.pdf,32593,ok,True,True,text,True,1,0,9,False,0,False,0-10,Address | Phone | Money/Amount,True,Contact Information | Financial Account Information,False,,ambiguous,True,no,7336,likely_non_responsive,bde_llm_count,True,True,1,0,0,0,0,1,5.863,True,False,False,stage1_nr,False,,,0,False,,False,,7336
CNG_Data2k/files/Q00897.01-0000246112.PDF,Q00897.01-0000246112.PDF,.pdf,1047967,ok,True,True,text,True,2,0,23,False,0,False,20-50,Name | Address | Email | Phone | Money/Amount,True,Contact Information | Financial Account Information,False,,ambiguous,True,no,8101,likely_non_responsive,bde_llm_count,True,True,2,0,0,0,0,1,7.468,True,False,False,stage1_nr,False,,,0,False,,False,,8101
CNG_Data2k/files/Q00897.01-0000808610.MSG,Q00897.01-0000808610.MSG,.msg,135680,ok,True,False,text,False,0,0,5,False,0,False,0-10,Name | Address | Email,True,Contact Information,False,,ambiguous,True,no,5046,likely_non_responsive,,False,False,0,0,0,0,0,0,1.525,True,False,False,stage1_nr,False,,,0,False,,False,,5046
CNG_Data2k/files/Q00897.01-0000450849.0002.PDF,Q00897.01-0000450849.0002.PDF,.pdf,22838,ok,True,False,text,False,1,0,1,False,0,False,0-10,Money/Amount,False,Financial Account Information,False,,clear_non_responsive,False,,0,likely_non_responsive,,False,False,0,0,0,0,0,0,0.077,True,False,False,stage1_nr,False,,,0,False,,False,,0
CNG_Data2k/files/Q00897.01-0000840476.MSG,Q00897.01-0000840476.MSG,.msg,51200,ok,True,False,text,False,0,0,5,False,0,False,0-10,Name | Address | Email | Phone,True,Contact Information,False,,ambiguous,True,yes,4889,standard,,False,False,0,0,0,0,0,0,3.717,False,False,True,,True,likely_no,no,4951,False,likely_non_responsive,True,,9840
CNG_Data2k/files/Q00897.01-0000841788.0010.PDF,Q00897.01-0000841788.0010.PDF,.pdf,10626,ok,True,False,text,False,3,0,1,False,0,False,0-10,Address | Money/Amount | Work-Related,True,Contact Information | Financial Account Information | Work-Related Information,False,,ambiguous,True,no,5520,likely_non_responsive,,False,False,0,0,0,0,0,0,0.92,True,False,False,stage1_nr,False,,,0,False,,False,,5520
CNG_Data2k/files/Q00897.01-0000005150.PDF,Q00897.01-0000005150.PDF,.pdf,156126,ok,True,False,text,False,4,0,1,False,0,False,0-10,Name | Money/Amount | Work-Related,False,Financial Account Information | Work-Related Information,False,,ambiguous,True,yes,4329,standard,,False,False,0,0,0,0,0,0,4.44,False,False,True,,True,clear_yes,yes,4377,False,standard,False,,8706
CNG_Data2k/files/Q00897.01-0000861397.XLSX,Q00897.01-0000861397.XLSX,.xlsx,832017,ok,True,True,text,True,3,0,5243,False,5243,True,100+,Name | Phone | Money/Amount | Work-Related,True,Contact Information | Financial Account Information | Work-Related Information,True,,ambiguous,True,yes,9155,structured_bde,bde_llm_count_roster,False,False,0,0,0,0,0,0,4.88,False,True,True,,True,clear_yes,yes,5096,True,structured_bde,False,,14251
CNG_Data2k/files/Q00897.01-0000896633.PDF,Q00897.01-0000896633.PDF,.pdf,63837,ok,True,False,text,False,13,0,2,False,0,False,0-10,Name | Address | Phone | Money/Amount | Work-Related,True,Contact Information | Financial Account Information | Work-Related Information,False,,ambiguous,True,yes,14055,standard,,False,False,0,0,0,0,0,0,3.507,False,False,True,,True,clear_yes,yes,14086,False,standard,False,,28141
CNG_Data2k/files/Q00897.01-0000899950.PDF,Q00897.01-0000899950.PDF,.pdf,19236,ok,True,False,text,False,3,0,2,False,0,False,0-10,Name | Address | Phone | Money/Amount,True,Contact Information | Financial Account Information,False,,ambiguous,True,yes,5797,standard,,False,False,0,0,0,0,0,0,2.957,False,False,True,,True,likely_yes,yes,5858,False,standard,False,,11655
CNG_Data2k/files/Q00897.01-0000864753.PDF,Q00897.01-0000864753.PDF,.pdf,120960,ok,True,False,text,False,4,0,1,False,0,False,0-10,Name | Phone,True,Contact Information,False,,ambiguous,True,yes,10934,standard,,False,False,0,0,0,0,0,0,3.004,False,False,True,,True,clear_yes,yes,10978,False,standard,False,,21912
CNG_Data2k/files/Q00897.01-0000344205.PDF,Q00897.01-0000344205.PDF,.pdf,15610,ok,True,False,text,False,2,0,1,False,0,False,0-10,Money/Amount,False,Financial Account Information,False,,clear_non_responsive,False,,0,likely_non_responsive,,False,False,0,0,0,0,0,0,0.078,True,False,False,stage1_nr,False,,,0,False,,False,,0
CNG_Data2k/files/Q00897.01-0000771245.MSG,Q00897.01-0000771245.MSG,.msg,129536,ok,True,False,text,False,0,0,16,False,6,False,10-20,Name | Address | Email | Phone,True,Contact Information,False,,ambiguous,True,yes,7566,standard,bde_llm_count,False,False,0,0,0,0,0,0,4.825,False,False,True,,True,borderline,no,4171,False,likely_non_responsive,True,,11737
CNG_Data2k/files/Q00897.01-0000829342.MSG,Q00897.01-0000829342.MSG,.msg,111104,ok,True,False,text,False,0,0,16,False,16,False,10-20,Name | Address | Email | Phone | Money/Amount,True,Contact Information | Financial Account Information,False,,ambiguous,True,yes,10446,standard,bde_llm_count,False,False,0,0,0,0,0,0,65.084,False,False,True,,True,likely_no,no,5696,False,likely_non_responsive,True,,16142
CNG_Data2k/files/Q00897.01-0000015741.PDF,Q00897.01-0000015741.PDF,.pdf,873287,ok,True,True,text,True,3,0,81,False,2,False,50-100,Name | Address | Email | Phone | SSN | Date of Birth | Money/Amount | Work-Related,True,Contact Information | Government-Issued Identification | Birth Information | Financial Account Information | Work-Related Information,False,,clear_responsive,False,,4428,standard,bde_llm_count,True,True,3,0,0,0,0,1,8.748,False,False,True,,True,clear_yes,yes,5289,True,structured_bde,False,,9717
CNG_Data2k/files/Q00897.01-0000256123.PDF,Q00897.01-0000256123.PDF,.pdf,45922,ok,True,False,text,False,10,0,1,False,0,False,0-10,Name | Address | Money/Amount | Work-Related,True,Contact Information | Financial Account Information | Work-Related Information,False,,ambiguous,True,yes,5924,standard,"img_ocr:p1,p1(2/2,+373chars)",False,False,0,2,2,2,0,2,11.218,False,False,True,,True,clear_no,no,5944,False,likely_non_responsive,True,,11868
CNG_Data2k/files/Q00897.01-0000249735.PDF,Q00897.01-0000249735.PDF,.pdf,43476,ok,True,False,text,False,1,0,1,False,0,False,0-10,Name | Bank/Account Number | Money/Amount,True,Financial Account Information,False,,ambiguous,True,no,3907,likely_non_responsive,,False,False,0,0,0,0,0,0,1.181,True,False,False,stage1_nr,False,,,0,False,,False,,3907
CNG_Data2k/files/Q00897.01-0000249294.PDF,Q00897.01-0000249294.PDF,.pdf,367259,ok,True,True,text,True,1,0,7,False,0,False,0-10,Money/Amount,False,Financial Account Information,False,,ambiguous,True,no,7110,likely_non_responsive,bde_llm_count,True,True,1,0,0,0,0,1,5.903,True,False,False,stage1_nr,False,,,0,False,,False,,7110
CNG_Data2k/files/Q00897.01-0000888183.PDF,Q00897.01-0000888183.PDF,.pdf,70356,ok,True,False,text,False,14,0,1,False,0,False,0-10,Address | Phone | SSN | Money/Amount | Work-Related,True,Contact Information | Government-Issued Identification | Financial Account Information | Work-Related Information,False,,clear_responsive,False,,0,standard,,False,False,0,0,0,0,0,0,59.825,False,False,True,,True,clear_yes,yes,14331,False,standard,False,,14331
CNG_Data2k/files/Q00897.01-0000388358.MSG,Q00897.01-0000388358.MSG,.msg,100352,ok,True,False,text,False,0,0,1,False,0,False,0-10,Address | Email | Money/Amount,True,Contact Information | Financial Account Information,False,,ambiguous,True,no,3953,likely_non_responsive,,False,False,0,0,0,0,0,0,2.956,True,False,False,stage1_nr,False,,,0,False,,False,,3953
CNG_Data2k/files/Q00897.01-0000866162.PDF,Q00897.01-0000866162.PDF,.pdf,2098518,ok,True,False,text,False,23,0,21,False,19,False,20-50,Name | Address | Email | Phone | SSN | Money/Amount | Credentials,True,Contact Information | Government-Issued Identification | Financial Account Information | Access Credentials,False,,clear_responsive,False,,13740,standard,"img_ocr:p6(1/1,+77chars) bde_llm_count_roster",False,False,0,1,1,1,0,1,9.652,False,False,True,,True,clear_yes,yes,14818,False,standard,False,,28558
CNG_Data2k/files/Q00897.01-0000711065.MSG,Q00897.01-0000711065.MSG,.msg,336896,ok,True,False,text,False,0,0,12,False,12,False,10-20,Name | Address | Email | Money/Amount | Credentials,True,Contact Information | Financial Account Information | Access Credentials,False,,ambiguous,True,yes,13676,standard,bde_llm_count,False,False,0,0,0,0,0,0,5.323,False,False,True,,True,clear_no,no,7260,False,likely_non_responsive,True,,20936
CNG_Data2k/files/Q00897.01-0000706982.MSG,Q00897.01-0000706982.MSG,.msg,326144,ok,True,False,text,False,0,0,22,False,18,False,20-50,Address | Email | Phone | Money/Amount | Health | Work-Related,True,Contact Information | Financial Account Information | Health-Related Information | Work-Related Information,False,,ambiguous,True,no,17483,likely_non_responsive,bde_llm_count,False,False,0,0,0,0,0,0,4.864,True,False,False,stage1_nr,False,,,0,False,,False,,17483
CNG_Data2k/files/Q00897.01-0000415789.0001.XLSX,Q00897.01-0000415789.0001.XLSX,.xlsx,24842,ok,True,True,text,True,1,0,274,False,0,False,100+,Phone | Money/Amount,True,Contact Information | Financial Account Information,False,,ambiguous,True,no,8303,likely_non_responsive,roster_by_rowcount bde_llm_count,False,False,0,0,0,0,0,0,1.971,True,False,False,stage1_nr,False,,,0,False,,False,,8303
CNG_Data2k/files/Q00897.01-0000841777.0010.PDF,Q00897.01-0000841777.0010.PDF,.pdf,10997,ok,True,False,text,False,3,0,1,False,0,False,0-10,Address | Money/Amount | Work-Related,True,Contact Information | Financial Account Information | Work-Related Information,False,,ambiguous,True,no,5729,likely_non_responsive,,False,False,0,0,0,0,0,0,1.239,True,False,False,stage1_nr,False,,,0,False,,False,,5729
CNG_Data2k/files/Q00897.01-0000694126.MSG,Q00897.01-0000694126.MSG,.msg,123392,ok,True,False,text,False,0,0,5,False,0,False,0-10,Name | Address | Email,True,Contact Information,False,,ambiguous,True,yes,4898,standard,,False,False,0,0,0,0,0,0,2.75,False,False,True,,True,likely_no,no,4976,False,likely_non_responsive,True,,9874
CNG_Data2k\files\Q00897.01-0000016999.XLS,Q00897.01-0000016999.XLS,.xls,70085,ok,True,True,text,True,2,0,4,False,4,False,0-10,Name | Money/Amount,False,Financial Account Information,False,,ambiguous,True,yes,3746,standard,bde_llm_count_roster,False,False,0,0,0,0,0,0,4.893,False,False,True,,True,likely_yes,yes,2467,False,standard,False,,6213
CNG_Data2k/files/Q00897.01-0000260378.XLSX,Q00897.01-0000260378.XLSX,.xlsx,98138,ok,True,True,text,True,1,0,548,False,1,False,100+,Name | Money/Amount,False,Financial Account Information,False,,ambiguous,True,yes,20210,standard,roster_by_rowcount bde_llm_count,False,False,0,0,0,0,0,0,3.92,False,False,True,,True,likely_yes,yes,10561,True,structured_bde,False,,30771
CNG_Data2k/files/Q00897.01-0000304073.PDF,Q00897.01-0000304073.PDF,.pdf,239170,ok,True,False,text,False,3,0,2,False,0,False,0-10,Name | Address | Money/Amount | Work-Related,True,Contact Information | Financial Account Information | Work-Related Information,False,,ambiguous,True,no,4943,likely_non_responsive,,True,True,3,0,0,0,0,1,9.511,True,False,False,stage1_nr,False,,,0,False,,False,,4943
CNG_Data2k/files/Q00897.01-0000117219.PDF,Q00897.01-0000117219.PDF,.pdf,29995,ok,True,False,text,False,4,0,1,False,0,False,0-10,Money/Amount,False,Financial Account Information,False,,clear_non_responsive,False,,0,likely_non_responsive,,False,False,0,0,0,0,0,0,0.287,True,False,False,stage1_nr,False,,,0,False,,False,,0
CNG_Data2k/files/Q00897.01-0000293624.PDF,Q00897.01-0000293624.PDF,.pdf,748236,ok,True,False,text,False,36,0,3,False,0,False,0-10,Name | Address | Phone | SSN | Account Balance | Money/Amount,True,Contact Information | Government-Issued Identification | Financial Account Information,False,,clear_responsive,False,,0,standard,"img_ocr:p6,p6(2/2,+35chars)",False,False,0,2,2,2,0,2,20.506,False,False,True,,True,clear_yes,yes,13482,False,standard,False,,13482
CNG_Data2k/files/Q00897.01-0000263611.PDF,Q00897.01-0000263611.PDF,.pdf,94491,ok,True,True,text,True,1,0,4,False,0,False,0-10,Card/Transaction | Money/Amount,False,Financial Account Information,False,,ambiguous,True,no,6950,likely_non_responsive,bde_llm_count,True,True,1,0,0,0,0,1,7.578,True,False,False,stage1_nr,False,,,0,False,,False,,6950
CNG_Data2k/files/Q00897.01-0000866804.XLSX,Q00897.01-0000866804.XLSX,.xlsx,373899,ok,True,True,text,True,21,0,76,False,18,True,50-100,SSN | Money/Amount,True,Government-Issued Identification | Financial Account Information,True,,clear_responsive,False,,4476,structured_bde,bde_llm_count_roster,False,False,0,0,0,0,0,0,2.772,False,True,True,,True,clear_yes,yes,5433,True,structured_bde,False,,9909
CNG_Data2k/files/Q00897.01-0000012249.PDF,Q00897.01-0000012249.PDF,.pdf,2501319,ok,True,False,text,False,1,0,2,False,0,False,0-10,Name | Address | Email | Phone | SSN | Work-Related,True,Contact Information | Government-Issued Identification | Work-Related Information,False,,clear_responsive,False,,0,standard,,False,False,0,0,0,0,0,0,1.383,False,False,True,,True,clear_yes,yes,4181,False,standard,False,,4181
CNG_Data2k/files/Q00897.01-0000014238.PDF,Q00897.01-0000014238.PDF,.pdf,185367,ok,True,False,text,False,2,0,3,False,0,False,0-10,Name | Money/Amount | Health,False,Financial Account Information | Health-Related Information,False,,ambiguous,True,yes,4280,standard,,False,False,0,0,0,0,0,0,2.907,False,False,True,,True,likely_yes,yes,4329,False,standard,False,,8609
CNG_Data2k/files/Q00897.01-0000408362.0001.0013.XLSX,Q00897.01-0000408362.0001.0013.XLSX,.xlsx,160316,ok,True,True,text,True,15,0,83,False,0,False,50-100,Phone | Payment Card | Bank/Account Number | Money/Amount,True,Contact Information | Financial Account Information,False,,ambiguous,True,no,9226,likely_non_responsive,bde_llm_count,False,False,0,0,0,0,0,0,2.358,True,False,False,stage1_nr,False,,,0,False,,False,,9226
CNG_Data2k/files/Q00897.01-0000818156.MSG,Q00897.01-0000818156.MSG,.msg,164352,ok,True,False,text,False,0,2,7,False,5,False,0-10,Name | Address | Email | Phone | Money/Amount,True,Contact Information | Financial Account Information,False,,ambiguous,True,yes,13808,standard,bde_llm_count,False,False,0,0,0,0,0,0,5.974,False,False,True,,True,clear_no,no,7355,False,likely_non_responsive,True,,21163
CNG_Data2k/files/Q00897.01-0000888757.PDF,Q00897.01-0000888757.PDF,.pdf,7903,ok,True,False,text,False,1,0,0,False,0,False,0-10,,False,,False,,clear_non_responsive,False,,0,likely_non_responsive,,False,False,0,0,0,0,0,0,0.032,True,False,False,stage1_nr,False,,,0,False,,False,,0
CNG_Data2k/files/Q00897.01-0000913811.PDF,Q00897.01-0000913811.PDF,.pdf,228254,ok,True,False,text,False,45,0,3,False,0,False,0-10,Address | SSN | Money/Amount | Work-Related,True,Contact Information | Government-Issued Identification | Financial Account Information | Work-Related Information,False,,clear_responsive,False,,0,standard,,False,False,0,0,0,0,0,0,3.335,False,False,True,,True,clear_yes,yes,14162,False,standard,False,,14162
CNG_Data2k/files/Q00897.01-0000474503.0007.PDF,Q00897.01-0000474503.0007.PDF,.pdf,863191,ok,True,False,text,False,1,0,5,False,0,False,0-10,Name | Address | Phone | Money/Amount,True,Contact Information | Financial Account Information,False,,ambiguous,True,no,3868,likely_non_responsive,,True,True,1,0,0,0,0,1,5.495,True,False,False,stage1_nr,False,,,0,False,,False,,3868
CNG_Data2k/files/Q00897.01-0000013273.PDF,Q00897.01-0000013273.PDF,.pdf,91760,ok,True,False,text,False,2,0,1,False,0,False,0-10,Money/Amount,False,Financial Account Information,False,,clear_non_responsive,False,,0,likely_non_responsive,,False,False,0,0,0,0,0,0,0.141,True,False,False,stage1_nr,False,,,0,False,,False,,0
CNG_Data2k/files/Q00897.01-0000481334.MSG,Q00897.01-0000481334.MSG,.msg,26624,ok,True,False,text,False,0,0,4,False,0,False,0-10,Name | Email,True,Contact Information,False,,ambiguous,True,no,4150,likely_non_responsive,,False,False,0,0,0,0,0,0,1.239,True,False,False,stage1_nr,False,,,0,False,,False,,4150
CNG_Data2k/files/Q00897.01-0000808066.MSG,Q00897.01-0000808066.MSG,.msg,74240,ok,True,False,text,False,0,2,6,False,0,False,0-10,Name | Address | Email | Phone,True,Contact Information,False,,ambiguous,True,yes,5076,standard,,False,False,0,0,0,0,0,0,2.831,False,False,True,,True,clear_no,no,5149,False,likely_non_responsive,True,,10225
CNG_Data2k/files/Q00897.01-0000527622.0001.PDF,Q00897.01-0000527622.0001.PDF,.pdf,22567,ok,True,False,text,False,1,0,1,False,0,False,0-10,Money/Amount,False,Financial Account Information,False,,clear_non_responsive,False,,0,likely_non_responsive,,False,False,0,0,0,0,0,0,0.041,True,False,False,stage1_nr,False,,,0,False,,False,,0
CNG_Data2k/files/Q00897.01-0000672952.MSG,Q00897.01-0000672952.MSG,.msg,149504,ok,True,False,text,False,0,0,1,False,0,False,0-10,Address | Email,True,Contact Information,False,,ambiguous,True,no,4193,likely_non_responsive,,False,False,0,0,0,0,0,0,1.442,True,False,False,stage1_nr,False,,,0,False,,False,,4193
CNG_Data2k/files/Q00897.01-0000641284.MSG,Q00897.01-0000641284.MSG,.msg,72192,ok,True,False,text,False,0,1,3,False,0,False,0-10,Name | Email | Phone,True,Contact Information,False,,ambiguous,True,yes,6663,standard,,False,False,0,0,0,0,0,0,2.337,False,False,True,,True,likely_no,no,6744,False,likely_non_responsive,True,,13407
CNG_Data2k/files/Q00897.01-0000415191.0001.XLSX,Q00897.01-0000415191.0001.XLSX,.xlsx,26277,ok,True,True,text,True,4,0,162,False,0,False,100+,Money/Amount,False,Financial Account Information,False,,ambiguous,True,no,8363,likely_non_responsive,roster_by_rowcount bde_llm_count,False,False,0,0,0,0,0,0,1.698,True,False,False,stage1_nr,False,,,0,False,,False,,8363
CNG_Data2k/files/Q00897.01-0000646346.MSG,Q00897.01-0000646346.MSG,.msg,179200,ok,True,False,text,False,0,0,1,False,0,False,0-10,Address | Phone | Health,True,Contact Information | Health-Related Information,False,,ambiguous,True,no,8847,likely_non_responsive,,False,False,0,0,0,0,0,0,1.291,True,False,False,stage1_nr,False,,,0,False,,False,,8847
CNG_Data2k/files/Q00897.01-0000138858.PDF,Q00897.01-0000138858.PDF,.pdf,2904784,ok,True,True,text,True,15,0,206,False,0,False,100+,Name | Address | Email | Phone | Money/Amount,True,Contact Information | Financial Account Information,False,,ambiguous,True,yes,19817,standard,bde_llm_count,True,True,15,0,0,0,0,1,13.766,False,False,True,,True,clear_no,no,10298,True,likely_non_responsive,True,,30115
CNG_Data2k/files/Q00897.01-0000470739.0014.XLSX,Q00897.01-0000470739.0014.XLSX,.xlsx,122256,ok,True,True,text,True,2,0,270,False,0,False,100+,Name | Phone | Money/Amount,True,Contact Information | Financial Account Information,False,,ambiguous,True,no,10115,likely_non_responsive,roster_by_rowcount bde_llm_count,False,False,0,0,0,0,0,0,2.334,True,False,False,stage1_nr,False,,,0,False,,False,,10115
CNG_Data2k/files/Q00897.01-0000328237.JPG,Q00897.01-0000328237.JPG,.jpg,4255965,ok,True,True,text,True,1,0,16,False,1,False,10-20,Name | Address | Email | Money/Amount,True,Contact Information | Financial Account Information,False,,ambiguous,True,no,8537,likely_non_responsive,bde_llm_count,True,True,1,0,0,0,0,1,7.445,True,False,False,stage1_nr,False,,,0,False,,False,,8537
CNG_Data2k/files/Q00897.01-0000825838.0001.PDF,Q00897.01-0000825838.0001.PDF,.pdf,196125,ok,True,False,text,False,2,0,44,False,44,False,20-50,Name | Address | Email | Phone | Money/Amount | Work-Related,True,Contact Information | Financial Account Information | Work-Related Information,False,,ambiguous,True,no,9382,likely_non_responsive,bde_llm_count_roster,False,False,0,0,0,0,0,0,65.201,True,False,False,stage1_nr,False,,,0,False,,False,,9382
CNG_Data2k/files/Q00897.01-0000837558.MSG,Q00897.01-0000837558.MSG,.msg,605696,error,False,False,,False,0,0,0,False,0,False,,,False,,False,,,False,,0,review_error,MalformedRtf,False,False,0,0,0,0,0,0,0.611,False,False,False,extract_error,False,,,0,False,,False,,0
CNG_Data2k/files/Q00897.01-0000890169.PDF,Q00897.01-0000890169.PDF,.pdf,28284,ok,True,False,text,False,6,0,50,False,51,True,20-50,Name | Phone,True,Contact Information,True,,ambiguous,True,yes,12860,bde,bde_llm_count_roster,False,False,0,0,0,0,0,0,8.91,False,True,True,,True,likely_yes,yes,6813,False,standard,False,,19673
CNG_Data2k/files/Q00897.01-0000685739.MSG,Q00897.01-0000685739.MSG,.msg,161792,ok,True,False,text,False,0,0,1,False,0,False,0-10,Name | Address | Phone,True,Contact Information,False,,ambiguous,True,yes,4140,standard,,False,False,0,0,0,0,0,0,61.872,False,False,True,,True,borderline,no,4202,False,likely_non_responsive,True,,8342
CNG_Data2k/files/Q00897.01-0000243248.PDF,Q00897.01-0000243248.PDF,.pdf,318900,ok,True,False,text,False,2,0,2,False,0,False,0-10,Phone | Money/Amount,True,Contact Information | Financial Account Information,False,,ambiguous,True,no,4044,likely_non_responsive,"img_ocr:p2(1/1,+4chars)",False,False,0,1,1,1,0,1,5.417,True,False,False,stage1_nr,False,,,0,False,,False,,4044
CNG_Data2k/files/Q00897.01-0000670115.0002.PDF,Q00897.01-0000670115.0002.PDF,.pdf,16269,ok,True,False,text,False,16,0,6,False,0,False,0-10,Address | Phone | Bank/Account Number | Money/Amount,True,Contact Information | Financial Account Information,False,,ambiguous,True,no,5050,likely_non_responsive,,False,False,0,0,0,0,0,0,1.424,True,False,False,stage1_nr,False,,,0,False,,False,,5050
CNG_Data2k/files/Q00897.01-0000217015.PDF,Q00897.01-0000217015.PDF,.pdf,1444270,ok,True,False,text,False,36,0,2,False,0,False,0-10,Address | Email | Phone | Money/Amount,True,Contact Information | Financial Account Information,False,,ambiguous,True,no,17858,likely_non_responsive,"img_ocr:p1(1/1,+1chars)",False,False,0,1,1,1,0,1,9.358,True,False,False,stage1_nr,False,,,0,False,,False,,17858
CNG_Data2k/files/Q00897.01-0000807990.0001.PDF,Q00897.01-0000807990.0001.PDF,.pdf,126370,ok,True,False,text,False,2,0,2,False,0,False,0-10,Name | Address,True,Contact Information,False,,ambiguous,True,no,4542,likely_non_responsive,,True,True,2,0,0,0,0,1,6.732,True,False,False,stage1_nr,False,,,0,False,,False,,4542
CNG_Data2k/files/Q00897.01-0000675889.0001.XLSX,Q00897.01-0000675889.0001.XLSX,.xlsx,11878,ok,True,True,text,True,1,0,31,False,0,False,20-50,Phone | Money/Amount,True,Contact Information | Financial Account Information,False,,ambiguous,True,no,9371,likely_non_responsive,bde_llm_count_roster,False,False,0,0,0,0,0,0,2.011,True,False,False,stage1_nr,False,,,0,False,,False,,9371
CNG_Data2k/files/Q00897.01-0000415326.MSG,Q00897.01-0000415326.MSG,.msg,152064,ok,True,False,text,False,0,1,2,False,0,False,0-10,Name | Email | Card/Transaction,True,Contact Information | Financial Account Information,False,,ambiguous,True,yes,3998,standard,,False,False,0,0,0,0,0,0,2.34,False,False,True,,True,likely_no,no,4047,False,likely_non_responsive,True,,8045
CNG_Data2k/files/Q00897.01-0000003154.PDF,Q00897.01-0000003154.PDF,.pdf,2544519,ok,True,False,text,False,1,0,2,False,0,False,0-10,Name | Address | Email | Phone | SSN | Money/Amount | Work-Related,True,Contact Information | Government-Issued Identification | Financial Account Information | Work-Related Information,False,,clear_responsive,False,,0,standard,,False,False,0,0,0,0,0,0,1.557,False,False,True,,True,clear_yes,yes,4310,False,standard,False,,4310
CNG_Data2k/files/Q00897.01-0000659233.MSG,Q00897.01-0000659233.MSG,.msg,330240,ok,True,False,text,False,0,4,4,False,0,False,0-10,Name | Address | Email | Phone | Money/Amount,True,Contact Information | Financial Account Information,False,,ambiguous,True,yes,5117,standard,,False,False,0,0,0,0,0,0,3.314,False,False,True,,True,likely_no,no,5179,False,likely_non_responsive,True,,10296
CNG_Data2k/files/Q00897.01-0000518858.0001.XLSX,Q00897.01-0000518858.0001.XLSX,.xlsx,216387,ok,True,True,text,True,1,0,556,False,0,False,100+,Phone | Money/Amount,True,Contact Information | Financial Account Information,False,,ambiguous,True,no,19631,likely_non_responsive,bde_llm_count,False,False,0,0,0,0,0,0,3.149,True,False,False,stage1_nr,False,,,0,False,,False,,19631
CNG_Data2k\files\Q00897.01-0000834500.0001.DOC,Q00897.01-0000834500.0001.DOC,.doc,42733,ok,True,False,text,False,0,0,1,False,0,False,0-10,Name | Address,True,Contact Information,False,,ambiguous,True,no,4664,likely_non_responsive,,False,False,0,0,0,0,0,0,1.649,True,False,False,stage1_nr,False,,,0,False,,False,,4664
CNG_Data2k/files/Q00897.01-0000893227.PDF,Q00897.01-0000893227.PDF,.pdf,11822,ok,True,False,text,False,1,0,0,False,0,False,0-10,,False,,False,,clear_non_responsive,False,,0,likely_non_responsive,,False,False,0,0,0,0,0,0,0.029,True,False,False,stage1_nr,False,,,0,False,,False,,0
CNG_Data2k/files/Q00897.01-0000809114.0001.PDF,Q00897.01-0000809114.0001.PDF,.pdf,145268,ok,True,False,text,False,5,0,2,False,0,False,0-10,Name | Address | Money/Amount,True,Contact Information | Financial Account Information,False,,ambiguous,True,no,6809,likely_non_responsive,"img_ocr:p5(1/1,+12chars)",False,False,0,1,1,1,0,1,5.504,True,False,False,stage1_nr,False,,,0,False,,False,,6809
CNG_Data2k/files/Q00897.01-0000534727.0001.PDF,Q00897.01-0000534727.0001.PDF,.pdf,24283,ok,True,False,text,False,2,0,0,False,0,False,0-10,,False,,False,,clear_non_responsive,False,,0,likely_non_responsive,,False,False,0,0,0,0,0,0,0.027,True,False,False,stage1_nr,False,,,0,False,,False,,0
CNG_Data2k/files/Q00897.01-0000291972.PDF,Q00897.01-0000291972.PDF,.pdf,170573,ok,True,False,text,False,2,0,2,False,0,False,0-10,Name | Address | Email | Phone | SSN | Date of Birth | Card/Transaction | Account Balance | Money/Amount | Health | Work-Related,True,Contact Information | Government-Issued Identification | Birth Information | Financial Account Information | Health-Related Information | Work-Related Information,False,,clear_responsive,False,,0,standard,,True,True,2,0,0,0,0,1,8.788,False,False,True,,True,clear_yes,yes,5189,False,standard,False,,5189
CNG_Data2k\files\Q00897.01-0000772930.0001.DOC,Q00897.01-0000772930.0001.DOC,.doc,74784,ok,True,False,text,False,0,0,3,False,0,False,0-10,Name | Money/Amount,True,Financial Account Information,False,,ambiguous,True,no,2716,likely_non_responsive,,False,False,0,0,0,0,0,0,1.416,True,False,False,stage1_nr,False,,,0,False,,False,,2716
CNG_Data2k/files/Q00897.01-0000425832.MSG,Q00897.01-0000425832.MSG,.msg,335872,ok,True,False,text,False,0,1,3,False,0,False,0-10,Name | Address | Email | Money/Amount,True,Contact Information | Financial Account Information,False,,ambiguous,True,yes,4298,standard,,False,False,0,0,0,0,0,0,3.786,False,False,True,,True,likely_no,no,4368,False,likely_non_responsive,True,,8666
CNG_Data2k/files/Q00897.01-0000109849.PDF,Q00897.01-0000109849.PDF,.pdf,38013,ok,True,False,text,False,16,0,1,False,0,False,0-10,Phone | Money/Amount,True,Contact Information | Financial Account Information,False,,ambiguous,True,no,5659,likely_non_responsive,,False,False,0,0,0,0,0,0,1.54,True,False,False,stage1_nr,False,,,0,False,,False,,5659
CNG_Data2k/files/Q00897.01-0000651894.0001.PDF,Q00897.01-0000651894.0001.PDF,.pdf,330991,ok,True,False,text,False,7,0,3,False,0,False,0-10,Name | Address | Email | Phone | Card Expiry/CVV | Money/Amount,True,Contact Information | Financial Account Information,False,,ambiguous,True,yes,8916,standard,,False,False,0,0,0,0,0,0,3.433,False,False,True,,True,likely_no,no,8979,False,likely_non_responsive,True,,17895
CNG_Data2k/files/Q00897.01-0000250942.PDF,Q00897.01-0000250942.PDF,.pdf,1124906,ok,True,False,text,False,2,0,6,False,0,False,0-10,Name | Address | Email | Phone | Money/Amount,True,Contact Information | Financial Account Information,False,,ambiguous,True,yes,4591,standard,"img_ocr:p1(1/1,+236chars)",False,False,0,1,1,1,0,1,6.729,False,False,True,,True,likely_no,no,4637,False,likely_non_responsive,True,,9228
CNG_Data2k/files/Q00897.01-0000670352.0001.PDF,Q00897.01-0000670352.0001.PDF,.pdf,31809,ok,True,False,text,False,9,0,59,False,0,False,50-100,Address | Phone | Account Balance | Money/Amount,True,Contact Information | Financial Account Information,False,,ambiguous,True,no,18253,likely_non_responsive,bde_llm_count,False,False,0,0,0,0,0,0,2.186,True,False,False,stage1_nr,False,,,0,False,,False,,18253
CNG_Data2k\files\Q00897.01-0000829023.0002.XLS,Q00897.01-0000829023.0002.XLS,.xls,271505,ok,True,True,text,True,1,0,86,False,2,False,50-100,Name | Money/Amount,False,Financial Account Information,False,,ambiguous,True,yes,9486,standard,bde_llm_count,False,False,0,0,0,0,0,0,3.41,False,False,True,,True,likely_no,no,5350,True,likely_non_responsive,True,,14836
CNG_Data2k/files/Q00897.01-0000819843.MSG,Q00897.01-0000819843.MSG,.msg,179712,ok,True,False,text,False,0,4,8,False,6,False,0-10,Name | Address | Email | Phone,True,Contact Information,False,,ambiguous,True,yes,10505,standard,bde_llm_count,False,False,0,0,0,0,0,0,5.176,False,False,True,,False,,yes,0,False,standard,False,llm_failed:RateLimitError,10505
CNG_Data2k/files/Q00897.01-0000270878.DOCX,Q00897.01-0000270878.DOCX,.docx,64517,ok,True,False,text,False,0,0,2,False,0,False,0-10,Name | Health,False,Health-Related Information,False,,ambiguous,True,no,6041,likely_non_responsive,,False,False,0,0,0,0,0,0,1.379,True,False,False,stage1_nr,False,,,0,False,,False,,6041
CNG_Data2k/files/Q00897.01-0000777726.0002.DOCX,Q00897.01-0000777726.0002.DOCX,.docx,59249,ok,True,False,text,False,0,0,0,False,0,False,0-10,,False,,False,,clear_non_responsive,False,,0,likely_non_responsive,,False,False,0,0,0,0,0,0,0.049,True,False,False,stage1_nr,False,,,0,False,,False,,0
CNG_Data2k/files/Q00897.01-0000456028.0003.XLSX,Q00897.01-0000456028.0003.XLSX,.xlsx,15250,ok,True,True,text,True,1,0,4,False,0,False,0-10,Phone | Money/Amount,True,Contact Information | Financial Account Information,False,,ambiguous,True,no,7361,likely_non_responsive,bde_llm_count,False,False,0,0,0,0,0,0,2.51,True,False,False,stage1_nr,False,,,0,False,,False,,7361
CNG_Data2k/files/Q00897.01-0000840136.0001.DOCX,Q00897.01-0000840136.0001.DOCX,.docx,482796,ok,True,False,text,False,0,0,5,False,0,False,0-10,Name | Address | Money/Amount | Health | Work-Related,True,Contact Information | Financial Account Information | Health-Related Information | Work-Related Information,False,,ambiguous,True,yes,6102,standard,,False,False,0,0,0,0,0,0,3.904,False,False,True,,True,likely_no,no,6157,False,likely_non_responsive,True,,12259
CNG_Data2k/files/Q00897.01-0000254295.PDF,Q00897.01-0000254295.PDF,.pdf,146665,ok,True,False,text,False,1,0,1,False,0,False,0-10,Money/Amount,False,Financial Account Information,False,,clear_non_responsive,False,,0,likely_non_responsive,,False,False,0,0,0,0,0,0,0.051,True,False,False,stage1_nr,False,,,0,False,,False,,0
CNG_Data2k/files/Q00897.01-0000551361.MSG,Q00897.01-0000551361.MSG,.msg,210944,ok,True,False,text,False,0,0,2,False,0,False,0-10,Address | Email | Phone | Credentials,True,Contact Information | Access Credentials,False,,ambiguous,True,no,3984,likely_non_responsive,,False,False,0,0,0,0,0,0,1.717,True,False,False,stage1_nr,False,,,0,False,,False,,3984
CNG_Data2k/files/Q00897.01-0000805584.0001.PDF,Q00897.01-0000805584.0001.PDF,.pdf,251028,ok,True,False,text,False,13,0,14,False,0,False,10-20,Email | Money/Amount | Demographic | Work-Related,True,Contact Information | Financial Account Information | Demographic Information | Work-Related Information,False,,ambiguous,True,no,17177,likely_non_responsive,"img_ocr:p1(1/1,+11chars) bde_llm_count",False,False,0,1,1,1,0,1,7.964,True,False,False,stage1_nr,False,,,0,False,,False,,17177
CNG_Data2k/files/Q00897.01-0000833428.0002.PDF,Q00897.01-0000833428.0002.PDF,.pdf,298441,ok,True,False,text,False,3,0,3,False,0,False,0-10,Name | Money/Amount,True,Financial Account Information,False,,ambiguous,True,no,5113,likely_non_responsive,,True,True,3,0,0,0,0,1,6.536,True,False,False,stage1_nr,False,,,0,False,,False,,5113
CNG_Data2k\files\Q00897.01-0000851631.XLS,Q00897.01-0000851631.XLS,.xls,22146,ok,True,True,text,True,1,0,66,False,1,False,50-100,Money/Amount,False,Financial Account Information,False,,ambiguous,True,no,3673,likely_non_responsive,roster_by_rowcount bde_llm_count,False,False,0,0,0,0,0,0,1.907,True,False,False,stage1_nr,False,,,0,False,,False,,3673
CNG_Data2k/files/Q00897.01-0000501807.MSG,Q00897.01-0000501807.MSG,.msg,53760,ok,True,False,text,False,0,0,2,False,0,False,0-10,Name | Email | Phone | Money/Amount,True,Contact Information | Financial Account Information,False,,ambiguous,True,no,6551,likely_non_responsive,,False,False,0,0,0,0,0,0,3.291,True,False,False,stage1_nr,False,,,0,False,,False,,6551
CNG_Data2k/files/Q00897.01-0000865188.PDF,Q00897.01-0000865188.PDF,.pdf,156252,ok,True,False,text,False,1,0,1,False,0,False,0-10,Money/Amount,False,Financial Account Information,False,,clear_non_responsive,False,,0,likely_non_responsive,,False,False,0,0,0,0,0,0,0.141,True,False,False,stage1_nr,False,,,0,False,,False,,0
CNG_Data2k/files/Q00897.01-0000544243.0001.PDF,Q00897.01-0000544243.0001.PDF,.pdf,23624,ok,True,False,text,False,1,0,1,False,0,False,0-10,Money/Amount,False,Financial Account Information,False,,clear_non_responsive,False,,0,likely_non_responsive,,False,False,0,0,0,0,0,0,0.031,True,False,False,stage1_nr,False,,,0,False,,False,,0
CNG_Data2k/files/Q00897.01-0000848633.MSG,Q00897.01-0000848633.MSG,.msg,171520,error,False,False,,False,0,0,0,False,0,False,,,False,,False,,,False,,0,review_error,MalformedRtf,False,False,0,0,0,0,0,0,9.38,False,False,False,extract_error,False,,,0,False,,False,,0
CNG_Data2k/files/Q00897.01-0000636298.MSG,Q00897.01-0000636298.MSG,.msg,132608,ok,True,False,text,False,0,2,18,False,18,False,10-20,Name | Address | Email | Phone,True,Contact Information,False,,ambiguous,True,yes,10222,standard,bde_llm_count,False,False,0,0,0,0,0,0,5.926,False,False,True,,True,likely_no,no,5588,False,likely_non_responsive,True,,15810
CNG_Data2k\files\Q00897.01-0000648993.0001.XLS,Q00897.01-0000648993.0001.XLS,.xls,23868,ok,True,True,text,True,4,0,2,False,4,False,0-10,Phone | SSN | Account Balance | Money/Amount,True,Contact Information | Government-Issued Identification | Financial Account Information,False,,clear_responsive,False,,2153,standard,bde_llm_count_roster,False,False,0,0,0,0,0,0,2.269,False,False,True,,True,clear_yes,yes,3178,False,standard,False,,5331
CNG_Data2k/files/Q00897.01-0000118367.XLSX,Q00897.01-0000118367.XLSX,.xlsx,76531,ok,True,True,text,True,1,0,199,False,51,True,100+,Name | Address | Email | Payment Card | Money/Amount,True,Contact Information | Financial Account Information,True,,ambiguous,True,yes,12105,structured_bde,bde_llm_count_roster,False,False,0,0,0,0,0,0,7.422,False,True,True,,True,clear_yes,yes,6641,True,structured_bde,False,,18746
CNG_Data2k/files/Q00897.01-0000912517.PDF,Q00897.01-0000912517.PDF,.pdf,35139,ok,True,True,text,True,3,0,42,False,42,False,20-50,Address | Phone | SSN | Bank/Account Number | Money/Amount,True,Contact Information | Government-Issued Identification | Financial Account Information,False,,clear_responsive,False,,4128,standard,bde_llm_count_roster,True,True,3,0,0,0,0,1,8.063,False,False,True,,True,clear_yes,yes,5107,False,standard,False,,9235
CNG_Data2k/files/Q00897.01-0000450318.MSG,Q00897.01-0000450318.MSG,.msg,146432,ok,True,False,text,False,0,0,4,False,0,False,0-10,Name | Address | Email | Money/Amount | Credentials,True,Contact Information | Financial Account Information | Access Credentials,False,,ambiguous,True,yes,4900,standard,,False,False,0,0,0,0,0,0,3.436,False,False,True,,True,likely_yes,yes,4955,False,standard,False,,9855
CNG_Data2k/files/Q00897.01-0000521617.MSG,Q00897.01-0000521617.MSG,.msg,239104,ok,True,False,text,False,0,1,1,False,0,False,0-10,Name | Email | Money/Amount,True,Contact Information | Financial Account Information,False,,ambiguous,True,yes,3749,standard,,False,False,0,0,0,0,0,0,2.746,False,False,True,,True,borderline,no,3819,False,likely_non_responsive,True,,7568
CNG_Data2k/files/Q00897.01-0000669572.0001.PDF,Q00897.01-0000669572.0001.PDF,.pdf,900388,ok,True,True,text,True,4,0,13,False,0,False,10-20,Name | Address | Phone | Bank/Account Number | Money/Amount,True,Contact Information | Financial Account Information,False,,ambiguous,True,yes,7856,standard,bde_llm_count,True,True,4,0,0,0,0,1,67.96,False,False,True,,True,likely_no,no,4405,False,likely_non_responsive,True,,12261
CNG_Data2k/files/Q00897.01-0000835348.MSG,Q00897.01-0000835348.MSG,.msg,44032,ok,True,False,text,False,0,0,2,False,0,False,0-10,Name | Address | Email | Phone | Money/Amount,True,Contact Information | Financial Account Information,False,,ambiguous,True,no,3989,likely_non_responsive,,False,False,0,0,0,0,0,0,1.539,True,False,False,stage1_nr,False,,,0,False,,False,,3989
CNG_Data2k/files/Q00897.01-0000427197.0001.PDF,Q00897.01-0000427197.0001.PDF,.pdf,100578,ok,True,False,text,False,3,0,2,False,0,False,0-10,Name | Address | Phone | Money/Amount,True,Contact Information | Financial Account Information,False,,ambiguous,True,yes,5870,standard,,False,False,0,0,0,0,0,0,2.81,False,False,True,,True,likely_yes,yes,5923,False,standard,False,,11793
CNG_Data2k/files/Q00897.01-0000260190.PDF,Q00897.01-0000260190.PDF,.pdf,1502801,ok,True,True,text,True,15,0,705,False,3,False,100+,Name | Money/Amount,False,Financial Account Information,False,,ambiguous,True,yes,34310,standard,bde_llm_count,True,True,15,0,0,0,0,1,23.605,False,False,True,,True,clear_yes,yes,17737,True,structured_bde,False,,52047
CNG_Data2k/files/Q00897.01-0000503286.MSG,Q00897.01-0000503286.MSG,.msg,41984,ok,True,False,text,False,0,1,6,False,0,False,0-10,Address | Email | Phone | Money/Amount,True,Contact Information | Financial Account Information,False,,ambiguous,True,no,4686,likely_non_responsive,,False,False,0,0,0,0,0,0,1.591,True,False,False,stage1_nr,False,,,0,False,,False,,4686
CNG_Data2k/files/Q00897.01-0000346696.PDF,Q00897.01-0000346696.PDF,.pdf,564876,ok,True,False,text,False,8,0,5,False,0,False,0-10,Phone | Money/Amount,True,Contact Information | Financial Account Information,False,,ambiguous,False,,0,standard,llm_failed:JSONDecodeError,False,False,0,0,0,0,0,0,16.827,False,False,True,,False,,yes,0,False,standard,False,llm_failed:JSONDecodeError,0
CNG_Data2k/files/Q00897.01-0000453323.MSG,Q00897.01-0000453323.MSG,.msg,256000,ok,True,False,text,False,0,0,2,False,0,False,0-10,Name | Address | Email | Phone | Money/Amount,True,Contact Information | Financial Account Information,False,,ambiguous,True,yes,5154,standard,,False,False,0,0,0,0,0,0,2.946,False,False,True,,True,likely_yes,yes,5198,False,standard,False,,10352
CNG_Data2k/files/Q00897.01-0000828529.0001.PDF,Q00897.01-0000828529.0001.PDF,.pdf,188047,ok,True,False,text,False,15,0,42,False,18,False,20-50,Name | Address | Card/Transaction | Money/Amount,True,Contact Information | Financial Account Information,False,,ambiguous,True,no,24599,likely_non_responsive,bde_llm_count,False,False,0,0,0,0,0,0,68.107,True,False,False,stage1_nr,False,,,0,False,,False,,24599
CNG_Data2k/files/Q00897.01-0000646545.MSG,Q00897.01-0000646545.MSG,.msg,200192,ok,True,False,text,False,0,3,0,False,0,False,0-10,,False,,False,,clear_non_responsive,False,,0,likely_non_responsive,,False,False,0,0,0,0,0,0,0.035,True,False,False,stage1_nr,False,,,0,False,,False,,0
CNG_Data2k/files/Q00897.01-0000774937.MSG,Q00897.01-0000774937.MSG,.msg,60416,ok,True,False,text,False,0,0,7,False,6,False,0-10,Name | Address | Email | Phone,True,Contact Information,False,,ambiguous,True,yes,17682,standard,bde_llm_count,False,False,0,0,0,0,0,0,6.324,False,False,True,,True,likely_no,no,9268,False,likely_non_responsive,True,,26950
CNG_Data2k/files/Q00897.01-0000468990.MSG,Q00897.01-0000468990.MSG,.msg,60416,ok,True,False,text,False,0,0,4,False,0,False,0-10,Name | Address | Email | Phone,True,Contact Information,False,,ambiguous,True,no,4203,likely_non_responsive,,False,False,0,0,0,0,0,0,1.209,True,False,False,stage1_nr,False,,,0,False,,False,,4203
CNG_Data2k/files/Q00897.01-0000433293.0002.PDF,Q00897.01-0000433293.0002.PDF,.pdf,48420,ok,True,False,text,False,3,0,2,False,0,False,0-10,Email | Phone | Money/Amount,True,Contact Information | Financial Account Information,False,,ambiguous,True,no,5547,likely_non_responsive,,False,False,0,0,0,0,0,0,1.168,True,False,False,stage1_nr,False,,,0,False,,False,,5547
CNG_Data2k/files/Q00897.01-0000279571.PDF,Q00897.01-0000279571.PDF,.pdf,188429,ok,True,False,text,False,6,0,4,False,0,False,0-10,Name | Address | Phone | Card/Transaction | Money/Amount | Health,True,Contact Information | Financial Account Information | Health-Related Information,False,,ambiguous,True,yes,7632,standard,"img_ocr:p1(1/1,+47chars)",False,False,0,1,1,1,0,1,8.57,False,False,True,,True,likely_no,no,7691,False,likely_non_responsive,True,,15323
CNG_Data2k/files/Q00897.01-0000854553.XLSX,Q00897.01-0000854553.XLSX,.xlsx,18928,ok,True,True,text,True,2,0,120,False,0,False,100+,Money/Amount | Work-Related,False,Financial Account Information | Work-Related Information,False,,ambiguous,True,no,7767,likely_non_responsive,roster_by_rowcount bde_llm_count,False,False,0,0,0,0,0,0,2.14,True,False,False,stage1_nr,False,,,0,False,,False,,7767
CNG_Data2k/files/Q00897.01-0000246209.PDF,Q00897.01-0000246209.PDF,.pdf,1124091,ok,True,False,text,False,4,0,5,False,0,False,0-10,Name | Address | Email | Phone | Money/Amount,True,Contact Information | Financial Account Information,False,,ambiguous,True,no,4607,likely_non_responsive,,False,False,0,0,0,0,0,0,1.867,True,False,False,stage1_nr,False,,,0,False,,False,,4607
CNG_Data2k/files/Q00897.01-0000545749.0001.PDF,Q00897.01-0000545749.0001.PDF,.pdf,22559,ok,True,False,text,False,1,0,1,False,0,False,0-10,Money/Amount,False,Financial Account Information,False,,clear_non_responsive,False,,0,likely_non_responsive,,False,False,0,0,0,0,0,0,0.019,True,False,False,stage1_nr,False,,,0,False,,False,,0
CNG_Data2k/files/Q00897.01-0000399406.MSG,Q00897.01-0000399406.MSG,.msg,167424,ok,True,False,text,False,0,0,1,False,0,False,0-10,Name | Bank/Account Number,True,Financial Account Information,False,,ambiguous,True,yes,6398,standard,,False,False,0,0,0,0,0,0,3.467,False,False,True,,True,likely_yes,yes,6459,False,standard,False,,12857
CNG_Data2k/files/Q00897.01-0000795167.MSG,Q00897.01-0000795167.MSG,.msg,3543552,ok,True,False,text,False,0,1,6,False,0,False,0-10,Name | Address | Phone | Money/Amount,True,Contact Information | Financial Account Information,False,,ambiguous,True,no,5144,likely_non_responsive,,False,False,0,0,0,0,0,0,2.636,True,False,False,stage1_nr,False,,,0,False,,False,,5144
CNG_Data2k/files/Q00897.01-0000113897.PDF,Q00897.01-0000113897.PDF,.pdf,24217,ok,True,False,text,False,11,0,1,False,0,False,0-10,Card/Transaction | Money/Amount | Health | Work-Related,False,Financial Account Information | Health-Related Information | Work-Related Information,False,,ambiguous,True,no,9437,likely_non_responsive,,False,False,0,0,0,0,0,0,1.747,True,False,False,stage1_nr,False,,,0,False,,False,,9437
CNG_Data2k/files/Q00897.01-0000811996.0001.PDF,Q00897.01-0000811996.0001.PDF,.pdf,446196,ok,True,False,text,False,5,0,4,False,0,False,0-10,Address | Email | Phone | SSN | Bank/Account Number | Credentials,True,Contact Information | Government-Issued Identification | Financial Account Information | Access Credentials,False,,clear_responsive,False,,0,standard,"img_ocr:none(1 calls,0 chars)",False,False,0,1,1,0,0,1,7.033,False,False,True,,True,likely_no,no,13925,False,likely_non_responsive,True,,13925
CNG_Data2k/files/Q00897.01-0000832796.MSG,Q00897.01-0000832796.MSG,.msg,52224,ok,True,False,text,False,0,1,7,False,5,False,0-10,Name | Address | Email | Phone,True,Contact Information,False,,ambiguous,True,yes,12352,standard,bde_llm_count,False,False,0,0,0,0,0,0,4.18,False,False,True,,True,likely_no,no,6652,False,likely_non_responsive,True,,19004
CNG_Data2k/files/Q00897.01-0000529353.0001.PDF,Q00897.01-0000529353.0001.PDF,.pdf,22708,ok,True,False,text,False,1,0,1,False,0,False,0-10,Money/Amount,False,Financial Account Information,False,,clear_non_responsive,False,,0,likely_non_responsive,,False,False,0,0,0,0,0,0,0.028,True,False,False,stage1_nr,False,,,0,False,,False,,0
CNG_Data2k/files/Q00897.01-0000532301.0001.PDF,Q00897.01-0000532301.0001.PDF,.pdf,22564,ok,True,False,text,False,1,0,1,False,0,False,0-10,Money/Amount,False,Financial Account Information,False,,clear_non_responsive,False,,0,likely_non_responsive,,False,False,0,0,0,0,0,0,0.025,True,False,False,stage1_nr,False,,,0,False,,False,,0
CNG_Data2k/files/Q00897.01-0000721583.MSG,Q00897.01-0000721583.MSG,.msg,114688,ok,True,False,text,False,0,0,6,False,0,False,0-10,Name | Email | Phone | Money/Amount,True,Contact Information | Financial Account Information,False,,ambiguous,True,no,4303,likely_non_responsive,,False,False,0,0,0,0,0,0,1.549,True,False,False,stage1_nr,False,,,0,False,,False,,4303
CNG_Data2k/files/Q00897.01-0000412608.MSG,Q00897.01-0000412608.MSG,.msg,171520,ok,True,False,text,False,0,3,1,False,0,False,0-10,Name | Address | Email | Phone,True,Contact Information,False,,ambiguous,True,no,4089,likely_non_responsive,,False,False,0,0,0,0,0,0,1.357,True,False,False,stage1_nr,False,,,0,False,,False,,4089
CNG_Data2k/files/Q00897.01-0000484212.0001.PDF,Q00897.01-0000484212.0001.PDF,.pdf,78363,ok,True,False,text,False,7,0,0,False,0,False,0-10,,False,,False,,clear_non_responsive,False,,0,likely_non_responsive,,False,False,0,0,0,0,0,0,0.994,True,False,False,stage1_nr,False,,,0,False,,False,,0
CNG_Data2k/files/Q00897.01-0000304140.PDF,Q00897.01-0000304140.PDF,.pdf,1556869,ok,True,True,text,True,15,0,6,False,0,False,0-10,Name | Address | Card/Transaction | Money/Amount | Demographic,True,Contact Information | Financial Account Information | Demographic Information,False,,ambiguous,True,no,12025,likely_non_responsive,bde_llm_count,True,True,15,0,0,0,0,1,9.948,True,False,False,stage1_nr,False,,,0,False,,False,,12025
CNG_Data2k/files/Q00897.01-0000356927.CSV,Q00897.01-0000356927.CSV,.csv,23019,ok,True,True,text,True,0,0,210,False,210,True,100+,Name | Phone | Money/Amount | Work-Related,True,Contact Information | Financial Account Information | Work-Related Information,True,,ambiguous,True,yes,11932,structured_bde,bde_llm_count_roster,False,False,0,0,0,0,0,0,7.734,False,True,True,,True,likely_yes,yes,6568,True,structured_bde,False,,18500
CNG_Data2k/files/Q00897.01-0000014750.XLSX,Q00897.01-0000014750.XLSX,.xlsx,174227,ok,True,True,text,True,3,0,349,False,349,True,100+,Name | Money/Amount,False,Financial Account Information,True,,ambiguous,True,yes,12178,structured_bde,bde_llm_count_roster,False,False,0,0,0,0,0,0,5.248,False,True,True,,True,clear_yes,yes,6597,True,structured_bde,False,,18775
CNG_Data2k/files/Q00897.01-0000345752.PDF,Q00897.01-0000345752.PDF,.pdf,27960,ok,True,False,text,False,6,0,1,False,0,False,0-10,Name | Address | Money/Amount,True,Contact Information | Financial Account Information,False,,ambiguous,True,yes,6489,standard,,False,False,0,0,0,0,0,0,2.988,False,False,True,,True,clear_yes,yes,6570,False,standard,False,,13059
CNG_Data2k/files/Q00897.01-0000394574.MSG,Q00897.01-0000394574.MSG,.msg,82944,ok,True,False,text,False,0,0,2,False,0,False,0-10,Name | Email | Money/Amount,True,Contact Information | Financial Account Information,False,,ambiguous,True,yes,4789,standard,,False,False,0,0,0,0,0,0,3.133,False,False,True,,True,borderline,no,4845,False,likely_non_responsive,True,,9634
CNG_Data2k/files/Q00897.01-0000818346.MSG,Q00897.01-0000818346.MSG,.msg,33792,ok,True,False,text,False,0,1,5,False,0,False,0-10,Name | Address | Email | Phone,True,Contact Information,False,,ambiguous,True,yes,4034,standard,,False,False,0,0,0,0,0,0,2.565,False,False,True,,True,likely_no,no,4089,False,likely_non_responsive,True,,8123
CNG_Data2k\files\Q00897.01-0000480522.0001.XLS,Q00897.01-0000480522.0001.XLS,.xls,148685,ok,True,True,text,True,31,0,73,False,0,False,50-100,Name | Address | Phone | Money/Amount,True,Contact Information | Financial Account Information,False,,ambiguous,True,no,12381,likely_non_responsive,bde_llm_count,False,False,0,0,0,0,0,0,3.252,True,False,False,stage1_nr,False,,,0,False,,False,,12381
CNG_Data2k/files/Q00897.01-0000236688.0001.PDF,Q00897.01-0000236688.0001.PDF,.pdf,27758,ok,True,False,text,False,2,0,4,False,0,False,0-10,Name | Address | Email | Phone,True,Contact Information,False,,ambiguous,True,yes,5233,standard,,False,False,0,0,0,0,0,0,3.176,False,False,True,,True,likely_no,no,5229,False,likely_non_responsive,True,,10462
CNG_Data2k/files/Q00897.01-0000733091.MSG,Q00897.01-0000733091.MSG,.msg,392192,ok,True,False,text,False,0,0,5,False,0,False,0-10,Name | Email | Money/Amount,True,Contact Information | Financial Account Information,False,,ambiguous,True,yes,6847,standard,,False,False,0,0,0,0,0,0,4.418,False,False,True,,True,likely_yes,yes,6914,False,standard,False,,13761
CNG_Data2k/files/Q00897.01-0000834239.MSG,Q00897.01-0000834239.MSG,.msg,140288,ok,True,False,text,False,0,0,3,False,0,False,0-10,Name | Address | Email | Phone,True,Contact Information,False,,ambiguous,True,yes,7112,standard,,False,False,0,0,0,0,0,0,4.675,False,False,True,,True,borderline,no,7186,False,likely_non_responsive,True,,14298
CNG_Data2k/files/Q00897.01-0000399985.0001.PDF,Q00897.01-0000399985.0001.PDF,.pdf,64949,ok,True,True,text,True,1,0,7,False,2,False,0-10,Name | Money/Amount,False,Financial Account Information,False,,ambiguous,True,yes,7002,standard,bde_llm_count,True,True,1,0,0,0,0,1,9.183,False,False,True,,True,likely_no,no,3971,False,likely_non_responsive,True,,10973
CNG_Data2k/files/Q00897.01-0000283448.PDF,Q00897.01-0000283448.PDF,.pdf,491918,ok,True,True,text,True,4,0,6,False,2,False,0-10,Name | Address | Phone | Date of Birth | Money/Amount | Health,True,Contact Information | Birth Information | Financial Account Information | Health-Related Information,False,,ambiguous,True,yes,8669,standard,bde_llm_count,True,True,4,0,0,0,0,1,10.081,False,False,True,,True,clear_yes,yes,4812,False,standard,False,,13481
CNG_Data2k/files/Q00897.01-0000327563.XLSX,Q00897.01-0000327563.XLSX,.xlsx,93459,ok,True,True,text,True,10,0,2193,False,2193,True,100+,Money/Amount,False,Financial Account Information,True,,ambiguous,True,no,7238,structured_bde,roster_by_rowcount bde_llm_count_roster,False,False,0,0,0,0,0,0,3.325,False,True,True,,True,likely_no,no,4055,True,likely_non_responsive,True,,11293
CNG_Data2k/files/Q00897.01-0000691810.MSG,Q00897.01-0000691810.MSG,.msg,208896,ok,True,False,text,False,0,1,0,False,0,False,0-10,,False,,False,,clear_non_responsive,False,,0,likely_non_responsive,,False,False,0,0,0,0,0,0,0.848,True,False,False,stage1_nr,False,,,0,False,,False,,0
CNG_Data2k/files/Q00897.01-0000847537.0002.DOCX,Q00897.01-0000847537.0002.DOCX,.docx,50516,ok,True,False,text,False,0,0,1,False,0,False,0-10,Name | Address | Email | Money/Amount | Health | Work-Related,True,Contact Information | Financial Account Information | Health-Related Information | Work-Related Information,False,,ambiguous,True,no,8653,likely_non_responsive,,False,False,0,0,0,0,0,0,1.355,True,False,False,stage1_nr,False,,,0,False,,False,,8653
CNG_Data2k/files/Q00897.01-0000834438.MSG,Q00897.01-0000834438.MSG,.msg,936960,ok,True,False,text,False,0,1,1,False,0,False,0-10,Name,False,,False,,ambiguous,True,yes,3798,standard,,False,False,0,0,0,0,0,0,2.491,False,False,True,,True,borderline,no,3855,False,likely_non_responsive,True,,7653
CNG_Data2k/files/Q00897.01-0000427736.MSG,Q00897.01-0000427736.MSG,.msg,159232,ok,True,False,text,False,0,0,2,False,0,False,0-10,Name | Address | Email | Phone,True,Contact Information,False,,ambiguous,True,yes,4118,standard,,False,False,0,0,0,0,0,0,4.509,False,False,True,,True,likely_no,no,4270,False,likely_non_responsive,True,,8388
CNG_Data2k/files/Q00897.01-0000727726.MSG,Q00897.01-0000727726.MSG,.msg,462848,ok,True,False,text,False,0,0,1,False,0,False,0-10,Money/Amount | Demographic | Work-Related,False,Financial Account Information | Demographic Information | Work-Related Information,False,,ambiguous,True,no,8540,likely_non_responsive,,False,False,0,0,0,0,0,0,4.332,True,False,False,stage1_nr,False,,,0,False,,False,,8540
CNG_Data2k/files/Q00897.01-0000843197.MSG,Q00897.01-0000843197.MSG,.msg,29184,error,False,False,,False,0,0,0,False,0,False,,,False,,False,,,False,,0,review_error,KeyError,False,False,0,0,0,0,0,0,0.27,False,False,False,extract_error,False,,,0,False,,False,,0
CNG_Data2k/files/Q00897.01-0000455575.MSG,Q00897.01-0000455575.MSG,.msg,202240,ok,True,False,text,False,0,0,2,False,0,False,0-10,Name | Address | Email | Phone | Money/Amount,True,Contact Information | Financial Account Information,False,,ambiguous,True,no,4109,likely_non_responsive,,False,False,0,0,0,0,0,0,1.908,True,False,False,stage1_nr,False,,,0,False,,False,,4109
CNG_Data2k/files/Q00897.01-0000813013.0001.PDF,Q00897.01-0000813013.0001.PDF,.pdf,173131,ok,True,True,text,True,1,0,15,False,5,False,10-20,Name | Address | Phone | Money/Amount,True,Contact Information | Financial Account Information,False,,ambiguous,True,yes,8720,standard,bde_llm_count,True,True,1,0,0,0,0,1,9.354,False,False,True,,False,,yes,0,False,standard,False,llm_failed:RateLimitError,8720
CNG_Data2k/files/Q00897.01-0000314942.PDF,Q00897.01-0000314942.PDF,.pdf,1628796,ok,True,False,text,False,1,0,2,False,0,False,0-10,Name | Email | Demographic,True,Contact Information | Demographic Information,False,,ambiguous,True,no,4152,likely_non_responsive,,True,True,1,0,0,0,0,1,6.781,True,False,False,stage1_nr,False,,,0,False,,False,,4152
CNG_Data2k/files/Q00897.01-0000695069.MSG,Q00897.01-0000695069.MSG,.msg,303104,ok,True,False,text,False,0,0,1,False,0,False,0-10,Email | Phone | Money/Amount,True,Contact Information | Financial Account Information,False,,ambiguous,True,no,5097,likely_non_responsive,,False,False,0,0,0,0,0,0,1.958,True,False,False,stage1_nr,False,,,0,False,,False,,5097
CNG_Data2k/files/Q00897.01-0000331969.PDF,Q00897.01-0000331969.PDF,.pdf,479495,ok,True,False,text,False,4,0,3,False,0,False,0-10,Name | Address | Bank/Account Number | Money/Amount,True,Contact Information | Financial Account Information,False,,ambiguous,True,yes,4418,standard,"img_ocr:p2(1/1,+324chars)",False,False,0,1,1,1,0,1,6.871,False,False,True,,True,borderline,no,4471,False,likely_non_responsive,True,,8889
CNG_Data2k/files/Q00897.01-0000850516.XLSX,Q00897.01-0000850516.XLSX,.xlsx,27592,ok,True,True,text,True,1,0,71,False,71,True,50-100,Name | Address | Phone | Payment Card,True,Contact Information | Financial Account Information,True,,ambiguous,True,yes,16276,structured_bde,bde_llm_count_roster,False,False,0,0,0,0,0,0,4.915,False,True,True,,True,clear_no,no,8596,True,likely_non_responsive,True,,24872
CNG_Data2k/files/Q00897.01-0000663426.MSG,Q00897.01-0000663426.MSG,.msg,354816,ok,True,False,text,False,0,4,6,False,0,False,0-10,Name | Address | Email | Phone | Money/Amount,True,Contact Information | Financial Account Information,False,,ambiguous,True,yes,5731,standard,,False,False,0,0,0,0,0,0,3.155,False,False,True,,True,likely_no,no,5778,False,likely_non_responsive,True,,11509
CNG_Data2k/files/Q00897.01-0000099631.PDF,Q00897.01-0000099631.PDF,.pdf,152237,ok,True,True,text,True,1,0,17,False,0,False,10-20,Address | Phone | Bank/Account Number | Money/Amount,True,Contact Information | Financial Account Information,False,,ambiguous,True,no,7930,likely_non_responsive,bde_llm_count,True,True,1,0,0,0,0,1,7.881,True,False,False,stage1_nr,False,,,0,False,,False,,7930
CNG_Data2k/files/Q00897.01-0000669170.MSG,Q00897.01-0000669170.MSG,.msg,326656,ok,True,False,text,False,0,1,3,False,0,False,0-10,Name | Phone,True,Contact Information,False,,ambiguous,True,no,3733,likely_non_responsive,,False,False,0,0,0,0,0,0,1.202,True,False,False,stage1_nr,False,,,0,False,,False,,3733
CNG_Data2k/files/Q00897.01-0000526838.0001.PDF,Q00897.01-0000526838.0001.PDF,.pdf,23222,ok,True,False,text,False,2,0,1,False,0,False,0-10,Phone,True,Contact Information,False,,ambiguous,True,no,3853,likely_non_responsive,,False,False,0,0,0,0,0,0,0.989,True,False,False,stage1_nr,False,,,0,False,,False,,3853
CNG_Data2k/files/Q00897.01-0000572182.0001.XLSX,Q00897.01-0000572182.0001.XLSX,.xlsx,62320,ok,True,True,text,True,1,0,447,False,0,False,100+,Payment Card | Money/Amount,True,Financial Account Information,False,,ambiguous,True,no,17923,likely_non_responsive,roster_by_rowcount bde_llm_count,False,False,0,0,0,0,0,0,2.768,True,False,False,stage1_nr,False,,,0,False,,False,,17923
CNG_Data2k/files/Q00897.01-0000614203.0001.PDF,Q00897.01-0000614203.0001.PDF,.pdf,198525,ok,True,False,text,False,1,0,1,False,0,False,0-10,Name | Address | Email | Phone | Money/Amount,True,Contact Information | Financial Account Information,False,,ambiguous,True,yes,4810,standard,,False,False,0,0,0,0,0,0,3.35,False,False,True,,True,clear_no,no,4888,False,likely_non_responsive,True,,9698
CNG_Data2k/files/Q00897.01-0000671391.0004.XLSX,Q00897.01-0000671391.0004.XLSX,.xlsx,11134,ok,True,True,text,True,1,0,0,False,0,False,0-10,Money/Amount,False,Financial Account Information,False,,ambiguous,True,no,7658,structured_unreadable,bde_llm_count,False,False,0,0,0,0,0,0,4.061,False,False,True,,True,clear_no,no,4304,False,likely_non_responsive,True,,11962
CNG_Data2k/files/Q00897.01-0000262227.PDF,Q00897.01-0000262227.PDF,.pdf,795941,ok,True,True,text,True,2,0,7,False,1,False,0-10,Name | Money/Amount,False,Financial Account Information,False,,ambiguous,True,yes,7655,standard,bde_llm_count,True,True,2,0,0,0,0,1,9.062,False,False,True,,True,likely_no,no,4303,False,likely_non_responsive,True,,11958
CNG_Data2k/files/Q00897.01-0000658827.MSG,Q00897.01-0000658827.MSG,.msg,402432,ok,True,False,text,False,0,2,8,False,8,False,0-10,Name | Address | Email | Phone,True,Contact Information,False,,ambiguous,True,yes,8448,standard,bde_llm_count,False,False,0,0,0,0,0,0,6.117,False,False,True,,True,likely_no,no,4608,False,likely_non_responsive,True,,13056
CNG_Data2k/files/Q00897.01-0000907069.PDF,Q00897.01-0000907069.PDF,.pdf,1203476,ok,True,False,text,False,177,0,210,False,210,True,100+,Name | Address | Phone | Money/Amount,True,Contact Information | Financial Account Information,True,,ambiguous,True,yes,35210,bde,bde_llm_count_roster,False,False,0,0,0,0,0,0,28.434,False,True,True,,True,likely_yes,yes,18179,True,bde,False,,53389
CNG_Data2k/files/Q00897.01-0000001538.PDF,Q00897.01-0000001538.PDF,.pdf,956878,ok,True,False,text,False,1,0,3,False,0,False,0-10,Name | Address | Email | Phone | SSN | Money/Amount | Work-Related,True,Contact Information | Government-Issued Identification | Financial Account Information | Work-Related Information,False,,clear_responsive,False,,0,standard,,False,False,0,0,0,0,0,0,1.846,False,False,True,,True,clear_yes,yes,8215,False,standard,False,,8215
CNG_Data2k/files/Q00897.01-0000889601.PDF,Q00897.01-0000889601.PDF,.pdf,19656,ok,True,False,text,False,3,0,50,False,51,True,20-50,Name | Phone,True,Contact Information,True,,ambiguous,True,yes,11929,bde,bde_llm_count_roster,False,False,0,0,0,0,0,0,11.405,False,True,True,,True,likely_yes,yes,6634,False,standard,False,,18563
CNG_Data2k/files/Q00897.01-0000707319.0001.XLSX,Q00897.01-0000707319.0001.XLSX,.xlsx,66626,ok,True,True,text,True,1,0,334,False,0,False,100+,Payment Card | Money/Amount,True,Financial Account Information,False,,ambiguous,True,no,9566,likely_non_responsive,roster_by_rowcount bde_llm_count,False,False,0,0,0,0,0,0,2.292,True,False,False,stage1_nr,False,,,0,False,,False,,9566
CNG_Data2k/files/Q00897.01-0000734007.MSG,Q00897.01-0000734007.MSG,.msg,249344,ok,True,False,text,False,0,0,8,False,6,False,0-10,Name | Address,True,Contact Information,False,,ambiguous,True,no,9473,likely_non_responsive,bde_llm_count,False,False,0,0,0,0,0,0,2.675,True,False,False,stage1_nr,False,,,0,False,,False,,9473
CNG_Data2k/files/Q00897.01-0000279181.0001.PDF,Q00897.01-0000279181.0001.PDF,.pdf,471546,ok,True,False,text,False,1,0,3,False,0,False,0-10,Name | Address | Email | Phone | Card Expiry/CVV | Card/Transaction | Money/Amount,True,Contact Information | Financial Account Information,False,,ambiguous,True,yes,4219,standard,,True,True,1,0,0,0,0,1,8.494,False,False,True,,True,borderline,no,4282,False,likely_non_responsive,True,,8501
CNG_Data2k/files/Q00897.01-0000662989.MSG,Q00897.01-0000662989.MSG,.msg,832512,ok,True,False,text,False,0,5,6,False,0,False,0-10,Name | Address | Email | Phone | Money/Amount,True,Contact Information | Financial Account Information,False,,ambiguous,True,yes,5488,standard,,False,False,0,0,0,0,0,0,3.105,False,False,True,,True,borderline,no,5557,False,likely_non_responsive,True,,11045
CNG_Data2k/files/Q00897.01-0000830099.0001.XLSX,Q00897.01-0000830099.0001.XLSX,.xlsx,32441,ok,True,True,text,True,2,0,111,False,1,False,100+,Name | Money/Amount,False,Financial Account Information,False,,ambiguous,True,no,8414,likely_non_responsive,roster_by_rowcount bde_llm_count,False,False,0,0,0,0,0,0,2.474,True,False,False,stage1_nr,False,,,0,False,,False,,8414
CNG_Data2k/files/Q00897.01-0000003727.PDF,Q00897.01-0000003727.PDF,.pdf,96286,ok,True,False,text,False,1,0,5,False,0,False,0-10,Name | Address | Email | Phone | Money/Amount,True,Contact Information | Financial Account Information,False,,ambiguous,True,yes,4002,standard,,True,True,1,0,0,0,0,1,7.107,False,False,True,,True,likely_yes,yes,4057,False,standard,False,,8059
CNG_Data2k/files/Q00897.01-0000387009.MSG,Q00897.01-0000387009.MSG,.msg,126464,ok,True,False,text,False,0,0,3,False,0,False,0-10,Address | Email | Money/Amount,True,Contact Information | Financial Account Information,False,,ambiguous,True,no,4960,likely_non_responsive,,False,False,0,0,0,0,0,0,3.073,True,False,False,stage1_nr,False,,,0,False,,False,,4960
CNG_Data2k/files/Q00897.01-0000367763.MSG,Q00897.01-0000367763.MSG,.msg,193536,ok,True,False,text,False,0,0,2,False,0,False,0-10,Address | Email | Phone,True,Contact Information,False,,ambiguous,True,no,4129,likely_non_responsive,,False,False,0,0,0,0,0,0,60.107,True,False,False,stage1_nr,False,,,0,False,,False,,4129
CNG_Data2k/files/Q00897.01-0000580942.0001.XLSX,Q00897.01-0000580942.0001.XLSX,.xlsx,85945,ok,True,True,text,True,1,0,63,False,0,False,50-100,Phone | Money/Amount,True,Contact Information | Financial Account Information,False,,ambiguous,True,no,14376,likely_non_responsive,bde_llm_count,False,False,0,0,0,0,0,0,2.397,True,False,False,stage1_nr,False,,,0,False,,False,,14376
CNG_Data2k/files/Q00897.01-0000689216.MSG,Q00897.01-0000689216.MSG,.msg,186880,ok,True,False,text,False,0,0,1,False,0,False,0-10,Name | Address | Email | Phone | Card/Transaction | Money/Amount,True,Contact Information | Financial Account Information,False,,ambiguous,True,yes,4326,standard,,False,False,0,0,0,0,0,0,3.483,False,False,True,,True,clear_yes,yes,4369,False,standard,False,,8695
CNG_Data2k/files/Q00897.01-0000811942.0001.PDF,Q00897.01-0000811942.0001.PDF,.pdf,156853,ok,True,False,text,False,6,0,6,False,0,False,0-10,Name | Address | Email | Phone | Card/Transaction | Money/Amount | Demographic | Work-Related,True,Contact Information | Financial Account Information | Demographic Information | Work-Related Information,False,,ambiguous,True,yes,9573,standard,,False,False,0,0,0,0,0,0,3.01,False,False,True,,True,clear_yes,yes,9640,False,standard,False,,19213
CNG_Data2k/files/Q00897.01-0000000620.PDF,Q00897.01-0000000620.PDF,.pdf,262034,ok,True,False,text,False,1,0,2,False,0,False,0-10,Name | Work-Related,True,Work-Related Information,False,,ambiguous,True,yes,4142,standard,,False,False,0,0,0,0,0,0,4.667,False,False,True,,True,clear_yes,yes,4180,False,standard,False,,8322
CNG_Data2k/files/Q00897.01-0000132314.PDF,Q00897.01-0000132314.PDF,.pdf,757566,ok,True,True,text,True,5,0,48,False,1,False,20-50,Phone | Money/Amount,True,Contact Information | Financial Account Information,False,,ambiguous,True,no,9192,likely_non_responsive,bde_llm_count,True,True,5,0,0,0,0,1,7.835,True,False,False,stage1_nr,False,,,0,False,,False,,9192
CNG_Data2k/files/Q00897.01-0000254147.0001.PDF,Q00897.01-0000254147.0001.PDF,.pdf,2547133,ok,True,False,text,False,15,0,1,False,0,False,0-10,Address | SSN | Bank/Account Number | Account Balance | Money/Amount | Work-Related,True,Contact Information | Government-Issued Identification | Financial Account Information | Work-Related Information,False,,clear_responsive,False,,0,standard,,True,True,15,0,0,0,0,1,10.669,False,False,True,,True,clear_no,no,8726,False,likely_non_responsive,True,,8726
CNG_Data2k/files/Q00897.01-0000753125.MSG,Q00897.01-0000753125.MSG,.msg,81920,ok,True,False,text,False,0,0,1,False,0,False,0-10,Money/Amount | Work-Related,False,Financial Account Information | Work-Related Information,False,,ambiguous,True,no,4355,likely_non_responsive,,False,False,0,0,0,0,0,0,1.682,True,False,False,stage1_nr,False,,,0,False,,False,,4355
CNG_Data2k/files/Q00897.01-0000680247.MSG,Q00897.01-0000680247.MSG,.msg,205824,ok,True,False,text,False,0,0,9,False,7,False,0-10,Name | Address,True,Contact Information,False,,ambiguous,True,yes,9856,standard,bde_llm_count,False,False,0,0,0,0,0,0,65.175,False,False,True,,True,clear_no,no,5333,False,likely_non_responsive,True,,15189
CNG_Data2k/files/Q00897.01-0000680617.0001.PDF,Q00897.01-0000680617.0001.PDF,.pdf,175393,ok,True,False,text,False,1,0,1,False,0,False,0-10,Money/Amount,False,Financial Account Information,False,,clear_non_responsive,False,,0,likely_non_responsive,,False,False,0,0,0,0,0,0,0.194,True,False,False,stage1_nr,False,,,0,False,,False,,0
CNG_Data2k/files/Q00897.01-0000452793.0001.PDF,Q00897.01-0000452793.0001.PDF,.pdf,61843,ok,True,False,text,False,21,0,30,False,30,False,20-50,Name | Address | Phone | Card/Transaction | Money/Amount | Health,True,Contact Information | Financial Account Information | Health-Related Information,False,,ambiguous,True,yes,31241,standard,bde_llm_count_roster,False,False,0,0,0,0,0,0,10.072,False,False,True,,True,clear_no,no,16051,False,likely_non_responsive,True,,47292
CNG_Data2k/files/Q00897.01-0000530667.0001.PNG,Q00897.01-0000530667.0001.PNG,.png,428854,ok,True,True,text,True,1,0,33,False,0,False,20-50,Money/Amount,False,Financial Account Information,False,,ambiguous,True,no,10681,likely_non_responsive,bde_llm_count,True,True,1,0,0,0,0,1,6.271,True,False,False,stage1_nr,False,,,0,False,,False,,10681
CNG_Data2k/files/Q00897.01-0000375399.MSG,Q00897.01-0000375399.MSG,.msg,145408,ok,True,False,text,False,0,1,0,False,0,False,0-10,,False,,False,,clear_non_responsive,False,,0,likely_non_responsive,,False,False,0,0,0,0,0,0,0.066,True,False,False,stage1_nr,False,,,0,False,,False,,0
CNG_Data2k/files/Q00897.01-0000393654.MSG,Q00897.01-0000393654.MSG,.msg,71680,ok,True,False,text,False,0,0,1,False,0,False,0-10,Address | Phone,True,Contact Information,False,,ambiguous,True,no,5533,likely_non_responsive,,False,False,0,0,0,0,0,0,1.271,True,False,False,stage1_nr,False,,,0,False,,False,,5533
CNG_Data2k/files/Q00897.01-0000881443.XLSX,Q00897.01-0000881443.XLSX,.xlsx,43500,ok,True,True,text,True,1,0,329,False,0,False,100+,Address | Money/Amount,True,Contact Information | Financial Account Information,False,,ambiguous,True,no,14288,likely_non_responsive,roster_by_rowcount bde_llm_count,False,False,0,0,0,0,0,0,2.083,True,False,False,stage1_nr,False,,,0,False,,False,,14288
CNG_Data2k/files/Q00897.01-0000344233.PDF,Q00897.01-0000344233.PDF,.pdf,25827,ok,True,False,text,False,4,0,1,False,0,False,0-10,Name | Address | Money/Amount,True,Contact Information | Financial Account Information,False,,ambiguous,True,yes,6288,standard,,False,False,0,0,0,0,0,0,4.31,False,False,True,,True,clear_yes,yes,6337,False,standard,False,,12625
CNG_Data2k/files/Q00897.01-0000009501.PDF,Q00897.01-0000009501.PDF,.pdf,40996,ok,True,False,text,False,7,0,31,False,31,False,20-50,Name | Address | Email | Phone | Money/Amount | Demographic | Work-Related,True,Contact Information | Financial Account Information | Demographic Information | Work-Related Information,False,,ambiguous,True,yes,14208,standard,bde_llm_count_roster,False,False,0,0,0,0,0,0,4.782,False,False,True,,True,clear_yes,yes,7428,False,standard,False,,21636
CNG_Data2k/files/Q00897.01-0000458203.MSG,Q00897.01-0000458203.MSG,.msg,155136,ok,True,False,text,False,0,0,0,False,0,False,0-10,,False,,False,,clear_non_responsive,False,,0,likely_non_responsive,,False,False,0,0,0,0,0,0,0.106,True,False,False,stage1_nr,False,,,0,False,,False,,0
CNG_Data2k/files/Q00897.01-0000134601.PDF,Q00897.01-0000134601.PDF,.pdf,1541648,ok,True,True,text,True,10,0,53,False,0,False,50-100,Phone | Money/Amount,True,Contact Information | Financial Account Information,False,,ambiguous,True,no,12126,likely_non_responsive,bde_llm_count,True,True,10,0,0,0,0,1,9.987,True,False,False,stage1_nr,False,,,0,False,,False,,12126
CNG_Data2k/files/Q00897.01-0000293251.PDF,Q00897.01-0000293251.PDF,.pdf,144237,ok,True,False,text,False,3,0,4,False,0,False,0-10,Name | Address | Phone | Account Balance | Money/Amount,True,Contact Information | Financial Account Information,False,,ambiguous,True,yes,5257,standard,"img_ocr:p1,p1(2/2,+35chars)",False,False,0,2,2,2,0,2,11.189,False,False,True,,True,clear_yes,yes,5319,False,standard,False,,10576
CNG_Data2k/files/Q00897.01-0000823719.MSG,Q00897.01-0000823719.MSG,.msg,129024,ok,True,False,text,False,0,1,5,False,0,False,0-10,Name | Address | Email | Phone,True,Contact Information,False,,ambiguous,True,yes,4272,standard,,False,False,0,0,0,0,0,0,2.428,False,False,True,,True,likely_no,no,4336,False,likely_non_responsive,True,,8608
CNG_Data2k/files/Q00897.01-0000246559.PDF,Q00897.01-0000246559.PDF,.pdf,293686,ok,True,True,text,True,1,0,2,False,0,False,0-10,Name | Bank/Account Number | Money/Amount,True,Financial Account Information,False,,ambiguous,True,no,6850,likely_non_responsive,bde_llm_count,True,True,1,0,0,0,0,1,6.027,True,False,False,stage1_nr,False,,,0,False,,False,,6850
CNG_Data2k/files/Q00897.01-0000916395.PDF,Q00897.01-0000916395.PDF,.pdf,257068,ok,True,False,text,False,2,0,3,False,0,False,0-10,Name | Money/Amount | Work-Related,False,Financial Account Information | Work-Related Information,False,,ambiguous,True,yes,4442,standard,,False,False,0,0,0,0,0,0,4.02,False,False,True,,True,clear_yes,yes,4488,False,standard,False,,8930
CNG_Data2k/files/Q00897.01-0000374202.MSG,Q00897.01-0000374202.MSG,.msg,237056,ok,True,False,text,False,0,0,1,False,0,False,0-10,Address | Email | Money/Amount,True,Contact Information | Financial Account Information,False,,ambiguous,True,no,4318,likely_non_responsive,,False,False,0,0,0,0,0,0,1.519,True,False,False,stage1_nr,False,,,0,False,,False,,4318
CNG_Data2k/files/Q00897.01-0000015692.PDF,Q00897.01-0000015692.PDF,.pdf,880821,ok,True,True,text,True,6,0,18,False,2,False,10-20,Name | Address | Money/Amount | Health | Demographic | Work-Related,True,Contact Information | Financial Account Information | Health-Related Information | Demographic Information | Work-Related Information,False,,ambiguous,True,yes,13179,standard,bde_llm_count,True,True,6,0,0,0,0,1,11.424,False,False,True,,True,clear_yes,yes,7042,False,standard,False,,20221
CNG_Data2k/files/Q00897.01-0000709035.0001.TXT,Q00897.01-0000709035.0001.TXT,.txt,2289,ok,True,False,text,False,0,0,15,False,0,False,10-20,Name | Address,True,Contact Information,False,,ambiguous,True,yes,8646,standard,bde_llm_count_roster,False,False,0,0,0,0,0,0,6.133,False,False,True,,True,likely_no,no,4833,False,likely_non_responsive,True,,13479
CNG_Data2k/files/Q00897.01-0000375655.MSG,Q00897.01-0000375655.MSG,.msg,280576,ok,True,False,text,False,0,0,1,False,0,False,0-10,Name | Address,True,Contact Information,False,,ambiguous,True,yes,4264,standard,,False,False,0,0,0,0,0,0,3.412,False,False,True,,True,borderline,no,4308,False,likely_non_responsive,True,,8572
CNG_Data2k/files/Q00897.01-0000534546.0001.PDF,Q00897.01-0000534546.0001.PDF,.pdf,22573,ok,True,False,text,False,1,0,1,False,0,False,0-10,Money/Amount,False,Financial Account Information,False,,clear_non_responsive,False,,0,likely_non_responsive,,False,False,0,0,0,0,0,0,0.04,True,False,False,stage1_nr,False,,,0,False,,False,,0
CNG_Data2k/files/Q00897.01-0000453958.MSG,Q00897.01-0000453958.MSG,.msg,176640,ok,True,False,text,False,0,2,3,False,0,False,0-10,Name | Address | Email | Phone | Money/Amount,True,Contact Information | Financial Account Information,False,,ambiguous,True,no,4588,likely_non_responsive,,False,False,0,0,0,0,0,0,1.929,True,False,False,stage1_nr,False,,,0,False,,False,,4588
CNG_Data2k\files\Q00897.01-0000866775.XLS,Q00897.01-0000866775.XLS,.xls,83557,ok,True,True,text,True,3,0,124,False,124,True,100+,Name,False,,True,,ambiguous,True,yes,5024,structured_bde,roster_by_rowcount bde_llm_count_roster,False,False,0,0,0,0,0,0,3.621,False,True,True,,True,clear_yes,yes,3116,True,structured_bde,False,,8140
CNG_Data2k/files/Q00897.01-0000692828.MSG,Q00897.01-0000692828.MSG,.msg,249856,ok,True,False,text,False,0,0,1,False,0,False,0-10,Address,True,Contact Information,False,,ambiguous,True,no,4854,likely_non_responsive,,False,False,0,0,0,0,0,0,1.925,True,False,False,stage1_nr,False,,,0,False,,False,,4854
CNG_Data2k/files/Q00897.01-0000389716.MSG,Q00897.01-0000389716.MSG,.msg,118784,ok,True,False,text,False,0,0,2,False,0,False,0-10,Name | Address | Email | Phone | Card/Transaction | Money/Amount | Credentials,True,Contact Information | Financial Account Information | Access Credentials,False,,ambiguous,True,yes,4667,standard,,False,False,0,0,0,0,0,0,4.295,False,False,True,,True,likely_no,no,4769,False,likely_non_responsive,True,,9436
CNG_Data2k/files/Q00897.01-0000673018.MSG,Q00897.01-0000673018.MSG,.msg,145408,ok,True,False,text,False,0,0,1,False,0,False,0-10,Address | Email,True,Contact Information,False,,ambiguous,True,no,4079,likely_non_responsive,,False,False,0,0,0,0,0,0,1.767,True,False,False,stage1_nr,False,,,0,False,,False,,4079
CNG_Data2k/files/Q00897.01-0000702653.MSG,Q00897.01-0000702653.MSG,.msg,206848,ok,True,False,text,False,0,0,4,False,0,False,0-10,Name | Address | Money/Amount,True,Contact Information | Financial Account Information,False,,ambiguous,True,no,4876,likely_non_responsive,,False,False,0,0,0,0,0,0,1.542,True,False,False,stage1_nr,False,,,0,False,,False,,4876
CNG_Data2k/files/Q00897.01-0000283077.PDF,Q00897.01-0000283077.PDF,.pdf,124674,ok,True,False,text,False,4,0,4,False,0,False,0-10,Name | Address | Phone | Payment Card,True,Contact Information | Financial Account Information,False,,ambiguous,True,yes,4707,standard,,True,True,4,0,0,0,0,1,8.217,False,False,True,,True,clear_yes,yes,4771,False,standard,False,,9478
CNG_Data2k/files/Q00897.01-0000608183.0001.PDF,Q00897.01-0000608183.0001.PDF,.pdf,20962,ok,True,False,text,False,1,0,0,False,0,False,0-10,,False,,False,,clear_non_responsive,False,,0,likely_non_responsive,,False,False,0,0,0,0,0,0,0.017,True,False,False,stage1_nr,False,,,0,False,,False,,0
CNG_Data2k/files/Q00897.01-0000841738.0103.PDF,Q00897.01-0000841738.0103.PDF,.pdf,149710,ok,True,False,text,False,14,0,1,False,0,False,0-10,Money/Amount,False,Financial Account Information,False,,clear_non_responsive,False,,0,likely_non_responsive,,False,False,0,0,0,0,0,0,0.825,True,False,False,stage1_nr,False,,,0,False,,False,,0
CNG_Data2k/files/Q00897.01-0000895451.PDF,Q00897.01-0000895451.PDF,.pdf,61931,ok,True,False,text,False,13,0,3,False,0,False,0-10,Name | Address | Phone | Money/Amount | Work-Related,True,Contact Information | Financial Account Information | Work-Related Information,False,,ambiguous,True,yes,14009,standard,,False,False,0,0,0,0,0,0,3.999,False,False,True,,True,clear_yes,yes,14067,False,standard,False,,28076
CNG_Data2k/files/Q00897.01-0000426208.MSG,Q00897.01-0000426208.MSG,.msg,217600,ok,True,False,text,False,0,0,2,False,0,False,0-10,Address | Email | Phone | Money/Amount | Credentials,True,Contact Information | Financial Account Information | Access Credentials,False,,ambiguous,True,no,3992,likely_non_responsive,,False,False,0,0,0,0,0,0,3.934,True,False,False,stage1_nr,False,,,0,False,,False,,3992
CNG_Data2k/files/Q00897.01-0000253384.XLSX,Q00897.01-0000253384.XLSX,.xlsx,25400,ok,True,True,text,True,1,0,99,False,0,False,50-100,Name | Phone,True,Contact Information,False,,ambiguous,True,no,7711,likely_non_responsive,roster_by_rowcount bde_llm_count,False,False,0,0,0,0,0,0,2.157,True,False,False,stage1_nr,False,,,0,False,,False,,7711
CNG_Data2k/files/Q00897.01-0000256185.PDF,Q00897.01-0000256185.PDF,.pdf,27110,ok,True,False,text,False,2,0,1,False,0,False,0-10,Address | Money/Amount | Work-Related,True,Contact Information | Financial Account Information | Work-Related Information,False,,ambiguous,True,no,4343,likely_non_responsive,"img_ocr:p1,p1(2/2,+373chars)",False,False,0,2,2,2,0,2,9.358,True,False,False,stage1_nr,False,,,0,False,,False,,4343
CNG_Data2k/files/Q00897.01-0000497777.MSG,Q00897.01-0000497777.MSG,.msg,28672,ok,True,False,text,False,0,0,2,False,0,False,0-10,Name | Phone | Money/Amount,True,Contact Information | Financial Account Information,False,,ambiguous,True,no,4240,likely_non_responsive,,False,False,0,0,0,0,0,0,1.295,True,False,False,stage1_nr,False,,,0,False,,False,,4240
CNG_Data2k/files/Q00897.01-0000558182.MSG,Q00897.01-0000558182.MSG,.msg,201216,ok,True,False,text,False,0,0,2,False,0,False,0-10,Address | Email | Phone | Money/Amount | Credentials,True,Contact Information | Financial Account Information | Access Credentials,False,,ambiguous,True,no,4002,likely_non_responsive,,False,False,0,0,0,0,0,0,1.721,True,False,False,stage1_nr,False,,,0,False,,False,,4002
CNG_Data2k/files/Q00897.01-0000668469.0001.XLSX,Q00897.01-0000668469.0001.XLSX,.xlsx,67017,ok,True,True,text,True,3,0,2574,False,0,False,100+,Money/Amount,False,Financial Account Information,False,,ambiguous,True,no,8270,likely_non_responsive,roster_by_rowcount bde_llm_count,False,False,0,0,0,0,0,0,2.297,True,False,False,stage1_nr,False,,,0,False,,False,,8270
CNG_Data2k/files/Q00897.01-0000253828.TXT,Q00897.01-0000253828.TXT,.txt,13860,ok,True,False,text,False,0,0,1,False,0,False,0-10,Money/Amount,False,Financial Account Information,False,,clear_non_responsive,False,,0,likely_non_responsive,,False,False,0,0,0,0,0,0,0.027,True,False,False,stage1_nr,False,,,0,False,,False,,0
CNG_Data2k/files/Q00897.01-0000531307.0001.PDF,Q00897.01-0000531307.0001.PDF,.pdf,22564,ok,True,False,text,False,1,0,1,False,0,False,0-10,Money/Amount,False,Financial Account Information,False,,clear_non_responsive,False,,0,likely_non_responsive,,False,False,0,0,0,0,0,0,0.02,True,False,False,stage1_nr,False,,,0,False,,False,,0
CNG_Data2k/files/Q00897.01-0000129358.PDF,Q00897.01-0000129358.PDF,.pdf,2869669,ok,True,True,text,True,15,0,43,False,0,False,20-50,Phone | Money/Amount,True,Contact Information | Financial Account Information,False,,ambiguous,True,no,13842,likely_non_responsive,bde_llm_count,True,True,15,0,0,0,0,1,11.861,True,False,False,stage1_nr,False,,,0,False,,False,,13842
CNG_Data2k/files/Q00897.01-0000689278.MSG,Q00897.01-0000689278.MSG,.msg,115200,ok,True,False,text,False,0,0,0,False,0,False,0-10,,False,,False,,clear_non_responsive,False,,0,likely_non_responsive,,False,False,0,0,0,0,0,0,0.091,True,False,False,stage1_nr,False,,,0,False,,False,,0
CNG_Data2k/files/Q00897.01-0000861403.XLSX,Q00897.01-0000861403.XLSX,.xlsx,50217,ok,True,True,text,True,5,0,176,False,1,False,100+,Name | Money/Amount | Credentials,False,Financial Account Information | Access Credentials,False,,ambiguous,True,yes,10727,standard,roster_by_rowcount bde_llm_count,False,False,0,0,0,0,0,0,3.461,False,False,True,,True,likely_yes,yes,5854,True,structured_bde,False,,16581
CNG_Data2k/files/Q00897.01-0000901285.PDF,Q00897.01-0000901285.PDF,.pdf,12677,ok,True,False,text,False,2,0,1,False,0,False,0-10,Money/Amount,False,Financial Account Information,False,,clear_non_responsive,False,,0,likely_non_responsive,,False,False,0,0,0,0,0,0,0.15,True,False,False,stage1_nr,False,,,0,False,,False,,0
CNG_Data2k/files/Q00897.01-0000293567.XLSX,Q00897.01-0000293567.XLSX,.xlsx,13435,ok,True,True,text,True,1,0,3,False,2,False,0-10,SSN | Money/Amount,True,Government-Issued Identification | Financial Account Information,False,,clear_responsive,False,,2937,standard,bde_llm_count_roster,False,False,0,0,0,0,0,0,2.259,False,False,True,,True,clear_yes,yes,3813,False,standard,False,,6750
CNG_Data2k/files/Q00897.01-0000484194.MSG,Q00897.01-0000484194.MSG,.msg,64000,ok,True,False,text,False,0,1,7,False,3,False,0-10,Name | Email,True,Contact Information,False,,ambiguous,True,yes,8222,standard,bde_llm_count,False,False,0,0,0,0,0,0,4.202,False,False,True,,True,likely_no,no,4548,False,likely_non_responsive,True,,12770
CNG_Data2k/files/Q00897.01-0000616148.MSG,Q00897.01-0000616148.MSG,.msg,693760,ok,True,False,text,False,0,6,7,False,5,False,0-10,Name | Address | Email | Phone,True,Contact Information,False,,ambiguous,True,yes,11627,standard,bde_llm_count,False,False,0,0,0,0,0,0,7.596,False,False,True,,True,clear_yes,yes,6330,False,standard,False,,17957
CNG_Data2k/files/Q00897.01-0000467447.MSG,Q00897.01-0000467447.MSG,.msg,156672,ok,True,False,text,False,0,0,9,False,9,False,0-10,Name | Address | Email | Phone | Money/Amount,True,Contact Information | Financial Account Information,False,,ambiguous,True,yes,18256,standard,bde_llm_count,False,False,0,0,0,0,0,0,7.214,False,False,True,,True,likely_no,no,9603,False,likely_non_responsive,True,,27859
CNG_Data2k/files/Q00897.01-0000575530.0001.CSV,Q00897.01-0000575530.0001.CSV,.csv,10183135,ok,True,True,text,True,0,0,49235,False,0,False,100+,Money/Amount,False,Financial Account Information,False,,ambiguous,True,no,15782,likely_non_responsive,roster_by_rowcount bde_llm_count,False,False,0,0,0,0,0,0,3.689,True,False,False,stage1_nr,False,,,0,False,,False,,15782
CNG_Data2k/files/Q00897.01-0000559606.0001.XLSX,Q00897.01-0000559606.0001.XLSX,.xlsx,45794,ok,True,True,text,True,1,0,578,False,578,True,100+,Money/Amount,False,Financial Account Information,True,,ambiguous,True,no,11282,structured_bde,roster_by_rowcount bde_llm_count_roster,False,False,0,0,0,0,0,0,3.796,False,True,True,,True,clear_no,no,6092,True,likely_non_responsive,True,,17374
CNG_Data2k/files/Q00897.01-0000910459.PDF,Q00897.01-0000910459.PDF,.pdf,552077,ok,True,True,text,True,15,0,426,False,8,True,100+,Address | Phone | SSN | Money/Amount,True,Contact Information | Government-Issued Identification | Financial Account Information,True,,clear_responsive,False,,12103,structured_bde,bde_llm_count_roster,True,True,15,0,0,0,0,1,13.021,False,True,True,,True,clear_yes,yes,13035,True,structured_bde,False,,25138
CNG_Data2k/files/Q00897.01-0000418559.MSG,Q00897.01-0000418559.MSG,.msg,110080,ok,True,False,text,False,0,0,10,False,7,False,0-10,Name | Email | Phone | Money/Amount,True,Contact Information | Financial Account Information,False,,ambiguous,True,no,8499,likely_non_responsive,bde_llm_count,False,False,0,0,0,0,0,0,7.649,True,False,False,stage1_nr,False,,,0,False,,False,,8499
CNG_Data2k/files/Q00897.01-0000617703.MSG,Q00897.01-0000617703.MSG,.msg,192000,ok,True,False,text,False,0,1,8,False,7,False,0-10,Name | Address | Email | Phone | Money/Amount,True,Contact Information | Financial Account Information,False,,ambiguous,True,yes,19687,standard,bde_llm_count,False,False,0,0,0,0,0,0,7.802,False,False,True,,True,likely_no,no,10334,False,likely_non_responsive,True,,30021
CNG_Data2k/files/Q00897.01-0000856578.PDF,Q00897.01-0000856578.PDF,.pdf,595697,ok,True,False,text,False,2,0,2,False,0,False,0-10,Name | Money/Amount | Work-Related,False,Financial Account Information | Work-Related Information,False,,ambiguous,True,yes,3934,standard,,False,False,0,0,0,0,0,0,5.12,False,False,True,,True,clear_yes,yes,3990,False,standard,False,,7924
CNG_Data2k/files/Q00897.01-0000139045.PDF,Q00897.01-0000139045.PDF,.pdf,4915002,ok,True,True,text,True,15,0,213,False,0,False,100+,Name | Address | Email | Phone | Money/Amount,True,Contact Information | Financial Account Information,False,,ambiguous,True,yes,20142,standard,bde_llm_count,True,True,15,0,0,0,0,1,13.033,False,False,True,,True,likely_no,no,10611,True,likely_non_responsive,True,,30753
CNG_Data2k/files/Q00897.01-0000916570.PDF,Q00897.01-0000916570.PDF,.pdf,332666,ok,True,True,text,True,1,0,9,False,2,False,0-10,Name | Email | Work-Related,True,Contact Information | Work-Related Information,False,,ambiguous,True,yes,7161,standard,bde_llm_count,True,True,1,0,0,0,0,1,8.908,False,False,True,,True,likely_yes,yes,4033,False,standard,False,,11194
CNG_Data2k\files\Q00897.01-0000854996.XLS,Q00897.01-0000854996.XLS,.xls,68931,ok,True,True,text,True,2,0,1,False,1,False,0-10,Name | Money/Amount,False,Financial Account Information,False,,ambiguous,True,yes,3185,standard,bde_llm_count,False,False,0,0,0,0,0,0,11.092,False,False,True,,True,likely_yes,yes,2215,False,standard,False,,5400
CNG_Data2k/files/Q00897.01-0000857056.PDF,Q00897.01-0000857056.PDF,.pdf,168957,ok,True,False,text,False,2,0,2,False,0,False,0-10,Name | Email | Phone,True,Contact Information,False,,ambiguous,True,no,4239,likely_non_responsive,,False,False,0,0,0,0,0,0,1.19,True,False,False,stage1_nr,False,,,0,False,,False,,4239
CNG_Data2k/files/Q00897.01-0000850610.XLSX,Q00897.01-0000850610.XLSX,.xlsx,21344,ok,True,True,text,True,1,0,62,False,0,False,50-100,Name | Phone | Payment Card,True,Contact Information | Financial Account Information,False,,ambiguous,True,no,16047,likely_non_responsive,bde_llm_count,False,False,0,0,0,0,0,0,5.4,True,False,False,stage1_nr,False,,,0,False,,False,,16047
CNG_Data2k/files/Q00897.01-0000864897.XLSX,Q00897.01-0000864897.XLSX,.xlsx,16971,ok,True,True,text,True,1,0,106,False,106,True,100+,Name | Phone | Money/Amount | Work-Related,True,Contact Information | Financial Account Information | Work-Related Information,True,,ambiguous,True,yes,9614,structured_bde,bde_llm_count_roster,False,False,0,0,0,0,0,0,4.405,False,True,True,,True,clear_yes,yes,5316,True,structured_bde,False,,14930
CNG_Data2k/files/Q00897.01-0000279644.PDF,Q00897.01-0000279644.PDF,.pdf,102356,ok,True,False,text,False,1,0,2,False,0,False,0-10,Name | Address | Phone | Card/Transaction | Money/Amount,True,Contact Information | Financial Account Information,False,,ambiguous,True,yes,3851,standard,,False,False,0,0,0,0,0,0,2.797,False,False,True,,True,borderline,no,3904,False,likely_non_responsive,True,,7755
CNG_Data2k/files/Q00897.01-0000911696.PDF,Q00897.01-0000911696.PDF,.pdf,15858,ok,True,False,text,False,3,0,0,False,0,False,0-10,,False,,False,,clear_non_responsive,False,,0,likely_non_responsive,,False,False,0,0,0,0,0,0,0.327,True,False,False,stage1_nr,False,,,0,False,,False,,0
CNG_Data2k/files/Q00897.01-0000115742.CSV,Q00897.01-0000115742.CSV,.csv,4744,ok,True,True,text,True,0,0,99,False,0,False,50-100,Money/Amount,False,Financial Account Information,False,,ambiguous,True,no,8504,likely_non_responsive,roster_by_rowcount bde_llm_count,False,False,0,0,0,0,0,0,2.434,True,False,False,stage1_nr,False,,,0,False,,False,,8504
CNG_Data2k/files/Q00897.01-0000344946.PDF,Q00897.01-0000344946.PDF,.pdf,22495,ok,True,False,text,False,2,0,1,False,0,False,0-10,Money/Amount,False,Financial Account Information,False,,clear_non_responsive,False,,0,likely_non_responsive,,False,False,0,0,0,0,0,0,0.16,True,False,False,stage1_nr,False,,,0,False,,False,,0
CNG_Data2k/files/Q00897.01-0000451424.MSG,Q00897.01-0000451424.MSG,.msg,365568,ok,True,False,text,False,0,0,3,False,0,False,0-10,Name | Address | Money/Amount,True,Contact Information | Financial Account Information,False,,ambiguous,True,no,6796,likely_non_responsive,,False,False,0,0,0,0,0,0,4.018,True,False,False,stage1_nr,False,,,0,False,,False,,6796
CNG_Data2k/files/Q00897.01-0000702102.MSG,Q00897.01-0000702102.MSG,.msg,102912,ok,True,False,text,False,0,0,2,False,0,False,0-10,Name | Email | Phone | Card/Transaction | Money/Amount,True,Contact Information | Financial Account Information,False,,ambiguous,True,yes,4136,standard,,False,False,0,0,0,0,0,0,2.172,False,False,True,,True,likely_yes,yes,4177,False,standard,False,,8313
CNG_Data2k/files/Q00897.01-0000546624.MSG,Q00897.01-0000546624.MSG,.msg,276992,ok,True,False,text,False,0,0,3,False,0,False,0-10,Name | Address | Email | Phone,True,Contact Information,False,,ambiguous,True,yes,4986,standard,,False,False,0,0,0,0,0,0,5.845,False,False,True,,True,clear_no,no,5052,False,likely_non_responsive,True,,10038
CNG_Data2k/files/Q00897.01-0000766372.MSG,Q00897.01-0000766372.MSG,.msg,112640,ok,True,False,text,False,0,0,3,False,0,False,0-10,Name | Address | Email | Phone,True,Contact Information,False,,ambiguous,True,yes,3878,standard,,False,False,0,0,0,0,0,0,2.27,False,False,True,,True,likely_no,no,3931,False,likely_non_responsive,True,,7809
CNG_Data2k/files/Q00897.01-0000008876.PDF,Q00897.01-0000008876.PDF,.pdf,382713,ok,True,True,text,True,5,0,12,False,4,False,10-20,Name | Address | Email | Phone | SSN | Date of Birth | Card Expiry/CVV | Money/Amount | Work-Related,True,Contact Information | Government-Issued Identification | Birth Information | Financial Account Information | Work-Related Information,False,,clear_responsive,False,,6288,standard,bde_llm_count,True,True,5,0,0,0,0,1,10.287,False,False,True,,True,clear_yes,yes,7140,False,standard,False,,13428
CNG_Data2k/files/Q00897.01-0000270250.DOCX,Q00897.01-0000270250.DOCX,.docx,122954,ok,True,False,text,False,0,0,1,False,0,False,0-10,Health | Demographic,False,Health-Related Information | Demographic Information,False,,ambiguous,True,no,8161,likely_non_responsive,,False,False,0,0,0,0,0,0,1.136,True,False,False,stage1_nr,False,,,0,False,,False,,8161
CNG_Data2k/files/Q00897.01-0000540232.0001.XLSX,Q00897.01-0000540232.0001.XLSX,.xlsx,90835,ok,True,True,text,True,1,0,77,False,0,False,50-100,Phone | Money/Amount,True,Contact Information | Financial Account Information,False,,ambiguous,True,no,14044,likely_non_responsive,bde_llm_count,False,False,0,0,0,0,0,0,2.176,True,False,False,stage1_nr,False,,,0,False,,False,,14044
CNG_Data2k/files/Q00897.01-0000796214.MSG,Q00897.01-0000796214.MSG,.msg,33280,ok,True,False,text,False,0,1,3,False,0,False,0-10,Name | Address | Email | Phone | Money/Amount,True,Contact Information | Financial Account Information,False,,ambiguous,True,yes,4495,standard,,False,False,0,0,0,0,0,0,2.703,False,False,True,,True,likely_no,no,4543,False,likely_non_responsive,True,,9038
CNG_Data2k/files/Q00897.01-0000242005.CSV,Q00897.01-0000242005.CSV,.csv,1610,ok,True,True,text,True,0,0,4,False,0,False,0-10,Address | Phone | Money/Amount,True,Contact Information | Financial Account Information,False,,ambiguous,True,no,7661,likely_non_responsive,bde_llm_count,False,False,0,0,0,0,0,0,2.063,True,False,False,stage1_nr,False,,,0,False,,False,,7661
CNG_Data2k/files/Q00897.01-0000021213.PDF,Q00897.01-0000021213.PDF,.pdf,343037,ok,True,False,text,False,1,0,1,False,0,False,0-10,Name | Phone | Money/Amount,True,Contact Information | Financial Account Information,False,,ambiguous,True,yes,4346,standard,,False,False,0,0,0,0,0,0,2.563,False,False,True,,True,clear_yes,yes,4414,False,standard,False,,8760
CNG_Data2k/files/Q00897.01-0000903453.PDF,Q00897.01-0000903453.PDF,.pdf,12656,ok,True,False,text,False,2,0,1,False,0,False,0-10,Money/Amount,False,Financial Account Information,False,,clear_non_responsive,False,,0,likely_non_responsive,,False,False,0,0,0,0,0,0,0.126,True,False,False,stage1_nr,False,,,0,False,,False,,0
CNG_Data2k/files/Q00897.01-0000707028.0001.0003.PDF,Q00897.01-0000707028.0001.0003.PDF,.pdf,987645,ok,True,False,text,False,43,0,5,False,0,False,0-10,Name | Address | Email | Phone | Money/Amount,True,Contact Information | Financial Account Information,False,,ambiguous,True,no,12076,likely_non_responsive,,False,False,0,0,0,0,0,0,7.355,True,False,False,stage1_nr,False,,,0,False,,False,,12076
CNG_Data2k/files/Q00897.01-0000345007.PDF,Q00897.01-0000345007.PDF,.pdf,634589,ok,True,False,text,False,2,0,5,False,0,False,0-10,Phone | Money/Amount,True,Contact Information | Financial Account Information,False,,ambiguous,True,yes,5317,standard,,False,False,0,0,0,0,0,0,3.008,False,False,True,,True,clear_no,no,5343,False,likely_non_responsive,True,,10660
CNG_Data2k/files/Q00897.01-0000533966.0001.PDF,Q00897.01-0000533966.0001.PDF,.pdf,20950,ok,True,False,text,False,1,0,0,False,0,False,0-10,,False,,False,,clear_non_responsive,False,,0,likely_non_responsive,,False,False,0,0,0,0,0,0,0.019,True,False,False,stage1_nr,False,,,0,False,,False,,0
CNG_Data2k/files/Q00897.01-0000138995.PDF,Q00897.01-0000138995.PDF,.pdf,3150742,ok,True,True,text,True,15,0,212,False,4,False,100+,Name | Address | Email | Phone | Money/Amount,True,Contact Information | Financial Account Information,False,,ambiguous,True,yes,19897,standard,bde_llm_count,True,True,15,0,0,0,0,1,13.662,False,False,True,,True,clear_yes,yes,10470,True,structured_bde,False,,30367
CNG_Data2k/files/Q00897.01-0000472198.0001.XLSX,Q00897.01-0000472198.0001.XLSX,.xlsx,635852,ok,True,True,text,True,1,0,403,False,51,True,100+,Name | Phone | Payment Card | Money/Amount,True,Contact Information | Financial Account Information,True,,ambiguous,True,yes,21838,structured_bde,bde_llm_count_roster,False,False,0,0,0,0,0,0,9.256,False,True,True,,True,likely_no,no,11422,True,likely_non_responsive,True,,33260
CNG_Data2k/files/Q00897.01-0000869615.TXT,Q00897.01-0000869615.TXT,.txt,2924,ok,True,False,text,False,0,0,2,False,0,False,0-10,Phone | Money/Amount,True,Contact Information | Financial Account Information,False,,ambiguous,True,no,5029,likely_non_responsive,,False,False,0,0,0,0,0,0,1.023,True,False,False,stage1_nr,False,,,0,False,,False,,5029
CNG_Data2k/files/Q00897.01-0000124755.PDF,Q00897.01-0000124755.PDF,.pdf,1329973,ok,True,True,text,True,15,0,230,False,0,False,100+,Name | Address | Email | Phone | Money/Amount,True,Contact Information | Financial Account Information,False,,ambiguous,True,yes,22390,standard,bde_llm_count,True,True,15,0,0,0,0,1,15.056,False,False,True,,True,clear_no,no,11663,True,likely_non_responsive,True,,34053
CNG_Data2k/files/Q00897.01-0000365786.MSG,Q00897.01-0000365786.MSG,.msg,155136,ok,True,False,text,False,0,0,2,False,0,False,0-10,Name | Address | Phone | Money/Amount,True,Contact Information | Financial Account Information,False,,ambiguous,True,no,4063,likely_non_responsive,,False,False,0,0,0,0,0,0,1.258,True,False,False,stage1_nr,False,,,0,False,,False,,4063
CNG_Data2k/files/Q00897.01-0000656013.0002.PDF,Q00897.01-0000656013.0002.PDF,.pdf,560199,ok,True,False,text,False,1,0,1,False,0,False,0-10,Money/Amount,False,Financial Account Information,False,,clear_non_responsive,False,,0,likely_non_responsive,,False,False,0,0,0,0,0,0,0.1,True,False,False,stage1_nr,False,,,0,False,,False,,0
CNG_Data2k/files/Q00897.01-0000809798.0002.PDF,Q00897.01-0000809798.0002.PDF,.pdf,3663085,ok,True,True,text,True,4,0,5,False,1,False,0-10,Name | Address,True,Contact Information,False,,ambiguous,True,no,11910,likely_non_responsive,bde_llm_count,True,True,4,0,0,0,0,1,7.979,True,False,False,stage1_nr,False,,,0,False,,False,,11910
CNG_Data2k/files/Q00897.01-0000247800.PDF,Q00897.01-0000247800.PDF,.pdf,43397,ok,True,False,text,False,1,0,1,False,0,False,0-10,Name | Bank/Account Number | Money/Amount,True,Financial Account Information,False,,ambiguous,True,no,3906,likely_non_responsive,,False,False,0,0,0,0,0,0,1.134,True,False,False,stage1_nr,False,,,0,False,,False,,3906
CNG_Data2k/files/Q00897.01-0000904452.PDF,Q00897.01-0000904452.PDF,.pdf,11872,ok,True,False,text,False,1,0,0,False,0,False,0-10,,False,,False,,clear_non_responsive,False,,0,likely_non_responsive,,False,False,0,0,0,0,0,0,0.037,True,False,False,stage1_nr,False,,,0,False,,False,,0
CNG_Data2k/files/Q00897.01-0000020127.XLSX,Q00897.01-0000020127.XLSX,.xlsx,24541,ok,True,True,text,True,3,0,100,False,5,True,50-100,Name | Address | Money/Amount,True,Contact Information | Financial Account Information,True,,ambiguous,True,yes,11322,structured_bde,roster_by_rowcount bde_llm_count_roster,False,False,0,0,0,0,0,0,5.781,False,True,True,,True,clear_yes,yes,6194,True,structured_bde,False,,17516
CNG_Data2k/files/Q00897.01-0000275517.0002.PDF,Q00897.01-0000275517.0002.PDF,.pdf,812078,ok,True,False,text,False,2,0,3,False,0,False,0-10,Name | Address | Phone,True,Contact Information,False,,ambiguous,True,yes,4296,standard,,True,True,2,0,0,0,0,1,8.922,False,False,True,,True,clear_no,no,4297,False,likely_non_responsive,True,,8593
CNG_Data2k/files/Q00897.01-0000750756.MSG,Q00897.01-0000750756.MSG,.msg,80896,ok,True,False,text,False,0,0,8,False,8,False,0-10,Name | Address | Money/Amount,True,Contact Information | Financial Account Information,False,,ambiguous,True,no,9400,likely_non_responsive,bde_llm_count,False,False,0,0,0,0,0,0,3.073,True,False,False,stage1_nr,False,,,0,False,,False,,9400
CNG_Data2k/files/Q00897.01-0000663099.MSG,Q00897.01-0000663099.MSG,.msg,621056,ok,True,False,text,False,0,3,4,False,0,False,0-10,Name | Address | Email | Phone | Bank/Account Number,True,Contact Information | Financial Account Information,False,,ambiguous,True,yes,4265,standard,,False,False,0,0,0,0,0,0,2.56,False,False,True,,True,likely_no,no,4326,False,likely_non_responsive,True,,8591
CNG_Data2k/files/Q00897.01-0000254857.XLSX,Q00897.01-0000254857.XLSX,.xlsx,8896679,ok,True,True,text,True,14,0,136,False,0,False,100+,Phone | Money/Amount,True,Contact Information | Financial Account Information,False,,ambiguous,True,no,7900,likely_non_responsive,bde_llm_count,False,False,0,0,0,0,0,0,3.864,True,False,False,stage1_nr,False,,,0,False,,False,,7900
CNG_Data2k/files/Q00897.01-0000641257.0004.PDF,Q00897.01-0000641257.0004.PDF,.pdf,636135,ok,True,False,text,False,30,0,8,False,6,False,0-10,Name | Address | Email | Phone | Money/Amount | Health | Demographic | Work-Related,True,Contact Information | Financial Account Information | Health-Related Information | Demographic Information | Work-Related Information,False,,ambiguous,True,yes,14789,standard,bde_llm_count,False,False,0,0,0,0,0,0,6.508,False,False,True,,True,likely_yes,yes,7848,False,standard,False,,22637
CNG_Data2k/files/Q00897.01-0000616899.0003.PDF,Q00897.01-0000616899.0003.PDF,.pdf,122399,ok,True,False,text,False,4,0,2,False,0,False,0-10,Name | Address | Email | Health,True,Contact Information | Health-Related Information,False,,ambiguous,True,no,5902,likely_non_responsive,,False,False,0,0,0,0,0,0,1.493,True,False,False,stage1_nr,False,,,0,False,,False,,5902
CNG_Data2k/files/Q00897.01-0000672750.MSG,Q00897.01-0000672750.MSG,.msg,152576,ok,True,False,text,False,0,0,3,False,0,False,0-10,Name | Address | Email,True,Contact Information,False,,ambiguous,True,no,4215,likely_non_responsive,,False,False,0,0,0,0,0,0,1.404,True,False,False,stage1_nr,False,,,0,False,,False,,4215
CNG_Data2k/files/Q00897.01-0000528201.0001.PDF,Q00897.01-0000528201.0001.PDF,.pdf,22564,ok,True,False,text,False,1,0,1,False,0,False,0-10,Money/Amount,False,Financial Account Information,False,,clear_non_responsive,False,,0,likely_non_responsive,,False,False,0,0,0,0,0,0,0.021,True,False,False,stage1_nr,False,,,0,False,,False,,0
CNG_Data2k/files/Q00897.01-0000908239.PDF,Q00897.01-0000908239.PDF,.pdf,12287,ok,True,False,text,False,1,0,0,False,0,False,0-10,,False,,False,,clear_non_responsive,False,,0,likely_non_responsive,,False,False,0,0,0,0,0,0,0.057,True,False,False,stage1_nr,False,,,0,False,,False,,0
CNG_Data2k/files/Q00897.01-0000424208.MSG,Q00897.01-0000424208.MSG,.msg,162816,ok,True,False,text,False,0,0,2,False,0,False,0-10,Name | Address | Health,True,Contact Information | Health-Related Information,False,,ambiguous,True,yes,3949,standard,,False,False,0,0,0,0,0,0,3.561,False,False,True,,True,likely_no,no,4022,False,likely_non_responsive,True,,7971
CNG_Data2k/files/Q00897.01-0000422275.MSG,Q00897.01-0000422275.MSG,.msg,219136,ok,True,False,text,False,0,0,7,False,0,False,0-10,Email | Money/Amount,True,Contact Information | Financial Account Information,False,,ambiguous,True,no,7547,likely_non_responsive,bde_llm_count,False,False,0,0,0,0,0,0,2.903,True,False,False,stage1_nr,False,,,0,False,,False,,7547
CNG_Data2k/files/Q00897.01-0000501418.MSG,Q00897.01-0000501418.MSG,.msg,27136,ok,True,False,text,False,0,0,1,False,0,False,0-10,Money/Amount,False,Financial Account Information,False,,clear_non_responsive,False,,0,likely_non_responsive,,False,False,0,0,0,0,0,0,0.347,True,False,False,stage1_nr,False,,,0,False,,False,,0
CNG_Data2k/files/Q00897.01-0000889658.PDF,Q00897.01-0000889658.PDF,.pdf,62618,ok,True,False,text,False,6,0,50,False,51,True,20-50,Name | Address | Phone | Money/Amount,True,Contact Information | Financial Account Information,True,,ambiguous,True,yes,21824,bde,bde_llm_count_roster,False,False,0,0,0,0,0,0,16.335,False,True,True,,True,clear_yes,yes,11608,False,standard,False,,33432
CNG_Data2k/files/Q00897.01-0000016619.XLSX,Q00897.01-0000016619.XLSX,.xlsx,212062,ok,True,True,text,True,3,0,273,False,273,True,100+,Name | Money/Amount,False,Financial Account Information,True,,ambiguous,True,yes,12783,structured_bde,bde_llm_count_roster,False,False,0,0,0,0,0,0,4.926,False,True,True,,True,clear_yes,yes,6858,True,structured_bde,False,,19641
CNG_Data2k/files/Q00897.01-0000670443.MSG,Q00897.01-0000670443.MSG,.msg,163840,ok,True,False,text,False,0,0,5,False,0,False,0-10,Name | Address | Email | Phone,True,Contact Information,False,,ambiguous,True,yes,4230,standard,,False,False,0,0,0,0,0,0,2.755,False,False,True,,True,likely_no,no,4271,False,likely_non_responsive,True,,8501
CNG_Data2k/files/Q00897.01-0000111868.XLSX,Q00897.01-0000111868.XLSX,.xlsx,60524,ok,True,True,text,True,1,0,573,False,0,False,100+,Phone | Work-Related,True,Contact Information | Work-Related Information,False,,ambiguous,True,no,10695,likely_non_responsive,roster_by_rowcount bde_llm_count,False,False,0,0,0,0,0,0,2.102,True,False,False,stage1_nr,False,,,0,False,,False,,10695
CNG_Data2k/files/Q00897.01-0000905037.PDF,Q00897.01-0000905037.PDF,.pdf,11800,ok,True,False,text,False,1,0,0,False,0,False,0-10,,False,,False,,clear_non_responsive,False,,0,likely_non_responsive,,False,False,0,0,0,0,0,0,0.029,True,False,False,stage1_nr,False,,,0,False,,False,,0
CNG_Data2k/files/Q00897.01-0000692175.MSG,Q00897.01-0000692175.MSG,.msg,145408,ok,True,False,text,False,0,0,2,False,0,False,0-10,Name | Address | Email | Phone,True,Contact Information,False,,ambiguous,True,yes,5414,standard,,False,False,0,0,0,0,0,0,3.047,False,False,True,,True,likely_no,no,5470,False,likely_non_responsive,True,,10884
CNG_Data2k/files/Q00897.01-0000473224.0010.VCF,Q00897.01-0000473224.0010.VCF,.vcf,313,no_parser,False,False,unknown,False,0,0,0,False,0,False,,,False,,False,,,False,,0,needs_parser,unsupported_ext,False,False,0,0,0,0,0,0,0.0,False,False,False,no_parser,False,,,0,False,,False,,0
CNG_Data2k/files/Q00897.01-0000346250.PDF,Q00897.01-0000346250.PDF,.pdf,28971,ok,True,False,text,False,7,0,1,False,0,False,0-10,Name | Address | Money/Amount,True,Contact Information | Financial Account Information,False,,ambiguous,True,yes,6635,standard,,False,False,0,0,0,0,0,0,3.8,False,False,True,,True,clear_yes,yes,6685,False,standard,False,,13320
CNG_Data2k/files/Q00897.01-0000750893.MSG,Q00897.01-0000750893.MSG,.msg,94208,ok,True,False,text,False,0,0,2,False,0,False,0-10,Name | Address | Email | Phone | Money/Amount,True,Contact Information | Financial Account Information,False,,ambiguous,True,no,4346,likely_non_responsive,,False,False,0,0,0,0,0,0,2.226,True,False,False,stage1_nr,False,,,0,False,,False,,4346
CNG_Data2k/files/Q00897.01-0000330164.PDF,Q00897.01-0000330164.PDF,.pdf,535440,ok,True,False,text,False,5,0,3,False,0,False,0-10,Name | Address | Bank/Account Number | Money/Amount,True,Contact Information | Financial Account Information,False,,ambiguous,True,yes,4519,standard,"img_ocr:p2(1/1,+229chars)",False,False,0,1,1,1,0,1,7.92,False,False,True,,True,borderline,no,4586,False,likely_non_responsive,True,,9105
CNG_Data2k/files/Q00897.01-0000880895.MSG,Q00897.01-0000880895.MSG,.msg,508416,ok,True,False,text,False,0,1,2,False,0,False,0-10,Name | Address | Phone | Card/Transaction,True,Contact Information | Financial Account Information,False,,ambiguous,True,yes,4285,standard,,False,False,0,0,0,0,0,0,2.253,False,False,True,,True,clear_no,no,4346,False,likely_non_responsive,True,,8631
CNG_Data2k/files/Q00897.01-0000756885.MSG,Q00897.01-0000756885.MSG,.msg,117760,ok,True,False,text,False,0,0,1,False,0,False,0-10,Name | Card/Transaction | Money/Amount | Demographic | Work-Related,True,Financial Account Information | Demographic Information | Work-Related Information,False,,ambiguous,True,no,8381,likely_non_responsive,,False,False,0,0,0,0,0,0,4.562,True,False,False,stage1_nr,False,,,0,False,,False,,8381
CNG_Data2k/files/Q00897.01-0000816389.MSG,Q00897.01-0000816389.MSG,.msg,452096,ok,True,False,text,False,0,1,8,False,6,False,0-10,Name | Address | Email | Phone | Card/Transaction | Money/Amount,True,Contact Information | Financial Account Information,False,,ambiguous,True,yes,11910,standard,bde_llm_count,False,False,0,0,0,0,0,0,5.201,False,False,True,,True,likely_no,no,6383,False,likely_non_responsive,True,,18293
CNG_Data2k/files/Q00897.01-0000401651.0001.DOCX,Q00897.01-0000401651.0001.DOCX,.docx,18339,ok,True,False,text,False,0,0,0,False,0,False,0-10,,False,,False,,clear_non_responsive,False,,0,likely_non_responsive,,False,False,0,0,0,0,0,0,0.045,True,False,False,stage1_nr,False,,,0,False,,False,,0
CNG_Data2k/files/Q00897.01-0000611867.MSG,Q00897.01-0000611867.MSG,.msg,125440,ok,True,False,text,False,0,5,1,False,0,False,0-10,Name | Email | Phone | Money/Amount,True,Contact Information | Financial Account Information,False,,ambiguous,True,yes,5550,standard,,False,False,0,0,0,0,0,0,2.922,False,False,True,,True,clear_no,no,5594,False,likely_non_responsive,True,,11144
CNG_Data2k/files/Q00897.01-0000274517.PDF,Q00897.01-0000274517.PDF,.pdf,662537,ok,True,False,text,False,6,0,4,False,0,False,0-10,Name | Address | Phone | Card/Transaction | Money/Amount,True,Contact Information | Financial Account Information,False,,ambiguous,True,yes,8366,standard,"img_ocr:p1,p1,p2,p4(4/4,+134chars)",False,False,0,4,4,4,0,4,20.401,False,False,True,,True,clear_yes,yes,8396,False,standard,False,,16762
CNG_Data2k/files/Q00897.01-0000466100.MSG,Q00897.01-0000466100.MSG,.msg,90112,ok,True,False,text,False,0,0,9,False,4,False,0-10,Name | Email | Phone | Money/Amount,True,Contact Information | Financial Account Information,False,,ambiguous,True,no,11008,likely_non_responsive,bde_llm_count,False,False,0,0,0,0,0,0,3.795,True,False,False,stage1_nr,False,,,0,False,,False,,11008
CNG_Data2k/files/Q00897.01-0000011668.PDF,Q00897.01-0000011668.PDF,.pdf,351622,ok,True,False,text,False,1,0,3,False,0,False,0-10,Name | Phone | SSN | Work-Related,True,Contact Information | Government-Issued Identification | Work-Related Information,False,,clear_responsive,False,,0,standard,,False,False,0,0,0,0,0,0,1.569,False,False,True,,True,clear_yes,yes,4408,False,standard,False,,4408
CNG_Data2k/files/Q00897.01-0000436185.MSG,Q00897.01-0000436185.MSG,.msg,145408,ok,True,False,text,False,0,3,4,False,0,False,0-10,Name | Address | Email | Phone | Money/Amount,True,Contact Information | Financial Account Information,False,,ambiguous,True,yes,4268,standard,,False,False,0,0,0,0,0,0,3.869,False,False,True,,True,likely_no,no,4301,False,likely_non_responsive,True,,8569
CNG_Data2k/files/Q00897.01-0000017451.PDF,Q00897.01-0000017451.PDF,.pdf,388780,ok,True,False,text,False,6,0,3,False,0,False,0-10,Name | Address | Money/Amount | Demographic | Work-Related,True,Contact Information | Financial Account Information | Demographic Information | Work-Related Information,False,,ambiguous,True,yes,7205,standard,,False,False,0,0,0,0,0,0,3.364,False,False,True,,True,clear_yes,yes,7256,False,standard,False,,14461
CNG_Data2k/files/Q00897.01-0000757041.MSG,Q00897.01-0000757041.MSG,.msg,94720,ok,True,False,text,False,0,9,5,False,0,False,0-10,Name | Address | Email | Phone | Money/Amount,True,Contact Information | Financial Account Information,False,,ambiguous,True,yes,6791,standard,,False,False,0,0,0,0,0,0,3.393,False,False,True,,True,likely_yes,yes,6839,False,standard,False,,13630
CNG_Data2k/files/Q00897.01-0000897528.PDF,Q00897.01-0000897528.PDF,.pdf,13360,ok,True,False,text,False,2,0,1,False,0,False,0-10,Money/Amount,False,Financial Account Information,False,,clear_non_responsive,False,,0,likely_non_responsive,,False,False,0,0,0,0,0,0,0.138,True,False,False,stage1_nr,False,,,0,False,,False,,0
CNG_Data2k/files/Q00897.01-0000011973.PDF,Q00897.01-0000011973.PDF,.pdf,368764,ok,True,False,text,False,2,0,6,False,0,False,0-10,Name | Address | Email | Phone,True,Contact Information,False,,ambiguous,True,yes,5981,standard,"img_ocr:p2(1/1,+188chars)",False,False,0,1,1,1,0,1,7.09,False,False,True,,True,likely_yes,yes,6028,False,standard,False,,12009
CNG_Data2k/files/Q00897.01-0000114533.PDF,Q00897.01-0000114533.PDF,.pdf,20249,ok,True,False,text,False,9,0,1,False,0,False,0-10,Card/Transaction | Money/Amount | Work-Related,False,Financial Account Information | Work-Related Information,False,,ambiguous,True,no,11250,likely_non_responsive,,False,False,0,0,0,0,0,0,1.352,True,False,False,stage1_nr,False,,,0,False,,False,,11250
CNG_Data2k/files/Q00897.01-0000292427.XLSX,Q00897.01-0000292427.XLSX,.xlsx,3380874,ok,True,True,text,True,6,0,5222,False,5222,True,100+,Name,False,,True,,ambiguous,True,yes,8227,structured_bde,bde_llm_count_roster,False,False,0,0,0,0,0,0,13.535,False,True,True,,True,borderline,no,4733,True,likely_non_responsive,True,,12960
CNG_Data2k/files/Q00897.01-0000445390.MSG,Q00897.01-0000445390.MSG,.msg,455168,ok,True,False,text,False,0,1,4,False,0,False,0-10,Name | Address | Email | Money/Amount,True,Contact Information | Financial Account Information,False,,ambiguous,True,no,3977,likely_non_responsive,,False,False,0,0,0,0,0,0,1.479,True,False,False,stage1_nr,False,,,0,False,,False,,3977
CNG_Data2k/files/Q00897.01-0000662571.0001.PDF,Q00897.01-0000662571.0001.PDF,.pdf,209824,ok,True,False,text,False,1,0,2,False,0,False,0-10,Name | Address | Email | Phone,True,Contact Information,False,,ambiguous,True,yes,3920,standard,,False,False,0,0,0,0,0,0,4.365,False,False,True,,True,likely_no,no,4005,False,likely_non_responsive,True,,7925
CNG_Data2k/files/Q00897.01-0000728192.MSG,Q00897.01-0000728192.MSG,.msg,141824,ok,True,False,text,False,0,0,1,False,0,False,0-10,Name | Email | Phone | Card/Transaction,True,Contact Information | Financial Account Information,False,,ambiguous,True,no,4087,likely_non_responsive,,False,False,0,0,0,0,0,0,1.373,True,False,False,stage1_nr,False,,,0,False,,False,,4087
CNG_Data2k/files/Q00897.01-0000807331.0001.PDF,Q00897.01-0000807331.0001.PDF,.pdf,158933,ok,True,True,text,True,3,0,7,False,2,False,0-10,Name | Address | Bank/Account Number | Health,True,Contact Information | Financial Account Information | Health-Related Information,False,,ambiguous,True,yes,11084,standard,bde_llm_count,True,True,3,0,0,0,0,1,10.654,False,False,True,,True,borderline,no,6019,False,likely_non_responsive,True,,17103
CNG_Data2k/files/Q00897.01-0000897129.PDF,Q00897.01-0000897129.PDF,.pdf,16567,ok,True,False,text,False,2,0,1,False,0,False,0-10,Money/Amount,False,Financial Account Information,False,,clear_non_responsive,False,,0,likely_non_responsive,,False,False,0,0,0,0,0,0,0.092,True,False,False,stage1_nr,False,,,0,False,,False,,0
CNG_Data2k/files/Q00897.01-0000344512.PDF,Q00897.01-0000344512.PDF,.pdf,14091,ok,True,False,text,False,2,0,1,False,0,False,0-10,Money/Amount,False,Financial Account Information,False,,clear_non_responsive,False,,0,likely_non_responsive,,False,False,0,0,0,0,0,0,0.145,True,False,False,stage1_nr,False,,,0,False,,False,,0
CNG_Data2k\files\Q00897.01-0000645630.0001.XLS,Q00897.01-0000645630.0001.XLS,.xls,23760,ok,True,True,text,True,4,0,2,False,4,False,0-10,Phone | SSN | Account Balance | Money/Amount,True,Contact Information | Government-Issued Identification | Financial Account Information,False,,clear_responsive,False,,2067,standard,bde_llm_count_roster,False,False,0,0,0,0,0,0,2.141,False,False,True,,True,clear_yes,yes,3108,False,standard,False,,5175
CNG_Data2k/files/Q00897.01-0000286187.PDF,Q00897.01-0000286187.PDF,.pdf,471266,ok,True,False,text,False,3,0,5,False,0,False,0-10,Name | Address | Phone,True,Contact Information,False,,ambiguous,True,no,4217,likely_non_responsive,,True,True,3,0,0,0,0,1,7.05,True,False,False,stage1_nr,False,,,0,False,,False,,4217
CNG_Data2k/files/Q00897.01-0000009567.XLSX,Q00897.01-0000009567.XLSX,.xlsx,206113,ok,True,True,text,True,3,0,479,False,479,True,100+,Name | Money/Amount,False,Financial Account Information,True,,ambiguous,True,yes,11634,structured_bde,bde_llm_count_roster,False,False,0,0,0,0,0,0,4.47,False,True,True,,True,clear_yes,yes,6293,True,structured_bde,False,,17927
CNG_Data2k/files/Q00897.01-0000666580.MSG,Q00897.01-0000666580.MSG,.msg,191488,ok,True,False,text,False,0,2,7,False,3,False,0-10,Name | Address | Email | Phone | Bank/Account Number | Money/Amount,True,Contact Information | Financial Account Information,False,,ambiguous,True,yes,11731,standard,bde_llm_count,False,False,0,0,0,0,0,0,5.201,False,False,True,,True,likely_no,no,6337,False,likely_non_responsive,True,,18068
CNG_Data2k/files/Q00897.01-0000678904.MSG,Q00897.01-0000678904.MSG,.msg,199680,ok,True,False,text,False,0,0,9,False,9,False,0-10,Email | Phone | Credentials,True,Contact Information | Access Credentials,False,,ambiguous,True,no,11966,likely_non_responsive,bde_llm_count,False,False,0,0,0,0,0,0,63.438,True,False,False,stage1_nr,False,,,0,False,,False,,11966
CNG_Data2k/files/Q00897.01-0000865763.PDF,Q00897.01-0000865763.PDF,.pdf,45411,ok,True,False,text,False,1,0,1,False,0,False,0-10,Name | Address | Phone | Money/Amount,True,Contact Information | Financial Account Information,False,,ambiguous,True,no,3993,likely_non_responsive,"img_ocr:p1(1/1,+1chars)",False,False,0,1,1,1,0,1,5.521,True,False,False,stage1_nr,False,,,0,False,,False,,3993
CNG_Data2k/files/Q00897.01-0000846199.MSG,Q00897.01-0000846199.MSG,.msg,716288,timeout,False,False,,False,0,0,0,False,0,False,,,False,,False,,,False,,0,review_error,per_file_timeout,False,False,0,0,0,0,0,0,60.144,False,False,False,timeout,False,,,0,False,,False,,0
CNG_Data2k/files/Q00897.01-0000755903.MSG,Q00897.01-0000755903.MSG,.msg,86016,ok,True,False,text,False,0,0,16,False,16,False,10-20,Name | Email | Phone | Passport | National/NI Number | Money/Amount | Health | Work-Related,True,Contact Information | Government-Issued Identification | Financial Account Information | Health-Related Information | Work-Related Information,False,,ambiguous,True,yes,16148,standard,bde_llm_count,False,False,0,0,0,0,0,0,8.442,False,False,True,,True,clear_yes,yes,8591,False,standard,False,,24739
CNG_Data2k/files/Q00897.01-0000824435.0001.DOCX,Q00897.01-0000824435.0001.DOCX,.docx,158727,ok,True,False,text,False,0,0,1,False,0,False,0-10,Name | Address | Money/Amount | Health | Work-Related,True,Contact Information | Financial Account Information | Health-Related Information | Work-Related Information,False,,ambiguous,True,yes,5830,standard,,False,False,0,0,0,0,0,0,3.106,False,False,True,,True,likely_no,no,5893,False,likely_non_responsive,True,,11723
CNG_Data2k/files/Q00897.01-0000901669.PDF,Q00897.01-0000901669.PDF,.pdf,12205,ok,True,False,text,False,1,0,0,False,0,False,0-10,,False,,False,,clear_non_responsive,False,,0,likely_non_responsive,,False,False,0,0,0,0,0,0,0.029,True,False,False,stage1_nr,False,,,0,False,,False,,0
CNG_Data2k/files/Q00897.01-0000247346.PDF,Q00897.01-0000247346.PDF,.pdf,393424,ok,True,True,text,True,1,0,16,False,0,False,10-20,Name | Bank/Account Number | Money/Amount,True,Financial Account Information,False,,ambiguous,True,no,7010,likely_non_responsive,bde_llm_count,True,True,1,0,0,0,0,1,6.82,True,False,False,stage1_nr,False,,,0,False,,False,,7010
CNG_Data2k/files/Q00897.01-0000889027.PDF,Q00897.01-0000889027.PDF,.pdf,11639,ok,True,False,text,False,2,0,1,False,0,False,0-10,Money/Amount,False,Financial Account Information,False,,clear_non_responsive,False,,0,likely_non_responsive,,False,False,0,0,0,0,0,0,0.066,True,False,False,stage1_nr,False,,,0,False,,False,,0
CNG_Data2k/files/Q00897.01-0000529144.0001.PDF,Q00897.01-0000529144.0001.PDF,.pdf,22676,ok,True,False,text,False,1,0,1,False,0,False,0-10,Money/Amount,False,Financial Account Information,False,,clear_non_responsive,False,,0,likely_non_responsive,,False,False,0,0,0,0,0,0,0.026,True,False,False,stage1_nr,False,,,0,False,,False,,0
CNG_Data2k/files/Q00897.01-0000642262.MSG,Q00897.01-0000642262.MSG,.msg,22528,ok,True,False,text,False,0,0,0,False,0,False,0-10,,False,,False,,clear_non_responsive,False,,0,likely_non_responsive,,False,False,0,0,0,0,0,0,0.035,True,False,False,stage1_nr,False,,,0,False,,False,,0
CNG_Data2k/files/Q00897.01-0000903157.PDF,Q00897.01-0000903157.PDF,.pdf,11843,ok,True,False,text,False,1,0,0,False,0,False,0-10,,False,,False,,clear_non_responsive,False,,0,likely_non_responsive,,False,False,0,0,0,0,0,0,0.031,True,False,False,stage1_nr,False,,,0,False,,False,,0
CNG_Data2k/files/Q00897.01-0000499085.0002.TXT,Q00897.01-0000499085.0002.TXT,.txt,373,ok,True,False,text,False,0,0,1,False,0,False,0-10,Card/Transaction,False,Financial Account Information,False,,ambiguous,True,no,3762,likely_non_responsive,,False,False,0,0,0,0,0,0,1.032,True,False,False,stage1_nr,False,,,0,False,,False,,3762
CNG_Data2k/files/Q00897.01-0000888805.PDF,Q00897.01-0000888805.PDF,.pdf,21581,ok,True,False,text,False,4,0,20,False,20,False,10-20,Name | Phone,True,Contact Information,False,,ambiguous,True,yes,10644,standard,bde_llm_count_roster,False,False,0,0,0,0,0,0,6.45,False,False,True,,True,likely_yes,yes,5763,False,standard,False,,16407
CNG_Data2k/files/Q00897.01-0000728259.MSG,Q00897.01-0000728259.MSG,.msg,419328,ok,True,False,text,False,0,0,1,False,0,False,0-10,Money/Amount,False,Financial Account Information,False,,clear_non_responsive,False,,0,likely_non_responsive,,False,False,0,0,0,0,0,0,3.618,True,False,False,stage1_nr,False,,,0,False,,False,,0
CNG_Data2k/files/Q00897.01-0000841723.0016.PDF,Q00897.01-0000841723.0016.PDF,.pdf,6678,ok,True,False,text,False,3,0,1,False,0,False,0-10,Address | Money/Amount | Work-Related,True,Contact Information | Financial Account Information | Work-Related Information,False,,ambiguous,True,no,5386,likely_non_responsive,,False,False,0,0,0,0,0,0,1.027,True,False,False,stage1_nr,False,,,0,False,,False,,5386
CNG_Data2k/files/Q00897.01-0000675422.0001.XLSX,Q00897.01-0000675422.0001.XLSX,.xlsx,264566,ok,True,True,text,True,5,0,54,False,0,False,50-100,Phone | Money/Amount,True,Contact Information | Financial Account Information,False,,ambiguous,True,no,11308,likely_non_responsive,roster_by_rowcount bde_llm_count,False,False,0,0,0,0,0,0,2.173,True,False,False,stage1_nr,False,,,0,False,,False,,11308
CNG_Data2k/files/Q00897.01-0000706265.MSG,Q00897.01-0000706265.MSG,.msg,301568,ok,True,False,text,False,0,0,7,False,0,False,0-10,Address | Email | Phone | Money/Amount,True,Contact Information | Financial Account Information,False,,ambiguous,True,no,16815,likely_non_responsive,bde_llm_count,False,False,0,0,0,0,0,0,3.081,True,False,False,stage1_nr,False,,,0,False,,False,,16815
CNG_Data2k/files/Q00897.01-0000840664.MSG,Q00897.01-0000840664.MSG,.msg,45056,ok,True,False,text,False,0,1,6,False,0,False,0-10,Name | Address | Email | Phone,True,Contact Information,False,,ambiguous,True,yes,6043,standard,,False,False,0,0,0,0,0,0,3.506,False,False,True,,True,likely_no,no,6092,False,likely_non_responsive,True,,12135
CNG_Data2k/files/Q00897.01-0000889254.PDF,Q00897.01-0000889254.PDF,.pdf,793212,ok,True,False,text,False,132,0,162,False,162,True,100+,Name | Address | Phone,True,Contact Information,True,,ambiguous,True,yes,36920,bde,bde_llm_count_roster,False,False,0,0,0,0,0,0,65.542,False,True,True,,True,clear_yes,yes,18984,True,bde,False,,55904
CNG_Data2k/files/Q00897.01-0000441703.MSG,Q00897.01-0000441703.MSG,.msg,288768,ok,True,False,text,False,0,1,2,False,0,False,0-10,Name | Address | Email | Phone | Card/Transaction | Account Balance,True,Contact Information | Financial Account Information,False,,ambiguous,True,yes,3909,standard,,False,False,0,0,0,0,0,0,3.181,False,False,True,,True,borderline,no,3982,False,likely_non_responsive,True,,7891
CNG_Data2k/files/Q00897.01-0000104556.PDF,Q00897.01-0000104556.PDF,.pdf,839935,ok,True,True,text,True,2,0,22,False,0,False,20-50,Name | Phone | Money/Amount,True,Contact Information | Financial Account Information,False,,ambiguous,True,no,8532,likely_non_responsive,bde_llm_count,True,True,2,0,0,0,0,1,9.429,True,False,False,stage1_nr,False,,,0,False,,False,,8532
CNG_Data2k/files/Q00897.01-0000889600.PDF,Q00897.01-0000889600.PDF,.pdf,22262,ok,True,False,text,False,2,0,34,False,34,False,20-50,Name | Address | Phone,True,Contact Information,False,,ambiguous,True,yes,10932,standard,bde_llm_count_roster,False,False,0,0,0,0,0,0,9.121,False,False,True,,True,clear_yes,yes,6031,False,standard,False,,16963
CNG_Data2k/files/Q00897.01-0000112397.XLSX,Q00897.01-0000112397.XLSX,.xlsx,237304,ok,True,True,text,True,1,0,136,False,0,False,100+,Phone | Payment Card | Money/Amount,True,Contact Information | Financial Account Information,False,,ambiguous,True,no,33282,likely_non_responsive,bde_llm_count,False,False,0,0,0,0,0,0,2.626,True,False,False,stage1_nr,False,,,0,False,,False,,33282
CNG_Data2k/files/Q00897.01-0000006018.PDF,Q00897.01-0000006018.PDF,.pdf,143764,ok,True,True,text,True,1,0,28,False,1,False,20-50,Name | Money/Amount,False,Financial Account Information,False,,ambiguous,True,yes,7360,standard,bde_llm_count,True,True,1,0,0,0,0,1,9.178,False,False,True,,True,clear_yes,yes,4139,False,standard,False,,11499
CNG_Data2k/files/Q00897.01-0000891697.PDF,Q00897.01-0000891697.PDF,.pdf,13343,ok,True,False,text,False,2,0,1,False,0,False,0-10,Money/Amount,False,Financial Account Information,False,,clear_non_responsive,False,,0,likely_non_responsive,,False,False,0,0,0,0,0,0,0.149,True,False,False,stage1_nr,False,,,0,False,,False,,0
CNG_Data2k/files/Q00897.01-0000898059.PDF,Q00897.01-0000898059.PDF,.pdf,20671,ok,True,True,text,True,3,0,53,False,3,True,50-100,Name | Address | Phone | Money/Amount | Work-Related,True,Contact Information | Financial Account Information | Work-Related Information,True,,ambiguous,True,yes,9142,structured_bde,bde_llm_count_roster,True,True,3,0,0,0,0,1,10.231,False,True,True,,True,clear_yes,yes,5046,True,structured_bde,False,,14188
CNG_Data2k/files/Q00897.01-0000652413.MSG,Q00897.01-0000652413.MSG,.msg,51712,ok,True,False,text,False,0,0,4,False,0,False,0-10,Name | Email,True,Contact Information,False,,ambiguous,True,no,4555,likely_non_responsive,,False,False,0,0,0,0,0,0,1.234,True,False,False,stage1_nr,False,,,0,False,,False,,4555
CNG_Data2k\files\Q00897.01-0000290615.XLS,Q00897.01-0000290615.XLS,.xls,14229,ok,True,True,text,True,1,0,31,False,6,False,20-50,Name | SSN | Money/Amount | Health,True,Government-Issued Identification | Financial Account Information | Health-Related Information,False,,clear_responsive,False,,4473,standard,bde_llm_count_roster,False,False,0,0,0,0,0,0,2.955,False,False,True,,True,clear_yes,yes,5497,False,standard,False,,9970
CNG_Data2k/files/Q00897.01-0000391216.MSG,Q00897.01-0000391216.MSG,.msg,103424,ok,True,False,text,False,0,0,1,False,0,False,0-10,Address,True,Contact Information,False,,ambiguous,True,yes,4249,standard,,False,False,0,0,0,0,0,0,2.517,False,False,True,,True,likely_no,no,4330,False,likely_non_responsive,True,,8579
CNG_Data2k/files/Q00897.01-0000764405.0001.PDF,Q00897.01-0000764405.0001.PDF,.pdf,9722363,ok,True,False,text,False,143,0,95,False,95,True,50-100,Name | Address | Email | Phone | Money/Amount | Health | Work-Related,True,Contact Information | Financial Account Information | Health-Related Information | Work-Related Information,True,,ambiguous,True,yes,22670,bde,"img_ocr:p1,p1,p36,p36,p53,p60,p64,p64,p64,p64,p70,p70,p70,p76,p80,p104,p105,p106,p114,p115,p116,p117,p118,p119,p120,p121,p122,p123,p128(29/35,+1686chars) bde_llm_count_roster",False,False,0,35,35,29,0,35,163.46,False,True,True,,True,likely_yes,yes,11942,True,bde,False,,34612
CNG_Data2k/files/Q00897.01-0000761410.MSG,Q00897.01-0000761410.MSG,.msg,113664,ok,True,False,text,False,0,0,1,False,0,False,0-10,Name | Alien Registration | Money/Amount | Work-Related,True,Government-Issued Identification | Financial Account Information | Work-Related Information,False,,ambiguous,True,no,7077,likely_non_responsive,,False,False,0,0,0,0,0,0,3.362,True,False,False,stage1_nr,False,,,0,False,,False,,7077
CNG_Data2k/files/Q00897.01-0000012783.PDF,Q00897.01-0000012783.PDF,.pdf,331940,ok,True,True,text,True,1,0,2,False,2,False,0-10,Name | Email | Work-Related,True,Contact Information | Work-Related Information,False,,ambiguous,True,yes,7143,standard,bde_llm_count,True,True,1,0,0,0,0,1,9.125,False,False,True,,True,clear_yes,yes,4039,False,standard,False,,11182
CNG_Data2k/files/Q00897.01-0000860802.PDF,Q00897.01-0000860802.PDF,.pdf,140489,ok,True,True,text,True,1,0,3,False,1,False,0-10,Name | Address | Phone | Work-Related,True,Contact Information | Work-Related Information,False,,ambiguous,True,yes,6998,standard,bde_llm_count,True,True,1,0,0,0,0,1,8.204,False,False,True,,True,clear_yes,yes,4008,False,standard,False,,11006
CNG_Data2k/files/Q00897.01-0000672549.MSG,Q00897.01-0000672549.MSG,.msg,208384,ok,True,False,text,False,0,0,1,False,0,False,0-10,Address | Money/Amount,True,Contact Information | Financial Account Information,False,,ambiguous,True,no,4669,likely_non_responsive,,False,False,0,0,0,0,0,0,3.218,True,False,False,stage1_nr,False,,,0,False,,False,,4669
CNG_Data2k/files/Q00897.01-0000374439.MSG,Q00897.01-0000374439.MSG,.msg,141824,ok,True,False,text,False,0,0,2,False,0,False,0-10,Name | Email | Phone | Card/Transaction,True,Contact Information | Financial Account Information,False,,ambiguous,True,yes,3908,standard,,False,False,0,0,0,0,0,0,2.748,False,False,True,,True,borderline,no,3984,False,likely_non_responsive,True,,7892
CNG_Data2k/files/Q00897.01-0000112602.PDF,Q00897.01-0000112602.PDF,.pdf,9778,ok,True,False,text,False,1,0,1,False,0,False,0-10,Name | Address | Money/Amount | Health,True,Contact Information | Financial Account Information | Health-Related Information,False,,ambiguous,True,yes,4421,standard,,False,False,0,0,0,0,0,0,2.402,False,False,True,,True,borderline,no,4473,False,likely_non_responsive,True,,8894
CNG_Data2k/files/Q00897.01-0000661697.MSG,Q00897.01-0000661697.MSG,.msg,62976,ok,True,False,text,False,0,0,6,False,0,False,0-10,Name | Address | Email | Phone | Money/Amount,True,Contact Information | Financial Account Information,False,,ambiguous,True,yes,6288,standard,,False,False,0,0,0,0,0,0,3.584,False,False,True,,True,clear_no,no,6341,False,likely_non_responsive,True,,12629
CNG_Data2k/files/Q00897.01-0000370753.MSG,Q00897.01-0000370753.MSG,.msg,306176,ok,True,False,text,False,0,0,38,False,38,False,20-50,Name | Address | Email,True,Contact Information,False,,ambiguous,True,no,11419,likely_non_responsive,bde_llm_count_roster,False,False,0,0,0,0,0,0,4.044,True,False,False,stage1_nr,False,,,0,False,,False,,11419
CNG_Data2k/files/Q00897.01-0000697465.0001.PDF,Q00897.01-0000697465.0001.PDF,.pdf,17682,ok,True,False,text,False,1,0,0,False,0,False,0-10,,False,,False,,clear_non_responsive,False,,0,likely_non_responsive,,False,False,0,0,0,0,0,0,0.081,True,False,False,stage1_nr,False,,,0,False,,False,,0
CNG_Data2k/files/Q00897.01-0000907712.PDF,Q00897.01-0000907712.PDF,.pdf,23186,ok,True,False,text,False,6,0,1,False,0,False,0-10,Name | Address | Phone,True,Contact Information,False,,ambiguous,True,yes,6312,standard,,False,False,0,0,0,0,0,0,2.706,False,False,True,,True,likely_yes,yes,6344,False,standard,False,,12656
CNG_Data2k/files/Q00897.01-0000761973.MSG,Q00897.01-0000761973.MSG,.msg,84480,ok,True,False,text,False,0,0,98,False,98,True,50-100,Name | Address | Email,True,Contact Information,True,,ambiguous,True,yes,19063,bde,bde_llm_count_roster,False,False,0,0,0,0,0,0,14.324,False,True,True,,True,clear_yes,yes,10264,True,bde,False,,29327
CNG_Data2k\files\Q00897.01-0000842177.0001.DOC,Q00897.01-0000842177.0001.DOC,.doc,29175,ok,True,False,text,False,0,0,0,False,0,False,0-10,,False,,False,,clear_non_responsive,False,,0,likely_non_responsive,,False,False,0,0,0,0,0,0,0.05,True,False,False,stage1_nr,False,,,0,False,,False,,0
CNG_Data2k/files/Q00897.01-0000279402.PDF,Q00897.01-0000279402.PDF,.pdf,46448,ok,True,False,text,False,9,0,8,False,2,False,0-10,Name | Address | Email | Phone | Date of Birth | Money/Amount | Health,True,Contact Information | Birth Information | Financial Account Information | Health-Related Information,False,,ambiguous,True,yes,11312,standard,"img_ocr:p2(1/1,+40chars) bde_llm_count",False,False,0,1,1,1,0,1,7.972,False,False,True,,True,clear_yes,yes,6094,False,standard,False,,17406
CNG_Data2k/files/Q00897.01-0000291505.XLSX,Q00897.01-0000291505.XLSX,.xlsx,14979,ok,True,True,text,True,1,0,76,False,51,True,50-100,Name | Email | Phone,True,Contact Information,True,,ambiguous,True,yes,9864,structured_bde,roster_by_rowcount bde_llm_count_roster,False,False,0,0,0,0,0,0,9.18,False,True,True,,True,clear_yes,yes,5559,True,structured_bde,False,,15423
CNG_Data2k/files/Q00897.01-0000580066.0001.PDF,Q00897.01-0000580066.0001.PDF,.pdf,21151,ok,True,False,text,False,1,0,0,False,0,False,0-10,,False,,False,,clear_non_responsive,False,,0,likely_non_responsive,,False,False,0,0,0,0,0,0,0.03,True,False,False,stage1_nr,False,,,0,False,,False,,0
CNG_Data2k/files/Q00897.01-0000277560.PDF,Q00897.01-0000277560.PDF,.pdf,76664,ok,True,True,text,True,1,0,14,False,2,False,10-20,Address | Phone | SSN | Money/Amount,True,Contact Information | Government-Issued Identification | Financial Account Information,False,,clear_responsive,False,,3336,standard,bde_llm_count,True,True,1,0,0,0,0,1,9.029,False,False,True,,True,borderline,no,4222,False,likely_non_responsive,True,,7558
CNG_Data2k/files/Q00897.01-0000459088.MSG,Q00897.01-0000459088.MSG,.msg,232960,ok,True,False,text,False,0,0,5,False,0,False,0-10,Name | Address | Email | Phone | Money/Amount,True,Contact Information | Financial Account Information,False,,ambiguous,True,yes,5322,standard,,False,False,0,0,0,0,0,0,3.125,False,False,True,,True,likely_yes,yes,5372,False,standard,False,,10694
CNG_Data2k/files/Q00897.01-0000474235.0003.PDF,Q00897.01-0000474235.0003.PDF,.pdf,171882,ok,True,False,text,False,3,0,2,False,0,False,0-10,Name | Address | Email | Phone | Card/Transaction | Money/Amount,True,Contact Information | Financial Account Information,False,,ambiguous,True,yes,4834,standard,"img_ocr:p1(1/1,+22chars)",False,False,0,1,1,1,0,1,7.05,False,False,True,,True,borderline,no,4919,False,likely_non_responsive,True,,9753
CNG_Data2k/files/Q00897.01-0000887090.PDF,Q00897.01-0000887090.PDF,.pdf,184237,ok,True,False,text,False,1,0,2,False,0,False,0-10,Name | Address | Money/Amount,True,Contact Information | Financial Account Information,False,,ambiguous,True,yes,3966,standard,,False,False,0,0,0,0,0,0,3.065,False,False,True,,True,borderline,no,4031,False,likely_non_responsive,True,,7997
CNG_Data2k\files\Q00897.01-0000118258.DOC,Q00897.01-0000118258.DOC,.doc,67556,ok,True,False,text,False,0,0,2,False,0,False,0-10,Address | Email | Phone | Money/Amount | Health | Demographic | Work-Related,True,Contact Information | Financial Account Information | Health-Related Information | Demographic Information | Work-Related Information,False,,ambiguous,True,no,6727,likely_non_responsive,,False,False,0,0,0,0,0,0,1.231,True,False,False,stage1_nr,False,,,0,False,,False,,6727
CNG_Data2k/files/Q00897.01-0000241508.XLSX,Q00897.01-0000241508.XLSX,.xlsx,36690,ok,True,True,text,True,5,0,145,False,0,False,100+,Phone | Money/Amount,True,Contact Information | Financial Account Information,False,,ambiguous,True,no,11216,likely_non_responsive,roster_by_rowcount bde_llm_count,False,False,0,0,0,0,0,0,2.134,True,False,False,stage1_nr,False,,,0,False,,False,,11216
CNG_Data2k/files/Q00897.01-0000893025.PDF,Q00897.01-0000893025.PDF,.pdf,8746,ok,True,False,text,False,1,0,0,False,0,False,0-10,,False,,False,,clear_non_responsive,False,,0,likely_non_responsive,,False,False,0,0,0,0,0,0,0.063,True,False,False,stage1_nr,False,,,0,False,,False,,0
CNG_Data2k/files/Q00897.01-0000427382.MSG,Q00897.01-0000427382.MSG,.msg,145408,ok,True,False,text,False,0,5,10,False,7,False,0-10,Name | Phone,True,Contact Information,False,,ambiguous,True,no,7987,likely_non_responsive,bde_llm_count,False,False,0,0,0,0,0,0,3.423,True,False,False,stage1_nr,False,,,0,False,,False,,7987
CNG_Data2k/files/Q00897.01-0000473445.MSG,Q00897.01-0000473445.MSG,.msg,86016,ok,True,False,text,False,0,0,4,False,0,False,0-10,Name | Address | Email | Phone | Money/Amount,True,Contact Information | Financial Account Information,False,,ambiguous,True,yes,5169,standard,,False,False,0,0,0,0,0,0,3.647,False,False,True,,True,likely_no,no,5194,False,likely_non_responsive,True,,10363
CNG_Data2k/files/Q00897.01-0000868992.TXT,Q00897.01-0000868992.TXT,.txt,48081,ok,True,False,text,False,0,0,7,False,2,False,0-10,Address | Phone | Money/Amount,True,Contact Information | Financial Account Information,False,,ambiguous,True,yes,31028,standard,bde_llm_count,False,False,0,0,0,0,0,0,3.974,False,False,True,,True,likely_yes,yes,16000,False,standard,False,,47028
CNG_Data2k/files/Q00897.01-0000893377.PDF,Q00897.01-0000893377.PDF,.pdf,312847,ok,True,False,text,False,45,0,22,False,5,False,20-50,Address | Phone | SSN | Money/Amount | Work-Related,True,Contact Information | Government-Issued Identification | Financial Account Information | Work-Related Information,False,,clear_responsive,False,,13813,standard,bde_llm_count_roster,False,False,0,0,0,0,0,0,7.605,False,False,True,,True,clear_yes,yes,14768,False,standard,False,,28581
CNG_Data2k/files/Q00897.01-0000256512.PDF,Q00897.01-0000256512.PDF,.pdf,179743,ok,True,False,text,False,1,0,1,False,0,False,0-10,Address | Phone | Money/Amount,True,Contact Information | Financial Account Information,False,,ambiguous,True,no,4277,likely_non_responsive,,False,False,0,0,0,0,0,0,1.33,True,False,False,stage1_nr,False,,,0,False,,False,,4277
CNG_Data2k/files/Q00897.01-0000119480.PDF,Q00897.01-0000119480.PDF,.pdf,41932,ok,True,False,text,False,1,0,0,False,0,False,0-10,,False,,False,,clear_non_responsive,False,,0,likely_non_responsive,,True,True,1,0,0,0,0,1,4.189,True,False,False,stage1_nr,False,,,0,False,,False,,0
CNG_Data2k/files/Q00897.01-0000538059.0001.PDF,Q00897.01-0000538059.0001.PDF,.pdf,24807,ok,True,False,text,False,2,0,0,False,0,False,0-10,,False,,False,,clear_non_responsive,False,,0,likely_non_responsive,,False,False,0,0,0,0,0,0,0.022,True,False,False,stage1_nr,False,,,0,False,,False,,0
CNG_Data2k/files/Q00897.01-0000855711.PDF,Q00897.01-0000855711.PDF,.pdf,715168,ok,True,False,text,False,4,0,3,False,0,False,0-10,Name | Money/Amount | Work-Related,False,Financial Account Information | Work-Related Information,False,,ambiguous,True,yes,5034,standard,,False,False,0,0,0,0,0,0,5.97,False,False,True,,True,clear_yes,yes,5085,False,standard,False,,10119
CNG_Data2k/files/Q00897.01-0000013476.XLSX,Q00897.01-0000013476.XLSX,.xlsx,16432,ok,True,True,text,True,1,0,85,False,85,True,50-100,Name | Money/Amount,False,Financial Account Information,True,,ambiguous,True,yes,11023,structured_bde,roster_by_rowcount bde_llm_count_roster,False,False,0,0,0,0,0,0,8.728,False,True,True,,True,clear_yes,yes,6108,True,structured_bde,False,,17131
CNG_Data2k/files/Q00897.01-0000590098.0001.PDF,Q00897.01-0000590098.0001.PDF,.pdf,1791446,ok,True,True,text,True,12,0,62,False,3,False,50-100,Name | Address | Email | Phone | SSN | Bank/Account Number | Card Expiry/CVV | Money/Amount | Health | Work-Related,True,Contact Information | Government-Issued Identification | Financial Account Information | Health-Related Information | Work-Related Information,False,,clear_responsive,False,,8575,standard,bde_llm_count,True,True,12,0,0,0,0,1,33.849,False,False,True,,True,likely_no,no,9439,True,likely_non_responsive,True,,18014
CNG_Data2k/files/Q00897.01-0000439408.0001.PDF,Q00897.01-0000439408.0001.PDF,.pdf,1431590,ok,True,False,text,False,15,0,0,False,0,False,0-10,,False,,False,,clear_non_responsive,False,,0,likely_non_responsive,,True,True,15,0,0,0,0,1,6.567,True,False,False,stage1_nr,False,,,0,False,,False,,0
CNG_Data2k/files/Q00897.01-0000669443.MSG,Q00897.01-0000669443.MSG,.msg,181248,ok,True,False,text,False,0,2,3,False,0,False,0-10,Name | Phone,True,Contact Information,False,,ambiguous,True,no,3726,likely_non_responsive,,False,False,0,0,0,0,0,0,1.165,True,False,False,stage1_nr,False,,,0,False,,False,,3726
CNG_Data2k/files/Q00897.01-0000436202.0001.PDF,Q00897.01-0000436202.0001.PDF,.pdf,18375,ok,True,False,text,False,3,0,1,False,0,False,0-10,Money/Amount,False,Financial Account Information,False,,clear_non_responsive,False,,0,likely_non_responsive,,False,False,0,0,0,0,0,0,0.135,True,False,False,stage1_nr,False,,,0,False,,False,,0
CNG_Data2k/files/Q00897.01-0000807201.MSG,Q00897.01-0000807201.MSG,.msg,131072,ok,True,False,text,False,0,3,7,False,6,False,0-10,Name | Address | Email | Phone,True,Contact Information,False,,ambiguous,True,yes,10830,standard,bde_llm_count,False,False,0,0,0,0,0,0,5.159,False,False,True,,True,clear_no,no,5877,False,likely_non_responsive,True,,16707
CNG_Data2k/files/Q00897.01-0000810178.MSG,Q00897.01-0000810178.MSG,.msg,25600,ok,True,False,text,False,0,0,1,False,0,False,0-10,Address | Phone,True,Contact Information,False,,ambiguous,True,no,4057,likely_non_responsive,,False,False,0,0,0,0,0,0,1.32,True,False,False,stage1_nr,False,,,0,False,,False,,4057
CNG_Data2k/files/Q00897.01-0000906522.PDF,Q00897.01-0000906522.PDF,.pdf,304223,ok,True,False,text,False,34,0,1,False,0,False,0-10,Address,True,Contact Information,False,,ambiguous,False,,0,standard,llm_failed:JSONDecodeError,False,False,0,0,0,0,0,0,24.615,False,False,True,,True,clear_yes,yes,15707,False,standard,False,,15707
CNG_Data2k/files/Q00897.01-0000109183.XLSX,Q00897.01-0000109183.XLSX,.xlsx,6351,ok,True,True,text,True,1,0,2,False,0,False,0-10,Phone,True,Contact Information,False,,ambiguous,True,no,6650,likely_non_responsive,bde_llm_count,False,False,0,0,0,0,0,0,1.913,True,False,False,stage1_nr,False,,,0,False,,False,,6650
CNG_Data2k/files/Q00897.01-0000397126.MSG,Q00897.01-0000397126.MSG,.msg,193536,ok,True,False,text,False,0,6,7,False,4,False,0-10,Name | Address | Email | Phone | Money/Amount,True,Contact Information | Financial Account Information,False,,ambiguous,True,yes,10037,standard,bde_llm_count,False,False,0,0,0,0,0,0,5.206,False,False,True,,True,likely_no,no,5476,False,likely_non_responsive,True,,15513
CNG_Data2k/files/Q00897.01-0000562223.0001.XLSX,Q00897.01-0000562223.0001.XLSX,.xlsx,65332,ok,True,True,text,True,1,0,473,False,0,False,100+,Phone | Payment Card | Money/Amount,True,Contact Information | Financial Account Information,False,,ambiguous,True,no,17918,likely_non_responsive,roster_by_rowcount bde_llm_count,False,False,0,0,0,0,0,0,2.684,True,False,False,stage1_nr,False,,,0,False,,False,,17918
CNG_Data2k/files/Q00897.01-0000775869.0001.DOCX,Q00897.01-0000775869.0001.DOCX,.docx,56798,ok,True,False,text,False,0,0,1,False,0,False,0-10,Address | Money/Amount,True,Contact Information | Financial Account Information,False,,ambiguous,True,no,6824,likely_non_responsive,,False,False,0,0,0,0,0,0,1.05,True,False,False,stage1_nr,False,,,0,False,,False,,6824
CNG_Data2k/files/Q00897.01-0000910933.PDF,Q00897.01-0000910933.PDF,.pdf,1050319,ok,True,False,text,False,117,0,67,False,5,True,50-100,Address | Phone | SSN | Money/Amount | Work-Related,True,Contact Information | Government-Issued Identification | Financial Account Information | Work-Related Information,True,,clear_responsive,False,,14060,bde,bde_llm_count_roster,False,False,0,0,0,0,0,0,21.644,False,True,True,,True,clear_yes,yes,15006,True,bde,False,,29066
CNG_Data2k/files/Q00897.01-0000897837.PDF,Q00897.01-0000897837.PDF,.pdf,11824,ok,True,False,text,False,1,0,0,False,0,False,0-10,,False,,False,,clear_non_responsive,False,,0,likely_non_responsive,,False,False,0,0,0,0,0,0,0.028,True,False,False,stage1_nr,False,,,0,False,,False,,0
CNG_Data2k/files/Q00897.01-0000662633.0001.PDF,Q00897.01-0000662633.0001.PDF,.pdf,112204,ok,True,False,text,False,3,0,2,False,0,False,0-10,Address | Phone | Money/Amount,True,Contact Information | Financial Account Information,False,,ambiguous,True,no,5294,likely_non_responsive,"img_ocr:p1,p1,p1,p1,p2,p2(6/9,+321chars)",False,False,0,9,9,6,0,9,39.508,True,False,False,stage1_nr,False,,,0,False,,False,,5294
CNG_Data2k/files/Q00897.01-0000630188.MSG,Q00897.01-0000630188.MSG,.msg,45056,ok,True,False,text,False,0,0,3,False,0,False,0-10,Name | Email,True,Contact Information,False,,ambiguous,True,yes,3985,standard,,False,False,0,0,0,0,0,0,2.884,False,False,True,,True,borderline,no,4063,False,likely_non_responsive,True,,8048
CNG_Data2k/files/Q00897.01-0000895744.PDF,Q00897.01-0000895744.PDF,.pdf,11807,ok,True,False,text,False,1,0,0,False,0,False,0-10,,False,,False,,clear_non_responsive,False,,0,likely_non_responsive,,False,False,0,0,0,0,0,0,0.03,True,False,False,stage1_nr,False,,,0,False,,False,,0
CNG_Data2k/files/Q00897.01-0000801472.0002.DOCX,Q00897.01-0000801472.0002.DOCX,.docx,14789,ok,True,False,text,False,0,0,1,False,0,False,0-10,Name | Money/Amount | Student ID,True,Financial Account Information | Student-Related Information,False,,ambiguous,True,yes,3927,standard,,False,False,0,0,0,0,0,0,2.192,False,False,True,,True,likely_yes,yes,3997,False,standard,False,,7924
CNG_Data2k/files/Q00897.01-0000838478.MSG,Q00897.01-0000838478.MSG,.msg,1801216,ok,True,False,text,False,0,8,0,False,0,False,0-10,,False,,False,,clear_non_responsive,False,,0,likely_non_responsive,,False,False,0,0,0,0,0,0,0.158,True,False,False,stage1_nr,False,,,0,False,,False,,0
CNG_Data2k/files/Q00897.01-0000274264.PDF,Q00897.01-0000274264.PDF,.pdf,1149681,ok,True,False,text,False,139,0,11,False,2,False,10-20,Name | Address | Email | Phone | Bank/Account Number | Money/Amount | Health | Demographic | Work-Related,True,Contact Information | Financial Account Information | Health-Related Information | Demographic Information | Work-Related Information,False,,ambiguous,True,yes,24492,standard,bde_llm_count,False,False,0,0,0,0,0,0,15.166,False,False,True,,True,clear_yes,yes,12736,False,standard,False,,37228
CNG_Data2k/files/Q00897.01-0000662024.MSG,Q00897.01-0000662024.MSG,.msg,1158144,ok,True,False,text,False,0,2,10,False,7,False,0-10,Name | Address | Email | Phone,True,Contact Information,False,,ambiguous,True,yes,7544,standard,bde_llm_count,False,False,0,0,0,0,0,0,4.742,False,False,True,,True,borderline,no,4238,False,likely_non_responsive,True,,11782
CNG_Data2k/files/Q00897.01-0000529695.0001.PDF,Q00897.01-0000529695.0001.PDF,.pdf,39388,ok,True,False,text,False,13,0,33,False,10,False,20-50,Name | Address | Card/Transaction | Money/Amount,True,Contact Information | Financial Account Information,False,,ambiguous,True,no,26611,likely_non_responsive,bde_llm_count,False,False,0,0,0,0,0,0,62.89,True,False,False,stage1_nr,False,,,0,False,,False,,26611
CNG_Data2k/files/Q00897.01-0000416955.MSG,Q00897.01-0000416955.MSG,.msg,144896,ok,True,False,text,False,0,0,1,False,0,False,0-10,Credentials | Health,False,Access Credentials | Health-Related Information,False,,ambiguous,True,no,3889,likely_non_responsive,,False,False,0,0,0,0,0,0,1.523,True,False,False,stage1_nr,False,,,0,False,,False,,3889
CNG_Data2k/files/Q00897.01-0000412386.0001.XLSX,Q00897.01-0000412386.0001.XLSX,.xlsx,75041,ok,True,True,text,True,4,0,94,False,0,False,50-100,Phone | Payment Card | Money/Amount,True,Contact Information | Financial Account Information,False,,ambiguous,True,no,10704,likely_non_responsive,bde_llm_count,False,False,0,0,0,0,0,0,2.14,True,False,False,stage1_nr,False,,,0,False,,False,,10704
CNG_Data2k/files/Q00897.01-0000677072.MSG,Q00897.01-0000677072.MSG,.msg,277504,ok,True,False,text,False,0,0,1,False,0,False,0-10,Money/Amount,False,Financial Account Information,False,,clear_non_responsive,False,,0,likely_non_responsive,,False,False,0,0,0,0,0,0,2.422,True,False,False,stage1_nr,False,,,0,False,,False,,0
CNG_Data2k/files/Q00897.01-0000112194.XLSX,Q00897.01-0000112194.XLSX,.xlsx,32513,ok,True,True,text,True,1,0,573,False,0,False,100+,Payment Card | Work-Related,True,Financial Account Information | Work-Related Information,False,,ambiguous,True,no,7987,likely_non_responsive,roster_by_rowcount bde_llm_count,False,False,0,0,0,0,0,0,2.273,True,False,False,stage1_nr,False,,,0,False,,False,,7987
CNG_Data2k/files/Q00897.01-0000656105.0001.PDF,Q00897.01-0000656105.0001.PDF,.pdf,835366,ok,True,True,text,True,4,0,9,False,4,False,0-10,Name | Address | Email | Phone | Money/Amount,True,Contact Information | Financial Account Information,False,,ambiguous,True,yes,9247,standard,bde_llm_count,True,True,4,0,0,0,0,1,12.162,False,False,True,,True,likely_yes,yes,5111,False,standard,False,,14358
CNG_Data2k/files/Q00897.01-0000803184.0001.DOCX,Q00897.01-0000803184.0001.DOCX,.docx,28344,ok,True,False,text,False,0,0,2,False,0,False,0-10,Name | Address | Money/Amount | Demographic | Work-Related,True,Contact Information | Financial Account Information | Demographic Information | Work-Related Information,False,,ambiguous,True,no,6205,likely_non_responsive,,False,False,0,0,0,0,0,0,1.127,True,False,False,stage1_nr,False,,,0,False,,False,,6205
CNG_Data2k/files/Q00897.01-0000907916.PDF,Q00897.01-0000907916.PDF,.pdf,33632,ok,True,False,text,False,5,0,26,False,26,False,20-50,Name | Phone | Money/Amount,True,Contact Information | Financial Account Information,False,,ambiguous,True,yes,12440,standard,bde_llm_count_roster,False,False,0,0,0,0,0,0,11.645,False,False,True,,True,likely_yes,yes,6854,False,standard,False,,19294
CNG_Data2k/files/Q00897.01-0000759573.MSG,Q00897.01-0000759573.MSG,.msg,50688,ok,True,False,text,False,0,0,7,False,6,False,0-10,Name | Address | Email | Phone,True,Contact Information,False,,ambiguous,True,yes,12379,standard,bde_llm_count,False,False,0,0,0,0,0,0,4.774,False,False,True,,True,likely_no,no,6637,False,likely_non_responsive,True,,19016
CNG_Data2k/files/Q00897.01-0000081547.PDF,Q00897.01-0000081547.PDF,.pdf,1741250,ok,True,True,text,True,1,0,11,False,0,False,10-20,Address | Phone | Money/Amount,True,Contact Information | Financial Account Information,False,,ambiguous,True,no,7644,likely_non_responsive,bde_llm_count,True,True,1,0,0,0,0,1,6.73,True,False,False,stage1_nr,False,,,0,False,,False,,7644
CNG_Data2k/files/Q00897.01-0000342857.PDF,Q00897.01-0000342857.PDF,.pdf,11592,ok,True,True,text,True,1,0,4,False,0,False,0-10,Card/Transaction | Money/Amount,False,Financial Account Information,False,,ambiguous,True,no,6762,likely_non_responsive,bde_llm_count,True,True,1,0,0,0,0,1,6.158,True,False,False,stage1_nr,False,,,0,False,,False,,6762
CNG_Data2k/files/Q00897.01-0000809501.0001.DOCX,Q00897.01-0000809501.0001.DOCX,.docx,44552,ok,True,False,text,False,0,0,2,False,0,False,0-10,Name | Address,True,Contact Information,False,,ambiguous,True,no,6434,likely_non_responsive,,False,False,0,0,0,0,0,0,1.282,True,False,False,stage1_nr,False,,,0,False,,False,,6434
CNG_Data2k/files/Q00897.01-0000817899.MSG,Q00897.01-0000817899.MSG,.msg,134656,ok,True,False,text,False,0,4,4,False,0,False,0-10,Name | Email | Phone | Money/Amount,True,Contact Information | Financial Account Information,False,,ambiguous,True,no,4137,likely_non_responsive,,False,False,0,0,0,0,0,0,1.279,True,False,False,stage1_nr,False,,,0,False,,False,,4137
CNG_Data2k/files/Q00897.01-0000316111.PDF,Q00897.01-0000316111.PDF,.pdf,25655894,ok,True,False,text,False,13,0,15,False,2,False,10-20,Name | Email | Phone | Money/Amount | Health | Demographic,True,Contact Information | Financial Account Information | Health-Related Information | Demographic Information,False,,ambiguous,True,no,18759,likely_non_responsive,"img_ocr:p2,p2,p2,p4(4/6,+224chars) bde_llm_count",False,False,0,6,6,4,0,6,31.415,True,False,False,stage1_nr,False,,,0,False,,False,,18759
CNG_Data2k/files/Q00897.01-0000678588.MSG,Q00897.01-0000678588.MSG,.msg,178688,ok,True,False,text,False,0,0,1,False,0,False,0-10,Address | Email | Money/Amount,True,Contact Information | Financial Account Information,False,,ambiguous,True,no,5249,likely_non_responsive,,False,False,0,0,0,0,0,0,2.528,True,False,False,stage1_nr,False,,,0,False,,False,,5249
CNG_Data2k/files/Q00897.01-0000102486.MSG,Q00897.01-0000102486.MSG,.msg,6025728,ok,True,False,text,False,0,3,2,False,0,False,0-10,Name | Email | Phone,True,Contact Information,False,,ambiguous,True,no,4592,likely_non_responsive,,False,False,0,0,0,0,0,0,2.135,True,False,False,stage1_nr,False,,,0,False,,False,,4592
CNG_Data2k/files/Q00897.01-0000482418.MSG,Q00897.01-0000482418.MSG,.msg,46080,ok,True,False,text,False,0,1,15,False,8,False,10-20,Name | Money/Amount,True,Financial Account Information,False,,ambiguous,True,no,9681,likely_non_responsive,bde_llm_count,False,False,0,0,0,0,0,0,3.624,True,False,False,stage1_nr,False,,,0,False,,False,,9681
CNG_Data2k/files/Q00897.01-0000550879.0003.PDF,Q00897.01-0000550879.0003.PDF,.pdf,211772,ok,True,True,text,True,2,0,4,False,1,False,0-10,Name | Address,True,Contact Information,False,,ambiguous,True,no,7872,likely_non_responsive,bde_llm_count,True,True,2,0,0,0,0,1,7.866,True,False,False,stage1_nr,False,,,0,False,,False,,7872
CNG_Data2k/files/Q00897.01-0000018926.XLSX,Q00897.01-0000018926.XLSX,.xlsx,25340,ok,True,True,text,True,3,0,102,False,102,True,100+,Name | Money/Amount,False,Financial Account Information,True,,ambiguous,True,yes,8533,structured_bde,roster_by_rowcount bde_llm_count_roster,False,False,0,0,0,0,0,0,4.016,False,True,True,,True,likely_yes,yes,4784,True,structured_bde,False,,13317
CNG_Data2k/files/Q00897.01-0000903015.PDF,Q00897.01-0000903015.PDF,.pdf,11840,ok,True,False,text,False,1,0,0,False,0,False,0-10,,False,,False,,clear_non_responsive,False,,0,likely_non_responsive,,False,False,0,0,0,0,0,0,0.045,True,False,False,stage1_nr,False,,,0,False,,False,,0
CNG_Data2k/files/Q00897.01-0000835421.0001.PDF,Q00897.01-0000835421.0001.PDF,.pdf,90751,ok,True,False,text,False,13,0,1,False,0,False,0-10,Name | Money/Amount,True,Financial Account Information,False,,ambiguous,True,no,8743,likely_non_responsive,,False,False,0,0,0,0,0,0,2.48,True,False,False,stage1_nr,False,,,0,False,,False,,8743
CNG_Data2k/files/Q00897.01-0000895612.PDF,Q00897.01-0000895612.PDF,.pdf,19421,ok,True,False,text,False,3,0,2,False,0,False,0-10,Name | Address | Phone | Money/Amount,True,Contact Information | Financial Account Information,False,,ambiguous,True,yes,5893,standard,,False,False,0,0,0,0,0,0,3.045,False,False,True,,True,likely_yes,yes,5971,False,standard,False,,11864
CNG_Data2k/files/Q00897.01-0000771938.MSG,Q00897.01-0000771938.MSG,.msg,289280,ok,True,False,text,False,0,2,6,False,0,False,0-10,Name | Address | Email | Phone,True,Contact Information,False,,ambiguous,True,yes,7051,standard,,False,False,0,0,0,0,0,0,3.921,False,False,True,,True,likely_yes,yes,7086,False,standard,False,,14137
CNG_Data2k\files\Q00897.01-0000014077.XLS,Q00897.01-0000014077.XLS,.xls,69349,ok,True,True,text,True,2,0,8,False,8,False,0-10,Name | Money/Amount,False,Financial Account Information,False,,ambiguous,True,yes,3602,standard,bde_llm_count_roster,False,False,0,0,0,0,0,0,3.807,False,False,True,,True,likely_yes,yes,2421,False,standard,False,,6023
CNG_Data2k/files/Q00897.01-0000916707.XLSX,Q00897.01-0000916707.XLSX,.xlsx,50934,ok,True,True,text,True,5,0,212,False,212,True,100+,Name | Credentials | Work-Related,False,Access Credentials | Work-Related Information,True,,ambiguous,True,yes,9838,structured_bde,roster_by_rowcount bde_llm_count_roster,False,False,0,0,0,0,0,0,4.226,False,True,True,,True,clear_yes,yes,5368,True,structured_bde,False,,15206
CNG_Data2k/files/Q00897.01-0000137050.PDF,Q00897.01-0000137050.PDF,.pdf,7892619,ok,True,True,text,True,15,0,226,False,0,False,100+,Address | Email | Phone | Money/Amount,True,Contact Information | Financial Account Information,False,,ambiguous,False,,9919,standard,llm_failed:JSONDecodeError bde_llm_count,True,True,15,0,0,0,0,1,20.721,False,False,True,,True,likely_no,no,11002,True,likely_non_responsive,True,,20921
CNG_Data2k/files/Q00897.01-0000842995.0001.PDF,Q00897.01-0000842995.0001.PDF,.pdf,667340,ok,True,True,text,True,8,0,87,False,51,True,50-100,Name | Address | Email | Phone | Money/Amount | Work-Related,True,Contact Information | Financial Account Information | Work-Related Information,True,,ambiguous,True,yes,12487,structured_bde,bde_llm_count_roster,True,True,8,0,0,0,0,1,14.876,False,True,True,,True,clear_yes,yes,6858,True,structured_bde,False,,19345
CNG_Data2k/files/Q00897.01-0000699920.MSG,Q00897.01-0000699920.MSG,.msg,214528,ok,True,False,text,False,0,0,2,False,0,False,0-10,Address | Email | Phone | Money/Amount | Credentials,True,Contact Information | Financial Account Information | Access Credentials,False,,ambiguous,True,no,3951,likely_non_responsive,,False,False,0,0,0,0,0,0,1.572,True,False,False,stage1_nr,False,,,0,False,,False,,3951
CNG_Data2k/files/Q00897.01-0000118768.0001.PDF,Q00897.01-0000118768.0001.PDF,.pdf,330098,ok,True,False,text,False,1,0,2,False,0,False,0-10,Name | Address | Email | Phone | SSN | Money/Amount | Work-Related,True,Contact Information | Government-Issued Identification | Financial Account Information | Work-Related Information,False,,clear_responsive,False,,0,standard,,False,False,0,0,0,0,0,0,1.615,False,False,True,,True,clear_yes,yes,4300,False,standard,False,,4300
CNG_Data2k/files/Q00897.01-0000892139.PDF,Q00897.01-0000892139.PDF,.pdf,47723,ok,True,True,text,True,8,0,181,False,6,True,100+,Name | Address | Phone | Money/Amount,True,Contact Information | Financial Account Information,True,,ambiguous,True,yes,14891,structured_bde,bde_llm_count_roster,True,True,8,0,0,0,0,1,13.285,False,True,True,,True,clear_yes,yes,7919,True,structured_bde,False,,22810
CNG_Data2k/files/Q00897.01-0000584163.0001.PDF,Q00897.01-0000584163.0001.PDF,.pdf,23772,ok,True,False,text,False,1,0,1,False,0,False,0-10,Money/Amount,False,Financial Account Information,False,,clear_non_responsive,False,,0,likely_non_responsive,,False,False,0,0,0,0,0,0,0.022,True,False,False,stage1_nr,False,,,0,False,,False,,0
CNG_Data2k/files/Q00897.01-0000561254.MSG,Q00897.01-0000561254.MSG,.msg,190976,ok,True,False,text,False,0,0,1,False,0,False,0-10,Name | Address,True,Contact Information,False,,ambiguous,True,no,4261,likely_non_responsive,,False,False,0,0,0,0,0,0,1.707,True,False,False,stage1_nr,False,,,0,False,,False,,4261
CNG_Data2k/files/Q00897.01-0000795959.MSG,Q00897.01-0000795959.MSG,.msg,110592,ok,True,False,text,False,0,1,7,False,5,False,0-10,Name | Address | Email | Phone,True,Contact Information,False,,ambiguous,True,yes,8229,standard,bde_llm_count,False,False,0,0,0,0,0,0,3.954,False,False,True,,True,likely_no,no,4569,False,likely_non_responsive,True,,12798
CNG_Data2k/files/Q00897.01-0000467112.MSG,Q00897.01-0000467112.MSG,.msg,188928,ok,True,False,text,False,0,2,3,False,0,False,0-10,Name | Address | Email | Phone | Card Expiry/CVV | Money/Amount,True,Contact Information | Financial Account Information,False,,ambiguous,True,yes,6062,standard,,False,False,0,0,0,0,0,0,3.129,False,False,True,,True,likely_no,no,6106,False,likely_non_responsive,True,,12168
CNG_Data2k/files/Q00897.01-0000133901.PDF,Q00897.01-0000133901.PDF,.pdf,803591,ok,True,True,text,True,4,0,47,False,0,False,20-50,Phone | Money/Amount,True,Contact Information | Financial Account Information,False,,ambiguous,True,no,8740,likely_non_responsive,bde_llm_count,True,True,4,0,0,0,0,1,8.288,True,False,False,stage1_nr,False,,,0,False,,False,,8740
CNG_Data2k/files/Q00897.01-0000307373.MSG,Q00897.01-0000307373.MSG,.msg,633856,ok,True,False,text,False,0,1,1,False,0,False,0-10,Name | Email | Phone | Card/Transaction,True,Contact Information | Financial Account Information,False,,ambiguous,True,yes,4253,standard,,False,False,0,0,0,0,0,0,3.019,False,False,True,,True,likely_no,no,4321,False,likely_non_responsive,True,,8574
CNG_Data2k/files/Q00897.01-0000249240.PDF,Q00897.01-0000249240.PDF,.pdf,371352,ok,True,True,text,True,2,0,13,False,1,False,10-20,Name | Address | Email | Phone | Money/Amount,True,Contact Information | Financial Account Information,False,,ambiguous,True,yes,8091,standard,bde_llm_count,True,True,2,0,0,0,0,1,10.892,False,False,True,,True,clear_no,no,4515,False,likely_non_responsive,True,,12606
CNG_Data2k/files/Q00897.01-0000651977.0001.XLSX,Q00897.01-0000651977.0001.XLSX,.xlsx,27768,ok,True,True,text,True,4,0,140,False,0,False,100+,Phone | Money/Amount,True,Contact Information | Financial Account Information,False,,ambiguous,True,no,7225,likely_non_responsive,roster_by_rowcount bde_llm_count,False,False,0,0,0,0,0,0,2.118,True,False,False,stage1_nr,False,,,0,False,,False,,7225
CNG_Data2k/files/Q00897.01-0000112118.XLSX,Q00897.01-0000112118.XLSX,.xlsx,34121,ok,True,True,text,True,1,0,573,False,0,False,100+,Payment Card | Work-Related,True,Financial Account Information | Work-Related Information,False,,ambiguous,True,no,8379,likely_non_responsive,roster_by_rowcount bde_llm_count,False,False,0,0,0,0,0,0,2.329,True,False,False,stage1_nr,False,,,0,False,,False,,8379
CNG_Data2k/files/Q00897.01-0000908093.PDF,Q00897.01-0000908093.PDF,.pdf,20157,ok,True,False,text,False,2,0,0,False,0,False,0-10,,False,,False,,clear_non_responsive,False,,0,likely_non_responsive,,False,False,0,0,0,0,0,0,0.155,True,False,False,stage1_nr,False,,,0,False,,False,,0
CNG_Data2k/files/Q00897.01-0000913503.PDF,Q00897.01-0000913503.PDF,.pdf,38027,ok,True,True,text,True,2,0,27,False,27,False,20-50,Address | Phone | SSN | Money/Amount,True,Contact Information | Government-Issued Identification | Financial Account Information,False,,clear_responsive,False,,3783,standard,bde_llm_count_roster,True,True,2,0,0,0,0,1,7.916,False,False,True,,True,clear_yes,yes,4729,False,standard,False,,8512
CNG_Data2k/files/Q00897.01-0000811683.0001.PDF,Q00897.01-0000811683.0001.PDF,.pdf,694248,ok,True,False,text,False,4,0,1,False,0,False,0-10,Name | Address | Money/Amount,True,Contact Information | Financial Account Information,False,,ambiguous,True,no,6440,likely_non_responsive,,True,True,4,0,0,0,0,1,7.276,True,False,False,stage1_nr,False,,,0,False,,False,,6440
CNG_Data2k/files/Q00897.01-0000773686.MSG,Q00897.01-0000773686.MSG,.msg,42496,ok,True,False,text,False,0,0,7,False,7,False,0-10,Name | Email | Money/Amount,True,Contact Information | Financial Account Information,False,,ambiguous,True,yes,11426,standard,bde_llm_count,False,False,0,0,0,0,0,0,5.78,False,False,True,,True,likely_no,no,6125,False,likely_non_responsive,True,,17551
CNG_Data2k/files/Q00897.01-0000007109.PDF,Q00897.01-0000007109.PDF,.pdf,332212,ok,True,True,text,True,4,0,5,False,0,False,0-10,Address | Phone | Bank/Account Number | Money/Amount,True,Contact Information | Financial Account Information,False,,ambiguous,True,no,8353,likely_non_responsive,bde_llm_count,True,True,4,0,0,0,0,1,7.183,True,False,False,stage1_nr,False,,,0,False,,False,,8353
CNG_Data2k/files/Q00897.01-0000839869.0002.PDF,Q00897.01-0000839869.0002.PDF,.pdf,361179,ok,True,True,text,True,13,0,28,False,2,False,20-50,Name | Address | Email,True,Contact Information,False,,ambiguous,True,yes,10893,standard,bde_llm_count,True,True,13,0,0,0,0,1,10.784,False,False,True,,True,likely_no,no,5919,False,likely_non_responsive,True,,16812
CNG_Data2k/files/Q00897.01-0000387503.MSG,Q00897.01-0000387503.MSG,.msg,87040,ok,True,False,text,False,0,0,1,False,0,False,0-10,Address | Email,True,Contact Information,False,,ambiguous,True,no,3904,likely_non_responsive,,False,False,0,0,0,0,0,0,1.394,True,False,False,stage1_nr,False,,,0,False,,False,,3904
CNG_Data2k/files/Q00897.01-0000786468.MSG,Q00897.01-0000786468.MSG,.msg,2053632,ok,True,False,text,False,0,2,5,False,0,False,0-10,Name | Address | Email | Phone | Card/Transaction,True,Contact Information | Financial Account Information,False,,ambiguous,True,yes,4303,standard,,False,False,0,0,0,0,0,0,3.71,False,False,True,,True,borderline,no,4364,False,likely_non_responsive,True,,8667
CNG_Data2k/files/Q00897.01-0000833447.MSG,Q00897.01-0000833447.MSG,.msg,59904,ok,True,False,text,False,0,1,6,False,0,False,0-10,Name | Address | Email | Phone | Money/Amount,True,Contact Information | Financial Account Information,False,,ambiguous,True,yes,8967,standard,,False,False,0,0,0,0,0,0,3.8,False,False,True,,True,likely_no,no,9056,False,likely_non_responsive,True,,18023
CNG_Data2k/files/Q00897.01-0000479833.0001.PDF,Q00897.01-0000479833.0001.PDF,.pdf,953226,ok,True,True,text,True,2,0,10,False,2,False,0-10,Name | Address | Phone | Health,True,Contact Information | Health-Related Information,False,,ambiguous,True,no,9867,likely_non_responsive,bde_llm_count,True,True,2,0,0,0,0,1,7.937,True,False,False,stage1_nr,False,,,0,False,,False,,9867
CNG_Data2k/files/Q00897.01-0000795819.MSG,Q00897.01-0000795819.MSG,.msg,64000,ok,True,False,text,False,0,0,4,False,0,False,0-10,Name | Address | Email | Phone | Card/Transaction | Money/Amount,True,Contact Information | Financial Account Information,False,,ambiguous,True,yes,5717,standard,,False,False,0,0,0,0,0,0,4.066,False,False,True,,True,borderline,no,5797,False,likely_non_responsive,True,,11514
CNG_Data2k/files/Q00897.01-0000799559.MSG,Q00897.01-0000799559.MSG,.msg,170496,ok,True,False,text,False,0,0,5,False,0,False,0-10,Name | Address | Email | Phone | Money/Amount,True,Contact Information | Financial Account Information,False,,ambiguous,True,yes,6747,standard,,False,False,0,0,0,0,0,0,3.684,False,False,True,,True,likely_yes,yes,6768,False,standard,False,,13515
CNG_Data2k/files/Q00897.01-0000914131.PDF,Q00897.01-0000914131.PDF,.pdf,8186,ok,True,False,text,False,4,0,2,False,0,False,0-10,Name | Address | Phone | Money/Amount,True,Contact Information | Financial Account Information,False,,ambiguous,True,yes,6543,standard,,False,False,0,0,0,0,0,0,2.568,False,False,True,,True,clear_yes,yes,6591,False,standard,False,,13134
CNG_Data2k/files/Q00897.01-0000288174.XLSX,Q00897.01-0000288174.XLSX,.xlsx,483453,ok,True,True,text,True,1,0,65,False,65,True,50-100,Name,False,,True,,ambiguous,True,no,7299,structured_bde,roster_by_rowcount bde_llm_count_roster,False,False,0,0,0,0,0,0,6.259,False,True,True,,True,likely_no,no,4184,True,likely_non_responsive,True,,11483
CNG_Data2k/files/Q00897.01-0000419322.0001.XLSX,Q00897.01-0000419322.0001.XLSX,.xlsx,11560448,ok,True,True,text,True,74,0,4917,False,0,False,100+,Phone | Payment Card | Money/Amount,True,Contact Information | Financial Account Information,False,,ambiguous,True,no,18367,likely_non_responsive,bde_llm_count,False,False,0,0,0,0,0,0,12.928,True,False,False,stage1_nr,False,,,0,False,,False,,18367
CNG_Data2k/files/Q00897.01-0000904396.PDF,Q00897.01-0000904396.PDF,.pdf,11477,ok,True,False,text,False,1,0,0,False,0,False,0-10,,False,,False,,clear_non_responsive,False,,0,likely_non_responsive,,False,False,0,0,0,0,0,0,0.036,True,False,False,stage1_nr,False,,,0,False,,False,,0
CNG_Data2k/files/Q00897.01-0000369225.MSG,Q00897.01-0000369225.MSG,.msg,221696,ok,True,False,text,False,0,0,1,False,0,False,0-10,Name | Address | Email | Phone | Money/Amount,True,Contact Information | Financial Account Information,False,,ambiguous,True,no,4178,likely_non_responsive,,False,False,0,0,0,0,0,0,60.27,True,False,False,stage1_nr,False,,,0,False,,False,,4178
CNG_Data2k/files/Q00897.01-0000141391.XLSX,Q00897.01-0000141391.XLSX,.xlsx,82004,ok,True,True,text,True,3,0,669,False,0,False,100+,Address | Phone | Money/Amount,True,Contact Information | Financial Account Information,False,,ambiguous,True,no,13958,likely_non_responsive,roster_by_rowcount bde_llm_count,False,False,0,0,0,0,0,0,2.241,True,False,False,stage1_nr,False,,,0,False,,False,,13958
CNG_Data2k/files/Q00897.01-0000895038.PDF,Q00897.01-0000895038.PDF,.pdf,117724,ok,True,False,text,False,1,0,1,False,0,False,0-10,Name | Money/Amount | Work-Related,False,Financial Account Information | Work-Related Information,False,,ambiguous,True,yes,4101,standard,,False,False,0,0,0,0,0,0,2.678,False,False,True,,True,likely_yes,yes,4177,False,standard,False,,8278
CNG_Data2k/files/Q00897.01-0000901941.PDF,Q00897.01-0000901941.PDF,.pdf,19001,ok,True,True,text,True,3,0,54,False,2,False,50-100,Name | Address | Phone | Money/Amount | Work-Related,True,Contact Information | Financial Account Information | Work-Related Information,False,,ambiguous,True,yes,8934,standard,bde_llm_count,True,True,3,0,0,0,0,1,9.295,False,False,True,,True,clear_yes,yes,4931,True,structured_bde,False,,13865
CNG_Data2k/files/Q00897.01-0000369631.MSG,Q00897.01-0000369631.MSG,.msg,212480,ok,True,False,text,False,0,1,1,False,0,False,0-10,Name | Address | Email | Card/Transaction | Money/Amount,True,Contact Information | Financial Account Information,False,,ambiguous,True,yes,4023,standard,,False,False,0,0,0,0,0,0,4.835,False,False,True,,True,likely_no,no,4069,False,likely_non_responsive,True,,8092
CNG_Data2k/files/Q00897.01-0000669103.MSG,Q00897.01-0000669103.MSG,.msg,167936,ok,True,False,text,False,0,2,3,False,0,False,0-10,Name | Phone,True,Contact Information,False,,ambiguous,True,no,3746,likely_non_responsive,,False,False,0,0,0,0,0,0,1.165,True,False,False,stage1_nr,False,,,0,False,,False,,3746
CNG_Data2k/files/Q00897.01-0000808265.0001.DOCX,Q00897.01-0000808265.0001.DOCX,.docx,35810,ok,True,False,text,False,0,0,2,False,0,False,0-10,Name | Email | Phone,True,Contact Information,False,,ambiguous,True,no,6704,likely_non_responsive,,False,False,0,0,0,0,0,0,1.223,True,False,False,stage1_nr,False,,,0,False,,False,,6704
CNG_Data2k/files/Q00897.01-0000519150.0001.XLSX,Q00897.01-0000519150.0001.XLSX,.xlsx,80545,ok,True,True,text,True,1,0,283,False,1,False,100+,Name | Phone | Money/Amount,True,Contact Information | Financial Account Information,False,,ambiguous,True,yes,18475,standard,bde_llm_count,False,False,0,0,0,0,0,0,64.994,False,False,True,,True,likely_no,no,9690,True,likely_non_responsive,True,,28165
CNG_Data2k/files/Q00897.01-0000601581.MSG,Q00897.01-0000601581.MSG,.msg,108032,ok,True,False,text,False,0,0,7,False,7,False,0-10,Name | Email | Phone,True,Contact Information,False,,ambiguous,True,yes,8562,standard,bde_llm_count,False,False,0,0,0,0,0,0,4.253,False,False,True,,True,likely_no,no,4739,False,likely_non_responsive,True,,13301
CNG_Data2k/files/Q00897.01-0000557952.0001.PDF,Q00897.01-0000557952.0001.PDF,.pdf,20949,ok,True,False,text,False,1,0,0,False,0,False,0-10,,False,,False,,clear_non_responsive,False,,0,likely_non_responsive,,False,False,0,0,0,0,0,0,0.027,True,False,False,stage1_nr,False,,,0,False,,False,,0
CNG_Data2k/files/Q00897.01-0000706241.MSG,Q00897.01-0000706241.MSG,.msg,155136,ok,True,False,text,False,0,0,2,False,0,False,0-10,Name | Email | Phone | Money/Amount,True,Contact Information | Financial Account Information,False,,ambiguous,True,no,4221,likely_non_responsive,,False,False,0,0,0,0,0,0,1.226,True,False,False,stage1_nr,False,,,0,False,,False,,4221
CNG_Data2k/files/Q00897.01-0000275313.PDF,Q00897.01-0000275313.PDF,.pdf,42015,ok,True,False,text,False,1,0,2,False,0,False,0-10,Name | Address | Phone,True,Contact Information,False,,ambiguous,True,no,4047,likely_non_responsive,,True,True,1,0,0,0,0,1,7.635,True,False,False,stage1_nr,False,,,0,False,,False,,4047
CNG_Data2k/files/Q00897.01-0000838253.MSG,Q00897.01-0000838253.MSG,.msg,271360,ok,True,False,text,False,0,3,18,False,6,False,10-20,Name | Address | Email | Phone | Card/Transaction,True,Contact Information | Financial Account Information,False,,ambiguous,True,yes,12262,standard,bde_llm_count,False,False,0,0,0,0,0,0,5.998,False,False,True,,True,clear_no,no,6557,False,likely_non_responsive,True,,18819
CNG_Data2k/files/Q00897.01-0000115153.PDF,Q00897.01-0000115153.PDF,.pdf,16613,ok,True,False,text,False,9,0,1,False,0,False,0-10,Card/Transaction | Money/Amount | Work-Related,False,Financial Account Information | Work-Related Information,False,,ambiguous,True,no,10722,likely_non_responsive,,False,False,0,0,0,0,0,0,1.427,True,False,False,stage1_nr,False,,,0,False,,False,,10722
CNG_Data2k/files/Q00897.01-0000260642.XLSX,Q00897.01-0000260642.XLSX,.xlsx,117432,ok,True,True,text,True,1,0,617,False,1,False,100+,Name | Phone | Payment Card | Money/Amount,True,Contact Information | Financial Account Information,False,,ambiguous,True,yes,19850,standard,roster_by_rowcount bde_llm_count,False,False,0,0,0,0,0,0,4.147,False,False,True,,True,likely_no,no,10402,True,likely_non_responsive,True,,30252
CNG_Data2k/files/Q00897.01-0000857653.XLSX,Q00897.01-0000857653.XLSX,.xlsx,31333,ok,True,True,text,True,3,0,191,False,191,True,100+,Name | Money/Amount | Credentials | Work-Related,False,Financial Account Information | Access Credentials | Work-Related Information,True,,ambiguous,True,yes,8866,structured_bde,roster_by_rowcount bde_llm_count_roster,False,False,0,0,0,0,0,0,4.959,False,True,True,,True,likely_yes,yes,4900,True,structured_bde,False,,13766
CNG_Data2k\files\Q00897.01-0000018570.XLS,Q00897.01-0000018570.XLS,.xls,70616,ok,True,True,text,True,2,0,3,False,2,False,0-10,Name | Address | Phone,True,Contact Information,False,,ambiguous,True,yes,3969,standard,bde_llm_count_roster,False,False,0,0,0,0,0,0,3.406,False,False,True,,True,likely_yes,yes,2593,False,standard,False,,6562
CNG_Data2k/files/Q00897.01-0000809408.0001.PDF,Q00897.01-0000809408.0001.PDF,.pdf,141669,ok,True,False,text,False,2,0,2,False,0,False,0-10,Name | Address | Health,True,Contact Information | Health-Related Information,False,,ambiguous,True,no,5697,likely_non_responsive,,False,False,0,0,0,0,0,0,1.47,True,False,False,stage1_nr,False,,,0,False,,False,,5697
CNG_Data2k/files/Q00897.01-0000867113.PDF,Q00897.01-0000867113.PDF,.pdf,123493,ok,True,False,text,False,4,0,2,False,0,False,0-10,Name | Address | Phone,True,Contact Information,False,,ambiguous,True,yes,11342,standard,,False,False,0,0,0,0,0,0,3.192,False,False,True,,True,clear_yes,yes,11397,False,standard,False,,22739
CNG_Data2k/files/Q00897.01-0000107298.PDF,Q00897.01-0000107298.PDF,.pdf,1727276,ok,True,False,text,False,13,0,5,False,0,False,0-10,Name | Address | Phone | Bank/Account Number | Money/Amount | Health | Work-Related,True,Contact Information | Financial Account Information | Health-Related Information | Work-Related Information,False,,ambiguous,True,yes,9332,standard,"img_ocr:p1,p2(2/3,+50chars)",False,False,0,3,3,2,0,3,16.527,False,False,True,,True,clear_no,no,9343,False,likely_non_responsive,True,,18675
CNG_Data2k/files/Q00897.01-0000024205.PDF,Q00897.01-0000024205.PDF,.pdf,21957,ok,True,False,text,False,1,0,1,False,0,False,0-10,Money/Amount,False,Financial Account Information,False,,clear_non_responsive,False,,0,likely_non_responsive,"img_ocr:p1,p1,p1(3/3,+3chars)",False,False,0,3,3,3,0,3,12.552,True,False,False,stage1_nr,False,,,0,False,,False,,0
CNG_Data2k/files/Q00897.01-0000247543.PDF,Q00897.01-0000247543.PDF,.pdf,508504,ok,True,False,text,False,5,0,1,False,0,False,0-10,Name | Address | Bank/Account Number | Money/Amount,True,Contact Information | Financial Account Information,False,,ambiguous,True,yes,4780,standard,"img_ocr:p3(1/1,+438chars)",False,False,0,1,1,1,0,1,7.111,False,False,True,,True,likely_no,no,4838,False,likely_non_responsive,True,,9618
CNG_Data2k/files/Q00897.01-0000484059.MSG,Q00897.01-0000484059.MSG,.msg,26112,ok,True,False,text,False,0,0,14,False,6,False,10-20,Name,False,,False,,ambiguous,True,no,8093,likely_non_responsive,bde_llm_count,False,False,0,0,0,0,0,0,2.685,True,False,False,stage1_nr,False,,,0,False,,False,,8093
CNG_Data2k/files/Q00897.01-0000866852.PDF,Q00897.01-0000866852.PDF,.pdf,1079779,ok,True,False,text,False,9,0,19,False,19,False,10-20,Address | Phone | SSN | Money/Amount,True,Contact Information | Government-Issued Identification | Financial Account Information,False,,clear_responsive,False,,7036,standard,"img_ocr:p5(1/1,+77chars) bde_llm_count_roster",False,False,0,1,1,1,0,1,7.144,False,False,True,,True,clear_yes,yes,8029,False,standard,False,,15065
CNG_Data2k/files/Q00897.01-0000005962.PDF,Q00897.01-0000005962.PDF,.pdf,72640,ok,True,False,text,False,1,0,0,False,0,False,0-10,,False,,False,,clear_non_responsive,False,,0,likely_non_responsive,,True,True,1,0,0,0,0,1,4.284,True,False,False,stage1_nr,False,,,0,False,,False,,0
CNG_Data2k/files/Q00897.01-0000901997.PDF,Q00897.01-0000901997.PDF,.pdf,15669,ok,True,True,text,True,2,0,37,False,2,False,20-50,Name | Address | Phone | Money/Amount | Work-Related,True,Contact Information | Financial Account Information | Work-Related Information,False,,ambiguous,True,yes,8052,standard,bde_llm_count,True,True,2,0,0,0,0,1,8.342,False,False,True,,True,clear_yes,yes,4504,False,standard,False,,12556
CNG_Data2k/files/Q00897.01-0000770048.0001.PDF,Q00897.01-0000770048.0001.PDF,.pdf,509581,ok,True,True,text,True,15,0,187,False,6,False,100+,Phone | Money/Amount,True,Contact Information | Financial Account Information,False,,ambiguous,True,no,17133,likely_non_responsive,bde_llm_count,True,True,15,0,0,0,0,1,9.193,True,False,False,stage1_nr,False,,,0,False,,False,,17133
CNG_Data2k/files/Q00897.01-0000256898.PDF,Q00897.01-0000256898.PDF,.pdf,94688,ok,True,False,text,False,2,0,3,False,0,False,0-10,Name | Phone | Account Balance | Money/Amount,True,Contact Information | Financial Account Information,False,,ambiguous,True,no,4179,likely_non_responsive,,False,False,0,0,0,0,0,0,1.341,True,False,False,stage1_nr,False,,,0,False,,False,,4179
CNG_Data2k/files/Q00897.01-0000016687.PDF,Q00897.01-0000016687.PDF,.pdf,759569,ok,True,True,text,True,5,0,125,False,2,False,100+,Name | Phone | Account Balance | Money/Amount | Work-Related,True,Contact Information | Financial Account Information | Work-Related Information,False,,ambiguous,True,yes,13009,standard,bde_llm_count,True,True,5,0,0,0,0,1,12.12,False,False,True,,True,clear_yes,yes,6954,True,structured_bde,False,,19963
CNG_Data2k/files/Q00897.01-0000900576.PDF,Q00897.01-0000900576.PDF,.pdf,15410,ok,True,False,text,False,2,0,1,False,0,False,0-10,Money/Amount,False,Financial Account Information,False,,clear_non_responsive,False,,0,likely_non_responsive,,False,False,0,0,0,0,0,0,0.074,True,False,False,stage1_nr,False,,,0,False,,False,,0
CNG_Data2k\files\Q00897.01-0000127204.XLS,Q00897.01-0000127204.XLS,.xls,39985,ok,True,True,text,True,2,0,136,False,0,False,100+,,False,,False,,ambiguous,True,no,4041,likely_non_responsive,roster_by_rowcount bde_llm_count,False,False,0,0,0,0,0,0,2.353,True,False,False,stage1_nr,False,,,0,False,,False,,4041
CNG_Data2k/files/Q00897.01-0000277143.PDF,Q00897.01-0000277143.PDF,.pdf,292445,ok,True,False,text,False,4,0,8,False,5,False,0-10,Name | Address | Email | Phone | Money/Amount,True,Contact Information | Financial Account Information,False,,ambiguous,True,yes,9670,standard,bde_llm_count,False,False,0,0,0,0,0,0,5.355,False,False,True,,True,likely_no,no,5298,False,likely_non_responsive,True,,14968
CNG_Data2k/files/Q00897.01-0000596411.0001.PNG,Q00897.01-0000596411.0001.PNG,.png,392314,ok,True,True,text,True,1,0,27,False,0,False,20-50,Money/Amount,False,Financial Account Information,False,,ambiguous,True,no,9874,likely_non_responsive,bde_llm_count,True,True,1,0,0,0,0,1,6.403,True,False,False,stage1_nr,False,,,0,False,,False,,9874
CNG_Data2k/files/Q00897.01-0000401083.0001.XLSX,Q00897.01-0000401083.0001.XLSX,.xlsx,1707584,ok,True,True,text,True,6,0,36800,False,0,False,100+,Address | Payment Card | Money/Amount,True,Contact Information | Financial Account Information,False,,ambiguous,True,no,11840,likely_non_responsive,roster_by_rowcount bde_llm_count,False,False,0,0,0,0,0,0,4.448,True,False,False,stage1_nr,False,,,0,False,,False,,11840
CNG_Data2k/files/Q00897.01-0000573809.0001.XLSX,Q00897.01-0000573809.0001.XLSX,.xlsx,59900,ok,True,True,text,True,1,0,428,False,0,False,100+,Payment Card | Money/Amount,True,Financial Account Information,False,,ambiguous,True,no,17930,likely_non_responsive,roster_by_rowcount bde_llm_count,False,False,0,0,0,0,0,0,2.49,True,False,False,stage1_nr,False,,,0,False,,False,,17930
CNG_Data2k/files/Q00897.01-0000699698.MSG,Q00897.01-0000699698.MSG,.msg,268800,ok,True,False,text,False,0,0,1,False,0,False,0-10,Address | Phone,True,Contact Information,False,,ambiguous,True,no,4070,likely_non_responsive,,False,False,0,0,0,0,0,0,1.959,True,False,False,stage1_nr,False,,,0,False,,False,,4070
CNG_Data2k/files/Q00897.01-0000806736.MSG,Q00897.01-0000806736.MSG,.msg,296960,ok,True,False,text,False,0,2,4,False,0,False,0-10,Name | Email | Phone,True,Contact Information,False,,ambiguous,True,yes,4280,standard,,False,False,0,0,0,0,0,0,2.493,False,False,True,,True,likely_no,no,4357,False,likely_non_responsive,True,,8637
CNG_Data2k/files/Q00897.01-0000252370.PDF,Q00897.01-0000252370.PDF,.pdf,135380,ok,True,False,text,False,1,0,2,False,0,False,0-10,Name | Address | Phone | Money/Amount,True,Contact Information | Financial Account Information,False,,ambiguous,True,no,3826,likely_non_responsive,,True,True,1,0,0,0,0,1,5.602,True,False,False,stage1_nr,False,,,0,False,,False,,3826
CNG_Data2k/files/Q00897.01-0000904514.PDF,Q00897.01-0000904514.PDF,.pdf,68621,ok,True,False,text,False,13,0,2,False,0,False,0-10,Address | Phone | SSN | Money/Amount | Work-Related,True,Contact Information | Government-Issued Identification | Financial Account Information | Work-Related Information,False,,clear_responsive,False,,0,standard,,False,False,0,0,0,0,0,0,2.671,False,False,True,,True,clear_yes,yes,14345,False,standard,False,,14345
CNG_Data2k/files/Q00897.01-0000001863.0001.PDF,Q00897.01-0000001863.0001.PDF,.pdf,205677,ok,True,True,text,True,4,0,12,False,1,False,10-20,Name | Address | Phone | SSN | Money/Amount,True,Contact Information | Government-Issued Identification | Financial Account Information,False,,clear_responsive,False,,5499,standard,bde_llm_count,True,True,4,0,0,0,0,1,11.445,False,False,True,,True,clear_yes,yes,6386,False,standard,False,,11885
CNG_Data2k/files/Q00897.01-0000874008.PDF,Q00897.01-0000874008.PDF,.pdf,114638,ok,True,False,text,False,3,0,0,False,0,False,0-10,,False,,False,,clear_non_responsive,False,,0,likely_non_responsive,,False,False,0,0,0,0,0,0,0.361,True,False,False,stage1_nr,False,,,0,False,,False,,0
CNG_Data2k/files/Q00897.01-0000102259.XLSX,Q00897.01-0000102259.XLSX,.xlsx,43346,ok,True,True,text,True,1,0,188,False,0,False,100+,Address,True,Contact Information,False,,ambiguous,True,no,7153,likely_non_responsive,roster_by_rowcount bde_llm_count,False,False,0,0,0,0,0,0,1.787,True,False,False,stage1_nr,False,,,0,False,,False,,7153
CNG_Data2k/files/Q00897.01-0000545479.MSG,Q00897.01-0000545479.MSG,.msg,104448,ok,True,False,text,False,0,0,8,False,2,False,0-10,Name | Biometric,False,Biometric Data,False,,ambiguous,True,yes,7165,standard,bde_llm_count,False,False,0,0,0,0,0,0,8.846,False,False,True,,True,borderline,no,4039,False,likely_non_responsive,True,,11204
CNG_Data2k/files/Q00897.01-0000645112.0001.HTM,Q00897.01-0000645112.0001.HTM,.htm,40220,ok,True,False,text,False,0,0,0,False,0,False,0-10,,False,,False,,clear_non_responsive,False,,0,likely_non_responsive,,False,False,0,0,0,0,0,0,0.017,True,False,False,stage1_nr,False,,,0,False,,False,,0
CNG_Data2k/files/Q00897.01-0000002814.PDF,Q00897.01-0000002814.PDF,.pdf,2510412,ok,True,False,text,False,1,0,2,False,0,False,0-10,Name | Address | Email | Phone | SSN | Money/Amount | Work-Related,True,Contact Information | Government-Issued Identification | Financial Account Information | Work-Related Information,False,,clear_responsive,False,,0,standard,,False,False,0,0,0,0,0,0,1.355,False,False,True,,True,clear_yes,yes,4209,False,standard,False,,4209
CNG_Data2k/files/Q00897.01-0000451439.0001.HEIC,Q00897.01-0000451439.0001.HEIC,.heic,2936620,no_parser,False,False,unknown,False,0,0,0,False,0,False,,,False,,False,,,False,,0,needs_parser,unsupported_ext,False,False,0,0,0,0,0,0,0.0,False,False,False,no_parser,False,,,0,False,,False,,0
CNG_Data2k/files/Q00897.01-0000426203.0001.XLSX,Q00897.01-0000426203.0001.XLSX,.xlsx,24946,ok,True,True,text,True,1,0,275,False,0,False,100+,Phone | Money/Amount,True,Contact Information | Financial Account Information,False,,ambiguous,True,no,8364,likely_non_responsive,roster_by_rowcount bde_llm_count,False,False,0,0,0,0,0,0,2.786,True,False,False,stage1_nr,False,,,0,False,,False,,8364
CNG_Data2k\files\Q00897.01-0000126637.XLS,Q00897.01-0000126637.XLS,.xls,12677,ok,True,True,text,True,1,0,1,False,1,False,0-10,Name | Address | Bank/Account Number,True,Contact Information | Financial Account Information,False,,ambiguous,True,yes,3370,standard,bde_llm_count,False,False,0,0,0,0,0,0,2.961,False,False,True,,True,likely_yes,yes,2292,False,standard,False,,5662
CNG_Data2k/files/Q00897.01-0000278445.PDF,Q00897.01-0000278445.PDF,.pdf,933238,ok,True,True,text,True,3,0,14,False,2,False,10-20,Name | Address | Email | Phone | Card/Transaction | Money/Amount,True,Contact Information | Financial Account Information,False,,ambiguous,True,yes,8839,standard,bde_llm_count,True,True,3,0,0,0,0,1,9.073,False,False,True,,True,clear_yes,yes,4875,False,standard,False,,13714
CNG_Data2k/files/Q00897.01-0000539394.MSG,Q00897.01-0000539394.MSG,.msg,133632,ok,True,False,text,False,0,0,1,False,0,False,0-10,Email,True,Contact Information,False,,ambiguous,True,no,5001,likely_non_responsive,,False,False,0,0,0,0,0,0,1.402,True,False,False,stage1_nr,False,,,0,False,,False,,5001
CNG_Data2k/files/Q00897.01-0000860871.PDF,Q00897.01-0000860871.PDF,.pdf,132537,ok,True,True,text,True,1,0,25,False,1,False,20-50,Name | Money/Amount,False,Financial Account Information,False,,ambiguous,True,yes,7208,standard,bde_llm_count,True,True,1,0,0,0,0,1,7.391,False,False,True,,True,clear_yes,yes,4069,False,standard,False,,11277
CNG_Data2k/files/Q00897.01-0000641972.MSG,Q00897.01-0000641972.MSG,.msg,19968,ok,True,False,text,False,0,0,0,False,0,False,0-10,,False,,False,,clear_non_responsive,False,,0,likely_non_responsive,,False,False,0,0,0,0,0,0,0.017,True,False,False,stage1_nr,False,,,0,False,,False,,0
CNG_Data2k/files/Q00897.01-0000702563.MSG,Q00897.01-0000702563.MSG,.msg,130048,ok,True,False,text,False,0,0,2,False,0,False,0-10,Name | Address | Email,True,Contact Information,False,,ambiguous,True,yes,3855,standard,,False,False,0,0,0,0,0,0,2.812,False,False,True,,True,borderline,no,3926,False,likely_non_responsive,True,,7781
CNG_Data2k/files/Q00897.01-0000004690.PDF,Q00897.01-0000004690.PDF,.pdf,1106756,ok,True,True,text,True,1,0,43,False,2,False,20-50,Name | Money/Amount | Work-Related,False,Financial Account Information | Work-Related Information,False,,ambiguous,True,yes,8034,standard,bde_llm_count,True,True,1,0,0,0,0,1,13.787,False,False,True,,True,clear_yes,yes,4468,False,standard,False,,12502
CNG_Data2k/files/Q00897.01-0000531084.0001.PDF,Q00897.01-0000531084.0001.PDF,.pdf,60395,ok,True,False,text,False,20,0,1,False,0,False,0-10,Address | Card/Transaction | Money/Amount,True,Contact Information | Financial Account Information,False,,ambiguous,True,no,15764,likely_non_responsive,,False,False,0,0,0,0,0,0,59.45,True,False,False,stage1_nr,False,,,0,False,,False,,15764
CNG_Data2k/files/Q00897.01-0000485743.MSG,Q00897.01-0000485743.MSG,.msg,70144,ok,True,False,text,False,0,1,18,False,10,False,10-20,Name | Email | Phone | Money/Amount | Work-Related,True,Contact Information | Financial Account Information | Work-Related Information,False,,ambiguous,True,yes,16613,standard,bde_llm_count,False,False,0,0,0,0,0,0,7.253,False,False,True,,False,,yes,0,False,standard,False,llm_failed:RateLimitError,16613
CNG_Data2k/files/Q00897.01-0000586508.0001.0002.CSV,Q00897.01-0000586508.0001.0002.CSV,.csv,16369,ok,True,True,text,True,0,0,102,False,0,False,100+,Money/Amount,False,Financial Account Information,False,,ambiguous,True,no,12841,likely_non_responsive,roster_by_rowcount bde_llm_count,False,False,0,0,0,0,0,0,2.075,True,False,False,stage1_nr,False,,,0,False,,False,,12841
CNG_Data2k/files/Q00897.01-0000868020.PDF,Q00897.01-0000868020.PDF,.pdf,2672314,ok,True,False,text,False,36,0,22,False,19,False,20-50,Name | Address | Phone | SSN | Money/Amount,True,Contact Information | Government-Issued Identification | Financial Account Information,False,,clear_responsive,False,,13486,standard,"img_ocr:p5,p6,p8(3/3,+231chars) bde_llm_count_roster",False,False,0,3,3,3,0,3,77.283,False,False,True,,True,clear_yes,yes,14442,False,standard,False,,27928
CNG_Data2k/files/Q00897.01-0000024053.XLSX,Q00897.01-0000024053.XLSX,.xlsx,532180,ok,True,True,text,True,2,0,2470,False,2470,True,100+,Name | Money/Amount,False,Financial Account Information,True,,ambiguous,True,yes,18479,structured_bde,roster_by_rowcount bde_llm_count_roster,False,False,0,0,0,0,0,0,8.994,False,True,True,,True,clear_yes,yes,9863,True,structured_bde,False,,28342
CNG_Data2k/files/Q00897.01-0000903328.PDF,Q00897.01-0000903328.PDF,.pdf,20433,ok,True,False,text,False,3,0,1,False,0,False,0-10,Address | Phone | Money/Amount,True,Contact Information | Financial Account Information,False,,ambiguous,True,no,5833,likely_non_responsive,,False,False,0,0,0,0,0,0,1.163,True,False,False,stage1_nr,False,,,0,False,,False,,5833
CNG_Data2k/files/Q00897.01-0000294910.XLSX,Q00897.01-0000294910.XLSX,.xlsx,11485,ok,True,True,text,True,1,0,7,False,7,False,0-10,Name | Money/Amount | Work-Related,False,Financial Account Information | Work-Related Information,False,,ambiguous,True,yes,7400,standard,bde_llm_count_roster,False,False,0,0,0,0,0,0,5.949,False,False,True,,True,likely_yes,yes,4134,False,standard,False,,11534
CNG_Data2k/files/Q00897.01-0000258078.PDF,Q00897.01-0000258078.PDF,.pdf,445684,ok,True,False,text,False,7,0,2,False,0,False,0-10,Name | Address | Bank/Account Number | Money/Amount,True,Contact Information | Financial Account Information,False,,ambiguous,True,yes,6255,standard,"img_ocr:p2(1/1,+242chars)",False,False,0,1,1,1,0,1,6.736,False,False,True,,True,likely_no,no,6335,False,likely_non_responsive,True,,12590
CNG_Data2k/files/Q00897.01-0000846409.0001.DOCX,Q00897.01-0000846409.0001.DOCX,.docx,44265,ok,True,False,text,False,0,0,1,False,0,False,0-10,Money/Amount | Work-Related,False,Financial Account Information | Work-Related Information,False,,ambiguous,True,no,6690,likely_non_responsive,,False,False,0,0,0,0,0,0,1.14,True,False,False,stage1_nr,False,,,0,False,,False,,6690
CNG_Data2k/files/Q00897.01-0000345766.PDF,Q00897.01-0000345766.PDF,.pdf,493485,ok,True,False,text,False,105,0,2,False,0,False,0-10,Name | Address | Phone | Money/Amount,True,Contact Information | Financial Account Information,False,,ambiguous,True,yes,16092,standard,,False,False,0,0,0,0,0,0,9.661,False,False,True,,True,clear_yes,yes,16154,False,standard,False,,32246
CNG_Data2k/files/Q00897.01-0000895335.XLSX,Q00897.01-0000895335.XLSX,.xlsx,18126,ok,True,True,text,True,1,0,112,False,112,True,100+,SSN | Payment Card | Work-Related,True,Government-Issued Identification | Financial Account Information | Work-Related Information,True,,clear_responsive,False,,5579,structured_bde,bde_llm_count_roster,False,False,0,0,0,0,0,0,2.893,False,True,True,,True,clear_yes,yes,6536,True,structured_bde,False,,12115
CNG_Data2k/files/Q00897.01-0000884129.PDF,Q00897.01-0000884129.PDF,.pdf,1016152,ok,True,True,text,True,15,0,312,False,2,False,100+,Name | Address | Phone | Money/Amount | Health | Work-Related,True,Contact Information | Financial Account Information | Health-Related Information | Work-Related Information,False,,ambiguous,True,yes,18446,standard,bde_llm_count,True,True,15,0,0,0,0,1,70.877,False,False,True,,True,clear_no,no,9704,True,likely_non_responsive,True,,28150
CNG_Data2k/files/Q00897.01-0000908033.PDF,Q00897.01-0000908033.PDF,.pdf,9694,ok,True,False,text,False,1,0,0,False,0,False,0-10,,False,,False,,clear_non_responsive,False,,0,likely_non_responsive,,False,False,0,0,0,0,0,0,0.051,True,False,False,stage1_nr,False,,,0,False,,False,,0
CNG_Data2k/files/Q00897.01-0000706600.0001.PDF,Q00897.01-0000706600.0001.PDF,.pdf,277382,ok,True,False,text,False,4,0,16,False,16,False,10-20,Name | Address | Phone | Money/Amount,True,Contact Information | Financial Account Information,False,,ambiguous,True,no,9871,likely_non_responsive,"img_ocr:p1(1/1,+113chars) bde_llm_count",False,False,0,1,1,1,0,1,7.098,True,False,False,stage1_nr,False,,,0,False,,False,,9871
CNG_Data2k/files/Q00897.01-0000911795.PDF,Q00897.01-0000911795.PDF,.pdf,110316,ok,True,False,text,False,3,0,0,False,0,False,0-10,,False,,False,,clear_non_responsive,False,,0,likely_non_responsive,,False,False,0,0,0,0,0,0,0.197,True,False,False,stage1_nr,False,,,0,False,,False,,0
CNG_Data2k/files/Q00897.01-0000260033.PDF,Q00897.01-0000260033.PDF,.pdf,637382,ok,True,True,text,True,10,0,396,False,2,False,100+,Name | Money/Amount,False,Financial Account Information,False,,ambiguous,True,yes,33896,standard,bde_llm_count,True,True,10,0,0,0,0,1,17.231,False,False,True,,True,clear_yes,yes,17538,True,structured_bde,False,,51434
CNG_Data2k/files/Q00897.01-0000409469.MSG,Q00897.01-0000409469.MSG,.msg,226304,ok,True,False,text,False,0,0,2,False,0,False,0-10,Address | Email | Phone | Money/Amount | Credentials,True,Contact Information | Financial Account Information | Access Credentials,False,,ambiguous,True,no,4032,likely_non_responsive,,False,False,0,0,0,0,0,0,2.178,True,False,False,stage1_nr,False,,,0,False,,False,,4032
CNG_Data2k/files/Q00897.01-0000896560.PDF,Q00897.01-0000896560.PDF,.pdf,13001,ok,True,False,text,False,2,0,1,False,0,False,0-10,Money/Amount,False,Financial Account Information,False,,clear_non_responsive,False,,0,likely_non_responsive,,False,False,0,0,0,0,0,0,0.128,True,False,False,stage1_nr,False,,,0,False,,False,,0
CNG_Data2k/files/Q00897.01-0000849724.MSG,Q00897.01-0000849724.MSG,.msg,1324544,ok,True,False,text,False,0,2,7,False,4,False,0-10,Name | Address | Email | Phone | Card/Transaction | Money/Amount,True,Contact Information | Financial Account Information,False,,ambiguous,True,yes,9539,standard,bde_llm_count,False,False,0,0,0,0,0,0,4.941,False,False,True,,True,clear_no,no,5217,False,likely_non_responsive,True,,14756
CNG_Data2k/files/Q00897.01-0000258521.0002.PDF,Q00897.01-0000258521.0002.PDF,.pdf,405477,ok,True,True,text,True,5,0,29,False,0,False,20-50,Name | Address | Bank/Account Number | Money/Amount,True,Contact Information | Financial Account Information,False,,ambiguous,True,no,9083,likely_non_responsive,bde_llm_count,True,True,5,0,0,0,0,1,7.4,True,False,False,stage1_nr,False,,,0,False,,False,,9083
CNG_Data2k/files/Q00897.01-0000131317.PDF,Q00897.01-0000131317.PDF,.pdf,434332,ok,True,True,text,True,3,0,31,False,0,False,20-50,Phone | Money/Amount,True,Contact Information | Financial Account Information,False,,ambiguous,True,no,8526,likely_non_responsive,bde_llm_count,True,True,3,0,0,0,0,1,8.255,True,False,False,stage1_nr,False,,,0,False,,False,,8526
CNG_Data2k/files/Q00897.01-0000847048.MSG,Q00897.01-0000847048.MSG,.msg,43520,ok,True,False,text,False,0,0,9,False,6,False,0-10,Name | Address | Email | Phone,True,Contact Information,False,,ambiguous,True,yes,12827,standard,bde_llm_count,False,False,0,0,0,0,0,0,5.17,False,False,True,,True,likely_no,no,6828,False,likely_non_responsive,True,,19655
CNG_Data2k/files/Q00897.01-0000657917.0004.PDF,Q00897.01-0000657917.0004.PDF,.pdf,134459,ok,True,False,text,False,1,0,1,False,0,False,0-10,Name | Phone | Tax ID | Bank/Account Number | Money/Amount,True,Contact Information | Government-Issued Identification | Financial Account Information,False,,ambiguous,True,no,4136,likely_non_responsive,,False,False,0,0,0,0,0,0,1.226,True,False,False,stage1_nr,False,,,0,False,,False,,4136
CNG_Data2k/files/Q00897.01-0000813662.MSG,Q00897.01-0000813662.MSG,.msg,370688,ok,True,False,text,False,0,11,10,False,6,False,0-10,Name | Address | Email | Phone | Money/Amount,True,Contact Information | Financial Account Information,False,,ambiguous,True,yes,19290,standard,bde_llm_count,False,False,0,0,0,0,0,0,70.026,False,False,True,,True,likely_yes,yes,10145,False,standard,False,,29435
CNG_Data2k\files\Q00897.01-0000127384.XLS,Q00897.01-0000127384.XLS,.xls,34505,ok,True,True,text,True,2,0,136,False,0,False,100+,Name | Money/Amount,False,Financial Account Information,False,,ambiguous,True,no,4039,likely_non_responsive,roster_by_rowcount bde_llm_count,False,False,0,0,0,0,0,0,2.394,True,False,False,stage1_nr,False,,,0,False,,False,,4039
CNG_Data2k/files/Q00897.01-0000905664.PDF,Q00897.01-0000905664.PDF,.pdf,448829,ok,True,True,text,True,15,0,406,False,406,True,100+,Address | Phone | SSN | Money/Amount | Work-Related,True,Contact Information | Government-Issued Identification | Financial Account Information | Work-Related Information,True,,clear_responsive,False,,12098,structured_bde,bde_llm_count_roster,True,True,15,0,0,0,0,1,14.199,False,True,True,,True,clear_yes,yes,13096,True,structured_bde,False,,25194
CNG_Data2k/files/Q00897.01-0000804050.MSG,Q00897.01-0000804050.MSG,.msg,43520,ok,True,False,text,False,0,0,3,False,0,False,0-10,Name | Address | Email | Phone,True,Contact Information,False,,ambiguous,True,yes,6377,standard,,False,False,0,0,0,0,0,0,5.117,False,False,True,,True,likely_yes,yes,6390,False,standard,False,,12767
CNG_Data2k/files/Q00897.01-0000890133.PDF,Q00897.01-0000890133.PDF,.pdf,828479,ok,True,False,text,False,116,0,113,False,113,True,100+,Address | Phone | SSN | Money/Amount | Work-Related,True,Contact Information | Government-Issued Identification | Financial Account Information | Work-Related Information,True,,clear_responsive,False,,12996,bde,bde_llm_count_roster,False,False,0,0,0,0,0,0,16.846,False,True,True,,True,clear_yes,yes,14137,True,bde,False,,27133
CNG_Data2k/files/Q00897.01-0000563444.MSG,Q00897.01-0000563444.MSG,.msg,135168,ok,True,False,text,False,0,0,1,False,0,False,0-10,Name | Address | Money/Amount | Credentials,True,Contact Information | Financial Account Information | Access Credentials,False,,ambiguous,True,yes,3912,standard,,False,False,0,0,0,0,0,0,2.839,False,False,True,,True,borderline,no,3997,False,likely_non_responsive,True,,7909
CNG_Data2k/files/Q00897.01-0000571648.MSG,Q00897.01-0000571648.MSG,.msg,196096,ok,True,False,text,False,0,0,1,False,0,False,0-10,Name | Address,True,Contact Information,False,,ambiguous,True,no,4263,likely_non_responsive,,False,False,0,0,0,0,0,0,2.574,True,False,False,stage1_nr,False,,,0,False,,False,,4263
CNG_Data2k/files/Q00897.01-0000289929.PDF,Q00897.01-0000289929.PDF,.pdf,124277,ok,True,False,text,False,3,0,3,False,0,False,0-10,Address | Phone | Money/Amount,True,Contact Information | Financial Account Information,False,,ambiguous,True,no,4428,likely_non_responsive,"img_ocr:none(4 calls,0 chars)",False,False,0,4,4,0,0,4,18.111,True,False,False,stage1_nr,False,,,0,False,,False,,4428
CNG_Data2k/files/Q00897.01-0000663026.0004.PDF,Q00897.01-0000663026.0004.PDF,.pdf,1401649,ok,True,True,text,True,4,0,17,False,1,False,10-20,Name | Address | Email | Phone | Card/Transaction | Money/Amount | Demographic,True,Contact Information | Financial Account Information | Demographic Information,False,,ambiguous,True,yes,17217,standard,bde_llm_count,True,True,4,0,0,0,0,1,72.663,False,False,True,,True,clear_yes,yes,9096,False,standard,False,,26313
CNG_Data2k/files/Q00897.01-0000848520.0001.0011.XML,Q00897.01-0000848520.0001.0011.XML,.xml,3266,ok,True,False,text,False,0,0,0,False,0,False,0-10,,False,,False,,clear_non_responsive,False,,0,likely_non_responsive,,False,False,0,0,0,0,0,0,0.02,True,False,False,stage1_nr,False,,,0,False,,False,,0
CNG_Data2k/files/Q00897.01-0000241872.XLSX,Q00897.01-0000241872.XLSX,.xlsx,15352,ok,True,True,text,True,2,0,7,False,0,False,0-10,Address | Phone | Money/Amount,True,Contact Information | Financial Account Information,False,,ambiguous,True,no,8563,likely_non_responsive,bde_llm_count,False,False,0,0,0,0,0,0,2.129,True,False,False,stage1_nr,False,,,0,False,,False,,8563
CNG_Data2k/files/Q00897.01-0000416474.MSG,Q00897.01-0000416474.MSG,.msg,130560,ok,True,False,text,False,0,0,1,False,0,False,0-10,Name | Email | Card/Transaction | Money/Amount,True,Contact Information | Financial Account Information,False,,ambiguous,True,yes,3879,standard,,False,False,0,0,0,0,0,0,10.534,False,False,True,,True,likely_no,no,3940,False,likely_non_responsive,True,,7819
CNG_Data2k/files/Q00897.01-0000243714.PDF,Q00897.01-0000243714.PDF,.pdf,234646,ok,True,True,text,True,2,0,60,False,1,False,50-100,Name | Phone | Account Balance | Money/Amount,True,Contact Information | Financial Account Information,False,,ambiguous,True,yes,8307,standard,bde_llm_count,True,True,2,0,0,0,0,1,9.599,False,False,True,,True,likely_no,no,4597,True,likely_non_responsive,True,,12904
CNG_Data2k/files/Q00897.01-0000697967.MSG,Q00897.01-0000697967.MSG,.msg,205312,ok,True,False,text,False,0,0,1,False,0,False,0-10,Address,True,Contact Information,False,,ambiguous,True,no,4277,likely_non_responsive,,False,False,0,0,0,0,0,0,1.717,True,False,False,stage1_nr,False,,,0,False,,False,,4277
CNG_Data2k/files/Q00897.01-0000431571.MSG,Q00897.01-0000431571.MSG,.msg,171520,ok,True,False,text,False,0,0,2,False,0,False,0-10,Name | Address | Health,True,Contact Information | Health-Related Information,False,,ambiguous,True,yes,3965,standard,,False,False,0,0,0,0,0,0,3.046,False,False,True,,True,likely_no,no,4037,False,likely_non_responsive,True,,8002
CNG_Data2k/files/Q00897.01-0000684671.MSG,Q00897.01-0000684671.MSG,.msg,221696,ok,True,False,text,False,0,0,3,False,0,False,0-10,Name | Address | Phone,True,Contact Information,False,,ambiguous,True,no,4570,likely_non_responsive,,False,False,0,0,0,0,0,0,2.45,True,False,False,stage1_nr,False,,,0,False,,False,,4570
CNG_Data2k/files/Q00897.01-0000535697.0001.PDF,Q00897.01-0000535697.0001.PDF,.pdf,22663,ok,True,False,text,False,1,0,1,False,0,False,0-10,Money/Amount,False,Financial Account Information,False,,clear_non_responsive,False,,0,likely_non_responsive,,False,False,0,0,0,0,0,0,0.051,True,False,False,stage1_nr,False,,,0,False,,False,,0
CNG_Data2k/files/Q00897.01-0000546413.0001.PDF,Q00897.01-0000546413.0001.PDF,.pdf,23655,ok,True,False,text,False,1,0,1,False,0,False,0-10,Money/Amount,False,Financial Account Information,False,,clear_non_responsive,False,,0,likely_non_responsive,,False,False,0,0,0,0,0,0,0.022,True,False,False,stage1_nr,False,,,0,False,,False,,0
CNG_Data2k/files/Q00897.01-0000270707.DOCX,Q00897.01-0000270707.DOCX,.docx,82106,ok,True,False,text,False,0,0,2,False,0,False,0-10,Name | Money/Amount,True,Financial Account Information,False,,ambiguous,True,no,6436,likely_non_responsive,,False,False,0,0,0,0,0,0,1.183,True,False,False,stage1_nr,False,,,0,False,,False,,6436
CNG_Data2k/files/Q00897.01-0000411178.MSG,Q00897.01-0000411178.MSG,.msg,146432,ok,True,False,text,False,0,0,2,False,0,False,0-10,Name | Address | Email | Phone,True,Contact Information,False,,ambiguous,True,yes,4134,standard,,False,False,0,0,0,0,0,0,3.358,False,False,True,,True,likely_no,no,4202,False,likely_non_responsive,True,,8336
CNG_Data2k/files/Q00897.01-0000865691.XLSX,Q00897.01-0000865691.XLSX,.xlsx,18182,ok,True,True,text,True,3,0,1,False,1,False,0-10,Name | Money/Amount,False,Financial Account Information,False,,ambiguous,True,yes,8559,standard,bde_llm_count,False,False,0,0,0,0,0,0,3.157,False,False,True,,True,clear_yes,yes,4756,False,standard,False,,13315
CNG_Data2k/files/Q00897.01-0000914026.PDF,Q00897.01-0000914026.PDF,.pdf,7879,ok,True,False,text,False,4,0,2,False,0,False,0-10,Name | Address | Phone | Money/Amount,True,Contact Information | Financial Account Information,False,,ambiguous,True,yes,6889,standard,,False,False,0,0,0,0,0,0,2.508,False,False,True,,True,likely_yes,yes,6924,False,standard,False,,13813
CNG_Data2k/files/Q00897.01-0000237358.0001.PDF,Q00897.01-0000237358.0001.PDF,.pdf,46988,ok,True,False,text,False,1,0,4,False,0,False,0-10,Address | Phone | Tax ID | Money/Amount,True,Contact Information | Government-Issued Identification | Financial Account Information,False,,ambiguous,True,no,4354,likely_non_responsive,,False,False,0,0,0,0,0,0,1.29,True,False,False,stage1_nr,False,,,0,False,,False,,4354
CNG_Data2k/files/Q00897.01-0000247236.PDF,Q00897.01-0000247236.PDF,.pdf,825043,ok,True,True,text,True,2,0,18,False,0,False,10-20,Name | Address | Phone | Money/Amount,True,Contact Information | Financial Account Information,False,,ambiguous,True,yes,8443,standard,bde_llm_count,True,True,2,0,0,0,0,1,8.624,False,False,True,,True,likely_no,no,4661,False,likely_non_responsive,True,,13104
CNG_Data2k/files/Q00897.01-0000910221.PDF,Q00897.01-0000910221.PDF,.pdf,542568,ok,True,False,text,False,130,0,96,False,96,True,50-100,Address | Phone | SSN | Money/Amount,True,Contact Information | Government-Issued Identification | Financial Account Information,True,,clear_responsive,False,,12874,bde,"img_ocr:p1,p1,p1,p1,p1,p1(6/7,+167chars) bde_llm_count_roster",False,False,0,7,7,6,0,7,36.972,False,True,True,,True,clear_yes,yes,13891,True,bde,False,,26765
CNG_Data2k/files/Q00897.01-0000576710.0001.PDF,Q00897.01-0000576710.0001.PDF,.pdf,21152,ok,True,False,text,False,1,0,0,False,0,False,0-10,,False,,False,,clear_non_responsive,False,,0,likely_non_responsive,,False,False,0,0,0,0,0,0,0.021,True,False,False,stage1_nr,False,,,0,False,,False,,0
CNG_Data2k/files/Q00897.01-0000365025.MSG,Q00897.01-0000365025.MSG,.msg,265216,ok,True,False,text,False,0,0,1,False,0,False,0-10,Address | Payment Card | Money/Amount,True,Contact Information | Financial Account Information,False,,ambiguous,True,no,4186,likely_non_responsive,,False,False,0,0,0,0,0,0,61.188,True,False,False,stage1_nr,False,,,0,False,,False,,4186
CNG_Data2k/files/Q00897.01-0000860476.PDF,Q00897.01-0000860476.PDF,.pdf,236002,ok,True,True,text,True,1,0,37,False,0,False,20-50,Money/Amount,False,Financial Account Information,False,,ambiguous,True,no,7765,likely_non_responsive,bde_llm_count,True,True,1,0,0,0,0,1,8.602,True,False,False,stage1_nr,False,,,0,False,,False,,7765
CNG_Data2k/files/Q00897.01-0000887887.PDF,Q00897.01-0000887887.PDF,.pdf,132495,ok,True,True,text,True,15,0,271,False,271,True,100+,Name | Address | Phone | Money/Amount | Health,True,Contact Information | Financial Account Information | Health-Related Information,True,,ambiguous,True,yes,20739,structured_bde,bde_llm_count_roster,True,True,15,0,0,0,0,1,13.704,False,True,True,,True,clear_yes,yes,10925,True,structured_bde,False,,31664
CNG_Data2k/files/Q00897.01-0000108655.PDF,Q00897.01-0000108655.PDF,.pdf,378394,ok,True,True,text,True,15,0,369,False,0,False,100+,Phone | Card Expiry/CVV | Money/Amount | Health,True,Contact Information | Financial Account Information | Health-Related Information,False,,ambiguous,True,no,14564,likely_non_responsive,bde_llm_count,True,True,15,0,0,0,0,1,11.861,True,False,False,stage1_nr,False,,,0,False,,False,,14564
CNG_Data2k/files/Q00897.01-0000670441.0001.PDF,Q00897.01-0000670441.0001.PDF,.pdf,30507,ok,True,False,text,False,1,0,5,False,0,False,0-10,Name | Address | Phone | Money/Amount,True,Contact Information | Financial Account Information,False,,ambiguous,True,no,4087,likely_non_responsive,,True,True,1,0,0,0,0,1,5.395,True,False,False,stage1_nr,False,,,0,False,,False,,4087
CNG_Data2k/files/Q00897.01-0000897755.PDF,Q00897.01-0000897755.PDF,.pdf,20616,ok,True,True,text,True,3,0,53,False,3,True,50-100,Name | Address | Phone | Money/Amount | Work-Related,True,Contact Information | Financial Account Information | Work-Related Information,True,,ambiguous,True,yes,9090,structured_bde,bde_llm_count_roster,True,True,3,0,0,0,0,1,9.358,False,True,True,,True,clear_yes,yes,5042,True,structured_bde,False,,14132
CNG_Data2k/files/Q00897.01-0000257942.MSG,Q00897.01-0000257942.MSG,.msg,999424,ok,True,False,text,False,0,3,5,False,0,False,0-10,Name | Address | Email | Phone | Money/Amount,True,Contact Information | Financial Account Information,False,,ambiguous,True,yes,4677,standard,,False,False,0,0,0,0,0,0,2.568,False,False,True,,True,likely_no,no,4736,False,likely_non_responsive,True,,9413
CNG_Data2k/files/Q00897.01-0000903944.PDF,Q00897.01-0000903944.PDF,.pdf,12790,ok,True,False,text,False,2,0,1,False,0,False,0-10,Money/Amount,False,Financial Account Information,False,,clear_non_responsive,False,,0,likely_non_responsive,,False,False,0,0,0,0,0,0,0.221,True,False,False,stage1_nr,False,,,0,False,,False,,0
CNG_Data2k/files/Q00897.01-0000590369.MSG,Q00897.01-0000590369.MSG,.msg,117248,ok,True,False,text,False,0,0,2,False,0,False,0-10,Email | Phone | Money/Amount,True,Contact Information | Financial Account Information,False,,ambiguous,True,no,5099,likely_non_responsive,,False,False,0,0,0,0,0,0,1.642,True,False,False,stage1_nr,False,,,0,False,,False,,5099
CNG_Data2k/files/Q00897.01-0000016123.XLSX,Q00897.01-0000016123.XLSX,.xlsx,24832,ok,True,True,text,True,3,0,102,False,102,True,100+,Name | Money/Amount,False,Financial Account Information,True,,ambiguous,True,yes,11716,structured_bde,roster_by_rowcount bde_llm_count_roster,False,False,0,0,0,0,0,0,5.688,False,True,True,,True,clear_yes,yes,6373,True,structured_bde,False,,18089
CNG_Data2k/files/Q00897.01-0000829883.0001.PDF,Q00897.01-0000829883.0001.PDF,.pdf,167808,ok,True,False,text,False,16,0,26,False,26,False,20-50,Name | Address | Card/Transaction | Money/Amount,True,Contact Information | Financial Account Information,False,,ambiguous,True,no,24581,likely_non_responsive,bde_llm_count,False,False,0,0,0,0,0,0,65.272,True,False,False,stage1_nr,False,,,0,False,,False,,24581
CNG_Data2k/files/Q00897.01-0000892005.PDF,Q00897.01-0000892005.PDF,.pdf,122917,ok,True,False,text,False,20,0,5,False,0,False,0-10,Address | Phone | SSN | Money/Amount | Work-Related,True,Contact Information | Government-Issued Identification | Financial Account Information | Work-Related Information,False,,clear_responsive,False,,0,standard,,False,False,0,0,0,0,0,0,3.312,False,False,True,,True,clear_yes,yes,14894,False,standard,False,,14894
CNG_Data2k/files/Q00897.01-0000362089.MSG,Q00897.01-0000362089.MSG,.msg,311808,ok,True,False,text,False,0,0,1,False,0,False,0-10,Name | Email | Phone | Money/Amount | Demographic,True,Contact Information | Financial Account Information | Demographic Information,False,,ambiguous,True,no,5079,likely_non_responsive,,False,False,0,0,0,0,0,0,2.156,True,False,False,stage1_nr,False,,,0,False,,False,,5079
CNG_Data2k/files/Q00897.01-0000014940.PDF,Q00897.01-0000014940.PDF,.pdf,778645,ok,True,False,text,False,5,0,1,False,0,False,0-10,Money/Amount,False,Financial Account Information,False,,clear_non_responsive,False,,0,likely_non_responsive,"img_ocr:none(2 calls,0 chars)",False,False,0,2,2,0,0,2,10.545,True,False,False,stage1_nr,False,,,0,False,,False,,0
CNG_Data2k/files/Q00897.01-0000543655.0001.PDF,Q00897.01-0000543655.0001.PDF,.pdf,22557,ok,True,False,text,False,1,0,1,False,0,False,0-10,Money/Amount,False,Financial Account Information,False,,clear_non_responsive,False,,0,likely_non_responsive,,False,False,0,0,0,0,0,0,0.02,True,False,False,stage1_nr,False,,,0,False,,False,,0
CNG_Data2k/files/Q00897.01-0000910704.PDF,Q00897.01-0000910704.PDF,.pdf,226504,ok,True,False,text,False,31,0,30,False,30,False,20-50,Name | Phone | Money/Amount,True,Contact Information | Financial Account Information,False,,ambiguous,True,yes,35697,standard,bde_llm_count_roster,False,False,0,0,0,0,0,0,11.045,False,False,True,,True,clear_yes,yes,18538,False,standard,False,,54235
CNG_Data2k/files/Q00897.01-0000892470.PDF,Q00897.01-0000892470.PDF,.pdf,11556,ok,True,False,text,False,1,0,0,False,0,False,0-10,,False,,False,,clear_non_responsive,False,,0,likely_non_responsive,,False,False,0,0,0,0,0,0,0.055,True,False,False,stage1_nr,False,,,0,False,,False,,0
CNG_Data2k/files/Q00897.01-0000747375.MSG,Q00897.01-0000747375.MSG,.msg,127488,ok,True,False,text,False,0,0,8,False,2,False,0-10,Email | Phone | Money/Amount | Work-Related,True,Contact Information | Financial Account Information | Work-Related Information,False,,ambiguous,True,no,14762,likely_non_responsive,bde_llm_count,False,False,0,0,0,0,0,0,5.452,True,False,False,stage1_nr,False,,,0,False,,False,,14762
CNG_Data2k/files/Q00897.01-0000293712.PDF,Q00897.01-0000293712.PDF,.pdf,228918,ok,True,True,text,True,1,0,26,False,1,False,20-50,Name | Address | Money/Amount,True,Contact Information | Financial Account Information,False,,ambiguous,True,yes,7483,standard,bde_llm_count,True,True,1,0,0,0,0,1,12.684,False,False,True,,True,clear_yes,yes,4197,False,standard,False,,11680
CNG_Data2k/files/Q00897.01-0000002270.PDF,Q00897.01-0000002270.PDF,.pdf,315725,ok,True,False,text,False,2,0,11,False,2,False,10-20,Name | Address | Email | Phone,True,Contact Information,False,,ambiguous,True,yes,7816,standard,bde_llm_count,True,True,2,0,0,0,0,1,10.337,False,False,True,,True,likely_no,no,4368,False,likely_non_responsive,True,,12184
CNG_Data2k/files/Q00897.01-0000260477.XLSX,Q00897.01-0000260477.XLSX,.xlsx,17260,ok,True,True,text,True,1,0,4,False,1,False,0-10,Name | Money/Amount,False,Financial Account Information,False,,ambiguous,True,yes,11788,standard,bde_llm_count,False,False,0,0,0,0,0,0,3.128,False,False,True,,True,likely_no,no,6387,False,likely_non_responsive,True,,18175
CNG_Data2k/files/Q00897.01-0000008097.PDF,Q00897.01-0000008097.PDF,.pdf,106873,ok,True,False,text,False,3,0,2,False,0,False,0-10,Name | Address | Phone,True,Contact Information,False,,ambiguous,True,yes,7121,standard,,False,False,0,0,0,0,0,0,3.069,False,False,True,,True,clear_yes,yes,7177,False,standard,False,,14298
CNG_Data2k/files/Q00897.01-0000654922.MSG,Q00897.01-0000654922.MSG,.msg,65536,ok,True,False,text,False,0,1,3,False,0,False,0-10,Name | Address | Email | Phone | Money/Amount,True,Contact Information | Financial Account Information,False,,ambiguous,True,yes,4663,standard,,False,False,0,0,0,0,0,0,3.035,False,False,True,,True,likely_no,no,4688,False,likely_non_responsive,True,,9351
CNG_Data2k/files/Q00897.01-0000023139.XLSX,Q00897.01-0000023139.XLSX,.xlsx,237122,ok,True,True,text,True,3,0,1434,False,1599,True,100+,Name,False,,True,,ambiguous,True,yes,9136,structured_bde,bde_llm_count_roster,False,False,0,0,0,0,0,0,8.639,False,True,True,,True,clear_yes,yes,5115,True,structured_bde,False,,14251
CNG_Data2k/files/Q00897.01-0000440175.0001.PDF,Q00897.01-0000440175.0001.PDF,.pdf,71401,ok,True,False,text,False,2,0,0,False,0,False,0-10,,False,,False,,clear_non_responsive,False,,0,likely_non_responsive,"img_ocr:p1(1/1,+24chars)",False,False,0,1,1,1,0,1,4.289,True,False,False,stage1_nr,False,,,0,False,,False,,0
CNG_Data2k/files/Q00897.01-0000133917.PDF,Q00897.01-0000133917.PDF,.pdf,691701,ok,True,True,text,True,4,0,10,False,0,False,0-10,Address | Phone,True,Contact Information,False,,ambiguous,True,no,9509,likely_non_responsive,bde_llm_count,True,True,4,0,0,0,0,1,7.272,True,False,False,stage1_nr,False,,,0,False,,False,,9509
CNG_Data2k/files/Q00897.01-0000327943.XLSX,Q00897.01-0000327943.XLSX,.xlsx,19723,ok,True,True,text,True,1,0,5,False,0,False,0-10,Phone | Money/Amount,True,Contact Information | Financial Account Information,False,,ambiguous,True,no,7371,likely_non_responsive,bde_llm_count,False,False,0,0,0,0,0,0,1.656,True,False,False,stage1_nr,False,,,0,False,,False,,7371
CNG_Data2k/files/Q00897.01-0000118584.PDF,Q00897.01-0000118584.PDF,.pdf,119917,ok,True,False,text,False,1,0,2,False,0,False,0-10,Name | Work-Related,True,Work-Related Information,False,,ambiguous,True,yes,4489,standard,,False,False,0,0,0,0,0,0,2.421,False,False,True,,True,clear_yes,yes,4553,False,standard,False,,9042
CNG_Data2k/files/Q00897.01-0000051312.PDF,Q00897.01-0000051312.PDF,.pdf,32115,ok,True,False,text,False,2,0,8,False,1,False,0-10,Address | Email | Phone | Bank/Account Number | Money/Amount,True,Contact Information | Financial Account Information,False,,ambiguous,True,no,8599,likely_non_responsive,"img_ocr:p1,p2(2/2,+10chars) bde_llm_count",False,False,0,2,2,2,0,2,10.547,True,False,False,stage1_nr,False,,,0,False,,False,,8599
CNG_Data2k/files/Q00897.01-0000613636.0001.PPTX,Q00897.01-0000613636.0001.PPTX,.pptx,116576043,ok,True,False,text,False,20,0,0,False,0,False,0-10,,False,,False,,clear_non_responsive,False,,0,likely_non_responsive,,False,False,0,0,0,0,0,0,1.474,True,False,False,stage1_nr,False,,,0,False,,False,,0
CNG_Data2k/files/Q00897.01-0000362315.MSG,Q00897.01-0000362315.MSG,.msg,153088,ok,True,False,text,False,0,0,3,False,0,False,0-10,Name | Address | Email | Phone | Money/Amount,True,Contact Information | Financial Account Information,False,,ambiguous,True,no,4287,likely_non_responsive,,False,False,0,0,0,0,0,0,2.365,True,False,False,stage1_nr,False,,,0,False,,False,,4287
CNG_Data2k/files/Q00897.01-0000655937.0001.PDF,Q00897.01-0000655937.0001.PDF,.pdf,253856,ok,True,False,text,False,29,0,2,False,0,False,0-10,Address | Phone | Card Expiry/CVV | Card/Transaction | Money/Amount,True,Contact Information | Financial Account Information,False,,ambiguous,True,no,9128,likely_non_responsive,"img_ocr:p1,p6(2/7,+18chars)",False,False,0,7,7,2,0,7,30.744,True,False,False,stage1_nr,False,,,0,False,,False,,9128
CNG_Data2k/files/Q00897.01-0000888641.PDF,Q00897.01-0000888641.PDF,.pdf,12129,ok,True,False,text,False,1,0,0,False,0,False,0-10,,False,,False,,clear_non_responsive,False,,0,likely_non_responsive,,False,False,0,0,0,0,0,0,0.033,True,False,False,stage1_nr,False,,,0,False,,False,,0
CNG_Data2k/files/Q00897.01-0000363797.MSG,Q00897.01-0000363797.MSG,.msg,142848,ok,True,False,text,False,0,0,1,False,0,False,0-10,Address,True,Contact Information,False,,ambiguous,True,no,4210,likely_non_responsive,,False,False,0,0,0,0,0,0,61.038,True,False,False,stage1_nr,False,,,0,False,,False,,4210
CNG_Data2k/files/Q00897.01-0000866466.PDF,Q00897.01-0000866466.PDF,.pdf,707380,ok,True,True,text,True,2,0,16,False,1,False,10-20,Name | Address | Money/Amount,True,Contact Information | Financial Account Information,False,,ambiguous,True,yes,7122,standard,bde_llm_count_roster,True,True,2,0,0,0,0,1,8.581,False,False,True,,True,likely_yes,yes,4018,False,standard,False,,11140
CNG_Data2k/files/Q00897.01-0000728304.MSG,Q00897.01-0000728304.MSG,.msg,187392,ok,True,False,text,False,0,0,0,False,0,False,0-10,,False,,False,,clear_non_responsive,False,,0,likely_non_responsive,,False,False,0,0,0,0,0,0,1.333,True,False,False,stage1_nr,False,,,0,False,,False,,0
CNG_Data2k/files/Q00897.01-0000912564.PDF,Q00897.01-0000912564.PDF,.pdf,47018,ok,True,True,text,True,2,0,38,False,1,False,20-50,Name | SSN | Money/Amount,True,Government-Issued Identification | Financial Account Information,False,,clear_responsive,False,,3716,standard,bde_llm_count,True,True,2,0,0,0,0,1,7.351,False,False,True,,True,clear_yes,yes,4551,False,standard,False,,8267
CNG_Data2k/files/Q00897.01-0000017750.PDF,Q00897.01-0000017750.PDF,.pdf,842854,ok,True,True,text,True,5,0,78,False,2,False,50-100,Name | Address | Phone | Money/Amount | Work-Related,True,Contact Information | Financial Account Information | Work-Related Information,False,,ambiguous,True,yes,10761,standard,bde_llm_count,True,True,5,0,0,0,0,1,8.756,False,False,True,,True,clear_yes,yes,5822,True,structured_bde,False,,16583
CNG_Data2k/files/Q00897.01-0000894193.PDF,Q00897.01-0000894193.PDF,.pdf,7614,ok,True,False,text,False,1,0,0,False,0,False,0-10,,False,,False,,clear_non_responsive,False,,0,likely_non_responsive,,False,False,0,0,0,0,0,0,0.033,True,False,False,stage1_nr,False,,,0,False,,False,,0
CNG_Data2k/files/Q00897.01-0000867380.PDF,Q00897.01-0000867380.PDF,.pdf,57868,ok,True,False,text,False,4,0,2,False,0,False,0-10,Name | Address | Phone,True,Contact Information,False,,ambiguous,True,yes,10838,standard,,False,False,0,0,0,0,0,0,4.016,False,False,True,,True,likely_yes,yes,10871,False,standard,False,,21709
CNG_Data2k/files/Q00897.01-0000340114.XLSX,Q00897.01-0000340114.XLSX,.xlsx,22165,ok,True,True,text,True,1,0,124,False,0,True,100+,Name | Phone | Payment Card | Money/Amount,True,Contact Information | Financial Account Information,True,,ambiguous,True,no,11322,structured_bde,roster_by_rowcount bde_llm_count_roster,False,False,0,0,0,0,0,0,3.967,False,True,True,,True,clear_no,no,6046,True,likely_non_responsive,True,,17368
CNG_Data2k/files/Q00897.01-0000819605.MSG,Q00897.01-0000819605.MSG,.msg,37376,error,False,False,,False,0,0,0,False,0,False,,,False,,False,,,False,,0,review_error,KeyError,False,False,0,0,0,0,0,0,0.25,False,False,False,extract_error,False,,,0,False,,False,,0
CNG_Data2k/files/Q00897.01-0000480396.MSG,Q00897.01-0000480396.MSG,.msg,89088,ok,True,False,text,False,0,0,2,False,0,False,0-10,Name | Email | Phone | Health,True,Contact Information | Health-Related Information,False,,ambiguous,True,yes,4133,standard,,False,False,0,0,0,0,0,0,2.961,False,False,True,,True,clear_no,no,4178,False,likely_non_responsive,True,,8311
CNG_Data2k/files/Q00897.01-0000479726.MSG,Q00897.01-0000479726.MSG,.msg,27648,ok,True,False,text,False,0,0,3,False,0,False,0-10,Name | Address | Email | Phone,True,Contact Information,False,,ambiguous,True,yes,7420,standard,,False,False,0,0,0,0,0,0,2.923,False,False,True,,True,likely_yes,yes,7472,False,standard,False,,14892
CNG_Data2k/files/Q00897.01-0000798850.MSG,Q00897.01-0000798850.MSG,.msg,28672,error,False,False,,False,0,0,0,False,0,False,,,False,,False,,,False,,0,review_error,MalformedRtf,False,False,0,0,0,0,0,0,0.315,False,False,False,extract_error,False,,,0,False,,False,,0
CNG_Data2k/files/Q00897.01-0000883396.XML,Q00897.01-0000883396.XML,.xml,5710,ok,True,False,text,False,0,0,0,False,0,False,0-10,,False,,False,,clear_non_responsive,False,,0,likely_non_responsive,,False,False,0,0,0,0,0,0,0.013,True,False,False,stage1_nr,False,,,0,False,,False,,0
CNG_Data2k/files/Q00897.01-0000895249.PDF,Q00897.01-0000895249.PDF,.pdf,13806,ok,True,False,text,False,2,0,14,False,14,False,10-20,Name | Address,True,Contact Information,False,,ambiguous,True,yes,9436,standard,bde_llm_count_roster,False,False,0,0,0,0,0,0,7.288,False,False,True,,True,clear_yes,yes,5172,False,standard,False,,14608
CNG_Data2k/files/Q00897.01-0000768966.MSG,Q00897.01-0000768966.MSG,.msg,437760,ok,True,False,text,False,0,2,13,False,7,False,10-20,Name | Address | Email | Phone,True,Contact Information,False,,ambiguous,True,yes,11724,standard,bde_llm_count,False,False,0,0,0,0,0,0,4.84,False,False,True,,True,likely_no,no,6316,False,likely_non_responsive,True,,18040
CNG_Data2k/files/Q00897.01-0000600142.0001.PDF,Q00897.01-0000600142.0001.PDF,.pdf,20963,ok,True,False,text,False,1,0,0,False,0,False,0-10,,False,,False,,clear_non_responsive,False,,0,likely_non_responsive,,False,False,0,0,0,0,0,0,0.02,True,False,False,stage1_nr,False,,,0,False,,False,,0
CNG_Data2k/files/Q00897.01-0000453467.MSG,Q00897.01-0000453467.MSG,.msg,119296,ok,True,False,text,False,0,0,24,False,24,False,20-50,Name | Address | Email | Phone,True,Contact Information,False,,ambiguous,True,yes,8490,standard,bde_llm_count_roster,False,False,0,0,0,0,0,0,5.807,False,False,True,,True,likely_no,no,4749,False,likely_non_responsive,True,,13239
CNG_Data2k/files/Q00897.01-0000901531.PDF,Q00897.01-0000901531.PDF,.pdf,64168,ok,True,False,text,False,13,0,1,False,0,False,0-10,Address | Phone | SSN | Work-Related,True,Contact Information | Government-Issued Identification | Work-Related Information,False,,clear_responsive,False,,0,standard,,False,False,0,0,0,0,0,0,2.318,False,False,True,,True,clear_yes,yes,14066,False,standard,False,,14066
CNG_Data2k/files/Q00897.01-0000108907.PDF,Q00897.01-0000108907.PDF,.pdf,286115,ok,True,False,text,False,3,0,2,False,0,False,0-10,Name | Phone | Money/Amount,True,Contact Information | Financial Account Information,False,,ambiguous,True,no,6731,likely_non_responsive,"img_ocr:p1,p1,p3(3/3,+575chars)",False,False,0,3,3,3,0,3,14.43,True,False,False,stage1_nr,False,,,0,False,,False,,6731
CNG_Data2k/files/Q00897.01-0000828155.0001.PDF,Q00897.01-0000828155.0001.PDF,.pdf,157542,ok,True,False,text,False,9,0,1,False,0,False,0-10,Card/Transaction | Money/Amount,False,Financial Account Information,False,,ambiguous,True,no,9850,likely_non_responsive,,False,False,0,0,0,0,0,0,60.88,True,False,False,stage1_nr,False,,,0,False,,False,,9850
CNG_Data2k/files/Q00897.01-0000116323.PDF,Q00897.01-0000116323.PDF,.pdf,337934,ok,True,True,text,True,2,0,97,False,0,False,50-100,Money/Amount,False,Financial Account Information,False,,ambiguous,True,no,14862,likely_non_responsive,bde_llm_count,True,True,2,0,0,0,0,1,12.972,True,False,False,stage1_nr,False,,,0,False,,False,,14862
CNG_Data2k/files/Q00897.01-0000890145.PDF,Q00897.01-0000890145.PDF,.pdf,22931,ok,True,False,text,False,4,0,30,False,30,False,20-50,Name | Phone,True,Contact Information,False,,ambiguous,True,yes,10994,standard,bde_llm_count_roster,False,False,0,0,0,0,0,0,8.926,False,False,True,,True,likely_no,no,6017,False,likely_non_responsive,True,,17011
CNG_Data2k/files/Q00897.01-0000113005.PDF,Q00897.01-0000113005.PDF,.pdf,879156,ok,True,False,text,False,4,0,2,False,0,False,0-10,Name | Address | Email | Card Expiry/CVV | Money/Amount | Health,True,Contact Information | Financial Account Information | Health-Related Information,False,,ambiguous,True,no,4954,likely_non_responsive,,False,False,0,0,0,0,0,0,1.594,True,False,False,stage1_nr,False,,,0,False,,False,,4954
CNG_Data2k/files/Q00897.01-0000907999.PDF,Q00897.01-0000907999.PDF,.pdf,4642749,ok,True,False,text,False,567,0,428,False,428,True,100+,Address | Phone | SSN | Money/Amount | Work-Related,True,Contact Information | Government-Issued Identification | Financial Account Information | Work-Related Information,True,,clear_responsive,False,,14008,bde,bde_llm_count_roster,False,False,0,0,0,0,0,0,81.465,False,True,True,,True,clear_yes,yes,15016,True,bde,False,,29024
CNG_Data2k/files/Q00897.01-0000697244.MSG,Q00897.01-0000697244.MSG,.msg,101888,ok,True,False,text,False,0,0,1,False,0,False,0-10,Name | Email | Phone | Credentials,True,Contact Information | Access Credentials,False,,ambiguous,True,yes,3808,standard,,False,False,0,0,0,0,0,0,2.261,False,False,True,,True,borderline,no,3858,False,likely_non_responsive,True,,7666
CNG_Data2k/files/Q00897.01-0000836170.0004.DOCX,Q00897.01-0000836170.0004.DOCX,.docx,50808,ok,True,False,text,False,0,0,1,False,0,False,0-10,Name | Address,True,Contact Information,False,,ambiguous,True,no,5156,likely_non_responsive,,False,False,0,0,0,0,0,0,1.02,True,False,False,stage1_nr,False,,,0,False,,False,,5156
CNG_Data2k/files/Q00897.01-0000811803.0002.DOCX,Q00897.01-0000811803.0002.DOCX,.docx,22505,ok,True,False,text,False,0,0,2,False,0,False,0-10,Name | Address | Phone,True,Contact Information,False,,ambiguous,True,no,3824,likely_non_responsive,,False,False,0,0,0,0,0,0,1.3,True,False,False,stage1_nr,False,,,0,False,,False,,3824
CNG_Data2k/files/Q00897.01-0000913384.PDF,Q00897.01-0000913384.PDF,.pdf,119356,ok,True,True,text,True,15,0,385,False,385,True,100+,Address | SSN | Money/Amount,True,Contact Information | Government-Issued Identification | Financial Account Information,True,,clear_responsive,False,,9600,structured_bde,bde_llm_count_roster,True,True,15,0,0,0,0,1,11.654,False,True,True,,True,clear_yes,yes,10721,True,structured_bde,False,,20321
CNG_Data2k/files/Q00897.01-0000895865.PDF,Q00897.01-0000895865.PDF,.pdf,19942,ok,True,False,text,False,3,0,1,False,0,False,0-10,Name | Address | Phone | Money/Amount,True,Contact Information | Financial Account Information,False,,ambiguous,True,yes,5954,standard,,False,False,0,0,0,0,0,0,2.662,False,False,True,,True,likely_yes,yes,6053,False,standard,False,,12007
CNG_Data2k/files/Q00897.01-0000843193.MSG,Q00897.01-0000843193.MSG,.msg,2324992,ok,True,False,text,False,0,3,7,False,7,False,0-10,Address | Email | Phone | Money/Amount,True,Contact Information | Financial Account Information,False,,ambiguous,True,no,10905,likely_non_responsive,bde_llm_count,False,False,0,0,0,0,0,0,2.868,True,False,False,stage1_nr,False,,,0,False,,False,,10905
CNG_Data2k/files/Q00897.01-0000309548.XLSX,Q00897.01-0000309548.XLSX,.xlsx,34152,ok,True,True,text,True,3,0,165,False,0,False,100+,Money/Amount,False,Financial Account Information,False,,ambiguous,True,no,8036,likely_non_responsive,roster_by_rowcount bde_llm_count,False,False,0,0,0,0,0,0,2.211,True,False,False,stage1_nr,False,,,0,False,,False,,8036
CNG_Data2k/files/Q00897.01-0000891679.PDF,Q00897.01-0000891679.PDF,.pdf,30686,ok,True,True,text,True,4,0,106,False,3,True,100+,Name | Address | Phone | Money/Amount | Work-Related,True,Contact Information | Financial Account Information | Work-Related Information,True,,ambiguous,True,yes,11090,structured_bde,bde_llm_count_roster,True,True,4,0,0,0,0,1,9.456,False,True,True,,True,clear_yes,yes,6073,True,structured_bde,False,,17163
CNG_Data2k/files/Q00897.01-0000706062.MSG,Q00897.01-0000706062.MSG,.msg,354816,ok,True,False,text,False,0,0,4,False,0,False,0-10,Name | Email | Phone | Money/Amount | Work-Related,True,Contact Information | Financial Account Information | Work-Related Information,False,,ambiguous,True,no,8908,likely_non_responsive,,False,False,0,0,0,0,0,0,12.16,True,False,False,stage1_nr,False,,,0,False,,False,,8908
CNG_Data2k/files/Q00897.01-0000010191.PDF,Q00897.01-0000010191.PDF,.pdf,196903,ok,True,True,text,True,2,0,31,False,1,False,20-50,Name | Address | Money/Amount | Work-Related,True,Contact Information | Financial Account Information | Work-Related Information,False,,ambiguous,True,yes,7661,standard,bde_llm_count,True,True,2,0,0,0,0,1,8.745,False,False,True,,True,clear_yes,yes,4290,False,standard,False,,11951
CNG_Data2k/files/Q00897.01-0000011935.PDF,Q00897.01-0000011935.PDF,.pdf,670801,ok,True,True,text,True,1,0,20,False,3,False,10-20,Name | Money/Amount | Work-Related,False,Financial Account Information | Work-Related Information,False,,ambiguous,True,yes,7866,standard,bde_llm_count,True,True,1,0,0,0,0,1,9.105,False,False,True,,True,clear_yes,yes,4348,False,standard,False,,12214
CNG_Data2k\files\Q00897.01-0000485603.0001.DOC,Q00897.01-0000485603.0001.DOC,.doc,18432,ok,True,False,text,False,0,0,1,False,0,False,0-10,Money/Amount,False,Financial Account Information,False,,clear_non_responsive,False,,0,likely_non_responsive,,False,False,0,0,0,0,0,0,0.041,True,False,False,stage1_nr,False,,,0,False,,False,,0
CNG_Data2k/files/Q00897.01-0000112821.PDF,Q00897.01-0000112821.PDF,.pdf,9779,ok,True,False,text,False,1,0,1,False,0,False,0-10,Name | Address | Money/Amount | Health,True,Contact Information | Financial Account Information | Health-Related Information,False,,ambiguous,True,yes,4421,standard,,False,False,0,0,0,0,0,0,2.511,False,False,True,,True,likely_no,no,4479,False,likely_non_responsive,True,,8900
CNG_Data2k/files/Q00897.01-0000021691.XLSX,Q00897.01-0000021691.XLSX,.xlsx,54749,ok,True,True,text,True,3,0,89,False,89,True,50-100,Name | Money/Amount,False,Financial Account Information,True,,ambiguous,True,yes,10936,structured_bde,bde_llm_count_roster,False,False,0,0,0,0,0,0,5.438,False,True,True,,True,clear_yes,yes,5959,True,structured_bde,False,,16895
CNG_Data2k/files/Q00897.01-0000373122.MSG,Q00897.01-0000373122.MSG,.msg,229888,ok,True,False,text,False,0,0,3,False,0,False,0-10,Name | Address | Email | Phone | Money/Amount,True,Contact Information | Financial Account Information,False,,ambiguous,True,yes,5262,standard,,False,False,0,0,0,0,0,0,6.237,False,False,True,,True,likely_no,no,5326,False,likely_non_responsive,True,,10588
CNG_Data2k/files/Q00897.01-0000269844.PPS,Q00897.01-0000269844.PPS,.pps,90112,no_parser,False,False,unknown,False,0,0,0,False,0,False,,,False,,False,,,False,,0,needs_parser,unsupported_ext,False,False,0,0,0,0,0,0,0.0,False,False,False,no_parser,False,,,0,False,,False,,0
CNG_Data2k/files/Q00897.01-0000723476.MSG,Q00897.01-0000723476.MSG,.msg,177664,ok,True,False,text,False,0,6,3,False,0,False,0-10,Name | Address | Email | Phone | Card/Transaction,True,Contact Information | Financial Account Information,False,,ambiguous,True,yes,4317,standard,,False,False,0,0,0,0,0,0,2.666,False,False,True,,True,likely_no,no,4389,False,likely_non_responsive,True,,8706
CNG_Data2k/files/Q00897.01-0000295488.PDF,Q00897.01-0000295488.PDF,.pdf,1614994,ok,True,False,text,False,6,0,1,False,0,False,0-10,Name | Phone | Money/Amount,True,Contact Information | Financial Account Information,False,,ambiguous,True,yes,6673,standard,,False,False,0,0,0,0,0,0,4.202,False,False,True,,True,likely_no,no,6761,False,likely_non_responsive,True,,13434
CNG_Data2k/files/Q00897.01-0000889838.PDF,Q00897.01-0000889838.PDF,.pdf,23287,ok,True,False,text,False,3,0,1,False,0,False,0-10,Address | Money/Amount,True,Contact Information | Financial Account Information,False,,ambiguous,True,yes,5778,standard,,False,False,0,0,0,0,0,0,2.744,False,False,True,,True,likely_no,no,5833,False,likely_non_responsive,True,,11611
CNG_Data2k/files/Q00897.01-0000114872.PDF,Q00897.01-0000114872.PDF,.pdf,10544921,ok,True,False,text,False,45,0,1,False,0,False,0-10,Card/Transaction | Money/Amount | Health | Work-Related,False,Financial Account Information | Health-Related Information | Work-Related Information,False,,ambiguous,True,no,11762,likely_non_responsive,"img_ocr:p1,p15,p20,p23(4/4,+69chars)",False,False,0,4,4,4,0,4,41.001,True,False,False,stage1_nr,False,,,0,False,,False,,11762
CNG_Data2k/files/Q00897.01-0000670211.MSG,Q00897.01-0000670211.MSG,.msg,212992,ok,True,False,text,False,0,2,3,False,0,False,0-10,Phone,True,Contact Information,False,,ambiguous,True,no,3724,likely_non_responsive,,False,False,0,0,0,0,0,0,1.077,True,False,False,stage1_nr,False,,,0,False,,False,,3724
CNG_Data2k/files/Q00897.01-0000100516.PDF,Q00897.01-0000100516.PDF,.pdf,130935,ok,True,False,text,False,3,0,5,False,0,False,0-10,Name | Address | Money/Amount,True,Contact Information | Financial Account Information,False,,ambiguous,True,yes,7403,standard,,False,False,0,0,0,0,0,0,2.865,False,False,True,,True,clear_no,no,7426,False,likely_non_responsive,True,,14829
CNG_Data2k/files/Q00897.01-0000378678.0001.XLSX,Q00897.01-0000378678.0001.XLSX,.xlsx,64013,ok,True,True,text,True,7,0,249,False,0,False,100+,Phone | Payment Card | Money/Amount,True,Contact Information | Financial Account Information,False,,ambiguous,True,no,7981,likely_non_responsive,roster_by_rowcount bde_llm_count,False,False,0,0,0,0,0,0,2.699,True,False,False,stage1_nr,False,,,0,False,,False,,7981
CNG_Data2k/files/Q00897.01-0000534415.MSG,Q00897.01-0000534415.MSG,.msg,162816,ok,True,False,text,False,0,0,1,False,0,False,0-10,Name | Address | Money/Amount,True,Contact Information | Financial Account Information,False,,ambiguous,True,no,5125,likely_non_responsive,,False,False,0,0,0,0,0,0,1.534,True,False,False,stage1_nr,False,,,0,False,,False,,5125
CNG_Data2k/files/Q00897.01-0000081604.PDF,Q00897.01-0000081604.PDF,.pdf,464996,ok,True,True,text,True,1,0,8,False,0,False,0-10,Phone | SSN | Money/Amount,True,Contact Information | Government-Issued Identification | Financial Account Information,False,,clear_responsive,False,,3511,standard,bde_llm_count,True,True,1,0,0,0,0,1,7.603,False,False,True,,True,clear_no,no,4379,False,likely_non_responsive,True,,7890
CNG_Data2k/files/Q00897.01-0000742437.MSG,Q00897.01-0000742437.MSG,.msg,249344,ok,True,False,text,False,0,0,3,False,0,False,0-10,Name | Address | Email | Phone | Money/Amount | Credentials,True,Contact Information | Financial Account Information | Access Credentials,False,,ambiguous,True,yes,4784,standard,,False,False,0,0,0,0,0,0,3.386,False,False,True,,True,borderline,no,4874,False,likely_non_responsive,True,,9658
CNG_Data2k/files/Q00897.01-0000652467.MSG,Q00897.01-0000652467.MSG,.msg,140800,ok,True,False,text,False,0,2,4,False,0,False,0-10,Name | Address | Email | Phone | Money/Amount,True,Contact Information | Financial Account Information,False,,ambiguous,True,yes,4708,standard,,False,False,0,0,0,0,0,0,3.262,False,False,True,,True,clear_no,no,4760,False,likely_non_responsive,True,,9468
CNG_Data2k/files/Q00897.01-0000292082.PDF,Q00897.01-0000292082.PDF,.pdf,152101,ok,True,False,text,False,1,0,1,False,0,False,0-10,Money/Amount,False,Financial Account Information,False,,clear_non_responsive,False,,0,likely_non_responsive,,False,False,0,0,0,0,0,0,0.15,True,False,False,stage1_nr,False,,,0,False,,False,,0
CNG_Data2k/files/Q00897.01-0000890005.PDF,Q00897.01-0000890005.PDF,.pdf,8319,ok,True,False,text,False,1,0,1,False,0,False,0-10,Name | Phone | Money/Amount,True,Contact Information | Financial Account Information,False,,ambiguous,True,yes,3912,standard,,False,False,0,0,0,0,0,0,3.046,False,False,True,,True,likely_yes,yes,4018,False,standard,False,,7930
CNG_Data2k/files/Q00897.01-0000895241.PDF,Q00897.01-0000895241.PDF,.pdf,13711,ok,True,False,text,False,2,0,13,False,13,False,10-20,Name | Address,True,Contact Information,False,,ambiguous,True,yes,9427,standard,bde_llm_count_roster,False,False,0,0,0,0,0,0,5.813,False,False,True,,True,clear_yes,yes,5157,False,standard,False,,14584
CNG_Data2k/files/Q00897.01-0000843658.MSG,Q00897.01-0000843658.MSG,.msg,149504,ok,True,False,text,False,0,2,5,False,0,False,0-10,Name | Address | Email | Phone,True,Contact Information,False,,ambiguous,True,yes,5152,standard,,False,False,0,0,0,0,0,0,3.09,False,False,True,,True,likely_no,no,5166,False,likely_non_responsive,True,,10318
CNG_Data2k/files/Q00897.01-0000447928.MSG,Q00897.01-0000447928.MSG,.msg,243712,ok,True,False,text,False,0,0,2,False,0,False,0-10,Name | Address | Money/Amount,True,Contact Information | Financial Account Information,False,,ambiguous,True,yes,5260,standard,,False,False,0,0,0,0,0,0,3.577,False,False,True,,True,likely_no,no,5291,False,likely_non_responsive,True,,10551
CNG_Data2k/files/Q00897.01-0000344370.PDF,Q00897.01-0000344370.PDF,.pdf,215749,ok,True,False,text,False,43,0,1,False,0,False,0-10,Name | Phone | Money/Amount,True,Contact Information | Financial Account Information,False,,ambiguous,True,yes,15221,standard,,False,False,0,0,0,0,0,0,5.532,False,False,True,,True,likely_no,no,15302,False,likely_non_responsive,True,,30523
CNG_Data2k/files/Q00897.01-0000080515.PDF,Q00897.01-0000080515.PDF,.pdf,501265,ok,True,True,text,True,2,0,27,False,0,False,20-50,Address | Phone | Money/Amount,True,Contact Information | Financial Account Information,False,,ambiguous,True,no,8183,likely_non_responsive,bde_llm_count,True,True,2,0,0,0,0,1,8.623,True,False,False,stage1_nr,False,,,0,False,,False,,8183
CNG_Data2k\files\Q00897.01-0000852041.XLS,Q00897.01-0000852041.XLS,.xls,22345,ok,True,True,text,True,1,0,64,False,0,False,50-100,,False,,False,,ambiguous,True,no,3781,likely_non_responsive,roster_by_rowcount bde_llm_count,False,False,0,0,0,0,0,0,2.265,True,False,False,stage1_nr,False,,,0,False,,False,,3781
CNG_Data2k/files/Q00897.01-0000837958.0002.PDF,Q00897.01-0000837958.0002.PDF,.pdf,3496546,ok,True,True,text,True,15,0,3,False,0,False,0-10,Money/Amount | Work-Related,False,Financial Account Information | Work-Related Information,False,,ambiguous,True,no,18852,likely_non_responsive,bde_llm_count,True,True,15,0,0,0,0,1,9.657,True,False,False,stage1_nr,False,,,0,False,,False,,18852
CNG_Data2k/files/Q00897.01-0000906273.PDF,Q00897.01-0000906273.PDF,.pdf,12318,ok,True,False,text,False,1,0,0,False,0,False,0-10,,False,,False,,clear_non_responsive,False,,0,likely_non_responsive,,False,False,0,0,0,0,0,0,0.035,True,False,False,stage1_nr,False,,,0,False,,False,,0
CNG_Data2k/files/Q00897.01-0000902457.PDF,Q00897.01-0000902457.PDF,.pdf,15361,ok,True,False,text,False,2,0,1,False,0,False,0-10,Money/Amount,False,Financial Account Information,False,,clear_non_responsive,False,,0,likely_non_responsive,,False,False,0,0,0,0,0,0,0.089,True,False,False,stage1_nr,False,,,0,False,,False,,0
CNG_Data2k/files/Q00897.01-0000449494.0001.PDF,Q00897.01-0000449494.0001.PDF,.pdf,42570,ok,True,False,text,False,14,0,1,False,0,False,0-10,Address | Card/Transaction | Money/Amount,True,Contact Information | Financial Account Information,False,,ambiguous,True,no,14414,likely_non_responsive,,False,False,0,0,0,0,0,0,1.854,True,False,False,stage1_nr,False,,,0,False,,False,,14414
CNG_Data2k/files/Q00897.01-0000911336.PDF,Q00897.01-0000911336.PDF,.pdf,213149,ok,True,False,text,False,27,0,62,False,62,True,50-100,Name | Phone | Money/Amount,True,Contact Information | Financial Account Information,True,,ambiguous,True,yes,35064,bde,bde_llm_count_roster,False,False,0,0,0,0,0,0,10.458,False,True,True,,True,likely_yes,yes,18189,True,bde,False,,53253
CNG_Data2k\files\Q00897.01-0000127542.XLS,Q00897.01-0000127542.XLS,.xls,33374,ok,True,True,text,True,2,0,136,False,0,False,100+,Money/Amount,False,Financial Account Information,False,,ambiguous,True,no,4022,likely_non_responsive,roster_by_rowcount bde_llm_count,False,False,0,0,0,0,0,0,2.002,True,False,False,stage1_nr,False,,,0,False,,False,,4022
CNG_Data2k/files/Q00897.01-0000779353.0001.DOCX,Q00897.01-0000779353.0001.DOCX,.docx,18478,ok,True,False,text,False,0,0,0,False,0,False,0-10,,False,,False,,clear_non_responsive,False,,0,likely_non_responsive,,False,False,0,0,0,0,0,0,0.033,True,False,False,stage1_nr,False,,,0,False,,False,,0
CNG_Data2k/files/Q00897.01-0000737445.MSG,Q00897.01-0000737445.MSG,.msg,165888,ok,True,False,text,False,0,0,2,False,0,False,0-10,Name | Address | Email | Phone | Money/Amount,True,Contact Information | Financial Account Information,False,,ambiguous,True,no,4315,likely_non_responsive,,False,False,0,0,0,0,0,0,1.582,True,False,False,stage1_nr,False,,,0,False,,False,,4315
CNG_Data2k/files/Q00897.01-0000274419.PDF,Q00897.01-0000274419.PDF,.pdf,452385,ok,True,True,text,True,4,0,16,False,2,False,10-20,Name | Address | Phone | Money/Amount,True,Contact Information | Financial Account Information,False,,ambiguous,True,yes,8642,standard,bde_llm_count,True,True,4,0,0,0,0,1,10.932,False,False,True,,True,likely_yes,yes,4780,False,standard,False,,13422
CNG_Data2k/files/Q00897.01-0000896224.PDF,Q00897.01-0000896224.PDF,.pdf,15065,ok,True,False,text,False,2,0,1,False,0,False,0-10,Money/Amount,False,Financial Account Information,False,,clear_non_responsive,False,,0,likely_non_responsive,,False,False,0,0,0,0,0,0,0.067,True,False,False,stage1_nr,False,,,0,False,,False,,0
CNG_Data2k/files/Q00897.01-0000016699.PDF,Q00897.01-0000016699.PDF,.pdf,944890,ok,True,False,text,False,1,0,3,False,0,False,0-10,Name | Address | Email | Phone | SSN | Money/Amount | Work-Related,True,Contact Information | Government-Issued Identification | Financial Account Information | Work-Related Information,False,,clear_responsive,False,,0,standard,,False,False,0,0,0,0,0,0,1.298,False,False,True,,True,clear_yes,yes,8138,False,standard,False,,8138
CNG_Data2k/files/Q00897.01-0000905832.PDF,Q00897.01-0000905832.PDF,.pdf,2957867,ok,True,True,text,True,15,0,346,False,10,True,100+,Address | Phone | SSN | Money/Amount | Work-Related,True,Contact Information | Government-Issued Identification | Financial Account Information | Work-Related Information,True,,clear_responsive,False,,12031,structured_bde,bde_llm_count_roster,True,True,15,0,0,0,0,1,24.724,False,True,True,,True,clear_yes,yes,12873,True,structured_bde,False,,24904
CNG_Data2k/files/Q00897.01-0000670189.0002.PDF,Q00897.01-0000670189.0002.PDF,.pdf,8921,ok,True,False,text,False,8,0,5,False,0,False,0-10,Address | Phone | Bank/Account Number | Money/Amount,True,Contact Information | Financial Account Information,False,,ambiguous,True,no,4915,likely_non_responsive,,False,False,0,0,0,0,0,0,1.215,True,False,False,stage1_nr,False,,,0,False,,False,,4915
CNG_Data2k/files/Q00897.01-0000582184.MSG,Q00897.01-0000582184.MSG,.msg,158720,ok,True,False,text,False,0,0,2,False,0,False,0-10,Name | Address | Phone,True,Contact Information,False,,ambiguous,True,no,4368,likely_non_responsive,,False,False,0,0,0,0,0,0,2.545,True,False,False,stage1_nr,False,,,0,False,,False,,4368
CNG_Data2k/files/Q00897.01-0000888708.PDF,Q00897.01-0000888708.PDF,.pdf,2163520,ok,True,False,text,False,277,0,231,False,5,True,100+,Address | Phone | SSN | Money/Amount | Work-Related,True,Contact Information | Government-Issued Identification | Financial Account Information | Work-Related Information,True,,clear_responsive,False,,13968,bde,bde_llm_count_roster,False,False,0,0,0,0,0,0,63.098,False,True,True,,True,clear_yes,yes,14958,True,bde,False,,28926
CNG_Data2k/files/Q00897.01-0000332312.0001.PDF,Q00897.01-0000332312.0001.PDF,.pdf,840641,ok,True,False,text,False,6,0,1,False,0,False,0-10,Name | Email | Money/Amount,True,Contact Information | Financial Account Information,False,,ambiguous,True,no,4642,likely_non_responsive,,False,False,0,0,0,0,0,0,1.719,True,False,False,stage1_nr,False,,,0,False,,False,,4642
CNG_Data2k/files/Q00897.01-0000542086.0001.PDF,Q00897.01-0000542086.0001.PDF,.pdf,22564,ok,True,False,text,False,1,0,1,False,0,False,0-10,Money/Amount,False,Financial Account Information,False,,clear_non_responsive,False,,0,likely_non_responsive,,False,False,0,0,0,0,0,0,0.029,True,False,False,stage1_nr,False,,,0,False,,False,,0
CNG_Data2k/files/Q00897.01-0000908814.PDF,Q00897.01-0000908814.PDF,.pdf,2565207,ok,True,False,text,False,549,0,468,False,468,True,100+,Name | Address | Phone | SSN | Money/Amount | Work-Related,True,Contact Information | Government-Issued Identification | Financial Account Information | Work-Related Information,True,,clear_responsive,False,,12662,bde,"img_ocr:p1,p1,p1,p1,p1,p6,p6,p7,p10,p27,p31,p33(12/13,+342chars) bde_llm_count_roster",False,False,0,13,13,12,0,13,75.837,False,True,True,,True,clear_yes,yes,13706,True,bde,False,,26368
CNG_Data2k/files/Q00897.01-0000595429.0001.PDF,Q00897.01-0000595429.0001.PDF,.pdf,20965,ok,True,False,text,False,1,0,0,False,0,False,0-10,,False,,False,,clear_non_responsive,False,,0,likely_non_responsive,,False,False,0,0,0,0,0,0,0.016,True,False,False,stage1_nr,False,,,0,False,,False,,0
CNG_Data2k/files/Q00897.01-0000745238.MSG,Q00897.01-0000745238.MSG,.msg,162816,ok,True,False,text,False,0,0,2,False,0,False,0-10,Address | Email | Phone | Credentials,True,Contact Information | Access Credentials,False,,ambiguous,True,no,3906,likely_non_responsive,,False,False,0,0,0,0,0,0,1.554,True,False,False,stage1_nr,False,,,0,False,,False,,3906
CNG_Data2k/files/Q00897.01-0000816840.MSG,Q00897.01-0000816840.MSG,.msg,88576,ok,True,False,text,False,0,2,2,False,0,False,0-10,Name | Email | Phone | Work-Related,True,Contact Information | Work-Related Information,False,,ambiguous,True,yes,4557,standard,,False,False,0,0,0,0,0,0,2.92,False,False,True,,True,likely_no,no,4607,False,likely_non_responsive,True,,9164
CNG_Data2k/files/Q00897.01-0000449709.MSG,Q00897.01-0000449709.MSG,.msg,3520512,ok,True,False,text,False,0,2,4,False,0,False,0-10,Name | Address | Email | Phone,True,Contact Information,False,,ambiguous,True,yes,6171,standard,,False,False,0,0,0,0,0,0,3.342,False,False,True,,True,likely_yes,yes,6271,False,standard,False,,12442
CNG_Data2k/files/Q00897.01-0000342907.PDF,Q00897.01-0000342907.PDF,.pdf,80275,ok,True,True,text,True,3,0,6,False,1,False,0-10,Name | Address | Email | Card/Transaction | Money/Amount | Credentials,True,Contact Information | Financial Account Information | Access Credentials,False,,ambiguous,True,yes,7353,standard,bde_llm_count,True,True,3,0,0,0,0,1,9.352,False,False,True,,True,likely_no,no,4173,False,likely_non_responsive,True,,11526
CNG_Data2k/files/Q00897.01-0000401140.MSG,Q00897.01-0000401140.MSG,.msg,116736,ok,True,False,text,False,0,0,15,False,15,False,10-20,Name | Address | Email | Phone | Money/Amount,True,Contact Information | Financial Account Information,False,,ambiguous,True,yes,16725,standard,bde_llm_count,False,False,0,0,0,0,0,0,6.762,False,False,True,,True,likely_yes,yes,8776,False,standard,False,,25501
CNG_Data2k/files/Q00897.01-0000835011.0002.DOCX,Q00897.01-0000835011.0002.DOCX,.docx,81548,ok,True,False,text,False,0,0,2,False,0,False,0-10,Name | Address | Card Expiry/CVV | Money/Amount | Work-Related,True,Contact Information | Financial Account Information | Work-Related Information,False,,ambiguous,True,no,8596,likely_non_responsive,,False,False,0,0,0,0,0,0,1.196,True,False,False,stage1_nr,False,,,0,False,,False,,8596
CNG_Data2k/files/Q00897.01-0000424241.0001.0011.XLSX,Q00897.01-0000424241.0001.0011.XLSX,.xlsx,155772,ok,True,True,text,True,15,0,78,False,0,False,50-100,Phone | Payment Card | Bank/Account Number | Money/Amount,True,Contact Information | Financial Account Information,False,,ambiguous,True,no,9197,likely_non_responsive,bde_llm_count,False,False,0,0,0,0,0,0,2.527,True,False,False,stage1_nr,False,,,0,False,,False,,9197
CNG_Data2k/files/Q00897.01-0000104863.PDF,Q00897.01-0000104863.PDF,.pdf,226332,ok,True,False,text,False,2,0,3,False,0,False,0-10,Address | Phone | Money/Amount,True,Contact Information | Financial Account Information,False,,ambiguous,True,no,5543,likely_non_responsive,"img_ocr:p1(1/1,+251chars)",False,False,0,1,1,1,0,1,5.495,True,False,False,stage1_nr,False,,,0,False,,False,,5543
CNG_Data2k/files/Q00897.01-0000527101.0001.PDF,Q00897.01-0000527101.0001.PDF,.pdf,745679,ok,True,False,text,False,4,0,1,False,0,False,0-10,Money/Amount,False,Financial Account Information,False,,clear_non_responsive,False,,0,likely_non_responsive,,False,False,0,0,0,0,0,0,3.725,True,False,False,stage1_nr,False,,,0,False,,False,,0
CNG_Data2k/files/Q00897.01-0000888818.PDF,Q00897.01-0000888818.PDF,.pdf,53822,ok,True,False,text,False,7,0,1,False,0,False,0-10,Address | Money/Amount,True,Contact Information | Financial Account Information,False,,ambiguous,True,yes,11473,standard,,False,False,0,0,0,0,0,0,61.236,False,False,True,,True,likely_no,no,11534,False,likely_non_responsive,True,,23007
CNG_Data2k/files/Q00897.01-0000011805.PDF,Q00897.01-0000011805.PDF,.pdf,314846,ok,True,False,text,False,1,0,2,False,0,False,0-10,Name | Email | Money/Amount | Work-Related,True,Contact Information | Financial Account Information | Work-Related Information,False,,ambiguous,True,yes,4136,standard,,False,False,0,0,0,0,0,0,2.357,False,False,True,,True,clear_yes,yes,4155,False,standard,False,,8291
CNG_Data2k/files/Q00897.01-0000659097.0003.DOCX,Q00897.01-0000659097.0003.DOCX,.docx,12919,ok,True,False,text,False,0,0,2,False,0,False,0-10,Name | Account Balance | Money/Amount,False,Financial Account Information,False,,ambiguous,True,no,3869,likely_non_responsive,,False,False,0,0,0,0,0,0,1.134,True,False,False,stage1_nr,False,,,0,False,,False,,3869
CNG_Data2k/files/Q00897.01-0000841759.0034.PDF,Q00897.01-0000841759.0034.PDF,.pdf,22452,ok,True,False,text,False,9,0,1,False,0,False,0-10,Card/Transaction | Money/Amount | Work-Related,False,Financial Account Information | Work-Related Information,False,,ambiguous,True,no,10729,likely_non_responsive,,False,False,0,0,0,0,0,0,1.161,True,False,False,stage1_nr,False,,,0,False,,False,,10729
CNG_Data2k/files/Q00897.01-0000910063.PDF,Q00897.01-0000910063.PDF,.pdf,973106,ok,True,False,text,False,107,0,64,False,64,True,50-100,Address | Phone | SSN | Money/Amount | Work-Related,True,Contact Information | Government-Issued Identification | Financial Account Information | Work-Related Information,True,,clear_responsive,False,,13673,bde,bde_llm_count_roster,False,False,0,0,0,0,0,0,79.545,False,True,True,,True,clear_yes,yes,14723,True,bde,False,,28396
CNG_Data2k/files/Q00897.01-0000796036.0001.PDF,Q00897.01-0000796036.0001.PDF,.pdf,5324914,ok,True,False,text,False,15,0,3,False,0,False,0-10,Name | Address | Email | Phone | Card Expiry/CVV | Money/Amount,True,Contact Information | Financial Account Information,False,,ambiguous,True,yes,8720,standard,,True,True,15,0,0,0,0,1,12.216,False,False,True,,True,clear_yes,yes,8805,False,standard,False,,17525
CNG_Data2k/files/Q00897.01-0000833913.0001.VCF,Q00897.01-0000833913.0001.VCF,.vcf,2620,no_parser,False,False,unknown,False,0,0,0,False,0,False,,,False,,False,,,False,,0,needs_parser,unsupported_ext,False,False,0,0,0,0,0,0,0.0,False,False,False,no_parser,False,,,0,False,,False,,0
CNG_Data2k/files/Q00897.01-0000863767.XLSX,Q00897.01-0000863767.XLSX,.xlsx,11185,ok,True,True,text,True,1,0,0,False,0,False,0-10,,False,,False,,ambiguous,True,no,6871,structured_unreadable,bde_llm_count,False,False,0,0,0,0,0,0,2.832,False,False,True,,True,clear_no,no,3916,False,likely_non_responsive,True,,10787
CNG_Data2k/files/Q00897.01-0000515679.MSG,Q00897.01-0000515679.MSG,.msg,133120,ok,True,False,text,False,0,2,8,False,7,False,0-10,Name | Email | Phone | Money/Amount,True,Contact Information | Financial Account Information,False,,ambiguous,True,yes,9274,standard,bde_llm_count,False,False,0,0,0,0,0,0,5.787,False,False,True,,True,clear_no,no,5055,False,likely_non_responsive,True,,14329
CNG_Data2k/files/Q00897.01-0000755833.0002.PDF,Q00897.01-0000755833.0002.PDF,.pdf,497152,ok,True,False,text,False,9,0,87,False,0,False,50-100,Address | Email | Phone | Money/Amount | Health,True,Contact Information | Financial Account Information | Health-Related Information,False,,ambiguous,True,no,19115,likely_non_responsive,bde_llm_count,False,False,0,0,0,0,0,0,2.844,True,False,False,stage1_nr,False,,,0,False,,False,,19115
CNG_Data2k/files/Q00897.01-0000504335.MSG,Q00897.01-0000504335.MSG,.msg,94208,ok,True,False,text,False,0,0,1,False,0,False,0-10,Name | Address | Email,True,Contact Information,False,,ambiguous,True,no,4180,likely_non_responsive,,False,False,0,0,0,0,0,0,2.514,True,False,False,stage1_nr,False,,,0,False,,False,,4180
CNG_Data2k/files/Q00897.01-0000890677.PDF,Q00897.01-0000890677.PDF,.pdf,23412,ok,True,False,text,False,4,0,0,False,0,False,0-10,,False,,False,,clear_non_responsive,False,,0,likely_non_responsive,,False,False,0,0,0,0,0,0,0.189,True,False,False,stage1_nr,False,,,0,False,,False,,0
CNG_Data2k/files/Q00897.01-0000678937.MSG,Q00897.01-0000678937.MSG,.msg,307712,ok,True,False,text,False,0,0,1,False,0,False,0-10,Money/Amount,False,Financial Account Information,False,,clear_non_responsive,False,,0,likely_non_responsive,,False,False,0,0,0,0,0,0,2.332,True,False,False,stage1_nr,False,,,0,False,,False,,0
CNG_Data2k/files/Q00897.01-0000016682.XLSX,Q00897.01-0000016682.XLSX,.xlsx,199510,ok,True,True,text,True,3,0,278,False,6,True,100+,Name | Money/Amount,False,Financial Account Information,True,,ambiguous,True,yes,12742,structured_bde,bde_llm_count_roster,False,False,0,0,0,0,0,0,4.521,False,True,True,,True,clear_yes,yes,6822,True,structured_bde,False,,19564
CNG_Data2k/files/Q00897.01-0000736508.MSG,Q00897.01-0000736508.MSG,.msg,183296,ok,True,False,text,False,0,0,3,False,0,False,0-10,Name | Email,True,Contact Information,False,,ambiguous,True,no,4140,likely_non_responsive,,False,False,0,0,0,0,0,0,1.459,True,False,False,stage1_nr,False,,,0,False,,False,,4140
CNG_Data2k/files/Q00897.01-0000260140.PDF,Q00897.01-0000260140.PDF,.pdf,374132,ok,True,True,text,True,3,0,56,False,2,False,50-100,Name | Money/Amount,False,Financial Account Information,False,,ambiguous,True,yes,9594,standard,bde_llm_count,True,True,3,0,0,0,0,1,8.586,False,False,True,,True,likely_no,no,5269,True,likely_non_responsive,True,,14863
CNG_Data2k/files/Q00897.01-0000654941.MSG,Q00897.01-0000654941.MSG,.msg,5217280,ok,True,False,text,False,0,4,2,False,0,False,0-10,Name | Address | Email | Phone,True,Contact Information,False,,ambiguous,True,yes,3957,standard,,False,False,0,0,0,0,0,0,2.587,False,False,True,,True,borderline,no,4027,False,likely_non_responsive,True,,7984
CNG_Data2k/files/Q00897.01-0000406703.0001.PDF,Q00897.01-0000406703.0001.PDF,.pdf,46401,ok,True,False,text,False,16,0,30,False,14,False,20-50,Name | Address | Card/Transaction | Money/Amount,True,Contact Information | Financial Account Information,False,,ambiguous,True,yes,30981,standard,bde_llm_count,False,False,0,0,0,0,0,0,10.022,False,False,True,,True,clear_no,no,16040,False,likely_non_responsive,True,,47021
CNG_Data2k/files/Q00897.01-0000760191.MSG,Q00897.01-0000760191.MSG,.msg,70656,ok,True,False,text,False,0,0,1,False,0,False,0-10,Address | Email,True,Contact Information,False,,ambiguous,True,no,3844,likely_non_responsive,,False,False,0,0,0,0,0,0,1.493,True,False,False,stage1_nr,False,,,0,False,,False,,3844
CNG_Data2k/files/Q00897.01-0000895383.PDF,Q00897.01-0000895383.PDF,.pdf,143446,ok,True,False,text,False,1,0,1,False,0,False,0-10,Name | Address | Phone | Money/Amount | Work-Related,True,Contact Information | Financial Account Information | Work-Related Information,False,,ambiguous,True,yes,4129,standard,,False,False,0,0,0,0,0,0,2.382,False,False,True,,True,clear_yes,yes,4177,False,standard,False,,8306
CNG_Data2k\files\Q00897.01-0000515315.0001.XLS,Q00897.01-0000515315.0001.XLS,.xls,15638,ok,True,True,text,True,3,0,2,False,0,False,0-10,Phone | Money/Amount,True,Contact Information | Financial Account Information,False,,ambiguous,True,no,3719,likely_non_responsive,bde_llm_count,False,False,0,0,0,0,0,0,2.505,True,False,False,stage1_nr,False,,,0,False,,False,,3719
CNG_Data2k/files/Q00897.01-0000391263.MSG,Q00897.01-0000391263.MSG,.msg,86528,ok,True,False,text,False,0,0,1,False,0,False,0-10,Name | Email | Phone,True,Contact Information,False,,ambiguous,True,no,4451,likely_non_responsive,,False,False,0,0,0,0,0,0,2.134,True,False,False,stage1_nr,False,,,0,False,,False,,4451
CNG_Data2k/files/Q00897.01-0000809655.0001.DOCX,Q00897.01-0000809655.0001.DOCX,.docx,72707,ok,True,False,text,False,0,0,1,False,0,False,0-10,Address | Work-Related,True,Contact Information | Work-Related Information,False,,ambiguous,True,no,7036,likely_non_responsive,,False,False,0,0,0,0,0,0,1.263,True,False,False,stage1_nr,False,,,0,False,,False,,7036
CNG_Data2k/files/Q00897.01-0000707592.MSG,Q00897.01-0000707592.MSG,.msg,215552,ok,True,False,text,False,0,0,2,False,0,False,0-10,Address | Email | Phone | Credentials,True,Contact Information | Access Credentials,False,,ambiguous,True,no,3945,likely_non_responsive,,False,False,0,0,0,0,0,0,2.133,True,False,False,stage1_nr,False,,,0,False,,False,,3945
CNG_Data2k/files/Q00897.01-0000530501.0002.0001.PDF,Q00897.01-0000530501.0002.0001.PDF,.pdf,118547,ok,True,False,text,False,2,0,5,False,0,False,0-10,Name | Address | Phone | Money/Amount,True,Contact Information | Financial Account Information,False,,ambiguous,True,no,4586,likely_non_responsive,,False,False,0,0,0,0,0,0,60.835,True,False,False,stage1_nr,False,,,0,False,,False,,4586
CNG_Data2k/files/Q00897.01-0000413751.MSG,Q00897.01-0000413751.MSG,.msg,327680,ok,True,False,text,False,0,0,2,False,0,False,0-10,Name | Address | Email | Phone | Money/Amount,True,Contact Information | Financial Account Information,False,,ambiguous,True,no,5312,likely_non_responsive,,False,False,0,0,0,0,0,0,1.676,True,False,False,stage1_nr,False,,,0,False,,False,,5312
CNG_Data2k/files/Q00897.01-0000467575.MSG,Q00897.01-0000467575.MSG,.msg,172032,ok,True,False,text,False,0,1,4,False,0,False,0-10,Name | Address | Email | Phone | Money/Amount,True,Contact Information | Financial Account Information,False,,ambiguous,True,no,4140,likely_non_responsive,,False,False,0,0,0,0,0,0,1.705,True,False,False,stage1_nr,False,,,0,False,,False,,4140
CNG_Data2k/files/Q00897.01-0000591145.MSG,Q00897.01-0000591145.MSG,.msg,183808,ok,True,False,text,False,0,0,1,False,0,False,0-10,Name | Address | Phone,True,Contact Information,False,,ambiguous,True,no,4124,likely_non_responsive,,False,False,0,0,0,0,0,0,1.714,True,False,False,stage1_nr,False,,,0,False,,False,,4124
CNG_Data2k/files/Q00897.01-0000914016.PDF,Q00897.01-0000914016.PDF,.pdf,195372,ok,True,False,text,False,2,0,4,False,0,False,0-10,Name | Phone | SSN | Money/Amount | Health,True,Contact Information | Government-Issued Identification | Financial Account Information | Health-Related Information,False,,clear_responsive,False,,0,standard,"img_ocr:p1(1/1,+6chars)",False,False,0,1,1,1,0,1,5.156,False,False,True,,True,clear_yes,yes,5467,False,standard,False,,5467
CNG_Data2k/files/Q00897.01-0000403066.MSG,Q00897.01-0000403066.MSG,.msg,206848,ok,True,False,text,False,0,0,2,False,0,False,0-10,Address | Email | Phone | Credentials,True,Contact Information | Access Credentials,False,,ambiguous,True,no,4006,likely_non_responsive,,False,False,0,0,0,0,0,0,1.861,True,False,False,stage1_nr,False,,,0,False,,False,,4006
CNG_Data2k/files/Q00897.01-0000483643.MSG,Q00897.01-0000483643.MSG,.msg,39936,ok,True,False,text,False,0,0,12,False,4,False,10-20,Name | Email | Money/Amount,True,Contact Information | Financial Account Information,False,,ambiguous,True,no,7439,likely_non_responsive,bde_llm_count,False,False,0,0,0,0,0,0,2.573,True,False,False,stage1_nr,False,,,0,False,,False,,7439
CNG_Data2k/files/Q00897.01-0000860667.PDF,Q00897.01-0000860667.PDF,.pdf,99597,ok,True,False,text,False,2,0,0,False,0,False,0-10,,False,,False,,clear_non_responsive,False,,0,likely_non_responsive,"img_ocr:none(1 calls,0 chars)",False,False,0,1,1,0,0,1,4.259,True,False,False,stage1_nr,False,,,0,False,,False,,0
CNG_Data2k/files/Q00897.01-0000525231.0001.XLSX,Q00897.01-0000525231.0001.XLSX,.xlsx,36770,ok,True,True,text,True,1,0,288,False,0,False,100+,Phone | Money/Amount,True,Contact Information | Financial Account Information,False,,ambiguous,True,no,12014,likely_non_responsive,roster_by_rowcount bde_llm_count,False,False,0,0,0,0,0,0,63.109,True,False,False,stage1_nr,False,,,0,False,,False,,12014
CNG_Data2k/files/Q00897.01-0000900170.PDF,Q00897.01-0000900170.PDF,.pdf,64355,ok,True,False,text,False,13,0,1,False,0,False,0-10,Address | SSN | Money/Amount | Work-Related,True,Contact Information | Government-Issued Identification | Financial Account Information | Work-Related Information,False,,clear_responsive,False,,0,standard,,False,False,0,0,0,0,0,0,2.311,False,False,True,,True,clear_yes,yes,14116,False,standard,False,,14116
CNG_Data2k/files/Q00897.01-0000656546.MSG,Q00897.01-0000656546.MSG,.msg,157184,ok,True,False,text,False,0,0,10,False,5,False,0-10,Name | Address | Email | Phone | Money/Amount,True,Contact Information | Financial Account Information,False,,ambiguous,True,yes,13416,standard,bde_llm_count,False,False,0,0,0,0,0,0,6.422,False,False,True,,True,clear_no,no,7174,False,likely_non_responsive,True,,20590
CNG_Data2k/files/Q00897.01-0000372456.MSG,Q00897.01-0000372456.MSG,.msg,172544,ok,True,False,text,False,0,0,3,False,0,False,0-10,Name | Address | Email | Phone | Card Expiry/CVV | Money/Amount,True,Contact Information | Financial Account Information,False,,ambiguous,True,no,4314,likely_non_responsive,,False,False,0,0,0,0,0,0,59.666,True,False,False,stage1_nr,False,,,0,False,,False,,4314
CNG_Data2k/files/Q00897.01-0000902785.PDF,Q00897.01-0000902785.PDF,.pdf,74063,ok,True,False,text,False,14,0,2,False,0,False,0-10,Address | Phone | SSN | Money/Amount | Work-Related,True,Contact Information | Government-Issued Identification | Financial Account Information | Work-Related Information,False,,clear_responsive,False,,0,standard,,False,False,0,0,0,0,0,0,2.455,False,False,True,,True,clear_yes,yes,14542,False,standard,False,,14542
CNG_Data2k/files/Q00897.01-0000527281.0001.PDF,Q00897.01-0000527281.0001.PDF,.pdf,24049,ok,True,False,text,False,2,0,1,False,0,False,0-10,Phone,True,Contact Information,False,,ambiguous,True,no,3844,likely_non_responsive,,False,False,0,0,0,0,0,0,59.584,True,False,False,stage1_nr,False,,,0,False,,False,,3844
CNG_Data2k/files/Q00897.01-0000341294.DOCX,Q00897.01-0000341294.DOCX,.docx,14987,ok,True,False,text,False,0,0,1,False,0,False,0-10,Name | Money/Amount | Student ID,True,Financial Account Information | Student-Related Information,False,,ambiguous,True,yes,3897,standard,,False,False,0,0,0,0,0,0,2.296,False,False,True,,True,clear_no,no,3980,False,likely_non_responsive,True,,7877
CNG_Data2k/files/Q00897.01-0000118118.0005.PDF,Q00897.01-0000118118.0005.PDF,.pdf,197671,ok,True,False,text,False,1,0,1,False,0,False,0-10,Money/Amount | Work-Related,False,Financial Account Information | Work-Related Information,False,,ambiguous,True,no,4065,likely_non_responsive,"img_ocr:p1,p1(2/2,+174chars)",False,False,0,2,2,2,0,2,10.083,True,False,False,stage1_nr,False,,,0,False,,False,,4065
CNG_Data2k/files/Q00897.01-0000292722.XLSX,Q00897.01-0000292722.XLSX,.xlsx,30733,ok,True,True,text,True,1,0,379,False,379,True,100+,SSN | Money/Amount,True,Government-Issued Identification | Financial Account Information,True,,clear_responsive,False,,3827,structured_bde,bde_llm_count_roster,False,False,0,0,0,0,0,0,5.636,False,True,True,,True,clear_yes,yes,4953,True,structured_bde,False,,8780
CNG_Data2k/files/Q00897.01-0000911786.PDF,Q00897.01-0000911786.PDF,.pdf,94612,ok,True,True,text,True,2,0,50,False,2,False,20-50,Phone | SSN | Money/Amount,True,Contact Information | Government-Issued Identification | Financial Account Information,False,,clear_responsive,False,,3634,standard,bde_llm_count_roster,True,True,2,0,0,0,0,1,7.427,False,False,True,,True,clear_yes,yes,4513,False,standard,False,,8147
CNG_Data2k/files/Q00897.01-0000360161.MSG,Q00897.01-0000360161.MSG,.msg,412672,ok,True,False,text,False,0,0,1,False,0,False,0-10,Email,True,Contact Information,False,,ambiguous,True,no,4767,likely_non_responsive,,False,False,0,0,0,0,0,0,3.773,True,False,False,stage1_nr,False,,,0,False,,False,,4767
CNG_Data2k/files/Q00897.01-0000747316.MSG,Q00897.01-0000747316.MSG,.msg,116736,ok,True,False,text,False,0,1,2,False,0,False,0-10,Name | Phone | Credentials,True,Contact Information | Access Credentials,False,,ambiguous,True,yes,3931,standard,,False,False,0,0,0,0,0,0,2.605,False,False,True,,True,likely_no,no,3975,False,likely_non_responsive,True,,7906
CNG_Data2k/files/Q00897.01-0000613390.MSG,Q00897.01-0000613390.MSG,.msg,96256,ok,True,False,text,False,0,0,4,False,0,False,0-10,Name | Address | Email | Phone | Card/Transaction | Money/Amount,True,Contact Information | Financial Account Information,False,,ambiguous,True,yes,5904,standard,,False,False,0,0,0,0,0,0,3.201,False,False,True,,True,clear_yes,yes,5951,False,standard,False,,11855
CNG_Data2k/files/Q00897.01-0000331246.PDF,Q00897.01-0000331246.PDF,.pdf,422630,ok,True,False,text,False,7,0,2,False,0,False,0-10,Name | Address | Bank/Account Number | Money/Amount,True,Contact Information | Financial Account Information,False,,ambiguous,True,yes,6180,standard,"img_ocr:p3(1/1,+262chars)",False,False,0,1,1,1,0,1,6.92,False,False,True,,True,likely_yes,yes,6234,False,standard,False,,12414
CNG_Data2k/files/Q00897.01-0000028270.PDF,Q00897.01-0000028270.PDF,.pdf,160518,ok,True,True,text,True,1,0,17,False,2,False,10-20,Name | Address | Phone | Bank/Account Number | Money/Amount,True,Contact Information | Financial Account Information,False,,ambiguous,True,no,7761,likely_non_responsive,bde_llm_count,True,True,1,0,0,0,0,1,7.81,True,False,False,stage1_nr,False,,,0,False,,False,,7761
CNG_Data2k/files/Q00897.01-0000843089.0003.DOCX,Q00897.01-0000843089.0003.DOCX,.docx,103140,ok,True,False,text,False,0,0,0,False,0,False,0-10,,False,,False,,clear_non_responsive,False,,0,likely_non_responsive,,False,False,0,0,0,0,0,0,0.043,True,False,False,stage1_nr,False,,,0,False,,False,,0
CNG_Data2k/files/Q00897.01-0000584252.0001.PNG,Q00897.01-0000584252.0001.PNG,.png,634994,ok,True,True,text,True,1,0,21,False,1,False,20-50,Money/Amount,False,Financial Account Information,False,,ambiguous,True,no,9088,likely_non_responsive,bde_llm_count,True,True,1,0,0,0,0,1,7.772,True,False,False,stage1_nr,False,,,0,False,,False,,9088
CNG_Data2k/files/Q00897.01-0000808794.0002.DOCX,Q00897.01-0000808794.0002.DOCX,.docx,36048,ok,True,False,text,False,0,0,1,False,0,False,0-10,Name | Address | Health,True,Contact Information | Health-Related Information,False,,ambiguous,True,no,5655,likely_non_responsive,,False,False,0,0,0,0,0,0,1.31,True,False,False,stage1_nr,False,,,0,False,,False,,5655
CNG_Data2k/files/Q00897.01-0000533232.0001.PDF,Q00897.01-0000533232.0001.PDF,.pdf,22657,ok,True,False,text,False,1,0,1,False,0,False,0-10,Money/Amount,False,Financial Account Information,False,,clear_non_responsive,False,,0,likely_non_responsive,,False,False,0,0,0,0,0,0,0.026,True,False,False,stage1_nr,False,,,0,False,,False,,0
CNG_Data2k/files/Q00897.01-0000113424.PDF,Q00897.01-0000113424.PDF,.pdf,129991,ok,True,False,text,False,4,0,1,False,0,False,0-10,Money/Amount,False,Financial Account Information,False,,clear_non_responsive,False,,0,likely_non_responsive,,False,False,0,0,0,0,0,0,0.144,True,False,False,stage1_nr,False,,,0,False,,False,,0
CNG_Data2k/files/Q00897.01-0000747803.MSG,Q00897.01-0000747803.MSG,.msg,122880,ok,True,False,text,False,0,0,1,False,0,False,0-10,Money/Amount,False,Financial Account Information,False,,clear_non_responsive,False,,0,likely_non_responsive,,False,False,0,0,0,0,0,0,2.643,True,False,False,stage1_nr,False,,,0,False,,False,,0
CNG_Data2k/files/Q00897.01-0000535695.0001.PDF,Q00897.01-0000535695.0001.PDF,.pdf,22748,ok,True,False,text,False,1,0,1,False,0,False,0-10,Money/Amount,False,Financial Account Information,False,,clear_non_responsive,False,,0,likely_non_responsive,,False,False,0,0,0,0,0,0,0.028,True,False,False,stage1_nr,False,,,0,False,,False,,0
CNG_Data2k/files/Q00897.01-0000012376.PDF,Q00897.01-0000012376.PDF,.pdf,2430984,ok,True,False,text,False,1,0,2,False,0,False,0-10,Name | Address | Email | Phone | SSN | Money/Amount | Work-Related,True,Contact Information | Government-Issued Identification | Financial Account Information | Work-Related Information,False,,clear_responsive,False,,0,standard,,False,False,0,0,0,0,0,0,1.265,False,False,True,,True,clear_yes,yes,4190,False,standard,False,,4190
CNG_Data2k/files/Q00897.01-0000616481.0001.XLSX,Q00897.01-0000616481.0001.XLSX,.xlsx,58622,ok,True,True,text,True,1,0,1000,False,0,False,100+,Address,True,Contact Information,False,,ambiguous,True,no,7324,likely_non_responsive,roster_by_rowcount bde_llm_count,False,False,0,0,0,0,0,0,2.197,True,False,False,stage1_nr,False,,,0,False,,False,,7324
CNG_Data2k/files/Q00897.01-0000764859.MSG,Q00897.01-0000764859.MSG,.msg,175616,ok,True,False,text,False,0,1,5,False,0,False,0-10,Name | Address | Email | Phone,True,Contact Information,False,,ambiguous,True,yes,6830,standard,,False,False,0,0,0,0,0,0,3.798,False,False,True,,True,likely_no,no,6862,False,likely_non_responsive,True,,13692
CNG_Data2k/files/Q00897.01-0000258246.PDF,Q00897.01-0000258246.PDF,.pdf,562782,ok,True,False,text,False,6,0,4,False,0,False,0-10,Name | Address | Email | Bank/Account Number | Money/Amount,True,Contact Information | Financial Account Information,False,,ambiguous,True,yes,4760,standard,"img_ocr:p2(1/1,+318chars)",False,False,0,1,1,1,0,1,8.92,False,False,True,,True,likely_no,no,4845,False,likely_non_responsive,True,,9605
CNG_Data2k/files/Q00897.01-0000914845.PDF,Q00897.01-0000914845.PDF,.pdf,289167,ok,True,False,text,False,1,0,3,False,0,False,0-10,Name | Email | Money/Amount | Work-Related,True,Contact Information | Financial Account Information | Work-Related Information,False,,ambiguous,True,yes,4057,standard,,False,False,0,0,0,0,0,0,2.869,False,False,True,,True,likely_yes,yes,4117,False,standard,False,,8174
CNG_Data2k/files/Q00897.01-0000902336.PDF,Q00897.01-0000902336.PDF,.pdf,11807,ok,True,False,text,False,1,0,0,False,0,False,0-10,,False,,False,,clear_non_responsive,False,,0,likely_non_responsive,,False,False,0,0,0,0,0,0,0.035,True,False,False,stage1_nr,False,,,0,False,,False,,0
CNG_Data2k/files/Q00897.01-0000243252.PDF,Q00897.01-0000243252.PDF,.pdf,469371,ok,True,False,text,False,2,0,3,False,0,False,0-10,Phone | Money/Amount,True,Contact Information | Financial Account Information,False,,ambiguous,True,no,4168,likely_non_responsive,"img_ocr:p2(1/1,+4chars)",False,False,0,1,1,1,0,1,5.457,True,False,False,stage1_nr,False,,,0,False,,False,,4168
CNG_Data2k/files/Q00897.01-0000663006.0001.PDF,Q00897.01-0000663006.0001.PDF,.pdf,144507,ok,True,False,text,False,2,0,1,False,0,False,0-10,Address,True,Contact Information,False,,ambiguous,True,no,5328,likely_non_responsive,,False,False,0,0,0,0,0,0,1.255,True,False,False,stage1_nr,False,,,0,False,,False,,5328
CNG_Data2k/files/Q00897.01-0000320095.XML,Q00897.01-0000320095.XML,.xml,3737663,ok,True,False,text,False,0,0,1,False,0,False,0-10,Alien Registration | Money/Amount,False,Government-Issued Identification | Financial Account Information,False,,ambiguous,True,no,7650,likely_non_responsive,,False,False,0,0,0,0,0,0,2.847,True,False,False,stage1_nr,False,,,0,False,,False,,7650
CNG_Data2k/files/Q00897.01-0000907300.PDF,Q00897.01-0000907300.PDF,.pdf,821323,ok,True,False,text,False,114,0,12,False,12,False,10-20,Address | Phone | Money/Amount,True,Contact Information | Financial Account Information,False,,ambiguous,False,,17438,standard,llm_failed:JSONDecodeError bde_llm_count_roster,False,False,0,0,0,0,0,0,35.026,False,False,True,,False,,yes,0,False,standard,False,llm_failed:JSONDecodeError,17438
CNG_Data2k/files/Q00897.01-0000356947.CSV,Q00897.01-0000356947.CSV,.csv,60502,ok,True,True,text,True,0,0,266,False,266,True,100+,SSN | Money/Amount,True,Government-Issued Identification | Financial Account Information,True,,clear_responsive,False,,6969,structured_bde,bde_llm_count_roster,False,False,0,0,0,0,0,0,3.596,False,True,True,,True,clear_yes,yes,8092,True,structured_bde,False,,15061
CNG_Data2k/files/Q00897.01-0000837019.0002.PDF,Q00897.01-0000837019.0002.PDF,.pdf,4444028,ok,True,False,text,False,62,0,2,False,0,False,0-10,Name | Address | Email,True,Contact Information,False,,ambiguous,True,yes,5799,standard,,False,False,0,0,0,0,0,0,5.361,False,False,True,,True,likely_no,no,5836,False,likely_non_responsive,True,,11635
CNG_Data2k/files/Q00897.01-0000356712.CSV,Q00897.01-0000356712.CSV,.csv,91361,ok,True,True,text,True,0,0,624,False,624,True,100+,Name | Money/Amount | Work-Related,False,Financial Account Information | Work-Related Information,True,,ambiguous,True,yes,12128,structured_bde,bde_llm_count_roster,False,False,0,0,0,0,0,0,5.464,False,True,True,,True,clear_yes,yes,6585,True,structured_bde,False,,18713
CNG_Data2k/files/Q00897.01-0000865985.XLSX,Q00897.01-0000865985.XLSX,.xlsx,2843116,ok,True,True,text,True,5,0,100,True,20,True,50-100,SSN | Payment Card | Money/Amount,True,Government-Issued Identification | Financial Account Information,True,,clear_responsive,False,,4084,structured_bde,bde_llm_count_roster,False,False,0,0,0,0,0,0,4.784,False,True,True,,True,clear_yes,yes,5092,True,structured_bde,False,,9176
CNG_Data2k/files/Q00897.01-0000293824.PDF,Q00897.01-0000293824.PDF,.pdf,173240,ok,True,True,text,True,1,0,3,False,2,False,0-10,SSN | Money/Amount,True,Government-Issued Identification | Financial Account Information,False,,clear_responsive,False,,2923,standard,bde_llm_count_roster,True,True,1,0,0,0,0,1,9.407,False,False,True,,True,clear_yes,yes,3828,False,standard,False,,6751
CNG_Data2k/files/Q00897.01-0000516613.MSG,Q00897.01-0000516613.MSG,.msg,33280,ok,True,False,text,False,0,0,4,False,0,False,0-10,Name | Email | Phone | Money/Amount,True,Contact Information | Financial Account Information,False,,ambiguous,True,no,4330,likely_non_responsive,,False,False,0,0,0,0,0,0,2.278,True,False,False,stage1_nr,False,,,0,False,,False,,4330
CNG_Data2k/files/Q00897.01-0000331882.0001.PDF,Q00897.01-0000331882.0001.PDF,.pdf,282628,ok,True,False,text,False,4,0,1,False,0,False,0-10,Name | Address | Bank/Account Number | Money/Amount,True,Contact Information | Financial Account Information,False,,ambiguous,True,yes,4419,standard,"img_ocr:p2(1/1,+375chars)",False,False,0,1,1,1,0,1,6.606,False,False,True,,True,likely_no,no,4479,False,likely_non_responsive,True,,8898
CNG_Data2k/files/Q00897.01-0000868410.TXT,Q00897.01-0000868410.TXT,.txt,85978,ok,True,False,text,False,0,0,6,False,0,False,0-10,Address | Phone | Money/Amount,True,Contact Information | Financial Account Information,False,,ambiguous,True,yes,15936,standard,,False,False,0,0,0,0,0,0,3.191,False,False,True,,True,likely_no,no,16005,False,likely_non_responsive,True,,31941
CNG_Data2k/files/Q00897.01-0000526247.0001.PDF,Q00897.01-0000526247.0001.PDF,.pdf,20948,ok,True,False,text,False,1,0,0,False,0,False,0-10,,False,,False,,clear_non_responsive,False,,0,likely_non_responsive,,False,False,0,0,0,0,0,0,0.021,True,False,False,stage1_nr,False,,,0,False,,False,,0
CNG_Data2k/files/Q00897.01-0000534980.0001.PDF,Q00897.01-0000534980.0001.PDF,.pdf,67060,ok,True,False,text,False,23,0,1,False,0,False,0-10,Address | Card/Transaction | Money/Amount,True,Contact Information | Financial Account Information,False,,ambiguous,True,no,15758,likely_non_responsive,,False,False,0,0,0,0,0,0,60.256,True,False,False,stage1_nr,False,,,0,False,,False,,15758
CNG_Data2k/files/Q00897.01-0000711655.MSG,Q00897.01-0000711655.MSG,.msg,123392,ok,True,False,text,False,0,0,2,False,0,False,0-10,Name | Address | Email | Phone,True,Contact Information,False,,ambiguous,True,yes,4276,standard,,False,False,0,0,0,0,0,0,2.409,False,False,True,,True,clear_no,no,4328,False,likely_non_responsive,True,,8604
CNG_Data2k/files/Q00897.01-0000441776.MSG,Q00897.01-0000441776.MSG,.msg,128000,ok,True,False,text,False,0,0,2,False,0,False,0-10,Name | Email | Phone | Money/Amount,True,Contact Information | Financial Account Information,False,,ambiguous,True,yes,4017,standard,,False,False,0,0,0,0,0,0,2.858,False,False,True,,True,likely_no,no,4085,False,likely_non_responsive,True,,8102
CNG_Data2k/files/Q00897.01-0000125065.PDF,Q00897.01-0000125065.PDF,.pdf,1691522,ok,True,True,text,True,15,0,455,False,51,True,100+,Name | Phone,True,Contact Information,True,,ambiguous,True,yes,32239,structured_bde,bde_llm_count_roster,True,True,15,0,0,0,0,1,20.081,False,True,True,,True,clear_no,no,16438,True,likely_non_responsive,True,,48677
CNG_Data2k/files/Q00897.01-0000532112.0001.PDF,Q00897.01-0000532112.0001.PDF,.pdf,22568,ok,True,False,text,False,1,0,1,False,0,False,0-10,Money/Amount,False,Financial Account Information,False,,clear_non_responsive,False,,0,likely_non_responsive,,False,False,0,0,0,0,0,0,0.019,True,False,False,stage1_nr,False,,,0,False,,False,,0
CNG_Data2k/files/Q00897.01-0000894407.PDF,Q00897.01-0000894407.PDF,.pdf,181679,ok,True,False,text,False,2,0,2,False,0,False,0-10,Name | Email | Money/Amount,True,Contact Information | Financial Account Information,False,,ambiguous,True,yes,17266,standard,,False,False,0,0,0,0,0,0,2.605,False,False,True,,True,likely_yes,yes,17322,False,standard,False,,34588
CNG_Data2k/files/Q00897.01-0000466329.MSG,Q00897.01-0000466329.MSG,.msg,102912,ok,True,False,text,False,0,0,3,False,0,False,0-10,Name | Phone | Money/Amount,True,Contact Information | Financial Account Information,False,,ambiguous,True,no,4001,likely_non_responsive,,False,False,0,0,0,0,0,0,1.407,True,False,False,stage1_nr,False,,,0,False,,False,,4001
CNG_Data2k/files/Q00897.01-0000537977.MSG,Q00897.01-0000537977.MSG,.msg,581632,ok,True,False,text,False,0,1,3,False,0,False,0-10,Name | Address | Email | Phone,True,Contact Information,False,,ambiguous,True,no,4030,likely_non_responsive,,False,False,0,0,0,0,0,0,1.341,True,False,False,stage1_nr,False,,,0,False,,False,,4030
CNG_Data2k/files/Q00897.01-0000344744.PDF,Q00897.01-0000344744.PDF,.pdf,539008,ok,True,False,text,False,3,0,5,False,0,False,0-10,Name | Phone | Money/Amount,True,Contact Information | Financial Account Information,False,,ambiguous,True,yes,5482,standard,"img_ocr:p2,p2,p2,p2(4/4,+4chars)",False,False,0,4,4,4,0,4,19.711,False,False,True,,True,likely_no,no,5496,False,likely_non_responsive,True,,10978
CNG_Data2k/files/Q00897.01-0000806000.MSG,Q00897.01-0000806000.MSG,.msg,178688,ok,True,False,text,False,0,6,5,False,0,False,0-10,Name | Address | Email | Phone | Money/Amount,True,Contact Information | Financial Account Information,False,,ambiguous,True,yes,5385,standard,,False,False,0,0,0,0,0,0,3.193,False,False,True,,True,likely_no,no,5477,False,likely_non_responsive,True,,10862
CNG_Data2k/files/Q00897.01-0000519257.0001.XLSX,Q00897.01-0000519257.0001.XLSX,.xlsx,40320,ok,True,True,text,True,1,0,378,False,0,True,100+,Name | Phone | Money/Amount,True,Contact Information | Financial Account Information,True,,ambiguous,True,yes,9176,structured_bde,roster_by_rowcount bde_count_failed:RateLimitError,False,False,0,0,0,0,0,0,6.417,False,True,True,,True,likely_no,no,9271,True,likely_non_responsive,True,,18447
CNG_Data2k/files/Q00897.01-0000295665.PDF,Q00897.01-0000295665.PDF,.pdf,1406130,ok,True,False,text,False,7,0,4,False,0,False,0-10,Name | Address | Phone | Money/Amount | Health | Work-Related,True,Contact Information | Financial Account Information | Health-Related Information | Work-Related Information,False,,ambiguous,True,yes,7696,standard,,False,False,0,0,0,0,0,0,3.3,False,False,True,,True,clear_yes,yes,7755,False,standard,False,,15451
CNG_Data2k/files/Q00897.01-0000114811.PDF,Q00897.01-0000114811.PDF,.pdf,18803,ok,True,False,text,False,9,0,1,False,0,False,0-10,Card/Transaction | Money/Amount | Work-Related,False,Financial Account Information | Work-Related Information,False,,ambiguous,True,no,10848,likely_non_responsive,,False,False,0,0,0,0,0,0,1.143,True,False,False,stage1_nr,False,,,0,False,,False,,10848
CNG_Data2k/files/Q00897.01-0000119287.PDF,Q00897.01-0000119287.PDF,.pdf,4208371,ok,True,True,text,True,10,0,26,False,2,False,20-50,Name | Address | Email | Phone | Money/Amount | Health | Demographic | Work-Related,True,Contact Information | Financial Account Information | Health-Related Information | Demographic Information | Work-Related Information,False,,ambiguous,True,yes,16640,standard,bde_llm_count,True,True,10,0,0,0,0,1,13.833,False,False,True,,True,clear_yes,yes,8835,False,standard,False,,25475
CNG_Data2k/files/Q00897.01-0000434471.MSG,Q00897.01-0000434471.MSG,.msg,190464,ok,True,False,text,False,0,1,7,False,4,False,0-10,Name | Address | Email | Phone | Money/Amount,True,Contact Information | Financial Account Information,False,,ambiguous,True,yes,17477,standard,bde_llm_count,False,False,0,0,0,0,0,0,7.318,False,False,True,,True,likely_no,no,9225,False,likely_non_responsive,True,,26702
CNG_Data2k/files/Q00897.01-0000345845.PDF,Q00897.01-0000345845.PDF,.pdf,36351,ok,True,False,text,False,8,0,1,False,0,False,0-10,Address | Money/Amount,True,Contact Information | Financial Account Information,False,,ambiguous,True,yes,7514,standard,,False,False,0,0,0,0,0,0,3.501,False,False,True,,True,clear_yes,yes,7574,False,standard,False,,15088
CNG_Data2k/files/Q00897.01-0000276564.MSG,Q00897.01-0000276564.MSG,.msg,9069568,ok,True,False,text,False,0,1,4,False,0,False,0-10,Name | Address | Email | Phone | Money/Amount,True,Contact Information | Financial Account Information,False,,ambiguous,True,yes,9856,standard,,False,False,0,0,0,0,0,0,4.731,False,False,True,,True,likely_no,no,9894,False,likely_non_responsive,True,,19750
CNG_Data2k/files/Q00897.01-0000859447.XLSX,Q00897.01-0000859447.XLSX,.xlsx,1578583,ok,True,True,text,True,6,0,1855,False,69,True,100+,Name,False,,True,,ambiguous,True,yes,7965,structured_bde,bde_llm_count_roster,False,False,0,0,0,0,0,0,6.459,False,True,True,,True,likely_no,no,4523,True,likely_non_responsive,True,,12488
CNG_Data2k/files/Q00897.01-0000107320.PDF,Q00897.01-0000107320.PDF,.pdf,299931,ok,True,True,text,True,15,0,226,False,3,False,100+,Address | Email | Phone | SSN | Money/Amount | Work-Related,True,Contact Information | Government-Issued Identification | Financial Account Information | Work-Related Information,False,,clear_responsive,False,,9772,standard,bde_llm_count,True,True,15,0,0,0,0,1,14.742,False,False,True,,True,clear_no,no,10642,True,likely_non_responsive,True,,20414
CNG_Data2k/files/Q00897.01-0000699159.0001.PDF,Q00897.01-0000699159.0001.PDF,.pdf,26668,ok,True,True,text,True,2,0,17,False,1,False,10-20,Name | Money/Amount | Student ID,True,Financial Account Information | Student-Related Information,False,,ambiguous,True,yes,7604,standard,bde_llm_count,True,True,2,0,0,0,0,1,11.337,False,False,True,,True,likely_no,no,4281,False,likely_non_responsive,True,,11885
CNG_Data2k/files/Q00897.01-0000122108.TXT,Q00897.01-0000122108.TXT,.txt,43624,ok,True,False,text,False,0,0,1,False,0,False,0-10,Money/Amount,False,Financial Account Information,False,,clear_non_responsive,False,,0,likely_non_responsive,,False,False,0,0,0,0,0,0,0.062,True,False,False,stage1_nr,False,,,0,False,,False,,0
CNG_Data2k/files/Q00897.01-0000137915.PDF,Q00897.01-0000137915.PDF,.pdf,820032,ok,True,True,text,True,3,0,38,False,2,False,20-50,Name | Address | Phone | Money/Amount,True,Contact Information | Financial Account Information,False,,ambiguous,True,yes,14989,standard,bde_llm_count,True,True,3,0,0,0,0,1,15.118,False,False,True,,True,likely_no,no,8001,False,likely_non_responsive,True,,22990
CNG_Data2k/files/Q00897.01-0000270789.DOCX,Q00897.01-0000270789.DOCX,.docx,24829,ok,True,False,text,False,0,0,1,False,0,False,0-10,Health,False,Health-Related Information,False,,ambiguous,True,no,5721,likely_non_responsive,,False,False,0,0,0,0,0,0,1.752,True,False,False,stage1_nr,False,,,0,False,,False,,5721
CNG_Data2k/files/Q00897.01-0000254135.PDF,Q00897.01-0000254135.PDF,.pdf,214491,ok,True,False,text,False,1,0,3,False,0,False,0-10,Name | Email | Bank/Account Number | Money/Amount,True,Contact Information | Financial Account Information,False,,ambiguous,True,yes,3893,standard,,True,True,1,0,0,0,0,1,7.633,False,False,True,,True,likely_no,no,3974,False,likely_non_responsive,True,,7867
CNG_Data2k/files/Q00897.01-0000826125.MSG,Q00897.01-0000826125.MSG,.msg,87040,ok,True,False,text,False,0,0,4,False,0,False,0-10,Address | Email | Phone,True,Contact Information,False,,ambiguous,False,,0,standard,llm_failed:RateLimitError,False,False,0,0,0,0,0,0,2.168,False,False,True,,True,likely_no,no,4097,False,likely_non_responsive,True,,4097
CNG_Data2k/files/Q00897.01-0000543589.0001.PDF,Q00897.01-0000543589.0001.PDF,.pdf,22618,ok,True,False,text,False,1,0,1,False,0,False,0-10,Money/Amount,False,Financial Account Information,False,,clear_non_responsive,False,,0,likely_non_responsive,,False,False,0,0,0,0,0,0,0.025,True,False,False,stage1_nr,False,,,0,False,,False,,0
CNG_Data2k/files/Q00897.01-0000011467.PDF,Q00897.01-0000011467.PDF,.pdf,188033,ok,True,False,text,False,1,0,1,False,0,False,0-10,Name | Address | Money/Amount | Work-Related,True,Contact Information | Financial Account Information | Work-Related Information,False,,ambiguous,True,yes,4311,standard,,False,False,0,0,0,0,0,0,3.814,False,False,True,,True,clear_yes,yes,4334,False,standard,False,,8645
CNG_Data2k/files/Q00897.01-0000812495.MSG,Q00897.01-0000812495.MSG,.msg,134144,ok,True,False,text,False,0,0,1,False,0,False,0-10,Name | Address | Phone | Card/Transaction | Work-Related,True,Contact Information | Financial Account Information | Work-Related Information,False,,ambiguous,True,no,3952,likely_non_responsive,,False,False,0,0,0,0,0,0,1.259,True,False,False,stage1_nr,False,,,0,False,,False,,3952
CNG_Data2k/files/Q00897.01-0000837870.0007.PDF,Q00897.01-0000837870.0007.PDF,.pdf,163297,ok,True,False,text,False,19,0,1,False,0,False,0-10,Name | Address | Money/Amount,True,Contact Information | Financial Account Information,False,,ambiguous,True,no,9081,likely_non_responsive,,False,False,0,0,0,0,0,0,1.868,True,False,False,stage1_nr,False,,,0,False,,False,,9081
CNG_Data2k/files/Q00897.01-0000894136.PDF,Q00897.01-0000894136.PDF,.pdf,7351,ok,True,False,text,False,1,0,1,False,0,False,0-10,Phone,True,Contact Information,False,,ambiguous,True,yes,3740,standard,,False,False,0,0,0,0,0,0,3.214,False,False,True,,True,borderline,no,3801,False,likely_non_responsive,True,,7541
CNG_Data2k/files/Q00897.01-0000538634.0001.PDF,Q00897.01-0000538634.0001.PDF,.pdf,23214,ok,True,False,text,False,2,0,1,False,0,False,0-10,Phone,True,Contact Information,False,,ambiguous,True,no,3843,likely_non_responsive,,False,False,0,0,0,0,0,0,0.941,True,False,False,stage1_nr,False,,,0,False,,False,,3843
CNG_Data2k/files/Q00897.01-0000005917.PDF,Q00897.01-0000005917.PDF,.pdf,61367,ok,True,False,text,False,1,0,0,False,0,False,0-10,,False,,False,,clear_non_responsive,False,,0,likely_non_responsive,,True,True,1,0,0,0,0,1,4.182,True,False,False,stage1_nr,False,,,0,False,,False,,0
CNG_Data2k/files/Q00897.01-0000723840.0001.PDF,Q00897.01-0000723840.0001.PDF,.pdf,2161550,ok,True,False,text,False,32,0,16,False,6,False,10-20,Name | Address | Email | Phone | Card/Transaction | Money/Amount | Health | Demographic,True,Contact Information | Financial Account Information | Health-Related Information | Demographic Information,False,,ambiguous,True,yes,17820,standard,"img_ocr:p2,p18(2/3,+151chars) bde_llm_count",False,False,0,3,3,2,0,3,17.702,False,False,True,,True,clear_yes,yes,9439,False,standard,False,,27259
CNG_Data2k/files/Q00897.01-0000647472.MSG,Q00897.01-0000647472.MSG,.msg,109568,ok,True,False,text,False,0,0,3,False,0,False,0-10,Name | Phone,True,Contact Information,False,,ambiguous,True,no,6004,likely_non_responsive,,False,False,0,0,0,0,0,0,1.39,True,False,False,stage1_nr,False,,,0,False,,False,,6004
CNG_Data2k/files/Q00897.01-0000456825.MSG,Q00897.01-0000456825.MSG,.msg,189440,ok,True,False,text,False,0,0,2,False,0,False,0-10,Name | Address | Email | Phone | Card/Transaction | Money/Amount,True,Contact Information | Financial Account Information,False,,ambiguous,True,yes,5053,standard,,False,False,0,0,0,0,0,0,4.348,False,False,True,,True,likely_no,no,5125,False,likely_non_responsive,True,,10178
CNG_Data2k/files/Q00897.01-0000247866.PDF,Q00897.01-0000247866.PDF,.pdf,88564,ok,True,True,text,True,1,0,9,False,0,False,0-10,Name | Bank/Account Number | Money/Amount,True,Financial Account Information,False,,ambiguous,True,no,6980,likely_non_responsive,bde_llm_count,True,True,1,0,0,0,0,1,6.165,True,False,False,stage1_nr,False,,,0,False,,False,,6980
CNG_Data2k/files/Q00897.01-0000342256.DOCX,Q00897.01-0000342256.DOCX,.docx,37040,ok,True,False,text,False,0,0,2,False,0,False,0-10,Name | Address | Health,True,Contact Information | Health-Related Information,False,,ambiguous,True,no,6752,likely_non_responsive,,False,False,0,0,0,0,0,0,1.173,True,False,False,stage1_nr,False,,,0,False,,False,,6752
CNG_Data2k/files/Q00897.01-0000840862.0002.PDF,Q00897.01-0000840862.0002.PDF,.pdf,409732,ok,True,False,text,False,10,0,1,False,0,False,0-10,Money/Amount,False,Financial Account Information,False,,clear_non_responsive,False,,0,likely_non_responsive,,True,True,10,0,0,0,0,1,7.176,True,False,False,stage1_nr,False,,,0,False,,False,,0
CNG_Data2k/files/Q00897.01-0000325114.PDF,Q00897.01-0000325114.PDF,.pdf,238167,ok,True,True,text,True,1,0,10,False,0,False,0-10,Name | Address | Phone | Money/Amount,True,Contact Information | Financial Account Information,False,,ambiguous,True,no,7442,likely_non_responsive,bde_llm_count,True,True,1,0,0,0,0,1,6.955,True,False,False,stage1_nr,False,,,0,False,,False,,7442
CNG_Data2k/files/Q00897.01-0000802878.0001.PDF,Q00897.01-0000802878.0001.PDF,.pdf,158776,ok,True,True,text,True,2,0,24,False,2,False,20-50,Name | Address | Email | Phone | Account Balance | Money/Amount | Student ID,True,Contact Information | Financial Account Information | Student-Related Information,False,,ambiguous,True,yes,8417,standard,bde_llm_count,True,True,2,0,0,0,0,1,8.74,False,False,True,,True,clear_yes,yes,4652,False,standard,False,,13069
CNG_Data2k/files/Q00897.01-0000293548.XLSX,Q00897.01-0000293548.XLSX,.xlsx,30446,ok,True,True,text,True,1,0,377,False,377,True,100+,SSN | Money/Amount,True,Government-Issued Identification | Financial Account Information,True,,clear_responsive,False,,3825,structured_bde,bde_llm_count_roster,False,False,0,0,0,0,0,0,62.864,False,True,True,,True,clear_yes,yes,4924,True,structured_bde,False,,8749
CNG_Data2k/files/Q00897.01-0000246842.PDF,Q00897.01-0000246842.PDF,.pdf,278420,ok,True,False,text,False,2,0,3,False,0,False,0-10,Phone | Money/Amount,True,Contact Information | Financial Account Information,False,,ambiguous,True,no,4187,likely_non_responsive,"img_ocr:p2(1/1,+4chars)",False,False,0,1,1,1,0,1,5.319,True,False,False,stage1_nr,False,,,0,False,,False,,4187
CNG_Data2k/files/Q00897.01-0000891576.PDF,Q00897.01-0000891576.PDF,.pdf,24733,ok,True,True,text,True,1,0,21,False,1,False,20-50,Name | Address | Phone | Money/Amount | Work-Related,True,Contact Information | Financial Account Information | Work-Related Information,False,,ambiguous,True,yes,7627,standard,bde_llm_count,True,True,1,0,0,0,0,1,7.21,False,False,True,,True,clear_yes,yes,4300,False,standard,False,,11927
CNG_Data2k/files/Q00897.01-0000802265.0001.PDF,Q00897.01-0000802265.0001.PDF,.pdf,78991,ok,True,True,text,True,2,0,24,False,1,False,20-50,Name | Address | Phone | Account Balance | Money/Amount | Health | Student ID,True,Contact Information | Financial Account Information | Health-Related Information | Student-Related Information,False,,ambiguous,True,yes,8313,standard,bde_llm_count,True,True,2,0,0,0,0,1,8.756,False,False,True,,True,clear_yes,yes,4620,False,standard,False,,12933
CNG_Data2k/files/Q00897.01-0000656424.MSG,Q00897.01-0000656424.MSG,.msg,522240,ok,True,False,text,False,0,2,5,False,0,False,0-10,Name | Address | Email | Phone,True,Contact Information,False,,ambiguous,True,yes,4293,standard,,False,False,0,0,0,0,0,0,2.561,False,False,True,,True,likely_no,no,4314,False,likely_non_responsive,True,,8607
CNG_Data2k/files/Q00897.01-0000702454.MSG,Q00897.01-0000702454.MSG,.msg,188928,ok,True,False,text,False,0,0,1,False,0,False,0-10,Address | Email,True,Contact Information,False,,ambiguous,True,no,4452,likely_non_responsive,,False,False,0,0,0,0,0,0,1.802,True,False,False,stage1_nr,False,,,0,False,,False,,4452
CNG_Data2k/files/Q00897.01-0000778570.MSG,Q00897.01-0000778570.MSG,.msg,115712,ok,True,False,text,False,0,0,3,False,0,False,0-10,Name | Card Expiry/CVV,False,Financial Account Information,False,,ambiguous,True,yes,4128,standard,,False,False,0,0,0,0,0,0,2.929,False,False,True,,True,borderline,no,4188,False,likely_non_responsive,True,,8316
CNG_Data2k/files/Q00897.01-0000818359.0001.PDF,Q00897.01-0000818359.0001.PDF,.pdf,181869,ok,True,True,text,True,3,0,21,False,4,False,20-50,Name | Address | Email | Phone | Money/Amount,True,Contact Information | Financial Account Information,False,,ambiguous,False,,4669,standard,llm_failed:RateLimitError bde_llm_count,True,True,3,0,0,0,0,1,68.921,False,False,True,,True,likely_no,no,5579,False,likely_non_responsive,True,,10248
CNG_Data2k/files/Q00897.01-0000326633.PDF,Q00897.01-0000326633.PDF,.pdf,1224032,ok,True,False,text,False,305,0,50,False,51,True,20-50,Name | Address | Phone | Card/Transaction | Money/Amount,True,Contact Information | Financial Account Information,True,,ambiguous,True,yes,34058,bde,bde_llm_count,False,False,0,0,0,0,0,0,68.517,False,True,True,,True,likely_no,no,17550,False,likely_non_responsive,True,,51608
CNG_Data2k/files/Q00897.01-0000830414.MSG,Q00897.01-0000830414.MSG,.msg,73216,ok,True,False,text,False,0,0,5,False,0,False,0-10,Name | Address | Email | Phone | Demographic,True,Contact Information | Demographic Information,False,,ambiguous,True,yes,6081,standard,,False,False,0,0,0,0,0,0,2.982,False,False,True,,True,likely_no,no,6117,False,likely_non_responsive,True,,12198
CNG_Data2k/files/Q00897.01-0000110186.XLSX,Q00897.01-0000110186.XLSX,.xlsx,132391,ok,True,True,text,True,18,0,1208,False,0,False,100+,Phone,True,Contact Information,False,,ambiguous,True,no,7400,likely_non_responsive,roster_by_rowcount bde_llm_count,False,False,0,0,0,0,0,0,1.982,True,False,False,stage1_nr,False,,,0,False,,False,,7400
CNG_Data2k/files/Q00897.01-0000659018.MSG,Q00897.01-0000659018.MSG,.msg,112640,ok,True,False,text,False,0,0,2,False,0,False,0-10,Name | Address | Email | Phone,True,Contact Information,False,,ambiguous,True,yes,3869,standard,,False,False,0,0,0,0,0,0,2.098,False,False,True,,True,clear_no,no,3934,False,likely_non_responsive,True,,7803
CNG_Data2k/files/Q00897.01-0000729317.MSG,Q00897.01-0000729317.MSG,.msg,162816,ok,True,False,text,False,0,0,0,False,0,False,0-10,,False,,False,,clear_non_responsive,False,,0,likely_non_responsive,,False,False,0,0,0,0,0,0,0.763,True,False,False,stage1_nr,False,,,0,False,,False,,0
CNG_Data2k/files/Q00897.01-0000705230.0001.XLSX,Q00897.01-0000705230.0001.XLSX,.xlsx,13284,ok,True,True,text,True,3,0,0,False,0,False,0-10,Work-Related,False,Work-Related Information,False,,ambiguous,True,no,7009,structured_unreadable,bde_llm_count,False,False,0,0,0,0,0,0,4.572,False,False,True,,True,clear_no,no,3977,False,likely_non_responsive,True,,10986
CNG_Data2k/files/Q00897.01-0000443322.0001.XLSX,Q00897.01-0000443322.0001.XLSX,.xlsx,483488,ok,True,True,text,True,1,0,71,False,71,True,50-100,Name,False,,True,,ambiguous,True,yes,7450,structured_bde,roster_by_rowcount bde_llm_count_roster,False,False,0,0,0,0,0,0,5.943,False,True,True,,True,borderline,no,4273,True,likely_non_responsive,True,,11723
CNG_Data2k/files/Q00897.01-0000340556.XLSX,Q00897.01-0000340556.XLSX,.xlsx,11718,ok,True,True,text,True,1,0,0,False,0,False,0-10,Money/Amount,False,Financial Account Information,False,,ambiguous,True,no,9033,structured_unreadable,bde_llm_count,False,False,0,0,0,0,0,0,3.78,False,False,True,,True,clear_no,no,4990,False,likely_non_responsive,True,,14023
CNG_Data2k/files/Q00897.01-0000796320.0002.DOCX,Q00897.01-0000796320.0002.DOCX,.docx,53487,ok,True,False,text,False,0,0,2,False,0,False,0-10,Name | Address | Money/Amount | Work-Related,True,Contact Information | Financial Account Information | Work-Related Information,False,,ambiguous,True,yes,8455,standard,,False,False,0,0,0,0,0,0,2.858,False,False,True,,True,likely_yes,yes,8550,False,standard,False,,17005
CNG_Data2k/files/Q00897.01-0000246341.PDF,Q00897.01-0000246341.PDF,.pdf,488999,ok,True,True,text,True,1,0,3,False,1,False,0-10,Name | Email | Money/Amount,True,Contact Information | Financial Account Information,False,,ambiguous,True,no,7406,likely_non_responsive,bde_llm_count,True,True,1,0,0,0,0,1,7.078,True,False,False,stage1_nr,False,,,0,False,,False,,7406
CNG_Data2k/files/Q00897.01-0000724854.MSG,Q00897.01-0000724854.MSG,.msg,148480,ok,True,False,text,False,0,0,2,False,0,False,0-10,Name | Address | Health,True,Contact Information | Health-Related Information,False,,ambiguous,True,no,3808,likely_non_responsive,,False,False,0,0,0,0,0,0,1.628,True,False,False,stage1_nr,False,,,0,False,,False,,3808
CNG_Data2k/files/Q00897.01-0000394698.MSG,Q00897.01-0000394698.MSG,.msg,65536,ok,True,False,text,False,0,0,6,False,0,False,0-10,Name | Address | Email | Phone,True,Contact Information,False,,ambiguous,True,yes,4108,standard,,False,False,0,0,0,0,0,0,3.246,False,False,True,,True,borderline,no,4175,False,likely_non_responsive,True,,8283
CNG_Data2k/files/Q00897.01-0000846226.MSG,Q00897.01-0000846226.MSG,.msg,28672,error,False,False,,False,0,0,0,False,0,False,,,False,,False,,,False,,0,review_error,MalformedRtf,False,False,0,0,0,0,0,0,0.288,False,False,False,extract_error,False,,,0,False,,False,,0
CNG_Data2k/files/Q00897.01-0000257351.0003.PDF,Q00897.01-0000257351.0003.PDF,.pdf,279933,ok,True,False,text,False,3,0,1,False,0,False,0-10,Name | Address | Bank/Account Number | Money/Amount,True,Contact Information | Financial Account Information,False,,ambiguous,True,yes,4570,standard,,False,False,0,0,0,0,0,0,2.902,False,False,True,,True,likely_no,no,4653,False,likely_non_responsive,True,,9223
CNG_Data2k/files/Q00897.01-0000020629.XLSX,Q00897.01-0000020629.XLSX,.xlsx,30383,ok,True,True,text,True,3,0,164,False,164,True,100+,Name | Money/Amount,False,Financial Account Information,True,,ambiguous,True,yes,10940,structured_bde,roster_by_rowcount bde_llm_count_roster,False,False,0,0,0,0,0,0,5.16,False,True,True,,True,clear_yes,yes,5958,True,structured_bde,False,,16898
CNG_Data2k/files/Q00897.01-0000408433.0001.0010.XLSX,Q00897.01-0000408433.0001.0010.XLSX,.xlsx,879285,ok,True,True,text,True,26,0,410,False,0,False,100+,Phone | Payment Card | Money/Amount,True,Contact Information | Financial Account Information,False,,ambiguous,True,no,10732,likely_non_responsive,bde_llm_count,False,False,0,0,0,0,0,0,2.848,True,False,False,stage1_nr,False,,,0,False,,False,,10732
CNG_Data2k/files/Q00897.01-0000672722.MSG,Q00897.01-0000672722.MSG,.msg,185856,ok,True,False,text,False,0,1,1,False,0,False,0-10,Name | Money/Amount,True,Financial Account Information,False,,ambiguous,True,no,3842,likely_non_responsive,,False,False,0,0,0,0,0,0,1.019,True,False,False,stage1_nr,False,,,0,False,,False,,3842
CNG_Data2k/files/Q00897.01-0000840763.MSG,Q00897.01-0000840763.MSG,.msg,562176,ok,True,False,text,False,0,2,6,False,0,False,0-10,Name | Address | Email | Phone,True,Contact Information,False,,ambiguous,True,yes,4416,standard,,False,False,0,0,0,0,0,0,2.889,False,False,True,,True,likely_no,no,4480,False,likely_non_responsive,True,,8896
CNG_Data2k/files/Q00897.01-0000537062.0001.PDF,Q00897.01-0000537062.0001.PDF,.pdf,22717,ok,True,False,text,False,1,0,1,False,0,False,0-10,Money/Amount,False,Financial Account Information,False,,clear_non_responsive,False,,0,likely_non_responsive,,False,False,0,0,0,0,0,0,0.025,True,False,False,stage1_nr,False,,,0,False,,False,,0
CNG_Data2k/files/Q00897.01-0000346970.PDF,Q00897.01-0000346970.PDF,.pdf,19992,ok,True,False,text,False,2,0,1,False,0,False,0-10,Money/Amount,False,Financial Account Information,False,,clear_non_responsive,False,,0,likely_non_responsive,,False,False,0,0,0,0,0,0,0.147,True,False,False,stage1_nr,False,,,0,False,,False,,0
CNG_Data2k/files/Q00897.01-0000901301.PDF,Q00897.01-0000901301.PDF,.pdf,15403,ok,True,True,text,True,2,0,39,False,2,False,20-50,Name | Address | Phone | Money/Amount | Work-Related,True,Contact Information | Financial Account Information | Work-Related Information,False,,ambiguous,True,yes,8067,standard,bde_llm_count_roster,True,True,2,0,0,0,0,1,8.805,False,False,True,,True,clear_yes,yes,4480,False,standard,False,,12547
CNG_Data2k/files/Q00897.01-0000688064.MSG,Q00897.01-0000688064.MSG,.msg,161792,ok,True,False,text,False,0,0,0,False,0,False,0-10,,False,,False,,clear_non_responsive,False,,0,likely_non_responsive,,False,False,0,0,0,0,0,0,0.862,True,False,False,stage1_nr,False,,,0,False,,False,,0
CNG_Data2k/files/Q00897.01-0000238624.PDF,Q00897.01-0000238624.PDF,.pdf,827481,ok,True,False,text,False,1,0,1,False,0,False,0-10,Name | Address,True,Contact Information,False,,ambiguous,True,yes,4976,standard,,True,True,1,0,0,0,0,1,10.726,False,False,True,,True,clear_yes,yes,5046,False,standard,False,,10022
CNG_Data2k/files/Q00897.01-0000869658.PDF,Q00897.01-0000869658.PDF,.pdf,26115,ok,True,False,text,False,1,0,1,False,0,False,0-10,Name | Address | Phone | Money/Amount,True,Contact Information | Financial Account Information,False,,ambiguous,True,no,4279,likely_non_responsive,,False,False,0,0,0,0,0,0,1.62,True,False,False,stage1_nr,False,,,0,False,,False,,4279
CNG_Data2k/files/Q00897.01-0000132563.PDF,Q00897.01-0000132563.PDF,.pdf,508652,ok,True,True,text,True,3,0,36,False,0,False,20-50,Phone | Money/Amount,True,Contact Information | Financial Account Information,False,,ambiguous,True,no,8352,likely_non_responsive,bde_llm_count,True,True,3,0,0,0,0,1,7.279,True,False,False,stage1_nr,False,,,0,False,,False,,8352
CNG_Data2k/files/Q00897.01-0000849005.0001.PDF,Q00897.01-0000849005.0001.PDF,.pdf,1672022,ok,True,True,text,True,4,0,65,False,2,False,50-100,Name | Address | Email | Phone | Bank/Account Number | Money/Amount,True,Contact Information | Financial Account Information,False,,ambiguous,True,yes,11350,standard,bde_llm_count,True,True,4,0,0,0,0,1,9.408,False,False,True,,True,likely_no,no,6135,True,likely_non_responsive,True,,17485
CNG_Data2k/files/Q00897.01-0000108531.PDF,Q00897.01-0000108531.PDF,.pdf,36328,ok,True,False,text,False,10,0,1,False,0,False,0-10,Address | Card/Transaction | Money/Amount | Work-Related,True,Contact Information | Financial Account Information | Work-Related Information,False,,ambiguous,True,no,10550,likely_non_responsive,,False,False,0,0,0,0,0,0,1.72,True,False,False,stage1_nr,False,,,0,False,,False,,10550
CNG_Data2k/files/Q00897.01-0000110664.XLSX,Q00897.01-0000110664.XLSX,.xlsx,93374,ok,True,True,text,True,7,0,131304,False,0,False,100+,,False,,False,,ambiguous,True,no,8314,likely_non_responsive,roster_by_rowcount bde_llm_count,False,False,0,0,0,0,0,0,2.68,True,False,False,stage1_nr,False,,,0,False,,False,,8314
CNG_Data2k/files/Q00897.01-0000796638.MSG,Q00897.01-0000796638.MSG,.msg,164352,ok,True,False,text,False,0,0,9,False,4,False,0-10,Name | Address | Email | Phone | Money/Amount | Health,True,Contact Information | Financial Account Information | Health-Related Information,False,,ambiguous,True,yes,16198,standard,bde_llm_count,False,False,0,0,0,0,0,0,4.942,False,False,True,,True,likely_yes,yes,8589,False,standard,False,,24787
CNG_Data2k/files/Q00897.01-0000316283.PDF,Q00897.01-0000316283.PDF,.pdf,38885872,ok,True,False,text,False,21,0,1,False,0,False,0-10,Email | Phone | Money/Amount | Health | Demographic,True,Contact Information | Financial Account Information | Health-Related Information | Demographic Information,False,,ambiguous,True,no,9786,likely_non_responsive,"img_ocr:p2,p3,p3,p4,p4,p11,p11,p18,p18(9/11,+444chars)",False,False,0,11,11,9,0,11,51.858,True,False,False,stage1_nr,False,,,0,False,,False,,9786
CNG_Data2k/files/Q00897.01-0000116630.PDF,Q00897.01-0000116630.PDF,.pdf,329062,ok,True,True,text,True,3,0,110,False,0,False,100+,Money/Amount,False,Financial Account Information,False,,ambiguous,True,no,11523,likely_non_responsive,bde_llm_count,True,True,3,0,0,0,0,1,8.873,True,False,False,stage1_nr,False,,,0,False,,False,,11523
CNG_Data2k/files/Q00897.01-0000345608.PDF,Q00897.01-0000345608.PDF,.pdf,11943,ok,True,False,text,False,2,0,1,False,0,False,0-10,Money/Amount,False,Financial Account Information,False,,clear_non_responsive,False,,0,likely_non_responsive,,False,False,0,0,0,0,0,0,0.106,True,False,False,stage1_nr,False,,,0,False,,False,,0
CNG_Data2k/files/Q00897.01-0000577204.0001.PDF,Q00897.01-0000577204.0001.PDF,.pdf,121354,ok,True,False,text,False,1,0,0,False,0,False,0-10,,False,,False,,clear_non_responsive,False,,0,likely_non_responsive,,False,False,0,0,0,0,0,0,0.094,True,False,False,stage1_nr,False,,,0,False,,False,,0
CNG_Data2k/files/Q00897.01-0000669069.0001.PDF,Q00897.01-0000669069.0001.PDF,.pdf,35587,ok,True,False,text,False,36,0,1,False,0,False,0-10,Name | Address | Phone | Bank/Account Number | Money/Amount,True,Contact Information | Financial Account Information,False,,ambiguous,True,yes,5094,standard,,False,False,0,0,0,0,0,0,3.021,False,False,True,,True,clear_no,no,5196,False,likely_non_responsive,True,,10290
CNG_Data2k/files/Q00897.01-0000704964.MSG,Q00897.01-0000704964.MSG,.msg,284160,ok,True,False,text,False,0,0,1,False,0,False,0-10,Address | Phone,True,Contact Information,False,,ambiguous,True,no,4181,likely_non_responsive,,False,False,0,0,0,0,0,0,2.633,True,False,False,stage1_nr,False,,,0,False,,False,,4181
CNG_Data2k/files/Q00897.01-0000720691.MSG,Q00897.01-0000720691.MSG,.msg,431104,ok,True,False,text,False,0,0,1,False,0,False,0-10,Name | Address | Money/Amount | Demographic,True,Contact Information | Financial Account Information | Demographic Information,False,,ambiguous,True,no,8732,likely_non_responsive,,False,False,0,0,0,0,0,0,4.767,True,False,False,stage1_nr,False,,,0,False,,False,,8732
CNG_Data2k/files/Q00897.01-0000116868.PDF,Q00897.01-0000116868.PDF,.pdf,158276,ok,True,False,text,False,24,0,1,False,0,False,0-10,Money/Amount,False,Financial Account Information,False,,clear_non_responsive,False,,0,likely_non_responsive,,False,False,0,0,0,0,0,0,1.817,True,False,False,stage1_nr,False,,,0,False,,False,,0
CNG_Data2k/files/Q00897.01-0000523981.0001.PDF,Q00897.01-0000523981.0001.PDF,.pdf,22974,ok,True,False,text,False,2,0,1,False,0,False,0-10,Phone,True,Contact Information,False,,ambiguous,True,no,3868,likely_non_responsive,,False,False,0,0,0,0,0,0,1.139,True,False,False,stage1_nr,False,,,0,False,,False,,3868
CNG_Data2k/files/Q00897.01-0000357003.CSV,Q00897.01-0000357003.CSV,.csv,276272,ok,True,True,text,True,0,0,939,False,939,True,100+,Name | Money/Amount,False,Financial Account Information,True,,ambiguous,True,yes,17610,structured_bde,roster_by_rowcount bde_llm_count_roster,False,False,0,0,0,0,0,0,67.767,False,True,True,,True,clear_yes,yes,9410,True,structured_bde,False,,27020
CNG_Data2k/files/Q00897.01-0000557245.MSG,Q00897.01-0000557245.MSG,.msg,147456,ok,True,False,text,False,0,0,1,False,0,False,0-10,Money/Amount,False,Financial Account Information,False,,clear_non_responsive,False,,0,likely_non_responsive,,False,False,0,0,0,0,0,0,0.264,True,False,False,stage1_nr,False,,,0,False,,False,,0
CNG_Data2k/files/Q00897.01-0000777444.MSG,Q00897.01-0000777444.MSG,.msg,176640,ok,True,False,text,False,0,0,3,False,0,False,0-10,Name | Address | Email | Phone | Money/Amount,True,Contact Information | Financial Account Information,False,,ambiguous,True,no,4244,likely_non_responsive,,False,False,0,0,0,0,0,0,1.688,True,False,False,stage1_nr,False,,,0,False,,False,,4244
CNG_Data2k/files/Q00897.01-0000669864.MSG,Q00897.01-0000669864.MSG,.msg,213504,ok,True,False,text,False,0,2,3,False,0,False,0-10,Name | Phone,True,Contact Information,False,,ambiguous,True,no,3722,likely_non_responsive,,False,False,0,0,0,0,0,0,1.163,True,False,False,stage1_nr,False,,,0,False,,False,,3722
CNG_Data2k/files/Q00897.01-0000259105.PDF,Q00897.01-0000259105.PDF,.pdf,444664,ok,True,False,text,False,5,0,14,False,6,False,10-20,Name | Address | Email | Phone | Money/Amount,True,Contact Information | Financial Account Information,False,,ambiguous,True,yes,13793,standard,bde_llm_count,False,False,0,0,0,0,0,0,5.729,False,False,True,,True,clear_yes,yes,7384,False,standard,False,,21177
CNG_Data2k/files/Q00897.01-0000683849.0001.PDF,Q00897.01-0000683849.0001.PDF,.pdf,870686,ok,True,True,text,True,15,0,829,False,0,False,100+,Name | Money/Amount,False,Financial Account Information,False,,ambiguous,True,no,28611,likely_non_responsive,bde_llm_count,True,True,15,0,0,0,0,1,61.54,True,False,False,stage1_nr,False,,,0,False,,False,,28611
CNG_Data2k/files/Q00897.01-0000711790.MSG,Q00897.01-0000711790.MSG,.msg,132608,ok,True,False,text,False,0,0,1,False,0,False,0-10,Name,False,,False,,ambiguous,True,no,3821,likely_non_responsive,,False,False,0,0,0,0,0,0,1.106,True,False,False,stage1_nr,False,,,0,False,,False,,3821
CNG_Data2k/files/Q00897.01-0000275550.PDF,Q00897.01-0000275550.PDF,.pdf,253136,ok,True,False,text,False,1,0,4,False,0,False,0-10,Name | Address | Phone | Tax ID | Money/Amount,True,Contact Information | Government-Issued Identification | Financial Account Information,False,,ambiguous,True,no,4081,likely_non_responsive,,True,True,1,0,0,0,0,1,6.334,True,False,False,stage1_nr,False,,,0,False,,False,,4081
CNG_Data2k/files/Q00897.01-0000340617.PDF,Q00897.01-0000340617.PDF,.pdf,248683,ok,True,False,text,False,1,0,11,False,5,False,10-20,Name | Address | Email | Phone,True,Contact Information,False,,ambiguous,True,yes,7446,standard,"img_ocr:p1(1/1,+31chars) bde_llm_count",False,False,0,1,1,1,0,1,8.163,False,False,True,,True,clear_no,no,4200,False,likely_non_responsive,True,,11646
CNG_Data2k/files/Q00897.01-0000011661.PDF,Q00897.01-0000011661.PDF,.pdf,46924,ok,True,False,text,False,1,0,1,False,0,False,0-10,Name | Phone,True,Contact Information,False,,ambiguous,True,yes,4280,standard,,True,True,1,0,0,0,0,1,6.467,False,False,True,,True,likely_yes,yes,4355,False,standard,False,,8635
CNG_Data2k/files/Q00897.01-0000274768.PDF,Q00897.01-0000274768.PDF,.pdf,300859,ok,True,False,text,False,1,0,1,False,0,False,0-10,Name | Phone,True,Contact Information,False,,ambiguous,True,yes,5583,standard,,False,False,0,0,0,0,0,0,4.286,False,False,True,,True,borderline,no,5649,False,likely_non_responsive,True,,11232
CNG_Data2k/files/Q00897.01-0000457597.MSG,Q00897.01-0000457597.MSG,.msg,323072,ok,True,False,text,False,0,0,1,False,0,False,0-10,Address | Money/Amount | Health,True,Contact Information | Financial Account Information | Health-Related Information,False,,ambiguous,True,no,6706,likely_non_responsive,,False,False,0,0,0,0,0,0,2.919,True,False,False,stage1_nr,False,,,0,False,,False,,6706
CNG_Data2k/files/Q00897.01-0000822770.MSG,Q00897.01-0000822770.MSG,.msg,49664,ok,True,False,text,False,0,1,5,False,0,False,0-10,Name | Address | Email | Phone,True,Contact Information,False,,ambiguous,True,no,4160,likely_non_responsive,,False,False,0,0,0,0,0,0,1.553,True,False,False,stage1_nr,False,,,0,False,,False,,4160
CNG_Data2k/files/Q00897.01-0000779264.MSG,Q00897.01-0000779264.MSG,.msg,514048,ok,True,False,text,False,0,2,1,False,0,False,0-10,Name | Address | Email | Phone,True,Contact Information,False,,ambiguous,True,no,3755,likely_non_responsive,,False,False,0,0,0,0,0,0,1.187,True,False,False,stage1_nr,False,,,0,False,,False,,3755
CNG_Data2k/files/Q00897.01-0000895285.PDF,Q00897.01-0000895285.PDF,.pdf,72098,ok,True,False,text,False,10,0,14,False,14,False,10-20,Name | Address | Phone,True,Contact Information,False,,ambiguous,True,yes,27963,standard,bde_llm_count_roster,False,False,0,0,0,0,0,0,7.076,False,False,True,,True,likely_yes,yes,14431,False,standard,False,,42394
CNG_Data2k/files/Q00897.01-0000901849.PDF,Q00897.01-0000901849.PDF,.pdf,68172,ok,True,False,text,False,13,0,3,False,0,False,0-10,Name | Address | Phone | Work-Related,True,Contact Information | Work-Related Information,False,,ambiguous,True,yes,14224,standard,,False,False,0,0,0,0,0,0,8.787,False,False,True,,True,clear_yes,yes,14284,False,standard,False,,28508
CNG_Data2k/files/Q00897.01-0000822882.MSG,Q00897.01-0000822882.MSG,.msg,180224,ok,True,False,text,False,0,1,1,False,0,False,0-10,Card/Transaction | Money/Amount,False,Financial Account Information,False,,ambiguous,True,no,4033,likely_non_responsive,,False,False,0,0,0,0,0,0,1.108,True,False,False,stage1_nr,False,,,0,False,,False,,4033
CNG_Data2k/files/Q00897.01-0000614041.0001.0001.XLSX,Q00897.01-0000614041.0001.0001.XLSX,.xlsx,333919,ok,True,True,text,True,12,0,302,False,302,True,100+,Phone | Payment Card | Money/Amount,True,Contact Information | Financial Account Information,True,,ambiguous,True,no,15100,structured_bde,bde_llm_count_roster,False,False,0,0,0,0,0,0,3.587,False,True,True,,True,clear_no,no,8002,True,likely_non_responsive,True,,23102
CNG_Data2k/files/Q00897.01-0000267022.XLSX,Q00897.01-0000267022.XLSX,.xlsx,10841,ok,True,True,text,True,1,0,12,False,0,False,10-20,Phone | Money/Amount,True,Contact Information | Financial Account Information,False,,ambiguous,True,no,7981,likely_non_responsive,bde_llm_count,False,False,0,0,0,0,0,0,1.955,True,False,False,stage1_nr,False,,,0,False,,False,,7981
CNG_Data2k/files/Q00897.01-0000538514.0001.PDF,Q00897.01-0000538514.0001.PDF,.pdf,22565,ok,True,False,text,False,1,0,1,False,0,False,0-10,Money/Amount,False,Financial Account Information,False,,clear_non_responsive,False,,0,likely_non_responsive,,False,False,0,0,0,0,0,0,0.024,True,False,False,stage1_nr,False,,,0,False,,False,,0
CNG_Data2k/files/Q00897.01-0000809108.0001.PDF,Q00897.01-0000809108.0001.PDF,.pdf,151690,ok,True,True,text,True,2,0,8,False,4,False,0-10,Name | Address | Email | Phone,True,Contact Information,False,,ambiguous,True,no,9807,likely_non_responsive,bde_llm_count,True,True,2,0,0,0,0,1,8.487,True,False,False,stage1_nr,False,,,0,False,,False,,9807
CNG_Data2k/files/Q00897.01-0000109157.XLSX,Q00897.01-0000109157.XLSX,.xlsx,7811,ok,True,True,text,True,1,0,4,False,2,False,0-10,Name | Phone | Money/Amount,True,Contact Information | Financial Account Information,False,,ambiguous,True,yes,7707,standard,bde_llm_count,False,False,0,0,0,0,0,0,3.311,False,False,True,,True,likely_no,no,4340,False,likely_non_responsive,True,,12047
CNG_Data2k/files/Q00897.01-0000504448.MSG,Q00897.01-0000504448.MSG,.msg,94720,ok,True,False,text,False,0,0,1,False,0,False,0-10,Address | Email | Money/Amount,True,Contact Information | Financial Account Information,False,,ambiguous,True,no,4067,likely_non_responsive,,False,False,0,0,0,0,0,0,2.433,True,False,False,stage1_nr,False,,,0,False,,False,,4067
CNG_Data2k/files/Q00897.01-0000298833.XLSX,Q00897.01-0000298833.XLSX,.xlsx,13420,ok,True,True,text,True,1,0,372,False,0,False,100+,,False,,False,,ambiguous,True,no,7923,likely_non_responsive,roster_by_rowcount bde_llm_count,False,False,0,0,0,0,0,0,2.449,True,False,False,stage1_nr,False,,,0,False,,False,,7923
CNG_Data2k/files/Q00897.01-0000654458.MSG,Q00897.01-0000654458.MSG,.msg,126464,ok,True,False,text,False,0,2,5,False,0,False,0-10,Name | Address | Email | Phone | Money/Amount,True,Contact Information | Financial Account Information,False,,ambiguous,True,yes,5604,standard,,False,False,0,0,0,0,0,0,3.765,False,False,True,,True,likely_no,no,5661,False,likely_non_responsive,True,,11265
CNG_Data2k/files/Q00897.01-0000008362.PDF,Q00897.01-0000008362.PDF,.pdf,42713,ok,True,False,text,False,4,0,3,False,0,False,0-10,Name | Address | Phone,True,Contact Information,False,,ambiguous,True,yes,8497,standard,,False,False,0,0,0,0,0,0,3.72,False,False,True,,True,clear_yes,yes,8521,False,standard,False,,17018
CNG_Data2k/files/Q00897.01-0000370772.MSG,Q00897.01-0000370772.MSG,.msg,306176,ok,True,False,text,False,0,0,2,False,0,False,0-10,Name | Address | Email | Phone,True,Contact Information,False,,ambiguous,True,no,4197,likely_non_responsive,,False,False,0,0,0,0,0,0,4.419,True,False,False,stage1_nr,False,,,0,False,,False,,4197
CNG_Data2k\files\Q00897.01-0000803510.0001.DOC,Q00897.01-0000803510.0001.DOC,.doc,26175,ok,True,False,text,False,0,0,3,False,0,False,0-10,Name | Address | Money/Amount | Demographic | Work-Related,True,Contact Information | Financial Account Information | Demographic Information | Work-Related Information,False,,ambiguous,True,no,4516,likely_non_responsive,,False,False,0,0,0,0,0,0,1.159,True,False,False,stage1_nr,False,,,0,False,,False,,4516
CNG_Data2k/files/Q00897.01-0000806607.0002.DOCX,Q00897.01-0000806607.0002.DOCX,.docx,39681,ok,True,False,text,False,0,0,0,False,0,False,0-10,,False,,False,,clear_non_responsive,False,,0,likely_non_responsive,,False,False,0,0,0,0,0,0,0.048,True,False,False,stage1_nr,False,,,0,False,,False,,0
CNG_Data2k/files/Q00897.01-0000840244.MSG,Q00897.01-0000840244.MSG,.msg,185344,ok,True,False,text,False,0,7,13,False,13,False,10-20,Name | Address | Email | Phone,True,Contact Information,False,,ambiguous,True,yes,14122,standard,bde_llm_count,False,False,0,0,0,0,0,0,6.247,False,False,True,,True,likely_no,no,7579,False,likely_non_responsive,True,,21701
CNG_Data2k/files/Q00897.01-0000651737.0001.PDF,Q00897.01-0000651737.0001.PDF,.pdf,31594,ok,True,True,text,True,1,0,3,False,1,False,0-10,Name | Address | Phone | Card Expiry/CVV | Money/Amount,True,Contact Information | Financial Account Information,False,,ambiguous,True,no,7382,likely_non_responsive,bde_llm_count,True,True,1,0,0,0,0,1,6.475,True,False,False,stage1_nr,False,,,0,False,,False,,7382
CNG_Data2k/files/Q00897.01-0000787326.0001.PDF,Q00897.01-0000787326.0001.PDF,.pdf,194065,ok,True,False,text,False,1,0,9,False,6,False,0-10,Name | Address | Email | Phone | Money/Amount,True,Contact Information | Financial Account Information,False,,ambiguous,True,yes,7706,standard,bde_llm_count,False,False,0,0,0,0,0,0,4.764,False,False,True,,True,likely_no,no,4317,False,likely_non_responsive,True,,12023
CNG_Data2k/files/Q00897.01-0000033749.PDF,Q00897.01-0000033749.PDF,.pdf,400233,ok,True,True,text,True,1,0,10,False,0,False,0-10,Name | Address | Money/Amount,True,Contact Information | Financial Account Information,False,,ambiguous,True,no,7248,likely_non_responsive,bde_llm_count,True,True,1,0,0,0,0,1,7.97,True,False,False,stage1_nr,False,,,0,False,,False,,7248
CNG_Data2k/files/Q00897.01-0000342923.PDF,Q00897.01-0000342923.PDF,.pdf,490710,ok,True,True,text,True,2,0,8,False,2,False,0-10,Name | Address | Phone | Passport | Driver License | Bank/Account Number,True,Contact Information | Government-Issued Identification | Financial Account Information,False,,ambiguous,True,yes,8416,standard,bde_llm_count,True,True,2,0,0,0,0,1,10.608,False,False,True,,True,clear_yes,yes,4649,False,standard,False,,13065
CNG_Data2k/files/Q00897.01-0000902590.PDF,Q00897.01-0000902590.PDF,.pdf,15245,ok,True,False,text,False,2,0,1,False,0,False,0-10,Money/Amount,False,Financial Account Information,False,,clear_non_responsive,False,,0,likely_non_responsive,,False,False,0,0,0,0,0,0,0.071,True,False,False,stage1_nr,False,,,0,False,,False,,0
CNG_Data2k/files/Q00897.01-0000897292.PDF,Q00897.01-0000897292.PDF,.pdf,13889,ok,True,False,text,False,2,0,1,False,0,False,0-10,Money/Amount,False,Financial Account Information,False,,clear_non_responsive,False,,0,likely_non_responsive,,False,False,0,0,0,0,0,0,0.218,True,False,False,stage1_nr,False,,,0,False,,False,,0
CNG_Data2k/files/Q00897.01-0000833783.MSG,Q00897.01-0000833783.MSG,.msg,130560,ok,True,False,text,False,0,1,8,False,7,False,0-10,Name | Address | Email | Phone,True,Contact Information,False,,ambiguous,True,yes,9114,standard,bde_llm_count,False,False,0,0,0,0,0,0,4.846,False,False,True,,True,clear_yes,yes,5043,False,standard,False,,14157
CNG_Data2k/files/Q00897.01-0000797509.0001.DOCX,Q00897.01-0000797509.0001.DOCX,.docx,18551,ok,True,False,text,False,0,0,3,False,0,False,0-10,Name | Address | Money/Amount | Health | Work-Related,True,Contact Information | Financial Account Information | Health-Related Information | Work-Related Information,False,,ambiguous,True,yes,4931,standard,,False,False,0,0,0,0,0,0,2.328,False,False,True,,True,likely_no,no,5017,False,likely_non_responsive,True,,9948
CNG_Data2k/files/Q00897.01-0000009029.CSV,Q00897.01-0000009029.CSV,.csv,1763,ok,True,True,text,True,0,0,63,False,63,True,50-100,Money/Amount,False,Financial Account Information,True,,ambiguous,True,no,7782,structured_bde,roster_by_rowcount bde_llm_count_roster,False,False,0,0,0,0,0,0,5.09,False,True,True,,True,likely_no,no,4333,True,likely_non_responsive,True,,12115
CNG_Data2k/files/Q00897.01-0000289493.PDF,Q00897.01-0000289493.PDF,.pdf,332315,ok,True,False,text,False,1,0,1,False,0,False,0-10,Money/Amount,False,Financial Account Information,False,,clear_non_responsive,False,,0,likely_non_responsive,,False,False,0,0,0,0,0,0,0.162,True,False,False,stage1_nr,False,,,0,False,,False,,0
CNG_Data2k/files/Q00897.01-0000106887.PDF,Q00897.01-0000106887.PDF,.pdf,894440,ok,True,False,text,False,12,0,4,False,0,False,0-10,Name | Address | Email | Money/Amount | Health | Work-Related,True,Contact Information | Financial Account Information | Health-Related Information | Work-Related Information,False,,ambiguous,True,yes,8595,standard,,True,True,12,0,0,0,0,1,11.222,False,False,True,,True,likely_yes,yes,8640,False,standard,False,,17235
CNG_Data2k/files/Q00897.01-0000905312.PDF,Q00897.01-0000905312.PDF,.pdf,598485,ok,True,False,text,False,63,0,58,False,6,True,50-100,Address | Phone | SSN | Money/Amount | Work-Related,True,Contact Information | Government-Issued Identification | Financial Account Information | Work-Related Information,True,,clear_responsive,False,,14170,bde,bde_llm_count_roster,False,False,0,0,0,0,0,0,20.23,False,True,True,,True,clear_yes,yes,15111,True,bde,False,,29281
CNG_Data2k/files/Q00897.01-0000256207.PDF,Q00897.01-0000256207.PDF,.pdf,86452,ok,True,False,text,False,2,0,5,False,0,False,0-10,Name | Address | Phone | Money/Amount,True,Contact Information | Financial Account Information,False,,ambiguous,True,yes,4615,standard,,False,False,0,0,0,0,0,0,2.37,False,False,True,,True,likely_yes,yes,4677,False,standard,False,,9292
CNG_Data2k/files/Q00897.01-0000275400.PDF,Q00897.01-0000275400.PDF,.pdf,2238532,ok,True,True,text,True,15,0,72,False,0,True,50-100,Name | Address | Phone | Money/Amount,True,Contact Information | Financial Account Information,True,,ambiguous,True,yes,11354,structured_bde,bde_llm_count_roster,True,True,15,0,0,0,0,1,11.88,False,True,True,,True,likely_no,no,6073,True,likely_non_responsive,True,,17427
CNG_Data2k/files/Q00897.01-0000292852.PDF,Q00897.01-0000292852.PDF,.pdf,1253386,ok,True,False,text,False,9,0,1,False,0,False,0-10,Money/Amount,False,Financial Account Information,False,,clear_non_responsive,False,,0,likely_non_responsive,,False,False,0,0,0,0,0,0,1.25,True,False,False,stage1_nr,False,,,0,False,,False,,0
CNG_Data2k/files/Q00897.01-0000238596.PDF,Q00897.01-0000238596.PDF,.pdf,312304,ok,True,True,text,True,1,0,1,False,1,False,0-10,Name | Address,True,Contact Information,False,,ambiguous,True,yes,9217,standard,bde_llm_count,True,True,1,0,0,0,0,1,7.637,False,False,True,,True,clear_yes,yes,5057,False,standard,False,,14274
CNG_Data2k/files/Q00897.01-0000841777.0027.PDF,Q00897.01-0000841777.0027.PDF,.pdf,19898,ok,True,False,text,False,9,0,1,False,0,False,0-10,Money/Amount | Work-Related,False,Financial Account Information | Work-Related Information,False,,ambiguous,True,no,7653,likely_non_responsive,,False,False,0,0,0,0,0,0,1.141,True,False,False,stage1_nr,False,,,0,False,,False,,7653
CNG_Data2k/files/Q00897.01-0000897213.PDF,Q00897.01-0000897213.PDF,.pdf,16576,ok,True,False,text,False,2,0,1,False,0,False,0-10,Money/Amount,False,Financial Account Information,False,,clear_non_responsive,False,,0,likely_non_responsive,,False,False,0,0,0,0,0,0,0.08,True,False,False,stage1_nr,False,,,0,False,,False,,0
CNG_Data2k/files/Q00897.01-0000652316.0001.XLSX,Q00897.01-0000652316.0001.XLSX,.xlsx,15657,ok,True,True,text,True,1,0,35,False,0,False,20-50,Address | Phone | Money/Amount,True,Contact Information | Financial Account Information,False,,ambiguous,True,no,10243,likely_non_responsive,bde_llm_count,False,False,0,0,0,0,0,0,2.037,True,False,False,stage1_nr,False,,,0,False,,False,,10243
CNG_Data2k/files/Q00897.01-0000407149.MSG,Q00897.01-0000407149.MSG,.msg,148480,ok,True,False,text,False,0,2,7,False,3,False,0-10,Name | Address | Email | Phone | Money/Amount | Work-Related,True,Contact Information | Financial Account Information | Work-Related Information,False,,ambiguous,True,yes,9683,standard,bde_llm_count,False,False,0,0,0,0,0,0,4.783,False,False,True,,True,clear_yes,yes,5299,False,standard,False,,14982
CNG_Data2k/files/Q00897.01-0000907125.PDF,Q00897.01-0000907125.PDF,.pdf,12162,ok,True,False,text,False,1,0,0,False,0,False,0-10,,False,,False,,clear_non_responsive,False,,0,likely_non_responsive,,False,False,0,0,0,0,0,0,0.033,True,False,False,stage1_nr,False,,,0,False,,False,,0
CNG_Data2k/files/Q00897.01-0000889771.PDF,Q00897.01-0000889771.PDF,.pdf,131214,ok,True,True,text,True,15,0,390,False,14,True,100+,Name | Address | Phone | Money/Amount | Work-Related,True,Contact Information | Financial Account Information | Work-Related Information,True,,ambiguous,True,yes,24621,structured_bde,bde_llm_count_roster,True,True,15,0,0,0,0,1,14.181,False,True,True,,True,clear_yes,yes,12758,True,structured_bde,False,,37379
CNG_Data2k/files/Q00897.01-0000341857.PDF,Q00897.01-0000341857.PDF,.pdf,140006,ok,True,False,text,False,7,0,1,False,0,False,0-10,Address | Health,True,Contact Information | Health-Related Information,False,,ambiguous,True,no,7912,likely_non_responsive,,False,False,0,0,0,0,0,0,1.119,True,False,False,stage1_nr,False,,,0,False,,False,,7912
CNG_Data2k/files/Q00897.01-0000009329.PDF,Q00897.01-0000009329.PDF,.pdf,414845,ok,True,False,text,False,2,0,5,False,0,False,0-10,Phone | SSN,True,Contact Information | Government-Issued Identification,False,,clear_responsive,False,,0,standard,,False,False,0,0,0,0,0,0,1.923,False,False,True,,True,clear_yes,yes,5144,False,standard,False,,5144
CNG_Data2k/files/Q00897.01-0000535944.0001.PDF,Q00897.01-0000535944.0001.PDF,.pdf,23216,ok,True,False,text,False,2,0,1,False,0,False,0-10,Phone,True,Contact Information,False,,ambiguous,True,no,3853,likely_non_responsive,,False,False,0,0,0,0,0,0,60.822,True,False,False,stage1_nr,False,,,0,False,,False,,3853
CNG_Data2k/files/Q00897.01-0000834624.0001.PDF,Q00897.01-0000834624.0001.PDF,.pdf,421896,ok,True,False,text,False,3,0,6,False,0,False,0-10,Name | Address | Email | Phone | Money/Amount,True,Contact Information | Financial Account Information,False,,ambiguous,True,yes,4540,standard,,True,True,3,0,0,0,0,1,8.257,False,False,True,,True,clear_no,no,4594,False,likely_non_responsive,True,,9134
CNG_Data2k/files/Q00897.01-0000252983.PDF,Q00897.01-0000252983.PDF,.pdf,8340890,ok,True,True,text,True,15,0,408,False,0,False,100+,Phone | Payment Card | Money/Amount,True,Contact Information | Financial Account Information,False,,ambiguous,True,no,31271,likely_non_responsive,bde_llm_count,True,True,15,0,0,0,0,1,14.311,True,False,False,stage1_nr,False,,,0,False,,False,,31271
CNG_Data2k/files/Q00897.01-0000709929.MSG,Q00897.01-0000709929.MSG,.msg,382976,ok,True,False,text,False,0,0,2,False,0,False,0-10,Name | Address | Email | Phone,True,Contact Information,False,,ambiguous,True,no,4927,likely_non_responsive,,False,False,0,0,0,0,0,0,2.136,True,False,False,stage1_nr,False,,,0,False,,False,,4927
CNG_Data2k/files/Q00897.01-0000373165.MSG,Q00897.01-0000373165.MSG,.msg,318976,ok,True,False,text,False,0,0,2,False,0,False,0-10,Address | Email | Phone,True,Contact Information,False,,ambiguous,True,no,5353,likely_non_responsive,,False,False,0,0,0,0,0,0,2.702,True,False,False,stage1_nr,False,,,0,False,,False,,5353
CNG_Data2k/files/Q00897.01-0000709157.MSG,Q00897.01-0000709157.MSG,.msg,167936,ok,True,False,text,False,0,0,0,False,0,False,0-10,,False,,False,,clear_non_responsive,False,,0,likely_non_responsive,,False,False,0,0,0,0,0,0,0.307,True,False,False,stage1_nr,False,,,0,False,,False,,0
CNG_Data2k/files/Q00897.01-0000894221.PDF,Q00897.01-0000894221.PDF,.pdf,35581,ok,True,False,text,False,5,0,1,False,0,False,0-10,Address | Money/Amount,True,Contact Information | Financial Account Information,False,,ambiguous,True,yes,6767,standard,,False,False,0,0,0,0,0,0,2.562,False,False,True,,True,likely_yes,yes,6850,False,standard,False,,13617
CNG_Data2k/files/Q00897.01-0000107322.PDF,Q00897.01-0000107322.PDF,.pdf,1877157,ok,True,True,text,True,15,0,212,False,2,False,100+,Address | Email | Phone | SSN | Money/Amount | Work-Related,True,Contact Information | Government-Issued Identification | Financial Account Information | Work-Related Information,False,,clear_responsive,False,,10117,standard,bde_llm_count,True,True,15,0,0,0,0,1,14.1,False,False,True,,True,clear_no,no,11042,True,likely_non_responsive,True,,21159
CNG_Data2k/files/Q00897.01-0000023456.PDF,Q00897.01-0000023456.PDF,.pdf,16735,ok,True,False,text,False,1,0,1,False,0,False,0-10,Money/Amount,False,Financial Account Information,False,,clear_non_responsive,False,,0,likely_non_responsive,"img_ocr:p1,p1,p1,p1(4/4,+4chars)",False,False,0,4,4,4,0,4,16.692,True,False,False,stage1_nr,False,,,0,False,,False,,0
CNG_Data2k/files/Q00897.01-0000862208.XLSX,Q00897.01-0000862208.XLSX,.xlsx,571962,ok,True,True,text,True,2,0,3915,False,3915,True,100+,Name | Work-Related,False,Work-Related Information,True,,ambiguous,True,yes,12296,structured_bde,roster_by_rowcount bde_llm_count_roster,False,False,0,0,0,0,0,0,4.231,False,True,True,,True,likely_yes,yes,6606,True,structured_bde,False,,18902
CNG_Data2k\files\Q00897.01-0000463969.0001.XLS,Q00897.01-0000463969.0001.XLS,.xls,105417,ok,True,True,text,True,2,0,55,False,0,False,50-100,Address | Phone | Payment Card | Money/Amount,True,Contact Information | Financial Account Information,False,,ambiguous,True,no,8655,likely_non_responsive,bde_llm_count,False,False,0,0,0,0,0,0,1.915,True,False,False,stage1_nr,False,,,0,False,,False,,8655
CNG_Data2k/files/Q00897.01-0000537160.0001.XLSX,Q00897.01-0000537160.0001.XLSX,.xlsx,80313,ok,True,True,text,True,1,0,67,False,0,False,50-100,Phone | Money/Amount,True,Contact Information | Financial Account Information,False,,ambiguous,True,no,17922,likely_non_responsive,bde_llm_count,False,False,0,0,0,0,0,0,59.663,True,False,False,stage1_nr,False,,,0,False,,False,,17922
CNG_Data2k/files/Q00897.01-0000837314.0001.PDF,Q00897.01-0000837314.0001.PDF,.pdf,4762,ok,True,False,text,False,2,0,2,False,0,False,0-10,Name | Address | Payment Card,True,Contact Information | Financial Account Information,False,,ambiguous,True,yes,4314,standard,,False,False,0,0,0,0,0,0,3.835,False,False,True,,True,likely_no,no,4408,False,likely_non_responsive,True,,8722
CNG_Data2k/files/Q00897.01-0000347143.PDF,Q00897.01-0000347143.PDF,.pdf,19278,ok,True,False,text,False,5,0,1,False,0,False,0-10,Money/Amount,False,Financial Account Information,False,,clear_non_responsive,False,,0,likely_non_responsive,,False,False,0,0,0,0,0,0,0.152,True,False,False,stage1_nr,False,,,0,False,,False,,0
CNG_Data2k/files/Q00897.01-0000341423.DOCX,Q00897.01-0000341423.DOCX,.docx,29320,ok,True,False,text,False,0,0,3,False,0,False,0-10,Name | Address | Phone,True,Contact Information,False,,ambiguous,True,yes,3883,standard,,False,False,0,0,0,0,0,0,2.309,False,False,True,,True,clear_no,no,3945,False,likely_non_responsive,True,,7828
CNG_Data2k/files/Q00897.01-0000014577.PDF,Q00897.01-0000014577.PDF,.pdf,482905,ok,True,False,text,False,108,0,379,False,379,True,100+,Name | Money/Amount | Work-Related,True,Financial Account Information | Work-Related Information,True,,ambiguous,True,yes,28158,bde,bde_llm_count_roster,False,False,0,0,0,0,0,0,13.743,False,True,True,,True,clear_yes,yes,14772,True,bde,False,,42930
CNG_Data2k/files/Q00897.01-0000607008.MSG,Q00897.01-0000607008.MSG,.msg,150016,ok,True,False,text,False,0,0,1,False,0,False,0-10,Name | Address,True,Contact Information,False,,ambiguous,True,no,4049,likely_non_responsive,,False,False,0,0,0,0,0,0,2.529,True,False,False,stage1_nr,False,,,0,False,,False,,4049
CNG_Data2k/files/Q00897.01-0000539995.0001.PDF,Q00897.01-0000539995.0001.PDF,.pdf,22564,ok,True,False,text,False,1,0,1,False,0,False,0-10,Money/Amount,False,Financial Account Information,False,,clear_non_responsive,False,,0,likely_non_responsive,,False,False,0,0,0,0,0,0,0.018,True,False,False,stage1_nr,False,,,0,False,,False,,0
CNG_Data2k/files/Q00897.01-0000703147.MSG,Q00897.01-0000703147.MSG,.msg,217088,ok,True,False,text,False,0,0,1,False,0,False,0-10,Address | Email | Phone,True,Contact Information,False,,ambiguous,True,no,4221,likely_non_responsive,,False,False,0,0,0,0,0,0,1.744,True,False,False,stage1_nr,False,,,0,False,,False,,4221
CNG_Data2k/files/Q00897.01-0000436672.0001.PDF,Q00897.01-0000436672.0001.PDF,.pdf,774900,ok,True,False,text,False,10,0,5,False,0,False,0-10,Name | Address | Email | Money/Amount | Work-Related,True,Contact Information | Financial Account Information | Work-Related Information,False,,ambiguous,True,yes,10089,standard,"img_ocr:p1(1/2,+29chars)",False,False,0,2,2,1,0,2,11.654,False,False,True,,True,likely_no,no,10149,False,likely_non_responsive,True,,20238
CNG_Data2k/files/Q00897.01-0000913131.PDF,Q00897.01-0000913131.PDF,.pdf,37994,ok,True,True,text,True,2,0,27,False,27,False,20-50,Address | Phone | SSN | Money/Amount,True,Contact Information | Government-Issued Identification | Financial Account Information,False,,clear_responsive,False,,3759,standard,bde_llm_count_roster,True,True,2,0,0,0,0,1,7.956,False,False,True,,True,clear_yes,yes,4690,False,standard,False,,8449
CNG_Data2k/files/Q00897.01-0000900756.PDF,Q00897.01-0000900756.PDF,.pdf,65779,ok,True,False,text,False,14,0,1,False,0,False,0-10,Name | Address | Work-Related,True,Contact Information | Work-Related Information,False,,ambiguous,True,yes,14091,standard,,False,False,0,0,0,0,0,0,3.805,False,False,True,,True,clear_yes,yes,14134,False,standard,False,,28225
CNG_Data2k/files/Q00897.01-0000908903.PDF,Q00897.01-0000908903.PDF,.pdf,1092622,ok,True,False,text,False,164,0,30,False,30,False,20-50,Name | Address | Phone | Money/Amount,True,Contact Information | Financial Account Information,False,,ambiguous,True,yes,35057,standard,bde_llm_count_roster,False,False,0,0,0,0,0,0,24.917,False,False,True,,True,clear_yes,yes,18186,False,standard,False,,53243
CNG_Data2k/files/Q00897.01-0000262308.XLSX,Q00897.01-0000262308.XLSX,.xlsx,185844,ok,True,True,text,True,6,0,162,False,0,False,100+,Phone | Money/Amount,True,Contact Information | Financial Account Information,False,,ambiguous,True,no,11353,likely_non_responsive,roster_by_rowcount bde_llm_count,False,False,0,0,0,0,0,0,2.203,True,False,False,stage1_nr,False,,,0,False,,False,,11353
CNG_Data2k/files/Q00897.01-0000474061.0001.PDF,Q00897.01-0000474061.0001.PDF,.pdf,885411,ok,True,True,text,True,14,0,3,False,3,False,0-10,Name | Address | Email | Phone | Money/Amount,True,Contact Information | Financial Account Information,False,,ambiguous,True,yes,16672,standard,bde_llm_count,True,True,14,0,0,0,0,1,12.537,False,False,True,,True,clear_yes,yes,8813,False,standard,False,,25485
CNG_Data2k/files/Q00897.01-0000276408.PDF,Q00897.01-0000276408.PDF,.pdf,269844,ok,True,False,text,False,2,0,5,False,0,False,0-10,Name | Address | Phone | Money/Amount,True,Contact Information | Financial Account Information,False,,ambiguous,True,yes,4001,standard,,True,True,2,0,0,0,0,1,9.009,False,False,True,,True,clear_no,no,4049,False,likely_non_responsive,True,,8050
CNG_Data2k/files/Q00897.01-0000694757.MSG,Q00897.01-0000694757.MSG,.msg,242688,ok,True,False,text,False,0,1,7,False,6,False,0-10,Name | Address | Email | Phone | Money/Amount,True,Contact Information | Financial Account Information,False,,ambiguous,True,yes,9497,standard,bde_llm_count,False,False,0,0,0,0,0,0,4.8,False,False,True,,True,likely_no,no,5188,False,likely_non_responsive,True,,14685
CNG_Data2k/files/Q00897.01-0000391618.MSG,Q00897.01-0000391618.MSG,.msg,113664,ok,True,False,text,False,0,0,1,False,0,False,0-10,Name | Address | Money/Amount,True,Contact Information | Financial Account Information,False,,ambiguous,True,yes,4017,standard,,False,False,0,0,0,0,0,0,3.948,False,False,True,,True,clear_no,no,4079,False,likely_non_responsive,True,,8096
CNG_Data2k/files/Q00897.01-0000806288.0001.PDF,Q00897.01-0000806288.0001.PDF,.pdf,95060,ok,True,False,text,False,4,0,1,False,0,False,0-10,Address | Money/Amount | Demographic | Work-Related,True,Contact Information | Financial Account Information | Demographic Information | Work-Related Information,False,,ambiguous,True,no,6837,likely_non_responsive,,False,False,0,0,0,0,0,0,1.294,True,False,False,stage1_nr,False,,,0,False,,False,,6837
CNG_Data2k/files/Q00897.01-0000535000.0001.CSV,Q00897.01-0000535000.0001.CSV,.csv,124742,ok,True,True,text,True,0,0,631,False,0,True,100+,Name | Money/Amount,False,Financial Account Information,True,,ambiguous,True,no,15030,structured_bde,roster_by_rowcount bde_llm_count_roster,False,False,0,0,0,0,0,0,63.349,False,True,True,,True,clear_no,no,7968,True,likely_non_responsive,True,,22998
CNG_Data2k/files/Q00897.01-0000430399.MSG,Q00897.01-0000430399.MSG,.msg,208384,ok,True,False,text,False,0,0,2,False,0,False,0-10,Address | Email | Phone | Money/Amount,True,Contact Information | Financial Account Information,False,,ambiguous,True,no,4900,likely_non_responsive,,False,False,0,0,0,0,0,0,2.024,True,False,False,stage1_nr,False,,,0,False,,False,,4900
CNG_Data2k/files/Q00897.01-0000908682.PDF,Q00897.01-0000908682.PDF,.pdf,586182,ok,True,False,text,False,61,0,14,False,14,False,10-20,Name | Address,True,Contact Information,False,,ambiguous,True,yes,30124,standard,bde_llm_count_roster,False,False,0,0,0,0,0,0,65.726,False,False,True,,True,clear_yes,yes,15568,False,standard,False,,45692
CNG_Data2k/files/Q00897.01-0000840662.0005.DOCX,Q00897.01-0000840662.0005.DOCX,.docx,45756,ok,True,False,text,False,0,0,1,False,0,False,0-10,Address | Card Expiry/CVV | Money/Amount,True,Contact Information | Financial Account Information,False,,ambiguous,True,no,7181,likely_non_responsive,,False,False,0,0,0,0,0,0,1.122,True,False,False,stage1_nr,False,,,0,False,,False,,7181
CNG_Data2k/files/Q00897.01-0000138009.PDF,Q00897.01-0000138009.PDF,.pdf,253048,ok,True,True,text,True,3,0,71,False,0,False,50-100,Name | Address | Phone | Money/Amount,True,Contact Information | Financial Account Information,False,,ambiguous,True,yes,15144,standard,bde_llm_count,True,True,3,0,0,0,0,1,15.713,False,False,True,,True,likely_no,no,8029,True,likely_non_responsive,True,,23173
CNG_Data2k/files/Q00897.01-0000469621.MSG,Q00897.01-0000469621.MSG,.msg,154112,ok,True,False,text,False,0,0,11,False,7,False,10-20,Name | Address | Email | Phone,True,Contact Information,False,,ambiguous,True,yes,12760,standard,bde_llm_count,False,False,0,0,0,0,0,0,7.106,False,False,True,,True,likely_yes,yes,6857,False,standard,False,,19617
CNG_Data2k/files/Q00897.01-0000541467.0001.XLSX,Q00897.01-0000541467.0001.XLSX,.xlsx,68984,ok,True,True,text,True,4,0,97,False,14,True,50-100,Name | Phone | Money/Amount,True,Contact Information | Financial Account Information,True,,ambiguous,True,no,10983,structured_bde,bde_llm_count_roster,False,False,0,0,0,0,0,0,16.421,False,True,True,,True,likely_no,no,5992,True,likely_non_responsive,True,,16975
CNG_Data2k/files/Q00897.01-0000116854.PDF,Q00897.01-0000116854.PDF,.pdf,369637,ok,True,False,text,False,60,0,1,False,0,False,0-10,Money/Amount,False,Financial Account Information,False,,clear_non_responsive,False,,0,likely_non_responsive,,False,False,0,0,0,0,0,0,4.597,True,False,False,stage1_nr,False,,,0,False,,False,,0
CNG_Data2k/files/Q00897.01-0000450981.0001.0004.XLSX,Q00897.01-0000450981.0001.0004.XLSX,.xlsx,153452,ok,True,True,text,True,15,0,78,False,0,False,50-100,Phone | Payment Card | Bank/Account Number | Money/Amount,True,Contact Information | Financial Account Information,False,,ambiguous,True,no,9207,likely_non_responsive,bde_llm_count,False,False,0,0,0,0,0,0,2.259,True,False,False,stage1_nr,False,,,0,False,,False,,9207
CNG_Data2k/files/Q00897.01-0000295730.PDF,Q00897.01-0000295730.PDF,.pdf,195557,ok,True,False,text,False,1,0,1,False,0,False,0-10,Name | Money/Amount,True,Financial Account Information,False,,ambiguous,True,no,4209,likely_non_responsive,,False,False,0,0,0,0,0,0,1.41,True,False,False,stage1_nr,False,,,0,False,,False,,4209
CNG_Data2k/files/Q00897.01-0000007914.PDF,Q00897.01-0000007914.PDF,.pdf,3045995,ok,True,False,text,False,311,0,230,False,4,False,100+,Address | Phone | SSN | Money/Amount | Work-Related,True,Contact Information | Government-Issued Identification | Financial Account Information | Work-Related Information,False,,clear_responsive,False,,14515,standard,bde_llm_count,False,False,0,0,0,0,0,0,55.894,False,False,True,,True,clear_yes,yes,15452,True,bde,False,,29967
CNG_Data2k/files/Q00897.01-0000341089.PDF,Q00897.01-0000341089.PDF,.pdf,256211,ok,True,False,text,False,1,0,1,False,0,False,0-10,Name | Phone | Money/Amount,True,Contact Information | Financial Account Information,False,,ambiguous,True,yes,3984,standard,"img_ocr:p1,p1(2/2,+415chars)",False,False,0,2,2,2,0,2,12.287,False,False,True,,True,clear_no,no,4060,False,likely_non_responsive,True,,8044
CNG_Data2k/files/Q00897.01-0000907293.PDF,Q00897.01-0000907293.PDF,.pdf,25872,ok,True,False,text,False,4,0,1,False,0,False,0-10,Name | Address | Money/Amount,True,Contact Information | Financial Account Information,False,,ambiguous,True,yes,6280,standard,,False,False,0,0,0,0,0,0,2.767,False,False,True,,True,clear_yes,yes,6338,False,standard,False,,12618
CNG_Data2k/files/Q00897.01-0000820649.0001.PDF,Q00897.01-0000820649.0001.PDF,.pdf,3902770,ok,True,True,text,True,3,0,57,False,7,False,50-100,Name | Address | Email | Phone | Tax ID | Money/Amount,True,Contact Information | Government-Issued Identification | Financial Account Information,False,,ambiguous,True,yes,10259,standard,bde_llm_count,True,True,3,0,0,0,0,1,70.822,False,False,True,,True,clear_no,no,5581,True,likely_non_responsive,True,,15840
CNG_Data2k/files/Q00897.01-0000275108.DOCX,Q00897.01-0000275108.DOCX,.docx,16305,ok,True,False,text,False,0,0,6,False,0,False,0-10,Name | Address | Email | Phone,True,Contact Information,False,,ambiguous,True,yes,4460,standard,,False,False,0,0,0,0,0,0,3.65,False,False,True,,True,clear_yes,yes,4538,False,standard,False,,8998
CNG_Data2k/files/Q00897.01-0000796941.MSG,Q00897.01-0000796941.MSG,.msg,202240,ok,True,False,text,False,0,2,8,False,3,False,0-10,Name | Address | Email | Phone | Money/Amount,True,Contact Information | Financial Account Information,False,,ambiguous,True,yes,16678,standard,bde_llm_count,False,False,0,0,0,0,0,0,6.488,False,False,True,,True,likely_no,no,8793,False,likely_non_responsive,True,,25471
CNG_Data2k/files/Q00897.01-0000878802.0001.PDF,Q00897.01-0000878802.0001.PDF,.pdf,200505,ok,True,False,text,False,1,0,2,False,0,False,0-10,Name | Email | Phone | Money/Amount,True,Contact Information | Financial Account Information,False,,ambiguous,True,yes,3857,standard,,False,False,0,0,0,0,0,0,2.459,False,False,True,,True,likely_no,no,3928,False,likely_non_responsive,True,,7785
CNG_Data2k/files/Q00897.01-0000693412.MSG,Q00897.01-0000693412.MSG,.msg,162816,ok,True,False,text,False,0,0,1,False,0,False,0-10,Name | Address | Phone,True,Contact Information,False,,ambiguous,True,yes,4127,standard,,False,False,0,0,0,0,0,0,2.929,False,False,True,,True,borderline,no,4196,False,likely_non_responsive,True,,8323
CNG_Data2k/files/Q00897.01-0000825256.MSG,Q00897.01-0000825256.MSG,.msg,59904,ok,True,False,text,False,0,2,4,False,0,False,0-10,Name | Address | Email | Phone | Money/Amount | Health,True,Contact Information | Financial Account Information | Health-Related Information,False,,ambiguous,True,no,4230,likely_non_responsive,,False,False,0,0,0,0,0,0,1.478,True,False,False,stage1_nr,False,,,0,False,,False,,4230
CNG_Data2k/files/Q00897.01-0000857983.XLSX,Q00897.01-0000857983.XLSX,.xlsx,53009,ok,True,True,text,True,5,0,212,False,2,True,100+,Name | Credentials | Work-Related,False,Access Credentials | Work-Related Information,True,,ambiguous,True,yes,9867,structured_bde,roster_by_rowcount bde_llm_count_roster,False,False,0,0,0,0,0,0,3.797,False,True,True,,True,likely_yes,yes,5385,True,structured_bde,False,,15252
CNG_Data2k/files/Q00897.01-0000400507.MSG,Q00897.01-0000400507.MSG,.msg,163840,ok,True,False,text,False,0,1,5,False,0,False,0-10,Name | Address | Email | Phone,True,Contact Information,False,,ambiguous,True,yes,4260,standard,,False,False,0,0,0,0,0,0,3.622,False,False,True,,True,likely_no,no,4327,False,likely_non_responsive,True,,8587
CNG_Data2k/files/Q00897.01-0000690269.MSG,Q00897.01-0000690269.MSG,.msg,143360,ok,True,False,text,False,0,0,1,False,0,False,0-10,Name | Card Expiry/CVV,False,Financial Account Information,False,,ambiguous,True,yes,4224,standard,,False,False,0,0,0,0,0,0,2.673,False,False,True,,True,borderline,no,4273,False,likely_non_responsive,True,,8497
CNG_Data2k/files/Q00897.01-0000241548.XLSX,Q00897.01-0000241548.XLSX,.xlsx,118741,ok,True,True,text,True,3,0,246,False,0,False,100+,Phone | Money/Amount,True,Contact Information | Financial Account Information,False,,ambiguous,True,yes,10877,standard,bde_llm_count,False,False,0,0,0,0,0,0,3.624,False,False,True,,True,clear_no,no,5905,True,likely_non_responsive,True,,16782
CNG_Data2k/files/Q00897.01-0000654063.MSG,Q00897.01-0000654063.MSG,.msg,192512,ok,True,False,text,False,0,5,2,False,0,False,0-10,Name | Email | Phone | Money/Amount,True,Contact Information | Financial Account Information,False,,ambiguous,True,no,5892,likely_non_responsive,,False,False,0,0,0,0,0,0,3.55,True,False,False,stage1_nr,False,,,0,False,,False,,5892
CNG_Data2k/files/Q00897.01-0000887093.PDF,Q00897.01-0000887093.PDF,.pdf,185881,ok,True,False,text,False,1,0,2,False,0,False,0-10,Name | Address | Money/Amount,True,Contact Information | Financial Account Information,False,,ambiguous,True,yes,3998,standard,,False,False,0,0,0,0,0,0,2.754,False,False,True,,True,likely_no,no,4026,False,likely_non_responsive,True,,8024
CNG_Data2k/files/Q00897.01-0000241885.XLSX,Q00897.01-0000241885.XLSX,.xlsx,95573,ok,True,True,text,True,3,0,53,False,53,True,50-100,Address | Phone | Money/Amount,True,Contact Information | Financial Account Information,True,,ambiguous,True,no,15309,structured_bde,bde_llm_count_roster,False,False,0,0,0,0,0,0,3.843,False,True,True,,True,clear_no,no,8091,True,likely_non_responsive,True,,23400
CNG_Data2k/files/Q00897.01-0000858016.PDF,Q00897.01-0000858016.PDF,.pdf,243521,ok,True,False,text,False,1,0,4,False,0,False,0-10,Name | Money/Amount | Work-Related,True,Financial Account Information | Work-Related Information,False,,ambiguous,True,yes,8263,standard,,False,False,0,0,0,0,0,0,3.358,False,False,True,,True,clear_yes,yes,8298,False,standard,False,,16561
CNG_Data2k/files/Q00897.01-0000912786.PDF,Q00897.01-0000912786.PDF,.pdf,19270,ok,True,True,text,True,4,0,76,False,90,True,50-100,Phone | SSN | Money/Amount,True,Contact Information | Government-Issued Identification | Financial Account Information,True,,clear_responsive,False,,5174,structured_bde,bde_llm_count_roster,True,True,4,0,0,0,0,1,11.119,False,True,True,,True,clear_yes,yes,6512,True,structured_bde,False,,11686
CNG_Data2k/files/Q00897.01-0000412699.0001.PDF,Q00897.01-0000412699.0001.PDF,.pdf,109922,ok,True,False,text,False,4,0,1,False,0,False,0-10,Name | Phone | Money/Amount,True,Contact Information | Financial Account Information,False,,ambiguous,True,no,5500,likely_non_responsive,"img_ocr:p1(1/1,+9chars)",False,False,0,1,1,1,0,1,6.923,True,False,False,stage1_nr,False,,,0,False,,False,,5500
CNG_Data2k/files/Q00897.01-0000536156.0001.PDF,Q00897.01-0000536156.0001.PDF,.pdf,22662,ok,True,False,text,False,1,0,1,False,0,False,0-10,Money/Amount,False,Financial Account Information,False,,clear_non_responsive,False,,0,likely_non_responsive,,False,False,0,0,0,0,0,0,0.022,True,False,False,stage1_nr,False,,,0,False,,False,,0
CNG_Data2k/files/Q00897.01-0000500291.MSG,Q00897.01-0000500291.MSG,.msg,1035776,ok,True,False,text,False,0,2,8,False,4,False,0-10,Name | Address | Email | Phone | Card/Transaction | Money/Amount,True,Contact Information | Financial Account Information,False,,ambiguous,True,no,7613,likely_non_responsive,bde_llm_count,False,False,0,0,0,0,0,0,2.634,True,False,False,stage1_nr,False,,,0,False,,False,,7613
CNG_Data2k/files/Q00897.01-0000754054.MSG,Q00897.01-0000754054.MSG,.msg,115200,ok,True,False,text,False,0,3,5,False,0,False,0-10,Name | Address | Email | Phone,True,Contact Information,False,,ambiguous,True,no,5056,likely_non_responsive,,False,False,0,0,0,0,0,0,1.702,True,False,False,stage1_nr,False,,,0,False,,False,,5056
CNG_Data2k/files/Q00897.01-0000249869.PDF,Q00897.01-0000249869.PDF,.pdf,92404,ok,True,False,text,False,1,0,1,False,0,False,0-10,Bank/Account Number | Account Balance | Money/Amount,True,Financial Account Information,False,,ambiguous,True,no,3870,likely_non_responsive,"img_ocr:p1(1/1,+4chars)",False,False,0,1,1,1,0,1,5.339,True,False,False,stage1_nr,False,,,0,False,,False,,3870
CNG_Data2k/files/Q00897.01-0000269474.PDF,Q00897.01-0000269474.PDF,.pdf,68565,ok,True,False,text,False,1,0,2,False,0,False,0-10,Name | Phone | Money/Amount,True,Contact Information | Financial Account Information,False,,ambiguous,True,yes,4079,standard,"img_ocr:p1(1/1,+17chars)",False,False,0,1,1,1,0,1,6.68,False,False,True,,True,likely_no,no,4145,False,likely_non_responsive,True,,8224
CNG_Data2k/files/Q00897.01-0000545407.0001.PDF,Q00897.01-0000545407.0001.PDF,.pdf,22619,ok,True,False,text,False,1,0,1,False,0,False,0-10,Money/Amount,False,Financial Account Information,False,,clear_non_responsive,False,,0,likely_non_responsive,,False,False,0,0,0,0,0,0,0.024,True,False,False,stage1_nr,False,,,0,False,,False,,0
CNG_Data2k/files/Q00897.01-0000662469.0001.PDF,Q00897.01-0000662469.0001.PDF,.pdf,55463,ok,True,True,text,True,1,0,8,False,2,False,0-10,Name | Address | Phone | Money/Amount,True,Contact Information | Financial Account Information,False,,ambiguous,True,no,7149,likely_non_responsive,bde_llm_count,True,True,1,0,0,0,0,1,6.917,True,False,False,stage1_nr,False,,,0,False,,False,,7149
CNG_Data2k/files/Q00897.01-0000462128.0001.DOCX,Q00897.01-0000462128.0001.DOCX,.docx,19389,ok,True,False,text,False,0,0,1,False,0,False,0-10,Money/Amount,False,Financial Account Information,False,,clear_non_responsive,False,,0,likely_non_responsive,,False,False,0,0,0,0,0,0,0.057,True,False,False,stage1_nr,False,,,0,False,,False,,0
CNG_Data2k/files/Q00897.01-0000342009.PDF,Q00897.01-0000342009.PDF,.pdf,100858,ok,True,False,text,False,5,0,2,False,0,False,0-10,Name | Address | Phone,True,Contact Information,False,,ambiguous,True,no,6181,likely_non_responsive,,False,False,0,0,0,0,0,0,1.225,True,False,False,stage1_nr,False,,,0,False,,False,,6181
CNG_Data2k/files/Q00897.01-0000538892.0001.PDF,Q00897.01-0000538892.0001.PDF,.pdf,22572,ok,True,False,text,False,1,0,1,False,0,False,0-10,Money/Amount,False,Financial Account Information,False,,clear_non_responsive,False,,0,likely_non_responsive,,False,False,0,0,0,0,0,0,0.029,True,False,False,stage1_nr,False,,,0,False,,False,,0
CNG_Data2k/files/Q00897.01-0000896732.PDF,Q00897.01-0000896732.PDF,.pdf,70128,ok,True,False,text,False,14,0,5,False,0,False,0-10,Name | Address | Phone | Money/Amount | Work-Related,True,Contact Information | Financial Account Information | Work-Related Information,False,,ambiguous,True,yes,14208,standard,,False,False,0,0,0,0,0,0,4.963,False,False,True,,True,clear_yes,yes,14228,False,standard,False,,28436
CNG_Data2k/files/Q00897.01-0000136152.PDF,Q00897.01-0000136152.PDF,.pdf,4535717,ok,True,True,text,True,15,0,272,False,0,False,100+,Name | Address | Email | Phone | Money/Amount,True,Contact Information | Financial Account Information,False,,ambiguous,True,yes,22797,standard,bde_llm_count,True,True,15,0,0,0,0,1,13.665,False,False,True,,True,likely_no,no,11844,True,likely_non_responsive,True,,34641
CNG_Data2k/files/Q00897.01-0000277583.PDF,Q00897.01-0000277583.PDF,.pdf,83761,ok,True,False,text,False,1,0,3,False,0,False,0-10,Name | Address | Phone,True,Contact Information,False,,ambiguous,True,no,4138,likely_non_responsive,,True,True,1,0,0,0,0,1,6.431,True,False,False,stage1_nr,False,,,0,False,,False,,4138
CNG_Data2k/files/Q00897.01-0000858190.PDF,Q00897.01-0000858190.PDF,.pdf,243600,ok,True,False,text,False,1,0,3,False,0,False,0-10,Name | Money/Amount | Work-Related,True,Financial Account Information | Work-Related Information,False,,ambiguous,True,yes,8231,standard,,False,False,0,0,0,0,0,0,2.627,False,False,True,,True,clear_yes,yes,8294,False,standard,False,,16525
CNG_Data2k/files/Q00897.01-0000014867.PDF,Q00897.01-0000014867.PDF,.pdf,477378,ok,True,False,text,False,106,0,368,False,368,True,100+,Name | Money/Amount,True,Financial Account Information,True,,ambiguous,True,yes,27733,bde,bde_llm_count_roster,False,False,0,0,0,0,0,0,14.009,False,True,True,,True,clear_yes,yes,14506,True,bde,False,,42239
CNG_Data2k\files\Q00897.01-0000851542.XLS,Q00897.01-0000851542.XLS,.xls,22299,ok,True,True,text,True,1,0,66,False,1,False,50-100,Phone | Money/Amount,True,Contact Information | Financial Account Information,False,,ambiguous,True,no,3739,likely_non_responsive,roster_by_rowcount bde_llm_count,False,False,0,0,0,0,0,0,2.266,True,False,False,stage1_nr,False,,,0,False,,False,,3739
CNG_Data2k/files/Q00897.01-0000542852.0001.PDF,Q00897.01-0000542852.0001.PDF,.pdf,672964,ok,True,False,text,False,4,0,1,False,0,False,0-10,Money/Amount,False,Financial Account Information,False,,clear_non_responsive,False,,0,likely_non_responsive,,False,False,0,0,0,0,0,0,3.316,True,False,False,stage1_nr,False,,,0,False,,False,,0
CNG_Data2k/files/Q00897.01-0000661735.MSG,Q00897.01-0000661735.MSG,.msg,92672,ok,True,False,text,False,0,0,3,False,0,False,0-10,Name | Address | Email | Phone | Card/Transaction | Money/Amount,True,Contact Information | Financial Account Information,False,,ambiguous,True,no,4331,likely_non_responsive,,False,False,0,0,0,0,0,0,2.01,True,False,False,stage1_nr,False,,,0,False,,False,,4331
CNG_Data2k/files/Q00897.01-0000289125.PDF,Q00897.01-0000289125.PDF,.pdf,140963,ok,True,False,text,False,1,0,3,False,0,False,0-10,Name | Address | Date of Birth,True,Contact Information | Birth Information,False,,ambiguous,True,yes,4123,standard,,True,True,1,0,0,0,0,1,8.656,False,False,True,,True,clear_yes,yes,4199,False,standard,False,,8322
CNG_Data2k/files/Q00897.01-0000885606.PDF,Q00897.01-0000885606.PDF,.pdf,1037813,ok,True,True,text,True,1,0,18,False,1,False,10-20,Name | Address | Military ID | Money/Amount | Health,True,Contact Information | Government-Issued Identification | Financial Account Information | Health-Related Information,False,,ambiguous,True,yes,9003,standard,bde_llm_count,True,True,1,0,0,0,0,1,8.574,False,False,True,,True,clear_yes,yes,4949,False,standard,False,,13952
CNG_Data2k/files/Q00897.01-0000669111.MSG,Q00897.01-0000669111.MSG,.msg,196096,ok,True,False,text,False,0,2,3,False,0,False,0-10,Name | Phone,True,Contact Information,False,,ambiguous,True,no,3734,likely_non_responsive,,False,False,0,0,0,0,0,0,1.446,True,False,False,stage1_nr,False,,,0,False,,False,,3734
CNG_Data2k/files/Q00897.01-0000710602.MSG,Q00897.01-0000710602.MSG,.msg,203776,ok,True,False,text,False,0,1,2,False,0,False,0-10,Phone,True,Contact Information,False,,ambiguous,True,no,4543,likely_non_responsive,,False,False,0,0,0,0,0,0,1.413,True,False,False,stage1_nr,False,,,0,False,,False,,4543
CNG_Data2k/files/Q00897.01-0000807788.MSG,Q00897.01-0000807788.MSG,.msg,38400,ok,True,False,text,False,0,1,4,False,0,False,0-10,Name | Address | Email | Phone,True,Contact Information,False,,ambiguous,True,yes,5203,standard,,False,False,0,0,0,0,0,0,3.37,False,False,True,,True,clear_no,no,5239,False,likely_non_responsive,True,,10442
CNG_Data2k/files/Q00897.01-0000793455.MSG,Q00897.01-0000793455.MSG,.msg,206336,ok,True,False,text,False,0,6,4,False,0,False,0-10,Name | Address | Email | Phone,True,Contact Information,False,,ambiguous,True,no,4088,likely_non_responsive,,False,False,0,0,0,0,0,0,1.468,True,False,False,stage1_nr,False,,,0,False,,False,,4088
CNG_Data2k/files/Q00897.01-0000776490.MSG,Q00897.01-0000776490.MSG,.msg,95232,ok,True,False,text,False,0,3,3,False,0,False,0-10,Name | Address | Email | Phone,True,Contact Information,False,,ambiguous,True,yes,4745,standard,,False,False,0,0,0,0,0,0,2.693,False,False,True,,True,likely_yes,yes,4805,False,standard,False,,9550
CNG_Data2k/files/Q00897.01-0000110007.XLSX,Q00897.01-0000110007.XLSX,.xlsx,133397,ok,True,True,text,True,16,0,79,False,0,False,50-100,Phone,True,Contact Information,False,,ambiguous,True,no,7616,likely_non_responsive,bde_llm_count,False,False,0,0,0,0,0,0,2.114,True,False,False,stage1_nr,False,,,0,False,,False,,7616
CNG_Data2k/files/Q00897.01-0000426966.0007.PDF,Q00897.01-0000426966.0007.PDF,.pdf,122983,ok,True,False,text,False,1,0,1,False,0,False,0-10,Money/Amount,False,Financial Account Information,False,,clear_non_responsive,False,,0,likely_non_responsive,,False,False,0,0,0,0,0,0,0.063,True,False,False,stage1_nr,False,,,0,False,,False,,0
CNG_Data2k/files/Q00897.01-0000008480.PDF,Q00897.01-0000008480.PDF,.pdf,100379,ok,True,False,text,False,2,0,1,False,0,False,0-10,Name | Address | Phone | Money/Amount | Demographic | Work-Related,True,Contact Information | Financial Account Information | Demographic Information | Work-Related Information,False,,ambiguous,True,yes,7421,standard,,False,False,0,0,0,0,0,0,2.915,False,False,True,,True,clear_yes,yes,7456,False,standard,False,,14877
CNG_Data2k/files/Q00897.01-0000559468.MSG,Q00897.01-0000559468.MSG,.msg,295424,ok,True,False,text,False,0,0,6,False,0,False,0-10,Name | Address | Email | Phone,True,Contact Information,False,,ambiguous,True,no,5778,likely_non_responsive,,False,False,0,0,0,0,0,0,3.152,True,False,False,stage1_nr,False,,,0,False,,False,,5778
CNG_Data2k/files/Q00897.01-0000816179.0001.PDF,Q00897.01-0000816179.0001.PDF,.pdf,158933,ok,True,False,text,False,6,0,2,False,0,False,0-10,Name | Address | Phone | Money/Amount | Health,True,Contact Information | Financial Account Information | Health-Related Information,False,,ambiguous,True,no,7618,likely_non_responsive,,False,False,0,0,0,0,0,0,1.857,True,False,False,stage1_nr,False,,,0,False,,False,,7618
CNG_Data2k/files/Q00897.01-0000524402.MSG,Q00897.01-0000524402.MSG,.msg,197120,ok,True,False,text,False,0,0,0,False,0,False,0-10,,False,,False,,clear_non_responsive,False,,0,likely_non_responsive,,False,False,0,0,0,0,0,0,0.759,True,False,False,stage1_nr,False,,,0,False,,False,,0
CNG_Data2k/files/Q00897.01-0000899084.PDF,Q00897.01-0000899084.PDF,.pdf,15365,ok,True,False,text,False,2,0,1,False,0,False,0-10,Money/Amount,False,Financial Account Information,False,,clear_non_responsive,False,,0,likely_non_responsive,,False,False,0,0,0,0,0,0,0.068,True,False,False,stage1_nr,False,,,0,False,,False,,0
CNG_Data2k/files/Q00897.01-0000249124.PDF,Q00897.01-0000249124.PDF,.pdf,279737,ok,True,False,text,False,2,0,2,False,0,False,0-10,Phone | Money/Amount,True,Contact Information | Financial Account Information,False,,ambiguous,True,no,4058,likely_non_responsive,"img_ocr:p2(1/1,+4chars)",False,False,0,1,1,1,0,1,5.119,True,False,False,stage1_nr,False,,,0,False,,False,,4058
CNG_Data2k/files/Q00897.01-0000671485.MSG,Q00897.01-0000671485.MSG,.msg,57344,ok,True,False,text,False,0,0,3,False,0,False,0-10,Name | Address | Email | Phone,True,Contact Information,False,,ambiguous,True,no,4418,likely_non_responsive,,False,False,0,0,0,0,0,0,1.42,True,False,False,stage1_nr,False,,,0,False,,False,,4418
CNG_Data2k/files/Q00897.01-0000662922.MSG,Q00897.01-0000662922.MSG,.msg,88576,ok,True,False,text,False,0,3,10,False,10,False,0-10,Name | Address | Email | Phone | Money/Amount,True,Contact Information | Financial Account Information,False,,ambiguous,True,yes,9990,standard,bde_llm_count,False,False,0,0,0,0,0,0,5.013,False,False,True,,True,likely_no,no,5453,False,likely_non_responsive,True,,15443
CNG_Data2k/files/Q00897.01-0000013486.PDF,Q00897.01-0000013486.PDF,.pdf,121790,ok,True,True,text,True,1,0,15,False,1,False,10-20,Name | Address | Money/Amount,True,Contact Information | Financial Account Information,False,,ambiguous,True,yes,7073,standard,bde_llm_count,True,True,1,0,0,0,0,1,7.63,False,False,True,,True,clear_yes,yes,3996,False,standard,False,,11069
CNG_Data2k/files/Q00897.01-0000107536.PDF,Q00897.01-0000107536.PDF,.pdf,961508,ok,True,False,text,False,1,0,2,False,0,False,0-10,Name | Email | Money/Amount,True,Contact Information | Financial Account Information,False,,ambiguous,True,yes,4507,standard,,False,False,0,0,0,0,0,0,3.153,False,False,True,,True,likely_yes,yes,4533,False,standard,False,,9040
CNG_Data2k/files/Q00897.01-0000131577.PDF,Q00897.01-0000131577.PDF,.pdf,116529,ok,True,True,text,True,1,0,38,False,0,False,20-50,Phone | Money/Amount,True,Contact Information | Financial Account Information,False,,ambiguous,True,no,7347,likely_non_responsive,bde_llm_count,True,True,1,0,0,0,0,1,9.911,True,False,False,stage1_nr,False,,,0,False,,False,,7347
CNG_Data2k/files/Q00897.01-0000111336.XLSX,Q00897.01-0000111336.XLSX,.xlsx,45875,ok,True,True,text,True,1,0,369,False,369,True,100+,Name | Money/Amount,False,Financial Account Information,True,,ambiguous,True,no,18674,structured_bde,roster_by_rowcount bde_llm_count_roster,False,False,0,0,0,0,0,0,4.325,False,True,True,,True,clear_no,no,9895,True,likely_non_responsive,True,,28569
CNG_Data2k/files/Q00897.01-0000719849.0001.PDF,Q00897.01-0000719849.0001.PDF,.pdf,7638,ok,True,False,text,False,1,0,0,False,0,False,0-10,,False,,False,,clear_non_responsive,False,,0,likely_non_responsive,,False,False,0,0,0,0,0,0,0.034,True,False,False,stage1_nr,False,,,0,False,,False,,0
CNG_Data2k/files/Q00897.01-0000549715.MSG,Q00897.01-0000549715.MSG,.msg,202240,ok,True,False,text,False,0,0,1,False,0,False,0-10,Address,True,Contact Information,False,,ambiguous,True,no,4581,likely_non_responsive,,False,False,0,0,0,0,0,0,1.853,True,False,False,stage1_nr,False,,,0,False,,False,,4581
CNG_Data2k/files/Q00897.01-0000244974.PDF,Q00897.01-0000244974.PDF,.pdf,774173,ok,True,True,text,True,3,0,21,False,0,False,20-50,Address | Phone | Bank/Account Number | Money/Amount | Health,True,Contact Information | Financial Account Information | Health-Related Information,False,,ambiguous,True,no,8001,likely_non_responsive,bde_llm_count,True,True,3,0,0,0,0,1,7.996,True,False,False,stage1_nr,False,,,0,False,,False,,8001
CNG_Data2k/files/Q00897.01-0000118372.XLSX,Q00897.01-0000118372.XLSX,.xlsx,77834,ok,True,True,text,True,1,0,209,False,41,True,100+,Name | Address | Email | Payment Card,True,Contact Information | Financial Account Information,True,,ambiguous,True,yes,12049,structured_bde,bde_llm_count_roster,False,False,0,0,0,0,0,0,8.101,False,True,True,,True,clear_yes,yes,6620,True,structured_bde,False,,18669
CNG_Data2k/files/Q00897.01-0000259090.PDF,Q00897.01-0000259090.PDF,.pdf,493649,ok,True,False,text,False,6,0,4,False,0,False,0-10,Name | Address | Phone | Bank/Account Number | Money/Amount,True,Contact Information | Financial Account Information,False,,ambiguous,True,yes,7478,standard,"img_ocr:p6,p6,p6,p6(4/7,+1037chars)",False,False,0,7,7,4,0,7,32.489,False,False,True,,True,likely_no,no,7554,False,likely_non_responsive,True,,15032
CNG_Data2k/files/Q00897.01-0000812480.MSG,Q00897.01-0000812480.MSG,.msg,303616,ok,True,False,text,False,0,10,4,False,0,False,0-10,Name | Address | Email | Phone | Card/Transaction | Money/Amount | Credentials,True,Contact Information | Financial Account Information | Access Credentials,False,,ambiguous,True,yes,4950,standard,,False,False,0,0,0,0,0,0,3.702,False,False,True,,True,likely_no,no,5029,False,likely_non_responsive,True,,9979
CNG_Data2k/files/Q00897.01-0000258715.0001.PDF,Q00897.01-0000258715.0001.PDF,.pdf,276368,ok,True,False,text,False,3,0,1,False,0,False,0-10,Name | Address | Bank/Account Number | Money/Amount,True,Contact Information | Financial Account Information,False,,ambiguous,True,yes,4338,standard,"img_ocr:p2(1/1,+318chars)",False,False,0,1,1,1,0,1,6.939,False,False,True,,True,clear_no,no,4411,False,likely_non_responsive,True,,8749
CNG_Data2k/files/Q00897.01-0000912173.PDF,Q00897.01-0000912173.PDF,.pdf,127569,ok,True,False,text,False,17,0,1,False,0,False,0-10,Health,False,Health-Related Information,False,,ambiguous,True,no,16556,likely_non_responsive,,False,False,0,0,0,0,0,0,3.697,True,False,False,stage1_nr,False,,,0,False,,False,,16556
CNG_Data2k/files/Q00897.01-0000835379.0001.DOCX,Q00897.01-0000835379.0001.DOCX,.docx,19699,ok,True,False,text,False,0,0,1,False,0,False,0-10,Name | Bank/Account Number,True,Financial Account Information,False,,ambiguous,True,no,4279,likely_non_responsive,,False,False,0,0,0,0,0,0,0.876,True,False,False,stage1_nr,False,,,0,False,,False,,4279
CNG_Data2k/files/Q00897.01-0000693652.MSG,Q00897.01-0000693652.MSG,.msg,175616,ok,True,False,text,False,0,0,15,False,15,False,10-20,Name | Address | Email | Phone,True,Contact Information,False,,ambiguous,True,yes,20256,standard,bde_llm_count,False,False,0,0,0,0,0,0,8.345,False,False,True,,True,likely_yes,yes,10606,False,standard,False,,30862
CNG_Data2k/files/Q00897.01-0000916282.PDF,Q00897.01-0000916282.PDF,.pdf,214166,ok,True,False,text,False,2,0,1,False,0,False,0-10,Money/Amount,False,Financial Account Information,False,,clear_non_responsive,False,,0,likely_non_responsive,,False,False,0,0,0,0,0,0,0.164,True,False,False,stage1_nr,False,,,0,False,,False,,0
CNG_Data2k/files/Q00897.01-0000342177.DOCX,Q00897.01-0000342177.DOCX,.docx,43801,ok,True,False,text,False,0,0,1,False,0,False,0-10,Name | Address | Health,True,Contact Information | Health-Related Information,False,,ambiguous,True,no,6941,likely_non_responsive,,False,False,0,0,0,0,0,0,1.204,True,False,False,stage1_nr,False,,,0,False,,False,,6941
CNG_Data2k/files/Q00897.01-0000856874.PDF,Q00897.01-0000856874.PDF,.pdf,543639,ok,True,False,text,False,2,0,2,False,0,False,0-10,Name | Email | Money/Amount | Work-Related,True,Contact Information | Financial Account Information | Work-Related Information,False,,ambiguous,True,yes,4281,standard,,False,False,0,0,0,0,0,0,3.621,False,False,True,,True,clear_yes,yes,4342,False,standard,False,,8623
CNG_Data2k/files/Q00897.01-0000141441.XLSX,Q00897.01-0000141441.XLSX,.xlsx,65267,ok,True,True,text,True,3,0,669,False,0,True,100+,Name | Phone | Money/Amount,True,Contact Information | Financial Account Information,True,,ambiguous,True,no,14026,structured_bde,roster_by_rowcount bde_llm_count_roster,False,False,0,0,0,0,0,0,6.915,False,True,True,,True,clear_no,no,7563,True,likely_non_responsive,True,,21589
CNG_Data2k/files/Q00897.01-0000553054.0001.XLSX,Q00897.01-0000553054.0001.XLSX,.xlsx,35141,ok,True,True,text,True,6,0,265,False,265,True,100+,Name | Money/Amount,False,Financial Account Information,True,,ambiguous,True,yes,10800,structured_bde,roster_by_rowcount bde_llm_count_roster,False,False,0,0,0,0,0,0,5.215,False,True,True,,True,likely_no,no,5926,True,likely_non_responsive,True,,16726
CNG_Data2k/files/Q00897.01-0000901424.PDF,Q00897.01-0000901424.PDF,.pdf,18942,ok,True,False,text,False,3,0,1,False,0,False,0-10,Name | Address | Phone | Money/Amount,True,Contact Information | Financial Account Information,False,,ambiguous,True,yes,5733,standard,,False,False,0,0,0,0,0,0,3.017,False,False,True,,True,likely_no,no,5780,False,likely_non_responsive,True,,11513
CNG_Data2k/files/Q00897.01-0000262631.PDF,Q00897.01-0000262631.PDF,.pdf,530124,ok,True,False,text,False,241,0,122,False,0,False,100+,Name | Phone | Payment Card | Money/Amount,True,Contact Information | Financial Account Information,False,,ambiguous,True,yes,27478,standard,bde_llm_count,False,False,0,0,0,0,0,0,7.924,False,False,True,,True,likely_no,no,14239,True,likely_non_responsive,True,,41717
CNG_Data2k/files/Q00897.01-0000500480.MSG,Q00897.01-0000500480.MSG,.msg,36352,ok,True,False,text,False,0,0,7,False,6,False,0-10,Name | Email | Phone | Card/Transaction,True,Contact Information | Financial Account Information,False,,ambiguous,True,yes,9112,standard,bde_llm_count,False,False,0,0,0,0,0,0,4.312,False,False,True,,True,likely_no,no,5007,False,likely_non_responsive,True,,14119
CNG_Data2k/files/Q00897.01-0000139338.XLSX,Q00897.01-0000139338.XLSX,.xlsx,12516,ok,True,True,text,True,3,0,0,False,0,False,0-10,Address | Card/Transaction | Money/Amount,True,Contact Information | Financial Account Information,False,,ambiguous,True,no,6731,structured_unreadable,bde_llm_count,False,False,0,0,0,0,0,0,3.064,False,False,True,,True,clear_no,no,3844,False,likely_non_responsive,True,,10575
CNG_Data2k/files/Q00897.01-0000324147.PDF,Q00897.01-0000324147.PDF,.pdf,108848,ok,True,False,text,False,1,0,1,False,0,False,0-10,Name | Address,True,Contact Information,False,,ambiguous,True,yes,4953,standard,,True,True,1,0,0,0,0,1,7.604,False,False,True,,True,clear_yes,yes,5024,False,standard,False,,9977
CNG_Data2k/files/Q00897.01-0000429180.0001.XLSX,Q00897.01-0000429180.0001.XLSX,.xlsx,79196,ok,True,True,text,True,2,0,827,False,0,False,100+,,False,,False,,ambiguous,True,no,13540,likely_non_responsive,roster_by_rowcount bde_llm_count,False,False,0,0,0,0,0,0,2.462,True,False,False,stage1_nr,False,,,0,False,,False,,13540
CNG_Data2k/files/Q00897.01-0000532491.0001.PDF,Q00897.01-0000532491.0001.PDF,.pdf,25004,ok,True,False,text,False,2,0,0,False,0,False,0-10,,False,,False,,clear_non_responsive,False,,0,likely_non_responsive,,False,False,0,0,0,0,0,0,0.025,True,False,False,stage1_nr,False,,,0,False,,False,,0
CNG_Data2k/files/Q00897.01-0000669386.MSG,Q00897.01-0000669386.MSG,.msg,191488,ok,True,False,text,False,0,2,3,False,0,False,0-10,Name | Phone,True,Contact Information,False,,ambiguous,True,no,3722,likely_non_responsive,,False,False,0,0,0,0,0,0,1.32,True,False,False,stage1_nr,False,,,0,False,,False,,3722
CNG_Data2k/files/Q00897.01-0000307615.PDF,Q00897.01-0000307615.PDF,.pdf,201344,ok,True,False,text,False,3,0,1,False,0,False,0-10,Name | Address | Phone | Card/Transaction | Money/Amount,True,Contact Information | Financial Account Information,False,,ambiguous,True,yes,4300,standard,,False,False,0,0,0,0,0,0,2.753,False,False,True,,True,likely_no,no,4368,False,likely_non_responsive,True,,8668
CNG_Data2k/files/Q00897.01-0000869653.PDF,Q00897.01-0000869653.PDF,.pdf,28606,ok,True,False,text,False,1,0,1,False,0,False,0-10,Name | Address | Phone | Money/Amount,True,Contact Information | Financial Account Information,False,,ambiguous,True,no,4462,likely_non_responsive,,False,False,0,0,0,0,0,0,1.338,True,False,False,stage1_nr,False,,,0,False,,False,,4462
CNG_Data2k/files/Q00897.01-0000117694.XLSX,Q00897.01-0000117694.XLSX,.xlsx,42455,ok,True,True,text,True,2,0,100,False,100,True,50-100,Work-Related,False,Work-Related Information,True,,ambiguous,True,yes,8263,structured_bde,roster_by_rowcount bde_llm_count_roster,False,False,0,0,0,0,0,0,3.244,False,True,True,,True,likely_yes,yes,4585,True,structured_bde,False,,12848
CNG_Data2k/files/Q00897.01-0000897559.PDF,Q00897.01-0000897559.PDF,.pdf,19589,ok,True,False,text,False,3,0,1,False,0,False,0-10,Name | Address | Phone | Money/Amount,True,Contact Information | Financial Account Information,False,,ambiguous,True,yes,5959,standard,,False,False,0,0,0,0,0,0,3.063,False,False,True,,True,likely_yes,yes,6029,False,standard,False,,11988
CNG_Data2k/files/Q00897.01-0000907657.PDF,Q00897.01-0000907657.PDF,.pdf,22573,ok,True,False,text,False,5,0,1,False,0,False,0-10,Name | Address | Phone,True,Contact Information,False,,ambiguous,True,yes,6277,standard,,False,False,0,0,0,0,0,0,2.957,False,False,True,,True,likely_yes,yes,6348,False,standard,False,,12625
CNG_Data2k/files/Q00897.01-0000551364.0001.XLSX,Q00897.01-0000551364.0001.XLSX,.xlsx,51065,ok,True,True,text,True,1,0,414,False,0,False,100+,Money/Amount,False,Financial Account Information,False,,ambiguous,True,no,15296,likely_non_responsive,roster_by_rowcount bde_llm_count,False,False,0,0,0,0,0,0,5.756,True,False,False,stage1_nr,False,,,0,False,,False,,15296
CNG_Data2k/files/Q00897.01-0000870745.PDF,Q00897.01-0000870745.PDF,.pdf,47609,ok,True,True,text,True,1,0,24,False,1,False,20-50,Name | Address | Phone | Money/Amount | Work-Related,True,Contact Information | Financial Account Information | Work-Related Information,False,,ambiguous,True,yes,7659,standard,bde_llm_count,True,True,1,0,0,0,0,1,7.974,False,False,True,,True,clear_yes,yes,4308,False,standard,False,,11967
CNG_Data2k/files/Q00897.01-0000820731.0005.PDF,Q00897.01-0000820731.0005.PDF,.pdf,1693160,ok,True,False,text,False,14,0,4,False,0,False,0-10,Name | Address | Email | Phone | Card/Transaction | Money/Amount | Health,True,Contact Information | Financial Account Information | Health-Related Information,False,,ambiguous,True,yes,11819,standard,,False,False,0,0,0,0,0,0,4.008,False,False,True,,True,likely_yes,yes,11867,False,standard,False,,23686
CNG_Data2k/files/Q00897.01-0000671318.0004.XLSX,Q00897.01-0000671318.0004.XLSX,.xlsx,59065,ok,True,True,text,True,1,0,836,False,0,False,100+,Money/Amount,False,Financial Account Information,False,,ambiguous,True,no,12549,likely_non_responsive,roster_by_rowcount bde_llm_count,False,False,0,0,0,0,0,0,1.873,True,False,False,stage1_nr,False,,,0,False,,False,,12549
CNG_Data2k/files/Q00897.01-0000663443.0001.PDF,Q00897.01-0000663443.0001.PDF,.pdf,55749,ok,True,False,text,False,1,0,1,False,0,False,0-10,Name | Address,True,Contact Information,False,,ambiguous,True,yes,4966,standard,,True,True,1,0,0,0,0,1,7.401,False,False,True,,True,clear_yes,yes,5036,False,standard,False,,10002
CNG_Data2k/files/Q00897.01-0000401737.MSG,Q00897.01-0000401737.MSG,.msg,95744,ok,True,False,text,False,0,0,3,False,0,False,0-10,Name | Address | Email,True,Contact Information,False,,ambiguous,True,yes,4103,standard,,False,False,0,0,0,0,0,0,2.818,False,False,True,,True,clear_yes,yes,4165,False,standard,False,,8268
CNG_Data2k\files\Q00897.01-0000852028.XLS,Q00897.01-0000852028.XLS,.xls,22251,ok,True,True,text,True,1,0,64,False,0,False,50-100,Money/Amount,False,Financial Account Information,False,,ambiguous,True,no,3771,likely_non_responsive,roster_by_rowcount bde_llm_count,False,False,0,0,0,0,0,0,2.968,True,False,False,stage1_nr,False,,,0,False,,False,,3771
CNG_Data2k/files/Q00897.01-0000707111.MSG,Q00897.01-0000707111.MSG,.msg,162816,ok,True,False,text,False,0,0,0,False,0,False,0-10,,False,,False,,clear_non_responsive,False,,0,likely_non_responsive,,False,False,0,0,0,0,0,0,0.817,True,False,False,stage1_nr,False,,,0,False,,False,,0
CNG_Data2k/files/Q00897.01-0000651750.0001.XLSX,Q00897.01-0000651750.0001.XLSX,.xlsx,11602,ok,True,True,text,True,1,0,0,False,0,False,0-10,Money/Amount,False,Financial Account Information,False,,ambiguous,True,no,8281,structured_unreadable,bde_llm_count,False,False,0,0,0,0,0,0,3.389,False,False,True,,True,clear_no,no,4618,False,likely_non_responsive,True,,12899
CNG_Data2k/files/Q00897.01-0000531368.0001.PDF,Q00897.01-0000531368.0001.PDF,.pdf,22387,ok,True,False,text,False,1,0,0,False,0,False,0-10,,False,,False,,clear_non_responsive,False,,0,likely_non_responsive,,False,False,0,0,0,0,0,0,0.021,True,False,False,stage1_nr,False,,,0,False,,False,,0
CNG_Data2k/files/Q00897.01-0000546776.MSG,Q00897.01-0000546776.MSG,.msg,145920,ok,True,False,text,False,0,2,7,False,6,False,0-10,Name | Address | Email | Phone,True,Contact Information,False,,ambiguous,True,yes,11862,standard,bde_llm_count,False,False,0,0,0,0,0,0,5.418,False,False,True,,True,likely_no,no,6363,False,likely_non_responsive,True,,18225
CNG_Data2k/files/Q00897.01-0000696873.MSG,Q00897.01-0000696873.MSG,.msg,179200,ok,True,False,text,False,0,0,1,False,0,False,0-10,Name | Address | Email | Account Balance | Money/Amount,True,Contact Information | Financial Account Information,False,,ambiguous,True,yes,4271,standard,,False,False,0,0,0,0,0,0,2.872,False,False,True,,True,clear_yes,yes,4345,False,standard,False,,8616
CNG_Data2k/files/Q00897.01-0000109479.PDF,Q00897.01-0000109479.PDF,.pdf,54797,ok,True,False,text,False,15,0,1,False,0,False,0-10,Money/Amount | Work-Related,False,Financial Account Information | Work-Related Information,False,,ambiguous,True,no,10139,likely_non_responsive,,False,False,0,0,0,0,0,0,2.834,True,False,False,stage1_nr,False,,,0,False,,False,,10139
CNG_Data2k/files/Q00897.01-0000420932.0002.PDF,Q00897.01-0000420932.0002.PDF,.pdf,172570,ok,True,False,text,False,6,0,1,False,0,False,0-10,Address | Phone,True,Contact Information,False,,ambiguous,True,no,5288,likely_non_responsive,,False,False,0,0,0,0,0,0,4.226,True,False,False,stage1_nr,False,,,0,False,,False,,5288
CNG_Data2k/files/Q00897.01-0000238420.PDF,Q00897.01-0000238420.PDF,.pdf,1220560,ok,True,True,text,True,1,0,1,False,1,False,0-10,Address | SSN,True,Contact Information | Government-Issued Identification,False,,clear_responsive,False,,4108,standard,bde_llm_count,True,True,1,0,0,0,0,1,9.667,False,False,True,,True,clear_yes,yes,4999,False,standard,False,,9107
CNG_Data2k/files/Q00897.01-0000540014.0001.PDF,Q00897.01-0000540014.0001.PDF,.pdf,22651,ok,True,False,text,False,1,0,1,False,0,False,0-10,Money/Amount,False,Financial Account Information,False,,clear_non_responsive,False,,0,likely_non_responsive,,False,False,0,0,0,0,0,0,0.022,True,False,False,stage1_nr,False,,,0,False,,False,,0
CNG_Data2k/files/Q00897.01-0000298959.XLSX,Q00897.01-0000298959.XLSX,.xlsx,709679,ok,True,True,text,True,1,0,1753,False,0,False,100+,Phone | Money/Amount,True,Contact Information | Financial Account Information,False,,ambiguous,True,no,8911,likely_non_responsive,bde_llm_count,False,False,0,0,0,0,0,0,3.2,True,False,False,stage1_nr,False,,,0,False,,False,,8911
CNG_Data2k/files/Q00897.01-0000452327.0001.XLSX,Q00897.01-0000452327.0001.XLSX,.xlsx,483156,ok,True,True,text,True,1,0,73,False,73,True,50-100,Name,False,,True,,ambiguous,True,yes,7407,structured_bde,roster_by_rowcount bde_llm_count_roster,False,False,0,0,0,0,0,0,5.706,False,True,True,,True,clear_no,no,4016,True,likely_non_responsive,True,,11423
CNG_Data2k/files/Q00897.01-0000852839.PDF,Q00897.01-0000852839.PDF,.pdf,66894,ok,True,False,text,False,1,0,1,False,0,False,0-10,Address | Money/Amount,True,Contact Information | Financial Account Information,False,,ambiguous,True,no,3992,likely_non_responsive,,False,False,0,0,0,0,0,0,1.196,True,False,False,stage1_nr,False,,,0,False,,False,,3992
CNG_Data2k/files/Q00897.01-0000440793.0001.PDF,Q00897.01-0000440793.0001.PDF,.pdf,68334,ok,True,False,text,False,23,0,1,False,0,False,0-10,Address | Card/Transaction | Money/Amount,True,Contact Information | Financial Account Information,False,,ambiguous,True,no,15835,likely_non_responsive,,False,False,0,0,0,0,0,0,1.957,True,False,False,stage1_nr,False,,,0,False,,False,,15835
CNG_Data2k/files/Q00897.01-0000650888.MSG,Q00897.01-0000650888.MSG,.msg,20992,ok,True,False,text,False,0,0,0,False,0,False,0-10,,False,,False,,clear_non_responsive,False,,0,likely_non_responsive,,False,False,0,0,0,0,0,0,0.025,True,False,False,stage1_nr,False,,,0,False,,False,,0
CNG_Data2k/files/Q00897.01-0000476991.0001.PDF,Q00897.01-0000476991.0001.PDF,.pdf,284473,ok,True,False,text,False,1,0,0,False,0,False,0-10,,False,,False,,clear_non_responsive,False,,0,likely_non_responsive,,False,False,0,0,0,0,0,0,0.071,True,False,False,stage1_nr,False,,,0,False,,False,,0
CNG_Data2k/files/Q00897.01-0000106795.XLSX,Q00897.01-0000106795.XLSX,.xlsx,1850417,ok,True,True,text,True,1,0,2227,False,3,True,100+,Name | Money/Amount,False,Financial Account Information,True,,ambiguous,True,yes,13718,structured_bde,bde_llm_count_roster,False,False,0,0,0,0,0,0,6.882,False,True,True,,True,likely_no,no,7289,True,likely_non_responsive,True,,21007
CNG_Data2k/files/Q00897.01-0000618608.MSG,Q00897.01-0000618608.MSG,.msg,102912,ok,True,False,text,False,0,0,4,False,0,False,0-10,Name | Phone | Money/Amount,True,Contact Information | Financial Account Information,False,,ambiguous,True,no,4019,likely_non_responsive,,False,False,0,0,0,0,0,0,2.959,True,False,False,stage1_nr,False,,,0,False,,False,,4019
CNG_Data2k/files/Q00897.01-0000837976.0028.PDF,Q00897.01-0000837976.0028.PDF,.pdf,545579,ok,True,False,text,False,7,0,1,False,0,False,0-10,Address,True,Contact Information,False,,ambiguous,True,no,5662,likely_non_responsive,,False,False,0,0,0,0,0,0,2.515,True,False,False,stage1_nr,False,,,0,False,,False,,5662
CNG_Data2k/files/Q00897.01-0000470182.0001.PDF,Q00897.01-0000470182.0001.PDF,.pdf,148933,ok,True,False,text,False,4,0,1,False,0,False,0-10,Money/Amount | Health | Work-Related,False,Financial Account Information | Health-Related Information | Work-Related Information,False,,ambiguous,True,no,5295,likely_non_responsive,,False,False,0,0,0,0,0,0,1.276,True,False,False,stage1_nr,False,,,0,False,,False,,5295
CNG_Data2k/files/Q00897.01-0000867750.XLSX,Q00897.01-0000867750.XLSX,.xlsx,592688,ok,True,True,text,True,11,0,75,False,6,True,50-100,Name | Money/Amount,False,Financial Account Information,True,,ambiguous,True,yes,7729,structured_bde,bde_llm_count_roster,False,False,0,0,0,0,0,0,4.169,False,True,True,,True,clear_yes,yes,4333,True,structured_bde,False,,12062
CNG_Data2k/files/Q00897.01-0000778527.MSG,Q00897.01-0000778527.MSG,.msg,758272,ok,True,False,text,False,0,3,6,False,0,False,0-10,Name | Address | Email | Phone | Money/Amount | Credentials | Work-Related,True,Contact Information | Financial Account Information | Access Credentials | Work-Related Information,False,,ambiguous,True,yes,5007,standard,,False,False,0,0,0,0,0,0,4.054,False,False,True,,True,likely_no,no,5004,False,likely_non_responsive,True,,10011
CNG_Data2k/files/Q00897.01-0000473224.0007.VCF,Q00897.01-0000473224.0007.VCF,.vcf,401,no_parser,False,False,unknown,False,0,0,0,False,0,False,,,False,,False,,,False,,0,needs_parser,unsupported_ext,False,False,0,0,0,0,0,0,0.0,False,False,False,no_parser,False,,,0,False,,False,,0
CNG_Data2k/files/Q00897.01-0000671245.MSG,Q00897.01-0000671245.MSG,.msg,93184,ok,True,False,text,False,0,2,6,False,0,False,0-10,Name | Address | Email | Phone | Money/Amount,True,Contact Information | Financial Account Information,False,,ambiguous,True,no,4264,likely_non_responsive,,False,False,0,0,0,0,0,0,1.352,True,False,False,stage1_nr,False,,,0,False,,False,,4264
CNG_Data2k/files/Q00897.01-0000430686.MSG,Q00897.01-0000430686.MSG,.msg,272384,ok,True,False,text,False,0,0,4,False,0,False,0-10,Name | Address | Money/Amount,True,Contact Information | Financial Account Information,False,,ambiguous,True,no,5395,likely_non_responsive,,False,False,0,0,0,0,0,0,3.338,True,False,False,stage1_nr,False,,,0,False,,False,,5395
CNG_Data2k/files/Q00897.01-0000691506.MSG,Q00897.01-0000691506.MSG,.msg,351232,ok,True,False,text,False,0,0,26,False,18,False,20-50,Name | Email | Phone | Money/Amount | Health,True,Contact Information | Financial Account Information | Health-Related Information,False,,ambiguous,True,yes,17171,standard,bde_llm_count_roster,False,False,0,0,0,0,0,0,6.591,False,False,True,,True,clear_no,no,8954,False,likely_non_responsive,True,,26125
CNG_Data2k/files/Q00897.01-0000292567.PDF,Q00897.01-0000292567.PDF,.pdf,1312,ok,True,False,text,False,1,0,1,False,0,False,0-10,Name | Money/Amount,True,Financial Account Information,False,,ambiguous,True,yes,3791,standard,,False,False,0,0,0,0,0,0,2.21,False,False,True,,True,likely_yes,yes,3840,False,standard,False,,7631
CNG_Data2k/files/Q00897.01-0000449427.MSG,Q00897.01-0000449427.MSG,.msg,159744,ok,True,False,text,False,0,0,2,False,0,False,0-10,Name | Address | Health,True,Contact Information | Health-Related Information,False,,ambiguous,True,yes,3928,standard,,False,False,0,0,0,0,0,0,2.609,False,False,True,,True,likely_yes,yes,3992,False,standard,False,,7920
CNG_Data2k/files/Q00897.01-0000740500.MSG,Q00897.01-0000740500.MSG,.msg,109056,ok,True,False,text,False,0,0,6,False,0,False,0-10,Name | Address | Email | Phone,True,Contact Information,False,,ambiguous,True,yes,6577,standard,,False,False,0,0,0,0,0,0,3.569,False,False,True,,True,likely_yes,yes,6660,False,standard,False,,13237
CNG_Data2k/files/Q00897.01-0000129819.PDF,Q00897.01-0000129819.PDF,.pdf,1229974,ok,True,True,text,True,6,0,36,False,0,False,20-50,Name | Phone | Money/Amount,True,Contact Information | Financial Account Information,False,,ambiguous,True,no,9440,likely_non_responsive,bde_llm_count,True,True,6,0,0,0,0,1,10.573,True,False,False,stage1_nr,False,,,0,False,,False,,9440
CNG_Data2k/files/Q00897.01-0000823679.MSG,Q00897.01-0000823679.MSG,.msg,122368,ok,True,False,text,False,0,0,5,False,0,False,0-10,Name | Address | Email | Phone,True,Contact Information,False,,ambiguous,True,no,3932,likely_non_responsive,,False,False,0,0,0,0,0,0,1.267,True,False,False,stage1_nr,False,,,0,False,,False,,3932
CNG_Data2k/files/Q00897.01-0000753772.MSG,Q00897.01-0000753772.MSG,.msg,110592,ok,True,False,text,False,0,0,1,False,0,False,0-10,Address | Money/Amount | Work-Related,True,Contact Information | Financial Account Information | Work-Related Information,False,,ambiguous,True,no,6835,likely_non_responsive,,False,False,0,0,0,0,0,0,3.329,True,False,False,stage1_nr,False,,,0,False,,False,,6835
CNG_Data2k/files/Q00897.01-0000015088.PDF,Q00897.01-0000015088.PDF,.pdf,164446,ok,True,False,text,False,1,0,2,False,0,False,0-10,Name | Email | Money/Amount,True,Contact Information | Financial Account Information,False,,ambiguous,True,no,4199,likely_non_responsive,,False,False,0,0,0,0,0,0,1.026,True,False,False,stage1_nr,False,,,0,False,,False,,4199
CNG_Data2k/files/Q00897.01-0000835428.0001.DOCX,Q00897.01-0000835428.0001.DOCX,.docx,49765,ok,True,False,text,False,0,0,1,False,0,False,0-10,Name | Money/Amount,True,Financial Account Information,False,,ambiguous,True,no,8377,likely_non_responsive,,False,False,0,0,0,0,0,0,1.968,True,False,False,stage1_nr,False,,,0,False,,False,,8377
CNG_Data2k/files/Q00897.01-0000908932.PDF,Q00897.01-0000908932.PDF,.pdf,1103633,ok,True,False,text,False,165,0,14,False,14,False,10-20,Name | Address | Phone | Money/Amount,True,Contact Information | Financial Account Information,False,,ambiguous,True,yes,35139,standard,bde_llm_count_roster,False,False,0,0,0,0,0,0,67.347,False,False,True,,True,clear_yes,yes,18103,False,standard,False,,53242
CNG_Data2k/files/Q00897.01-0000592065.MSG,Q00897.01-0000592065.MSG,.msg,157696,ok,True,False,text,False,0,0,2,False,0,False,0-10,Name | Address | Email | Phone,True,Contact Information,False,,ambiguous,True,no,4043,likely_non_responsive,,False,False,0,0,0,0,0,0,1.329,True,False,False,stage1_nr,False,,,0,False,,False,,4043
CNG_Data2k/files/Q00897.01-0000008077.PDF,Q00897.01-0000008077.PDF,.pdf,123672,ok,True,False,text,False,4,0,1,False,0,False,0-10,Name | Address | Phone,True,Contact Information,False,,ambiguous,True,yes,11175,standard,,False,False,0,0,0,0,0,0,3.38,False,False,True,,True,clear_yes,yes,11264,False,standard,False,,22439
CNG_Data2k/files/Q00897.01-0000870336.PDF,Q00897.01-0000870336.PDF,.pdf,242570,ok,True,False,text,False,1,0,3,False,0,False,0-10,Name | Address | Email | Phone | Health,True,Contact Information | Health-Related Information,False,,ambiguous,True,yes,4234,standard,,True,True,1,0,0,0,0,1,8.11,False,False,True,,True,clear_yes,yes,4272,False,standard,False,,8506
CNG_Data2k/files/Q00897.01-0000883581.PDF,Q00897.01-0000883581.PDF,.pdf,838915,ok,True,True,text,True,4,0,33,False,1,False,20-50,Name | Address | Phone | Card/Transaction | Money/Amount | Demographic,True,Contact Information | Financial Account Information | Demographic Information,False,,ambiguous,True,yes,11452,standard,bde_llm_count,True,True,4,0,0,0,0,1,9.728,False,False,True,,True,clear_yes,yes,6166,False,standard,False,,17618
CNG_Data2k/files/Q00897.01-0000847661.MSG,Q00897.01-0000847661.MSG,.msg,24576,ok,True,False,text,False,0,0,3,False,0,False,0-10,Name | Address | Email | Phone,True,Contact Information,False,,ambiguous,True,yes,3858,standard,,False,False,0,0,0,0,0,0,2.284,False,False,True,,True,likely_no,no,3915,False,likely_non_responsive,True,,7773
CNG_Data2k/files/Q00897.01-0000327951.XLSX,Q00897.01-0000327951.XLSX,.xlsx,130262,ok,True,True,text,True,12,0,1140,False,0,False,100+,Money/Amount,False,Financial Account Information,False,,ambiguous,True,no,7373,likely_non_responsive,roster_by_rowcount bde_llm_count,False,False,0,0,0,0,0,0,1.831,True,False,False,stage1_nr,False,,,0,False,,False,,7373
CNG_Data2k/files/Q00897.01-0000366278.MSG,Q00897.01-0000366278.MSG,.msg,259072,ok,True,False,text,False,0,0,1,False,0,False,0-10,Address | Card/Transaction,True,Contact Information | Financial Account Information,False,,ambiguous,True,no,3963,likely_non_responsive,,False,False,0,0,0,0,0,0,61.013,True,False,False,stage1_nr,False,,,0,False,,False,,3963
CNG_Data2k/files/Q00897.01-0000541718.0001.PDF,Q00897.01-0000541718.0001.PDF,.pdf,22591,ok,True,False,text,False,1,0,1,False,0,False,0-10,Money/Amount,False,Financial Account Information,False,,clear_non_responsive,False,,0,likely_non_responsive,,False,False,0,0,0,0,0,0,0.024,True,False,False,stage1_nr,False,,,0,False,,False,,0
CNG_Data2k/files/Q00897.01-0000397749.MSG,Q00897.01-0000397749.MSG,.msg,133120,ok,True,False,text,False,0,0,8,False,8,False,0-10,Name | Address | Email | Phone | Money/Amount,True,Contact Information | Financial Account Information,False,,ambiguous,True,yes,10709,standard,bde_llm_count,False,False,0,0,0,0,0,0,4.577,False,False,True,,True,likely_no,no,5830,False,likely_non_responsive,True,,16539
CNG_Data2k/files/Q00897.01-0000169208.PDF,Q00897.01-0000169208.PDF,.pdf,79371,ok,True,False,text,False,4,0,5,False,0,False,0-10,Name | Address | Email | Phone,True,Contact Information,False,,ambiguous,True,yes,6295,standard,"img_ocr:p1(1/1,+11chars)",False,False,0,1,1,1,0,1,7.074,False,False,True,,True,likely_no,no,6306,False,likely_non_responsive,True,,12601
CNG_Data2k/files/Q00897.01-0000643029.MSG,Q00897.01-0000643029.MSG,.msg,24064,ok,True,False,text,False,0,0,0,False,0,False,0-10,,False,,False,,clear_non_responsive,False,,0,likely_non_responsive,,False,False,0,0,0,0,0,0,0.025,True,False,False,stage1_nr,False,,,0,False,,False,,0
CNG_Data2k/files/Q00897.01-0000542610.0001.PDF,Q00897.01-0000542610.0001.PDF,.pdf,22602,ok,True,False,text,False,1,0,1,False,0,False,0-10,Money/Amount,False,Financial Account Information,False,,clear_non_responsive,False,,0,likely_non_responsive,,False,False,0,0,0,0,0,0,0.021,True,False,False,stage1_nr,False,,,0,False,,False,,0
CNG_Data2k\files\Q00897.01-0000777338.0002.DOC,Q00897.01-0000777338.0002.DOC,.doc,40093,ok,True,False,text,False,0,0,1,False,0,False,0-10,Address | Phone | Money/Amount | Health | Work-Related,True,Contact Information | Financial Account Information | Health-Related Information | Work-Related Information,False,,ambiguous,True,no,7394,likely_non_responsive,,False,False,0,0,0,0,0,0,1.509,True,False,False,stage1_nr,False,,,0,False,,False,,7394
CNG_Data2k/files/Q00897.01-0000775705.0002.DOCX,Q00897.01-0000775705.0002.DOCX,.docx,45913,ok,True,False,text,False,0,0,1,False,0,False,0-10,Name | Money/Amount | Health,True,Financial Account Information | Health-Related Information,False,,ambiguous,True,no,8727,likely_non_responsive,,False,False,0,0,0,0,0,0,1.181,True,False,False,stage1_nr,False,,,0,False,,False,,8727
CNG_Data2k/files/Q00897.01-0000079110.PDF,Q00897.01-0000079110.PDF,.pdf,110467,ok,True,True,text,True,1,0,5,False,0,False,0-10,Name | Address | Phone | Bank/Account Number | Money/Amount,True,Contact Information | Financial Account Information,False,,ambiguous,True,no,7184,likely_non_responsive,bde_llm_count,True,True,1,0,0,0,0,1,6.29,True,False,False,stage1_nr,False,,,0,False,,False,,7184
CNG_Data2k/files/Q00897.01-0000720356.MSG,Q00897.01-0000720356.MSG,.msg,326144,ok,True,False,text,False,0,0,3,False,0,False,0-10,Address | Email | Phone | Health | Demographic,True,Contact Information | Health-Related Information | Demographic Information,False,,ambiguous,True,no,8753,likely_non_responsive,,False,False,0,0,0,0,0,0,2.481,True,False,False,stage1_nr,False,,,0,False,,False,,8753
CNG_Data2k/files/Q00897.01-0000441136.MSG,Q00897.01-0000441136.MSG,.msg,225280,ok,True,False,text,False,0,0,2,False,0,False,0-10,Name | Address | Email | Phone | Credentials,True,Contact Information | Access Credentials,False,,ambiguous,True,yes,4415,standard,,False,False,0,0,0,0,0,0,3.617,False,False,True,,True,clear_no,no,4455,False,likely_non_responsive,True,,8870
CNG_Data2k/files/Q00897.01-0000800649.MSG,Q00897.01-0000800649.MSG,.msg,404992,ok,True,False,text,False,0,1,1,False,0,False,0-10,Name | Email | Card Expiry/CVV,True,Contact Information | Financial Account Information,False,,ambiguous,True,yes,4064,standard,,False,False,0,0,0,0,0,0,2.718,False,False,True,,True,likely_yes,yes,4153,False,standard,False,,8217
CNG_Data2k/files/Q00897.01-0000128516.PDF,Q00897.01-0000128516.PDF,.pdf,530103,ok,True,True,text,True,4,0,45,False,0,False,20-50,Phone | Payment Card | Money/Amount,True,Contact Information | Financial Account Information,False,,ambiguous,True,no,8927,likely_non_responsive,bde_llm_count,True,True,4,0,0,0,0,1,8.337,True,False,False,stage1_nr,False,,,0,False,,False,,8927
CNG_Data2k/files/Q00897.01-0000135969.PDF,Q00897.01-0000135969.PDF,.pdf,28007751,ok,True,True,text,True,15,0,292,False,1,False,100+,Name | Address | Phone | Money/Amount,True,Contact Information | Financial Account Information,False,,ambiguous,True,yes,23242,standard,bde_llm_count,True,True,15,0,0,0,0,1,15.783,False,False,True,,True,likely_yes,yes,12053,True,structured_bde,False,,35295
CNG_Data2k/files/Q00897.01-0000250855.XLSX,Q00897.01-0000250855.XLSX,.xlsx,513172,ok,True,True,text,True,1,0,12546,False,0,True,100+,,False,,True,,ambiguous,True,no,9528,structured_bde,roster_by_rowcount bde_llm_count_roster,False,False,0,0,0,0,0,0,4.855,False,True,True,,True,clear_no,no,5207,True,likely_non_responsive,True,,14735
CNG_Data2k\files\Q00897.01-0000808383.0001.DOC,Q00897.01-0000808383.0001.DOC,.doc,23717,ok,True,False,text,False,0,0,1,False,0,False,0-10,Health,False,Health-Related Information,False,,ambiguous,True,no,3571,likely_non_responsive,,False,False,0,0,0,0,0,0,1.177,True,False,False,stage1_nr,False,,,0,False,,False,,3571
CNG_Data2k/files/Q00897.01-0000523670.0001.XLSX,Q00897.01-0000523670.0001.XLSX,.xlsx,12479,ok,True,True,text,True,1,0,68,False,0,True,50-100,Name,False,,True,,ambiguous,True,no,7880,structured_bde,roster_by_rowcount bde_llm_count_roster,False,False,0,0,0,0,0,0,65.241,False,True,True,,True,likely_no,no,4436,True,likely_non_responsive,True,,12316
CNG_Data2k/files/Q00897.01-0000910536.PDF,Q00897.01-0000910536.PDF,.pdf,12006,ok,True,False,text,False,1,0,0,False,0,False,0-10,,False,,False,,clear_non_responsive,False,,0,likely_non_responsive,,False,False,0,0,0,0,0,0,0.031,True,False,False,stage1_nr,False,,,0,False,,False,,0
CNG_Data2k/files/Q00897.01-0000845979.MSG,Q00897.01-0000845979.MSG,.msg,28672,error,False,False,,False,0,0,0,False,0,False,,,False,,False,,,False,,0,review_error,MalformedRtf,False,False,0,0,0,0,0,0,0.272,False,False,False,extract_error,False,,,0,False,,False,,0
CNG_Data2k/files/Q00897.01-0000485493.MSG,Q00897.01-0000485493.MSG,.msg,28672,ok,True,False,text,False,0,0,3,False,0,False,0-10,Name | Email | Phone,True,Contact Information,False,,ambiguous,True,yes,3973,standard,,False,False,0,0,0,0,0,0,3.013,False,False,True,,True,likely_no,no,4045,False,likely_non_responsive,True,,8018
CNG_Data2k/files/Q00897.01-0000765655.0002.PDF,Q00897.01-0000765655.0002.PDF,.pdf,77591,ok,True,False,text,False,1,0,1,False,0,False,0-10,Name,False,,False,,ambiguous,True,no,3930,likely_non_responsive,,False,False,0,0,0,0,0,0,1.168,True,False,False,stage1_nr,False,,,0,False,,False,,3930
CNG_Data2k/files/Q00897.01-0000859353.PDF,Q00897.01-0000859353.PDF,.pdf,95251,ok,True,False,text,False,1,0,1,False,0,False,0-10,Money/Amount,False,Financial Account Information,False,,clear_non_responsive,False,,0,likely_non_responsive,,False,False,0,0,0,0,0,0,0.058,True,False,False,stage1_nr,False,,,0,False,,False,,0
CNG_Data2k/files/Q00897.01-0000588207.0001.PDF,Q00897.01-0000588207.0001.PDF,.pdf,161807,ok,True,False,text,False,3,0,1,False,0,False,0-10,Phone,True,Contact Information,False,,ambiguous,True,no,8198,likely_non_responsive,,False,False,0,0,0,0,0,0,1.661,True,False,False,stage1_nr,False,,,0,False,,False,,8198
CNG_Data2k/files/Q00897.01-0000218397.PDF,Q00897.01-0000218397.PDF,.pdf,2924560,ok,True,True,text,True,15,0,259,False,0,False,100+,Name | Address | Phone | Bank/Account Number | Money/Amount,True,Contact Information | Financial Account Information,False,,ambiguous,True,yes,23750,standard,bde_llm_count,True,True,15,0,0,0,0,1,13.448,False,False,True,,True,likely_no,no,12378,True,likely_non_responsive,True,,36128
CNG_Data2k/files/Q00897.01-0000386791.MSG,Q00897.01-0000386791.MSG,.msg,138240,ok,True,False,text,False,0,0,2,False,0,False,0-10,Name | Address | Email | Money/Amount,True,Contact Information | Financial Account Information,False,,ambiguous,True,yes,4334,standard,,False,False,0,0,0,0,0,0,5.064,False,False,True,,True,borderline,no,4432,False,likely_non_responsive,True,,8766
CNG_Data2k/files/Q00897.01-0000654125.0001.XLSX,Q00897.01-0000654125.0001.XLSX,.xlsx,10604,ok,True,True,text,True,1,0,0,False,0,False,0-10,Money/Amount,False,Financial Account Information,False,,ambiguous,True,no,7128,structured_unreadable,bde_llm_count,False,False,0,0,0,0,0,0,2.946,False,False,True,,True,clear_no,no,4032,False,likely_non_responsive,True,,11160
CNG_Data2k/files/Q00897.01-0000895813.PDF,Q00897.01-0000895813.PDF,.pdf,62234,ok,True,False,text,False,13,0,3,False,0,False,0-10,Name | Address | Phone | Money/Amount | Work-Related,True,Contact Information | Financial Account Information | Work-Related Information,False,,ambiguous,True,yes,14026,standard,,False,False,0,0,0,0,0,0,4.616,False,False,True,,True,clear_yes,yes,14073,False,standard,False,,28099
CNG_Data2k/files/Q00897.01-0000316760.PDF,Q00897.01-0000316760.PDF,.pdf,1233857,ok,True,False,text,False,1,0,5,False,0,False,0-10,Phone | Money/Amount,True,Contact Information | Financial Account Information,False,,ambiguous,True,no,4527,likely_non_responsive,,True,True,1,0,0,0,0,1,6.758,True,False,False,stage1_nr,False,,,0,False,,False,,4527
CNG_Data2k/files/Q00897.01-0000659797.MSG,Q00897.01-0000659797.MSG,.msg,548864,ok,True,False,text,False,0,3,2,False,0,False,0-10,Name | Address | Email | Phone,True,Contact Information,False,,ambiguous,True,yes,3821,standard,,False,False,0,0,0,0,0,0,3.809,False,False,True,,True,likely_no,no,3885,False,likely_non_responsive,True,,7706
CNG_Data2k/files/Q00897.01-0000370019.MSG,Q00897.01-0000370019.MSG,.msg,222208,ok,True,False,text,False,0,0,1,False,0,False,0-10,Address | Email | Health,True,Contact Information | Health-Related Information,False,,ambiguous,True,no,4212,likely_non_responsive,,False,False,0,0,0,0,0,0,2.149,True,False,False,stage1_nr,False,,,0,False,,False,,4212
CNG_Data2k\files\Q00897.01-0000916127.XLS,Q00897.01-0000916127.XLS,.xls,21969,ok,True,True,text,True,1,0,59,False,59,True,50-100,SSN | Money/Amount,True,Government-Issued Identification | Financial Account Information,True,,clear_responsive,False,,3064,structured_bde,bde_llm_count_roster,False,False,0,0,0,0,0,0,4.663,False,True,True,,True,clear_yes,yes,4338,True,structured_bde,False,,7402
CNG_Data2k/files/Q00897.01-0000635609.MSG,Q00897.01-0000635609.MSG,.msg,194560,ok,True,False,text,False,0,0,1,False,0,False,0-10,Address | Phone | Health,True,Contact Information | Health-Related Information,False,,ambiguous,True,no,8995,likely_non_responsive,,False,False,0,0,0,0,0,0,1.316,True,False,False,stage1_nr,False,,,0,False,,False,,8995
CNG_Data2k/files/Q00897.01-0000264931.CSV,Q00897.01-0000264931.CSV,.csv,34391,ok,True,True,text,True,0,0,285,False,0,False,100+,Payment Card | Card/Transaction | Money/Amount,True,Financial Account Information,False,,ambiguous,True,no,11175,likely_non_responsive,roster_by_rowcount bde_llm_count,False,False,0,0,0,0,0,0,2.051,True,False,False,stage1_nr,False,,,0,False,,False,,11175
CNG_Data2k/files/Q00897.01-0000860666.PDF,Q00897.01-0000860666.PDF,.pdf,111346,ok,True,False,text,False,2,0,0,False,0,False,0-10,,False,,False,,clear_non_responsive,False,,0,likely_non_responsive,"img_ocr:none(1 calls,0 chars)",False,False,0,1,1,0,0,1,4.424,True,False,False,stage1_nr,False,,,0,False,,False,,0
CNG_Data2k/files/Q00897.01-0000912724.PDF,Q00897.01-0000912724.PDF,.pdf,20072,ok,True,True,text,True,4,0,100,False,89,True,50-100,Phone | SSN | Money/Amount,True,Contact Information | Government-Issued Identification | Financial Account Information,True,,clear_responsive,False,,5592,structured_bde,bde_llm_count_roster,True,True,4,0,0,0,0,1,13.543,False,True,True,,True,clear_yes,yes,7130,True,structured_bde,False,,12722
CNG_Data2k/files/Q00897.01-0000865403.PDF,Q00897.01-0000865403.PDF,.pdf,645344,ok,True,False,text,False,23,0,23,False,17,False,20-50,Name | Address | Money/Amount,True,Contact Information | Financial Account Information,False,,ambiguous,True,yes,29463,standard,"img_ocr:p5(1/1,+77chars) bde_llm_count_roster",False,False,0,1,1,1,0,1,12.284,False,False,True,,True,clear_yes,yes,15329,False,standard,False,,44792
CNG_Data2k/files/Q00897.01-0000017685.PDF,Q00897.01-0000017685.PDF,.pdf,343116,ok,True,False,text,False,2,0,5,False,0,False,0-10,Name | Address | Email | Phone | Money/Amount | Work-Related,True,Contact Information | Financial Account Information | Work-Related Information,False,,ambiguous,True,yes,4578,standard,,False,False,0,0,0,0,0,0,2.873,False,False,True,,True,clear_yes,yes,4652,False,standard,False,,9230
CNG_Data2k/files/Q00897.01-0000248143.PDF,Q00897.01-0000248143.PDF,.pdf,1100051,ok,True,False,text,False,3,0,8,False,4,False,0-10,Name | Address | Email | Phone | Money/Amount,True,Contact Information | Financial Account Information,False,,ambiguous,True,yes,9114,standard,"img_ocr:p1,p2(2/2,+635chars) bde_llm_count",False,False,0,2,2,2,0,2,12.735,False,False,True,,True,clear_no,no,5024,False,likely_non_responsive,True,,14138
CNG_Data2k/files/Q00897.01-0000250615.XLSX,Q00897.01-0000250615.XLSX,.xlsx,321085,ok,True,True,text,True,4,0,659,False,659,True,100+,Phone | Money/Amount,True,Contact Information | Financial Account Information,True,,ambiguous,True,yes,14656,structured_bde,bde_llm_count_roster,False,False,0,0,0,0,0,0,3.605,False,True,True,,True,clear_no,no,7772,True,likely_non_responsive,True,,22428
CNG_Data2k/files/Q00897.01-0000111684.XLSX,Q00897.01-0000111684.XLSX,.xlsx,36065,ok,True,True,text,True,1,0,573,False,0,False,100+,Work-Related,False,Work-Related Information,False,,ambiguous,True,no,8185,likely_non_responsive,roster_by_rowcount bde_llm_count,False,False,0,0,0,0,0,0,2.171,True,False,False,stage1_nr,False,,,0,False,,False,,8185
CNG_Data2k/files/Q00897.01-0000106976.PDF,Q00897.01-0000106976.PDF,.pdf,572694,ok,True,False,text,False,10,0,5,False,0,False,0-10,Name | Email | Money/Amount,True,Contact Information | Financial Account Information,False,,ambiguous,True,yes,7701,standard,,True,True,10,0,0,0,0,1,14.304,False,False,True,,True,likely_yes,yes,7748,False,standard,False,,15449
CNG_Data2k/files/Q00897.01-0000546771.MSG,Q00897.01-0000546771.MSG,.msg,169984,ok,True,False,text,False,0,2,7,False,6,False,0-10,Name | Address | Email | Phone,True,Contact Information,False,,ambiguous,True,yes,12045,standard,bde_llm_count,False,False,0,0,0,0,0,0,5.806,False,False,True,,True,likely_no,no,6509,False,likely_non_responsive,True,,18554
CNG_Data2k/files/Q00897.01-0000907051.PDF,Q00897.01-0000907051.PDF,.pdf,1152954,ok,True,False,text,False,160,0,213,False,213,True,100+,Name | Address | Phone | Money/Amount,True,Contact Information | Financial Account Information,True,,ambiguous,True,yes,36423,bde,bde_llm_count_roster,False,False,0,0,0,0,0,0,29.119,False,True,True,,True,likely_yes,yes,18907,True,bde,False,,55330
CNG_Data2k/files/Q00897.01-0000655204.MSG,Q00897.01-0000655204.MSG,.msg,86016,ok,True,False,text,False,0,1,2,False,0,False,0-10,Name | Address | Email | Phone,True,Contact Information,False,,ambiguous,True,no,3815,likely_non_responsive,,False,False,0,0,0,0,0,0,1.394,True,False,False,stage1_nr,False,,,0,False,,False,,3815
CNG_Data2k/files/Q00897.01-0000894615.PDF,Q00897.01-0000894615.PDF,.pdf,64670,ok,True,True,text,True,2,0,53,False,1,True,50-100,Name | Address | Money/Amount | Credentials,True,Contact Information | Financial Account Information | Access Credentials,True,,ambiguous,True,yes,7922,structured_bde,bde_llm_count_roster,True,True,2,0,0,0,0,1,8.731,False,True,True,,True,clear_yes,yes,4401,True,structured_bde,False,,12323
CNG_Data2k/files/Q00897.01-0000572001.MSG,Q00897.01-0000572001.MSG,.msg,231424,ok,True,False,text,False,0,0,1,False,0,False,0-10,Name | Email,True,Contact Information,False,,ambiguous,True,yes,3971,standard,,False,False,0,0,0,0,0,0,2.546,False,False,True,,True,borderline,no,4045,False,likely_non_responsive,True,,8016
CNG_Data2k/files/Q00897.01-0000254054.XLSX,Q00897.01-0000254054.XLSX,.xlsx,70188,ok,True,True,text,True,2,0,1302,False,0,False,100+,Phone | Payment Card | Money/Amount,True,Contact Information | Financial Account Information,False,,ambiguous,True,no,12121,likely_non_responsive,roster_by_rowcount bde_llm_count,False,False,0,0,0,0,0,0,2.151,True,False,False,stage1_nr,False,,,0,False,,False,,12121
CNG_Data2k/files/Q00897.01-0000777220.0002.DOCX,Q00897.01-0000777220.0002.DOCX,.docx,34977,ok,True,False,text,False,0,0,3,False,0,False,0-10,Name | Address | Work-Related,True,Contact Information | Work-Related Information,False,,ambiguous,True,no,8311,likely_non_responsive,,False,False,0,0,0,0,0,0,1.188,True,False,False,stage1_nr,False,,,0,False,,False,,8311
CNG_Data2k/files/Q00897.01-0000908332.PDF,Q00897.01-0000908332.PDF,.pdf,12504,ok,True,False,text,False,1,0,0,False,0,False,0-10,,False,,False,,clear_non_responsive,False,,0,likely_non_responsive,,False,False,0,0,0,0,0,0,0.035,True,False,False,stage1_nr,False,,,0,False,,False,,0
CNG_Data2k/files/Q00897.01-0000704751.MSG,Q00897.01-0000704751.MSG,.msg,133120,ok,True,False,text,False,0,0,0,False,0,False,0-10,,False,,False,,clear_non_responsive,False,,0,likely_non_responsive,,False,False,0,0,0,0,0,0,0.098,True,False,False,stage1_nr,False,,,0,False,,False,,0
CNG_Data2k/files/Q00897.01-0000843192.MSG,Q00897.01-0000843192.MSG,.msg,39936,error,False,False,,False,0,0,0,False,0,False,,,False,,False,,,False,,0,review_error,KeyError,False,False,0,0,0,0,0,0,0.512,False,False,False,extract_error,False,,,0,False,,False,,0
CNG_Data2k/files/Q00897.01-0000004660.PDF,Q00897.01-0000004660.PDF,.pdf,43392,ok,True,False,text,False,1,0,1,False,0,False,0-10,Name | Phone,True,Contact Information,False,,ambiguous,True,yes,3758,standard,,True,True,1,0,0,0,0,1,6.435,False,False,True,,True,clear_yes,yes,3820,False,standard,False,,7578
CNG_Data2k/files/Q00897.01-0000904135.PDF,Q00897.01-0000904135.PDF,.pdf,15089,ok,True,False,text,False,2,0,1,False,0,False,0-10,Money/Amount,False,Financial Account Information,False,,clear_non_responsive,False,,0,likely_non_responsive,,False,False,0,0,0,0,0,0,0.073,True,False,False,stage1_nr,False,,,0,False,,False,,0
CNG_Data2k/files/Q00897.01-0000775297.0003.PDF,Q00897.01-0000775297.0003.PDF,.pdf,87261,ok,True,False,text,False,3,0,0,False,0,False,0-10,,False,,False,,clear_non_responsive,False,,0,likely_non_responsive,,False,False,0,0,0,0,0,0,1.401,True,False,False,stage1_nr,False,,,0,False,,False,,0
CNG_Data2k/files/Q00897.01-0000274597.PDF,Q00897.01-0000274597.PDF,.pdf,766132,ok,True,True,text,True,5,0,67,False,1,False,50-100,Name | Address | Email | Phone | Bank/Account Number | Card Expiry/CVV | Card/Transaction | Account Balance | Money/Amount | Health,True,Contact Information | Financial Account Information | Health-Related Information,False,,ambiguous,True,yes,12192,standard,bde_llm_count,True,True,5,0,0,0,0,1,13.426,False,False,True,,True,clear_yes,yes,6549,True,structured_bde,False,,18741
CNG_Data2k/files/Q00897.01-0000903026.PDF,Q00897.01-0000903026.PDF,.pdf,20365,ok,True,False,text,False,3,0,1,False,0,False,0-10,Address | Phone | Money/Amount,True,Contact Information | Financial Account Information,False,,ambiguous,True,no,5807,likely_non_responsive,,False,False,0,0,0,0,0,0,1.292,True,False,False,stage1_nr,False,,,0,False,,False,,5807
CNG_Data2k/files/Q00897.01-0000554868.MSG,Q00897.01-0000554868.MSG,.msg,202752,ok,True,False,text,False,0,0,2,False,0,False,0-10,Address | Email | Phone | Credentials,True,Contact Information | Access Credentials,False,,ambiguous,True,no,3980,likely_non_responsive,,False,False,0,0,0,0,0,0,1.697,True,False,False,stage1_nr,False,,,0,False,,False,,3980
CNG_Data2k/files/Q00897.01-0000260047.PDF,Q00897.01-0000260047.PDF,.pdf,1322848,ok,True,True,text,True,15,0,695,False,695,True,100+,Name | Money/Amount,False,Financial Account Information,True,,ambiguous,True,yes,34217,structured_bde,bde_llm_count_roster,True,True,15,0,0,0,0,1,22.046,False,True,True,,True,clear_yes,yes,17655,True,structured_bde,False,,51872
CNG_Data2k/files/Q00897.01-0000489263.MSG,Q00897.01-0000489263.MSG,.msg,184320,ok,True,False,text,False,0,4,0,False,0,False,0-10,,False,,False,,clear_non_responsive,False,,0,likely_non_responsive,,False,False,0,0,0,0,0,0,0.669,True,False,False,stage1_nr,False,,,0,False,,False,,0
CNG_Data2k/files/Q00897.01-0000657830.MSG,Q00897.01-0000657830.MSG,.msg,830976,ok,True,False,text,False,0,4,1,False,0,False,0-10,Money/Amount,False,Financial Account Information,False,,clear_non_responsive,False,,0,likely_non_responsive,,False,False,0,0,0,0,0,0,0.284,True,False,False,stage1_nr,False,,,0,False,,False,,0
CNG_Data2k/files/Q00897.01-0000110485.PDF,Q00897.01-0000110485.PDF,.pdf,6016476,ok,True,True,text,True,15,0,295,False,0,False,100+,Money/Amount | Health | Work-Related,False,Financial Account Information | Health-Related Information | Work-Related Information,False,,ambiguous,True,no,21732,likely_non_responsive,bde_llm_count,True,True,15,0,0,0,0,1,12.62,True,False,False,stage1_nr,False,,,0,False,,False,,21732
CNG_Data2k/files/Q00897.01-0000903378.PDF,Q00897.01-0000903378.PDF,.pdf,20433,ok,True,False,text,False,3,0,1,False,0,False,0-10,Name | Address | Phone | Money/Amount,True,Contact Information | Financial Account Information,False,,ambiguous,True,no,5849,likely_non_responsive,,False,False,0,0,0,0,0,0,1.35,True,False,False,stage1_nr,False,,,0,False,,False,,5849
CNG_Data2k/files/Q00897.01-0000259947.PDF,Q00897.01-0000259947.PDF,.pdf,1253661,ok,True,True,text,True,15,0,906,False,906,True,100+,Name | Phone | Card/Transaction | Money/Amount,True,Contact Information | Financial Account Information,True,,ambiguous,True,yes,34551,structured_bde,bde_llm_count_roster,True,True,15,0,0,0,0,1,44.841,False,True,True,,True,likely_yes,yes,17791,True,structured_bde,False,,52342
CNG_Data2k/files/Q00897.01-0000893392.PDF,Q00897.01-0000893392.PDF,.pdf,11996,ok,True,False,text,False,1,0,0,False,0,False,0-10,,False,,False,,clear_non_responsive,False,,0,likely_non_responsive,,False,False,0,0,0,0,0,0,0.033,True,False,False,stage1_nr,False,,,0,False,,False,,0
CNG_Data2k/files/Q00897.01-0000898066.PDF,Q00897.01-0000898066.PDF,.pdf,66592,ok,True,False,text,False,13,0,4,False,0,False,0-10,Name | Address | Phone | Date of Birth | Money/Amount | Work-Related,True,Contact Information | Birth Information | Financial Account Information | Work-Related Information,False,,ambiguous,True,yes,14204,standard,,False,False,0,0,0,0,0,0,3.789,False,False,True,,True,clear_yes,yes,14256,False,standard,False,,28460
CNG_Data2k\files\Q00897.01-0000851575.XLS,Q00897.01-0000851575.XLS,.xls,22233,ok,True,True,text,True,1,0,66,False,0,False,50-100,,False,,False,,ambiguous,True,no,3764,likely_non_responsive,roster_by_rowcount bde_llm_count,False,False,0,0,0,0,0,0,1.981,True,False,False,stage1_nr,False,,,0,False,,False,,3764
CNG_Data2k/files/Q00897.01-0000004862.PDF,Q00897.01-0000004862.PDF,.pdf,271017,ok,True,False,text,False,3,0,1,False,0,False,0-10,Money/Amount,False,Financial Account Information,False,,clear_non_responsive,False,,0,likely_non_responsive,,False,False,0,0,0,0,0,0,0.358,True,False,False,stage1_nr,False,,,0,False,,False,,0
CNG_Data2k\files\Q00897.01-0000498959.0001.XLS,Q00897.01-0000498959.0001.XLS,.xls,62264,ok,True,True,text,True,1,0,362,False,2,False,100+,Name | Phone | Money/Amount,True,Contact Information | Financial Account Information,False,,ambiguous,True,yes,10132,standard,roster_by_rowcount bde_llm_count,False,False,0,0,0,0,0,0,3.803,False,False,True,,True,likely_no,no,5653,True,likely_non_responsive,True,,15785
CNG_Data2k/files/Q00897.01-0000242134.XLSX,Q00897.01-0000242134.XLSX,.xlsx,15659,ok,True,True,text,True,2,0,5,False,0,False,0-10,Address | Phone | Money/Amount,True,Contact Information | Financial Account Information,False,,ambiguous,True,no,7986,likely_non_responsive,bde_llm_count,False,False,0,0,0,0,0,0,2.063,True,False,False,stage1_nr,False,,,0,False,,False,,7986
CNG_Data2k/files/Q00897.01-0000258382.PDF,Q00897.01-0000258382.PDF,.pdf,444145,ok,True,False,text,False,8,0,2,False,0,False,0-10,Name | Address | Bank/Account Number | Money/Amount,True,Contact Information | Financial Account Information,False,,ambiguous,True,yes,4910,standard,"img_ocr:p2(1/1,+324chars)",False,False,0,1,1,1,0,1,7.039,False,False,True,,True,likely_no,no,4967,False,likely_non_responsive,True,,9877
CNG_Data2k/files/Q00897.01-0000320928.XML,Q00897.01-0000320928.XML,.xml,657,ok,True,False,text,False,0,0,0,False,0,False,0-10,,False,,False,,clear_non_responsive,False,,0,likely_non_responsive,,False,False,0,0,0,0,0,0,0.015,True,False,False,stage1_nr,False,,,0,False,,False,,0
CNG_Data2k/files/Q00897.01-0000274706.PDF,Q00897.01-0000274706.PDF,.pdf,378710,ok,True,False,text,False,6,0,2,False,0,False,0-10,Name | Address | Phone | Account Balance | Money/Amount,True,Contact Information | Financial Account Information,False,,ambiguous,True,yes,5424,standard,"img_ocr:p1,p3,p5(3/3,+51chars)",False,False,0,3,3,3,0,3,16.799,False,False,True,,True,clear_yes,yes,5482,False,standard,False,,10906
CNG_Data2k/files/Q00897.01-0000665441.MSG,Q00897.01-0000665441.MSG,.msg,88064,ok,True,False,text,False,0,3,5,False,0,False,0-10,Name | Address | Email | Phone | Money/Amount,True,Contact Information | Financial Account Information,False,,ambiguous,True,yes,4512,standard,,False,False,0,0,0,0,0,0,3.137,False,False,True,,True,likely_no,no,4534,False,likely_non_responsive,True,,9046
CNG_Data2k/files/Q00897.01-0000260598.XLSX,Q00897.01-0000260598.XLSX,.xlsx,70304,ok,True,True,text,True,1,0,360,False,1,True,100+,Name | Money/Amount,False,Financial Account Information,True,,ambiguous,True,yes,18429,structured_bde,roster_by_rowcount bde_llm_count_roster,False,False,0,0,0,0,0,0,4.033,False,True,True,,True,likely_no,no,9673,True,likely_non_responsive,True,,28102
CNG_Data2k/files/Q00897.01-0000246756.PDF,Q00897.01-0000246756.PDF,.pdf,83252,ok,True,False,text,False,1,0,1,False,0,False,0-10,Money/Amount,False,Financial Account Information,False,,clear_non_responsive,False,,0,likely_non_responsive,,False,False,0,0,0,0,0,0,0.062,True,False,False,stage1_nr,False,,,0,False,,False,,0
CNG_Data2k/files/Q00897.01-0000344629.PDF,Q00897.01-0000344629.PDF,.pdf,13108,ok,True,False,text,False,2,0,1,False,0,False,0-10,Money/Amount,False,Financial Account Information,False,,clear_non_responsive,False,,0,likely_non_responsive,,False,False,0,0,0,0,0,0,0.17,True,False,False,stage1_nr,False,,,0,False,,False,,0
CNG_Data2k/files/Q00897.01-0000766234.0001.DOCX,Q00897.01-0000766234.0001.DOCX,.docx,32059,ok,True,False,text,False,0,0,1,False,0,False,0-10,Health,False,Health-Related Information,False,,ambiguous,True,yes,4107,standard,,False,False,0,0,0,0,0,0,2.289,False,False,True,,True,clear_no,no,4154,False,likely_non_responsive,True,,8261
CNG_Data2k/files/Q00897.01-0000914602.PDF,Q00897.01-0000914602.PDF,.pdf,808522,ok,True,False,text,False,8,0,4,False,0,False,0-10,Name | Address | Email | Phone | Bank/Account Number | Money/Amount,True,Contact Information | Financial Account Information,False,,ambiguous,True,yes,5554,standard,"img_ocr:p3(1/1,+7chars)",False,False,0,1,1,1,0,1,7.373,False,False,True,,True,likely_no,no,5605,False,likely_non_responsive,True,,11159
CNG_Data2k/files/Q00897.01-0000695692.0002.DOCX,Q00897.01-0000695692.0002.DOCX,.docx,351642,ok,True,False,text,False,0,0,4,False,0,False,0-10,Name | Email | Phone,True,Contact Information,False,,ambiguous,True,yes,3798,standard,,False,False,0,0,0,0,0,0,2.404,False,False,True,,True,borderline,no,3883,False,likely_non_responsive,True,,7681
CNG_Data2k/files/Q00897.01-0000010342.PDF,Q00897.01-0000010342.PDF,.pdf,343593,ok,True,True,text,True,1,0,4,False,1,False,0-10,Name | Email | Money/Amount | Work-Related,True,Contact Information | Financial Account Information | Work-Related Information,False,,ambiguous,True,yes,7259,standard,bde_llm_count,True,True,1,0,0,0,0,1,10.961,False,False,True,,True,clear_yes,yes,4096,False,standard,False,,11355
CNG_Data2k/files/Q00897.01-0000839756.0002.DOCX,Q00897.01-0000839756.0002.DOCX,.docx,40007,ok,True,False,text,False,0,0,0,False,0,False,0-10,,False,,False,,clear_non_responsive,False,,0,likely_non_responsive,,False,False,0,0,0,0,0,0,0.079,True,False,False,stage1_nr,False,,,0,False,,False,,0
CNG_Data2k/files/Q00897.01-0000274663.PDF,Q00897.01-0000274663.PDF,.pdf,906959,ok,True,True,text,True,3,0,33,False,1,False,20-50,Name | Address | Phone | Card/Transaction | Money/Amount | Demographic,True,Contact Information | Financial Account Information | Demographic Information,False,,ambiguous,True,yes,11572,standard,bde_llm_count,True,True,3,0,0,0,0,1,14.781,False,False,True,,True,clear_yes,yes,6228,False,standard,False,,17800
CNG_Data2k/files/Q00897.01-0000305250.CSV,Q00897.01-0000305250.CSV,.csv,375047,ok,True,True,text,True,0,0,1544,False,0,False,100+,,False,,False,,ambiguous,True,no,15219,likely_non_responsive,roster_by_rowcount bde_llm_count,False,False,0,0,0,0,0,0,2.225,True,False,False,stage1_nr,False,,,0,False,,False,,15219
CNG_Data2k/files/Q00897.01-0000017178.XLSX,Q00897.01-0000017178.XLSX,.xlsx,193513,ok,True,True,text,True,3,0,263,False,263,True,100+,Name | Money/Amount,False,Financial Account Information,True,,ambiguous,True,yes,12567,structured_bde,bde_llm_count_roster,False,False,0,0,0,0,0,0,4.364,False,True,True,,True,clear_yes,yes,6770,True,structured_bde,False,,19337
CNG_Data2k\files\Q00897.01-0000856845.XLS,Q00897.01-0000856845.XLS,.xls,77864,ok,True,True,text,True,2,0,59,False,59,True,50-100,Name | Money/Amount,False,Financial Account Information,True,,ambiguous,True,yes,5731,structured_bde,bde_llm_count_roster,False,False,0,0,0,0,0,0,6.562,False,True,True,,True,clear_yes,yes,3533,True,structured_bde,False,,9264
CNG_Data2k/files/Q00897.01-0000831618.0001.PDF,Q00897.01-0000831618.0001.PDF,.pdf,59367,ok,True,False,text,False,20,0,1,False,0,False,0-10,Address | Phone | Card/Transaction | Money/Amount,True,Contact Information | Financial Account Information,False,,ambiguous,True,no,15811,likely_non_responsive,,False,False,0,0,0,0,0,0,1.598,True,False,False,stage1_nr,False,,,0,False,,False,,15811
CNG_Data2k/files/Q00897.01-0000823706.MSG,Q00897.01-0000823706.MSG,.msg,225792,ok,True,False,text,False,0,1,7,False,7,False,0-10,Name | Address | Email | Phone | Money/Amount,True,Contact Information | Financial Account Information,False,,ambiguous,True,yes,13673,standard,bde_llm_count,False,False,0,0,0,0,0,0,64.941,False,False,True,,True,likely_no,no,7272,False,likely_non_responsive,True,,20945
CNG_Data2k/files/Q00897.01-0000566478.0001.PDF,Q00897.01-0000566478.0001.PDF,.pdf,20964,ok,True,False,text,False,1,0,0,False,0,False,0-10,,False,,False,,clear_non_responsive,False,,0,likely_non_responsive,,False,False,0,0,0,0,0,0,0.019,True,False,False,stage1_nr,False,,,0,False,,False,,0
CNG_Data2k/files/Q00897.01-0000021579.PDF,Q00897.01-0000021579.PDF,.pdf,23847,ok,True,False,text,False,1,0,4,False,0,False,0-10,Name | Phone,True,Contact Information,False,,ambiguous,True,yes,4068,standard,,False,False,0,0,0,0,0,0,2.582,False,False,True,,True,clear_yes,yes,4111,False,standard,False,,8179
CNG_Data2k/files/Q00897.01-0000000125.PDF,Q00897.01-0000000125.PDF,.pdf,1310249,ok,True,False,text,False,6,0,3,False,0,False,0-10,Name | Address | SSN | Date of Birth,True,Contact Information | Government-Issued Identification | Birth Information,False,,clear_responsive,False,,0,standard,,True,True,6,0,0,0,0,1,10.78,False,False,True,,True,clear_yes,yes,4984,False,standard,False,,4984
CNG_Data2k/files/Q00897.01-0000396189.MSG,Q00897.01-0000396189.MSG,.msg,457216,ok,True,False,text,False,0,0,2,False,0,False,0-10,Name | Address | Email | Phone | Money/Amount,True,Contact Information | Financial Account Information,False,,ambiguous,True,no,5226,likely_non_responsive,,False,False,0,0,0,0,0,0,1.644,True,False,False,stage1_nr,False,,,0,False,,False,,5226
CNG_Data2k/files/Q00897.01-0000759763.MSG,Q00897.01-0000759763.MSG,.msg,107008,ok,True,False,text,False,0,0,1,False,0,False,0-10,Money/Amount | Health | Demographic | Work-Related,False,Financial Account Information | Health-Related Information | Demographic Information | Work-Related Information,False,,ambiguous,True,no,6914,likely_non_responsive,,False,False,0,0,0,0,0,0,3.029,True,False,False,stage1_nr,False,,,0,False,,False,,6914
CNG_Data2k/files/Q00897.01-0000655766.0001.PDF,Q00897.01-0000655766.0001.PDF,.pdf,513649,ok,True,False,text,False,16,0,14,False,14,False,10-20,Name | Address | Phone | Card Expiry/CVV | Money/Amount,True,Contact Information | Financial Account Information,False,,ambiguous,True,yes,21101,standard,"img_ocr:p1,p2,p4,p4,p6,p6,p7,p9,p9,p9,p9,p11,p11,p12,p15,p15(16/17,+2315chars) bde_llm_count",False,False,0,17,17,16,0,17,77.143,False,False,True,,True,clear_no,no,11002,False,likely_non_responsive,True,,32103
CNG_Data2k/files/Q00897.01-0000753745.MSG,Q00897.01-0000753745.MSG,.msg,80896,ok,True,False,text,False,0,0,2,False,0,False,0-10,Name | Address | Email | Phone | Money/Amount | Health,True,Contact Information | Financial Account Information | Health-Related Information,False,,ambiguous,True,no,4610,likely_non_responsive,,False,False,0,0,0,0,0,0,1.613,True,False,False,stage1_nr,False,,,0,False,,False,,4610
CNG_Data2k/files/Q00897.01-0000518955.0001.XLSX,Q00897.01-0000518955.0001.XLSX,.xlsx,186935,ok,True,True,text,True,1,0,553,False,0,False,100+,Phone | Money/Amount,True,Contact Information | Financial Account Information,False,,ambiguous,True,no,19599,likely_non_responsive,bde_llm_count,False,False,0,0,0,0,0,0,3.474,True,False,False,stage1_nr,False,,,0,False,,False,,19599
CNG_Data2k/files/Q00897.01-0000447437.MSG,Q00897.01-0000447437.MSG,.msg,152626176,ok,True,False,text,False,0,45,1,False,0,False,0-10,Name | Address | Email | Phone | Money/Amount | Health,True,Contact Information | Financial Account Information | Health-Related Information,False,,ambiguous,True,yes,4300,standard,,False,False,0,0,0,0,0,0,5.595,False,False,True,,True,likely_no,no,4358,False,likely_non_responsive,True,,8658
CNG_Data2k/files/Q00897.01-0000885073.PDF,Q00897.01-0000885073.PDF,.pdf,360185,ok,True,False,text,False,82,0,30,False,0,False,20-50,Phone | Card/Transaction | Money/Amount,True,Contact Information | Financial Account Information,False,,ambiguous,True,no,27242,likely_non_responsive,bde_llm_count,False,False,0,0,0,0,0,0,64.498,True,False,False,stage1_nr,False,,,0,False,,False,,27242
CNG_Data2k/files/Q00897.01-0000642556.MSG,Q00897.01-0000642556.MSG,.msg,21504,ok,True,False,text,False,0,0,0,False,0,False,0-10,,False,,False,,clear_non_responsive,False,,0,likely_non_responsive,,False,False,0,0,0,0,0,0,0.018,True,False,False,stage1_nr,False,,,0,False,,False,,0
CNG_Data2k/files/Q00897.01-0000274703.PDF,Q00897.01-0000274703.PDF,.pdf,362065,ok,True,False,text,False,4,0,2,False,0,False,0-10,Name | Address | Phone | Account Balance | Money/Amount,True,Contact Information | Financial Account Information,False,,ambiguous,True,yes,5092,standard,"img_ocr:p1,p3,p4(3/3,+51chars)",False,False,0,3,3,3,0,3,16.736,False,False,True,,True,clear_yes,yes,5126,False,standard,False,,10218
CNG_Data2k/files/Q00897.01-0000279612.PDF,Q00897.01-0000279612.PDF,.pdf,224992,ok,True,True,text,True,1,0,3,False,1,False,0-10,Name | Address | Phone | Date of Birth | Health,True,Contact Information | Birth Information | Health-Related Information,False,,ambiguous,True,yes,7056,standard,bde_llm_count,True,True,1,0,0,0,0,1,7.764,False,False,True,,True,clear_yes,yes,4010,False,standard,False,,11066
CNG_Data2k/files/Q00897.01-0000713800.MSG,Q00897.01-0000713800.MSG,.msg,142848,ok,True,False,text,False,0,0,6,False,0,False,0-10,Name | Address | Email | Phone,True,Contact Information,False,,ambiguous,True,yes,4564,standard,,False,False,0,0,0,0,0,0,3.07,False,False,True,,True,clear_yes,yes,4649,False,standard,False,,9213
CNG_Data2k/files/Q00897.01-0000523806.0001.PDF,Q00897.01-0000523806.0001.PDF,.pdf,23221,ok,True,False,text,False,2,0,1,False,0,False,0-10,Phone,True,Contact Information,False,,ambiguous,True,no,3853,likely_non_responsive,,False,False,0,0,0,0,0,0,1.161,True,False,False,stage1_nr,False,,,0,False,,False,,3853
CNG_Data2k/files/Q00897.01-0000721809.MSG,Q00897.01-0000721809.MSG,.msg,93184,ok,True,False,text,False,0,0,1,False,0,False,0-10,Name | Email,True,Contact Information,False,,ambiguous,True,no,3823,likely_non_responsive,,False,False,0,0,0,0,0,0,1.002,True,False,False,stage1_nr,False,,,0,False,,False,,3823
CNG_Data2k/files/Q00897.01-0000887189.PDF,Q00897.01-0000887189.PDF,.pdf,185296,ok,True,False,text,False,1,0,2,False,0,False,0-10,Name | Address | Money/Amount,True,Contact Information | Financial Account Information,False,,ambiguous,True,no,3935,likely_non_responsive,,False,False,0,0,0,0,0,0,1.53,True,False,False,stage1_nr,False,,,0,False,,False,,3935
CNG_Data2k/files/Q00897.01-0000247021.PDF,Q00897.01-0000247021.PDF,.pdf,142136,ok,True,True,text,True,1,0,17,False,0,False,10-20,Name | Bank/Account Number | Money/Amount,True,Financial Account Information,False,,ambiguous,True,no,6970,likely_non_responsive,bde_llm_count,True,True,1,0,0,0,0,1,6.108,True,False,False,stage1_nr,False,,,0,False,,False,,6970
CNG_Data2k/files/Q00897.01-0000543199.0001.PDF,Q00897.01-0000543199.0001.PDF,.pdf,22569,ok,True,False,text,False,1,0,1,False,0,False,0-10,Money/Amount,False,Financial Account Information,False,,clear_non_responsive,False,,0,likely_non_responsive,,False,False,0,0,0,0,0,0,0.019,True,False,False,stage1_nr,False,,,0,False,,False,,0
CNG_Data2k/files/Q00897.01-0000890780.PDF,Q00897.01-0000890780.PDF,.pdf,918366,ok,True,False,text,False,126,0,134,False,134,True,100+,Address | Phone | SSN | Money/Amount | Work-Related,True,Contact Information | Government-Issued Identification | Financial Account Information | Work-Related Information,True,,clear_responsive,False,,13068,bde,bde_llm_count_roster,False,False,0,0,0,0,0,0,20.429,False,True,True,,True,clear_yes,yes,14201,True,bde,False,,27269
CNG_Data2k/files/Q00897.01-0000006269.PDF,Q00897.01-0000006269.PDF,.pdf,128463,ok,True,False,text,False,1,0,3,False,0,False,0-10,Name | Phone | SSN,True,Contact Information | Government-Issued Identification,False,,clear_responsive,False,,0,standard,,False,False,0,0,0,0,0,0,2.922,False,False,True,,True,clear_yes,yes,4164,False,standard,False,,4164
CNG_Data2k/files/Q00897.01-0000307404.MSG,Q00897.01-0000307404.MSG,.msg,146432,ok,True,False,text,False,0,2,8,False,6,False,0-10,Name | Address | Email | Phone | Card/Transaction | Money/Amount,True,Contact Information | Financial Account Information,False,,ambiguous,True,yes,13922,standard,bde_llm_count,False,False,0,0,0,0,0,0,5.216,False,False,True,,True,likely_no,no,7451,False,likely_non_responsive,True,,21373
CNG_Data2k/files/Q00897.01-0000465969.0001.DOCX,Q00897.01-0000465969.0001.DOCX,.docx,364387,ok,True,False,text,False,0,0,0,False,0,False,0-10,,False,,False,,clear_non_responsive,False,,0,likely_non_responsive,,False,False,0,0,0,0,0,0,0.075,True,False,False,stage1_nr,False,,,0,False,,False,,0
CNG_Data2k\files\Q00897.01-0000006439.XLS,Q00897.01-0000006439.XLS,.xls,26777,ok,True,True,text,True,3,0,76,False,26,True,50-100,Name | Money/Amount | Work-Related,False,Financial Account Information | Work-Related Information,True,,ambiguous,True,yes,10436,structured_bde,roster_by_rowcount bde_llm_count_roster,False,False,0,0,0,0,0,0,7.468,False,True,True,,True,clear_yes,yes,5906,True,structured_bde,False,,16342
CNG_Data2k/files/Q00897.01-0000767219.MSG,Q00897.01-0000767219.MSG,.msg,407552,ok,True,False,text,False,0,2,4,False,0,False,0-10,Name | Address | Email | Phone | Bank/Account Number | Card/Transaction,True,Contact Information | Financial Account Information,False,,ambiguous,True,yes,5266,standard,,False,False,0,0,0,0,0,0,3.043,False,False,True,,True,likely_no,no,5324,False,likely_non_responsive,True,,10590
CNG_Data2k/files/Q00897.01-0000849751.0002.PDF,Q00897.01-0000849751.0002.PDF,.pdf,384999,ok,True,True,text,True,3,0,15,False,3,False,10-20,Name | Money/Amount,True,Financial Account Information,False,,ambiguous,True,no,9633,likely_non_responsive,bde_llm_count,True,True,3,0,0,0,0,1,7.495,True,False,False,stage1_nr,False,,,0,False,,False,,9633
CNG_Data2k/files/Q00897.01-0000841734.0004.PDF,Q00897.01-0000841734.0004.PDF,.pdf,51479,ok,True,False,text,False,2,0,1,False,0,False,0-10,Card/Transaction | Money/Amount | Work-Related,False,Financial Account Information | Work-Related Information,False,,ambiguous,True,no,8726,likely_non_responsive,,False,False,0,0,0,0,0,0,2.425,True,False,False,stage1_nr,False,,,0,False,,False,,8726
CNG_Data2k/files/Q00897.01-0000695889.MSG,Q00897.01-0000695889.MSG,.msg,176128,ok,True,False,text,False,0,0,2,False,0,False,0-10,Address | Email | Phone,True,Contact Information,False,,ambiguous,True,no,4001,likely_non_responsive,,False,False,0,0,0,0,0,0,2.004,True,False,False,stage1_nr,False,,,0,False,,False,,4001
CNG_Data2k/files/Q00897.01-0000661861.0001.PDF,Q00897.01-0000661861.0001.PDF,.pdf,948106,ok,True,False,text,False,4,0,3,False,0,False,0-10,Name | Address | Email | Health,True,Contact Information | Health-Related Information,False,,ambiguous,True,no,5646,likely_non_responsive,,True,True,4,0,0,0,0,1,6.468,True,False,False,stage1_nr,False,,,0,False,,False,,5646
CNG_Data2k/files/Q00897.01-0000775303.0007.PDF,Q00897.01-0000775303.0007.PDF,.pdf,189060,ok,True,True,text,True,4,0,148,False,2,False,100+,Name | Money/Amount,False,Financial Account Information,False,,ambiguous,True,no,13643,likely_non_responsive,bde_llm_count,True,True,4,0,0,0,0,1,9.281,True,False,False,stage1_nr,False,,,0,False,,False,,13643
CNG_Data2k/files/Q00897.01-0000895903.PDF,Q00897.01-0000895903.PDF,.pdf,63425,ok,True,False,text,False,13,0,3,False,0,False,0-10,Name | Address | Phone | Money/Amount | Work-Related,True,Contact Information | Financial Account Information | Work-Related Information,False,,ambiguous,True,yes,14056,standard,,False,False,0,0,0,0,0,0,4.311,False,False,True,,True,clear_yes,yes,14087,False,standard,False,,28143
CNG_Data2k/files/Q00897.01-0000804444.0004.DOCX,Q00897.01-0000804444.0004.DOCX,.docx,42222,ok,True,False,text,False,0,0,0,False,0,False,0-10,,False,,False,,clear_non_responsive,False,,0,likely_non_responsive,,False,False,0,0,0,0,0,0,0.343,True,False,False,stage1_nr,False,,,0,False,,False,,0
CNG_Data2k/files/Q00897.01-0000871135.PDF,Q00897.01-0000871135.PDF,.pdf,2105550,ok,True,True,text,True,5,0,5,False,2,False,0-10,Name | Address | Email | Phone | Money/Amount,True,Contact Information | Financial Account Information,False,,ambiguous,True,yes,12555,standard,bde_llm_count,True,True,5,0,0,0,0,1,10.424,False,False,True,,True,likely_yes,yes,6735,False,standard,False,,19290
CNG_Data2k/files/Q00897.01-0000913099.PDF,Q00897.01-0000913099.PDF,.pdf,60974,ok,True,False,text,False,2,0,3,False,0,False,0-10,Phone | SSN | Money/Amount,True,Contact Information | Government-Issued Identification | Financial Account Information,False,,clear_responsive,False,,0,standard,,True,True,2,0,0,0,0,1,6.47,False,False,True,,True,clear_yes,yes,4766,False,standard,False,,4766
CNG_Data2k/files/Q00897.01-0000250477.XLSX,Q00897.01-0000250477.XLSX,.xlsx,11298,ok,True,True,text,True,1,0,16,False,0,False,10-20,Phone | Money/Amount,True,Contact Information | Financial Account Information,False,,ambiguous,True,no,9193,likely_non_responsive,bde_llm_count,False,False,0,0,0,0,0,0,2.796,True,False,False,stage1_nr,False,,,0,False,,False,,9193
CNG_Data2k/files/Q00897.01-0000754110.MSG,Q00897.01-0000754110.MSG,.msg,118272,ok,True,False,text,False,0,0,1,False,0,False,0-10,Address | Money/Amount,True,Contact Information | Financial Account Information,False,,ambiguous,True,no,4370,likely_non_responsive,,False,False,0,0,0,0,0,0,3.171,True,False,False,stage1_nr,False,,,0,False,,False,,4370
CNG_Data2k/files/Q00897.01-0000909722.PDF,Q00897.01-0000909722.PDF,.pdf,34882,ok,True,False,text,False,3,0,30,False,30,False,20-50,Name | Address | Phone | Money/Amount,True,Contact Information | Financial Account Information,False,,ambiguous,True,yes,14967,standard,bde_llm_count_roster,False,False,0,0,0,0,0,0,13.105,False,False,True,,True,clear_yes,yes,7995,False,standard,False,,22962
CNG_Data2k/files/Q00897.01-0000653427.0001.PDF,Q00897.01-0000653427.0001.PDF,.pdf,2911,ok,True,False,text,False,1,0,1,False,0,False,0-10,Address | Money/Amount,True,Contact Information | Financial Account Information,False,,ambiguous,True,no,3941,likely_non_responsive,,False,False,0,0,0,0,0,0,0.947,True,False,False,stage1_nr,False,,,0,False,,False,,3941
CNG_Data2k/files/Q00897.01-0000842884.MSG,Q00897.01-0000842884.MSG,.msg,235008,ok,True,False,text,False,0,2,2,False,0,False,0-10,Name | Address | Email | Phone,True,Contact Information,False,,ambiguous,True,yes,4158,standard,,False,False,0,0,0,0,0,0,3.346,False,False,True,,True,likely_yes,yes,4194,False,standard,False,,8352
CNG_Data2k/files/Q00897.01-0000684483.MSG,Q00897.01-0000684483.MSG,.msg,131584,ok,True,False,text,False,0,0,1,False,0,False,0-10,Name | Address,True,Contact Information,False,,ambiguous,True,no,4079,likely_non_responsive,,False,False,0,0,0,0,0,0,59.735,True,False,False,stage1_nr,False,,,0,False,,False,,4079
CNG_Data2k/files/Q00897.01-0000830090.0001.XLSX,Q00897.01-0000830090.0001.XLSX,.xlsx,29797,ok,True,True,text,True,2,0,87,False,87,True,50-100,,False,,True,,ambiguous,True,no,8348,structured_bde,roster_by_rowcount bde_llm_count_roster,False,False,0,0,0,0,0,0,64.924,False,True,True,,True,clear_no,no,4604,True,likely_non_responsive,True,,12952
CNG_Data2k/files/Q00897.01-0000100232.DOCX,Q00897.01-0000100232.DOCX,.docx,25335,ok,True,False,text,False,0,0,1,False,0,False,0-10,Money/Amount | Work-Related,False,Financial Account Information | Work-Related Information,False,,ambiguous,True,no,4054,likely_non_responsive,,False,False,0,0,0,0,0,0,1.203,True,False,False,stage1_nr,False,,,0,False,,False,,4054
CNG_Data2k\files\Q00897.01-0000881802.XLS,Q00897.01-0000881802.XLS,.xls,21001,ok,True,True,text,True,1,0,113,False,0,False,100+,Money/Amount,False,Financial Account Information,False,,ambiguous,True,no,9035,likely_non_responsive,roster_by_rowcount bde_llm_count,False,False,0,0,0,0,0,0,2.461,True,False,False,stage1_nr,False,,,0,False,,False,,9035
CNG_Data2k/files/Q00897.01-0000251557.XLSX,Q00897.01-0000251557.XLSX,.xlsx,70317,ok,True,True,text,True,2,0,55,False,0,False,50-100,Name | Address | Phone | Money/Amount,True,Contact Information | Financial Account Information,False,,ambiguous,True,no,8573,likely_non_responsive,roster_by_rowcount bde_llm_count,False,False,0,0,0,0,0,0,3.093,True,False,False,stage1_nr,False,,,0,False,,False,,8573
CNG_Data2k/files/Q00897.01-0000288730.XLSX,Q00897.01-0000288730.XLSX,.xlsx,644176,ok,True,True,text,True,1,0,77,False,0,False,50-100,Name | Bank/Account Number | Money/Amount,True,Financial Account Information,False,,ambiguous,True,yes,8318,standard,roster_by_rowcount bde_llm_count,False,False,0,0,0,0,0,0,3.392,False,False,True,,True,likely_yes,yes,4615,True,structured_bde,False,,12933
CNG_Data2k/files/Q00897.01-0000439069.MSG,Q00897.01-0000439069.MSG,.msg,117760,ok,True,False,text,False,0,0,4,False,0,False,0-10,Name | Email | Health,True,Contact Information | Health-Related Information,False,,ambiguous,True,no,4152,likely_non_responsive,,False,False,0,0,0,0,0,0,1.673,True,False,False,stage1_nr,False,,,0,False,,False,,4152
CNG_Data2k/files/Q00897.01-0000018440.XLSX,Q00897.01-0000018440.XLSX,.xlsx,27681,ok,True,True,text,True,3,0,165,False,165,True,100+,Name | Phone | Money/Amount | Work-Related,True,Contact Information | Financial Account Information | Work-Related Information,True,,ambiguous,True,yes,8017,structured_bde,roster_by_rowcount bde_llm_count_roster,False,False,0,0,0,0,0,0,7.735,False,True,True,,True,clear_yes,yes,4480,True,structured_bde,False,,12497
CNG_Data2k/files/Q00897.01-0000601573.0001.XLSX,Q00897.01-0000601573.0001.XLSX,.xlsx,35756,ok,True,True,text,True,1,0,272,False,0,False,100+,Phone | Money/Amount,True,Contact Information | Financial Account Information,False,,ambiguous,True,no,12006,likely_non_responsive,roster_by_rowcount bde_llm_count,False,False,0,0,0,0,0,0,4.966,True,False,False,stage1_nr,False,,,0,False,,False,,12006
CNG_Data2k/files/Q00897.01-0000662842.MSG,Q00897.01-0000662842.MSG,.msg,216576,ok,True,False,text,False,0,4,10,False,6,False,0-10,Name | Address | Email | Phone | Bank/Account Number | Card/Transaction | Money/Amount,True,Contact Information | Financial Account Information,False,,ambiguous,True,yes,13339,standard,bde_llm_count,False,False,0,0,0,0,0,0,5.207,False,False,True,,True,likely_no,no,7121,False,likely_non_responsive,True,,20460
CNG_Data2k/files/Q00897.01-0000687805.MSG,Q00897.01-0000687805.MSG,.msg,220160,ok,True,False,text,False,0,0,2,False,0,False,0-10,Address | Email | Phone | Credentials,True,Contact Information | Access Credentials,False,,ambiguous,True,no,4059,likely_non_responsive,,False,False,0,0,0,0,0,0,1.615,True,False,False,stage1_nr,False,,,0,False,,False,,4059
CNG_Data2k/files/Q00897.01-0000883362.DOCX,Q00897.01-0000883362.DOCX,.docx,96484,ok,True,False,text,False,0,0,3,False,0,False,0-10,Name | Email,True,Contact Information,False,,ambiguous,True,no,4094,likely_non_responsive,,False,False,0,0,0,0,0,0,1.117,True,False,False,stage1_nr,False,,,0,False,,False,,4094
CNG_Data2k/files/Q00897.01-0000459100.MSG,Q00897.01-0000459100.MSG,.msg,117760,ok,True,False,text,False,0,0,9,False,0,False,0-10,Name | Address | Email | Phone | Money/Amount,True,Contact Information | Financial Account Information,False,,ambiguous,True,no,9577,likely_non_responsive,bde_llm_count,False,False,0,0,0,0,0,0,3.539,True,False,False,stage1_nr,False,,,0,False,,False,,9577
CNG_Data2k/files/Q00897.01-0000178704.PDF,Q00897.01-0000178704.PDF,.pdf,631573,ok,True,True,text,True,1,0,19,False,1,False,10-20,Name | Phone | Bank/Account Number | Money/Amount,True,Contact Information | Financial Account Information,False,,ambiguous,True,yes,8106,standard,bde_llm_count,True,True,1,0,0,0,0,1,8.107,False,False,True,,True,borderline,no,4554,False,likely_non_responsive,True,,12660
CNG_Data2k/files/Q00897.01-0000561141.MSG,Q00897.01-0000561141.MSG,.msg,240640,ok,True,False,text,False,0,0,1,False,0,False,0-10,Phone,True,Contact Information,False,,ambiguous,True,no,4479,likely_non_responsive,,False,False,0,0,0,0,0,0,2.615,True,False,False,stage1_nr,False,,,0,False,,False,,4479
CNG_Data2k/files/Q00897.01-0000652697.0001.0003.PDF,Q00897.01-0000652697.0001.0003.PDF,.pdf,42969,ok,True,False,text,False,1,0,2,False,0,False,0-10,Address | Email | Phone | Money/Amount,True,Contact Information | Financial Account Information,False,,ambiguous,True,no,3964,likely_non_responsive,"img_ocr:p1(1/1,+19chars)",False,False,0,1,1,1,0,1,5.17,True,False,False,stage1_nr,False,,,0,False,,False,,3964
CNG_Data2k/files/Q00897.01-0000913455.PDF,Q00897.01-0000913455.PDF,.pdf,166988,ok,True,True,text,True,4,0,48,False,5,False,20-50,Name | Address | SSN | Money/Amount,True,Contact Information | Government-Issued Identification | Financial Account Information,False,,clear_responsive,False,,4820,standard,bde_llm_count_roster,True,True,4,0,0,0,0,1,8.029,False,False,True,,True,clear_yes,yes,5707,False,standard,False,,10527
CNG_Data2k/files/Q00897.01-0000122040.XLSX,Q00897.01-0000122040.XLSX,.xlsx,13862,ok,True,True,text,True,1,0,38,False,38,False,20-50,Name | Work-Related,False,Work-Related Information,False,,ambiguous,True,yes,11252,standard,bde_llm_count_roster,False,False,0,0,0,0,0,0,6.716,False,False,True,,True,clear_yes,yes,6183,False,standard,False,,17435
CNG_Data2k/files/Q00897.01-0000654447.MSG,Q00897.01-0000654447.MSG,.msg,189440,ok,True,False,text,False,0,2,4,False,0,False,0-10,Name | Address | Email | Phone | Card/Transaction | Money/Amount,True,Contact Information | Financial Account Information,False,,ambiguous,True,yes,4550,standard,,False,False,0,0,0,0,0,0,2.829,False,False,True,,True,likely_no,no,4605,False,likely_non_responsive,True,,9155
CNG_Data2k/files/Q00897.01-0000705351.MSG,Q00897.01-0000705351.MSG,.msg,181760,ok,True,False,text,False,0,0,1,False,0,False,0-10,Name | Address | Email | Money/Amount,True,Contact Information | Financial Account Information,False,,ambiguous,True,yes,4245,standard,,False,False,0,0,0,0,0,0,3.52,False,False,True,,True,clear_yes,yes,4321,False,standard,False,,8566
CNG_Data2k/files/Q00897.01-0000686257.MSG,Q00897.01-0000686257.MSG,.msg,88576,ok,True,False,text,False,0,0,4,False,0,False,0-10,Name | Address | Email | Phone,True,Contact Information,False,,ambiguous,True,yes,4656,standard,,False,False,0,0,0,0,0,0,61.368,False,False,True,,True,clear_yes,yes,4814,False,standard,False,,9470
CNG_Data2k/files/Q00897.01-0000864111.PDF,Q00897.01-0000864111.PDF,.pdf,8989,ok,True,False,text,False,2,0,2,False,0,False,0-10,Name | Address | Money/Amount,True,Contact Information | Financial Account Information,False,,ambiguous,True,no,4249,likely_non_responsive,,False,False,0,0,0,0,0,0,1.028,True,False,False,stage1_nr,False,,,0,False,,False,,4249
CNG_Data2k/files/Q00897.01-0000810794.0001.DOCX,Q00897.01-0000810794.0001.DOCX,.docx,32120,ok,True,False,text,False,0,0,1,False,0,False,0-10,Name | Address | Card Expiry/CVV,True,Contact Information | Financial Account Information,False,,ambiguous,True,no,6398,likely_non_responsive,,False,False,0,0,0,0,0,0,1.118,True,False,False,stage1_nr,False,,,0,False,,False,,6398
CNG_Data2k/files/Q00897.01-0000474110.0001.PDF,Q00897.01-0000474110.0001.PDF,.pdf,192276,ok,True,False,text,False,4,0,6,False,0,False,0-10,Name | Address | Money/Amount,True,Contact Information | Financial Account Information,False,,ambiguous,True,yes,6495,standard,,True,True,4,0,0,0,0,1,8.627,False,False,True,,True,clear_yes,yes,6526,False,standard,False,,13021
CNG_Data2k/files/Q00897.01-0000725830.MSG,Q00897.01-0000725830.MSG,.msg,206848,ok,True,False,text,False,0,0,2,False,0,False,0-10,Address | Phone,True,Contact Information,False,,ambiguous,True,no,4790,likely_non_responsive,,False,False,0,0,0,0,0,0,1.719,True,False,False,stage1_nr,False,,,0,False,,False,,4790
CNG_Data2k/files/Q00897.01-0000457014.MSG,Q00897.01-0000457014.MSG,.msg,368128,ok,True,False,text,False,0,0,2,False,0,False,0-10,Name | Address | Money/Amount,True,Contact Information | Financial Account Information,False,,ambiguous,True,no,6580,likely_non_responsive,,False,False,0,0,0,0,0,0,3.991,True,False,False,stage1_nr,False,,,0,False,,False,,6580
CNG_Data2k/files/Q00897.01-0000833872.0001.PDF,Q00897.01-0000833872.0001.PDF,.pdf,1334944,ok,True,True,text,True,7,0,19,False,4,False,10-20,Name | Address | Card Expiry/CVV | Money/Amount | Work-Related,True,Contact Information | Financial Account Information | Work-Related Information,False,,ambiguous,True,yes,11741,standard,bde_llm_count,True,True,7,0,0,0,0,1,11.056,False,False,True,,True,likely_no,no,6314,False,likely_non_responsive,True,,18055
CNG_Data2k/files/Q00897.01-0000888008.PDF,Q00897.01-0000888008.PDF,.pdf,19877,ok,True,True,text,True,2,0,49,False,1,False,20-50,Name | Address | Phone | Money/Amount | Work-Related,True,Contact Information | Financial Account Information | Work-Related Information,False,,ambiguous,True,yes,8390,standard,bde_llm_count,True,True,2,0,0,0,0,1,8.171,False,False,True,,True,clear_yes,yes,4651,False,standard,False,,13041
CNG_Data2k/files/Q00897.01-0000432017.0002.PDF,Q00897.01-0000432017.0002.PDF,.pdf,91819,ok,True,False,text,False,1,0,3,False,0,False,0-10,Name | Address | Phone | Bank/Account Number | Money/Amount,True,Contact Information | Financial Account Information,False,,ambiguous,True,yes,4319,standard,,True,True,1,0,0,0,0,1,7.335,False,False,True,,True,likely_no,no,4386,False,likely_non_responsive,True,,8705
CNG_Data2k/files/Q00897.01-0000861920.0012.PDF,Q00897.01-0000861920.0012.PDF,.pdf,1151138,ok,True,False,text,False,28,0,62,False,0,False,50-100,Name | Address | Email | Phone | Card/Transaction | Money/Amount | Health | Work-Related,True,Contact Information | Financial Account Information | Health-Related Information | Work-Related Information,False,,ambiguous,True,no,18076,likely_non_responsive,"img_ocr:p14(1/1,+26chars) bde_llm_count",False,False,0,1,1,1,0,1,7.629,True,False,False,stage1_nr,False,,,0,False,,False,,18076
CNG_Data2k/files/Q00897.01-0000744013.MSG,Q00897.01-0000744013.MSG,.msg,495616,ok,True,False,text,False,0,0,9,False,0,False,0-10,Name | Address | Email | Phone | Money/Amount | Work-Related,True,Contact Information | Financial Account Information | Work-Related Information,False,,ambiguous,True,no,17149,likely_non_responsive,bde_llm_count,False,False,0,0,0,0,0,0,6.185,True,False,False,stage1_nr,False,,,0,False,,False,,17149
CNG_Data2k/files/Q00897.01-0000375571.MSG,Q00897.01-0000375571.MSG,.msg,172032,ok,True,False,text,False,0,0,1,False,0,False,0-10,Address | Money/Amount,True,Contact Information | Financial Account Information,False,,ambiguous,True,no,3937,likely_non_responsive,,False,False,0,0,0,0,0,0,1.804,True,False,False,stage1_nr,False,,,0,False,,False,,3937
CNG_Data2k/files/Q00897.01-0000611573.0001.PPTX,Q00897.01-0000611573.0001.PPTX,.pptx,1677469,ok,True,False,text,False,3,0,1,False,0,False,0-10,Money/Amount | Health,False,Financial Account Information | Health-Related Information,False,,ambiguous,True,no,4211,likely_non_responsive,,False,False,0,0,0,0,0,0,0.997,True,False,False,stage1_nr,False,,,0,False,,False,,4211
CNG_Data2k/files/Q00897.01-0000864970.XLSX,Q00897.01-0000864970.XLSX,.xlsx,114822,ok,True,True,text,True,5,0,1291,False,1,False,100+,Name | Money/Amount | Credentials,False,Financial Account Information | Access Credentials,False,,ambiguous,True,yes,10981,standard,roster_by_rowcount bde_llm_count,False,False,0,0,0,0,0,0,3.326,False,False,True,,True,likely_yes,yes,5980,True,structured_bde,False,,16961
CNG_Data2k/files/Q00897.01-0000702033.MSG,Q00897.01-0000702033.MSG,.msg,184320,ok,True,False,text,False,0,0,1,False,0,False,0-10,Name | Address | Email | Money/Amount,True,Contact Information | Financial Account Information,False,,ambiguous,True,yes,4258,standard,,False,False,0,0,0,0,0,0,3.414,False,False,True,,True,clear_yes,yes,4314,False,standard,False,,8572
CNG_Data2k/files/Q00897.01-0000004738.PDF,Q00897.01-0000004738.PDF,.pdf,68748,ok,True,True,text,True,1,0,1,False,1,False,0-10,Name,False,,False,,ambiguous,True,yes,6758,standard,bde_llm_count,True,True,1,0,0,0,0,1,19.527,False,False,True,,True,clear_yes,yes,3859,False,standard,False,,10617
CNG_Data2k/files/Q00897.01-0000838773.MSG,Q00897.01-0000838773.MSG,.msg,315392,ok,True,False,text,False,0,4,12,False,10,False,10-20,Name | Address | Email | Phone,True,Contact Information,False,,ambiguous,True,yes,19364,standard,bde_llm_count,False,False,0,0,0,0,0,0,7.965,False,False,True,,True,clear_yes,yes,10173,False,standard,False,,29537
CNG_Data2k/files/Q00897.01-0000000375.PDF,Q00897.01-0000000375.PDF,.pdf,238015,ok,True,False,text,False,3,0,3,False,0,False,0-10,Name | Money/Amount | Health,False,Financial Account Information | Health-Related Information,False,,ambiguous,True,yes,4782,standard,,False,False,0,0,0,0,0,0,6.374,False,False,True,,True,clear_yes,yes,4858,False,standard,False,,9640
CNG_Data2k/files/Q00897.01-0000655798.0003.PDF,Q00897.01-0000655798.0003.PDF,.pdf,58642,ok,True,False,text,False,4,0,1,False,0,False,0-10,Card/Transaction | Money/Amount,False,Financial Account Information,False,,ambiguous,True,no,6352,likely_non_responsive,,False,False,0,0,0,0,0,0,1.237,True,False,False,stage1_nr,False,,,0,False,,False,,6352
CNG_Data2k/files/Q00897.01-0000909364.PDF,Q00897.01-0000909364.PDF,.pdf,2826768,ok,True,False,text,False,575,0,482,False,482,True,100+,Name | Address | Phone | SSN | Money/Amount | Work-Related,True,Contact Information | Government-Issued Identification | Financial Account Information | Work-Related Information,True,,clear_responsive,False,,12827,bde,"img_ocr:p1,p1,p1,p1,p1,p6,p6,p9,p28,p29,p32,p33,p35(13/14,+397chars) bde_llm_count_roster",False,False,0,14,14,13,0,14,85.671,False,True,True,,True,clear_yes,yes,13873,True,bde,False,,26700
CNG_Data2k/files/Q00897.01-0000900054.PDF,Q00897.01-0000900054.PDF,.pdf,11422,ok,True,False,text,False,2,0,1,False,0,False,0-10,Money/Amount,False,Financial Account Information,False,,clear_non_responsive,False,,0,likely_non_responsive,,False,False,0,0,0,0,0,0,0.067,True,False,False,stage1_nr,False,,,0,False,,False,,0
CNG_Data2k/files/Q00897.01-0000846192.MSG,Q00897.01-0000846192.MSG,.msg,36864,ok,True,False,text,False,0,1,4,False,0,False,0-10,Name | Address | Email | Phone,True,Contact Information,False,,ambiguous,True,no,4051,likely_non_responsive,,False,False,0,0,0,0,0,0,1.543,True,False,False,stage1_nr,False,,,0,False,,False,,4051
CNG_Data2k\files\Q00897.01-0000803514.0001.DOC,Q00897.01-0000803514.0001.DOC,.doc,27159,ok,True,False,text,False,0,0,1,False,0,False,0-10,Address | Money/Amount | Demographic | Work-Related,True,Contact Information | Financial Account Information | Demographic Information | Work-Related Information,False,,ambiguous,True,no,4468,likely_non_responsive,,False,False,0,0,0,0,0,0,0.989,True,False,False,stage1_nr,False,,,0,False,,False,,4468
CNG_Data2k/files/Q00897.01-0000534434.0001.PDF,Q00897.01-0000534434.0001.PDF,.pdf,18926,ok,True,False,text,False,3,0,1,False,0,False,0-10,Money/Amount,False,Financial Account Information,False,,clear_non_responsive,False,,0,likely_non_responsive,,False,False,0,0,0,0,0,0,0.139,True,False,False,stage1_nr,False,,,0,False,,False,,0
CNG_Data2k/files/Q00897.01-0000523691.0001.PDF,Q00897.01-0000523691.0001.PDF,.pdf,23067,ok,True,False,text,False,2,0,1,False,0,False,0-10,Phone,True,Contact Information,False,,ambiguous,True,no,3852,likely_non_responsive,,False,False,0,0,0,0,0,0,1.406,True,False,False,stage1_nr,False,,,0,False,,False,,3852
CNG_Data2k/files/Q00897.01-0000134667.PDF,Q00897.01-0000134667.PDF,.pdf,514989,ok,True,True,text,True,3,0,30,False,0,False,20-50,Money/Amount,False,Financial Account Information,False,,ambiguous,True,no,8261,likely_non_responsive,bde_llm_count,True,True,3,0,0,0,0,1,8.477,True,False,False,stage1_nr,False,,,0,False,,False,,8261
CNG_Data2k/files/Q00897.01-0000001285.PDF,Q00897.01-0000001285.PDF,.pdf,422270,ok,True,False,text,False,2,0,4,False,0,False,0-10,Name | Email | Money/Amount | Work-Related,True,Contact Information | Financial Account Information | Work-Related Information,False,,ambiguous,True,yes,16932,standard,"img_ocr:p1(1/2,+15chars)",False,False,0,2,2,1,0,2,14.013,False,False,True,,True,clear_yes,yes,17034,False,standard,False,,33966
CNG_Data2k/files/Q00897.01-0000597664.0001.PPTX,Q00897.01-0000597664.0001.PPTX,.pptx,117176,ok,True,False,text,False,1,0,0,False,0,False,0-10,,False,,False,,clear_non_responsive,False,,0,likely_non_responsive,,False,False,0,0,0,0,0,0,0.076,True,False,False,stage1_nr,False,,,0,False,,False,,0
CNG_Data2k/files/Q00897.01-0000890119.PDF,Q00897.01-0000890119.PDF,.pdf,13462,ok,True,False,text,False,1,0,4,False,0,False,0-10,Name | Address,True,Contact Information,False,,ambiguous,True,yes,4605,standard,,False,False,0,0,0,0,0,0,3.73,False,False,True,,True,likely_yes,yes,4609,False,standard,False,,9214
CNG_Data2k/files/Q00897.01-0000854816.PDF,Q00897.01-0000854816.PDF,.pdf,122454,ok,True,False,text,False,2,0,1,False,0,False,0-10,Money/Amount,False,Financial Account Information,False,,clear_non_responsive,False,,0,likely_non_responsive,,False,False,0,0,0,0,0,0,0.066,True,False,False,stage1_nr,False,,,0,False,,False,,0
CNG_Data2k/files/Q00897.01-0000258312.PDF,Q00897.01-0000258312.PDF,.pdf,457528,ok,True,False,text,False,6,0,2,False,0,False,0-10,Name | Address | Bank/Account Number | Money/Amount,True,Contact Information | Financial Account Information,False,,ambiguous,True,yes,6134,standard,"img_ocr:p3(1/1,+301chars)",False,False,0,1,1,1,0,1,6.507,False,False,True,,True,likely_yes,yes,6183,False,standard,False,,12317
CNG_Data2k\files\Q00897.01-0000011833.XLS,Q00897.01-0000011833.XLS,.xls,71485,ok,True,True,text,True,2,0,1,False,1,False,0-10,Name | Address,True,Contact Information,False,,ambiguous,True,yes,3686,standard,bde_llm_count,False,False,0,0,0,0,0,0,4.118,False,False,True,,True,clear_yes,yes,2453,False,standard,False,,6139
CNG_Data2k/files/Q00897.01-0000913022.PDF,Q00897.01-0000913022.PDF,.pdf,203715,ok,True,False,text,False,4,0,2,False,0,False,0-10,Name,False,,False,,ambiguous,True,no,5392,likely_non_responsive,,True,True,4,0,0,0,0,1,6.115,True,False,False,stage1_nr,False,,,0,False,,False,,5392
CNG_Data2k/files/Q00897.01-0000119542.PDF,Q00897.01-0000119542.PDF,.pdf,324439,ok,True,False,text,False,10,0,18,False,1,False,10-20,Name | Address | Email | Phone | Health | Demographic | Work-Related,True,Contact Information | Health-Related Information | Demographic Information | Work-Related Information,False,,ambiguous,True,yes,16564,standard,bde_llm_count,False,False,0,0,0,0,0,0,4.075,False,False,True,,True,likely_no,no,8730,False,likely_non_responsive,True,,25294
CNG_Data2k\files\Q00897.01-0000807368.0001.DOC,Q00897.01-0000807368.0001.DOC,.doc,22849,ok,True,False,text,False,0,0,1,False,0,False,0-10,Name | Address | Health | Work-Related,True,Contact Information | Health-Related Information | Work-Related Information,False,,ambiguous,True,no,4010,likely_non_responsive,,False,False,0,0,0,0,0,0,1.379,True,False,False,stage1_nr,False,,,0,False,,False,,4010
CNG_Data2k/files/Q00897.01-0000612023.0002.DOCX,Q00897.01-0000612023.0002.DOCX,.docx,36055,ok,True,False,text,False,0,0,2,False,0,False,0-10,Name | Address | Email | Phone | Card/Transaction,True,Contact Information | Financial Account Information,False,,ambiguous,True,yes,3990,standard,,False,False,0,0,0,0,0,0,3.166,False,False,True,,True,clear_yes,yes,4036,False,standard,False,,8026
CNG_Data2k/files/Q00897.01-0000911076.PDF,Q00897.01-0000911076.PDF,.pdf,208722,ok,True,False,text,False,27,0,61,False,61,True,50-100,Name | Phone,True,Contact Information,True,,ambiguous,True,yes,35064,bde,bde_llm_count_roster,False,False,0,0,0,0,0,0,11.098,False,True,True,,True,clear_yes,yes,18233,True,bde,False,,53297
CNG_Data2k/files/Q00897.01-0000788843.MSG,Q00897.01-0000788843.MSG,.msg,201216,ok,True,False,text,False,0,0,5,False,0,False,0-10,Name | Address | Email | Phone | Card/Transaction | Money/Amount,True,Contact Information | Financial Account Information,False,,ambiguous,True,yes,4318,standard,,False,False,0,0,0,0,0,0,3.465,False,False,True,,True,likely_no,no,4416,False,likely_non_responsive,True,,8734
CNG_Data2k/files/Q00897.01-0000285594.PDF,Q00897.01-0000285594.PDF,.pdf,1767370,ok,True,True,text,True,15,0,166,False,0,False,100+,Money/Amount,False,Financial Account Information,False,,ambiguous,True,no,20425,likely_non_responsive,bde_llm_count,True,True,15,0,0,0,0,1,11.444,True,False,False,stage1_nr,False,,,0,False,,False,,20425
CNG_Data2k/files/Q00897.01-0000018939.XLSX,Q00897.01-0000018939.XLSX,.xlsx,26309,ok,True,True,text,True,3,0,116,False,116,True,100+,Name | Money/Amount,False,Financial Account Information,True,,ambiguous,True,yes,8721,structured_bde,roster_by_rowcount bde_llm_count_roster,False,False,0,0,0,0,0,0,4.411,False,True,True,,True,clear_yes,yes,4853,True,structured_bde,False,,13574
CNG_Data2k/files/Q00897.01-0000838986.MSG,Q00897.01-0000838986.MSG,.msg,224768,ok,True,False,text,False,0,1,20,False,7,False,10-20,Name | Address | Email | Phone | Card/Transaction | Money/Amount | Credentials,True,Contact Information | Financial Account Information | Access Credentials,False,,ambiguous,True,yes,20644,standard,bde_llm_count,False,False,0,0,0,0,0,0,7.517,False,False,True,,True,clear_yes,yes,10789,False,standard,False,,31433
CNG_Data2k/files/Q00897.01-0000856187.XLSX,Q00897.01-0000856187.XLSX,.xlsx,20523,ok,True,True,text,True,2,0,112,False,12,True,100+,SSN | Work-Related,True,Government-Issued Identification | Work-Related Information,True,,clear_responsive,False,,5697,structured_bde,bde_llm_count_roster,False,False,0,0,0,0,0,0,3.601,False,True,True,,True,clear_yes,yes,6648,True,structured_bde,False,,12345
CNG_Data2k\files\Q00897.01-0000851656.XLS,Q00897.01-0000851656.XLS,.xls,22200,ok,True,True,text,True,1,0,66,False,1,False,50-100,Money/Amount,False,Financial Account Information,False,,ambiguous,True,no,3722,likely_non_responsive,roster_by_rowcount bde_llm_count,False,False,0,0,0,0,0,0,2.83,True,False,False,stage1_nr,False,,,0,False,,False,,3722
CNG_Data2k/files/Q00897.01-0000660579.MSG,Q00897.01-0000660579.MSG,.msg,113152,ok,True,False,text,False,0,2,5,False,0,False,0-10,Name | Email | Phone | Card/Transaction,True,Contact Information | Financial Account Information,False,,ambiguous,True,no,4729,likely_non_responsive,,False,False,0,0,0,0,0,0,1.944,True,False,False,stage1_nr,False,,,0,False,,False,,4729
CNG_Data2k/files/Q00897.01-0000905303.PDF,Q00897.01-0000905303.PDF,.pdf,12327,ok,True,False,text,False,1,0,0,False,0,False,0-10,,False,,False,,clear_non_responsive,False,,0,likely_non_responsive,,False,False,0,0,0,0,0,0,0.035,True,False,False,stage1_nr,False,,,0,False,,False,,0
CNG_Data2k/files/Q00897.01-0000531796.MSG,Q00897.01-0000531796.MSG,.msg,230912,ok,True,False,text,False,0,0,1,False,0,False,0-10,Address | Money/Amount,True,Contact Information | Financial Account Information,False,,ambiguous,True,no,7433,likely_non_responsive,,False,False,0,0,0,0,0,0,3.653,True,False,False,stage1_nr,False,,,0,False,,False,,7433
CNG_Data2k/files/Q00897.01-0000249234.PDF,Q00897.01-0000249234.PDF,.pdf,61408,ok,True,True,text,True,1,0,8,False,0,False,0-10,Money/Amount,False,Financial Account Information,False,,ambiguous,True,no,7118,likely_non_responsive,bde_llm_count,True,True,1,0,0,0,0,1,6.017,True,False,False,stage1_nr,False,,,0,False,,False,,7118
CNG_Data2k/files/Q00897.01-0000000044.PDF,Q00897.01-0000000044.PDF,.pdf,1690820,ok,True,True,text,True,8,0,15,False,2,False,10-20,Name | Address | Phone | SSN | Account Balance | Money/Amount | Work-Related,True,Contact Information | Government-Issued Identification | Financial Account Information | Work-Related Information,False,,clear_responsive,False,,8712,standard,bde_llm_count,True,True,8,0,0,0,0,1,11.843,False,False,True,,True,clear_yes,yes,9591,False,standard,False,,18303
CNG_Data2k/files/Q00897.01-0000812595.MSG,Q00897.01-0000812595.MSG,.msg,159232,ok,True,False,text,False,0,0,2,False,0,False,0-10,Name | Phone | Card/Transaction | Money/Amount,True,Contact Information | Financial Account Information,False,,ambiguous,True,no,3993,likely_non_responsive,,False,False,0,0,0,0,0,0,1.142,True,False,False,stage1_nr,False,,,0,False,,False,,3993
CNG_Data2k/files/Q00897.01-0000613170.MSG,Q00897.01-0000613170.MSG,.msg,3748864,ok,True,False,text,False,0,3,20,False,4,False,10-20,Name | Address | Email | Phone,True,Contact Information,False,,ambiguous,True,yes,9166,standard,bde_llm_count,False,False,0,0,0,0,0,0,4.64,False,False,True,,True,likely_no,no,5033,False,likely_non_responsive,True,,14199
CNG_Data2k/files/Q00897.01-0000399602.0001.PDF,Q00897.01-0000399602.0001.PDF,.pdf,49556,ok,True,False,text,False,17,0,1,False,0,False,0-10,Address | Card/Transaction | Money/Amount,True,Contact Information | Financial Account Information,False,,ambiguous,True,no,15687,likely_non_responsive,,False,False,0,0,0,0,0,0,1.869,True,False,False,stage1_nr,False,,,0,False,,False,,15687
CNG_Data2k/files/Q00897.01-0000701112.MSG,Q00897.01-0000701112.MSG,.msg,199680,ok,True,False,text,False,0,3,3,False,0,False,0-10,Name | Address | Email | Phone | Credentials,True,Contact Information | Access Credentials,False,,ambiguous,True,yes,4624,standard,,False,False,0,0,0,0,0,0,3.074,False,False,True,,True,likely_no,no,4712,False,likely_non_responsive,True,,9336
CNG_Data2k/files/Q00897.01-0000632052.0001.PDF,Q00897.01-0000632052.0001.PDF,.pdf,38349,ok,True,True,text,True,2,0,10,False,1,False,0-10,Name | Address | Phone | Money/Amount,True,Contact Information | Financial Account Information,False,,ambiguous,True,yes,7345,standard,bde_llm_count,True,True,2,0,0,0,0,1,8.736,False,False,True,,True,clear_yes,yes,4128,False,standard,False,,11473
CNG_Data2k/files/Q00897.01-0000657629.MSG,Q00897.01-0000657629.MSG,.msg,137216,ok,True,False,text,False,0,2,1,False,0,False,0-10,Money/Amount,False,Financial Account Information,False,,clear_non_responsive,False,,0,likely_non_responsive,,False,False,0,0,0,0,0,0,0.201,True,False,False,stage1_nr,False,,,0,False,,False,,0
CNG_Data2k/files/Q00897.01-0000887141.PDF,Q00897.01-0000887141.PDF,.pdf,185003,ok,True,False,text,False,1,0,2,False,0,False,0-10,Name | Address | Money/Amount,True,Contact Information | Financial Account Information,False,,ambiguous,True,yes,3943,standard,,False,False,0,0,0,0,0,0,2.529,False,False,True,,True,borderline,no,3998,False,likely_non_responsive,True,,7941
CNG_Data2k/files/Q00897.01-0000890978.PDF,Q00897.01-0000890978.PDF,.pdf,7243,ok,True,False,text,False,1,0,0,False,0,False,0-10,,False,,False,,clear_non_responsive,False,,0,likely_non_responsive,,False,False,0,0,0,0,0,0,0.022,True,False,False,stage1_nr,False,,,0,False,,False,,0
CNG_Data2k/files/Q00897.01-0000396684.0001.XLSX,Q00897.01-0000396684.0001.XLSX,.xlsx,491213,error,False,False,,False,0,0,0,False,0,False,,,False,,False,,,False,,0,review_error,ValueError,False,False,0,0,0,0,0,0,0.191,False,False,False,extract_error,False,,,0,False,,False,,0
CNG_Data2k/files/Q00897.01-0000418594.0003.PDF,Q00897.01-0000418594.0003.PDF,.pdf,1151295,ok,True,False,text,False,28,0,62,False,0,False,50-100,Name | Address | Email | Phone | Card/Transaction | Money/Amount | Health | Work-Related,True,Contact Information | Financial Account Information | Health-Related Information | Work-Related Information,False,,ambiguous,True,no,18061,likely_non_responsive,"img_ocr:p14(1/1,+26chars) bde_llm_count",False,False,0,1,1,1,0,1,8.871,True,False,False,stage1_nr,False,,,0,False,,False,,18061
CNG_Data2k/files/Q00897.01-0000293310.PDF,Q00897.01-0000293310.PDF,.pdf,1314,ok,True,False,text,False,1,0,1,False,0,False,0-10,Name | Money/Amount,True,Financial Account Information,False,,ambiguous,True,yes,3799,standard,,False,False,0,0,0,0,0,0,116.752,False,False,True,,True,likely_no,no,3854,False,likely_non_responsive,True,,7653
CNG_Data2k/files/Q00897.01-0000870436.PDF,Q00897.01-0000870436.PDF,.pdf,85508,ok,True,False,text,False,7,0,3,False,0,False,0-10,Name | Address | Phone | Money/Amount,True,Contact Information | Financial Account Information,False,,ambiguous,True,yes,12486,standard,,False,False,0,0,0,0,0,0,5.84,False,False,True,,True,likely_no,no,12498,False,likely_non_responsive,True,,24984
CNG_Data2k/files/Q00897.01-0000910272.PDF,Q00897.01-0000910272.PDF,.pdf,12441,ok,True,False,text,False,1,0,0,False,0,False,0-10,,False,,False,,clear_non_responsive,False,,0,likely_non_responsive,,False,False,0,0,0,0,0,0,0.038,True,False,False,stage1_nr,False,,,0,False,,False,,0
CNG_Data2k/files/Q00897.01-0000916249.PDF,Q00897.01-0000916249.PDF,.pdf,235688,ok,True,False,text,False,2,0,2,False,0,False,0-10,Name | Money/Amount | Work-Related,False,Financial Account Information | Work-Related Information,False,,ambiguous,True,yes,4269,standard,,False,False,0,0,0,0,0,0,2.369,False,False,True,,True,clear_yes,yes,4320,False,standard,False,,8589
CNG_Data2k/files/Q00897.01-0000624863.MSG,Q00897.01-0000624863.MSG,.msg,35328,ok,True,False,text,False,0,0,2,False,0,False,0-10,Name | Email | Phone,True,Contact Information,False,,ambiguous,True,yes,4274,standard,,False,False,0,0,0,0,0,0,2.634,False,False,True,,True,likely_no,no,4307,False,likely_non_responsive,True,,8581
CNG_Data2k/files/Q00897.01-0000669253.0002.PDF,Q00897.01-0000669253.0002.PDF,.pdf,8388,ok,True,False,text,False,7,0,4,False,0,False,0-10,Address | Phone | Bank/Account Number | Money/Amount,True,Contact Information | Financial Account Information,False,,ambiguous,True,no,4759,likely_non_responsive,,False,False,0,0,0,0,0,0,1.18,True,False,False,stage1_nr,False,,,0,False,,False,,4759
CNG_Data2k/files/Q00897.01-0000686421.MSG,Q00897.01-0000686421.MSG,.msg,169472,ok,True,False,text,False,0,0,1,False,0,False,0-10,Name | Address | Email,True,Contact Information,False,,ambiguous,True,no,4631,likely_non_responsive,,False,False,0,0,0,0,0,0,60.041,True,False,False,stage1_nr,False,,,0,False,,False,,4631
CNG_Data2k/files/Q00897.01-0000013615.PDF,Q00897.01-0000013615.PDF,.pdf,218313,ok,True,False,text,False,1,0,1,False,0,False,0-10,Money/Amount,False,Financial Account Information,False,,clear_non_responsive,False,,0,likely_non_responsive,"img_ocr:p1(1/1,+7chars)",False,False,0,1,1,1,0,1,4.303,True,False,False,stage1_nr,False,,,0,False,,False,,0
CNG_Data2k/files/Q00897.01-0000279648.PDF,Q00897.01-0000279648.PDF,.pdf,177886,ok,True,False,text,False,1,0,2,False,0,False,0-10,Name | Email | Card/Transaction | Money/Amount,True,Contact Information | Financial Account Information,False,,ambiguous,True,yes,3951,standard,,False,False,0,0,0,0,0,0,3.143,False,False,True,,True,likely_yes,yes,4007,False,standard,False,,7958
CNG_Data2k/files/Q00897.01-0000129172.PDF,Q00897.01-0000129172.PDF,.pdf,2211672,ok,True,True,text,True,13,0,56,False,0,False,50-100,Phone | Money/Amount,True,Contact Information | Financial Account Information,False,,ambiguous,True,no,12732,likely_non_responsive,bde_llm_count,True,True,13,0,0,0,0,1,8.699,True,False,False,stage1_nr,False,,,0,False,,False,,12732
CNG_Data2k/files/Q00897.01-0000083886.PDF,Q00897.01-0000083886.PDF,.pdf,600011,ok,True,True,text,True,1,0,18,False,1,False,10-20,Name | Address | Bank/Account Number | Money/Amount,True,Contact Information | Financial Account Information,False,,ambiguous,True,yes,8140,standard,bde_llm_count,True,True,1,0,0,0,0,1,8.73,False,False,True,,True,likely_no,no,4517,False,likely_non_responsive,True,,12657
CNG_Data2k/files/Q00897.01-0000055081.PDF,Q00897.01-0000055081.PDF,.pdf,286335,ok,True,True,text,True,2,0,20,False,2,False,10-20,Name | Address | Email | Phone | Money/Amount,True,Contact Information | Financial Account Information,False,,ambiguous,True,yes,8656,standard,bde_llm_count,True,True,2,0,0,0,0,1,10.06,False,False,True,,True,clear_no,no,4780,False,likely_non_responsive,True,,13436
CNG_Data2k/files/Q00897.01-0000837535.MSG,Q00897.01-0000837535.MSG,.msg,1298944,ok,True,False,text,False,0,1,2,False,0,False,0-10,Name | Address | Email,True,Contact Information,False,,ambiguous,True,no,3880,likely_non_responsive,,False,False,0,0,0,0,0,0,1.36,True,False,False,stage1_nr,False,,,0,False,,False,,3880
CNG_Data2k/files/Q00897.01-0000245624.PDF,Q00897.01-0000245624.PDF,.pdf,65647,ok,True,False,text,False,1,0,1,False,0,False,0-10,Money/Amount,False,Financial Account Information,False,,clear_non_responsive,False,,0,likely_non_responsive,,False,False,0,0,0,0,0,0,0.02,True,False,False,stage1_nr,False,,,0,False,,False,,0
CNG_Data2k/files/Q00897.01-0000310554.XLSX,Q00897.01-0000310554.XLSX,.xlsx,18188,ok,True,True,text,True,2,0,59,False,59,True,50-100,Name | Address,True,Contact Information,True,,ambiguous,True,yes,9857,structured_bde,roster_by_rowcount bde_llm_count_roster,False,False,0,0,0,0,0,0,7.562,False,True,True,,True,clear_yes,yes,5544,True,structured_bde,False,,15401
CNG_Data2k/files/Q00897.01-0000234013.PDF,Q00897.01-0000234013.PDF,.pdf,746778,ok,True,True,text,True,3,0,13,False,3,False,10-20,Name | Address | Email | Phone | Bank/Account Number | Money/Amount,True,Contact Information | Financial Account Information,False,,ambiguous,True,yes,9572,standard,bde_llm_count,True,True,3,0,0,0,0,1,9.577,False,False,True,,True,clear_no,no,5260,False,likely_non_responsive,True,,14832
CNG_Data2k/files/Q00897.01-0000534749.0001.PDF,Q00897.01-0000534749.0001.PDF,.pdf,22630,ok,True,False,text,False,1,0,1,False,0,False,0-10,Money/Amount,False,Financial Account Information,False,,clear_non_responsive,False,,0,likely_non_responsive,,False,False,0,0,0,0,0,0,0.022,True,False,False,stage1_nr,False,,,0,False,,False,,0
CNG_Data2k/files/Q00897.01-0000134040.PDF,Q00897.01-0000134040.PDF,.pdf,1796361,ok,True,True,text,True,9,0,50,False,1,False,20-50,Name | Phone | Money/Amount,True,Contact Information | Financial Account Information,False,,ambiguous,True,yes,11554,standard,bde_llm_count,True,True,9,0,0,0,0,1,10.312,False,False,True,,True,likely_no,no,6242,False,likely_non_responsive,True,,17796
CNG_Data2k/files/Q00897.01-0000014806.XLSX,Q00897.01-0000014806.XLSX,.xlsx,169992,ok,True,True,text,True,3,0,345,False,345,True,100+,Name | Money/Amount,False,Financial Account Information,True,,ambiguous,True,yes,12483,structured_bde,bde_llm_count_roster,False,False,0,0,0,0,0,0,4.862,False,True,True,,True,clear_yes,yes,6722,True,structured_bde,False,,19205
CNG_Data2k/files/Q00897.01-0000736556.MSG,Q00897.01-0000736556.MSG,.msg,242176,ok,True,False,text,False,0,0,2,False,0,False,0-10,Address | Email | Phone | Money/Amount,True,Contact Information | Financial Account Information,False,,ambiguous,True,no,4777,likely_non_responsive,,False,False,0,0,0,0,0,0,1.347,True,False,False,stage1_nr,False,,,0,False,,False,,4777
CNG_Data2k/files/Q00897.01-0000670234.MSG,Q00897.01-0000670234.MSG,.msg,190976,ok,True,False,text,False,0,1,3,False,0,False,0-10,Phone,True,Contact Information,False,,ambiguous,True,no,3723,likely_non_responsive,,False,False,0,0,0,0,0,0,1.119,True,False,False,stage1_nr,False,,,0,False,,False,,3723
CNG_Data2k/files/Q00897.01-0000430058.MSG,Q00897.01-0000430058.MSG,.msg,127488,ok,True,False,text,False,0,0,2,False,0,False,0-10,Email,True,Contact Information,False,,ambiguous,True,no,3907,likely_non_responsive,,False,False,0,0,0,0,0,0,1.496,True,False,False,stage1_nr,False,,,0,False,,False,,3907
CNG_Data2k/files/Q00897.01-0000123260.PDF,Q00897.01-0000123260.PDF,.pdf,80538,ok,True,True,text,True,1,0,8,False,1,False,0-10,Name | Address | Phone | Card Expiry/CVV | Money/Amount,True,Contact Information | Financial Account Information,False,,ambiguous,True,yes,7475,standard,bde_llm_count,True,True,1,0,0,0,0,1,8.46,False,False,True,,True,likely_no,no,4200,False,likely_non_responsive,True,,11675
CNG_Data2k/files/Q00897.01-0000538231.MSG,Q00897.01-0000538231.MSG,.msg,312832,ok,True,False,text,False,0,5,7,False,7,False,0-10,Name | Email | Phone,True,Contact Information,False,,ambiguous,True,yes,9207,standard,bde_llm_count,False,False,0,0,0,0,0,0,63.258,False,False,True,,True,likely_no,no,5068,False,likely_non_responsive,True,,14275
CNG_Data2k/files/Q00897.01-0000275143.PDF,Q00897.01-0000275143.PDF,.pdf,128885,ok,True,False,text,False,1,0,5,False,0,False,0-10,Name | Address | Email | Phone | Money/Amount,True,Contact Information | Financial Account Information,False,,ambiguous,True,yes,4335,standard,,False,False,0,0,0,0,0,0,4.292,False,False,True,,True,likely_no,no,4393,False,likely_non_responsive,True,,8728
CNG_Data2k/files/Q00897.01-0000892715.PDF,Q00897.01-0000892715.PDF,.pdf,21248,ok,True,False,text,False,5,0,1,False,0,False,0-10,Name | Address | Phone | Money/Amount,True,Contact Information | Financial Account Information,False,,ambiguous,True,no,6180,likely_non_responsive,,False,False,0,0,0,0,0,0,1.493,True,False,False,stage1_nr,False,,,0,False,,False,,6180
CNG_Data2k/files/Q00897.01-0000648803.0001.HTM,Q00897.01-0000648803.0001.HTM,.htm,40858,ok,True,False,text,False,0,0,0,False,0,False,0-10,,False,,False,,clear_non_responsive,False,,0,likely_non_responsive,,False,False,0,0,0,0,0,0,0.022,True,False,False,stage1_nr,False,,,0,False,,False,,0
CNG_Data2k/files/Q00897.01-0000686529.MSG,Q00897.01-0000686529.MSG,.msg,210432,ok,True,False,text,False,0,0,1,False,0,False,0-10,Name | Address | Email | Phone,True,Contact Information,False,,ambiguous,True,yes,4317,standard,,False,False,0,0,0,0,0,0,2.705,False,False,True,,True,borderline,no,4368,False,likely_non_responsive,True,,8685
CNG_Data2k/files/Q00897.01-0000133145.PDF,Q00897.01-0000133145.PDF,.pdf,562950,ok,True,True,text,True,3,0,40,False,0,False,20-50,Phone | Money/Amount,True,Contact Information | Financial Account Information,False,,ambiguous,True,no,8200,likely_non_responsive,bde_llm_count,True,True,3,0,0,0,0,1,17.41,True,False,False,stage1_nr,False,,,0,False,,False,,8200
CNG_Data2k/files/Q00897.01-0000021790.PDF,Q00897.01-0000021790.PDF,.pdf,110273,ok,True,False,text,False,1,0,1,False,0,False,0-10,Money/Amount,False,Financial Account Information,False,,clear_non_responsive,False,,0,likely_non_responsive,,False,False,0,0,0,0,0,0,0.104,True,False,False,stage1_nr,False,,,0,False,,False,,0
CNG_Data2k/files/Q00897.01-0000295703.PDF,Q00897.01-0000295703.PDF,.pdf,292442,ok,True,True,text,True,1,0,14,False,1,False,10-20,Name | Money/Amount,True,Financial Account Information,False,,ambiguous,True,yes,7558,standard,bde_llm_count,True,True,1,0,0,0,0,1,8.498,False,False,True,,True,likely_no,no,4254,False,likely_non_responsive,True,,11812
CNG_Data2k\files\Q00897.01-0000851559.XLS,Q00897.01-0000851559.XLS,.xls,22169,ok,True,True,text,True,1,0,66,False,1,False,50-100,Name | Money/Amount,False,Financial Account Information,False,,ambiguous,True,no,3698,likely_non_responsive,roster_by_rowcount bde_llm_count,False,False,0,0,0,0,0,0,2.239,True,False,False,stage1_nr,False,,,0,False,,False,,3698
CNG_Data2k/files/Q00897.01-0000570834.0001.XLSX,Q00897.01-0000570834.0001.XLSX,.xlsx,57326,ok,True,True,text,True,1,0,454,False,2,False,100+,Name | Money/Amount,False,Financial Account Information,False,,ambiguous,True,no,16049,likely_non_responsive,roster_by_rowcount bde_llm_count,False,False,0,0,0,0,0,0,2.899,True,False,False,stage1_nr,False,,,0,False,,False,,16049
CNG_Data2k/files/Q00897.01-0000248800.PDF,Q00897.01-0000248800.PDF,.pdf,1010700,ok,True,False,text,False,2,0,3,False,0,False,0-10,Name | Address | Email | Phone | Bank/Account Number | Money/Amount,True,Contact Information | Financial Account Information,False,,ambiguous,True,no,4335,likely_non_responsive,"img_ocr:p1,p1(2/2,+305chars)",False,False,0,2,2,2,0,2,9.641,True,False,False,stage1_nr,False,,,0,False,,False,,4335
CNG_Data2k/files/Q00897.01-0000616549.0001.XLSX,Q00897.01-0000616549.0001.XLSX,.xlsx,241835,ok,True,True,text,True,4,0,298,False,0,False,100+,Address,True,Contact Information,False,,ambiguous,True,no,7492,likely_non_responsive,roster_by_rowcount bde_llm_count,False,False,0,0,0,0,0,0,2.116,True,False,False,stage1_nr,False,,,0,False,,False,,7492
CNG_Data2k/files/Q00897.01-0000106866.PDF,Q00897.01-0000106866.PDF,.pdf,144585,ok,True,True,text,True,4,0,6,False,3,False,0-10,Name | Address | Email | Phone | Money/Amount,True,Contact Information | Financial Account Information,False,,ambiguous,True,yes,9147,standard,bde_llm_count,True,True,4,0,0,0,0,1,10.282,False,False,True,,True,likely_no,no,5055,False,likely_non_responsive,True,,14202
CNG_Data2k/files/Q00897.01-0000016212.PDF,Q00897.01-0000016212.PDF,.pdf,122079,ok,True,False,text,False,2,0,2,False,0,False,0-10,Name | Address | Phone | Money/Amount | Work-Related,True,Contact Information | Financial Account Information | Work-Related Information,False,,ambiguous,True,yes,4660,standard,,True,True,2,0,0,0,0,1,7.689,False,False,True,,True,clear_yes,yes,4711,False,standard,False,,9371
CNG_Data2k/files/Q00897.01-0000825272.MSG,Q00897.01-0000825272.MSG,.msg,290304,ok,True,False,text,False,0,2,7,False,5,False,0-10,Name | Address | Email | Phone,True,Contact Information,False,,ambiguous,True,yes,10946,standard,bde_llm_count,False,False,0,0,0,0,0,0,64.709,False,False,True,,True,likely_no,no,5920,False,likely_non_responsive,True,,16866
CNG_Data2k/files/Q00897.01-0000340428.XLSX,Q00897.01-0000340428.XLSX,.xlsx,123288,ok,True,True,text,True,3,0,369,False,0,False,100+,Address | Phone | Money/Amount,True,Contact Information | Financial Account Information,False,,ambiguous,True,no,20264,likely_non_responsive,bde_llm_count,False,False,0,0,0,0,0,0,2.542,True,False,False,stage1_nr,False,,,0,False,,False,,20264
CNG_Data2k/files/Q00897.01-0000042569.PDF,Q00897.01-0000042569.PDF,.pdf,165268,ok,True,True,text,True,1,0,13,False,0,False,10-20,Name | Address | Money/Amount,True,Contact Information | Financial Account Information,False,,ambiguous,True,no,7032,likely_non_responsive,bde_llm_count,True,True,1,0,0,0,0,1,7.615,True,False,False,stage1_nr,False,,,0,False,,False,,7032
CNG_Data2k/files/Q00897.01-0000694308.0008.PDF,Q00897.01-0000694308.0008.PDF,.pdf,263240,ok,True,True,text,True,6,0,8,False,1,False,0-10,Name,False,,False,,ambiguous,True,yes,15941,standard,bde_llm_count,True,True,6,0,0,0,0,1,9.826,False,False,True,,True,clear_no,no,8465,False,likely_non_responsive,True,,24406
CNG_Data2k/files/Q00897.01-0000291080.XLSX,Q00897.01-0000291080.XLSX,.xlsx,14989,ok,True,True,text,True,2,0,31,False,31,False,20-50,Name | Address | Phone | SSN | Money/Amount,True,Contact Information | Government-Issued Identification | Financial Account Information,False,,clear_responsive,False,,5812,standard,bde_llm_count_roster,False,False,0,0,0,0,0,0,3.79,False,False,True,,True,clear_yes,yes,6806,False,standard,False,,12618
CNG_Data2k/files/Q00897.01-0000006314.PDF,Q00897.01-0000006314.PDF,.pdf,140119,ok,True,True,text,True,1,0,2,False,2,False,0-10,Name | Phone | SSN,True,Contact Information | Government-Issued Identification,False,,clear_responsive,False,,3214,standard,bde_llm_count,True,True,1,0,0,0,0,1,7.807,False,False,True,,True,clear_yes,yes,4084,False,standard,False,,7298
CNG_Data2k/files/Q00897.01-0000284406.0014.DOCX,Q00897.01-0000284406.0014.DOCX,.docx,119562,ok,True,False,text,False,0,0,1,False,0,False,0-10,Money/Amount,False,Financial Account Information,False,,clear_non_responsive,False,,0,likely_non_responsive,,False,False,0,0,0,0,0,0,0.1,True,False,False,stage1_nr,False,,,0,False,,False,,0
CNG_Data2k/files/Q00897.01-0000357214.CSV,Q00897.01-0000357214.CSV,.csv,53702,ok,True,True,text,True,0,0,517,False,517,True,100+,Name | Phone | Money/Amount | Work-Related,True,Contact Information | Financial Account Information | Work-Related Information,True,,ambiguous,True,yes,9465,structured_bde,bde_llm_count_roster,False,False,0,0,0,0,0,0,3.73,False,True,True,,True,clear_yes,yes,5220,True,structured_bde,False,,14685
CNG_Data2k/files/Q00897.01-0000915652.PDF,Q00897.01-0000915652.PDF,.pdf,611877,ok,True,True,text,True,11,0,131,False,19,True,100+,Name | Address | Money/Amount,True,Contact Information | Financial Account Information,True,,ambiguous,True,yes,12416,structured_bde,bde_llm_count_roster,True,True,11,0,0,0,0,1,11.821,False,True,True,,True,clear_yes,yes,6726,True,structured_bde,False,,19142
CNG_Data2k/files/Q00897.01-0000262612.PDF,Q00897.01-0000262612.PDF,.pdf,652212,ok,True,False,text,False,309,0,73,False,0,False,50-100,Address | Phone | Payment Card | Money/Amount,True,Contact Information | Financial Account Information,False,,ambiguous,True,no,27294,likely_non_responsive,bde_llm_count,False,False,0,0,0,0,0,0,6.95,True,False,False,stage1_nr,False,,,0,False,,False,,27294
CNG_Data2k/files/Q00897.01-0000020211.XLSX,Q00897.01-0000020211.XLSX,.xlsx,35084,ok,True,True,text,True,3,0,221,False,221,True,100+,Name | Money/Amount,False,Financial Account Information,True,,ambiguous,True,yes,11187,structured_bde,roster_by_rowcount bde_llm_count_roster,False,False,0,0,0,0,0,0,3.73,False,True,True,,True,clear_yes,yes,6090,True,structured_bde,False,,17277
CNG_Data2k/files/Q00897.01-0000770093.0001.PDF,Q00897.01-0000770093.0001.PDF,.pdf,444591,ok,True,True,text,True,15,0,189,False,0,False,100+,Address | Phone | Money/Amount | Work-Related,True,Contact Information | Financial Account Information | Work-Related Information,False,,ambiguous,True,no,19823,likely_non_responsive,bde_llm_count,True,True,15,0,0,0,0,1,9.699,True,False,False,stage1_nr,False,,,0,False,,False,,19823
CNG_Data2k/files/Q00897.01-0000868903.TXT,Q00897.01-0000868903.TXT,.txt,45536,ok,True,False,text,False,0,0,5,False,0,False,0-10,Address | Phone | Money/Amount,True,Contact Information | Financial Account Information,False,,ambiguous,True,yes,16060,standard,,False,False,0,0,0,0,0,0,3.091,False,False,True,,True,likely_yes,yes,16094,False,standard,False,,32154
CNG_Data2k/files/Q00897.01-0000356929.CSV,Q00897.01-0000356929.CSV,.csv,24099,ok,True,True,text,True,0,0,219,False,219,True,100+,Name | Phone | Money/Amount | Work-Related,True,Contact Information | Financial Account Information | Work-Related Information,True,,ambiguous,True,yes,11913,structured_bde,bde_llm_count_roster,False,False,0,0,0,0,0,0,7.729,False,True,True,,True,likely_yes,yes,6544,True,structured_bde,False,,18457
CNG_Data2k/files/Q00897.01-0000537016.0001.PDF,Q00897.01-0000537016.0001.PDF,.pdf,22570,ok,True,False,text,False,1,0,1,False,0,False,0-10,Money/Amount,False,Financial Account Information,False,,clear_non_responsive,False,,0,likely_non_responsive,,False,False,0,0,0,0,0,0,0.024,True,False,False,stage1_nr,False,,,0,False,,False,,0
CNG_Data2k/files/Q00897.01-0000259216.PDF,Q00897.01-0000259216.PDF,.pdf,21461,ok,True,False,text,False,2,0,1,False,0,False,0-10,Money/Amount,False,Financial Account Information,False,,clear_non_responsive,False,,0,likely_non_responsive,,False,False,0,0,0,0,0,0,0.066,True,False,False,stage1_nr,False,,,0,False,,False,,0
CNG_Data2k/files/Q00897.01-0000811957.0002.PDF,Q00897.01-0000811957.0002.PDF,.pdf,341438,ok,True,False,text,False,1,0,3,False,0,False,0-10,Name | Address | Phone | Money/Amount,True,Contact Information | Financial Account Information,False,,ambiguous,True,no,4005,likely_non_responsive,,False,False,0,0,0,0,0,0,0.976,True,False,False,stage1_nr,False,,,0,False,,False,,4005
CNG_Data2k/files/Q00897.01-0000248920.PDF,Q00897.01-0000248920.PDF,.pdf,238442,ok,True,True,text,True,1,0,21,False,0,False,20-50,Name | Bank/Account Number | Money/Amount,True,Financial Account Information,False,,ambiguous,True,no,7309,likely_non_responsive,bde_llm_count,True,True,1,0,0,0,0,1,6.594,True,False,False,stage1_nr,False,,,0,False,,False,,7309
CNG_Data2k\files\Q00897.01-0000450522.0002.0001.XLS,Q00897.01-0000450522.0002.0001.XLS,.xls,10340,ok,True,True,text,True,1,0,0,False,0,False,0-10,,False,,False,,ambiguous,True,no,4058,structured_unreadable,bde_llm_count,False,False,0,0,0,0,0,0,3.107,False,False,True,,True,clear_no,no,2660,False,likely_non_responsive,True,,6718
CNG_Data2k/files/Q00897.01-0000896186.PDF,Q00897.01-0000896186.PDF,.pdf,11806,ok,True,False,text,False,1,0,0,False,0,False,0-10,,False,,False,,clear_non_responsive,False,,0,likely_non_responsive,,False,False,0,0,0,0,0,0,0.029,True,False,False,stage1_nr,False,,,0,False,,False,,0
CNG_Data2k/files/Q00897.01-0000804870.MSG,Q00897.01-0000804870.MSG,.msg,172032,ok,True,False,text,False,0,12,13,False,5,False,10-20,Name | Address | Email | Phone | Credentials,True,Contact Information | Access Credentials,False,,ambiguous,True,no,9049,likely_non_responsive,bde_llm_count,False,False,0,0,0,0,0,0,3.815,True,False,False,stage1_nr,False,,,0,False,,False,,9049
CNG_Data2k/files/Q00897.01-0000319032.TXT,Q00897.01-0000319032.TXT,.txt,127250,ok,True,False,text,False,0,0,1,False,0,False,0-10,Payment Card | Money/Amount | Health,True,Financial Account Information | Health-Related Information,False,,ambiguous,True,no,9349,likely_non_responsive,,False,False,0,0,0,0,0,0,1.025,True,False,False,stage1_nr,False,,,0,False,,False,,9349
CNG_Data2k/files/Q00897.01-0000373776.MSG,Q00897.01-0000373776.MSG,.msg,387584,ok,True,False,text,False,0,0,1,False,0,False,0-10,Email | Phone | Money/Amount,True,Contact Information | Financial Account Information,False,,ambiguous,True,no,5279,likely_non_responsive,,False,False,0,0,0,0,0,0,1.931,True,False,False,stage1_nr,False,,,0,False,,False,,5279
CNG_Data2k/files/Q00897.01-0000861408.XLSX,Q00897.01-0000861408.XLSX,.xlsx,3197258,ok,True,True,text,True,2,0,13547,False,4,True,100+,SSN | Money/Amount,True,Government-Issued Identification | Financial Account Information,True,,clear_responsive,False,,11254,structured_bde,bde_llm_count_roster,False,False,0,0,0,0,0,0,5.952,False,True,True,,True,clear_yes,yes,12157,True,structured_bde,False,,23411
CNG_Data2k/files/Q00897.01-0000842514.MSG,Q00897.01-0000842514.MSG,.msg,135680,ok,True,False,text,False,0,2,4,False,0,False,0-10,Name | Address | Email | Phone | Credentials,True,Contact Information | Access Credentials,False,,ambiguous,True,no,5220,likely_non_responsive,,False,False,0,0,0,0,0,0,1.554,True,False,False,stage1_nr,False,,,0,False,,False,,5220
CNG_Data2k/files/Q00897.01-0000132253.PDF,Q00897.01-0000132253.PDF,.pdf,2127865,ok,True,True,text,True,13,0,73,False,1,False,50-100,Phone | Money/Amount,True,Contact Information | Financial Account Information,False,,ambiguous,True,no,12445,likely_non_responsive,bde_llm_count,True,True,13,0,0,0,0,1,13.86,True,False,False,stage1_nr,False,,,0,False,,False,,12445
CNG_Data2k/files/Q00897.01-0000839679.0002.DOCX,Q00897.01-0000839679.0002.DOCX,.docx,490277,ok,True,False,text,False,0,0,6,False,0,False,0-10,Name | Address | Money/Amount | Health | Work-Related,True,Contact Information | Financial Account Information | Health-Related Information | Work-Related Information,False,,ambiguous,True,yes,6280,standard,,False,False,0,0,0,0,0,0,2.733,False,False,True,,True,likely_no,no,6325,False,likely_non_responsive,True,,12605
CNG_Data2k/files/Q00897.01-0000011615.PDF,Q00897.01-0000011615.PDF,.pdf,353498,ok,True,False,text,False,1,0,1,False,0,False,0-10,Money/Amount,False,Financial Account Information,False,,clear_non_responsive,False,,0,likely_non_responsive,,False,False,0,0,0,0,0,0,0.422,True,False,False,stage1_nr,False,,,0,False,,False,,0
CNG_Data2k/files/Q00897.01-0000865400.PDF,Q00897.01-0000865400.PDF,.pdf,1429474,ok,True,False,text,False,11,0,5,False,0,False,0-10,Name | Money/Amount | Work-Related,False,Financial Account Information | Work-Related Information,False,,ambiguous,True,yes,8035,standard,,False,False,0,0,0,0,0,0,3.913,False,False,True,,True,clear_yes,yes,8055,False,standard,False,,16090
CNG_Data2k/files/Q00897.01-0000681924.MSG,Q00897.01-0000681924.MSG,.msg,250880,ok,True,False,text,False,0,0,2,False,0,False,0-10,Address | Email | Phone | Money/Amount | Credentials,True,Contact Information | Financial Account Information | Access Credentials,False,,ambiguous,True,no,4450,likely_non_responsive,,False,False,0,0,0,0,0,0,2.037,True,False,False,stage1_nr,False,,,0,False,,False,,4450
CNG_Data2k/files/Q00897.01-0000841782.0001.XLSX,Q00897.01-0000841782.0001.XLSX,.xlsx,1804422,ok,True,True,text,True,23,0,226,False,0,False,100+,Phone | Payment Card,True,Contact Information | Financial Account Information,False,,ambiguous,True,no,11472,likely_non_responsive,bde_llm_count,False,False,0,0,0,0,0,0,4.705,True,False,False,stage1_nr,False,,,0,False,,False,,11472
CNG_Data2k/files/Q00897.01-0000843027.MSG,Q00897.01-0000843027.MSG,.msg,257536,ok,True,False,text,False,0,1,5,False,0,False,0-10,Name | Address | Email | Phone,True,Contact Information,False,,ambiguous,True,yes,4193,standard,,False,False,0,0,0,0,0,0,3.213,False,False,True,,True,clear_no,no,4230,False,likely_non_responsive,True,,8423
CNG_Data2k/files/Q00897.01-0000344615.PDF,Q00897.01-0000344615.PDF,.pdf,15839,ok,True,False,text,False,3,0,1,False,0,False,0-10,Address | Money/Amount,True,Contact Information | Financial Account Information,False,,ambiguous,True,yes,4980,standard,,False,False,0,0,0,0,0,0,3.028,False,False,True,,True,likely_yes,yes,5044,False,standard,False,,10024
CNG_Data2k/files/Q00897.01-0000114965.PDF,Q00897.01-0000114965.PDF,.pdf,18548,ok,True,False,text,False,9,0,1,False,0,False,0-10,Card/Transaction | Money/Amount | Work-Related,False,Financial Account Information | Work-Related Information,False,,ambiguous,True,no,8493,likely_non_responsive,,False,False,0,0,0,0,0,0,1.314,True,False,False,stage1_nr,False,,,0,False,,False,,8493
CNG_Data2k/files/Q00897.01-0000128953.PDF,Q00897.01-0000128953.PDF,.pdf,462644,ok,True,True,text,True,3,0,51,False,0,False,50-100,Phone | Money/Amount,True,Contact Information | Financial Account Information,False,,ambiguous,True,no,8848,likely_non_responsive,bde_llm_count,True,True,3,0,0,0,0,1,7.456,True,False,False,stage1_nr,False,,,0,False,,False,,8848
CNG_Data2k/files/Q00897.01-0000849079.MSG,Q00897.01-0000849079.MSG,.msg,43008,error,False,False,,False,0,0,0,False,0,False,,,False,,False,,,False,,0,review_error,KeyError,False,False,0,0,0,0,0,0,0.675,False,False,False,extract_error,False,,,0,False,,False,,0
CNG_Data2k/files/Q00897.01-0000436206.MSG,Q00897.01-0000436206.MSG,.msg,176128,ok,True,False,text,False,0,1,10,False,6,False,0-10,Name | Address | Email | Phone | Money/Amount,True,Contact Information | Financial Account Information,False,,ambiguous,True,yes,11125,standard,bde_llm_count,False,False,0,0,0,0,0,0,9.879,False,False,True,,True,likely_no,no,5969,False,likely_non_responsive,True,,17094
CNG_Data2k/files/Q00897.01-0000833484.0001.DOCX,Q00897.01-0000833484.0001.DOCX,.docx,22599,ok,True,False,text,False,0,0,3,False,0,False,0-10,Name | Money/Amount,True,Financial Account Information,False,,ambiguous,True,no,5181,likely_non_responsive,,False,False,0,0,0,0,0,0,1.034,True,False,False,stage1_nr,False,,,0,False,,False,,5181
CNG_Data2k/files/Q00897.01-0000774196.MSG,Q00897.01-0000774196.MSG,.msg,33792,ok,True,False,text,False,0,0,8,False,7,False,0-10,Name | Email | Phone,True,Contact Information,False,,ambiguous,True,yes,8797,standard,bde_llm_count,False,False,0,0,0,0,0,0,4.89,False,False,True,,True,likely_no,no,4843,False,likely_non_responsive,True,,13640
CNG_Data2k/files/Q00897.01-0000283398.PDF,Q00897.01-0000283398.PDF,.pdf,107283,ok,True,True,text,True,2,0,18,False,0,False,10-20,Address | Phone | Card/Transaction | Money/Amount,True,Contact Information | Financial Account Information,False,,ambiguous,True,yes,6934,standard,bde_llm_count,True,True,2,0,0,0,0,1,8.587,False,False,True,,True,likely_no,no,3936,False,likely_non_responsive,True,,10870
CNG_Data2k/files/Q00897.01-0000901530.PDF,Q00897.01-0000901530.PDF,.pdf,12767,ok,True,False,text,False,2,0,1,False,0,False,0-10,Money/Amount,False,Financial Account Information,False,,clear_non_responsive,False,,0,likely_non_responsive,,False,False,0,0,0,0,0,0,0.141,True,False,False,stage1_nr,False,,,0,False,,False,,0
CNG_Data2k/files/Q00897.01-0000007622.CSV,Q00897.01-0000007622.CSV,.csv,211918,ok,True,True,text,True,0,0,1167,False,1167,True,100+,Name | Money/Amount,False,Financial Account Information,True,,ambiguous,True,yes,13912,structured_bde,bde_llm_count_roster,False,False,0,0,0,0,0,0,5.996,False,True,True,,True,clear_yes,yes,7495,True,structured_bde,False,,21407
CNG_Data2k/files/Q00897.01-0000607342.0001.PDF,Q00897.01-0000607342.0001.PDF,.pdf,20965,ok,True,False,text,False,1,0,0,False,0,False,0-10,,False,,False,,clear_non_responsive,False,,0,likely_non_responsive,,False,False,0,0,0,0,0,0,0.017,True,False,False,stage1_nr,False,,,0,False,,False,,0
CNG_Data2k/files/Q00897.01-0000568519.0001.0001.XLSX,Q00897.01-0000568519.0001.0001.XLSX,.xlsx,573680,ok,True,True,text,True,5,0,561,False,0,False,100+,Address | Phone | Payment Card,True,Contact Information | Financial Account Information,False,,ambiguous,True,no,23335,likely_non_responsive,bde_llm_count,False,False,0,0,0,0,0,0,3.507,True,False,False,stage1_nr,False,,,0,False,,False,,23335
CNG_Data2k/files/Q00897.01-0000709760.MSG,Q00897.01-0000709760.MSG,.msg,346624,error,False,False,,False,0,0,0,False,0,False,,,False,,False,,,False,,0,review_error,UnicodeDecodeError,False,False,0,0,0,0,0,0,1.082,False,False,False,extract_error,False,,,0,False,,False,,0
CNG_Data2k/files/Q00897.01-0000238564.PDF,Q00897.01-0000238564.PDF,.pdf,463130,ok,True,False,text,False,6,0,6,False,0,False,0-10,Name | Address | Email | Phone | Card/Transaction | Money/Amount | Demographic,True,Contact Information | Financial Account Information | Demographic Information,False,,ambiguous,True,yes,9381,standard,"img_ocr:none(1 calls,0 chars)",False,False,0,1,1,0,0,1,7.034,False,False,True,,True,clear_yes,yes,9430,False,standard,False,,18811
CNG_Data2k/files/Q00897.01-0000262526.PDF,Q00897.01-0000262526.PDF,.pdf,797651,ok,True,False,text,False,343,0,416,False,0,False,100+,Address | Phone | Payment Card | Money/Amount,True,Contact Information | Financial Account Information,False,,ambiguous,True,no,28047,likely_non_responsive,bde_llm_count,False,False,0,0,0,0,0,0,9.203,True,False,False,stage1_nr,False,,,0,False,,False,,28047
CNG_Data2k/files/Q00897.01-0000341900.PDF,Q00897.01-0000341900.PDF,.pdf,283277,ok,True,False,text,False,5,0,2,False,0,False,0-10,Name | Health,True,Health-Related Information,False,,ambiguous,True,no,6518,likely_non_responsive,,False,False,0,0,0,0,0,0,1.466,True,False,False,stage1_nr,False,,,0,False,,False,,6518
CNG_Data2k/files/Q00897.01-0000012058.PDF,Q00897.01-0000012058.PDF,.pdf,420068,ok,True,False,text,False,1,0,1,False,0,False,0-10,Address | Money/Amount | Work-Related,True,Contact Information | Financial Account Information | Work-Related Information,False,,ambiguous,True,no,4292,likely_non_responsive,,False,False,0,0,0,0,0,0,1.461,True,False,False,stage1_nr,False,,,0,False,,False,,4292
CNG_Data2k/files/Q00897.01-0000858544.PDF,Q00897.01-0000858544.PDF,.pdf,169860,ok,True,False,text,False,1,0,2,False,0,False,0-10,Name | Email | Money/Amount,True,Contact Information | Financial Account Information,False,,ambiguous,True,no,4141,likely_non_responsive,,False,False,0,0,0,0,0,0,1.161,True,False,False,stage1_nr,False,,,0,False,,False,,4141
CNG_Data2k/files/Q00897.01-0000690125.0001.TXT,Q00897.01-0000690125.0001.TXT,.txt,1992,ok,True,False,text,False,0,0,2,False,0,False,0-10,Name | Address | Phone,True,Contact Information,False,,ambiguous,True,yes,4625,standard,,False,False,0,0,0,0,0,0,2.964,False,False,True,,True,clear_no,no,4572,False,likely_non_responsive,True,,9197
CNG_Data2k/files/Q00897.01-0000244533.PDF,Q00897.01-0000244533.PDF,.pdf,838938,ok,True,True,text,True,1,0,6,False,0,False,0-10,Name | Address | Email | Phone,True,Contact Information,False,,ambiguous,True,no,6917,likely_non_responsive,bde_llm_count,True,True,1,0,0,0,0,1,6.329,True,False,False,stage1_nr,False,,,0,False,,False,,6917
CNG_Data2k/files/Q00897.01-0000675605.MSG,Q00897.01-0000675605.MSG,.msg,1460736,ok,True,False,text,False,0,4,2,False,0,False,0-10,Name | Address | Email | Phone | Card/Transaction | Money/Amount,True,Contact Information | Financial Account Information,False,,ambiguous,True,yes,4735,standard,,False,False,0,0,0,0,0,0,3.829,False,False,True,,True,likely_no,no,4854,False,likely_non_responsive,True,,9589
CNG_Data2k/files/Q00897.01-0000767455.0001.PDF,Q00897.01-0000767455.0001.PDF,.pdf,108353,ok,True,False,text,False,2,0,3,False,0,False,0-10,Name | Address | Email | Phone | Tax ID | Money/Amount,True,Contact Information | Government-Issued Identification | Financial Account Information,False,,ambiguous,True,no,4228,likely_non_responsive,,False,False,0,0,0,0,0,0,1.774,True,False,False,stage1_nr,False,,,0,False,,False,,4228
CNG_Data2k/files/Q00897.01-0000545346.0001.PDF,Q00897.01-0000545346.0001.PDF,.pdf,44532,ok,True,False,text,False,15,0,1,False,0,False,0-10,Address | Card/Transaction | Money/Amount,True,Contact Information | Financial Account Information,False,,ambiguous,True,no,14949,likely_non_responsive,,False,False,0,0,0,0,0,0,3.499,True,False,False,stage1_nr,False,,,0,False,,False,,14949
CNG_Data2k/files/Q00897.01-0000116160.PDF,Q00897.01-0000116160.PDF,.pdf,695932,ok,True,True,text,True,15,0,661,False,0,False,100+,Money/Amount,False,Financial Account Information,False,,ambiguous,True,no,28902,likely_non_responsive,bde_llm_count,True,True,15,0,0,0,0,1,20.344,True,False,False,stage1_nr,False,,,0,False,,False,,28902
CNG_Data2k/files/Q00897.01-0000372805.MSG,Q00897.01-0000372805.MSG,.msg,399872,ok,True,False,text,False,0,0,19,False,0,False,10-20,Name | Email | Money/Amount,True,Contact Information | Financial Account Information,False,,ambiguous,True,yes,8777,standard,bde_llm_count,False,False,0,0,0,0,0,0,4.212,False,False,True,,True,clear_no,no,4850,False,likely_non_responsive,True,,13627
CNG_Data2k/files/Q00897.01-0000430211.MSG,Q00897.01-0000430211.MSG,.msg,265216,ok,True,False,text,False,0,0,1,False,0,False,0-10,Name | Address | Money/Amount,True,Contact Information | Financial Account Information,False,,ambiguous,True,no,5276,likely_non_responsive,,False,False,0,0,0,0,0,0,3.388,True,False,False,stage1_nr,False,,,0,False,,False,,5276
CNG_Data2k/files/Q00897.01-0000859476.XLSX,Q00897.01-0000859476.XLSX,.xlsx,11076,ok,True,True,text,True,1,0,9,False,9,False,0-10,Address | Money/Amount | Work-Related,True,Contact Information | Financial Account Information | Work-Related Information,False,,ambiguous,True,yes,7342,standard,bde_llm_count_roster,False,False,0,0,0,0,0,0,3.683,False,False,True,,True,clear_yes,yes,4168,False,standard,False,,11510
CNG_Data2k/files/Q00897.01-0000463425.0001.0007.XLSX,Q00897.01-0000463425.0001.0007.XLSX,.xlsx,152331,ok,True,True,text,True,15,0,79,False,0,False,50-100,Phone | Bank/Account Number | Money/Amount,True,Contact Information | Financial Account Information,False,,ambiguous,True,no,9207,likely_non_responsive,bde_llm_count,False,False,0,0,0,0,0,0,2.549,True,False,False,stage1_nr,False,,,0,False,,False,,9207
CNG_Data2k/files/Q00897.01-0000868600.TXT,Q00897.01-0000868600.TXT,.txt,28821,ok,True,False,text,False,0,0,92,False,0,False,50-100,Address | Phone | Money/Amount,True,Contact Information | Financial Account Information,False,,ambiguous,True,yes,33892,standard,bde_llm_count,False,False,0,0,0,0,0,0,3.948,False,False,True,,True,clear_no,no,17451,True,likely_non_responsive,True,,51343
CNG_Data2k/files/Q00897.01-0000538861.MSG,Q00897.01-0000538861.MSG,.msg,155648,ok,True,False,text,False,0,0,1,False,0,False,0-10,Address | Credentials,True,Contact Information | Access Credentials,False,,ambiguous,True,yes,5041,standard,,False,False,0,0,0,0,0,0,2.478,False,False,True,,True,borderline,no,5112,False,likely_non_responsive,True,,10153
CNG_Data2k/files/Q00897.01-0000772911.0001.PDF,Q00897.01-0000772911.0001.PDF,.pdf,81380,ok,True,False,text,False,6,0,5,False,0,False,0-10,Name | Address | Email | Phone | Money/Amount | Health | Work-Related,True,Contact Information | Financial Account Information | Health-Related Information | Work-Related Information,False,,ambiguous,True,yes,7016,standard,,False,False,0,0,0,0,0,0,3.498,False,False,True,,True,likely_no,no,7017,False,likely_non_responsive,True,,14033
CNG_Data2k/files/Q00897.01-0000838686.0001.PDF,Q00897.01-0000838686.0001.PDF,.pdf,193056,ok,True,False,text,False,4,0,1,False,0,False,0-10,Address | Phone,True,Contact Information,False,,ambiguous,True,no,5598,likely_non_responsive,,False,False,0,0,0,0,0,0,1.503,True,False,False,stage1_nr,False,,,0,False,,False,,5598
CNG_Data2k/files/Q00897.01-0000845794.0004.DOCX,Q00897.01-0000845794.0004.DOCX,.docx,58104,ok,True,False,text,False,0,0,1,False,0,False,0-10,Address | Money/Amount | Health,True,Contact Information | Financial Account Information | Health-Related Information,False,,ambiguous,True,no,7361,likely_non_responsive,,False,False,0,0,0,0,0,0,1.401,True,False,False,stage1_nr,False,,,0,False,,False,,7361
CNG_Data2k/files/Q00897.01-0000074349.PDF,Q00897.01-0000074349.PDF,.pdf,496803,ok,True,True,text,True,1,0,13,False,0,False,10-20,Address | Phone | Bank/Account Number | Money/Amount,True,Contact Information | Financial Account Information,False,,ambiguous,True,no,7497,likely_non_responsive,bde_llm_count,True,True,1,0,0,0,0,1,7.011,True,False,False,stage1_nr,False,,,0,False,,False,,7497
CNG_Data2k/files/Q00897.01-0000125136.PDF,Q00897.01-0000125136.PDF,.pdf,2139651,ok,True,True,text,True,15,0,204,False,8,False,100+,Name | Address | Email | Phone | Money/Amount,True,Contact Information | Financial Account Information,False,,ambiguous,True,yes,20294,standard,bde_llm_count,True,True,15,0,0,0,0,1,13.312,False,False,True,,True,likely_no,no,10615,True,likely_non_responsive,True,,30909
CNG_Data2k/files/Q00897.01-0000833606.0002.DOCX,Q00897.01-0000833606.0002.DOCX,.docx,34180,ok,True,False,text,False,0,0,2,False,0,False,0-10,Name | Address | Money/Amount,True,Contact Information | Financial Account Information,False,,ambiguous,True,no,7045,likely_non_responsive,,False,False,0,0,0,0,0,0,1.094,True,False,False,stage1_nr,False,,,0,False,,False,,7045
CNG_Data2k/files/Q00897.01-0000908149.PDF,Q00897.01-0000908149.PDF,.pdf,33653,ok,True,False,text,False,4,0,30,False,30,False,20-50,Name | Phone | Money/Amount,True,Contact Information | Financial Account Information,False,,ambiguous,True,yes,14161,standard,bde_llm_count_roster,False,False,0,0,0,0,0,0,13.027,False,False,True,,True,clear_yes,yes,7646,False,standard,False,,21807
CNG_Data2k/files/Q00897.01-0000136159.PDF,Q00897.01-0000136159.PDF,.pdf,20180345,ok,True,True,text,True,15,0,273,False,4,False,100+,Name | Address | Phone | Money/Amount,True,Contact Information | Financial Account Information,False,,ambiguous,True,yes,23168,standard,bde_llm_count,True,True,15,0,0,0,0,1,16.228,False,False,True,,True,borderline,no,12117,True,likely_non_responsive,True,,35285
CNG_Data2k/files/Q00897.01-0000259072.PDF,Q00897.01-0000259072.PDF,.pdf,2298079,ok,True,True,text,True,15,0,286,False,4,False,100+,Name | Address | Phone | Money/Amount,True,Contact Information | Financial Account Information,False,,ambiguous,True,no,25185,likely_non_responsive,bde_llm_count,True,True,15,0,0,0,0,1,12.563,True,False,False,stage1_nr,False,,,0,False,,False,,25185
CNG_Data2k/files/Q00897.01-0000015786.PDF,Q00897.01-0000015786.PDF,.pdf,635749,ok,True,False,text,False,6,0,3,False,0,False,0-10,Name | Address | Email | Money/Amount | Work-Related,True,Contact Information | Financial Account Information | Work-Related Information,False,,ambiguous,True,yes,6182,standard,"img_ocr:p4,p4,p4(3/3,+3chars)",False,False,0,3,3,3,0,3,15.922,False,False,True,,True,clear_yes,yes,6215,False,standard,False,,12397
CNG_Data2k/files/Q00897.01-0000294592.PDF,Q00897.01-0000294592.PDF,.pdf,1622972,ok,True,False,text,False,10,0,1,False,0,False,0-10,Money/Amount,False,Financial Account Information,False,,clear_non_responsive,False,,0,likely_non_responsive,,False,False,0,0,0,0,0,0,1.608,True,False,False,stage1_nr,False,,,0,False,,False,,0
CNG_Data2k/files/Q00897.01-0000855594.PDF,Q00897.01-0000855594.PDF,.pdf,340510,ok,True,True,text,True,3,0,36,False,1,False,20-50,Name | Money/Amount | Work-Related,False,Financial Account Information | Work-Related Information,False,,ambiguous,True,yes,8036,standard,bde_llm_count,True,True,3,0,0,0,0,1,8.878,False,False,True,,True,clear_yes,yes,4490,False,standard,False,,12526
CNG_Data2k/files/Q00897.01-0000696960.MSG,Q00897.01-0000696960.MSG,.msg,297472,ok,True,False,text,False,0,0,1,False,0,False,0-10,Address | Health,True,Contact Information | Health-Related Information,False,,ambiguous,True,no,7622,likely_non_responsive,,False,False,0,0,0,0,0,0,2.675,True,False,False,stage1_nr,False,,,0,False,,False,,7622
CNG_Data2k/files/Q00897.01-0000258791.XLSX,Q00897.01-0000258791.XLSX,.xlsx,185489,ok,True,True,text,True,7,0,670,False,2,False,100+,Name | Health,False,Health-Related Information,False,,ambiguous,True,yes,9021,standard,roster_by_rowcount bde_llm_count,False,False,0,0,0,0,0,0,4.282,False,False,True,,True,likely_no,no,4955,True,likely_non_responsive,True,,13976
CNG_Data2k/files/Q00897.01-0000137874.PDF,Q00897.01-0000137874.PDF,.pdf,392629,ok,True,True,text,True,2,0,23,False,0,False,20-50,Address | Phone | Money/Amount,True,Contact Information | Financial Account Information,False,,ambiguous,True,no,9467,likely_non_responsive,bde_llm_count,True,True,2,0,0,0,0,1,10.722,True,False,False,stage1_nr,False,,,0,False,,False,,9467
CNG_Data2k/files/Q00897.01-0000896472.PDF,Q00897.01-0000896472.PDF,.pdf,17175,ok,True,True,text,True,2,0,36,False,2,False,20-50,Name | Address | Phone | Money/Amount | Work-Related,True,Contact Information | Financial Account Information | Work-Related Information,False,,ambiguous,True,yes,8253,standard,bde_llm_count,True,True,2,0,0,0,0,1,10.02,False,False,True,,True,clear_yes,yes,4583,False,standard,False,,12836
CNG_Data2k/files/Q00897.01-0000000920.PDF,Q00897.01-0000000920.PDF,.pdf,28224,ok,True,False,text,False,1,0,1,False,0,False,0-10,Money/Amount,False,Financial Account Information,False,,clear_non_responsive,False,,0,likely_non_responsive,,False,False,0,0,0,0,0,0,0.058,True,False,False,stage1_nr,False,,,0,False,,False,,0
CNG_Data2k/files/Q00897.01-0000278824.PDF,Q00897.01-0000278824.PDF,.pdf,1088683,ok,True,True,text,True,2,0,12,False,2,False,10-20,Name | Address | Phone | Money/Amount,True,Contact Information | Financial Account Information,False,,ambiguous,True,yes,10227,standard,bde_llm_count,True,True,2,0,0,0,0,1,10.961,False,False,True,,True,likely_yes,yes,5537,False,standard,False,,15764
CNG_Data2k/files/Q00897.01-0000746229.MSG,Q00897.01-0000746229.MSG,.msg,186880,ok,True,False,text,False,0,1,2,False,0,False,0-10,Name | Address | Phone | Card/Transaction | Money/Amount,True,Contact Information | Financial Account Information,False,,ambiguous,True,yes,4344,standard,,False,False,0,0,0,0,0,0,2.832,False,False,True,,True,clear_yes,yes,4380,False,standard,False,,8724
CNG_Data2k/files/Q00897.01-0000262450.PDF,Q00897.01-0000262450.PDF,.pdf,498969,ok,True,False,text,False,226,0,35,False,0,False,20-50,Phone | Payment Card | Money/Amount,True,Contact Information | Financial Account Information,False,,ambiguous,True,no,26801,likely_non_responsive,bde_llm_count,False,False,0,0,0,0,0,0,7.01,True,False,False,stage1_nr,False,,,0,False,,False,,26801
CNG_Data2k/files/Q00897.01-0000014282.XLSX,Q00897.01-0000014282.XLSX,.xlsx,209765,ok,True,True,text,True,3,0,432,False,432,True,100+,Name | Money/Amount,False,Financial Account Information,True,,ambiguous,True,yes,11843,structured_bde,bde_llm_count_roster,False,False,0,0,0,0,0,0,4.678,False,True,True,,True,clear_yes,yes,6411,True,structured_bde,False,,18254
CNG_Data2k/files/Q00897.01-0000007805.PDF,Q00897.01-0000007805.PDF,.pdf,44850,ok,True,False,text,False,9,0,50,False,50,False,20-50,Name | Address,True,Contact Information,False,,ambiguous,True,yes,21264,standard,bde_llm_count_roster,False,False,0,0,0,0,0,0,11.777,False,False,True,,True,clear_yes,yes,11346,False,standard,False,,32610
CNG_Data2k/files/Q00897.01-0000543995.0001.PDF,Q00897.01-0000543995.0001.PDF,.pdf,22557,ok,True,False,text,False,1,0,1,False,0,False,0-10,Money/Amount,False,Financial Account Information,False,,clear_non_responsive,False,,0,likely_non_responsive,,False,False,0,0,0,0,0,0,0.025,True,False,False,stage1_nr,False,,,0,False,,False,,0
CNG_Data2k/files/Q00897.01-0000246662.PDF,Q00897.01-0000246662.PDF,.pdf,649844,ok,True,False,text,False,12,0,2,False,0,False,0-10,Name | Address | Email | Bank/Account Number | Money/Amount,True,Contact Information | Financial Account Information,False,,ambiguous,True,yes,7765,standard,"img_ocr:p3(1/1,+339chars)",False,False,0,1,1,1,0,1,7.466,False,False,True,,True,likely_yes,yes,7796,False,standard,False,,15561
CNG_Data2k/files/Q00897.01-0000892334.PDF,Q00897.01-0000892334.PDF,.pdf,199276,ok,True,False,text,False,30,0,9,False,5,False,0-10,Address | Phone | SSN | Money/Amount | Work-Related,True,Contact Information | Government-Issued Identification | Financial Account Information | Work-Related Information,False,,clear_responsive,False,,13772,standard,bde_llm_count_roster,False,False,0,0,0,0,0,0,8.333,False,False,True,,True,clear_yes,yes,14777,False,standard,False,,28549
CNG_Data2k/files/Q00897.01-0000131568.PDF,Q00897.01-0000131568.PDF,.pdf,431698,ok,True,True,text,True,3,0,32,False,0,False,20-50,Phone | Money/Amount,True,Contact Information | Financial Account Information,False,,ambiguous,True,no,8504,likely_non_responsive,bde_llm_count,True,True,3,0,0,0,0,1,8.65,True,False,False,stage1_nr,False,,,0,False,,False,,8504
CNG_Data2k/files/Q00897.01-0000766158.0001.DOCX,Q00897.01-0000766158.0001.DOCX,.docx,20574,ok,True,False,text,False,0,0,1,False,0,False,0-10,Name | Email,True,Contact Information,False,,ambiguous,True,no,3962,likely_non_responsive,,False,False,0,0,0,0,0,0,1.011,True,False,False,stage1_nr,False,,,0,False,,False,,3962
CNG_Data2k/files/Q00897.01-0000901846.PDF,Q00897.01-0000901846.PDF,.pdf,15470,ok,True,False,text,False,2,0,1,False,0,False,0-10,Money/Amount,False,Financial Account Information,False,,clear_non_responsive,False,,0,likely_non_responsive,,False,False,0,0,0,0,0,0,0.079,True,False,False,stage1_nr,False,,,0,False,,False,,0
CNG_Data2k/files/Q00897.01-0000900464.PDF,Q00897.01-0000900464.PDF,.pdf,15375,ok,True,False,text,False,2,0,1,False,0,False,0-10,Money/Amount,False,Financial Account Information,False,,clear_non_responsive,False,,0,likely_non_responsive,,False,False,0,0,0,0,0,0,0.07,True,False,False,stage1_nr,False,,,0,False,,False,,0
CNG_Data2k/files/Q00897.01-0000113839.PDF,Q00897.01-0000113839.PDF,.pdf,19309,ok,True,False,text,False,1,0,1,False,0,False,0-10,Money/Amount | Health | Work-Related,False,Financial Account Information | Health-Related Information | Work-Related Information,False,,ambiguous,True,no,5204,likely_non_responsive,,False,False,0,0,0,0,0,0,1.923,True,False,False,stage1_nr,False,,,0,False,,False,,5204
CNG_Data2k/files/Q00897.01-0000474285.MSG,Q00897.01-0000474285.MSG,.msg,205312,ok,True,False,text,False,0,1,3,False,0,False,0-10,Name | Address | Email | Card/Transaction | Money/Amount,True,Contact Information | Financial Account Information,False,,ambiguous,True,yes,5363,standard,,False,False,0,0,0,0,0,0,3.609,False,False,True,,True,likely_yes,yes,5391,False,standard,False,,10754
CNG_Data2k/files/Q00897.01-0000238749.PDF,Q00897.01-0000238749.PDF,.pdf,171474,ok,True,False,text,False,1,0,1,False,0,False,0-10,Name | Address,True,Contact Information,False,,ambiguous,True,yes,4958,standard,,True,True,1,0,0,0,0,1,11.825,False,False,True,,True,clear_yes,yes,5025,False,standard,False,,9983
CNG_Data2k/files/Q00897.01-0000907872.PDF,Q00897.01-0000907872.PDF,.pdf,7662,ok,True,False,text,False,1,0,4,False,0,False,0-10,Name | Phone,True,Contact Information,False,,ambiguous,True,yes,3799,standard,,False,False,0,0,0,0,0,0,2.838,False,False,True,,True,borderline,no,3877,False,likely_non_responsive,True,,7676
CNG_Data2k/files/Q00897.01-0000426086.MSG,Q00897.01-0000426086.MSG,.msg,413696,ok,True,False,text,False,0,1,1,False,0,False,0-10,Name | Address | Email | Phone | Money/Amount,True,Contact Information | Financial Account Information,False,,ambiguous,True,no,4106,likely_non_responsive,,False,False,0,0,0,0,0,0,2.263,True,False,False,stage1_nr,False,,,0,False,,False,,4106
CNG_Data2k/files/Q00897.01-0000347167.PDF,Q00897.01-0000347167.PDF,.pdf,25722,ok,True,False,text,False,4,0,1,False,0,False,0-10,Address | Money/Amount,True,Contact Information | Financial Account Information,False,,ambiguous,True,yes,6165,standard,,False,False,0,0,0,0,0,0,3.159,False,False,True,,True,borderline,no,6236,False,likely_non_responsive,True,,12401
CNG_Data2k/files/Q00897.01-0000514734.MSG,Q00897.01-0000514734.MSG,.msg,26624,ok,True,False,text,False,0,0,2,False,0,False,0-10,Name | Email | Phone,True,Contact Information,False,,ambiguous,True,no,3756,likely_non_responsive,,False,False,0,0,0,0,0,0,1.612,True,False,False,stage1_nr,False,,,0,False,,False,,3756
CNG_Data2k/files/Q00897.01-0000566393.0001.CSV,Q00897.01-0000566393.0001.CSV,.csv,86635,ok,True,True,text,True,0,0,427,False,3,False,100+,Name | Money/Amount,False,Financial Account Information,False,,ambiguous,True,no,15694,likely_non_responsive,roster_by_rowcount bde_llm_count,False,False,0,0,0,0,0,0,2.17,True,False,False,stage1_nr,False,,,0,False,,False,,15694
CNG_Data2k/files/Q00897.01-0000244528.PDF,Q00897.01-0000244528.PDF,.pdf,1016484,ok,True,False,text,False,2,0,7,False,6,False,0-10,Address | Email | Phone | Money/Amount,True,Contact Information | Financial Account Information,False,,ambiguous,True,no,7778,likely_non_responsive,"img_ocr:p2(1/1,+31chars) bde_llm_count",False,False,0,1,1,1,0,1,6.623,True,False,False,stage1_nr,False,,,0,False,,False,,7778
CNG_Data2k/files/Q00897.01-0000813591.MSG,Q00897.01-0000813591.MSG,.msg,146944,ok,True,False,text,False,0,0,0,False,0,False,0-10,,False,,False,,clear_non_responsive,False,,0,likely_non_responsive,,False,False,0,0,0,0,0,0,0.109,True,False,False,stage1_nr,False,,,0,False,,False,,0
CNG_Data2k/files/Q00897.01-0000543105.0001.PDF,Q00897.01-0000543105.0001.PDF,.pdf,22572,ok,True,False,text,False,1,0,1,False,0,False,0-10,Money/Amount,False,Financial Account Information,False,,clear_non_responsive,False,,0,likely_non_responsive,,False,False,0,0,0,0,0,0,0.021,True,False,False,stage1_nr,False,,,0,False,,False,,0
CNG_Data2k/files/Q00897.01-0000294746.XLSX,Q00897.01-0000294746.XLSX,.xlsx,17610,ok,True,True,text,True,1,0,93,False,93,True,50-100,Phone | SSN | Money/Amount,True,Contact Information | Government-Issued Identification | Financial Account Information,True,,clear_responsive,False,,3913,structured_bde,bde_llm_count_roster,False,False,0,0,0,0,0,0,4.685,False,True,True,,True,clear_yes,yes,4996,True,structured_bde,False,,8909
CNG_Data2k/files/Q00897.01-0000355990.PDF,Q00897.01-0000355990.PDF,.pdf,11114147,ok,True,True,text,True,15,0,150,False,0,False,100+,Money/Amount,False,Financial Account Information,False,,ambiguous,True,no,14523,likely_non_responsive,bde_llm_count,True,True,15,0,0,0,0,1,69.496,True,False,False,stage1_nr,False,,,0,False,,False,,14523
CNG_Data2k/files/Q00897.01-0000714905.MSG,Q00897.01-0000714905.MSG,.msg,205824,ok,True,False,text,False,0,0,2,False,0,False,0-10,Address | Email | Phone | Credentials,True,Contact Information | Access Credentials,False,,ambiguous,True,no,3944,likely_non_responsive,,False,False,0,0,0,0,0,0,1.723,True,False,False,stage1_nr,False,,,0,False,,False,,3944
CNG_Data2k/files/Q00897.01-0000119986.XLSX,Q00897.01-0000119986.XLSX,.xlsx,153584,ok,True,True,text,True,3,0,376,False,19,False,100+,Name | Address | Email | Phone | Payment Card,True,Contact Information | Financial Account Information,False,,ambiguous,True,yes,12796,standard,bde_llm_count,False,False,0,0,0,0,0,0,4.78,False,False,True,,True,clear_no,no,6785,True,likely_non_responsive,True,,19581
CNG_Data2k/files/Q00897.01-0000857214.PDF,Q00897.01-0000857214.PDF,.pdf,406446,ok,True,True,text,True,6,0,20,False,2,False,10-20,Name | Address | Money/Amount | Health | Work-Related,True,Contact Information | Financial Account Information | Health-Related Information | Work-Related Information,False,,ambiguous,True,yes,12953,standard,bde_llm_count,True,True,6,0,0,0,0,1,9.686,False,False,True,,True,clear_yes,yes,6933,False,standard,False,,19886
CNG_Data2k/files/Q00897.01-0000903983.PDF,Q00897.01-0000903983.PDF,.pdf,17502,ok,True,True,text,True,2,0,29,False,2,False,20-50,Name | Address | Phone | Money/Amount,True,Contact Information | Financial Account Information,False,,ambiguous,True,yes,8364,standard,bde_llm_count,True,True,2,0,0,0,0,1,8.86,False,False,True,,True,clear_yes,yes,4625,False,standard,False,,12989
CNG_Data2k/files/Q00897.01-0000840450.MSG,Q00897.01-0000840450.MSG,.msg,521216,ok,True,False,text,False,0,6,15,False,10,False,10-20,Name | Address | Email | Phone,True,Contact Information,False,,ambiguous,True,yes,13183,standard,bde_llm_count,False,False,0,0,0,0,0,0,5.799,False,False,True,,True,likely_no,no,7058,False,likely_non_responsive,True,,20241
CNG_Data2k/files/Q00897.01-0000436787.0001.DOCX,Q00897.01-0000436787.0001.DOCX,.docx,47605,ok,True,False,text,False,0,0,1,False,0,False,0-10,Money/Amount,False,Financial Account Information,False,,clear_non_responsive,False,,0,likely_non_responsive,,False,False,0,0,0,0,0,0,0.038,True,False,False,stage1_nr,False,,,0,False,,False,,0
CNG_Data2k/files/Q00897.01-0000001431.PDF,Q00897.01-0000001431.PDF,.pdf,294471,ok,True,True,text,True,1,0,23,False,1,False,20-50,Name | Address | Email | Phone | SSN | Date of Birth | Money/Amount | Work-Related,True,Contact Information | Government-Issued Identification | Birth Information | Financial Account Information | Work-Related Information,False,,clear_responsive,False,,3412,standard,bde_llm_count,True,True,1,0,0,0,0,1,8.912,False,False,True,,True,clear_yes,yes,4264,False,standard,False,,7676
CNG_Data2k/files/Q00897.01-0000643505.0003.PDF,Q00897.01-0000643505.0003.PDF,.pdf,433821,ok,True,False,text,False,127,0,3,False,0,False,0-10,Name | Phone | Date of Birth | Account Balance | Money/Amount | Health | Work-Related,True,Contact Information | Birth Information | Financial Account Information | Health-Related Information | Work-Related Information,False,,ambiguous,True,no,7951,likely_non_responsive,,False,False,0,0,0,0,0,0,4.707,True,False,False,stage1_nr,False,,,0,False,,False,,7951
CNG_Data2k/files/Q00897.01-0000274844.PDF,Q00897.01-0000274844.PDF,.pdf,340302,ok,True,False,text,False,2,0,1,False,0,False,0-10,Name | Address | Card Expiry/CVV | Work-Related,True,Contact Information | Financial Account Information | Work-Related Information,False,,ambiguous,True,yes,4273,standard,,True,True,2,0,0,0,0,1,10.631,False,False,True,,True,clear_yes,yes,4326,False,standard,False,,8599
CNG_Data2k/files/Q00897.01-0000665527.0001.XLSX,Q00897.01-0000665527.0001.XLSX,.xlsx,18935,ok,True,True,text,True,1,0,62,False,0,False,50-100,Phone | Money/Amount,True,Contact Information | Financial Account Information,False,,ambiguous,True,no,13371,likely_non_responsive,roster_by_rowcount bde_llm_count,False,False,0,0,0,0,0,0,2.098,True,False,False,stage1_nr,False,,,0,False,,False,,13371
CNG_Data2k/files/Q00897.01-0000039590.PDF,Q00897.01-0000039590.PDF,.pdf,120735,ok,True,True,text,True,1,0,5,False,0,False,0-10,Name | Address | Bank/Account Number | Money/Amount,True,Contact Information | Financial Account Information,False,,ambiguous,True,no,7072,likely_non_responsive,bde_llm_count,True,True,1,0,0,0,0,1,6.523,True,False,False,stage1_nr,False,,,0,False,,False,,7072
CNG_Data2k/files/Q00897.01-0000112225.XLSX,Q00897.01-0000112225.XLSX,.xlsx,33045,ok,True,True,text,True,1,0,573,False,0,False,100+,Phone | Work-Related,True,Contact Information | Work-Related Information,False,,ambiguous,True,no,8003,likely_non_responsive,roster_by_rowcount bde_llm_count,False,False,0,0,0,0,0,0,2.473,True,False,False,stage1_nr,False,,,0,False,,False,,8003
CNG_Data2k/files/Q00897.01-0000519081.0001.XLSX,Q00897.01-0000519081.0001.XLSX,.xlsx,125269,ok,True,True,text,True,1,0,455,False,0,True,100+,Name | Phone | Money/Amount,True,Contact Information | Financial Account Information,True,,ambiguous,True,no,9638,structured_bde,bde_count_failed:RateLimitError,False,False,0,0,0,0,0,0,4.12,False,True,True,,True,likely_no,no,9705,True,likely_non_responsive,True,,19343
CNG_Data2k/files/Q00897.01-0000769640.0001.PDF,Q00897.01-0000769640.0001.PDF,.pdf,1522726,ok,True,False,text,False,131,0,3,False,0,False,0-10,Address | Email | Phone | Money/Amount | Work-Related,True,Contact Information | Financial Account Information | Work-Related Information,False,,ambiguous,True,no,9970,likely_non_responsive,,False,False,0,0,0,0,0,0,6.333,True,False,False,stage1_nr,False,,,0,False,,False,,9970
CNG_Data2k/files/Q00897.01-0000730150.MSG,Q00897.01-0000730150.MSG,.msg,520192,ok,True,False,text,False,0,0,1,False,0,False,0-10,Name | Address | Money/Amount | Health | Work-Related,True,Contact Information | Financial Account Information | Health-Related Information | Work-Related Information,False,,ambiguous,True,no,8539,likely_non_responsive,,False,False,0,0,0,0,0,0,7.036,True,False,False,stage1_nr,False,,,0,False,,False,,8539
CNG_Data2k/files/Q00897.01-0000870579.PDF,Q00897.01-0000870579.PDF,.pdf,154239,ok,True,False,text,False,16,0,12,False,0,False,10-20,Name | Address | Phone | Money/Amount,True,Contact Information | Financial Account Information,False,,ambiguous,True,yes,28515,standard,bde_llm_count,False,False,0,0,0,0,0,0,72.057,False,False,True,,True,clear_no,no,14809,False,likely_non_responsive,True,,43324
CNG_Data2k/files/Q00897.01-0000231217.PDF,Q00897.01-0000231217.PDF,.pdf,165444,ok,True,True,text,True,3,0,15,False,3,False,10-20,Name | Address | Phone | Tax ID | Bank/Account Number | Money/Amount,True,Contact Information | Government-Issued Identification | Financial Account Information,False,,ambiguous,True,no,9215,likely_non_responsive,bde_llm_count,True,True,3,0,0,0,0,1,8.014,True,False,False,stage1_nr,False,,,0,False,,False,,9215
CNG_Data2k/files/Q00897.01-0000902912.PDF,Q00897.01-0000902912.PDF,.pdf,15755,ok,True,False,text,False,2,0,1,False,0,False,0-10,Money/Amount,False,Financial Account Information,False,,clear_non_responsive,False,,0,likely_non_responsive,,False,False,0,0,0,0,0,0,0.096,True,False,False,stage1_nr,False,,,0,False,,False,,0
CNG_Data2k/files/Q00897.01-0000547442.0001.XLSX,Q00897.01-0000547442.0001.XLSX,.xlsx,70751,ok,True,True,text,True,1,0,56,False,0,False,50-100,Phone | Money/Amount,True,Contact Information | Financial Account Information,False,,ambiguous,True,no,17870,likely_non_responsive,bde_llm_count,False,False,0,0,0,0,0,0,2.729,True,False,False,stage1_nr,False,,,0,False,,False,,17870
CNG_Data2k/files/Q00897.01-0000656035.MSG,Q00897.01-0000656035.MSG,.msg,430592,ok,True,False,text,False,0,4,5,False,0,False,0-10,Name | Address | Email | Phone,True,Contact Information,False,,ambiguous,True,yes,6820,standard,,False,False,0,0,0,0,0,0,3.342,False,False,True,,True,likely_yes,yes,6925,False,standard,False,,13745
CNG_Data2k/files/Q00897.01-0000112287.XLSX,Q00897.01-0000112287.XLSX,.xlsx,48992,ok,True,True,text,True,1,0,573,False,0,False,100+,Work-Related,False,Work-Related Information,False,,ambiguous,True,no,14115,likely_non_responsive,roster_by_rowcount bde_llm_count,False,False,0,0,0,0,0,0,2.428,True,False,False,stage1_nr,False,,,0,False,,False,,14115
CNG_Data2k/files/Q00897.01-0000804257.0001.PDF,Q00897.01-0000804257.0001.PDF,.pdf,567159,ok,True,False,text,False,6,0,2,False,0,False,0-10,Name | Email | Card Expiry/CVV | Health | Demographic | Work-Related,True,Contact Information | Financial Account Information | Health-Related Information | Demographic Information | Work-Related Information,False,,ambiguous,True,no,6237,likely_non_responsive,,False,False,0,0,0,0,0,0,2.506,True,False,False,stage1_nr,False,,,0,False,,False,,6237
CNG_Data2k/files/Q00897.01-0000671137.MSG,Q00897.01-0000671137.MSG,.msg,44544,ok,True,False,text,False,0,0,3,False,0,False,0-10,Name | Phone,True,Contact Information,False,,ambiguous,True,no,3840,likely_non_responsive,,False,False,0,0,0,0,0,0,1.25,True,False,False,stage1_nr,False,,,0,False,,False,,3840
CNG_Data2k/files/Q00897.01-0000228645.XLSX,Q00897.01-0000228645.XLSX,.xlsx,21060,ok,True,True,text,True,1,0,366,False,0,False,100+,Phone | Money/Amount,True,Contact Information | Financial Account Information,False,,ambiguous,True,no,10839,likely_non_responsive,roster_by_rowcount bde_llm_count,False,False,0,0,0,0,0,0,2.136,True,False,False,stage1_nr,False,,,0,False,,False,,10839
CNG_Data2k\files\Q00897.01-0000472303.0001.DOC,Q00897.01-0000472303.0001.DOC,.doc,183075,ok,True,False,text,False,0,0,1,False,0,False,0-10,Phone | Card Expiry/CVV | Card/Transaction | Money/Amount,True,Contact Information | Financial Account Information,False,,ambiguous,True,yes,2037,standard,,False,False,0,0,0,0,0,0,2.018,False,False,True,,True,clear_yes,yes,2239,False,standard,False,,4276
CNG_Data2k/files/Q00897.01-0000005542.PDF,Q00897.01-0000005542.PDF,.pdf,1136331,ok,True,True,text,True,2,0,27,False,2,False,20-50,Name | Money/Amount | Work-Related,False,Financial Account Information | Work-Related Information,False,,ambiguous,True,yes,8170,standard,bde_llm_count_roster,True,True,2,0,0,0,0,1,12.883,False,False,True,,True,clear_yes,yes,4542,False,standard,False,,12712
CNG_Data2k/files/Q00897.01-0000865811.PDF,Q00897.01-0000865811.PDF,.pdf,104092,ok,True,False,text,False,1,0,2,False,0,False,0-10,Name | Address | Phone,True,Contact Information,False,,ambiguous,True,yes,4191,standard,,False,False,0,0,0,0,0,0,2.556,False,False,True,,True,clear_yes,yes,4283,False,standard,False,,8474
CNG_Data2k/files/Q00897.01-0000793754.0002.PDF,Q00897.01-0000793754.0002.PDF,.pdf,170847,ok,True,True,text,True,1,0,3,False,1,False,0-10,Address | Phone,True,Contact Information,False,,ambiguous,True,no,7812,likely_non_responsive,bde_llm_count,True,True,1,0,0,0,0,1,7.406,True,False,False,stage1_nr,False,,,0,False,,False,,7812
CNG_Data2k/files/Q00897.01-0000912360.PDF,Q00897.01-0000912360.PDF,.pdf,1127824,ok,True,False,text,False,142,0,708,False,708,True,100+,Name | Address | Phone | Health | Work-Related,True,Contact Information | Health-Related Information | Work-Related Information,True,,ambiguous,True,yes,30893,bde,bde_llm_count_roster,False,False,0,0,0,0,0,0,23.017,False,True,True,,True,clear_yes,yes,16026,True,bde,False,,46919
CNG_Data2k/files/Q00897.01-0000792484.MSG,Q00897.01-0000792484.MSG,.msg,272896,ok,True,False,text,False,0,2,1,False,0,False,0-10,Card/Transaction,False,Financial Account Information,False,,ambiguous,True,no,3684,likely_non_responsive,,False,False,0,0,0,0,0,0,1.053,True,False,False,stage1_nr,False,,,0,False,,False,,3684
CNG_Data2k/files/Q00897.01-0000442690.MSG,Q00897.01-0000442690.MSG,.msg,186368,ok,True,False,text,False,0,0,1,False,0,False,0-10,Name | Address | Email | Phone,True,Contact Information,False,,ambiguous,True,yes,4251,standard,,False,False,0,0,0,0,0,0,3.516,False,False,True,,True,likely_no,no,4323,False,likely_non_responsive,True,,8574
CNG_Data2k\files\Q00897.01-0000013868.XLS,Q00897.01-0000013868.XLS,.xls,70188,ok,True,True,text,True,2,0,5,False,5,False,0-10,Name | Money/Amount,False,Financial Account Information,False,,ambiguous,True,yes,3823,standard,bde_llm_count_roster,False,False,0,0,0,0,0,0,8.621,False,False,True,,True,likely_yes,yes,2521,False,standard,False,,6344
CNG_Data2k/files/Q00897.01-0000275003.XLSX,Q00897.01-0000275003.XLSX,.xlsx,364323,ok,True,True,text,True,10,0,119,False,2,False,100+,Name | Phone | Payment Card | Money/Amount,True,Contact Information | Financial Account Information,False,,ambiguous,True,no,14207,likely_non_responsive,bde_llm_count,False,False,0,0,0,0,0,0,2.961,True,False,False,stage1_nr,False,,,0,False,,False,,14207
CNG_Data2k/files/Q00897.01-0000910611.PDF,Q00897.01-0000910611.PDF,.pdf,985887,ok,True,False,text,False,112,0,67,False,6,True,50-100,Address | Phone | SSN | Money/Amount | Work-Related,True,Contact Information | Government-Issued Identification | Financial Account Information | Work-Related Information,True,,clear_responsive,False,,13843,bde,bde_llm_count_roster,False,False,0,0,0,0,0,0,19.868,False,True,True,,True,clear_yes,yes,14815,True,bde,False,,28658
CNG_Data2k/files/Q00897.01-0000766063.MSG,Q00897.01-0000766063.MSG,.msg,124928,ok,True,False,text,False,0,0,1,False,0,False,0-10,Name | Address | Email | Credentials,True,Contact Information | Access Credentials,False,,ambiguous,True,yes,4097,standard,,False,False,0,0,0,0,0,0,3.504,False,False,True,,True,borderline,no,4162,False,likely_non_responsive,True,,8259
CNG_Data2k/files/Q00897.01-0000344577.PDF,Q00897.01-0000344577.PDF,.pdf,27635,ok,True,False,text,False,5,0,1,False,0,False,0-10,Address | Money/Amount,True,Contact Information | Financial Account Information,False,,ambiguous,True,yes,6333,standard,,False,False,0,0,0,0,0,0,3.298,False,False,True,,True,clear_yes,yes,6352,False,standard,False,,12685
CNG_Data2k/files/Q00897.01-0000669907.MSG,Q00897.01-0000669907.MSG,.msg,161280,ok,True,False,text,False,0,1,3,False,0,False,0-10,Name | Phone,True,Contact Information,False,,ambiguous,True,no,3733,likely_non_responsive,,False,False,0,0,0,0,0,0,0.97,True,False,False,stage1_nr,False,,,0,False,,False,,3733
CNG_Data2k/files/Q00897.01-0000614733.MSG,Q00897.01-0000614733.MSG,.msg,115200,ok,True,False,text,False,0,0,11,False,6,False,10-20,Name | Address | Email | Phone | Money/Amount,True,Contact Information | Financial Account Information,False,,ambiguous,True,yes,10949,standard,bde_llm_count,False,False,0,0,0,0,0,0,5.631,False,False,True,,True,likely_no,no,5941,False,likely_non_responsive,True,,16890
CNG_Data2k/files/Q00897.01-0000015224.PDF,Q00897.01-0000015224.PDF,.pdf,382235,ok,True,True,text,True,2,0,13,False,1,False,10-20,Address | Phone | SSN | Money/Amount,True,Contact Information | Government-Issued Identification | Financial Account Information,False,,clear_responsive,False,,3448,standard,bde_llm_count,True,True,2,0,0,0,0,1,7.607,False,False,True,,True,clear_yes,yes,4315,False,standard,False,,7763
CNG_Data2k/files/Q00897.01-0000399666.MSG,Q00897.01-0000399666.MSG,.msg,169984,ok,True,False,text,False,0,2,7,False,5,False,0-10,Name | Address | Email | Phone | Money/Amount,True,Contact Information | Financial Account Information,False,,ambiguous,True,yes,10026,standard,bde_llm_count,False,False,0,0,0,0,0,0,6.055,False,False,True,,True,likely_no,no,5463,False,likely_non_responsive,True,,15489
CNG_Data2k/files/Q00897.01-0000719071.MSG,Q00897.01-0000719071.MSG,.msg,162816,ok,True,False,text,False,0,0,2,False,0,False,0-10,Address | Email | Phone | Money/Amount | Credentials,True,Contact Information | Financial Account Information | Access Credentials,False,,ambiguous,True,no,3979,likely_non_responsive,,False,False,0,0,0,0,0,0,1.647,True,False,False,stage1_nr,False,,,0,False,,False,,3979
CNG_Data2k/files/Q00897.01-0000669623.0002.PDF,Q00897.01-0000669623.0002.PDF,.pdf,12072,ok,True,False,text,False,12,0,7,False,0,False,0-10,Name | Address | Phone | Bank/Account Number | Money/Amount,True,Contact Information | Financial Account Information,False,,ambiguous,True,no,8895,likely_non_responsive,bde_llm_count,False,False,0,0,0,0,0,0,2.237,True,False,False,stage1_nr,False,,,0,False,,False,,8895
CNG_Data2k/files/Q00897.01-0000418301.0001.XLSX,Q00897.01-0000418301.0001.XLSX,.xlsx,165277,ok,True,True,text,True,10,0,107,False,0,False,100+,Payment Card | Money/Amount,True,Financial Account Information,False,,ambiguous,True,no,14904,likely_non_responsive,bde_llm_count,False,False,0,0,0,0,0,0,4.386,True,False,False,stage1_nr,False,,,0,False,,False,,14904
CNG_Data2k/files/Q00897.01-0000250117.PDF,Q00897.01-0000250117.PDF,.pdf,640184,ok,True,False,text,False,3,0,4,False,0,False,0-10,Name | Address | Phone | Bank/Account Number | Money/Amount,True,Contact Information | Financial Account Information,False,,ambiguous,True,yes,4651,standard,"img_ocr:p3,p3,p3(3/3,+1306chars)",False,False,0,3,3,3,0,3,16.047,False,False,True,,True,likely_no,no,4663,False,likely_non_responsive,True,,9314
CNG_Data2k/files/Q00897.01-0000549296.0001.PDF,Q00897.01-0000549296.0001.PDF,.pdf,22569,ok,True,False,text,False,1,0,1,False,0,False,0-10,Money/Amount,False,Financial Account Information,False,,clear_non_responsive,False,,0,likely_non_responsive,,False,False,0,0,0,0,0,0,0.02,True,False,False,stage1_nr,False,,,0,False,,False,,0
CNG_Data2k/files/Q00897.01-0000082085.PDF,Q00897.01-0000082085.PDF,.pdf,1110925,ok,True,True,text,True,5,0,90,False,0,False,50-100,Address | Email | Phone | Money/Amount,True,Contact Information | Financial Account Information,False,,ambiguous,True,no,13016,likely_non_responsive,bde_llm_count,True,True,5,0,0,0,0,1,16.829,True,False,False,stage1_nr,False,,,0,False,,False,,13016
CNG_Data2k/files/Q00897.01-0000613684.0001.PDF,Q00897.01-0000613684.0001.PDF,.pdf,3836080,ok,True,False,text,False,11,0,1,False,0,False,0-10,Money/Amount,False,Financial Account Information,False,,clear_non_responsive,False,,0,likely_non_responsive,"img_ocr:p1,p2,p2(3/3,+48chars)",False,False,0,3,3,3,0,3,17.34,True,False,False,stage1_nr,False,,,0,False,,False,,0
CNG_Data2k/files/Q00897.01-0000675499.MSG,Q00897.01-0000675499.MSG,.msg,99840,ok,True,False,text,False,0,1,8,False,5,False,0-10,Name | Address | Email | Phone,True,Contact Information,False,,ambiguous,True,yes,11407,standard,bde_llm_count,False,False,0,0,0,0,0,0,64.993,False,False,True,,True,likely_no,no,6168,False,likely_non_responsive,True,,17575
CNG_Data2k/files/Q00897.01-0000835582.MSG,Q00897.01-0000835582.MSG,.msg,114688,ok,True,False,text,False,0,0,8,False,7,False,0-10,Name | Address | Email | Phone | Card Expiry/CVV | Card/Transaction,True,Contact Information | Financial Account Information,False,,ambiguous,True,yes,12424,standard,bde_llm_count,False,False,0,0,0,0,0,0,5.218,False,False,True,,True,borderline,no,6674,False,likely_non_responsive,True,,19098
CNG_Data2k/files/Q00897.01-0000800670.0004.PDF,Q00897.01-0000800670.0004.PDF,.pdf,243360,ok,True,False,text,False,1,0,2,False,0,False,0-10,Name | Address | Money/Amount,True,Contact Information | Financial Account Information,False,,ambiguous,True,yes,15389,standard,"img_ocr:p1(1/2,+55chars)",False,False,0,2,2,1,0,2,11.479,False,False,True,,True,likely_yes,yes,15443,False,standard,False,,30832
CNG_Data2k/files/Q00897.01-0000654456.MSG,Q00897.01-0000654456.MSG,.msg,211456,ok,True,False,text,False,0,4,1,False,0,False,0-10,Name | Email | Phone,True,Contact Information,False,,ambiguous,True,no,4010,likely_non_responsive,,False,False,0,0,0,0,0,0,1.315,True,False,False,stage1_nr,False,,,0,False,,False,,4010
CNG_Data2k/files/Q00897.01-0000779754.0001.PDF,Q00897.01-0000779754.0001.PDF,.pdf,2082,ok,True,False,text,False,1,0,2,False,0,False,0-10,Name | Address | Email | Phone,True,Contact Information,False,,ambiguous,True,no,3916,likely_non_responsive,,False,False,0,0,0,0,0,0,1.472,True,False,False,stage1_nr,False,,,0,False,,False,,3916
CNG_Data2k/files/Q00897.01-0000008745.PDF,Q00897.01-0000008745.PDF,.pdf,420281,ok,True,False,text,False,2,0,4,False,0,False,0-10,Name | Email | Money/Amount | Work-Related,True,Contact Information | Financial Account Information | Work-Related Information,False,,ambiguous,True,yes,16707,standard,,False,False,0,0,0,0,0,0,3.224,False,False,True,,True,likely_yes,yes,16733,False,standard,False,,33440
CNG_Data2k/files/Q00897.01-0000540888.MSG,Q00897.01-0000540888.MSG,.msg,119808,ok,True,False,text,False,0,0,3,False,0,False,0-10,Name | Phone | Money/Amount,True,Contact Information | Financial Account Information,False,,ambiguous,True,no,3902,likely_non_responsive,,False,False,0,0,0,0,0,0,2.479,True,False,False,stage1_nr,False,,,0,False,,False,,3902
CNG_Data2k/files/Q00897.01-0000293799.PDF,Q00897.01-0000293799.PDF,.pdf,115514,ok,True,False,text,False,1,0,1,False,0,False,0-10,Money/Amount,False,Financial Account Information,False,,clear_non_responsive,False,,0,likely_non_responsive,,False,False,0,0,0,0,0,0,0.136,True,False,False,stage1_nr,False,,,0,False,,False,,0
CNG_Data2k/files/Q00897.01-0000551190.0001.PDF,Q00897.01-0000551190.0001.PDF,.pdf,635236,ok,True,False,text,False,4,0,1,False,0,False,0-10,Money/Amount,False,Financial Account Information,False,,clear_non_responsive,False,,0,likely_non_responsive,,False,False,0,0,0,0,0,0,3.509,True,False,False,stage1_nr,False,,,0,False,,False,,0
CNG_Data2k/files/Q00897.01-0000867919.XLSX,Q00897.01-0000867919.XLSX,.xlsx,16602,ok,True,True,text,True,1,0,3,False,34,False,0-10,SSN | Money/Amount,True,Government-Issued Identification | Financial Account Information,False,,clear_responsive,False,,3579,standard,bde_llm_count_roster,False,False,0,0,0,0,0,0,3.9,False,False,True,,True,clear_yes,yes,4641,False,standard,False,,8220
CNG_Data2k/files/Q00897.01-0000809610.0002.DOCX,Q00897.01-0000809610.0002.DOCX,.docx,41251,ok,True,False,text,False,0,0,0,False,0,False,0-10,,False,,False,,clear_non_responsive,False,,0,likely_non_responsive,,False,False,0,0,0,0,0,0,0.057,True,False,False,stage1_nr,False,,,0,False,,False,,0
CNG_Data2k/files/Q00897.01-0000796048.MSG,Q00897.01-0000796048.MSG,.msg,530432,ok,True,False,text,False,0,4,4,False,0,False,0-10,Name | Address | Email | Phone,True,Contact Information,False,,ambiguous,True,yes,4504,standard,,False,False,0,0,0,0,0,0,2.794,False,False,True,,True,likely_no,no,4555,False,likely_non_responsive,True,,9059
CNG_Data2k/files/Q00897.01-0000241973.CSV,Q00897.01-0000241973.CSV,.csv,1072,ok,True,True,text,True,0,0,2,False,0,False,0-10,Name | Address | Phone | Money/Amount,True,Contact Information | Financial Account Information,False,,ambiguous,True,no,7180,likely_non_responsive,bde_llm_count,False,False,0,0,0,0,0,0,2.042,True,False,False,stage1_nr,False,,,0,False,,False,,7180
CNG_Data2k/files/Q00897.01-0000275758.PDF,Q00897.01-0000275758.PDF,.pdf,273146,ok,True,False,text,False,2,0,2,False,0,False,0-10,Name | Address | Phone | Money/Amount,True,Contact Information | Financial Account Information,False,,ambiguous,True,no,3988,likely_non_responsive,,True,True,2,0,0,0,0,1,6.345,True,False,False,stage1_nr,False,,,0,False,,False,,3988
CNG_Data2k/files/Q00897.01-0000305186.CSV,Q00897.01-0000305186.CSV,.csv,567767,ok,True,True,text,True,0,0,2573,False,0,False,100+,Name | Phone | Payment Card | Money/Amount,True,Contact Information | Financial Account Information,False,,ambiguous,True,no,10722,likely_non_responsive,bde_llm_count,False,False,0,0,0,0,0,0,2.344,True,False,False,stage1_nr,False,,,0,False,,False,,10722
CNG_Data2k/files/Q00897.01-0000906329.PDF,Q00897.01-0000906329.PDF,.pdf,1094254,ok,True,False,text,False,159,0,336,False,51,True,100+,Name | Address | Phone | Money/Amount,True,Contact Information | Financial Account Information,True,,ambiguous,True,yes,36155,bde,bde_llm_count_roster,False,False,0,0,0,0,0,0,28.866,False,True,True,,True,likely_yes,yes,18708,True,bde,False,,54863
CNG_Data2k/files/Q00897.01-0000446401.MSG,Q00897.01-0000446401.MSG,.msg,175104,ok,True,False,text,False,0,1,1,False,0,False,0-10,Money/Amount,False,Financial Account Information,False,,clear_non_responsive,False,,0,likely_non_responsive,,False,False,0,0,0,0,0,0,0.141,True,False,False,stage1_nr,False,,,0,False,,False,,0
CNG_Data2k/files/Q00897.01-0000798079.MSG,Q00897.01-0000798079.MSG,.msg,135168,ok,True,False,text,False,0,1,4,False,0,False,0-10,Name | Email | Phone,True,Contact Information,False,,ambiguous,True,yes,4676,standard,,False,False,0,0,0,0,0,0,2.953,False,False,True,,True,likely_no,no,4718,False,likely_non_responsive,True,,9394
CNG_Data2k/files/Q00897.01-0000577918.0001.XLSX,Q00897.01-0000577918.0001.XLSX,.xlsx,85333,ok,True,True,text,True,1,0,56,False,0,False,50-100,Phone | Money/Amount,True,Contact Information | Financial Account Information,False,,ambiguous,True,no,14413,likely_non_responsive,bde_llm_count,False,False,0,0,0,0,0,0,2.396,True,False,False,stage1_nr,False,,,0,False,,False,,14413
CNG_Data2k/files/Q00897.01-0000392793.MSG,Q00897.01-0000392793.MSG,.msg,145408,ok,True,False,text,False,0,0,2,False,0,False,0-10,Address | Email | Phone | Money/Amount,True,Contact Information | Financial Account Information,False,,ambiguous,True,no,4559,likely_non_responsive,,False,False,0,0,0,0,0,0,4.66,True,False,False,stage1_nr,False,,,0,False,,False,,4559
CNG_Data2k/files/Q00897.01-0000324151.XLSX,Q00897.01-0000324151.XLSX,.xlsx,23410,ok,True,True,text,True,1,0,166,False,0,False,100+,Phone | Money/Amount,True,Contact Information | Financial Account Information,False,,ambiguous,True,no,15569,likely_non_responsive,roster_by_rowcount bde_llm_count,False,False,0,0,0,0,0,0,2.003,True,False,False,stage1_nr,False,,,0,False,,False,,15569
CNG_Data2k/files/Q00897.01-0000658859.MSG,Q00897.01-0000658859.MSG,.msg,170496,ok,True,False,text,False,0,1,22,False,0,False,20-50,Name | Phone,True,Contact Information,False,,ambiguous,True,no,7984,likely_non_responsive,bde_llm_count,False,False,0,0,0,0,0,0,3.752,True,False,False,stage1_nr,False,,,0,False,,False,,7984
CNG_Data2k/files/Q00897.01-0000868577.TXT,Q00897.01-0000868577.TXT,.txt,993,ok,True,False,text,False,0,0,5,False,0,False,0-10,Address | Phone | Money/Amount,True,Contact Information | Financial Account Information,False,,ambiguous,True,no,4208,likely_non_responsive,,False,False,0,0,0,0,0,0,0.891,True,False,False,stage1_nr,False,,,0,False,,False,,4208
CNG_Data2k/files/Q00897.01-0000002896.PDF,Q00897.01-0000002896.PDF,.pdf,548506,ok,True,False,text,False,2,0,1,False,0,False,0-10,Name | Money/Amount | Work-Related,True,Financial Account Information | Work-Related Information,False,,ambiguous,True,yes,16800,standard,,False,False,0,0,0,0,0,0,5.764,False,False,True,,True,borderline,no,16865,False,likely_non_responsive,True,,33665
CNG_Data2k/files/Q00897.01-0000473956.0001.PDF,Q00897.01-0000473956.0001.PDF,.pdf,34999,ok,True,False,text,False,2,0,2,False,0,False,0-10,Name | Address | Phone | Money/Amount,True,Contact Information | Financial Account Information,False,,ambiguous,True,no,4438,likely_non_responsive,,False,False,0,0,0,0,0,0,1.539,True,False,False,stage1_nr,False,,,0,False,,False,,4438
CNG_Data2k/files/Q00897.01-0000260346.XLSX,Q00897.01-0000260346.XLSX,.xlsx,107750,ok,True,True,text,True,1,0,624,False,624,True,100+,Name | Money/Amount,False,Financial Account Information,True,,ambiguous,True,yes,19407,structured_bde,roster_by_rowcount bde_llm_count_roster,False,False,0,0,0,0,0,0,4.322,False,True,True,,True,likely_yes,yes,10142,True,structured_bde,False,,29549
CNG_Data2k/files/Q00897.01-0000663353.0001.0001.PDF,Q00897.01-0000663353.0001.0001.PDF,.pdf,175768,ok,True,False,text,False,6,0,2,False,0,False,0-10,Name | Address | Phone | Money/Amount,True,Contact Information | Financial Account Information,False,,ambiguous,True,no,7049,likely_non_responsive,"img_ocr:p1,p1,p1,p1,p2,p3(6/9,+325chars)",False,False,0,9,9,6,0,9,39.798,True,False,False,stage1_nr,False,,,0,False,,False,,7049
CNG_Data2k/files/Q00897.01-0000771935.0001.PDF,Q00897.01-0000771935.0001.PDF,.pdf,90794,ok,True,False,text,False,2,0,1,False,0,False,0-10,Name | Email | Phone | Money/Amount,True,Contact Information | Financial Account Information,False,,ambiguous,True,yes,4887,standard,,False,False,0,0,0,0,0,0,2.581,False,False,True,,True,clear_no,no,4931,False,likely_non_responsive,True,,9818
CNG_Data2k/files/Q00897.01-0000134371.PDF,Q00897.01-0000134371.PDF,.pdf,517974,ok,True,True,text,True,3,0,45,False,0,False,20-50,Phone | Money/Amount,True,Contact Information | Financial Account Information,False,,ambiguous,True,no,8078,likely_non_responsive,bde_llm_count,True,True,3,0,0,0,0,1,10.645,True,False,False,stage1_nr,False,,,0,False,,False,,8078
CNG_Data2k/files/Q00897.01-0000777514.0001.PDF,Q00897.01-0000777514.0001.PDF,.pdf,6397763,ok,True,False,text,False,20,0,2,False,0,False,0-10,Name | Phone,True,Contact Information,False,,ambiguous,True,yes,12222,standard,,False,False,0,0,0,0,0,0,40.575,False,False,True,,True,borderline,no,12289,False,likely_non_responsive,True,,24511
CNG_Data2k/files/Q00897.01-0000310452.XLSX,Q00897.01-0000310452.XLSX,.xlsx,21485,ok,True,True,text,True,2,0,116,False,116,True,100+,Name | Address,True,Contact Information,True,,ambiguous,True,yes,8270,structured_bde,bde_llm_count_roster,False,False,0,0,0,0,0,0,5.632,False,True,True,,True,clear_no,no,4477,True,likely_non_responsive,True,,12747
CNG_Data2k/files/Q00897.01-0000111009.PDF,Q00897.01-0000111009.PDF,.pdf,20242,ok,True,False,text,False,1,0,2,False,0,False,0-10,Address | Email | Phone | Bank/Account Number | Money/Amount,True,Contact Information | Financial Account Information,False,,ambiguous,True,no,4350,likely_non_responsive,,False,False,0,0,0,0,0,0,1.335,True,False,False,stage1_nr,False,,,0,False,,False,,4350
CNG_Data2k/files/Q00897.01-0000550102.0001.CSV,Q00897.01-0000550102.0001.CSV,.csv,83799,ok,True,True,text,True,0,0,413,False,0,False,100+,Money/Amount,False,Financial Account Information,False,,ambiguous,True,no,14929,likely_non_responsive,roster_by_rowcount bde_llm_count,False,False,0,0,0,0,0,0,2.301,True,False,False,stage1_nr,False,,,0,False,,False,,14929
CNG_Data2k/files/Q00897.01-0000292343.PDF,Q00897.01-0000292343.PDF,.pdf,4063294,ok,True,False,text,False,5,0,2,False,0,False,0-10,Name | Money/Amount,True,Financial Account Information,False,,ambiguous,True,yes,4857,standard,,False,False,0,0,0,0,0,0,3.559,False,False,True,,True,clear_yes,yes,4919,False,standard,False,,9776
CNG_Data2k/files/Q00897.01-0000840909.0001.PDF,Q00897.01-0000840909.0001.PDF,.pdf,169310,ok,True,False,text,False,10,0,2,False,0,False,0-10,Name | Address | Email | Phone | Money/Amount,True,Contact Information | Financial Account Information,False,,ambiguous,True,no,9001,likely_non_responsive,,False,False,0,0,0,0,0,0,1.476,True,False,False,stage1_nr,False,,,0,False,,False,,9001
CNG_Data2k/files/Q00897.01-0000536795.0001.PDF,Q00897.01-0000536795.0001.PDF,.pdf,18039,ok,True,False,text,False,3,0,1,False,0,False,0-10,Money/Amount,False,Financial Account Information,False,,clear_non_responsive,False,,0,likely_non_responsive,,False,False,0,0,0,0,0,0,0.122,True,False,False,stage1_nr,False,,,0,False,,False,,0
CNG_Data2k/files/Q00897.01-0000798460.MSG,Q00897.01-0000798460.MSG,.msg,29184,ok,True,False,text,False,0,0,3,False,0,False,0-10,Name | Address | Email | Phone,True,Contact Information,False,,ambiguous,True,yes,4189,standard,,False,False,0,0,0,0,0,0,2.807,False,False,True,,True,likely_no,no,4283,False,likely_non_responsive,True,,8472
CNG_Data2k/files/Q00897.01-0000001974.PDF,Q00897.01-0000001974.PDF,.pdf,57519,ok,True,True,text,True,1,0,6,False,1,False,0-10,Name | Phone | Money/Amount,True,Contact Information | Financial Account Information,False,,ambiguous,True,yes,6671,standard,bde_llm_count,True,True,1,0,0,0,0,1,9.389,False,False,True,,True,likely_yes,yes,3817,False,standard,False,,10488
CNG_Data2k/files/Q00897.01-0000014717.PDF,Q00897.01-0000014717.PDF,.pdf,342480,ok,True,False,text,False,1,0,2,False,0,False,0-10,Name | Address | Email | Phone | SSN | Money/Amount | Work-Related,True,Contact Information | Government-Issued Identification | Financial Account Information | Work-Related Information,False,,clear_responsive,False,,0,standard,,False,False,0,0,0,0,0,0,1.682,False,False,True,,True,clear_yes,yes,4283,False,standard,False,,4283
CNG_Data2k/files/Q00897.01-0000616747.MSG,Q00897.01-0000616747.MSG,.msg,266752,ok,True,False,text,False,0,3,6,False,0,False,0-10,Name | Address | Email | Phone,True,Contact Information,False,,ambiguous,True,yes,6649,standard,,False,False,0,0,0,0,0,0,3.184,False,False,True,,True,likely_no,no,6739,False,likely_non_responsive,True,,13388
CNG_Data2k/files/Q00897.01-0000899552.PDF,Q00897.01-0000899552.PDF,.pdf,15466,ok,True,True,text,True,2,0,39,False,2,False,20-50,Name | Address | Phone | Money/Amount | Work-Related,True,Contact Information | Financial Account Information | Work-Related Information,False,,ambiguous,True,yes,8143,standard,bde_llm_count,True,True,2,0,0,0,0,1,9.497,False,False,True,,True,clear_yes,yes,4532,False,standard,False,,12675
CNG_Data2k/files/Q00897.01-0000788842.MSG,Q00897.01-0000788842.MSG,.msg,177664,ok,True,False,text,False,0,1,8,False,5,False,0-10,Name | Address | Email | Phone | Card/Transaction | Money/Amount,True,Contact Information | Financial Account Information,False,,ambiguous,True,yes,7936,standard,bde_llm_count,False,False,0,0,0,0,0,0,5.185,False,False,True,,True,likely_no,no,4410,False,likely_non_responsive,True,,12346
CNG_Data2k/files/Q00897.01-0000529289.0001.PDF,Q00897.01-0000529289.0001.PDF,.pdf,22573,ok,True,False,text,False,1,0,1,False,0,False,0-10,Money/Amount,False,Financial Account Information,False,,clear_non_responsive,False,,0,likely_non_responsive,,False,False,0,0,0,0,0,0,0.041,True,False,False,stage1_nr,False,,,0,False,,False,,0
CNG_Data2k/files/Q00897.01-0000457525.MSG,Q00897.01-0000457525.MSG,.msg,131072,ok,True,False,text,False,0,2,2,False,0,False,0-10,Name | Address | Email | Phone | Money/Amount,True,Contact Information | Financial Account Information,False,,ambiguous,True,yes,3964,standard,,False,False,0,0,0,0,0,0,2.716,False,False,True,,True,borderline,no,4034,False,likely_non_responsive,True,,7998
CNG_Data2k/files/Q00897.01-0000612489.0001.PDF,Q00897.01-0000612489.0001.PDF,.pdf,7202059,ok,True,True,text,True,2,0,8,False,0,False,0-10,Address | Phone | Money/Amount,True,Contact Information | Financial Account Information,False,,ambiguous,True,no,9127,likely_non_responsive,bde_llm_count,True,True,2,0,0,0,0,1,7.932,True,False,False,stage1_nr,False,,,0,False,,False,,9127
CNG_Data2k/files/Q00897.01-0000823216.MSG,Q00897.01-0000823216.MSG,.msg,37376,error,False,False,,False,0,0,0,False,0,False,,,False,,False,,,False,,0,review_error,MalformedRtf,False,False,0,0,0,0,0,0,0.562,False,False,False,extract_error,False,,,0,False,,False,,0
CNG_Data2k/files/Q00897.01-0000542272.0001.PDF,Q00897.01-0000542272.0001.PDF,.pdf,22564,ok,True,False,text,False,1,0,1,False,0,False,0-10,Money/Amount,False,Financial Account Information,False,,clear_non_responsive,False,,0,likely_non_responsive,,False,False,0,0,0,0,0,0,0.038,True,False,False,stage1_nr,False,,,0,False,,False,,0
CNG_Data2k/files/Q00897.01-0000685126.MSG,Q00897.01-0000685126.MSG,.msg,240128,ok,True,False,text,False,0,0,12,False,14,False,10-20,Name | Email | Phone | Money/Amount | Work-Related,True,Contact Information | Financial Account Information | Work-Related Information,False,,ambiguous,True,yes,13200,standard,bde_llm_count,False,False,0,0,0,0,0,0,66.093,False,False,True,,True,likely_no,no,6963,False,likely_non_responsive,True,,20163
CNG_Data2k/files/Q00897.01-0000891401.PDF,Q00897.01-0000891401.PDF,.pdf,22345,ok,True,False,text,False,5,0,1,False,0,False,0-10,Address | Phone | Money/Amount,True,Contact Information | Financial Account Information,False,,ambiguous,True,no,6382,likely_non_responsive,,False,False,0,0,0,0,0,0,1.411,True,False,False,stage1_nr,False,,,0,False,,False,,6382
CNG_Data2k/files/Q00897.01-0000841730.0026.PDF,Q00897.01-0000841730.0026.PDF,.pdf,23181,ok,True,False,text,False,9,0,1,False,0,False,0-10,Card/Transaction | Money/Amount | Work-Related,False,Financial Account Information | Work-Related Information,False,,ambiguous,True,no,11000,likely_non_responsive,,False,False,0,0,0,0,0,0,1.346,True,False,False,stage1_nr,False,,,0,False,,False,,11000
CNG_Data2k/files/Q00897.01-0000644047.MSG,Q00897.01-0000644047.MSG,.msg,268800,ok,True,False,text,False,0,3,10,False,4,False,0-10,Name | Address | Email | Phone,True,Contact Information,False,,ambiguous,True,yes,20359,standard,bde_llm_count,False,False,0,0,0,0,0,0,4.774,False,False,True,,True,likely_yes,yes,10668,False,standard,False,,31027
CNG_Data2k/files/Q00897.01-0000444393.0001.PDF,Q00897.01-0000444393.0001.PDF,.pdf,400868,ok,True,True,text,True,3,0,16,False,2,False,10-20,Name | Address | Email | Phone | Card Expiry/CVV | Money/Amount,True,Contact Information | Financial Account Information,False,,ambiguous,True,yes,9276,standard,bde_llm_count,True,True,3,0,0,0,0,1,11.146,False,False,True,,True,borderline,no,5133,False,likely_non_responsive,True,,14409
CNG_Data2k/files/Q00897.01-0000846194.MSG,Q00897.01-0000846194.MSG,.msg,28160,ok,True,False,text,False,0,0,2,False,0,False,0-10,Name | Address | Email | Phone,True,Contact Information,False,,ambiguous,True,yes,4573,standard,,False,False,0,0,0,0,0,0,2.611,False,False,True,,True,borderline,no,4642,False,likely_non_responsive,True,,9215
CNG_Data2k/files/Q00897.01-0000591957.0001.PDF,Q00897.01-0000591957.0001.PDF,.pdf,20964,ok,True,False,text,False,1,0,0,False,0,False,0-10,,False,,False,,clear_non_responsive,False,,0,likely_non_responsive,,False,False,0,0,0,0,0,0,0.017,True,False,False,stage1_nr,False,,,0,False,,False,,0
CNG_Data2k/files/Q00897.01-0000908896.PDF,Q00897.01-0000908896.PDF,.pdf,11098,ok,True,False,text,False,2,0,0,False,0,False,0-10,,False,,False,,clear_non_responsive,False,,0,likely_non_responsive,,False,False,0,0,0,0,0,0,0.106,True,False,False,stage1_nr,False,,,0,False,,False,,0
CNG_Data2k/files/Q00897.01-0000768115.0001.PDF,Q00897.01-0000768115.0001.PDF,.pdf,501358,ok,True,False,text,False,3,0,6,False,0,False,0-10,Name | Address | Email | Phone | Bank/Account Number | Money/Amount,True,Contact Information | Financial Account Information,False,,ambiguous,True,yes,5174,standard,"img_ocr:p1,p1(2/2,+35chars)",False,False,0,2,2,2,0,2,11.353,False,False,True,,True,clear_yes,yes,5218,False,standard,False,,10392
CNG_Data2k/files/Q00897.01-0000654513.MSG,Q00897.01-0000654513.MSG,.msg,58368,ok,True,False,text,False,0,1,2,False,0,False,0-10,Name | Address | Phone,True,Contact Information,False,,ambiguous,True,yes,3783,standard,,False,False,0,0,0,0,0,0,2.403,False,False,True,,True,clear_no,no,3833,False,likely_non_responsive,True,,7616
CNG_Data2k/files/Q00897.01-0000628803.0001.XLSX,Q00897.01-0000628803.0001.XLSX,.xlsx,11666,ok,True,True,text,True,1,0,0,False,0,False,0-10,Money/Amount,False,Financial Account Information,False,,ambiguous,True,no,7061,structured_unreadable,bde_llm_count,False,False,0,0,0,0,0,0,3.547,False,False,True,,True,clear_no,no,4013,False,likely_non_responsive,True,,11074
CNG_Data2k/files/Q00897.01-0000453328.0001.PDF,Q00897.01-0000453328.0001.PDF,.pdf,11607,ok,True,False,text,False,3,0,1,False,0,False,0-10,Money/Amount,False,Financial Account Information,False,,clear_non_responsive,False,,0,likely_non_responsive,,False,False,0,0,0,0,0,0,0.117,True,False,False,stage1_nr,False,,,0,False,,False,,0
CNG_Data2k/files/Q00897.01-0000367948.MSG,Q00897.01-0000367948.MSG,.msg,256512,ok,True,False,text,False,0,0,3,False,0,False,0-10,Name | Address | Email,True,Contact Information,False,,ambiguous,True,yes,4277,standard,,False,False,0,0,0,0,0,0,62.262,False,False,True,,True,borderline,no,4335,False,likely_non_responsive,True,,8612
CNG_Data2k/files/Q00897.01-0000915815.PDF,Q00897.01-0000915815.PDF,.pdf,212199,ok,True,False,text,False,2,0,1,False,0,False,0-10,Name | Phone | Money/Amount,True,Contact Information | Financial Account Information,False,,ambiguous,True,yes,4313,standard,,False,False,0,0,0,0,0,0,2.235,False,False,True,,True,clear_yes,yes,4359,False,standard,False,,8672
CNG_Data2k/files/Q00897.01-0000890047.PDF,Q00897.01-0000890047.PDF,.pdf,7363,ok,True,False,text,False,1,0,1,False,0,False,0-10,Name | Phone,True,Contact Information,False,,ambiguous,True,yes,3744,standard,,False,False,0,0,0,0,0,0,2.737,False,False,True,,True,borderline,no,3822,False,likely_non_responsive,True,,7566
CNG_Data2k/files/Q00897.01-0000293741.PDF,Q00897.01-0000293741.PDF,.pdf,4172689,ok,True,False,text,False,29,0,1,False,0,False,0-10,Money/Amount,False,Financial Account Information,False,,clear_non_responsive,False,,0,likely_non_responsive,,False,False,0,0,0,0,0,0,4.405,True,False,False,stage1_nr,False,,,0,False,,False,,0
CNG_Data2k/files/Q00897.01-0000605126.0001.PDF,Q00897.01-0000605126.0001.PDF,.pdf,23682,ok,True,False,text,False,1,0,1,False,0,False,0-10,Money/Amount,False,Financial Account Information,False,,clear_non_responsive,False,,0,likely_non_responsive,,False,False,0,0,0,0,0,0,0.026,True,False,False,stage1_nr,False,,,0,False,,False,,0
CNG_Data2k/files/Q00897.01-0000766914.0001.PDF,Q00897.01-0000766914.0001.PDF,.pdf,38350,ok,True,False,text,False,1,0,2,False,0,False,0-10,Name | Address | Phone | Money/Amount,True,Contact Information | Financial Account Information,False,,ambiguous,True,no,3987,likely_non_responsive,,False,False,0,0,0,0,0,0,1.328,True,False,False,stage1_nr,False,,,0,False,,False,,3987
CNG_Data2k/files/Q00897.01-0000866430.XLSX,Q00897.01-0000866430.XLSX,.xlsx,388723,ok,True,True,text,True,12,0,2598,False,1,False,100+,Name | Address,True,Contact Information,False,,ambiguous,True,yes,7097,standard,roster_by_rowcount bde_llm_count,False,False,0,0,0,0,0,0,3.88,False,False,True,,True,likely_no,no,4019,True,likely_non_responsive,True,,11116
CNG_Data2k/files/Q00897.01-0000023460.PDF,Q00897.01-0000023460.PDF,.pdf,28519,ok,True,False,text,False,1,0,1,False,0,False,0-10,Money/Amount,False,Financial Account Information,False,,clear_non_responsive,False,,0,likely_non_responsive,"img_ocr:p1,p1,p1,p1(4/4,+4chars)",False,False,0,4,4,4,0,4,16.622,True,False,False,stage1_nr,False,,,0,False,,False,,0
CNG_Data2k/files/Q00897.01-0000890379.PDF,Q00897.01-0000890379.PDF,.pdf,7242,ok,True,False,text,False,1,0,0,False,0,False,0-10,,False,,False,,clear_non_responsive,False,,0,likely_non_responsive,,False,False,0,0,0,0,0,0,0.022,True,False,False,stage1_nr,False,,,0,False,,False,,0
CNG_Data2k/files/Q00897.01-0000545894.0001.PDF,Q00897.01-0000545894.0001.PDF,.pdf,22564,ok,True,False,text,False,1,0,1,False,0,False,0-10,Money/Amount,False,Financial Account Information,False,,clear_non_responsive,False,,0,likely_non_responsive,,False,False,0,0,0,0,0,0,0.021,True,False,False,stage1_nr,False,,,0,False,,False,,0
CNG_Data2k/files/Q00897.01-0000914402.PDF,Q00897.01-0000914402.PDF,.pdf,100057,ok,True,False,text,False,2,0,3,False,0,False,0-10,Name | Address | Phone | Money/Amount | Work-Related,True,Contact Information | Financial Account Information | Work-Related Information,False,,ambiguous,True,yes,5413,standard,"img_ocr:p2(1/1,+6chars)",False,False,0,1,1,1,0,1,7.133,False,False,True,,True,likely_no,no,5470,False,likely_non_responsive,True,,10883
CNG_Data2k/files/Q00897.01-0000125188.PDF,Q00897.01-0000125188.PDF,.pdf,3095995,ok,True,True,text,True,15,0,205,False,4,False,100+,Name | Address | Email | Phone | Money/Amount,True,Contact Information | Financial Account Information,False,,ambiguous,True,yes,20236,standard,bde_llm_count,True,True,15,0,0,0,0,1,12.169,False,False,True,,True,likely_no,no,10494,True,likely_non_responsive,True,,30730
CNG_Data2k/files/Q00897.01-0000776872.MSG,Q00897.01-0000776872.MSG,.msg,31232,ok,True,False,text,False,0,0,6,False,0,False,0-10,Address | Email | Phone,True,Contact Information,False,,ambiguous,True,no,4455,likely_non_responsive,,False,False,0,0,0,0,0,0,1.412,True,False,False,stage1_nr,False,,,0,False,,False,,4455
CNG_Data2k/files/Q00897.01-0000344991.PDF,Q00897.01-0000344991.PDF,.pdf,22266,ok,True,False,text,False,2,0,1,False,0,False,0-10,Address | Money/Amount,True,Contact Information | Financial Account Information,False,,ambiguous,True,yes,4950,standard,,False,False,0,0,0,0,0,0,2.551,False,False,True,,True,likely_no,no,5004,False,likely_non_responsive,True,,9954
CNG_Data2k/files/Q00897.01-0000141407.XLSX,Q00897.01-0000141407.XLSX,.xlsx,77676,ok,True,True,text,True,3,0,669,False,0,False,100+,Address | Phone | Money/Amount,True,Contact Information | Financial Account Information,False,,ambiguous,True,no,13980,likely_non_responsive,roster_by_rowcount bde_llm_count,False,False,0,0,0,0,0,0,2.525,True,False,False,stage1_nr,False,,,0,False,,False,,13980
CNG_Data2k/files/Q00897.01-0000430879.MSG,Q00897.01-0000430879.MSG,.msg,150016,ok,True,False,text,False,0,1,5,False,0,False,0-10,Name | Address | Email | Phone | Money/Amount,True,Contact Information | Financial Account Information,False,,ambiguous,True,yes,5690,standard,,False,False,0,0,0,0,0,0,4.764,False,False,True,,True,clear_no,no,5721,False,likely_non_responsive,True,,11411
CNG_Data2k/files/Q00897.01-0000555824.0001.PNG,Q00897.01-0000555824.0001.PNG,.png,428913,ok,True,True,text,True,1,0,29,False,0,False,20-50,Money/Amount,False,Financial Account Information,False,,ambiguous,True,no,10088,likely_non_responsive,bde_llm_count,True,True,1,0,0,0,0,1,6.354,True,False,False,stage1_nr,False,,,0,False,,False,,10088
CNG_Data2k/files/Q00897.01-0000654418.0001.XLSX,Q00897.01-0000654418.0001.XLSX,.xlsx,16190,ok,True,True,text,True,1,0,6,False,0,False,0-10,Phone | Money/Amount,True,Contact Information | Financial Account Information,False,,ambiguous,True,no,7901,likely_non_responsive,bde_llm_count,False,False,0,0,0,0,0,0,2.048,True,False,False,stage1_nr,False,,,0,False,,False,,7901
CNG_Data2k/files/Q00897.01-0000863889.PDF,Q00897.01-0000863889.PDF,.pdf,595135,ok,True,False,text,False,5,0,2,False,0,False,0-10,Name | Address | Money/Amount,True,Contact Information | Financial Account Information,False,,ambiguous,True,yes,5600,standard,"img_ocr:p1(1/1,+77chars)",False,False,0,1,1,1,0,1,7.043,False,False,True,,True,clear_yes,yes,5653,False,standard,False,,11253
CNG_Data2k/files/Q00897.01-0000538110.0001.XLSX,Q00897.01-0000538110.0001.XLSX,.xlsx,51217,ok,True,True,text,True,4,0,66,False,14,True,50-100,Name | Money/Amount,False,Financial Account Information,True,,ambiguous,True,yes,10962,structured_bde,bde_llm_count_roster,False,False,0,0,0,0,0,0,6.083,False,True,True,,True,likely_no,no,5990,True,likely_non_responsive,True,,16952
CNG_Data2k/files/Q00897.01-0000673116.MSG,Q00897.01-0000673116.MSG,.msg,124928,ok,True,False,text,False,0,1,1,False,0,False,0-10,Name | Money/Amount,True,Financial Account Information,False,,ambiguous,True,no,3775,likely_non_responsive,,False,False,0,0,0,0,0,0,1.091,True,False,False,stage1_nr,False,,,0,False,,False,,3775
CNG_Data2k/files/Q00897.01-0000884048.XLSX,Q00897.01-0000884048.XLSX,.xlsx,54234,ok,True,True,text,True,5,0,58,False,58,True,50-100,Name | Address | Phone,True,Contact Information,True,,ambiguous,True,yes,8133,structured_bde,bde_llm_count_roster,False,False,0,0,0,0,0,0,4.53,False,True,True,,True,clear_no,no,4513,True,likely_non_responsive,True,,12646
CNG_Data2k/files/Q00897.01-0000483653.MSG,Q00897.01-0000483653.MSG,.msg,34816,ok,True,False,text,False,0,0,4,False,0,False,0-10,Name | Address | Email | Phone | Money/Amount | Work-Related,True,Contact Information | Financial Account Information | Work-Related Information,False,,ambiguous,True,no,5101,likely_non_responsive,,False,False,0,0,0,0,0,0,1.563,True,False,False,stage1_nr,False,,,0,False,,False,,5101
CNG_Data2k/files/Q00897.01-0000341802.DOCX,Q00897.01-0000341802.DOCX,.docx,15376,ok,True,False,text,False,0,0,1,False,0,False,0-10,Name | Money/Amount,True,Financial Account Information,False,,ambiguous,True,yes,3929,standard,,False,False,0,0,0,0,0,0,2.208,False,False,True,,True,likely_yes,yes,3968,False,standard,False,,7897
CNG_Data2k/files/Q00897.01-0000341270.DOCX,Q00897.01-0000341270.DOCX,.docx,15129,ok,True,False,text,False,0,0,1,False,0,False,0-10,Name | Money/Amount | Student ID,True,Financial Account Information | Student-Related Information,False,,ambiguous,True,yes,3884,standard,,False,False,0,0,0,0,0,0,2.595,False,False,True,,True,likely_no,no,3957,False,likely_non_responsive,True,,7841
CNG_Data2k/files/Q00897.01-0000891261.PDF,Q00897.01-0000891261.PDF,.pdf,36848,ok,True,False,text,False,8,0,50,False,51,True,20-50,Name | Phone,True,Contact Information,True,,ambiguous,True,yes,15571,bde,bde_llm_count_roster,False,False,0,0,0,0,0,0,9.779,False,True,True,,True,likely_yes,yes,8470,False,standard,False,,24041
CNG_Data2k/files/Q00897.01-0000696043.MSG,Q00897.01-0000696043.MSG,.msg,216576,ok,True,False,text,False,0,0,2,False,0,False,0-10,Address | Email | Phone | Credentials,True,Contact Information | Access Credentials,False,,ambiguous,True,no,3958,likely_non_responsive,,False,False,0,0,0,0,0,0,2.266,True,False,False,stage1_nr,False,,,0,False,,False,,3958
CNG_Data2k/files/Q00897.01-0000826608.MSG,Q00897.01-0000826608.MSG,.msg,54784,error,False,False,,False,0,0,0,False,0,False,,,False,,False,,,False,,0,review_error,MalformedRtf,False,False,0,0,0,0,0,0,1.162,False,False,False,extract_error,False,,,0,False,,False,,0
CNG_Data2k/files/Q00897.01-0000258991.PDF,Q00897.01-0000258991.PDF,.pdf,544840,ok,True,False,text,False,5,0,6,False,0,False,0-10,Name | Address | Phone | Money/Amount,True,Contact Information | Financial Account Information,False,,ambiguous,True,yes,5918,standard,,False,False,0,0,0,0,0,0,3.483,False,False,True,,True,likely_no,no,6001,False,likely_non_responsive,True,,11919
CNG_Data2k/files/Q00897.01-0000426759.MSG,Q00897.01-0000426759.MSG,.msg,185856,ok,True,False,text,False,0,0,1,False,0,False,0-10,Address | Card/Transaction | Money/Amount,True,Contact Information | Financial Account Information,False,,ambiguous,True,yes,4133,standard,,False,False,0,0,0,0,0,0,3.455,False,False,True,,True,likely_no,no,4194,False,likely_non_responsive,True,,8327
CNG_Data2k/files/Q00897.01-0000372178.MSG,Q00897.01-0000372178.MSG,.msg,199680,ok,True,False,text,False,0,1,0,False,0,False,0-10,,False,,False,,clear_non_responsive,False,,0,likely_non_responsive,,False,False,0,0,0,0,0,0,0.168,True,False,False,stage1_nr,False,,,0,False,,False,,0
CNG_Data2k/files/Q00897.01-0000458214.0001.XLSX,Q00897.01-0000458214.0001.XLSX,.xlsx,193632,ok,True,True,text,True,20,0,2975,False,0,False,100+,Phone,True,Contact Information,False,,ambiguous,True,no,8338,likely_non_responsive,roster_by_rowcount bde_llm_count,False,False,0,0,0,0,0,0,1.877,True,False,False,stage1_nr,False,,,0,False,,False,,8338
CNG_Data2k/files/Q00897.01-0000290661.CSV,Q00897.01-0000290661.CSV,.csv,2614,ok,True,True,text,True,0,0,9,False,3,False,0-10,Name | SSN | Money/Amount | Health,True,Government-Issued Identification | Financial Account Information | Health-Related Information,False,,clear_responsive,False,,3819,standard,bde_llm_count_roster,False,False,0,0,0,0,0,0,2.598,False,False,True,,True,clear_yes,yes,4692,False,standard,False,,8511
CNG_Data2k/files/Q00897.01-0000839030.0001.DOCX,Q00897.01-0000839030.0001.DOCX,.docx,136162,ok,True,False,text,False,0,0,1,False,0,False,0-10,Money/Amount,False,Financial Account Information,False,,clear_non_responsive,False,,0,likely_non_responsive,,False,False,0,0,0,0,0,0,0.087,True,False,False,stage1_nr,False,,,0,False,,False,,0
CNG_Data2k/files/Q00897.01-0000060608.PDF,Q00897.01-0000060608.PDF,.pdf,572278,ok,True,True,text,True,1,0,10,False,2,False,0-10,Name | Phone | Money/Amount,True,Contact Information | Financial Account Information,False,,ambiguous,True,no,7179,likely_non_responsive,bde_llm_count,True,True,1,0,0,0,0,1,8.258,True,False,False,stage1_nr,False,,,0,False,,False,,7179
CNG_Data2k/files/Q00897.01-0000673508.0002.CSV,Q00897.01-0000673508.0002.CSV,.csv,663,ok,True,True,text,True,0,0,0,False,0,False,0-10,Money/Amount,False,Financial Account Information,False,,ambiguous,True,no,6860,likely_non_responsive,bde_llm_count,False,False,0,0,0,0,0,0,1.5,True,False,False,stage1_nr,False,,,0,False,,False,,6860
CNG_Data2k/files/Q00897.01-0000414106.0001.XLSX,Q00897.01-0000414106.0001.XLSX,.xlsx,10540805,error,False,False,,False,0,0,0,False,0,False,,,False,,False,,,False,,0,review_error,ValueError,False,False,0,0,0,0,0,0,0.195,False,False,False,extract_error,False,,,0,False,,False,,0
CNG_Data2k/files/Q00897.01-0000905028.PDF,Q00897.01-0000905028.PDF,.pdf,65037,ok,True,False,text,False,14,0,1,False,0,False,0-10,Name | Address | Money/Amount | Work-Related,True,Contact Information | Financial Account Information | Work-Related Information,False,,ambiguous,True,yes,14116,standard,,False,False,0,0,0,0,0,0,3.619,False,False,True,,True,clear_yes,yes,14179,False,standard,False,,28295
CNG_Data2k/files/Q00897.01-0000884440.MSG,Q00897.01-0000884440.MSG,.msg,10988544,ok,True,False,text,False,0,5,5,False,0,False,0-10,Name | Address | Email | Phone | Health,True,Contact Information | Health-Related Information,False,,ambiguous,True,yes,11370,standard,,False,False,0,0,0,0,0,0,63.013,False,False,True,,True,likely_yes,yes,11410,False,standard,False,,22780
CNG_Data2k/files/Q00897.01-0000341114.PDF,Q00897.01-0000341114.PDF,.pdf,123471,ok,True,True,text,True,1,0,12,False,1,False,10-20,Name | Money/Amount,False,Financial Account Information,False,,ambiguous,True,yes,7094,standard,bde_llm_count,True,True,1,0,0,0,0,1,8.384,False,False,True,,True,likely_no,no,4032,False,likely_non_responsive,True,,11126
CNG_Data2k/files/Q00897.01-0000777204.0001.XLSX,Q00897.01-0000777204.0001.XLSX,.xlsx,50881,ok,True,True,text,True,3,0,391,False,39,True,100+,Name | Money/Amount,False,Financial Account Information,True,,ambiguous,True,yes,10670,structured_bde,bde_llm_count_roster,False,False,0,0,0,0,0,0,8.537,False,True,True,,True,clear_yes,yes,5924,True,structured_bde,False,,16594
CNG_Data2k/files/Q00897.01-0000697174.MSG,Q00897.01-0000697174.MSG,.msg,468480,ok,True,False,text,False,0,0,1,False,0,False,0-10,Email | Card Expiry/CVV | Money/Amount | Health | Work-Related,True,Contact Information | Financial Account Information | Health-Related Information | Work-Related Information,False,,ambiguous,True,no,6319,likely_non_responsive,,False,False,0,0,0,0,0,0,5.18,True,False,False,stage1_nr,False,,,0,False,,False,,6319
CNG_Data2k/files/Q00897.01-0000835291.MSG,Q00897.01-0000835291.MSG,.msg,297984,ok,True,False,text,False,0,7,20,False,10,False,10-20,Name | Address | Email | Phone,True,Contact Information,False,,ambiguous,True,yes,15706,standard,bde_llm_count,False,False,0,0,0,0,0,0,7.473,False,False,True,,True,likely_yes,yes,8318,False,standard,False,,24024
CNG_Data2k/files/Q00897.01-0000019447.PDF,Q00897.01-0000019447.PDF,.pdf,80813,ok,True,False,text,False,1,0,1,False,0,False,0-10,Name | Bank/Account Number | Money/Amount,True,Financial Account Information,False,,ambiguous,True,yes,3841,standard,,True,True,1,0,0,0,0,1,6.177,False,False,True,,True,clear_yes,yes,3900,False,standard,False,,7741
CNG_Data2k/files/Q00897.01-0000421994.0003.0001.PDF,Q00897.01-0000421994.0003.0001.PDF,.pdf,357962,ok,True,True,text,True,1,0,4,False,1,False,0-10,Name | Address | Email | Money/Amount,True,Contact Information | Financial Account Information,False,,ambiguous,True,yes,8227,standard,bde_llm_count,True,True,1,0,0,0,0,1,8.642,False,False,True,,True,borderline,no,4602,False,likely_non_responsive,True,,12829
CNG_Data2k/files/Q00897.01-0000484105.MSG,Q00897.01-0000484105.MSG,.msg,32768,ok,True,False,text,False,0,0,9,False,4,False,0-10,Name | Address | Email | Phone | Money/Amount | Work-Related,True,Contact Information | Financial Account Information | Work-Related Information,False,,ambiguous,True,yes,9493,standard,bde_llm_count,False,False,0,0,0,0,0,0,4.865,False,False,True,,True,clear_yes,yes,5196,False,standard,False,,14689
CNG_Data2k/files/Q00897.01-0000895295.PDF,Q00897.01-0000895295.PDF,.pdf,11938,ok,True,False,text,False,1,0,0,False,0,False,0-10,,False,,False,,clear_non_responsive,False,,0,likely_non_responsive,,False,False,0,0,0,0,0,0,0.044,True,False,False,stage1_nr,False,,,0,False,,False,,0
CNG_Data2k/files/Q00897.01-0000910780.PDF,Q00897.01-0000910780.PDF,.pdf,22359,ok,True,False,text,False,5,0,1,False,0,False,0-10,Name | Address | Phone | Money/Amount,True,Contact Information | Financial Account Information,False,,ambiguous,True,yes,6306,standard,,False,False,0,0,0,0,0,0,2.551,False,False,True,,True,likely_no,no,6351,False,likely_non_responsive,True,,12657
CNG_Data2k/files/Q00897.01-0000707044.MSG,Q00897.01-0000707044.MSG,.msg,158208,ok,True,False,text,False,0,0,1,False,0,False,0-10,Name | Address,True,Contact Information,False,,ambiguous,True,yes,4024,standard,,False,False,0,0,0,0,0,0,2.98,False,False,True,,True,borderline,no,4108,False,likely_non_responsive,True,,8132
CNG_Data2k/files/Q00897.01-0000330550.PDF,Q00897.01-0000330550.PDF,.pdf,371881,ok,True,False,text,False,4,0,1,False,0,False,0-10,Name | Address | Bank/Account Number | Money/Amount,True,Contact Information | Financial Account Information,False,,ambiguous,True,yes,4378,standard,"img_ocr:p2(1/1,+333chars)",False,False,0,1,1,1,0,1,6.591,False,False,True,,True,likely_no,no,4447,False,likely_non_responsive,True,,8825
CNG_Data2k/files/Q00897.01-0000809821.0001.PDF,Q00897.01-0000809821.0001.PDF,.pdf,231163,ok,True,False,text,False,6,0,2,False,0,False,0-10,Name | Address | Email | Health,True,Contact Information | Health-Related Information,False,,ambiguous,True,no,7099,likely_non_responsive,,False,False,0,0,0,0,0,0,1.503,True,False,False,stage1_nr,False,,,0,False,,False,,7099
CNG_Data2k/files/Q00897.01-0000001898.PDF,Q00897.01-0000001898.PDF,.pdf,57408,ok,True,False,text,False,3,0,1,False,0,False,0-10,Name | Bank/Account Number,True,Financial Account Information,False,,ambiguous,True,yes,3919,standard,,False,False,0,0,0,0,0,0,2.535,False,False,True,,True,clear_yes,yes,3970,False,standard,False,,7889
CNG_Data2k/files/Q00897.01-0000017459.PDF,Q00897.01-0000017459.PDF,.pdf,128641,ok,True,False,text,False,1,0,1,False,0,False,0-10,Phone | Money/Amount,True,Contact Information | Financial Account Information,False,,ambiguous,True,yes,4170,standard,,False,False,0,0,0,0,0,0,2.316,False,False,True,,True,clear_yes,yes,4203,False,standard,False,,8373
CNG_Data2k/files/Q00897.01-0000256387.PDF,Q00897.01-0000256387.PDF,.pdf,189741,ok,True,False,text,False,2,0,1,False,0,False,0-10,Address | Phone | Tax ID | Money/Amount,True,Contact Information | Government-Issued Identification | Financial Account Information,False,,ambiguous,True,no,4360,likely_non_responsive,,False,False,0,0,0,0,0,0,1.073,True,False,False,stage1_nr,False,,,0,False,,False,,4360
CNG_Data2k/files/Q00897.01-0000361254.MSG,Q00897.01-0000361254.MSG,.msg,237056,ok,True,False,text,False,0,0,1,False,0,False,0-10,Address,True,Contact Information,False,,ambiguous,True,no,3889,likely_non_responsive,,False,False,0,0,0,0,0,0,1.847,True,False,False,stage1_nr,False,,,0,False,,False,,3889
CNG_Data2k/files/Q00897.01-0000890879.PDF,Q00897.01-0000890879.PDF,.pdf,11892,ok,True,False,text,False,1,0,0,False,0,False,0-10,,False,,False,,clear_non_responsive,False,,0,likely_non_responsive,,False,False,0,0,0,0,0,0,0.033,True,False,False,stage1_nr,False,,,0,False,,False,,0
CNG_Data2k/files/Q00897.01-0000905131.PDF,Q00897.01-0000905131.PDF,.pdf,19941,ok,True,False,text,False,3,0,1,False,0,False,0-10,Address | Phone | Money/Amount,True,Contact Information | Financial Account Information,False,,ambiguous,True,no,5758,likely_non_responsive,,False,False,0,0,0,0,0,0,1.218,True,False,False,stage1_nr,False,,,0,False,,False,,5758
CNG_Data2k/files/Q00897.01-0000669511.0001.PDF,Q00897.01-0000669511.0001.PDF,.pdf,1449073,ok,True,True,text,True,9,0,81,False,4,False,50-100,Name | Address | Phone | Tax ID | Bank/Account Number | Money/Amount,True,Contact Information | Government-Issued Identification | Financial Account Information,False,,ambiguous,True,yes,13375,standard,bde_llm_count,True,True,9,0,0,0,0,1,70.957,False,False,True,,True,clear_no,no,7115,True,likely_non_responsive,True,,20490
CNG_Data2k/files/Q00897.01-0000118344.XLSX,Q00897.01-0000118344.XLSX,.xlsx,19097,ok,True,True,text,True,1,0,6,False,7,False,0-10,Name | Email,True,Contact Information,False,,ambiguous,True,yes,7088,standard,bde_llm_count_roster,False,False,0,0,0,0,0,0,3.86,False,False,True,,True,clear_yes,yes,4073,False,standard,False,,11161
CNG_Data2k/files/Q00897.01-0000260118.PDF,Q00897.01-0000260118.PDF,.pdf,1359980,ok,True,True,text,True,15,0,689,False,6,False,100+,Name | Address | Money/Amount,True,Contact Information | Financial Account Information,False,,ambiguous,True,yes,32452,standard,bde_llm_count,True,True,15,0,0,0,0,1,26.616,False,False,True,,True,likely_no,no,16813,True,likely_non_responsive,True,,49265
CNG_Data2k/files/Q00897.01-0000890870.PDF,Q00897.01-0000890870.PDF,.pdf,21696,ok,True,False,text,False,4,0,30,False,30,False,20-50,Name | Phone,True,Contact Information,False,,ambiguous,True,yes,10351,standard,bde_llm_count_roster,False,False,0,0,0,0,0,0,7.281,False,False,True,,True,likely_yes,yes,5742,False,standard,False,,16093
CNG_Data2k/files/Q00897.01-0000908255.PDF,Q00897.01-0000908255.PDF,.pdf,845662,ok,True,False,text,False,124,0,30,False,30,False,20-50,Name | Address | Phone | Money/Amount,True,Contact Information | Financial Account Information,False,,ambiguous,True,yes,35070,standard,bde_llm_count_roster,False,False,0,0,0,0,0,0,66.722,False,False,True,,True,clear_yes,yes,18154,False,standard,False,,53224
CNG_Data2k/files/Q00897.01-0000011418.PDF,Q00897.01-0000011418.PDF,.pdf,62241,ok,True,False,text,False,1,0,0,False,0,False,0-10,,False,,False,,clear_non_responsive,False,,0,likely_non_responsive,,False,False,0,0,0,0,0,0,0.044,True,False,False,stage1_nr,False,,,0,False,,False,,0
CNG_Data2k/files/Q00897.01-0000363983.MSG,Q00897.01-0000363983.MSG,.msg,295424,ok,True,False,text,False,0,0,1,False,0,False,0-10,Name | Address | Email | Phone | Card Expiry/CVV | Card/Transaction | Money/Amount,True,Contact Information | Financial Account Information,False,,ambiguous,True,yes,5742,standard,,False,False,0,0,0,0,0,0,62.834,False,False,True,,True,likely_no,no,5822,False,likely_non_responsive,True,,11564
CNG_Data2k/files/Q00897.01-0000896192.PDF,Q00897.01-0000896192.PDF,.pdf,17213,ok,True,True,text,True,2,0,37,False,2,False,20-50,Name | Address | Phone | Money/Amount | Work-Related,True,Contact Information | Financial Account Information | Work-Related Information,False,,ambiguous,True,yes,8305,standard,bde_llm_count,True,True,2,0,0,0,0,1,9.352,False,False,True,,True,clear_yes,yes,4594,False,standard,False,,12899
CNG_Data2k/files/Q00897.01-0000578818.0001.CSV,Q00897.01-0000578818.0001.CSV,.csv,10049671,ok,True,True,text,True,0,0,48587,False,0,False,100+,Money/Amount,False,Financial Account Information,False,,ambiguous,True,no,15745,likely_non_responsive,roster_by_rowcount bde_llm_count,False,False,0,0,0,0,0,0,3.866,True,False,False,stage1_nr,False,,,0,False,,False,,15745
CNG_Data2k/files/Q00897.01-0000291327.PDF,Q00897.01-0000291327.PDF,.pdf,41960,ok,True,True,text,True,1,0,1,False,1,False,0-10,Name,False,,False,,ambiguous,True,yes,6644,standard,bde_llm_count,True,True,1,0,0,0,0,1,7.677,False,False,True,,True,borderline,no,3802,False,likely_non_responsive,True,,10446
CNG_Data2k/files/Q00897.01-0000331326.PDF,Q00897.01-0000331326.PDF,.pdf,509789,ok,True,False,text,False,7,0,2,False,0,False,0-10,Name | Address | Bank/Account Number | Money/Amount,True,Contact Information | Financial Account Information,False,,ambiguous,True,yes,4521,standard,"img_ocr:p2(1/1,+334chars)",False,False,0,1,1,1,0,1,7.45,False,False,True,,True,likely_no,no,4598,False,likely_non_responsive,True,,9119
CNG_Data2k/files/Q00897.01-0000407435.MSG,Q00897.01-0000407435.MSG,.msg,283648,ok,True,False,text,False,0,4,4,False,0,False,0-10,Name | Address | Email | Phone | Money/Amount,True,Contact Information | Financial Account Information,False,,ambiguous,True,yes,6968,standard,,False,False,0,0,0,0,0,0,4.575,False,False,True,,True,likely_no,no,7063,False,likely_non_responsive,True,,14031
CNG_Data2k/files/Q00897.01-0000504395.MSG,Q00897.01-0000504395.MSG,.msg,97280,ok,True,False,text,False,0,0,3,False,0,False,0-10,Name | Address | Email | Tax ID | Money/Amount,True,Contact Information | Government-Issued Identification | Financial Account Information,False,,ambiguous,True,no,4525,likely_non_responsive,,False,False,0,0,0,0,0,0,2.439,True,False,False,stage1_nr,False,,,0,False,,False,,4525
CNG_Data2k/files/Q00897.01-0000403826.MSG,Q00897.01-0000403826.MSG,.msg,126464,ok,True,False,text,False,0,0,11,False,4,False,10-20,Name | Address | Email | Phone,True,Contact Information,False,,ambiguous,True,yes,7535,standard,bde_llm_count,False,False,0,0,0,0,0,0,5.561,False,False,True,,True,likely_no,no,4216,False,likely_non_responsive,True,,11751
CNG_Data2k/files/Q00897.01-0000651878.0001.XLSX,Q00897.01-0000651878.0001.XLSX,.xlsx,11779,ok,True,True,text,True,1,0,4,False,0,False,0-10,Phone | Money/Amount,True,Contact Information | Financial Account Information,False,,ambiguous,True,no,6960,likely_non_responsive,bde_llm_count,False,False,0,0,0,0,0,0,1.924,True,False,False,stage1_nr,False,,,0,False,,False,,6960
CNG_Data2k/files/Q00897.01-0000830582.MSG,Q00897.01-0000830582.MSG,.msg,129536,ok,True,False,text,False,0,1,10,False,6,False,0-10,Name | Address | Email | Phone | Money/Amount,True,Contact Information | Financial Account Information,False,,ambiguous,True,yes,7761,standard,bde_llm_count,False,False,0,0,0,0,0,0,4.43,False,False,True,,True,likely_yes,yes,4341,False,standard,False,,12102
CNG_Data2k/files/Q00897.01-0000871253.XLSX,Q00897.01-0000871253.XLSX,.xlsx,521679,ok,True,True,text,True,1,0,1865,False,0,False,100+,Phone | Money/Amount,True,Contact Information | Financial Account Information,False,,ambiguous,True,no,19344,likely_non_responsive,bde_llm_count,False,False,0,0,0,0,0,0,2.674,True,False,False,stage1_nr,False,,,0,False,,False,,19344
CNG_Data2k/files/Q00897.01-0000012553.XLSX,Q00897.01-0000012553.XLSX,.xlsx,19407,ok,True,True,text,True,1,0,4,False,5,False,0-10,Name | Money/Amount,False,Financial Account Information,False,,ambiguous,True,yes,6959,standard,bde_llm_count_roster,False,False,0,0,0,0,0,0,3.018,False,False,True,,True,likely_no,no,3965,False,likely_non_responsive,True,,10924
CNG_Data2k/files/Q00897.01-0000418441.MSG,Q00897.01-0000418441.MSG,.msg,685568,ok,True,False,text,False,0,1,2,False,0,False,0-10,Name | Address | Email | Phone | Money/Amount,True,Contact Information | Financial Account Information,False,,ambiguous,True,no,4126,likely_non_responsive,,False,False,0,0,0,0,0,0,2.679,True,False,False,stage1_nr,False,,,0,False,,False,,4126
CNG_Data2k/files/Q00897.01-0000870816.TXT,Q00897.01-0000870816.TXT,.txt,297536,ok,True,False,text,False,0,0,101,False,0,False,100+,Phone | Money/Amount,True,Contact Information | Financial Account Information,False,,ambiguous,True,no,28790,likely_non_responsive,bde_llm_count,False,False,0,0,0,0,0,0,2.675,True,False,False,stage1_nr,False,,,0,False,,False,,28790
CNG_Data2k/files/Q00897.01-0000114261.PDF,Q00897.01-0000114261.PDF,.pdf,16386,ok,True,False,text,False,8,0,1,False,0,False,0-10,Card/Transaction | Money/Amount | Work-Related,False,Financial Account Information | Work-Related Information,False,,ambiguous,True,no,9821,likely_non_responsive,,False,False,0,0,0,0,0,0,1.401,True,False,False,stage1_nr,False,,,0,False,,False,,9821
CNG_Data2k/files/Q00897.01-0000814191.MSG,Q00897.01-0000814191.MSG,.msg,124928,ok,True,False,text,False,0,1,5,False,0,False,0-10,Name | Email | Phone | Money/Amount,True,Contact Information | Financial Account Information,False,,ambiguous,True,yes,4499,standard,,False,False,0,0,0,0,0,0,3.112,False,False,True,,True,clear_no,no,4565,False,likely_non_responsive,True,,9064
CNG_Data2k\files\Q00897.01-0000012624.XLS,Q00897.01-0000012624.XLS,.xls,71966,ok,True,True,text,True,2,0,18,False,18,False,10-20,Name | Money/Amount,False,Financial Account Information,False,,ambiguous,True,yes,5574,standard,bde_llm_count_roster,False,False,0,0,0,0,0,0,5.963,False,False,True,,True,clear_yes,yes,3432,False,standard,False,,9006
CNG_Data2k/files/Q00897.01-0000284140.PDF,Q00897.01-0000284140.PDF,.pdf,586363,ok,True,True,text,True,4,0,9,False,1,False,0-10,Name | Address | Phone | Money/Amount,True,Contact Information | Financial Account Information,False,,ambiguous,True,yes,10379,standard,bde_llm_count,True,True,4,0,0,0,0,1,10.219,False,False,True,,True,clear_yes,yes,5652,False,standard,False,,16031
CNG_Data2k/files/Q00897.01-0000002659.PDF,Q00897.01-0000002659.PDF,.pdf,1158256,ok,True,True,text,True,1,0,18,False,1,False,10-20,Name | Address | Email | Phone | SSN | Date of Birth | Money/Amount | Work-Related,True,Contact Information | Government-Issued Identification | Birth Information | Financial Account Information | Work-Related Information,False,,clear_responsive,False,,3240,standard,bde_llm_count,True,True,1,0,0,0,0,1,8.055,False,False,True,,True,clear_yes,yes,4152,False,standard,False,,7392
CNG_Data2k/files/Q00897.01-0000873255.XLSX,Q00897.01-0000873255.XLSX,.xlsx,28881,ok,True,True,text,True,1,0,351,False,0,False,100+,Phone | Money/Amount,True,Contact Information | Financial Account Information,False,,ambiguous,True,no,8546,likely_non_responsive,roster_by_rowcount bde_llm_count,False,False,0,0,0,0,0,0,2.371,True,False,False,stage1_nr,False,,,0,False,,False,,8546
CNG_Data2k/files/Q00897.01-0000786819.MSG,Q00897.01-0000786819.MSG,.msg,33792,ok,True,False,text,False,0,2,3,False,0,False,0-10,Name | Address | Email | Phone | Money/Amount,True,Contact Information | Financial Account Information,False,,ambiguous,True,yes,3957,standard,,False,False,0,0,0,0,0,0,3.076,False,False,True,,True,likely_no,no,4044,False,likely_non_responsive,True,,8001
CNG_Data2k/files/Q00897.01-0000907567.PDF,Q00897.01-0000907567.PDF,.pdf,785199,ok,True,False,text,False,109,0,30,False,30,False,20-50,Name | Address | Phone | Money/Amount,True,Contact Information | Financial Account Information,False,,ambiguous,True,yes,35766,standard,bde_llm_count_roster,False,False,0,0,0,0,0,0,27.266,False,False,True,,True,clear_yes,yes,18471,False,standard,False,,54237
CNG_Data2k/files/Q00897.01-0000806564.0001.PDF,Q00897.01-0000806564.0001.PDF,.pdf,224779,ok,True,False,text,False,10,0,13,False,13,False,10-20,Name | Address | Email | Phone | Money/Amount,True,Contact Information | Financial Account Information,False,,ambiguous,True,yes,17404,standard,bde_llm_count,False,False,0,0,0,0,0,0,5.178,False,False,True,,True,likely_yes,yes,9132,False,standard,False,,26536
CNG_Data2k/files/Q00897.01-0000409941.0001.PDF,Q00897.01-0000409941.0001.PDF,.pdf,14811,ok,True,False,text,False,5,0,1,False,0,False,0-10,Card/Transaction | Money/Amount,False,Financial Account Information,False,,ambiguous,True,no,7013,likely_non_responsive,,False,False,0,0,0,0,0,0,1.496,True,False,False,stage1_nr,False,,,0,False,,False,,7013
CNG_Data2k/files/Q00897.01-0000345104.PDF,Q00897.01-0000345104.PDF,.pdf,657802,ok,True,False,text,False,3,0,5,False,0,False,0-10,Name | Phone | Money/Amount,True,Contact Information | Financial Account Information,False,,ambiguous,True,yes,5587,standard,"img_ocr:p3,p3(2/2,+2chars)",False,False,0,2,2,2,0,2,75.776,False,False,True,,True,likely_yes,yes,5613,False,standard,False,,11200
CNG_Data2k/files/Q00897.01-0000913830.PDF,Q00897.01-0000913830.PDF,.pdf,99265,ok,True,False,text,False,3,0,2,False,0,False,0-10,Name | Address | Money/Amount | Work-Related,True,Contact Information | Financial Account Information | Work-Related Information,False,,ambiguous,True,yes,5686,standard,,False,False,0,0,0,0,0,0,2.863,False,False,True,,True,clear_yes,yes,5760,False,standard,False,,11446
CNG_Data2k/files/Q00897.01-0000016011.PDF,Q00897.01-0000016011.PDF,.pdf,304457,ok,True,False,text,False,6,0,6,False,0,False,0-10,Name | Address | Email | Phone | Account Balance | Money/Amount | Work-Related,True,Contact Information | Financial Account Information | Work-Related Information,False,,ambiguous,True,yes,8545,standard,,False,False,0,0,0,0,0,0,3.48,False,False,True,,True,clear_yes,yes,8631,False,standard,False,,17176
CNG_Data2k/files/Q00897.01-0000005039.PDF,Q00897.01-0000005039.PDF,.pdf,59813,ok,True,False,text,False,9,0,2,False,0,False,0-10,Name | Address | Email | Phone | Date of Birth | Card Expiry/CVV | Money/Amount | Family | Work-Related,True,Contact Information | Birth Information | Financial Account Information | Family Information | Work-Related Information,False,,ambiguous,True,yes,7100,standard,,False,False,0,0,0,0,0,0,2.82,False,False,True,,True,clear_yes,yes,7122,False,standard,False,,14222
CNG_Data2k/files/Q00897.01-0000642605.MSG,Q00897.01-0000642605.MSG,.msg,21504,ok,True,False,text,False,0,0,0,False,0,False,0-10,,False,,False,,clear_non_responsive,False,,0,likely_non_responsive,,False,False,0,0,0,0,0,0,0.023,True,False,False,stage1_nr,False,,,0,False,,False,,0
CNG_Data2k/files/Q00897.01-0000356168.DOCX,Q00897.01-0000356168.DOCX,.docx,1621092,ok,True,False,text,False,0,0,1,False,0,False,0-10,Money/Amount,False,Financial Account Information,False,,clear_non_responsive,False,,0,likely_non_responsive,,False,False,0,0,0,0,0,0,0.138,True,False,False,stage1_nr,False,,,0,False,,False,,0
CNG_Data2k/files/Q00897.01-0000887964.PDF,Q00897.01-0000887964.PDF,.pdf,68732,ok,True,False,text,False,14,0,2,False,0,False,0-10,Address | SSN | Money/Amount | Work-Related,True,Contact Information | Government-Issued Identification | Financial Account Information | Work-Related Information,False,,clear_responsive,False,,0,standard,,False,False,0,0,0,0,0,0,60.151,False,False,True,,True,likely_yes,yes,14302,False,standard,False,,14302
CNG_Data2k\files\Q00897.01-0000106591.XLS,Q00897.01-0000106591.XLS,.xls,18464,ok,True,True,text,True,1,0,92,False,0,False,50-100,Name | Money/Amount,True,Financial Account Information,False,,ambiguous,True,no,4640,likely_non_responsive,roster_by_rowcount bde_llm_count,False,False,0,0,0,0,0,0,2.138,True,False,False,stage1_nr,False,,,0,False,,False,,4640
CNG_Data2k/files/Q00897.01-0000111864.XLSX,Q00897.01-0000111864.XLSX,.xlsx,58940,ok,True,True,text,True,1,0,573,False,0,False,100+,Phone | Payment Card | Work-Related,True,Contact Information | Financial Account Information | Work-Related Information,False,,ambiguous,True,no,10702,likely_non_responsive,roster_by_rowcount bde_llm_count,False,False,0,0,0,0,0,0,2.344,True,False,False,stage1_nr,False,,,0,False,,False,,10702
CNG_Data2k/files/Q00897.01-0000343102.PDF,Q00897.01-0000343102.PDF,.pdf,255612,ok,True,False,text,False,1,0,1,False,0,False,0-10,Name | Address | Phone | Money/Amount,True,Contact Information | Financial Account Information,False,,ambiguous,True,yes,4356,standard,"img_ocr:p1(1/1,+41chars)",False,False,0,1,1,1,0,1,7.119,False,False,True,,True,borderline,no,4447,False,likely_non_responsive,True,,8803
CNG_Data2k/files/Q00897.01-0000859609.PDF,Q00897.01-0000859609.PDF,.pdf,70324,ok,True,False,text,False,1,0,7,False,5,False,0-10,SSN | Money/Amount,True,Government-Issued Identification | Financial Account Information,False,,clear_responsive,False,,3286,standard,bde_llm_count_roster,False,False,0,0,0,0,0,0,2.342,False,False,True,,True,clear_yes,yes,4170,False,standard,False,,7456
CNG_Data2k/files/Q00897.01-0000006155.PDF,Q00897.01-0000006155.PDF,.pdf,90129,ok,True,True,text,True,1,0,1,False,1,False,0-10,Name,False,,False,,ambiguous,True,yes,6785,standard,bde_llm_count,True,True,1,0,0,0,0,1,9.485,False,False,True,,True,likely_yes,yes,3875,False,standard,False,,10660
CNG_Data2k/files/Q00897.01-0000739459.MSG,Q00897.01-0000739459.MSG,.msg,414208,ok,True,False,text,False,0,0,1,False,0,False,0-10,Money/Amount | Health,False,Financial Account Information | Health-Related Information,False,,ambiguous,True,no,6896,likely_non_responsive,,False,False,0,0,0,0,0,0,3.385,True,False,False,stage1_nr,False,,,0,False,,False,,6896
CNG_Data2k/files/Q00897.01-0000890909.PDF,Q00897.01-0000890909.PDF,.pdf,11877,ok,True,False,text,False,1,0,0,False,0,False,0-10,,False,,False,,clear_non_responsive,False,,0,likely_non_responsive,,False,False,0,0,0,0,0,0,0.029,True,False,False,stage1_nr,False,,,0,False,,False,,0
CNG_Data2k/files/Q00897.01-0000909289.PDF,Q00897.01-0000909289.PDF,.pdf,14779,ok,True,False,text,False,4,0,2,False,0,False,0-10,Name | Address | Phone | SSN | Money/Amount,True,Contact Information | Government-Issued Identification | Financial Account Information,False,,clear_responsive,False,,0,standard,,False,False,0,0,0,0,0,0,5.841,False,False,True,,True,clear_yes,yes,5286,False,standard,False,,5286
CNG_Data2k/files/Q00897.01-0000526287.0001.PDF,Q00897.01-0000526287.0001.PDF,.pdf,22564,ok,True,False,text,False,1,0,1,False,0,False,0-10,Money/Amount,False,Financial Account Information,False,,clear_non_responsive,False,,0,likely_non_responsive,,False,False,0,0,0,0,0,0,0.022,True,False,False,stage1_nr,False,,,0,False,,False,,0
CNG_Data2k/files/Q00897.01-0000657435.MSG,Q00897.01-0000657435.MSG,.msg,111616,ok,True,False,text,False,0,0,8,False,7,False,0-10,Name | Address | Email | Phone | Card/Transaction | Money/Amount,True,Contact Information | Financial Account Information,False,,ambiguous,True,yes,16283,standard,bde_llm_count,False,False,0,0,0,0,0,0,5.032,False,False,True,,True,likely_no,no,8619,False,likely_non_responsive,True,,24902
CNG_Data2k/files/Q00897.01-0000284254.PDF,Q00897.01-0000284254.PDF,.pdf,1251124,ok,True,True,text,True,4,0,28,False,1,False,20-50,Name | Address | Email | Phone | Bank/Account Number | Card Expiry/CVV | Card/Transaction | Account Balance | Money/Amount,True,Contact Information | Financial Account Information,False,,ambiguous,True,yes,11581,standard,bde_llm_count,True,True,4,0,0,0,0,1,9.822,False,False,True,,True,clear_yes,yes,6263,False,standard,False,,17844
CNG_Data2k/files/Q00897.01-0000856320.XLSX,Q00897.01-0000856320.XLSX,.xlsx,22799,ok,True,True,text,True,1,0,332,False,332,True,100+,Name | Money/Amount | Work-Related,False,Financial Account Information | Work-Related Information,True,,ambiguous,True,yes,10343,structured_bde,roster_by_rowcount bde_llm_count_roster,False,False,0,0,0,0,0,0,5.362,False,True,True,,True,likely_yes,yes,5627,True,structured_bde,False,,15970
CNG_Data2k/files/Q00897.01-0000346036.PDF,Q00897.01-0000346036.PDF,.pdf,23662,ok,True,False,text,False,5,0,1,False,0,False,0-10,Address | Money/Amount,True,Contact Information | Financial Account Information,False,,ambiguous,True,yes,5590,standard,,False,False,0,0,0,0,0,0,3.188,False,False,True,,True,likely_yes,yes,5645,False,standard,False,,11235
CNG_Data2k/files/Q00897.01-0000806255.0001.0003.PDF,Q00897.01-0000806255.0001.0003.PDF,.pdf,82483,ok,True,False,text,False,3,0,0,False,0,False,0-10,,False,,False,,clear_non_responsive,False,,0,likely_non_responsive,,False,False,0,0,0,0,0,0,0.163,True,False,False,stage1_nr,False,,,0,False,,False,,0
CNG_Data2k/files/Q00897.01-0000684731.MSG,Q00897.01-0000684731.MSG,.msg,1123328,ok,True,False,text,False,0,4,1,False,0,False,0-10,Name | Email | Phone | Money/Amount,True,Contact Information | Financial Account Information,False,,ambiguous,True,no,7280,likely_non_responsive,,False,False,0,0,0,0,0,0,4.577,True,False,False,stage1_nr,False,,,0,False,,False,,7280
CNG_Data2k\files\Q00897.01-0000485469.0002.XLS,Q00897.01-0000485469.0002.XLS,.xls,18428,ok,True,True,text,True,3,0,78,False,0,False,50-100,Phone | Payment Card | Money/Amount,True,Contact Information | Financial Account Information,False,,ambiguous,True,no,5540,likely_non_responsive,roster_by_rowcount bde_llm_count,False,False,0,0,0,0,0,0,1.89,True,False,False,stage1_nr,False,,,0,False,,False,,5540
CNG_Data2k/files/Q00897.01-0000021838.PDF,Q00897.01-0000021838.PDF,.pdf,88011,ok,True,False,text,False,8,0,21,False,21,False,20-50,Name | Money/Amount | Work-Related,True,Financial Account Information | Work-Related Information,False,,ambiguous,True,yes,14484,standard,bde_llm_count_roster,False,False,0,0,0,0,0,0,5.841,False,False,True,,True,clear_yes,yes,7769,False,standard,False,,22253
CNG_Data2k/files/Q00897.01-0000326757.PDF,Q00897.01-0000326757.PDF,.pdf,1233432,ok,True,False,text,False,307,0,30,False,30,False,20-50,Name | Address | Phone | Card/Transaction | Money/Amount,True,Contact Information | Financial Account Information,False,,ambiguous,True,yes,34040,standard,bde_llm_count,False,False,0,0,0,0,0,0,67.366,False,False,True,,True,likely_no,no,17510,False,likely_non_responsive,True,,51550
CNG_Data2k\files\Q00897.01-0000724795.0001.XLS,Q00897.01-0000724795.0001.XLS,.xls,9630,ok,True,True,text,True,1,0,3,False,0,False,0-10,Name | Address,True,Contact Information,False,,ambiguous,True,yes,3444,standard,bde_llm_count,False,False,0,0,0,0,0,0,4.69,False,False,True,,True,clear_no,no,2314,False,likely_non_responsive,True,,5758
CNG_Data2k/files/Q00897.01-0000669013.MSG,Q00897.01-0000669013.MSG,.msg,172544,ok,True,False,text,False,0,2,3,False,0,False,0-10,Phone,True,Contact Information,False,,ambiguous,True,no,3724,likely_non_responsive,,False,False,0,0,0,0,0,0,1.007,True,False,False,stage1_nr,False,,,0,False,,False,,3724
CNG_Data2k/files/Q00897.01-0000544702.0001.PDF,Q00897.01-0000544702.0001.PDF,.pdf,54190,ok,True,False,text,False,18,0,1,False,0,False,0-10,Address | Card/Transaction | Money/Amount,True,Contact Information | Financial Account Information,False,,ambiguous,True,no,15740,likely_non_responsive,,False,False,0,0,0,0,0,0,5.742,True,False,False,stage1_nr,False,,,0,False,,False,,15740
CNG_Data2k/files/Q00897.01-0000787579.0004.PDF,Q00897.01-0000787579.0004.PDF,.pdf,36383,ok,True,False,text,False,1,0,5,False,0,False,0-10,Name | Address | Phone | Card Expiry/CVV | Money/Amount,True,Contact Information | Financial Account Information,False,,ambiguous,True,yes,4400,standard,,False,False,0,0,0,0,0,0,3.188,False,False,True,,True,likely_no,no,4472,False,likely_non_responsive,True,,8872
CNG_Data2k/files/Q00897.01-0000465072.MSG,Q00897.01-0000465072.MSG,.msg,110592,ok,True,False,text,False,0,1,1,False,0,False,0-10,Name,False,,False,,ambiguous,True,no,4303,likely_non_responsive,,False,False,0,0,0,0,0,0,1.665,True,False,False,stage1_nr,False,,,0,False,,False,,4303
CNG_Data2k/files/Q00897.01-0000841777.0024.PDF,Q00897.01-0000841777.0024.PDF,.pdf,19800,ok,True,False,text,False,9,0,1,False,0,False,0-10,Money/Amount | Work-Related,False,Financial Account Information | Work-Related Information,False,,ambiguous,True,no,7610,likely_non_responsive,,False,False,0,0,0,0,0,0,1.212,True,False,False,stage1_nr,False,,,0,False,,False,,7610
CNG_Data2k/files/Q00897.01-0000532534.0001.XLSX,Q00897.01-0000532534.0001.XLSX,.xlsx,83237,ok,True,True,text,True,1,0,66,False,0,False,50-100,Phone | Money/Amount,True,Contact Information | Financial Account Information,False,,ambiguous,True,no,17902,likely_non_responsive,bde_llm_count,False,False,0,0,0,0,0,0,61.158,True,False,False,stage1_nr,False,,,0,False,,False,,17902
CNG_Data2k/files/Q00897.01-0000893272.PDF,Q00897.01-0000893272.PDF,.pdf,65436,ok,True,True,text,True,12,0,249,False,10,True,100+,Name | Address | Phone | Money/Amount,True,Contact Information | Financial Account Information,True,,ambiguous,True,yes,19042,structured_bde,bde_llm_count_roster,True,True,12,0,0,0,0,1,12.259,False,True,True,,True,clear_yes,yes,9962,True,structured_bde,False,,29004
CNG_Data2k/files/Q00897.01-0000679637.MSG,Q00897.01-0000679637.MSG,.msg,78336,ok,True,False,text,False,0,2,5,False,0,False,0-10,Name | Address | Email | Phone,True,Contact Information,False,,ambiguous,True,yes,7091,standard,,False,False,0,0,0,0,0,0,64.621,False,False,True,,True,likely_no,no,7114,False,likely_non_responsive,True,,14205
CNG_Data2k/files/Q00897.01-0000691329.MSG,Q00897.01-0000691329.MSG,.msg,139264,ok,True,False,text,False,0,0,2,False,0,False,0-10,Name | Address | Email,True,Contact Information,False,,ambiguous,True,yes,3911,standard,,False,False,0,0,0,0,0,0,2.783,False,False,True,,True,borderline,no,3971,False,likely_non_responsive,True,,7882
CNG_Data2k/files/Q00897.01-0000289666.PDF,Q00897.01-0000289666.PDF,.pdf,106176,ok,True,True,text,True,2,0,15,False,0,False,10-20,Name | Address | Phone | Bank/Account Number | Money/Amount,True,Contact Information | Financial Account Information,False,,ambiguous,True,no,7855,likely_non_responsive,bde_llm_count,True,True,2,0,0,0,0,1,7.385,True,False,False,stage1_nr,False,,,0,False,,False,,7855
CNG_Data2k/files/Q00897.01-0000116652.PDF,Q00897.01-0000116652.PDF,.pdf,311588,ok,True,True,text,True,1,0,82,False,0,False,50-100,Money/Amount,False,Financial Account Information,False,,ambiguous,True,no,10202,likely_non_responsive,bde_llm_count,True,True,1,0,0,0,0,1,10.617,True,False,False,stage1_nr,False,,,0,False,,False,,10202
CNG_Data2k/files/Q00897.01-0000550405.0001.PDF,Q00897.01-0000550405.0001.PDF,.pdf,20966,ok,True,False,text,False,1,0,0,False,0,False,0-10,,False,,False,,clear_non_responsive,False,,0,likely_non_responsive,,False,False,0,0,0,0,0,0,0.02,True,False,False,stage1_nr,False,,,0,False,,False,,0
CNG_Data2k/files/Q00897.01-0000884092.PDF,Q00897.01-0000884092.PDF,.pdf,100871,ok,True,False,text,False,1,0,1,False,0,False,0-10,Money/Amount,False,Financial Account Information,False,,clear_non_responsive,False,,0,likely_non_responsive,,False,False,0,0,0,0,0,0,0.113,True,False,False,stage1_nr,False,,,0,False,,False,,0
CNG_Data2k/files/Q00897.01-0000625864.MSG,Q00897.01-0000625864.MSG,.msg,79872,ok,True,False,text,False,0,2,8,False,6,False,0-10,Name | Address | Email | Phone | Card/Transaction,True,Contact Information | Financial Account Information,False,,ambiguous,True,yes,11059,standard,bde_llm_count,False,False,0,0,0,0,0,0,5.334,False,False,True,,True,likely_no,no,5964,False,likely_non_responsive,True,,17023
CNG_Data2k/files/Q00897.01-0000809658.0002.PDF,Q00897.01-0000809658.0002.PDF,.pdf,67658,ok,True,False,text,False,3,0,1,False,0,False,0-10,Name | Work-Related,True,Work-Related Information,False,,ambiguous,True,no,5523,likely_non_responsive,,False,False,0,0,0,0,0,0,1.432,True,False,False,stage1_nr,False,,,0,False,,False,,5523
CNG_Data2k/files/Q00897.01-0000295639.DOCX,Q00897.01-0000295639.DOCX,.docx,65422,ok,True,False,text,False,0,0,2,False,0,False,0-10,Name | Address | Email | Phone,True,Contact Information,False,,ambiguous,True,yes,3965,standard,,False,False,0,0,0,0,0,0,2.223,False,False,True,,True,likely_yes,yes,4009,False,standard,False,,7974
CNG_Data2k/files/Q00897.01-0000249077.PDF,Q00897.01-0000249077.PDF,.pdf,590442,ok,True,False,text,False,7,0,2,False,0,False,0-10,Name | Address | Phone | Bank/Account Number | Money/Amount,True,Contact Information | Financial Account Information,False,,ambiguous,True,yes,5126,standard,"img_ocr:p3(1/1,+378chars)",False,False,0,1,1,1,0,1,7.211,False,False,True,,True,likely_no,no,5179,False,likely_non_responsive,True,,10305
CNG_Data2k/files/Q00897.01-0000908051.PDF,Q00897.01-0000908051.PDF,.pdf,808403,ok,True,False,text,False,112,0,30,False,30,False,20-50,Name | Address | Phone | Money/Amount,True,Contact Information | Financial Account Information,False,,ambiguous,True,yes,36120,standard,bde_llm_count_roster,False,False,0,0,0,0,0,0,22.174,False,False,True,,True,clear_yes,yes,18519,False,standard,False,,54639
CNG_Data2k/files/Q00897.01-0000772549.0001.PDF,Q00897.01-0000772549.0001.PDF,.pdf,511379,ok,True,False,text,False,1,0,1,False,0,False,0-10,Name | Address,True,Contact Information,False,,ambiguous,True,yes,4953,standard,,True,True,1,0,0,0,0,1,7.503,False,False,True,,True,clear_yes,yes,5018,False,standard,False,,9971
CNG_Data2k/files/Q00897.01-0000112222.XLSX,Q00897.01-0000112222.XLSX,.xlsx,32940,ok,True,True,text,True,1,0,573,False,0,False,100+,Phone | Work-Related,True,Contact Information | Work-Related Information,False,,ambiguous,True,no,7978,likely_non_responsive,roster_by_rowcount bde_llm_count,False,False,0,0,0,0,0,0,2.031,True,False,False,stage1_nr,False,,,0,False,,False,,7978
CNG_Data2k/files/Q00897.01-0000667034.0001.DOCX,Q00897.01-0000667034.0001.DOCX,.docx,101958,ok,True,False,text,False,0,0,3,False,0,False,0-10,Name | Email,True,Contact Information,False,,ambiguous,True,no,4097,likely_non_responsive,,False,False,0,0,0,0,0,0,1.186,True,False,False,stage1_nr,False,,,0,False,,False,,4097
CNG_Data2k/files/Q00897.01-0000433401.0002.PDF,Q00897.01-0000433401.0002.PDF,.pdf,174592,ok,True,False,text,False,1,0,1,False,0,False,0-10,Address | Email | Card Expiry/CVV | Card/Transaction | Money/Amount,True,Contact Information | Financial Account Information,False,,ambiguous,True,no,3933,likely_non_responsive,"img_ocr:p1(1/1,+4chars)",False,False,0,1,1,1,0,1,5.768,True,False,False,stage1_nr,False,,,0,False,,False,,3933
CNG_Data2k/files/Q00897.01-0000828758.0001.PDF,Q00897.01-0000828758.0001.PDF,.pdf,143167,ok,True,False,text,False,6,0,34,False,34,False,20-50,Name | Address | Card/Transaction | Money/Amount,True,Contact Information | Financial Account Information,False,,ambiguous,True,yes,14455,standard,bde_llm_count_roster,False,False,0,0,0,0,0,0,67.133,False,False,True,,True,clear_no,no,7460,False,likely_non_responsive,True,,21915
CNG_Data2k/files/Q00897.01-0000777521.MSG,Q00897.01-0000777521.MSG,.msg,165376,ok,True,False,text,False,0,0,3,False,0,False,0-10,Name | Address | Email | Phone | Money/Amount,True,Contact Information | Financial Account Information,False,,ambiguous,True,no,4199,likely_non_responsive,,False,False,0,0,0,0,0,0,1.193,True,False,False,stage1_nr,False,,,0,False,,False,,4199
CNG_Data2k/files/Q00897.01-0000412378.0001.PDF,Q00897.01-0000412378.0001.PDF,.pdf,311230,ok,True,False,text,False,1,0,1,False,0,False,0-10,Name | Address | Phone,True,Contact Information,False,,ambiguous,True,yes,3998,standard,,True,True,1,0,0,0,0,1,11.123,False,False,True,,True,clear_yes,yes,4033,False,standard,False,,8031
CNG_Data2k/files/Q00897.01-0000620052.MSG,Q00897.01-0000620052.MSG,.msg,159232,ok,True,False,text,False,0,2,10,False,6,False,0-10,Name | Address | Email | Phone | Money/Amount,True,Contact Information | Financial Account Information,False,,ambiguous,True,yes,19080,standard,bde_llm_count,False,False,0,0,0,0,0,0,7.687,False,False,True,,True,likely_no,no,10006,False,likely_non_responsive,True,,29086
CNG_Data2k/files/Q00897.01-0000325077.0003.PDF,Q00897.01-0000325077.0003.PDF,.pdf,94523,ok,True,False,text,False,1,0,3,False,0,False,0-10,Name | Money/Amount,True,Financial Account Information,False,,ambiguous,True,no,4180,likely_non_responsive,"img_ocr:p1,p1(2/2,+35chars)",False,False,0,2,2,2,0,2,9.562,True,False,False,stage1_nr,False,,,0,False,,False,,4180
CNG_Data2k/files/Q00897.01-0000790745.MSG,Q00897.01-0000790745.MSG,.msg,53760,ok,True,False,text,False,0,1,5,False,0,False,0-10,Name | Address | Email | Phone | Health,True,Contact Information | Health-Related Information,False,,ambiguous,True,yes,4151,standard,,False,False,0,0,0,0,0,0,2.648,False,False,True,,True,likely_no,no,4215,False,likely_non_responsive,True,,8366
CNG_Data2k/files/Q00897.01-0000819060.0001.DOCX,Q00897.01-0000819060.0001.DOCX,.docx,34132,ok,True,False,text,False,0,0,1,False,0,False,0-10,Money/Amount,False,Financial Account Information,False,,clear_non_responsive,False,,0,likely_non_responsive,,False,False,0,0,0,0,0,0,0.046,True,False,False,stage1_nr,False,,,0,False,,False,,0
CNG_Data2k/files/Q00897.01-0000013996.PDF,Q00897.01-0000013996.PDF,.pdf,32449,ok,True,False,text,False,4,0,23,False,23,False,20-50,Name | Address | Phone | Money/Amount | Work-Related,True,Contact Information | Financial Account Information | Work-Related Information,False,,ambiguous,True,yes,11266,standard,bde_llm_count_roster,False,False,0,0,0,0,0,0,5.454,False,False,True,,True,clear_yes,yes,6133,False,standard,False,,17399
CNG_Data2k/files/Q00897.01-0000109130.PDF,Q00897.01-0000109130.PDF,.pdf,27511,ok,True,False,text,False,9,0,1,False,0,False,0-10,Money/Amount | Work-Related,False,Financial Account Information | Work-Related Information,False,,ambiguous,True,no,7527,likely_non_responsive,,False,False,0,0,0,0,0,0,1.301,True,False,False,stage1_nr,False,,,0,False,,False,,7527
CNG_Data2k/files/Q00897.01-0000293141.PDF,Q00897.01-0000293141.PDF,.pdf,25500,ok,True,False,text,False,1,0,5,False,0,False,0-10,SSN | Money/Amount,True,Government-Issued Identification | Financial Account Information,False,,clear_responsive,False,,0,standard,,False,False,0,0,0,0,0,0,1.523,False,False,True,,True,clear_yes,yes,4088,False,standard,False,,4088
CNG_Data2k/files/Q00897.01-0000292850.PDF,Q00897.01-0000292850.PDF,.pdf,117800,ok,True,False,text,False,1,0,1,False,0,False,0-10,Money/Amount,False,Financial Account Information,False,,clear_non_responsive,False,,0,likely_non_responsive,,False,False,0,0,0,0,0,0,0.102,True,False,False,stage1_nr,False,,,0,False,,False,,0
CNG_Data2k/files/Q00897.01-0000294710.PDF,Q00897.01-0000294710.PDF,.pdf,41680,ok,True,False,text,False,1,0,1,False,0,False,0-10,Name | Money/Amount,True,Financial Account Information,False,,ambiguous,True,yes,3791,standard,,False,False,0,0,0,0,0,0,2.065,False,False,True,,True,likely_no,no,3852,False,likely_non_responsive,True,,7643
CNG_Data2k/files/Q00897.01-0000676340.MSG,Q00897.01-0000676340.MSG,.msg,161792,ok,True,False,text,False,0,2,7,False,4,False,0-10,Name | Address | Email | Phone,True,Contact Information,False,,ambiguous,True,yes,14437,standard,bde_llm_count,False,False,0,0,0,0,0,0,64.207,False,False,True,,True,likely_no,no,7662,False,likely_non_responsive,True,,22099
CNG_Data2k/files/Q00897.01-0000903834.PDF,Q00897.01-0000903834.PDF,.pdf,61088,ok,True,False,text,False,13,0,1,False,0,False,0-10,Address | SSN | Money/Amount | Work-Related,True,Contact Information | Government-Issued Identification | Financial Account Information | Work-Related Information,False,,clear_responsive,False,,0,standard,,False,False,0,0,0,0,0,0,2.121,False,False,True,,True,clear_yes,yes,14173,False,standard,False,,14173
CNG_Data2k/files/Q00897.01-0000757689.MSG,Q00897.01-0000757689.MSG,.msg,112640,ok,True,False,text,False,0,0,1,False,0,False,0-10,Address | Money/Amount | Health | Demographic | Work-Related,True,Contact Information | Financial Account Information | Health-Related Information | Demographic Information | Work-Related Information,False,,ambiguous,True,no,7116,likely_non_responsive,,False,False,0,0,0,0,0,0,3.517,True,False,False,stage1_nr,False,,,0,False,,False,,7116
CNG_Data2k/files/Q00897.01-0000913060.PDF,Q00897.01-0000913060.PDF,.pdf,109603,ok,True,False,text,False,3,0,0,False,0,False,0-10,,False,,False,,clear_non_responsive,False,,0,likely_non_responsive,,False,False,0,0,0,0,0,0,0.15,True,False,False,stage1_nr,False,,,0,False,,False,,0
CNG_Data2k/files/Q00897.01-0000004021.PDF,Q00897.01-0000004021.PDF,.pdf,560713,ok,True,True,text,True,6,0,18,False,1,False,10-20,Name | Address | Money/Amount | Health | Demographic | Work-Related,True,Contact Information | Financial Account Information | Health-Related Information | Demographic Information | Work-Related Information,False,,ambiguous,True,yes,13437,standard,bde_llm_count,True,True,6,0,0,0,0,1,11.798,False,False,True,,True,clear_yes,yes,7178,False,standard,False,,20615
CNG_Data2k/files/Q00897.01-0000481270.MSG,Q00897.01-0000481270.MSG,.msg,36352,ok,True,False,text,False,0,0,7,False,7,False,0-10,Name | Email | Phone | Money/Amount,True,Contact Information | Financial Account Information,False,,ambiguous,True,yes,12026,standard,bde_llm_count,False,False,0,0,0,0,0,0,5.38,False,False,True,,True,likely_yes,yes,6506,False,standard,False,,18532
CNG_Data2k/files/Q00897.01-0000888132.PDF,Q00897.01-0000888132.PDF,.pdf,71665,ok,True,False,text,False,14,0,1,False,0,False,0-10,Address | SSN | Money/Amount | Work-Related,True,Contact Information | Government-Issued Identification | Financial Account Information | Work-Related Information,False,,clear_responsive,False,,0,standard,,False,False,0,0,0,0,0,0,59.984,False,False,True,,True,clear_yes,yes,14299,False,standard,False,,14299
CNG_Data2k/files/Q00897.01-0000905839.PDF,Q00897.01-0000905839.PDF,.pdf,22543,ok,True,False,text,False,6,0,1,False,0,False,0-10,Address | Phone,True,Contact Information,False,,ambiguous,True,no,6233,likely_non_responsive,,False,False,0,0,0,0,0,0,1.855,True,False,False,stage1_nr,False,,,0,False,,False,,6233
CNG_Data2k/files/Q00897.01-0000806867.0001.DOCX,Q00897.01-0000806867.0001.DOCX,.docx,19965,ok,True,False,text,False,0,0,1,False,0,False,0-10,Name | Address,True,Contact Information,False,,ambiguous,True,no,5679,likely_non_responsive,,False,False,0,0,0,0,0,0,0.994,True,False,False,stage1_nr,False,,,0,False,,False,,5679
CNG_Data2k/files/Q00897.01-0000912052.PDF,Q00897.01-0000912052.PDF,.pdf,46242,ok,True,True,text,True,2,0,21,False,3,False,20-50,Address | Phone | SSN | Money/Amount,True,Contact Information | Government-Issued Identification | Financial Account Information,False,,clear_responsive,False,,3661,standard,bde_llm_count_roster,True,True,2,0,0,0,0,1,9.254,False,False,True,,True,clear_yes,yes,4494,False,standard,False,,8155
CNG_Data2k/files/Q00897.01-0000001916.PDF,Q00897.01-0000001916.PDF,.pdf,935464,ok,True,False,text,False,2,0,4,False,0,False,0-10,Name | Address | SSN | Date of Birth | Money/Amount,True,Contact Information | Government-Issued Identification | Birth Information | Financial Account Information,False,,clear_responsive,False,,0,standard,,True,True,2,0,0,0,0,1,9.031,False,False,True,,True,clear_yes,yes,4679,False,standard,False,,4679
CNG_Data2k/files/Q00897.01-0000006770.XLSX,Q00897.01-0000006770.XLSX,.xlsx,55541,ok,True,True,text,True,2,0,84,False,84,True,50-100,Name | Address | Email | Phone | SSN | Money/Amount | Health | Work-Related,True,Contact Information | Government-Issued Identification | Financial Account Information | Health-Related Information | Work-Related Information,True,,clear_responsive,False,,6973,structured_bde,bde_llm_count_roster,False,False,0,0,0,0,0,0,5.212,False,True,True,,True,clear_yes,yes,8077,True,structured_bde,False,,15050
CNG_Data2k/files/Q00897.01-0000359772.MSG,Q00897.01-0000359772.MSG,.msg,247808,ok,True,False,text,False,0,0,6,False,0,False,0-10,Name | Address | Email | Phone | Money/Amount,True,Contact Information | Financial Account Information,False,,ambiguous,True,yes,5599,standard,,False,False,0,0,0,0,0,0,4.519,False,False,True,,True,borderline,no,5671,False,likely_non_responsive,True,,11270
CNG_Data2k/files/Q00897.01-0000321622.PDF,Q00897.01-0000321622.PDF,.pdf,110765,ok,True,False,text,False,2,0,1,False,0,False,0-10,Money/Amount,False,Financial Account Information,False,,clear_non_responsive,False,,0,likely_non_responsive,"img_ocr:p1(1/2,+11chars)",False,False,0,2,2,1,0,2,8.382,True,False,False,stage1_nr,False,,,0,False,,False,,0
CNG_Data2k/files/Q00897.01-0000438807.MSG,Q00897.01-0000438807.MSG,.msg,161280,ok,True,False,text,False,0,1,14,False,9,False,10-20,Name | Address | Email | Phone | Money/Amount,True,Contact Information | Financial Account Information,False,,ambiguous,True,yes,15097,standard,bde_llm_count,False,False,0,0,0,0,0,0,6.825,False,False,True,,True,likely_no,no,7982,False,likely_non_responsive,True,,23079
CNG_Data2k/files/Q00897.01-0000533685.0001.PDF,Q00897.01-0000533685.0001.PDF,.pdf,22576,ok,True,False,text,False,1,0,1,False,0,False,0-10,Money/Amount,False,Financial Account Information,False,,clear_non_responsive,False,,0,likely_non_responsive,,False,False,0,0,0,0,0,0,0.02,True,False,False,stage1_nr,False,,,0,False,,False,,0
CNG_Data2k/files/Q00897.01-0000707082.MSG,Q00897.01-0000707082.MSG,.msg,154624,ok,True,False,text,False,0,0,1,False,0,False,0-10,Name | Address,True,Contact Information,False,,ambiguous,True,yes,4030,standard,,False,False,0,0,0,0,0,0,4.381,False,False,True,,True,borderline,no,4105,False,likely_non_responsive,True,,8135
CNG_Data2k/files/Q00897.01-0000453493.0001.0006.XLSX,Q00897.01-0000453493.0001.0006.XLSX,.xlsx,153579,ok,True,True,text,True,15,0,65,False,0,False,50-100,Phone | Bank/Account Number | Money/Amount,True,Contact Information | Financial Account Information,False,,ambiguous,True,no,9200,likely_non_responsive,bde_llm_count,False,False,0,0,0,0,0,0,2.501,True,False,False,stage1_nr,False,,,0,False,,False,,9200
CNG_Data2k/files/Q00897.01-0000118577.PDF,Q00897.01-0000118577.PDF,.pdf,228834,ok,True,False,text,False,2,0,1,False,0,False,0-10,Name | Email | Phone | Money/Amount,True,Contact Information | Financial Account Information,False,,ambiguous,True,yes,4716,standard,,False,False,0,0,0,0,0,0,2.47,False,False,True,,True,clear_no,no,4784,False,likely_non_responsive,True,,9500
CNG_Data2k/files/Q00897.01-0000625394.MSG,Q00897.01-0000625394.MSG,.msg,48640,ok,True,False,text,False,0,1,2,False,0,False,0-10,Name | Address | Email | Phone | Money/Amount,True,Contact Information | Financial Account Information,False,,ambiguous,True,no,5468,likely_non_responsive,,False,False,0,0,0,0,0,0,1.943,True,False,False,stage1_nr,False,,,0,False,,False,,5468
CNG_Data2k/files/Q00897.01-0000469416.MSG,Q00897.01-0000469416.MSG,.msg,141824,ok,True,False,text,False,0,0,0,False,0,False,0-10,,False,,False,,clear_non_responsive,False,,0,likely_non_responsive,,False,False,0,0,0,0,0,0,0.136,True,False,False,stage1_nr,False,,,0,False,,False,,0
CNG_Data2k/files/Q00897.01-0000344411.PDF,Q00897.01-0000344411.PDF,.pdf,11592,ok,True,False,text,False,2,0,1,False,0,False,0-10,Money/Amount,False,Financial Account Information,False,,clear_non_responsive,False,,0,likely_non_responsive,,False,False,0,0,0,0,0,0,0.103,True,False,False,stage1_nr,False,,,0,False,,False,,0
CNG_Data2k/files/Q00897.01-0000003755.PDF,Q00897.01-0000003755.PDF,.pdf,794008,ok,True,True,text,True,6,0,21,False,2,False,20-50,Name | Address | Money/Amount | Health | Demographic | Work-Related,True,Contact Information | Financial Account Information | Health-Related Information | Demographic Information | Work-Related Information,False,,ambiguous,True,yes,12817,standard,bde_llm_count,True,True,6,0,0,0,0,1,9.472,False,False,True,,True,clear_yes,yes,6842,False,standard,False,,19659
CNG_Data2k/files/Q00897.01-0000116831.PDF,Q00897.01-0000116831.PDF,.pdf,96507,ok,True,False,text,False,14,0,1,False,0,False,0-10,Money/Amount,False,Financial Account Information,False,,clear_non_responsive,False,,0,likely_non_responsive,,False,False,0,0,0,0,0,0,1.129,True,False,False,stage1_nr,False,,,0,False,,False,,0
CNG_Data2k/files/Q00897.01-0000253625.PDF,Q00897.01-0000253625.PDF,.pdf,156573,ok,True,True,text,True,1,0,15,False,0,False,10-20,Name | Address | Email | Phone | Tax ID | Bank/Account Number | Money/Amount,True,Contact Information | Government-Issued Identification | Financial Account Information,False,,ambiguous,True,no,7268,likely_non_responsive,bde_llm_count,True,True,1,0,0,0,0,1,7.728,True,False,False,stage1_nr,False,,,0,False,,False,,7268
CNG_Data2k/files/Q00897.01-0000857998.PDF,Q00897.01-0000857998.PDF,.pdf,271796,ok,True,False,text,False,1,0,3,False,0,False,0-10,Name | Work-Related,True,Work-Related Information,False,,ambiguous,True,yes,8195,standard,,False,False,0,0,0,0,0,0,2.973,False,False,True,,True,clear_yes,yes,8271,False,standard,False,,16466
CNG_Data2k/files/Q00897.01-0000670935.0001.XLSX,Q00897.01-0000670935.0001.XLSX,.xlsx,30307,ok,True,True,text,True,1,0,218,False,0,False,100+,Phone | Card/Transaction | Money/Amount,True,Contact Information | Financial Account Information,False,,ambiguous,True,no,11864,likely_non_responsive,roster_by_rowcount bde_llm_count,False,False,0,0,0,0,0,0,2.229,True,False,False,stage1_nr,False,,,0,False,,False,,11864
CNG_Data2k/files/Q00897.01-0000018484.PDF,Q00897.01-0000018484.PDF,.pdf,122140,ok,True,True,text,True,1,0,7,False,1,False,0-10,Name | Money/Amount,False,Financial Account Information,False,,ambiguous,True,yes,6931,standard,bde_llm_count,True,True,1,0,0,0,0,1,7.829,False,False,True,,True,likely_no,no,3952,False,likely_non_responsive,True,,10883
CNG_Data2k/files/Q00897.01-0000897182.PDF,Q00897.01-0000897182.PDF,.pdf,17976,ok,True,True,text,True,2,0,31,False,2,False,20-50,Name | Address | Phone | Money/Amount | Work-Related,True,Contact Information | Financial Account Information | Work-Related Information,False,,ambiguous,True,yes,8416,standard,bde_llm_count,True,True,2,0,0,0,0,1,10.074,False,False,True,,True,clear_yes,yes,4631,False,standard,False,,13047
CNG_Data2k/files/Q00897.01-0000699479.MSG,Q00897.01-0000699479.MSG,.msg,155648,ok,True,False,text,False,0,0,0,False,0,False,0-10,,False,,False,,clear_non_responsive,False,,0,likely_non_responsive,,False,False,0,0,0,0,0,0,0.715,True,False,False,stage1_nr,False,,,0,False,,False,,0
CNG_Data2k/files/Q00897.01-0000770301.0001.PDF,Q00897.01-0000770301.0001.PDF,.pdf,273698,ok,True,True,text,True,2,0,15,False,2,False,10-20,Name | Address | Phone | Tax ID | Bank/Account Number | Money/Amount,True,Contact Information | Government-Issued Identification | Financial Account Information,False,,ambiguous,True,yes,7930,standard,bde_llm_count,True,True,2,0,0,0,0,1,9.18,False,False,True,,True,clear_no,no,4429,False,likely_non_responsive,True,,12359
CNG_Data2k/files/Q00897.01-0000900504.PDF,Q00897.01-0000900504.PDF,.pdf,15375,ok,True,False,text,False,2,0,1,False,0,False,0-10,Money/Amount,False,Financial Account Information,False,,clear_non_responsive,False,,0,likely_non_responsive,,False,False,0,0,0,0,0,0,0.18,True,False,False,stage1_nr,False,,,0,False,,False,,0
CNG_Data2k/files/Q00897.01-0000652068.MSG,Q00897.01-0000652068.MSG,.msg,203264,ok,True,False,text,False,0,2,11,False,11,False,10-20,Name | Address | Email | Phone | Money/Amount,True,Contact Information | Financial Account Information,False,,ambiguous,True,yes,7957,standard,bde_llm_count,False,False,0,0,0,0,0,0,4.96,False,False,True,,True,likely_no,no,4410,False,likely_non_responsive,True,,12367
CNG_Data2k/files/Q00897.01-0000866424.PDF,Q00897.01-0000866424.PDF,.pdf,115052,ok,True,False,text,False,2,0,32,False,32,False,20-50,SSN | Money/Amount,True,Government-Issued Identification | Financial Account Information,False,,clear_responsive,False,,3701,standard,bde_llm_count_roster,False,False,0,0,0,0,0,0,3.586,False,False,True,,True,clear_yes,yes,4723,False,standard,False,,8424
CNG_Data2k/files/Q00897.01-0000260550.0001.XLSX,Q00897.01-0000260550.0001.XLSX,.xlsx,124499,ok,True,True,text,True,16,0,103,False,0,False,100+,Phone | Money/Amount,True,Contact Information | Financial Account Information,False,,ambiguous,True,no,8912,likely_non_responsive,bde_llm_count,False,False,0,0,0,0,0,0,2.099,True,False,False,stage1_nr,False,,,0,False,,False,,8912
CNG_Data2k/files/Q00897.01-0000686839.MSG,Q00897.01-0000686839.MSG,.msg,100352,ok,True,False,text,False,0,1,8,False,5,False,0-10,Name | Address | Email | Phone,True,Contact Information,False,,ambiguous,True,yes,11317,standard,bde_llm_count,False,False,0,0,0,0,0,0,5.779,False,False,True,,True,likely_no,no,6096,False,likely_non_responsive,True,,17413
CNG_Data2k/files/Q00897.01-0000457728.0001.XLSX,Q00897.01-0000457728.0001.XLSX,.xlsx,119344,ok,True,True,text,True,4,0,454,False,0,False,100+,Phone | Payment Card,True,Contact Information | Financial Account Information,False,,ambiguous,True,no,17830,likely_non_responsive,roster_by_rowcount bde_llm_count,False,False,0,0,0,0,0,0,2.103,True,False,False,stage1_nr,False,,,0,False,,False,,17830
CNG_Data2k/files/Q00897.01-0000621015.MSG,Q00897.01-0000621015.MSG,.msg,549888,ok,True,False,text,False,0,8,12,False,6,False,10-20,Name | Address | Email | Phone | Money/Amount,True,Contact Information | Financial Account Information,False,,ambiguous,True,yes,17921,standard,bde_llm_count,False,False,0,0,0,0,0,0,7.774,False,False,True,,True,likely_no,no,9448,False,likely_non_responsive,True,,27369
CNG_Data2k/files/Q00897.01-0000895229.PDF,Q00897.01-0000895229.PDF,.pdf,64658,ok,True,True,text,True,2,0,53,False,1,True,50-100,Name | Address | Money/Amount | Credentials,True,Contact Information | Financial Account Information | Access Credentials,True,,ambiguous,True,yes,7894,structured_bde,bde_llm_count_roster,True,True,2,0,0,0,0,1,8.307,False,True,True,,True,clear_yes,yes,4390,True,structured_bde,False,,12284
CNG_Data2k/files/Q00897.01-0000685486.MSG,Q00897.01-0000685486.MSG,.msg,209408,ok,True,False,text,False,0,5,3,False,0,False,0-10,Name | Phone,True,Contact Information,False,,ambiguous,True,yes,4223,standard,,False,False,0,0,0,0,0,0,2.657,False,False,True,,True,likely_no,no,4261,False,likely_non_responsive,True,,8484
CNG_Data2k/files/Q00897.01-0000855404.XLSX,Q00897.01-0000855404.XLSX,.xlsx,61725,ok,True,True,text,True,3,0,70,False,8,True,50-100,Name | Address | Money/Amount,True,Contact Information | Financial Account Information,True,,ambiguous,True,yes,10809,structured_bde,bde_llm_count_roster,False,False,0,0,0,0,0,0,6.094,False,True,True,,True,clear_yes,yes,5879,True,structured_bde,False,,16688
CNG_Data2k/files/Q00897.01-0000541229.0001.PDF,Q00897.01-0000541229.0001.PDF,.pdf,22568,ok,True,False,text,False,1,0,1,False,0,False,0-10,Money/Amount,False,Financial Account Information,False,,clear_non_responsive,False,,0,likely_non_responsive,,False,False,0,0,0,0,0,0,0.022,True,False,False,stage1_nr,False,,,0,False,,False,,0
CNG_Data2k/files/Q00897.01-0000430722.0001.XLSX,Q00897.01-0000430722.0001.XLSX,.xlsx,2053894,ok,True,True,text,True,14,0,695,False,0,False,100+,Phone | Money/Amount,True,Contact Information | Financial Account Information,False,,ambiguous,True,no,9652,likely_non_responsive,bde_llm_count,False,False,0,0,0,0,0,0,3.678,True,False,False,stage1_nr,False,,,0,False,,False,,9652
CNG_Data2k/files/Q00897.01-0000632163.MSG,Q00897.01-0000632163.MSG,.msg,73216,ok,True,False,text,False,0,1,5,False,0,False,0-10,Name | Address | Email | Phone | Card/Transaction,True,Contact Information | Financial Account Information,False,,ambiguous,True,yes,5632,standard,,False,False,0,0,0,0,0,0,4.139,False,False,True,,True,likely_no,no,5643,False,likely_non_responsive,True,,11275
CNG_Data2k/files/Q00897.01-0000107819.XLSX,Q00897.01-0000107819.XLSX,.xlsx,11996371,ok,True,True,text,True,2,0,200000,True,51,True,100+,Name | Address | Money/Amount | Work-Related,True,Contact Information | Financial Account Information | Work-Related Information,True,,ambiguous,True,yes,14270,structured_bde,roster_by_rowcount bde_llm_count_roster,False,False,0,0,0,0,0,0,8.843,False,True,True,,True,likely_no,no,7598,True,likely_non_responsive,True,,21868
CNG_Data2k/files/Q00897.01-0000787288.MSG,Q00897.01-0000787288.MSG,.msg,92160,ok,True,False,text,False,0,5,6,False,0,False,0-10,Name | Address | Email | Phone | Card/Transaction | Money/Amount,True,Contact Information | Financial Account Information,False,,ambiguous,True,yes,5967,standard,,False,False,0,0,0,0,0,0,3.663,False,False,True,,True,likely_no,no,6058,False,likely_non_responsive,True,,12025
CNG_Data2k/files/Q00897.01-0000797462.0001.PDF,Q00897.01-0000797462.0001.PDF,.pdf,22355,ok,True,False,text,False,1,0,3,False,0,False,0-10,Name | Address | Phone | Health,True,Contact Information | Health-Related Information,False,,ambiguous,True,no,3767,likely_non_responsive,,False,False,0,0,0,0,0,0,1.594,True,False,False,stage1_nr,False,,,0,False,,False,,3767
CNG_Data2k/files/Q00897.01-0000136485.PDF,Q00897.01-0000136485.PDF,.pdf,5930145,ok,True,True,text,True,15,0,271,False,4,False,100+,Name | Address | Email | Phone | Money/Amount,True,Contact Information | Financial Account Information,False,,ambiguous,True,yes,20800,standard,bde_llm_count,True,True,15,0,0,0,0,1,15.753,False,False,True,,True,clear_no,no,10697,True,likely_non_responsive,True,,31497
CNG_Data2k/files/Q00897.01-0000805941.MSG,Q00897.01-0000805941.MSG,.msg,72704,ok,True,False,text,False,0,2,8,False,6,False,0-10,Name | Address | Email | Phone,True,Contact Information,False,,ambiguous,True,yes,10705,standard,bde_llm_count,False,False,0,0,0,0,0,0,4.821,False,False,True,,True,likely_no,no,5821,False,likely_non_responsive,True,,16526
CNG_Data2k/files/Q00897.01-0000847042.MSG,Q00897.01-0000847042.MSG,.msg,60416,error,False,False,,False,0,0,0,False,0,False,,,False,,False,,,False,,0,review_error,MalformedRtf,False,False,0,0,0,0,0,0,1.607,False,False,False,extract_error,False,,,0,False,,False,,0
CNG_Data2k\files\Q00897.01-0000127699.XLS,Q00897.01-0000127699.XLS,.xls,39028,ok,True,True,text,True,2,0,136,False,1,False,100+,Name,False,,False,,ambiguous,True,no,4076,likely_non_responsive,roster_by_rowcount bde_llm_count,False,False,0,0,0,0,0,0,2.128,True,False,False,stage1_nr,False,,,0,False,,False,,4076
CNG_Data2k/files/Q00897.01-0000132434.PDF,Q00897.01-0000132434.PDF,.pdf,348388,ok,True,True,text,True,2,0,29,False,0,False,20-50,Address | Phone | Money/Amount,True,Contact Information | Financial Account Information,False,,ambiguous,True,no,7823,likely_non_responsive,bde_llm_count,True,True,2,0,0,0,0,1,7.376,True,False,False,stage1_nr,False,,,0,False,,False,,7823
CNG_Data2k/files/Q00897.01-0000256987.DOCX,Q00897.01-0000256987.DOCX,.docx,19770,ok,True,False,text,False,0,0,3,False,0,False,0-10,Name | Address | Phone | Money/Amount,True,Contact Information | Financial Account Information,False,,ambiguous,True,no,3845,likely_non_responsive,,False,False,0,0,0,0,0,0,1.109,True,False,False,stage1_nr,False,,,0,False,,False,,3845
CNG_Data2k/files/Q00897.01-0000737563.MSG,Q00897.01-0000737563.MSG,.msg,79872,ok,True,False,text,False,0,0,6,False,0,False,0-10,Name | Address | Email | Phone | Money/Amount | Health,True,Contact Information | Financial Account Information | Health-Related Information,False,,ambiguous,True,yes,4420,standard,,False,False,0,0,0,0,0,0,2.537,False,False,True,,True,likely_no,no,4497,False,likely_non_responsive,True,,8917
CNG_Data2k/files/Q00897.01-0000654521.MSG,Q00897.01-0000654521.MSG,.msg,217088,ok,True,False,text,False,0,11,7,False,6,False,0-10,Name | Address | Email | Phone | Money/Amount | Credentials,True,Contact Information | Financial Account Information | Access Credentials,False,,ambiguous,True,yes,8627,standard,bde_llm_count,False,False,0,0,0,0,0,0,4.529,False,False,True,,True,likely_no,no,4762,False,likely_non_responsive,True,,13389
CNG_Data2k/files/Q00897.01-0000528806.0001.XLSX,Q00897.01-0000528806.0001.XLSX,.xlsx,18718,ok,True,True,text,True,1,0,0,False,0,False,0-10,Card Expiry/CVV,False,Financial Account Information,False,,ambiguous,True,no,7833,structured_unreadable,bde_llm_count,False,False,0,0,0,0,0,0,62.717,False,False,True,,True,clear_no,no,4388,False,likely_non_responsive,True,,12221
CNG_Data2k/files/Q00897.01-0000878908.0001.XLSX,Q00897.01-0000878908.0001.XLSX,.xlsx,6040296,ok,True,True,text,True,5,0,106855,False,0,True,100+,Money/Amount,False,Financial Account Information,True,,ambiguous,True,no,9081,structured_bde,roster_by_rowcount bde_llm_count_roster,False,False,0,0,0,0,0,0,10.029,False,True,True,,True,clear_no,no,4985,True,likely_non_responsive,True,,14066
CNG_Data2k/files/Q00897.01-0000469490.0001.DOCX,Q00897.01-0000469490.0001.DOCX,.docx,17182,ok,True,False,text,False,0,0,13,False,0,False,10-20,Name | Work-Related,True,Work-Related Information,False,,ambiguous,True,no,9760,likely_non_responsive,bde_llm_count,False,False,0,0,0,0,0,0,3.424,True,False,False,stage1_nr,False,,,0,False,,False,,9760
CNG_Data2k\files\Q00897.01-0000118955.DOC,Q00897.01-0000118955.DOC,.doc,109920,ok,True,False,text,False,0,0,3,False,0,False,0-10,Phone,True,Contact Information,False,,ambiguous,True,no,2041,likely_non_responsive,,False,False,0,0,0,0,0,0,0.894,True,False,False,stage1_nr,False,,,0,False,,False,,2041
CNG_Data2k/files/Q00897.01-0000907322.PDF,Q00897.01-0000907322.PDF,.pdf,22171,ok,True,False,text,False,2,0,18,False,10,False,10-20,Name | Address | Phone | Money/Amount,True,Contact Information | Financial Account Information,False,,ambiguous,True,yes,11022,standard,bde_llm_count_roster,False,False,0,0,0,0,0,0,7.059,False,False,True,,True,likely_yes,yes,6070,False,standard,False,,17092
CNG_Data2k/files/Q00897.01-0000137012.PDF,Q00897.01-0000137012.PDF,.pdf,11094612,ok,True,True,text,True,15,0,272,False,0,False,100+,Name | Address | Email | Phone | Money/Amount,True,Contact Information | Financial Account Information,False,,ambiguous,True,yes,22475,standard,bde_llm_count,True,True,15,0,0,0,0,1,16.524,False,False,True,,True,clear_no,no,11621,True,likely_non_responsive,True,,34096
CNG_Data2k/files/Q00897.01-0000866073.PDF,Q00897.01-0000866073.PDF,.pdf,1471496,ok,True,False,text,False,24,0,19,False,19,False,10-20,Name | Address | Email | Phone | SSN | Money/Amount | Credentials,True,Contact Information | Government-Issued Identification | Financial Account Information | Access Credentials,False,,clear_responsive,False,,13942,standard,"img_ocr:p7(1/1,+77chars) bde_llm_count_roster",False,False,0,1,1,1,0,1,10.212,False,False,True,,True,clear_yes,yes,15019,False,standard,False,,28961
CNG_Data2k/files/Q00897.01-0000546980.0001.XLSX,Q00897.01-0000546980.0001.XLSX,.xlsx,202991,ok,True,True,text,True,6,0,306,False,306,True,100+,Name | Phone | Money/Amount,True,Contact Information | Financial Account Information,True,,ambiguous,True,no,10684,structured_bde,bde_llm_count_roster,False,False,0,0,0,0,0,0,7.704,False,True,True,,True,likely_no,no,5893,True,likely_non_responsive,True,,16577
CNG_Data2k/files/Q00897.01-0000767955.0005.PDF,Q00897.01-0000767955.0005.PDF,.pdf,59072,ok,True,False,text,False,3,0,2,False,0,False,0-10,Name | Address | Email | Phone | Bank/Account Number | Money/Amount,True,Contact Information | Financial Account Information,False,,ambiguous,True,no,4882,likely_non_responsive,,False,False,0,0,0,0,0,0,1.052,True,False,False,stage1_nr,False,,,0,False,,False,,4882
CNG_Data2k/files/Q00897.01-0000669201.MSG,Q00897.01-0000669201.MSG,.msg,185344,ok,True,False,text,False,0,2,3,False,0,False,0-10,Name | Phone,True,Contact Information,False,,ambiguous,True,no,3722,likely_non_responsive,,False,False,0,0,0,0,0,0,1.266,True,False,False,stage1_nr,False,,,0,False,,False,,3722
CNG_Data2k/files/Q00897.01-0000485135.MSG,Q00897.01-0000485135.MSG,.msg,50688,ok,True,False,text,False,0,5,5,False,0,False,0-10,Name | Demographic,True,Demographic Information,False,,ambiguous,True,yes,4377,standard,,False,False,0,0,0,0,0,0,2.98,False,False,True,,True,borderline,no,4446,False,likely_non_responsive,True,,8823
CNG_Data2k/files/Q00897.01-0000642442.MSG,Q00897.01-0000642442.MSG,.msg,21504,ok,True,False,text,False,0,0,0,False,0,False,0-10,,False,,False,,clear_non_responsive,False,,0,likely_non_responsive,,False,False,0,0,0,0,0,0,0.027,True,False,False,stage1_nr,False,,,0,False,,False,,0
CNG_Data2k/files/Q00897.01-0000010264.PDF,Q00897.01-0000010264.PDF,.pdf,330572,ok,True,True,text,True,1,0,2,False,2,False,0-10,Name | Email | Money/Amount | Work-Related,True,Contact Information | Financial Account Information | Work-Related Information,False,,ambiguous,True,yes,7205,standard,bde_llm_count,True,True,1,0,0,0,0,1,8.848,False,False,True,,True,clear_yes,yes,4059,False,standard,False,,11264
CNG_Data2k/files/Q00897.01-0000834391.MSG,Q00897.01-0000834391.MSG,.msg,1155584,error,False,False,,False,0,0,0,False,0,False,,,False,,False,,,False,,0,review_error,MalformedRtf,False,False,0,0,0,0,0,0,0.963,False,False,False,extract_error,False,,,0,False,,False,,0
CNG_Data2k/files/Q00897.01-0000897470.PDF,Q00897.01-0000897470.PDF,.pdf,12062,ok,True,False,text,False,2,0,1,False,0,False,0-10,Money/Amount,False,Financial Account Information,False,,clear_non_responsive,False,,0,likely_non_responsive,,False,False,0,0,0,0,0,0,0.073,True,False,False,stage1_nr,False,,,0,False,,False,,0
CNG_Data2k/files/Q00897.01-0000904904.PDF,Q00897.01-0000904904.PDF,.pdf,11796,ok,True,False,text,False,1,0,0,False,0,False,0-10,,False,,False,,clear_non_responsive,False,,0,likely_non_responsive,,False,False,0,0,0,0,0,0,0.035,True,False,False,stage1_nr,False,,,0,False,,False,,0
CNG_Data2k/files/Q00897.01-0000750260.MSG,Q00897.01-0000750260.MSG,.msg,169984,ok,True,False,text,False,0,0,24,False,0,False,20-50,Name | Address | Email | Phone | Money/Amount | Health | Work-Related,True,Contact Information | Financial Account Information | Health-Related Information | Work-Related Information,False,,ambiguous,True,yes,18187,standard,bde_llm_count,False,False,0,0,0,0,0,0,7.967,False,False,True,,True,clear_no,no,9541,False,likely_non_responsive,True,,27728
CNG_Data2k/files/Q00897.01-0000910382.PDF,Q00897.01-0000910382.PDF,.pdf,16283,ok,True,False,text,False,2,0,8,False,8,False,0-10,Name | Phone | Money/Amount,True,Contact Information | Financial Account Information,False,,ambiguous,True,yes,8853,standard,bde_llm_count_roster,False,False,0,0,0,0,0,0,5.334,False,False,True,,True,clear_yes,yes,4923,False,standard,False,,13776
CNG_Data2k/files/Q00897.01-0000697292.MSG,Q00897.01-0000697292.MSG,.msg,246272,ok,True,False,text,False,0,0,8,False,0,False,0-10,Name | Address | Email | Phone,True,Contact Information,False,,ambiguous,True,no,8401,likely_non_responsive,bde_llm_count,False,False,0,0,0,0,0,0,2.914,True,False,False,stage1_nr,False,,,0,False,,False,,8401
CNG_Data2k/files/Q00897.01-0000277777.0002.PDF,Q00897.01-0000277777.0002.PDF,.pdf,96591,ok,True,True,text,True,2,0,2,False,2,False,0-10,Name | Address | Phone,True,Contact Information,False,,ambiguous,True,yes,9975,standard,bde_llm_count,True,True,2,0,0,0,0,1,26.236,False,False,True,,True,clear_yes,yes,5437,False,standard,False,,15412
CNG_Data2k/files/Q00897.01-0000530167.0001.PDF,Q00897.01-0000530167.0001.PDF,.pdf,22659,ok,True,False,text,False,1,0,1,False,0,False,0-10,Money/Amount,False,Financial Account Information,False,,clear_non_responsive,False,,0,likely_non_responsive,,False,False,0,0,0,0,0,0,0.023,True,False,False,stage1_nr,False,,,0,False,,False,,0
CNG_Data2k/files/Q00897.01-0000642368.MSG,Q00897.01-0000642368.MSG,.msg,19456,ok,True,False,text,False,0,0,0,False,0,False,0-10,,False,,False,,clear_non_responsive,False,,0,likely_non_responsive,,False,False,0,0,0,0,0,0,0.021,True,False,False,stage1_nr,False,,,0,False,,False,,0
CNG_Data2k/files/Q00897.01-0000254584.XLSX,Q00897.01-0000254584.XLSX,.xlsx,28530,ok,True,True,text,True,1,0,100,False,0,False,50-100,Name | Phone,True,Contact Information,False,,ambiguous,True,no,7874,likely_non_responsive,roster_by_rowcount bde_llm_count,False,False,0,0,0,0,0,0,1.99,True,False,False,stage1_nr,False,,,0,False,,False,,7874
CNG_Data2k/files/Q00897.01-0000746271.MSG,Q00897.01-0000746271.MSG,.msg,535040,ok,True,False,text,False,0,0,1,False,0,False,0-10,Money/Amount | Work-Related,False,Financial Account Information | Work-Related Information,False,,ambiguous,True,no,7594,likely_non_responsive,,False,False,0,0,0,0,0,0,3.948,True,False,False,stage1_nr,False,,,0,False,,False,,7594
CNG_Data2k/files/Q00897.01-0000504068.MSG,Q00897.01-0000504068.MSG,.msg,89088,ok,True,False,text,False,0,0,1,False,0,False,0-10,Email,True,Contact Information,False,,ambiguous,True,no,4620,likely_non_responsive,,False,False,0,0,0,0,0,0,2.216,True,False,False,stage1_nr,False,,,0,False,,False,,4620
CNG_Data2k/files/Q00897.01-0000914755.PDF,Q00897.01-0000914755.PDF,.pdf,275944,ok,True,True,text,True,1,0,10,False,4,False,0-10,Name | Money/Amount,False,Financial Account Information,False,,ambiguous,True,yes,8168,standard,bde_llm_count,True,True,1,0,0,0,0,1,9.623,False,False,True,,True,clear_yes,yes,4568,False,standard,False,,12736
CNG_Data2k/files/Q00897.01-0000123354.PDF,Q00897.01-0000123354.PDF,.pdf,6833737,ok,True,True,text,True,15,0,132,False,10,False,100+,Name | Address | Phone | Bank/Account Number | Money/Amount,True,Contact Information | Financial Account Information,False,,ambiguous,True,yes,19249,standard,bde_llm_count,True,True,15,0,0,0,0,1,14.306,False,False,True,,True,likely_no,no,10109,True,likely_non_responsive,True,,29358
CNG_Data2k/files/Q00897.01-0000248674.PDF,Q00897.01-0000248674.PDF,.pdf,206211,ok,True,False,text,False,1,0,1,False,0,False,0-10,Name | Phone | Money/Amount,True,Contact Information | Financial Account Information,False,,ambiguous,True,no,3897,likely_non_responsive,"img_ocr:p1(1/1,+19chars)",False,False,0,1,1,1,0,1,5.166,True,False,False,stage1_nr,False,,,0,False,,False,,3897
CNG_Data2k/files/Q00897.01-0000646959.MSG,Q00897.01-0000646959.MSG,.msg,173568,ok,True,False,text,False,0,2,1,False,0,False,0-10,Name | Email | Credentials,True,Contact Information | Access Credentials,False,,ambiguous,True,yes,8373,standard,,False,False,0,0,0,0,0,0,2.435,False,False,True,,True,likely_yes,yes,8435,False,standard,False,,16808
CNG_Data2k/files/Q00897.01-0000649052.MSG,Q00897.01-0000649052.MSG,.msg,108032,ok,True,False,text,False,0,0,3,False,0,False,0-10,Name | Phone,True,Contact Information,False,,ambiguous,True,no,6029,likely_non_responsive,,False,False,0,0,0,0,0,0,1.234,True,False,False,stage1_nr,False,,,0,False,,False,,6029
CNG_Data2k/files/Q00897.01-0000815988.MSG,Q00897.01-0000815988.MSG,.msg,90112,ok,True,False,text,False,0,1,3,False,0,False,0-10,Name | Email | Phone,True,Contact Information,False,,ambiguous,True,no,4268,likely_non_responsive,,False,False,0,0,0,0,0,0,1.285,True,False,False,stage1_nr,False,,,0,False,,False,,4268
CNG_Data2k\files\Q00897.01-0000835442.0001.DOC,Q00897.01-0000835442.0001.DOC,.doc,64426,ok,True,False,text,False,0,0,2,False,0,False,0-10,Email | Money/Amount,True,Contact Information | Financial Account Information,False,,ambiguous,True,no,6797,likely_non_responsive,,False,False,0,0,0,0,0,0,1.088,True,False,False,stage1_nr,False,,,0,False,,False,,6797
CNG_Data2k/files/Q00897.01-0000757547.MSG,Q00897.01-0000757547.MSG,.msg,110592,ok,True,False,text,False,0,0,1,False,0,False,0-10,Money/Amount | Demographic | Work-Related,False,Financial Account Information | Demographic Information | Work-Related Information,False,,ambiguous,True,no,7078,likely_non_responsive,,False,False,0,0,0,0,0,0,3.522,True,False,False,stage1_nr,False,,,0,False,,False,,7078
CNG_Data2k/files/Q00897.01-0000483705.MSG,Q00897.01-0000483705.MSG,.msg,129024,ok,True,False,text,False,0,1,8,False,4,False,0-10,Name | Email | Money/Amount,True,Contact Information | Financial Account Information,False,,ambiguous,True,no,7712,likely_non_responsive,bde_llm_count,False,False,0,0,0,0,0,0,3.133,True,False,False,stage1_nr,False,,,0,False,,False,,7712
CNG_Data2k/files/Q00897.01-0000037460.PDF,Q00897.01-0000037460.PDF,.pdf,883815,ok,True,True,text,True,7,0,61,False,0,False,50-100,Name | Address | Money/Amount,True,Contact Information | Financial Account Information,False,,ambiguous,True,yes,10812,standard,bde_llm_count,True,True,7,0,0,0,0,1,14.437,False,False,True,,True,likely_no,no,5873,True,likely_non_responsive,True,,16685
CNG_Data2k/files/Q00897.01-0000909637.PDF,Q00897.01-0000909637.PDF,.pdf,8632,ok,True,False,text,False,1,0,9,False,9,False,0-10,Name | Phone,True,Contact Information,False,,ambiguous,True,yes,7228,standard,bde_llm_count_roster,False,False,0,0,0,0,0,0,7.243,False,False,True,,True,borderline,no,4061,False,likely_non_responsive,True,,11289
CNG_Data2k/files/Q00897.01-0000819047.0003.PDF,Q00897.01-0000819047.0003.PDF,.pdf,113579,ok,True,False,text,False,1,0,2,False,0,False,0-10,Email | Phone | Money/Amount | Health,True,Contact Information | Financial Account Information | Health-Related Information,False,,ambiguous,True,no,4223,likely_non_responsive,,True,True,1,0,0,0,0,1,5.223,True,False,False,stage1_nr,False,,,0,False,,False,,4223
CNG_Data2k/files/Q00897.01-0000332162.PDF,Q00897.01-0000332162.PDF,.pdf,380996,ok,True,False,text,False,4,0,3,False,0,False,0-10,Name | Address | Bank/Account Number | Money/Amount,True,Contact Information | Financial Account Information,False,,ambiguous,True,yes,4395,standard,"img_ocr:p2(1/1,+302chars)",False,False,0,1,1,1,0,1,8.122,False,False,True,,True,likely_no,no,4480,False,likely_non_responsive,True,,8875
CNG_Data2k/files/Q00897.01-0000438618.MSG,Q00897.01-0000438618.MSG,.msg,109568,ok,True,False,text,False,0,0,2,False,0,False,0-10,Name | Address | Email,True,Contact Information,False,,ambiguous,True,yes,3913,standard,,False,False,0,0,0,0,0,0,3.167,False,False,True,,True,likely_no,no,3959,False,likely_non_responsive,True,,7872
CNG_Data2k/files/Q00897.01-0000472204.MSG,Q00897.01-0000472204.MSG,.msg,23552,ok,True,False,text,False,0,0,0,False,0,False,0-10,,False,,False,,clear_non_responsive,False,,0,likely_non_responsive,,False,False,0,0,0,0,0,0,0.061,True,False,False,stage1_nr,False,,,0,False,,False,,0
CNG_Data2k/files/Q00897.01-0000279557.PDF,Q00897.01-0000279557.PDF,.pdf,294318,ok,True,False,text,False,2,0,1,False,0,False,0-10,Name | Address | Phone | Bank/Account Number | Money/Amount,True,Contact Information | Financial Account Information,False,,ambiguous,True,yes,5402,standard,,False,False,0,0,0,0,0,0,2.717,False,False,True,,True,clear_yes,yes,5444,False,standard,False,,10846
CNG_Data2k/files/Q00897.01-0000665140.0001.XLSX,Q00897.01-0000665140.0001.XLSX,.xlsx,55849,ok,True,True,text,True,1,0,206,False,0,False,100+,Phone | Money/Amount,True,Contact Information | Financial Account Information,False,,ambiguous,True,no,14550,likely_non_responsive,roster_by_rowcount bde_llm_count,False,False,0,0,0,0,0,0,2.596,True,False,False,stage1_nr,False,,,0,False,,False,,14550
CNG_Data2k/files/Q00897.01-0000293175.PDF,Q00897.01-0000293175.PDF,.pdf,126470,ok,True,False,text,False,2,0,1,False,0,False,0-10,Money/Amount,False,Financial Account Information,False,,clear_non_responsive,False,,0,likely_non_responsive,,False,False,0,0,0,0,0,0,0.139,True,False,False,stage1_nr,False,,,0,False,,False,,0
CNG_Data2k/files/Q00897.01-0000274825.PDF,Q00897.01-0000274825.PDF,.pdf,834308,ok,True,True,text,True,4,0,33,False,3,False,20-50,Name | Address | Email | Phone | SSN | Tax ID | Card/Transaction | Money/Amount | Health,True,Contact Information | Government-Issued Identification | Financial Account Information | Health-Related Information,False,,clear_responsive,False,,5260,standard,bde_llm_count,True,True,4,0,0,0,0,1,12.514,False,False,True,,True,clear_yes,yes,6043,False,standard,False,,11303
CNG_Data2k/files/Q00897.01-0000347812.PDF,Q00897.01-0000347812.PDF,.pdf,63140,ok,True,True,text,True,1,0,2,False,1,False,0-10,Address | Phone | Money/Amount,True,Contact Information | Financial Account Information,False,,ambiguous,True,no,7099,likely_non_responsive,bde_llm_count,True,True,1,0,0,0,0,1,6.912,True,False,False,stage1_nr,False,,,0,False,,False,,7099
CNG_Data2k/files/Q00897.01-0000909776.PDF,Q00897.01-0000909776.PDF,.pdf,22223,ok,True,False,text,False,3,0,1,False,0,False,0-10,Money/Amount,False,Financial Account Information,False,,clear_non_responsive,False,,0,likely_non_responsive,,False,False,0,0,0,0,0,0,0.191,True,False,False,stage1_nr,False,,,0,False,,False,,0
CNG_Data2k/files/Q00897.01-0000809525.0001.DOCX,Q00897.01-0000809525.0001.DOCX,.docx,40006,ok,True,False,text,False,0,0,1,False,0,False,0-10,Address | Health,True,Contact Information | Health-Related Information,False,,ambiguous,True,no,6227,likely_non_responsive,,False,False,0,0,0,0,0,0,1.136,True,False,False,stage1_nr,False,,,0,False,,False,,6227
CNG_Data2k/files/Q00897.01-0000833634.MSG,Q00897.01-0000833634.MSG,.msg,7755776,ok,True,False,text,False,0,2,1,False,0,False,0-10,Name | Address | Email,True,Contact Information,False,,ambiguous,True,no,3785,likely_non_responsive,,False,False,0,0,0,0,0,0,1.543,True,False,False,stage1_nr,False,,,0,False,,False,,3785
CNG_Data2k/files/Q00897.01-0000010200.PDF,Q00897.01-0000010200.PDF,.pdf,55672,ok,True,False,text,False,12,0,51,False,51,True,50-100,Name | Address | Email | Phone | Money/Amount | Demographic | Work-Related,True,Contact Information | Financial Account Information | Demographic Information | Work-Related Information,True,,ambiguous,True,yes,20775,bde,bde_llm_count_roster,False,False,0,0,0,0,0,0,8.412,False,True,True,,True,clear_yes,yes,10979,True,bde,False,,31754
CNG_Data2k/files/Q00897.01-0000443345.0001.PDF,Q00897.01-0000443345.0001.PDF,.pdf,981263,ok,True,False,text,False,18,0,6,False,0,False,0-10,Name | Address | Email | Phone | SSN | Card/Transaction | Money/Amount,True,Contact Information | Government-Issued Identification | Financial Account Information,False,,clear_responsive,False,,0,standard,"img_ocr:none(2 calls,0 chars)",False,False,0,2,2,0,0,2,11.508,False,False,True,,True,clear_yes,yes,12724,False,standard,False,,12724
CNG_Data2k/files/Q00897.01-0000893693.PDF,Q00897.01-0000893693.PDF,.pdf,25783,ok,True,False,text,False,4,0,1,False,0,False,0-10,Address | Money/Amount,True,Contact Information | Financial Account Information,False,,ambiguous,True,yes,6133,standard,,False,False,0,0,0,0,0,0,4.131,False,False,True,,True,likely_yes,yes,6208,False,standard,False,,12341
CNG_Data2k/files/Q00897.01-0000286509.PDF,Q00897.01-0000286509.PDF,.pdf,126219,ok,True,True,text,True,1,0,7,False,1,False,0-10,Name | Phone | Money/Amount,True,Contact Information | Financial Account Information,False,,ambiguous,True,yes,7046,standard,bde_llm_count,True,True,1,0,0,0,0,1,7.738,False,False,True,,True,likely_no,no,3987,False,likely_non_responsive,True,,11033
CNG_Data2k/files/Q00897.01-0000765084.0001.PDF,Q00897.01-0000765084.0001.PDF,.pdf,90982,ok,True,False,text,False,3,0,4,False,0,False,0-10,Name | Address | Email | Phone | Money/Amount,True,Contact Information | Financial Account Information,False,,ambiguous,True,no,5090,likely_non_responsive,,True,True,3,0,0,0,0,1,8.684,True,False,False,stage1_nr,False,,,0,False,,False,,5090
CNG_Data2k/files/Q00897.01-0000540730.0001.XLSX,Q00897.01-0000540730.0001.XLSX,.xlsx,77172,ok,True,True,text,True,1,0,66,False,0,False,50-100,Phone | Money/Amount,True,Contact Information | Financial Account Information,False,,ambiguous,True,no,17917,likely_non_responsive,bde_llm_count,False,False,0,0,0,0,0,0,3.011,True,False,False,stage1_nr,False,,,0,False,,False,,17917
CNG_Data2k/files/Q00897.01-0000005549.PDF,Q00897.01-0000005549.PDF,.pdf,54893,ok,True,False,text,False,9,0,1,False,0,False,0-10,Name | Address | Email | Phone | Card Expiry/CVV | Money/Amount | Family | Work-Related,True,Contact Information | Financial Account Information | Family Information | Work-Related Information,False,,ambiguous,True,yes,6975,standard,,False,False,0,0,0,0,0,0,4.373,False,False,True,,True,clear_yes,yes,7056,False,standard,False,,14031
CNG_Data2k/files/Q00897.01-0000715975.MSG,Q00897.01-0000715975.MSG,.msg,162304,ok,True,False,text,False,0,0,1,False,0,False,0-10,Name | Address | Email | Phone | Card Expiry/CVV,True,Contact Information | Financial Account Information,False,,ambiguous,True,no,4021,likely_non_responsive,,False,False,0,0,0,0,0,0,1.215,True,False,False,stage1_nr,False,,,0,False,,False,,4021
CNG_Data2k/files/Q00897.01-0000470768.0005.PDF,Q00897.01-0000470768.0005.PDF,.pdf,103715,ok,True,False,text,False,14,0,4,False,0,False,0-10,Name | Address | Email | Money/Amount,True,Contact Information | Financial Account Information,False,,ambiguous,True,yes,9047,standard,"img_ocr:p13,p13(2/2,+94chars)",False,False,0,2,2,2,0,2,11.168,False,False,True,,True,likely_yes,yes,9090,False,standard,False,,18137
CNG_Data2k/files/Q00897.01-0000114301.PDF,Q00897.01-0000114301.PDF,.pdf,19545,ok,True,False,text,False,9,0,1,False,0,False,0-10,Card/Transaction | Money/Amount | Work-Related,False,Financial Account Information | Work-Related Information,False,,ambiguous,True,no,10956,likely_non_responsive,,False,False,0,0,0,0,0,0,1.393,True,False,False,stage1_nr,False,,,0,False,,False,,10956
CNG_Data2k/files/Q00897.01-0000729146.MSG,Q00897.01-0000729146.MSG,.msg,178688,ok,True,False,text,False,0,0,4,False,0,False,0-10,Address | Email | Phone,True,Contact Information,False,,ambiguous,True,no,4778,likely_non_responsive,,False,False,0,0,0,0,0,0,1.661,True,False,False,stage1_nr,False,,,0,False,,False,,4778
CNG_Data2k/files/Q00897.01-0000272673.PDF,Q00897.01-0000272673.PDF,.pdf,656654,ok,True,True,text,True,15,0,144,False,2,False,100+,Name | Address | Email | Phone | Money/Amount | Health | Work-Related,True,Contact Information | Financial Account Information | Health-Related Information | Work-Related Information,False,,ambiguous,True,yes,18908,standard,bde_llm_count,True,True,15,0,0,0,0,1,18.596,False,False,True,,True,clear_yes,yes,9935,True,structured_bde,False,,28843
CNG_Data2k/files/Q00897.01-0000247093.PDF,Q00897.01-0000247093.PDF,.pdf,285604,ok,True,False,text,False,2,0,4,False,0,False,0-10,Phone | Money/Amount,True,Contact Information | Financial Account Information,False,,ambiguous,True,no,4510,likely_non_responsive,"img_ocr:p2(1/1,+4chars)",False,False,0,1,1,1,0,1,6.163,True,False,False,stage1_nr,False,,,0,False,,False,,4510
CNG_Data2k/files/Q00897.01-0000394090.MSG,Q00897.01-0000394090.MSG,.msg,80896,ok,True,False,text,False,0,0,2,False,0,False,0-10,Address | Email | Card/Transaction,True,Contact Information | Financial Account Information,False,,ambiguous,True,no,4105,likely_non_responsive,,False,False,0,0,0,0,0,0,2.677,True,False,False,stage1_nr,False,,,0,False,,False,,4105
CNG_Data2k/files/Q00897.01-0000518786.0001.XLSX,Q00897.01-0000518786.0001.XLSX,.xlsx,238632,ok,True,True,text,True,1,0,564,False,0,False,100+,Phone | Money/Amount,True,Contact Information | Financial Account Information,False,,ambiguous,True,no,19582,likely_non_responsive,bde_llm_count,False,False,0,0,0,0,0,0,2.918,True,False,False,stage1_nr,False,,,0,False,,False,,19582
CNG_Data2k/files/Q00897.01-0000112486.PDF,Q00897.01-0000112486.PDF,.pdf,6723,ok,True,False,text,False,1,0,1,False,0,False,0-10,Name | Address | Health,True,Contact Information | Health-Related Information,False,,ambiguous,True,yes,3978,standard,,False,False,0,0,0,0,0,0,2.257,False,False,True,,True,likely_no,no,4062,False,likely_non_responsive,True,,8040
CNG_Data2k/files/Q00897.01-0000669614.0002.PDF,Q00897.01-0000669614.0002.PDF,.pdf,13857,ok,True,False,text,False,14,0,3,False,0,False,0-10,Address | Phone | Bank/Account Number | Money/Amount,True,Contact Information | Financial Account Information,False,,ambiguous,True,no,4768,likely_non_responsive,,False,False,0,0,0,0,0,0,1.352,True,False,False,stage1_nr,False,,,0,False,,False,,4768
CNG_Data2k/files/Q00897.01-0000035575.PDF,Q00897.01-0000035575.PDF,.pdf,646731,ok,True,True,text,True,2,0,5,False,2,False,0-10,Name | Address | Phone | Money/Amount,True,Contact Information | Financial Account Information,False,,ambiguous,True,yes,10236,standard,bde_llm_count,True,True,2,0,0,0,0,1,9.406,False,False,True,,True,borderline,no,5601,False,likely_non_responsive,True,,15837
CNG_Data2k/files/Q00897.01-0000470878.0001.XLSX,Q00897.01-0000470878.0001.XLSX,.xlsx,134560,ok,True,True,text,True,2,0,270,False,0,False,100+,Name | Phone | Payment Card | Money/Amount,True,Contact Information | Financial Account Information,False,,ambiguous,True,no,10167,likely_non_responsive,roster_by_rowcount bde_llm_count,False,False,0,0,0,0,0,0,3.159,True,False,False,stage1_nr,False,,,0,False,,False,,10167
CNG_Data2k/files/Q00897.01-0000819498.MSG,Q00897.01-0000819498.MSG,.msg,551936,ok,True,False,text,False,0,0,8,False,6,False,0-10,Name | Address | Email | Phone | Money/Amount,True,Contact Information | Financial Account Information,False,,ambiguous,True,yes,19093,standard,bde_llm_count,False,False,0,0,0,0,0,0,34.382,False,False,True,,True,likely_no,no,10048,False,likely_non_responsive,True,,29141
CNG_Data2k/files/Q00897.01-0000133241.PDF,Q00897.01-0000133241.PDF,.pdf,524840,ok,True,True,text,True,3,0,35,False,0,False,20-50,Phone | Money/Amount,True,Contact Information | Financial Account Information,False,,ambiguous,True,no,8208,likely_non_responsive,bde_llm_count,True,True,3,0,0,0,0,1,9.217,True,False,False,stage1_nr,False,,,0,False,,False,,8208
CNG_Data2k/files/Q00897.01-0000269874.PDF,Q00897.01-0000269874.PDF,.pdf,73314,ok,True,False,text,False,1,0,3,False,0,False,0-10,Name | Address | Email | Phone | SSN | Date of Birth | Credentials | Family,True,Contact Information | Government-Issued Identification | Birth Information | Access Credentials | Family Information,False,,clear_responsive,False,,0,standard,,True,True,1,0,0,0,0,1,9.235,False,False,True,,True,clear_yes,yes,4309,False,standard,False,,4309
CNG_Data2k/files/Q00897.01-0000293375.PDF,Q00897.01-0000293375.PDF,.pdf,1312,ok,True,False,text,False,1,0,1,False,0,False,0-10,Name | Money/Amount,True,Financial Account Information,False,,ambiguous,True,yes,3784,standard,,False,False,0,0,0,0,0,0,61.549,False,False,True,,True,likely_yes,yes,3842,False,standard,False,,7626
CNG_Data2k/files/Q00897.01-0000753151.MSG,Q00897.01-0000753151.MSG,.msg,114688,ok,True,False,text,False,0,0,1,False,0,False,0-10,Address | Alien Registration | Money/Amount | Health,True,Contact Information | Government-Issued Identification | Financial Account Information | Health-Related Information,False,,ambiguous,True,no,7452,likely_non_responsive,,False,False,0,0,0,0,0,0,3.527,True,False,False,stage1_nr,False,,,0,False,,False,,7452
CNG_Data2k/files/Q00897.01-0000891335.PDF,Q00897.01-0000891335.PDF,.pdf,11932,ok,True,False,text,False,1,0,0,False,0,False,0-10,,False,,False,,clear_non_responsive,False,,0,likely_non_responsive,,False,False,0,0,0,0,0,0,0.036,True,False,False,stage1_nr,False,,,0,False,,False,,0
CNG_Data2k/files/Q00897.01-0000021308.XLSX,Q00897.01-0000021308.XLSX,.xlsx,62407,ok,True,True,text,True,3,0,86,False,7,True,50-100,Name | Money/Amount,False,Financial Account Information,True,,ambiguous,True,yes,10892,structured_bde,bde_llm_count_roster,False,False,0,0,0,0,0,0,4.775,False,True,True,,True,clear_yes,yes,5930,True,structured_bde,False,,16822
CNG_Data2k/files/Q00897.01-0000628442.MSG,Q00897.01-0000628442.MSG,.msg,55808,ok,True,False,text,False,0,1,15,False,15,False,10-20,Name | Address | Email | Phone,True,Contact Information,False,,ambiguous,True,yes,11762,standard,bde_llm_count,False,False,0,0,0,0,0,0,5.758,False,False,True,,True,likely_yes,yes,6366,False,standard,False,,18128
CNG_Data2k/files/Q00897.01-0000892783.PDF,Q00897.01-0000892783.PDF,.pdf,35726,ok,True,False,text,False,6,0,1,False,0,False,0-10,Money/Amount,False,Financial Account Information,False,,clear_non_responsive,False,,0,likely_non_responsive,,False,False,0,0,0,0,0,0,0.428,True,False,False,stage1_nr,False,,,0,False,,False,,0
CNG_Data2k/files/Q00897.01-0000907626.PDF,Q00897.01-0000907626.PDF,.pdf,14241,ok,True,False,text,False,2,0,2,False,0,False,0-10,Name | Address | Phone,True,Contact Information,False,,ambiguous,True,yes,4232,standard,,False,False,0,0,0,0,0,0,2.926,False,False,True,,True,likely_yes,yes,4280,False,standard,False,,8512
