rel_path,file_name,ext,size_bytes,status,searchable,programmatic,text_extractable,is_structured,page_or_sheet_count,attachment_count,estimated_entities,estimate_truncated,bde_person_count,bde_confirmed,entity_bucket,entities_found,value_signal,pi_categories,is_bde,complexity_bucket,ambiguity,llm_consulted,llm_responsive,llm_tokens,suggested_lane,detail,ocr_attempted,ocr,ocr_pages,img_ocr_qualifying,img_ocr_calls,img_ocr_ok,img_decode_failed,di_calls,elapsed_s,nr_stage1,bde_stage1,s2_ran,s2_skip_reason,s2_llm_consulted,s2_llm_responsiveness,s2_llm_responsive,s2_llm_tokens,s2_is_bde,s2_lane,s2_nr,s2_detail,llm_tokens_total
CNG_Data2k_variance/files/Q00897.01-0000859523.PDF,Q00897.01-0000859523.PDF,.pdf,137442,ok,True,True,text,True,3,0,65,False,1,False,50-100,Name | Address | Email | Phone | Credentials | Health | Work-Related,True,Contact Information | Access Credentials | Health-Related Information | Work-Related Information,False,,ambiguous,True,yes,8716,standard,bde_llm_count,True,True,3,0,0,0,0,1,13.67,False,False,True,,True,clear_yes,yes,4826,True,structured_bde,False,,13542
CNG_Data2k_variance/files/Q00897.01-0000898137.PDF,Q00897.01-0000898137.PDF,.pdf,13331,ok,True,False,text,False,2,0,1,False,0,False,0-10,Money/Amount,False,Financial Account Information,False,,clear_non_responsive,False,,0,likely_non_responsive,,False,False,0,0,0,0,0,0,0.252,True,False,False,stage1_nr,False,,,0,False,,False,,0
CNG_Data2k_variance/files/Q00897.01-0000519224.0001.XLSX,Q00897.01-0000519224.0001.XLSX,.xlsx,45515,ok,True,True,text,True,1,0,438,False,1,False,100+,Name | Phone | Money/Amount,True,Contact Information | Financial Account Information,False,,ambiguous,True,yes,17774,standard,roster_by_rowcount bde_llm_count,False,False,0,0,0,0,0,0,63.378,False,False,True,,True,likely_no,no,9362,True,likely_non_responsive,True,,27136
CNG_Data2k_variance/files/Q00897.01-0000899060.PDF,Q00897.01-0000899060.PDF,.pdf,15392,ok,True,False,text,False,2,0,1,False,0,False,0-10,Money/Amount,False,Financial Account Information,False,,clear_non_responsive,False,,0,likely_non_responsive,,False,False,0,0,0,0,0,0,0.091,True,False,False,stage1_nr,False,,,0,False,,False,,0
CNG_Data2k_variance/files/Q00897.01-0000000936.PDF,Q00897.01-0000000936.PDF,.pdf,63659,ok,True,False,text,False,1,0,1,False,0,False,0-10,Name | Address | Date of Birth,True,Contact Information | Birth Information,False,,ambiguous,True,yes,3883,standard,,False,False,0,0,0,0,0,0,4.631,False,False,True,,True,clear_yes,yes,3923,False,standard,False,,7806
CNG_Data2k_variance/files/Q00897.01-0000112427.XLSX,Q00897.01-0000112427.XLSX,.xlsx,615427,ok,True,True,text,True,3,0,129,False,0,False,100+,Phone | Bank/Account Number | Money/Amount,True,Contact Information | Financial Account Information,False,,ambiguous,True,no,15422,likely_non_responsive,roster_by_rowcount bde_llm_count,False,False,0,0,0,0,0,0,3.418,True,False,False,stage1_nr,False,,,0,False,,False,,15422
CNG_Data2k_variance/files/Q00897.01-0000132491.PDF,Q00897.01-0000132491.PDF,.pdf,128857,ok,True,True,text,True,1,0,39,False,0,False,20-50,Phone | Money/Amount,True,Contact Information | Financial Account Information,False,,ambiguous,True,no,7498,likely_non_responsive,bde_llm_count,True,True,1,0,0,0,0,1,6.845,True,False,False,stage1_nr,False,,,0,False,,False,,7498
CNG_Data2k_variance/files/Q00897.01-0000767440.0001.PDF,Q00897.01-0000767440.0001.PDF,.pdf,114725,ok,True,False,text,False,2,0,4,False,0,False,0-10,Name | Address | Phone | Money/Amount,True,Contact Information | Financial Account Information,False,,ambiguous,True,yes,4136,standard,"img_ocr:p1(1/1,+31chars)",False,False,0,1,1,1,0,1,7.34,False,False,True,,True,clear_no,no,4231,False,likely_non_responsive,True,,8367
CNG_Data2k_variance/files/Q00897.01-0000398366.0001.JPG,Q00897.01-0000398366.0001.JPG,.jpg,1824680,ok,True,False,text,False,1,0,2,False,0,False,0-10,Name | Address | Bank/Account Number | Money/Amount,True,Contact Information | Financial Account Information,False,,ambiguous,True,no,3916,likely_non_responsive,,True,True,1,0,0,0,0,1,5.422,True,False,False,stage1_nr,False,,,0,False,,False,,3916
CNG_Data2k_variance/files/Q00897.01-0000777391.0001.PPTX,Q00897.01-0000777391.0001.PPTX,.pptx,71549,ok,True,False,text,False,6,0,1,False,0,False,0-10,Money/Amount | Work-Related,False,Financial Account Information | Work-Related Information,False,,ambiguous,True,no,4758,likely_non_responsive,,False,False,0,0,0,0,0,0,1.734,True,False,False,stage1_nr,False,,,0,False,,False,,4758
CNG_Data2k_variance/files/Q00897.01-0000790830.MSG,Q00897.01-0000790830.MSG,.msg,62464,ok,True,False,text,False,0,1,4,False,0,False,0-10,Name | Address | Email | Phone | Health,True,Contact Information | Health-Related Information,False,,ambiguous,True,yes,6093,standard,,False,False,0,0,0,0,0,0,4.455,False,False,True,,True,likely_yes,yes,6139,False,standard,False,,12232
CNG_Data2k_variance/files/Q00897.01-0000896778.PDF,Q00897.01-0000896778.PDF,.pdf,18804,ok,True,True,text,True,2,0,30,False,2,False,20-50,Name | Address | Phone | Money/Amount | Work-Related,True,Contact Information | Financial Account Information | Work-Related Information,False,,ambiguous,True,yes,8373,standard,bde_llm_count,True,True,2,0,0,0,0,1,10.772,False,False,True,,True,clear_yes,yes,4659,False,standard,False,,13032
CNG_Data2k_variance\files\Q00897.01-0000290415.XLS,Q00897.01-0000290415.XLS,.xls,36970,ok,True,True,text,True,1,0,241,False,241,True,100+,Name | SSN | Money/Amount | Health,True,Government-Issued Identification | Financial Account Information | Health-Related Information,True,,clear_responsive,False,,7308,structured_bde,bde_llm_count_roster,False,False,0,0,0,0,0,0,5.984,False,True,True,,True,clear_yes,yes,8539,True,structured_bde,False,,15847
CNG_Data2k_variance/files/Q00897.01-0000861159.PDF,Q00897.01-0000861159.PDF,.pdf,253574,ok,True,False,text,False,2,0,2,False,0,False,0-10,SSN | Money/Amount,True,Government-Issued Identification | Financial Account Information,False,,clear_responsive,False,,0,standard,,False,False,0,0,0,0,0,0,1.32,False,False,True,,True,clear_yes,yes,3994,False,standard,False,,3994
CNG_Data2k_variance/files/Q00897.01-0000293197.PDF,Q00897.01-0000293197.PDF,.pdf,125768,ok,True,False,text,False,1,0,0,False,0,False,0-10,,False,,False,,clear_non_responsive,False,,0,likely_non_responsive,,False,False,0,0,0,0,0,0,0.076,True,False,False,stage1_nr,False,,,0,False,,False,,0
CNG_Data2k_variance/files/Q00897.01-0000531605.0001.PDF,Q00897.01-0000531605.0001.PDF,.pdf,22605,ok,True,False,text,False,1,0,1,False,0,False,0-10,Money/Amount,False,Financial Account Information,False,,clear_non_responsive,False,,0,likely_non_responsive,,False,False,0,0,0,0,0,0,0.024,True,False,False,stage1_nr,False,,,0,False,,False,,0
CNG_Data2k_variance/files/Q00897.01-0000906310.PDF,Q00897.01-0000906310.PDF,.pdf,2954390,ok,True,True,text,True,15,0,379,False,379,True,100+,Address | Phone | SSN | Money/Amount | Work-Related,True,Contact Information | Government-Issued Identification | Financial Account Information | Work-Related Information,True,,clear_responsive,False,,11995,structured_bde,bde_llm_count_roster,True,True,15,0,0,0,0,1,30.869,False,True,True,,True,clear_yes,yes,13095,True,structured_bde,False,,25090
CNG_Data2k_variance/files/Q00897.01-0000654452.MSG,Q00897.01-0000654452.MSG,.msg,250368,ok,True,False,text,False,0,3,3,False,0,False,0-10,Address | Email | Phone | Card/Transaction | Money/Amount,True,Contact Information | Financial Account Information,False,,ambiguous,True,no,4229,likely_non_responsive,,False,False,0,0,0,0,0,0,2.346,True,False,False,stage1_nr,False,,,0,False,,False,,4229
CNG_Data2k_variance/files/Q00897.01-0000013007.PDF,Q00897.01-0000013007.PDF,.pdf,361285,ok,True,True,text,True,1,0,20,False,1,False,10-20,Name | Address | Email | Phone | SSN | Date of Birth | Money/Amount | Work-Related,True,Contact Information | Government-Issued Identification | Birth Information | Financial Account Information | Work-Related Information,False,,clear_responsive,False,,3232,standard,bde_llm_count,True,True,1,0,0,0,0,1,7.833,False,False,True,,True,clear_yes,yes,4080,False,standard,False,,7312
CNG_Data2k_variance/files/Q00897.01-0000915324.PDF,Q00897.01-0000915324.PDF,.pdf,201670,ok,True,False,text,False,1,0,5,False,0,False,0-10,Name | Phone | Money/Amount,True,Contact Information | Financial Account Information,False,,ambiguous,True,yes,4529,standard,,False,False,0,0,0,0,0,0,3.247,False,False,True,,True,likely_no,no,4561,False,likely_non_responsive,True,,9090
CNG_Data2k_variance/files/Q00897.01-0000728203.MSG,Q00897.01-0000728203.MSG,.msg,158720,ok,True,False,text,False,0,0,1,False,0,False,0-10,Address | Email | Money/Amount,True,Contact Information | Financial Account Information,False,,ambiguous,True,no,4140,likely_non_responsive,,False,False,0,0,0,0,0,0,1.841,True,False,False,stage1_nr,False,,,0,False,,False,,4140
CNG_Data2k_variance\files\Q00897.01-0000851877.XLS,Q00897.01-0000851877.XLS,.xls,22311,ok,True,True,text,True,1,0,64,False,0,False,50-100,Money/Amount,False,Financial Account Information,False,,ambiguous,True,no,7342,likely_non_responsive,roster_by_rowcount bde_llm_count,False,False,0,0,0,0,0,0,2.634,True,False,False,stage1_nr,False,,,0,False,,False,,7342
CNG_Data2k_variance/files/Q00897.01-0000672955.MSG,Q00897.01-0000672955.MSG,.msg,149504,ok,True,False,text,False,0,0,1,False,0,False,0-10,Address | Email,True,Contact Information,False,,ambiguous,True,no,4183,likely_non_responsive,,False,False,0,0,0,0,0,0,1.222,True,False,False,stage1_nr,False,,,0,False,,False,,4183
CNG_Data2k_variance/files/Q00897.01-0000249279.PDF,Q00897.01-0000249279.PDF,.pdf,1163345,ok,True,False,text,False,4,0,15,False,4,False,10-20,Name | Address | Email | Phone | Card/Transaction | Money/Amount,True,Contact Information | Financial Account Information,False,,ambiguous,True,yes,8823,standard,"img_ocr:p1,p3(2/2,+604chars) bde_llm_count",False,False,0,2,2,2,0,2,13.906,False,False,True,,True,clear_no,no,4935,False,likely_non_responsive,True,,13758
CNG_Data2k_variance/files/Q00897.01-0000887256.PDF,Q00897.01-0000887256.PDF,.pdf,76293,ok,True,False,text,False,6,0,6,False,0,False,0-10,Name | Address | Email | Phone | Card/Transaction | Money/Amount | Demographic,True,Contact Information | Financial Account Information | Demographic Information,False,,ambiguous,True,no,9292,likely_non_responsive,,False,False,0,0,0,0,0,0,1.475,True,False,False,stage1_nr,False,,,0,False,,False,,9292
CNG_Data2k_variance/files/Q00897.01-0000262734.PDF,Q00897.01-0000262734.PDF,.pdf,703101,ok,True,False,text,False,334,0,92,False,0,False,50-100,Address | Phone | Passport | Payment Card | Money/Amount,True,Contact Information | Government-Issued Identification | Financial Account Information,False,,ambiguous,True,no,27235,likely_non_responsive,bde_llm_count,False,False,0,0,0,0,0,0,7.508,True,False,False,stage1_nr,False,,,0,False,,False,,27235
CNG_Data2k_variance/files/Q00897.01-0000909406.PDF,Q00897.01-0000909406.PDF,.pdf,6211044,ok,True,False,text,False,701,0,512,False,5,True,100+,Address | Phone | SSN | Money/Amount | Work-Related,True,Contact Information | Government-Issued Identification | Financial Account Information | Work-Related Information,True,,clear_responsive,False,,14270,bde,bde_llm_count_roster,False,False,0,0,0,0,0,0,217.029,False,True,True,,True,clear_yes,yes,15214,True,bde,False,,29484
CNG_Data2k_variance/files/Q00897.01-0000249288.PDF,Q00897.01-0000249288.PDF,.pdf,121963,ok,True,True,text,True,1,0,16,False,0,False,10-20,Name | Bank/Account Number | Money/Amount,True,Financial Account Information,False,,ambiguous,True,no,6903,likely_non_responsive,bde_llm_count,True,True,1,0,0,0,0,1,9.414,True,False,False,stage1_nr,False,,,0,False,,False,,6903
CNG_Data2k_variance/files/Q00897.01-0000257942.MSG,Q00897.01-0000257942.MSG,.msg,999424,ok,True,False,text,False,0,3,5,False,0,False,0-10,Name | Address | Email | Phone | Money/Amount,True,Contact Information | Financial Account Information,False,,ambiguous,True,yes,4663,standard,,False,False,0,0,0,0,0,0,2.611,False,False,True,,True,likely_no,no,4731,False,likely_non_responsive,True,,9394
CNG_Data2k_variance/files/Q00897.01-0000778968.0001.PDF,Q00897.01-0000778968.0001.PDF,.pdf,118991,ok,True,False,text,False,3,0,11,False,11,False,10-20,Name | Phone,True,Contact Information,False,,ambiguous,True,no,10027,likely_non_responsive,"img_ocr:p1(1/1,+15chars) bde_llm_count_roster",False,False,0,1,1,1,0,1,8.203,True,False,False,stage1_nr,False,,,0,False,,False,,10027
CNG_Data2k_variance/files/Q00897.01-0000846297.MSG,Q00897.01-0000846297.MSG,.msg,25600,ok,True,False,text,False,0,0,2,False,0,False,0-10,Name | Address | Email | Phone,True,Contact Information,False,,ambiguous,True,yes,4301,standard,,False,False,0,0,0,0,0,0,2.71,False,False,True,,True,likely_no,no,4376,False,likely_non_responsive,True,,8677
CNG_Data2k_variance/files/Q00897.01-0000661831.0001.0005.PDF,Q00897.01-0000661831.0001.0005.PDF,.pdf,572652,ok,True,False,text,False,26,0,4,False,0,False,0-10,Name | Address | Email | Phone | Money/Amount,True,Contact Information | Financial Account Information,False,,ambiguous,True,yes,11153,standard,,False,False,0,0,0,0,0,0,6.029,False,False,True,,True,likely_no,no,11204,False,likely_non_responsive,True,,22357
CNG_Data2k_variance/files/Q00897.01-0000862124.XLSX,Q00897.01-0000862124.XLSX,.xlsx,19997,ok,True,True,text,True,1,0,92,False,34,True,50-100,Phone | SSN | Payment Card,True,Contact Information | Government-Issued Identification | Financial Account Information,True,,clear_responsive,False,,6719,structured_bde,bde_llm_count_roster,False,False,0,0,0,0,0,0,4.42,False,True,True,,True,clear_yes,yes,7811,True,structured_bde,False,,14530
CNG_Data2k_variance/files/Q00897.01-0000854505.PDF,Q00897.01-0000854505.PDF,.pdf,530113,ok,True,False,text,False,1,0,1,False,0,False,0-10,Name | Work-Related,True,Work-Related Information,False,,ambiguous,True,yes,4319,standard,,False,False,0,0,0,0,0,0,3.102,False,False,True,,True,likely_yes,yes,4397,False,standard,False,,8716
CNG_Data2k_variance/files/Q00897.01-0000013320.PDF,Q00897.01-0000013320.PDF,.pdf,673338,ok,True,False,text,False,2,0,2,False,0,False,0-10,Name | Money/Amount | Work-Related,True,Financial Account Information | Work-Related Information,False,,ambiguous,True,yes,5259,standard,"img_ocr:p1(1/1,+31chars)",False,False,0,1,1,1,0,1,7.828,False,False,True,,True,likely_yes,yes,5330,False,standard,False,,10589
CNG_Data2k_variance/files/Q00897.01-0000835274.MSG,Q00897.01-0000835274.MSG,.msg,237568,error,False,False,,False,0,0,0,False,0,False,,,False,,False,,,False,,0,review_error,UnicodeDecodeError,False,False,0,0,0,0,0,0,0.987,False,False,False,extract_error,False,,,0,False,,False,,0
CNG_Data2k_variance\files\Q00897.01-0000341540.DOC,Q00897.01-0000341540.DOC,.doc,185387,ok,True,False,text,False,0,0,6,False,0,False,0-10,Name | Address | Email | Phone | Money/Amount,True,Contact Information | Financial Account Information,False,,ambiguous,True,yes,4700,standard,,False,False,0,0,0,0,0,0,2.862,False,False,True,,True,clear_yes,yes,4732,False,standard,False,,9432
CNG_Data2k_variance/files/Q00897.01-0000840147.0002.PDF,Q00897.01-0000840147.0002.PDF,.pdf,418776,ok,True,True,text,True,12,0,7,False,4,False,0-10,Name | Address | Email | Phone | Money/Amount | Demographic | Work-Related,True,Contact Information | Financial Account Information | Demographic Information | Work-Related Information,False,,ambiguous,True,yes,17113,standard,bde_llm_count,True,True,12,0,0,0,0,1,13.488,False,False,True,,True,clear_yes,yes,9007,False,standard,False,,26120
CNG_Data2k_variance/files/Q00897.01-0000912141.PDF,Q00897.01-0000912141.PDF,.pdf,17954,ok,True,True,text,True,3,0,66,False,59,True,50-100,Phone | SSN | Money/Amount,True,Contact Information | Government-Issued Identification | Financial Account Information,True,,clear_responsive,False,,4801,structured_bde,bde_llm_count_roster,True,True,3,0,0,0,0,1,13.229,False,True,True,,True,clear_yes,yes,6142,True,structured_bde,False,,10943
CNG_Data2k_variance/files/Q00897.01-0000344592.PDF,Q00897.01-0000344592.PDF,.pdf,271989,ok,True,False,text,False,2,0,5,False,0,False,0-10,Name | Phone | Money/Amount,True,Contact Information | Financial Account Information,False,,ambiguous,True,yes,5741,standard,,False,False,0,0,0,0,0,0,4.335,False,False,True,,True,likely_no,no,5711,False,likely_non_responsive,True,,11452
CNG_Data2k_variance/files/Q00897.01-0000772506.0001.PDF,Q00897.01-0000772506.0001.PDF,.pdf,62238,ok,True,False,text,False,6,0,1,False,0,False,0-10,Address | Money/Amount,True,Contact Information | Financial Account Information,False,,ambiguous,True,no,10794,likely_non_responsive,,False,False,0,0,0,0,0,0,1.516,True,False,False,stage1_nr,False,,,0,False,,False,,10794
CNG_Data2k_variance/files/Q00897.01-0000107344.PDF,Q00897.01-0000107344.PDF,.pdf,480864,ok,True,True,text,True,15,0,133,False,1,False,100+,Name | Address | Email | Phone | SSN | Card Expiry/CVV | Money/Amount | Health | Work-Related,True,Contact Information | Government-Issued Identification | Financial Account Information | Health-Related Information | Work-Related Information,False,,clear_responsive,False,,9911,standard,bde_llm_count,True,True,15,0,0,0,0,1,14.901,False,False,True,,True,likely_yes,yes,10853,True,structured_bde,False,,20764
CNG_Data2k_variance/files/Q00897.01-0000836200.0001.DOCX,Q00897.01-0000836200.0001.DOCX,.docx,14913,ok,True,False,text,False,0,0,1,False,0,False,0-10,Money/Amount | Health,False,Financial Account Information | Health-Related Information,False,,ambiguous,True,no,4361,likely_non_responsive,,False,False,0,0,0,0,0,0,1.654,True,False,False,stage1_nr,False,,,0,False,,False,,4361
CNG_Data2k_variance/files/Q00897.01-0000483646.MSG,Q00897.01-0000483646.MSG,.msg,47104,ok,True,False,text,False,0,0,9,False,6,False,0-10,Name | Email | Phone | Money/Amount,True,Contact Information | Financial Account Information,False,,ambiguous,True,yes,16053,standard,bde_llm_count,False,False,0,0,0,0,0,0,5.746,False,False,True,,True,likely_yes,yes,8496,False,standard,False,,24549
CNG_Data2k_variance/files/Q00897.01-0000803793.0001.PDF,Q00897.01-0000803793.0001.PDF,.pdf,844217,ok,True,False,text,False,16,0,6,False,0,False,0-10,Name | Address | Phone | Money/Amount | Work-Related,True,Contact Information | Financial Account Information | Work-Related Information,False,,ambiguous,True,yes,10695,standard,,False,False,0,0,0,0,0,0,6.922,False,False,True,,True,clear_yes,yes,10757,False,standard,False,,21452
CNG_Data2k_variance/files/Q00897.01-0000910281.PDF,Q00897.01-0000910281.PDF,.pdf,539082,ok,True,False,text,False,130,0,96,False,96,True,50-100,Address | Phone | SSN | Money/Amount,True,Contact Information | Government-Issued Identification | Financial Account Information,True,,clear_responsive,False,,12696,bde,"img_ocr:p1,p1,p1,p1,p1,p1,p2,p2(8/9,+189chars) bde_llm_count_roster",False,False,0,9,9,8,0,9,47.74,False,True,True,,True,clear_yes,yes,13802,True,bde,False,,26498
CNG_Data2k_variance/files/Q00897.01-0000895552.PDF,Q00897.01-0000895552.PDF,.pdf,17184,ok,True,True,text,True,2,0,36,False,2,False,20-50,Name | Address | Phone | Money/Amount | Work-Related,True,Contact Information | Financial Account Information | Work-Related Information,False,,ambiguous,True,yes,8270,standard,bde_llm_count,True,True,2,0,0,0,0,1,11.707,False,False,True,,True,clear_yes,yes,4585,False,standard,False,,12855
CNG_Data2k_variance/files/Q00897.01-0000293965.PDF,Q00897.01-0000293965.PDF,.pdf,141407,ok,True,False,text,False,3,0,2,False,0,False,0-10,Name | Address | Phone | Account Balance | Money/Amount,True,Contact Information | Financial Account Information,False,,ambiguous,True,yes,4832,standard,"img_ocr:p1,p1(2/2,+35chars)",False,False,0,2,2,2,0,2,11.142,False,False,True,,True,likely_no,no,4889,False,likely_non_responsive,True,,9721
CNG_Data2k_variance/files/Q00897.01-0000108532.PDF,Q00897.01-0000108532.PDF,.pdf,424828,ok,True,True,text,True,13,0,428,False,0,False,100+,Card/Transaction | Money/Amount | Work-Related,False,Financial Account Information | Work-Related Information,False,,ambiguous,True,no,20402,likely_non_responsive,bde_llm_count,True,True,13,0,0,0,0,1,14.5,True,False,False,stage1_nr,False,,,0,False,,False,,20402
CNG_Data2k_variance/files/Q00897.01-0000673692.0001.PDF,Q00897.01-0000673692.0001.PDF,.pdf,2921,ok,True,False,text,False,1,0,1,False,0,False,0-10,Address | Money/Amount,True,Contact Information | Financial Account Information,False,,ambiguous,True,no,3946,likely_non_responsive,,False,False,0,0,0,0,0,0,1.273,True,False,False,stage1_nr,False,,,0,False,,False,,3946
CNG_Data2k_variance/files/Q00897.01-0000908157.PDF,Q00897.01-0000908157.PDF,.pdf,12366,ok,True,False,text,False,1,0,1,False,0,False,0-10,Name | Phone,True,Contact Information,False,,ambiguous,True,yes,3962,standard,,False,False,0,0,0,0,0,0,3.09,False,False,True,,True,borderline,no,4034,False,likely_non_responsive,True,,7996
CNG_Data2k_variance/files/Q00897.01-0000543452.0001.PDF,Q00897.01-0000543452.0001.PDF,.pdf,22564,ok,True,False,text,False,1,0,1,False,0,False,0-10,Money/Amount,False,Financial Account Information,False,,clear_non_responsive,False,,0,likely_non_responsive,,False,False,0,0,0,0,0,0,0.025,True,False,False,stage1_nr,False,,,0,False,,False,,0
CNG_Data2k_variance/files/Q00897.01-0000467450.MSG,Q00897.01-0000467450.MSG,.msg,534528,ok,True,False,text,False,0,9,9,False,7,False,0-10,Name | Address | Email | Phone | Money/Amount,True,Contact Information | Financial Account Information,False,,ambiguous,True,yes,13523,standard,bde_llm_count,False,False,0,0,0,0,0,0,6.695,False,False,True,,True,likely_no,no,7236,False,likely_non_responsive,True,,20759
CNG_Data2k_variance/files/Q00897.01-0000789697.0001.PDF,Q00897.01-0000789697.0001.PDF,.pdf,25408,ok,True,False,text,False,2,0,1,False,0,False,0-10,Name | Address | Email | Phone | Bank/Account Number | Money/Amount,True,Contact Information | Financial Account Information,False,,ambiguous,True,yes,3895,standard,,False,False,0,0,0,0,0,0,4.014,False,False,True,,True,likely_yes,yes,3922,False,standard,False,,7817
CNG_Data2k_variance/files/Q00897.01-0000691345.MSG,Q00897.01-0000691345.MSG,.msg,221184,ok,True,False,text,False,0,1,2,False,0,False,0-10,Phone,True,Contact Information,False,,ambiguous,True,no,4581,likely_non_responsive,,False,False,0,0,0,0,0,0,1.646,True,False,False,stage1_nr,False,,,0,False,,False,,4581
CNG_Data2k_variance/files/Q00897.01-0000684689.MSG,Q00897.01-0000684689.MSG,.msg,224768,ok,True,False,text,False,0,0,5,False,0,False,0-10,Name | Address,True,Contact Information,False,,ambiguous,True,no,5062,likely_non_responsive,,False,False,0,0,0,0,0,0,1.717,True,False,False,stage1_nr,False,,,0,False,,False,,5062
CNG_Data2k_variance/files/Q00897.01-0000496722.MSG,Q00897.01-0000496722.MSG,.msg,33792,ok,True,False,text,False,0,0,5,False,0,False,0-10,Name | Email | Phone | Card/Transaction | Money/Amount,True,Contact Information | Financial Account Information,False,,ambiguous,True,yes,5583,standard,,False,False,0,0,0,0,0,0,4.16,False,False,True,,True,likely_no,no,5648,False,likely_non_responsive,True,,11231
CNG_Data2k_variance/files/Q00897.01-0000656045.MSG,Q00897.01-0000656045.MSG,.msg,249856,ok,True,False,text,False,0,3,3,False,0,False,0-10,Name | Email | Phone | Money/Amount,True,Contact Information | Financial Account Information,False,,ambiguous,True,yes,4134,standard,,False,False,0,0,0,0,0,0,2.897,False,False,True,,True,likely_no,no,4204,False,likely_non_responsive,True,,8338
CNG_Data2k_variance/files/Q00897.01-0000835278.0001.PDF,Q00897.01-0000835278.0001.PDF,.pdf,178810,ok,True,False,text,False,2,0,4,False,0,False,0-10,Name | Address | Email | Phone,True,Contact Information,False,,ambiguous,True,yes,4925,standard,"img_ocr:p1(1/1,+16chars)",False,False,0,1,1,1,0,1,7.318,False,False,True,,True,likely_no,no,4972,False,likely_non_responsive,True,,9897
CNG_Data2k_variance/files/Q00897.01-0000326423.PDF,Q00897.01-0000326423.PDF,.pdf,4043042,ok,True,True,text,True,6,0,65,False,0,False,50-100,Name | Address | Bank/Account Number | Account Balance | Money/Amount,True,Contact Information | Financial Account Information,False,,ambiguous,True,yes,11686,standard,bde_llm_count,True,True,6,0,0,0,0,1,13.085,False,False,True,,True,clear_no,no,6255,True,likely_non_responsive,True,,17941
CNG_Data2k_variance/files/Q00897.01-0000657440.MSG,Q00897.01-0000657440.MSG,.msg,188416,ok,True,False,text,False,0,0,8,False,7,False,0-10,Name | Address | Email | Phone | Card/Transaction | Money/Amount,True,Contact Information | Financial Account Information,False,,ambiguous,True,yes,11896,standard,bde_llm_count,False,False,0,0,0,0,0,0,7.562,False,False,True,,True,likely_no,no,6384,False,likely_non_responsive,True,,18280
CNG_Data2k_variance/files/Q00897.01-0000818441.0001.PDF,Q00897.01-0000818441.0001.PDF,.pdf,544776,ok,True,True,text,True,15,0,17,False,3,False,10-20,Name | Address | Email | Phone | Money/Amount,True,Contact Information | Financial Account Information,False,,ambiguous,True,yes,18117,standard,bde_llm_count,True,True,15,0,0,0,0,1,12.169,False,False,True,,True,likely_yes,yes,9473,False,standard,False,,27590
CNG_Data2k_variance/files/Q00897.01-0000696971.MSG,Q00897.01-0000696971.MSG,.msg,868352,ok,True,False,text,False,0,10,0,False,0,False,0-10,,False,,False,,clear_non_responsive,False,,0,likely_non_responsive,,False,False,0,0,0,0,0,0,0.387,True,False,False,stage1_nr,False,,,0,False,,False,,0
CNG_Data2k_variance/files/Q00897.01-0000686860.MSG,Q00897.01-0000686860.MSG,.msg,169472,ok,True,False,text,False,0,0,1,False,0,False,0-10,Name | Address | Email | Phone | Card/Transaction | Money/Amount,True,Contact Information | Financial Account Information,False,,ambiguous,True,yes,4312,standard,,False,False,0,0,0,0,0,0,3.426,False,False,True,,True,likely_yes,yes,4368,False,standard,False,,8680
CNG_Data2k_variance/files/Q00897.01-0000258231.0001.PDF,Q00897.01-0000258231.0001.PDF,.pdf,252241,ok,True,False,text,False,3,0,1,False,0,False,0-10,Name | Address | Bank/Account Number | Money/Amount,True,Contact Information | Financial Account Information,False,,ambiguous,True,yes,4438,standard,"img_ocr:p2(1/1,+260chars)",False,False,0,1,1,1,0,1,7.426,False,False,True,,True,likely_no,no,4517,False,likely_non_responsive,True,,8955
CNG_Data2k_variance/files/Q00897.01-0000809649.0001.DOCX,Q00897.01-0000809649.0001.DOCX,.docx,60526,ok,True,False,text,False,0,0,1,False,0,False,0-10,Address | Health,True,Contact Information | Health-Related Information,False,,ambiguous,True,no,5674,likely_non_responsive,,False,False,0,0,0,0,0,0,1.159,True,False,False,stage1_nr,False,,,0,False,,False,,5674
CNG_Data2k_variance/files/Q00897.01-0000554979.0001.XLSX,Q00897.01-0000554979.0001.XLSX,.xlsx,80966,ok,True,True,text,True,4,0,130,False,18,False,100+,Name | Payment Card | Money/Amount,True,Financial Account Information,False,,ambiguous,True,yes,10914,standard,bde_llm_count,False,False,0,0,0,0,0,0,8.463,False,False,True,,True,likely_no,no,5922,True,likely_non_responsive,True,,16836
CNG_Data2k_variance/files/Q00897.01-0000867430.PDF,Q00897.01-0000867430.PDF,.pdf,56368,ok,True,False,text,False,4,0,2,False,0,False,0-10,Name | Address | Phone,True,Contact Information,False,,ambiguous,True,yes,10457,standard,,False,False,0,0,0,0,0,0,3.689,False,False,True,,True,clear_yes,yes,10503,False,standard,False,,20960
CNG_Data2k_variance/files/Q00897.01-0000590460.MSG,Q00897.01-0000590460.MSG,.msg,555520,ok,True,False,text,False,0,1,1,False,0,False,0-10,Name | Email | Phone | Credentials,True,Contact Information | Access Credentials,False,,ambiguous,True,yes,3837,standard,,False,False,0,0,0,0,0,0,3.041,False,False,True,,True,likely_yes,yes,3887,False,standard,False,,7724
CNG_Data2k_variance/files/Q00897.01-0000891201.PDF,Q00897.01-0000891201.PDF,.pdf,12195,ok,True,False,text,False,1,0,5,False,0,False,0-10,Name | Address | Phone,True,Contact Information,False,,ambiguous,True,yes,4439,standard,,False,False,0,0,0,0,0,0,11.849,False,False,True,,True,clear_yes,yes,4487,False,standard,False,,8926
CNG_Data2k_variance/files/Q00897.01-0000618629.MSG,Q00897.01-0000618629.MSG,.msg,106496,ok,True,False,text,False,0,1,2,False,0,False,0-10,Name | Address | Email | Phone | Health,True,Contact Information | Health-Related Information,False,,ambiguous,True,no,3880,likely_non_responsive,,False,False,0,0,0,0,0,0,1.841,True,False,False,stage1_nr,False,,,0,False,,False,,3880
CNG_Data2k_variance/files/Q00897.01-0000295012.PDF,Q00897.01-0000295012.PDF,.pdf,3520034,ok,True,True,text,True,15,0,14,False,0,False,10-20,Phone | Tax ID | Bank/Account Number | Money/Amount | Work-Related,True,Contact Information | Government-Issued Identification | Financial Account Information | Work-Related Information,False,,ambiguous,True,yes,17257,standard,bde_llm_count,True,True,15,0,0,0,0,1,12.841,False,False,True,,True,clear_no,no,9111,False,likely_non_responsive,True,,26368
CNG_Data2k_variance/files/Q00897.01-0000730158.MSG,Q00897.01-0000730158.MSG,.msg,159232,ok,True,False,text,False,0,0,2,False,0,False,0-10,Name | Address | Email,True,Contact Information,False,,ambiguous,True,no,4202,likely_non_responsive,,False,False,0,0,0,0,0,0,1.406,True,False,False,stage1_nr,False,,,0,False,,False,,4202
CNG_Data2k_variance/files/Q00897.01-0000656588.MSG,Q00897.01-0000656588.MSG,.msg,119808,ok,True,False,text,False,0,0,5,False,0,False,0-10,Name | Address | Email | Phone | Money/Amount,True,Contact Information | Financial Account Information,False,,ambiguous,True,yes,4092,standard,,False,False,0,0,0,0,0,0,3.247,False,False,True,,True,likely_no,no,4167,False,likely_non_responsive,True,,8259
CNG_Data2k_variance/files/Q00897.01-0000342957.PDF,Q00897.01-0000342957.PDF,.pdf,8003208,ok,True,True,text,True,13,0,20,False,1,False,10-20,Name | Address | Phone | Date of Birth | Money/Amount | Health | Demographic,True,Contact Information | Birth Information | Financial Account Information | Health-Related Information | Demographic Information,False,,ambiguous,True,yes,16339,standard,bde_llm_count,True,True,13,0,0,0,0,1,15.662,False,False,True,,True,clear_yes,yes,8612,False,standard,False,,24951
CNG_Data2k_variance/files/Q00897.01-0000532059.0001.PDF,Q00897.01-0000532059.0001.PDF,.pdf,22641,ok,True,False,text,False,1,0,1,False,0,False,0-10,Money/Amount,False,Financial Account Information,False,,clear_non_responsive,False,,0,likely_non_responsive,,False,False,0,0,0,0,0,0,0.028,True,False,False,stage1_nr,False,,,0,False,,False,,0
CNG_Data2k_variance/files/Q00897.01-0000134439.PDF,Q00897.01-0000134439.PDF,.pdf,857823,ok,True,True,text,True,5,0,18,False,1,False,10-20,Name | Address | Phone | Money/Amount,True,Contact Information | Financial Account Information,False,,ambiguous,True,yes,9745,standard,bde_llm_count,True,True,5,0,0,0,0,1,11.951,False,False,True,,True,likely_no,no,5334,False,likely_non_responsive,True,,15079
CNG_Data2k_variance/files/Q00897.01-0000884337.MSG,Q00897.01-0000884337.MSG,.msg,184832,ok,True,False,text,False,0,0,2,False,0,False,0-10,Name | Address | Email,True,Contact Information,False,,ambiguous,True,yes,5966,standard,,False,False,0,0,0,0,0,0,3.238,False,False,True,,True,likely_no,no,6047,False,likely_non_responsive,True,,12013
CNG_Data2k_variance/files/Q00897.01-0000890817.PDF,Q00897.01-0000890817.PDF,.pdf,11716,ok,True,False,text,False,2,0,1,False,0,False,0-10,Money/Amount,False,Financial Account Information,False,,clear_non_responsive,False,,0,likely_non_responsive,,False,False,0,0,0,0,0,0,0.135,True,False,False,stage1_nr,False,,,0,False,,False,,0
CNG_Data2k_variance/files/Q00897.01-0000696598.0001.PDF,Q00897.01-0000696598.0001.PDF,.pdf,112370,ok,True,True,text,True,2,0,6,False,2,False,0-10,Name | Address | Phone | Money/Amount | Work-Related,True,Contact Information | Financial Account Information | Work-Related Information,False,,ambiguous,True,yes,11138,standard,bde_llm_count,True,True,2,0,0,0,0,1,11.998,False,False,True,,True,likely_no,no,6050,False,likely_non_responsive,True,,17188
CNG_Data2k_variance/files/Q00897.01-0000526595.0001.PDF,Q00897.01-0000526595.0001.PDF,.pdf,22599,ok,True,False,text,False,1,0,1,False,0,False,0-10,Money/Amount,False,Financial Account Information,False,,clear_non_responsive,False,,0,likely_non_responsive,,False,False,0,0,0,0,0,0,0.037,True,False,False,stage1_nr,False,,,0,False,,False,,0
CNG_Data2k_variance/files/Q00897.01-0000430058.MSG,Q00897.01-0000430058.MSG,.msg,127488,ok,True,False,text,False,0,0,2,False,0,False,0-10,Name | Email,True,Contact Information,False,,ambiguous,True,yes,3901,standard,,False,False,0,0,0,0,0,0,2.193,False,False,True,,True,likely_no,no,3940,False,likely_non_responsive,True,,7841
CNG_Data2k_variance/files/Q00897.01-0000903153.PDF,Q00897.01-0000903153.PDF,.pdf,20435,ok,True,False,text,False,3,0,1,False,0,False,0-10,Address | Phone | Money/Amount,True,Contact Information | Financial Account Information,False,,ambiguous,True,no,5833,likely_non_responsive,,False,False,0,0,0,0,0,0,1.203,True,False,False,stage1_nr,False,,,0,False,,False,,5833
CNG_Data2k_variance/files/Q00897.01-0000258724.0001.PDF,Q00897.01-0000258724.0001.PDF,.pdf,287183,ok,True,False,text,False,3,0,1,False,0,False,0-10,Name | Address | Bank/Account Number | Money/Amount,True,Contact Information | Financial Account Information,False,,ambiguous,True,yes,4325,standard,"img_ocr:p2(1/1,+293chars)",False,False,0,1,1,1,0,1,7.201,False,False,True,,True,likely_no,no,4382,False,likely_non_responsive,True,,8707
CNG_Data2k_variance/files/Q00897.01-0000834018.0001.PDF,Q00897.01-0000834018.0001.PDF,.pdf,714987,ok,True,True,text,True,9,0,2,False,0,False,0-10,Address | Money/Amount,True,Contact Information | Financial Account Information,False,,ambiguous,True,no,16184,likely_non_responsive,bde_llm_count,True,True,9,0,0,0,0,1,10.861,True,False,False,stage1_nr,False,,,0,False,,False,,16184
CNG_Data2k_variance\files\Q00897.01-0000852152.XLS,Q00897.01-0000852152.XLS,.xls,22157,ok,True,True,text,True,1,0,66,False,0,False,50-100,Name | Money/Amount,False,Financial Account Information,False,,ambiguous,True,no,7287,likely_non_responsive,roster_by_rowcount bde_llm_count,False,False,0,0,0,0,0,0,2.65,True,False,False,stage1_nr,False,,,0,False,,False,,7287
CNG_Data2k_variance/files/Q00897.01-0000856823.PDF,Q00897.01-0000856823.PDF,.pdf,395445,ok,True,False,text,False,11,0,4,False,0,False,0-10,Name | Address | Phone | SSN | Money/Amount,True,Contact Information | Government-Issued Identification | Financial Account Information,False,,clear_responsive,False,,0,standard,,True,True,11,0,0,0,0,1,8.072,False,False,True,,True,clear_yes,yes,7005,False,standard,False,,7005
CNG_Data2k_variance/files/Q00897.01-0000840702.0002.PDF,Q00897.01-0000840702.0002.PDF,.pdf,102423,ok,True,True,text,True,5,0,9,False,4,False,0-10,Name | Address | Phone | Money/Amount,True,Contact Information | Financial Account Information,False,,ambiguous,True,yes,11087,standard,bde_llm_count,True,True,5,0,0,0,0,1,13.245,False,False,True,,True,likely_no,no,5993,False,likely_non_responsive,True,,17080
CNG_Data2k_variance/files/Q00897.01-0000577128.0001.PDF,Q00897.01-0000577128.0001.PDF,.pdf,20972,ok,True,False,text,False,1,0,0,False,0,False,0-10,,False,,False,,clear_non_responsive,False,,0,likely_non_responsive,,False,False,0,0,0,0,0,0,0.023,True,False,False,stage1_nr,False,,,0,False,,False,,0
CNG_Data2k_variance/files/Q00897.01-0000827765.0001.PDF,Q00897.01-0000827765.0001.PDF,.pdf,147584,ok,True,False,text,False,7,0,1,False,0,False,0-10,Card/Transaction | Money/Amount,False,Financial Account Information,False,,ambiguous,True,no,8325,likely_non_responsive,,False,False,0,0,0,0,0,0,1.636,True,False,False,stage1_nr,False,,,0,False,,False,,8325
CNG_Data2k_variance/files/Q00897.01-0000397159.0001.PDF,Q00897.01-0000397159.0001.PDF,.pdf,176252,ok,True,False,text,False,1,0,1,False,0,False,0-10,Card Expiry/CVV | Money/Amount,False,Financial Account Information,False,,ambiguous,True,no,4565,likely_non_responsive,,False,False,0,0,0,0,0,0,1.235,True,False,False,stage1_nr,False,,,0,False,,False,,4565
CNG_Data2k_variance/files/Q00897.01-0000487186.0001.PDF,Q00897.01-0000487186.0001.PDF,.pdf,140499,ok,True,False,text,False,2,0,0,False,0,False,0-10,,False,,False,,clear_non_responsive,False,,0,likely_non_responsive,,False,False,0,0,0,0,0,0,0.294,True,False,False,stage1_nr,False,,,0,False,,False,,0
CNG_Data2k_variance/files/Q00897.01-0000868705.TXT,Q00897.01-0000868705.TXT,.txt,9902,ok,True,False,text,False,0,0,16,False,16,False,10-20,Name | Address | Phone | Money/Amount,True,Contact Information | Financial Account Information,False,,ambiguous,True,yes,16676,standard,bde_llm_count,False,False,0,0,0,0,0,0,4.746,False,False,True,,True,likely_no,no,8757,False,likely_non_responsive,True,,25433
CNG_Data2k_variance/files/Q00897.01-0000248831.PDF,Q00897.01-0000248831.PDF,.pdf,166726,ok,True,True,text,True,3,0,26,False,0,False,20-50,Name | Address | Phone | Bank/Account Number | Money/Amount,True,Contact Information | Financial Account Information,False,,ambiguous,True,no,8853,likely_non_responsive,bde_llm_count,True,True,3,0,0,0,0,1,8.714,True,False,False,stage1_nr,False,,,0,False,,False,,8853
CNG_Data2k_variance/files/Q00897.01-0000774213.MSG,Q00897.01-0000774213.MSG,.msg,39936,ok,True,False,text,False,0,0,4,False,0,False,0-10,Name | Address | Email | Phone | Work-Related,True,Contact Information | Work-Related Information,False,,ambiguous,True,yes,4799,standard,,False,False,0,0,0,0,0,0,4.912,False,False,True,,True,likely_yes,yes,4851,False,standard,False,,9650
CNG_Data2k_variance/files/Q00897.01-0000800990.0002.PDF,Q00897.01-0000800990.0002.PDF,.pdf,100261,ok,True,False,text,False,3,0,1,False,0,False,0-10,Name | Money/Amount | Student ID,True,Financial Account Information | Student-Related Information,False,,ambiguous,True,yes,5693,standard,,False,False,0,0,0,0,0,0,3.495,False,False,True,,True,clear_yes,yes,5751,False,standard,False,,11444
CNG_Data2k_variance/files/Q00897.01-0000728329.MSG,Q00897.01-0000728329.MSG,.msg,119296,ok,True,False,text,False,0,2,6,False,0,False,0-10,Name | Address | Email | Phone | Money/Amount,True,Contact Information | Financial Account Information,False,,ambiguous,True,yes,5378,standard,,False,False,0,0,0,0,0,0,3.009,False,False,True,,True,likely_yes,yes,5431,False,standard,False,,10809
CNG_Data2k_variance/files/Q00897.01-0000893089.PDF,Q00897.01-0000893089.PDF,.pdf,11947,ok,True,False,text,False,1,0,0,False,0,False,0-10,,False,,False,,clear_non_responsive,False,,0,likely_non_responsive,,False,False,0,0,0,0,0,0,0.047,True,False,False,stage1_nr,False,,,0,False,,False,,0
CNG_Data2k_variance/files/Q00897.01-0000757573.MSG,Q00897.01-0000757573.MSG,.msg,77312,ok,True,False,text,False,0,0,3,False,0,False,0-10,Name | Email | Phone | Work-Related,True,Contact Information | Work-Related Information,False,,ambiguous,True,yes,5051,standard,,False,False,0,0,0,0,0,0,63.131,False,False,True,,True,clear_yes,yes,5177,False,standard,False,,10228
CNG_Data2k_variance/files/Q00897.01-0000204377.PDF,Q00897.01-0000204377.PDF,.pdf,146707,ok,True,False,text,False,1,0,1,False,0,False,0-10,Money/Amount,False,Financial Account Information,False,,clear_non_responsive,False,,0,likely_non_responsive,,False,False,0,0,0,0,0,0,0.044,True,False,False,stage1_nr,False,,,0,False,,False,,0
CNG_Data2k_variance/files/Q00897.01-0000807573.0001.PDF,Q00897.01-0000807573.0001.PDF,.pdf,521589,ok,True,False,text,False,2,0,2,False,0,False,0-10,Name | Address | Health,True,Contact Information | Health-Related Information,False,,ambiguous,True,no,5983,likely_non_responsive,,True,True,2,0,0,0,0,1,6.565,True,False,False,stage1_nr,False,,,0,False,,False,,5983
CNG_Data2k_variance/files/Q00897.01-0000536832.0001.PDF,Q00897.01-0000536832.0001.PDF,.pdf,22673,ok,True,False,text,False,1,0,1,False,0,False,0-10,Money/Amount,False,Financial Account Information,False,,clear_non_responsive,False,,0,likely_non_responsive,,False,False,0,0,0,0,0,0,0.026,True,False,False,stage1_nr,False,,,0,False,,False,,0
CNG_Data2k_variance/files/Q00897.01-0000294917.XLSX,Q00897.01-0000294917.XLSX,.xlsx,10961,ok,True,True,text,True,1,0,4,False,4,False,0-10,Name | Money/Amount | Work-Related,False,Financial Account Information | Work-Related Information,False,,ambiguous,True,yes,7108,standard,bde_llm_count,False,False,0,0,0,0,0,0,4.154,False,False,True,,True,clear_yes,yes,4006,False,standard,False,,11114
CNG_Data2k_variance/files/Q00897.01-0000914108.PDF,Q00897.01-0000914108.PDF,.pdf,9351,ok,True,False,text,False,5,0,1,False,0,False,0-10,Name | Address | Phone | Money/Amount,True,Contact Information | Financial Account Information,False,,ambiguous,True,yes,6803,standard,,False,False,0,0,0,0,0,0,2.748,False,False,True,,True,likely_no,no,6877,False,likely_non_responsive,True,,13680
CNG_Data2k_variance/files/Q00897.01-0000362315.MSG,Q00897.01-0000362315.MSG,.msg,153088,ok,True,False,text,False,0,0,3,False,0,False,0-10,Name | Address | Email | Phone | Money/Amount,True,Contact Information | Financial Account Information,False,,ambiguous,True,yes,4275,standard,,False,False,0,0,0,0,0,0,4.053,False,False,True,,True,clear_no,no,4354,False,likely_non_responsive,True,,8629
CNG_Data2k_variance/files/Q00897.01-0000830020.0002.XLSX,Q00897.01-0000830020.0002.XLSX,.xlsx,44847,ok,True,True,text,True,3,0,197,False,187,True,100+,Name,False,,True,,ambiguous,True,yes,7703,structured_bde,roster_by_rowcount bde_llm_count_roster,False,False,0,0,0,0,0,0,7.441,False,True,True,,True,likely_no,no,4379,True,likely_non_responsive,True,,12082
CNG_Data2k_variance/files/Q00897.01-0000291580.PDF,Q00897.01-0000291580.PDF,.pdf,612807,ok,True,False,text,False,4,0,55,False,55,True,50-100,Name | Phone | Money/Amount,True,Contact Information | Financial Account Information,True,,ambiguous,True,yes,14067,bde,bde_llm_count_roster,False,False,0,0,0,0,0,0,10.611,False,True,True,,True,clear_yes,yes,7679,True,bde,False,,21746
CNG_Data2k_variance/files/Q00897.01-0000410373.0001.XLSX,Q00897.01-0000410373.0001.XLSX,.xlsx,10338239,error,False,False,,False,0,0,0,False,0,False,,,False,,False,,,False,,0,review_error,ValueError,False,False,0,0,0,0,0,0,0.191,False,False,False,extract_error,False,,,0,False,,False,,0
CNG_Data2k_variance/files/Q00897.01-0000666463.0001.PDF,Q00897.01-0000666463.0001.PDF,.pdf,1447628,ok,True,False,text,False,31,0,2,False,0,False,0-10,Address | Phone | Card/Transaction | Money/Amount | Work-Related,True,Contact Information | Financial Account Information | Work-Related Information,False,,ambiguous,True,no,8822,likely_non_responsive,"img_ocr:p1,p6(2/2,+27chars)",False,False,0,2,2,2,0,2,11.464,True,False,False,stage1_nr,False,,,0,False,,False,,8822
CNG_Data2k_variance/files/Q00897.01-0000906275.PDF,Q00897.01-0000906275.PDF,.pdf,21849,ok,True,False,text,False,5,0,1,False,0,False,0-10,Name | Address | Phone,True,Contact Information,False,,ambiguous,True,no,6229,likely_non_responsive,,False,False,0,0,0,0,0,0,1.181,True,False,False,stage1_nr,False,,,0,False,,False,,6229
CNG_Data2k_variance/files/Q00897.01-0000769784.0001.PDF,Q00897.01-0000769784.0001.PDF,.pdf,234637,ok,True,True,text,True,15,0,194,False,6,False,100+,Name | Address | Phone | Money/Amount | Health | Work-Related,True,Contact Information | Financial Account Information | Health-Related Information | Work-Related Information,False,,ambiguous,True,yes,17468,standard,bde_llm_count,True,True,15,0,0,0,0,1,16.507,False,False,True,,True,clear_no,no,9180,True,likely_non_responsive,True,,26648
CNG_Data2k_variance/files/Q00897.01-0000275614.PDF,Q00897.01-0000275614.PDF,.pdf,1098170,ok,True,False,text,False,36,0,5,False,0,False,0-10,Phone | Money/Amount | Work-Related,True,Contact Information | Financial Account Information | Work-Related Information,False,,ambiguous,True,no,9641,likely_non_responsive,,False,False,0,0,0,0,0,0,4.177,True,False,False,stage1_nr,False,,,0,False,,False,,9641
CNG_Data2k_variance/files/Q00897.01-0000617708.MSG,Q00897.01-0000617708.MSG,.msg,178176,ok,True,False,text,False,0,0,8,False,8,False,0-10,Name | Address | Email | Phone | Money/Amount,True,Contact Information | Financial Account Information,False,,ambiguous,True,yes,19749,standard,bde_llm_count,False,False,0,0,0,0,0,0,7.662,False,False,True,,True,likely_yes,yes,10368,False,standard,False,,30117
CNG_Data2k_variance/files/Q00897.01-0000294799.PDF,Q00897.01-0000294799.PDF,.pdf,818825,ok,True,True,text,True,6,0,134,False,1,False,100+,Name | Address | Phone | Account Balance | Money/Amount,True,Contact Information | Financial Account Information,False,,ambiguous,True,yes,11456,standard,bde_llm_count,True,True,6,0,0,0,0,1,10.617,False,False,True,,True,likely_yes,yes,6182,True,structured_bde,False,,17638
CNG_Data2k_variance/files/Q00897.01-0000865162.PDF,Q00897.01-0000865162.PDF,.pdf,103532,ok,True,False,text,False,1,0,1,False,0,False,0-10,Name | Address | Money/Amount | Work-Related,True,Contact Information | Financial Account Information | Work-Related Information,False,,ambiguous,True,yes,4097,standard,,False,False,0,0,0,0,0,0,2.376,False,False,True,,True,clear_yes,yes,4146,False,standard,False,,8243
CNG_Data2k_variance/files/Q00897.01-0000626463.MSG,Q00897.01-0000626463.MSG,.msg,58880,ok,True,False,text,False,0,1,6,False,0,False,0-10,Name | Address | Email | Phone,True,Contact Information,False,,ambiguous,True,yes,5090,standard,,False,False,0,0,0,0,0,0,3.97,False,False,True,,True,likely_no,no,5093,False,likely_non_responsive,True,,10183
CNG_Data2k_variance/files/Q00897.01-0000815780.MSG,Q00897.01-0000815780.MSG,.msg,44032,error,False,False,,False,0,0,0,False,0,False,,,False,,False,,,False,,0,review_error,MalformedRtf,False,False,0,0,0,0,0,0,0.208,False,False,False,extract_error,False,,,0,False,,False,,0
CNG_Data2k_variance/files/Q00897.01-0000387009.MSG,Q00897.01-0000387009.MSG,.msg,126464,ok,True,False,text,False,0,0,3,False,0,False,0-10,Address | Email | Money/Amount,True,Contact Information | Financial Account Information,False,,ambiguous,True,no,4977,likely_non_responsive,,False,False,0,0,0,0,0,0,3.048,True,False,False,stage1_nr,False,,,0,False,,False,,4977
CNG_Data2k_variance/files/Q00897.01-0000862101.XLSX,Q00897.01-0000862101.XLSX,.xlsx,19977,ok,True,True,text,True,1,0,95,False,33,True,50-100,Phone | SSN | Payment Card,True,Contact Information | Government-Issued Identification | Financial Account Information,True,,clear_responsive,False,,6697,structured_bde,bde_llm_count_roster,False,False,0,0,0,0,0,0,4.627,False,True,True,,True,clear_yes,yes,7802,True,structured_bde,False,,14499
CNG_Data2k_variance/files/Q00897.01-0000546788.MSG,Q00897.01-0000546788.MSG,.msg,162304,ok,True,False,text,False,0,2,7,False,7,False,0-10,Name | Address | Email | Phone,True,Contact Information,False,,ambiguous,True,yes,10590,standard,bde_llm_count,False,False,0,0,0,0,0,0,7.151,False,False,True,,True,likely_yes,yes,5816,False,standard,False,,16406
CNG_Data2k_variance/files/Q00897.01-0000900279.PDF,Q00897.01-0000900279.PDF,.pdf,15706,ok,True,False,text,False,2,0,1,False,0,False,0-10,Money/Amount,False,Financial Account Information,False,,clear_non_responsive,False,,0,likely_non_responsive,,False,False,0,0,0,0,0,0,0.113,True,False,False,stage1_nr,False,,,0,False,,False,,0
CNG_Data2k_variance/files/Q00897.01-0000841500.0001.PDF,Q00897.01-0000841500.0001.PDF,.pdf,247466,ok,True,False,text,False,3,0,1,False,0,False,0-10,Money/Amount | Work-Related,False,Financial Account Information | Work-Related Information,False,,ambiguous,True,no,4437,likely_non_responsive,"img_ocr:p1(1/1,+16chars)",False,False,0,1,1,1,0,1,5.717,True,False,False,stage1_nr,False,,,0,False,,False,,4437
CNG_Data2k_variance/files/Q00897.01-0000375399.MSG,Q00897.01-0000375399.MSG,.msg,145408,ok,True,False,text,False,0,1,0,False,0,False,0-10,,False,,False,,clear_non_responsive,False,,0,likely_non_responsive,,False,False,0,0,0,0,0,0,0.107,True,False,False,stage1_nr,False,,,0,False,,False,,0
CNG_Data2k_variance/files/Q00897.01-0000892628.PDF,Q00897.01-0000892628.PDF,.pdf,11492,ok,True,False,text,False,1,0,0,False,0,False,0-10,,False,,False,,clear_non_responsive,False,,0,likely_non_responsive,,False,False,0,0,0,0,0,0,0.045,True,False,False,stage1_nr,False,,,0,False,,False,,0
CNG_Data2k_variance/files/Q00897.01-0000701493.0001.PDF,Q00897.01-0000701493.0001.PDF,.pdf,87066,ok,True,True,text,True,2,0,7,False,0,False,0-10,Name | Address | Phone | Money/Amount,True,Contact Information | Financial Account Information,False,,ambiguous,True,yes,9541,standard,bde_llm_count,True,True,2,0,0,0,0,1,10.42,False,False,True,,True,borderline,no,5245,False,likely_non_responsive,True,,14786
CNG_Data2k_variance/files/Q00897.01-0000118381.XLSX,Q00897.01-0000118381.XLSX,.xlsx,78571,ok,True,True,text,True,1,0,222,False,41,True,100+,Name | Address | Email | Payment Card,True,Contact Information | Financial Account Information,True,,ambiguous,True,yes,12326,structured_bde,bde_llm_count_roster,False,False,0,0,0,0,0,0,11.612,False,True,True,,True,likely_yes,yes,6737,True,structured_bde,False,,19063
CNG_Data2k_variance/files/Q00897.01-0000000163.PDF,Q00897.01-0000000163.PDF,.pdf,2543000,ok,True,False,text,False,1,0,2,False,0,False,0-10,Name | Address | Email | Phone | SSN | Money/Amount | Work-Related,True,Contact Information | Government-Issued Identification | Financial Account Information | Work-Related Information,False,,clear_responsive,False,,0,standard,,False,False,0,0,0,0,0,0,2.506,False,False,True,,True,clear_yes,yes,4223,False,standard,False,,4223
CNG_Data2k_variance/files/Q00897.01-0000397749.MSG,Q00897.01-0000397749.MSG,.msg,133120,ok,True,False,text,False,0,0,8,False,8,False,0-10,Name | Address | Email | Phone | Money/Amount,True,Contact Information | Financial Account Information,False,,ambiguous,True,yes,10746,standard,bde_llm_count,False,False,0,0,0,0,0,0,6.541,False,False,True,,True,likely_yes,yes,5831,False,standard,False,,16577
CNG_Data2k_variance/files/Q00897.01-0000277014.PDF,Q00897.01-0000277014.PDF,.pdf,684186,ok,True,True,text,True,3,0,13,False,2,False,10-20,Name | Address | Phone | Money/Amount,True,Contact Information | Financial Account Information,False,,ambiguous,True,yes,7495,standard,bde_llm_count,True,True,3,0,0,0,0,1,9.696,False,False,True,,True,likely_no,no,4221,False,likely_non_responsive,True,,11716
CNG_Data2k_variance/files/Q00897.01-0000669447.MSG,Q00897.01-0000669447.MSG,.msg,177664,ok,True,False,text,False,0,2,3,False,0,False,0-10,Name | Phone,True,Contact Information,False,,ambiguous,True,no,3744,likely_non_responsive,,False,False,0,0,0,0,0,0,2.025,True,False,False,stage1_nr,False,,,0,False,,False,,3744
CNG_Data2k_variance/files/Q00897.01-0000324992.HTM,Q00897.01-0000324992.HTM,.htm,28831,ok,True,False,text,False,0,0,1,False,0,False,0-10,Money/Amount,False,Financial Account Information,False,,clear_non_responsive,False,,0,likely_non_responsive,,False,False,0,0,0,0,0,0,0.022,True,False,False,stage1_nr,False,,,0,False,,False,,0
CNG_Data2k_variance/files/Q00897.01-0000249077.PDF,Q00897.01-0000249077.PDF,.pdf,590442,ok,True,False,text,False,7,0,6,False,0,False,0-10,Name | Address | Phone | Bank/Account Number | Money/Amount,True,Contact Information | Financial Account Information,False,,ambiguous,True,yes,5135,standard,"img_ocr:p3(1/1,+378chars)",False,False,0,1,1,1,0,1,11.473,False,False,True,,True,likely_no,no,5167,False,likely_non_responsive,True,,10302
CNG_Data2k_variance/files/Q00897.01-0000896881.PDF,Q00897.01-0000896881.PDF,.pdf,16331,ok,True,False,text,False,2,0,1,False,0,False,0-10,Money/Amount,False,Financial Account Information,False,,clear_non_responsive,False,,0,likely_non_responsive,,False,False,0,0,0,0,0,0,0.112,True,False,False,stage1_nr,False,,,0,False,,False,,0
CNG_Data2k_variance/files/Q00897.01-0000893925.XLSX,Q00897.01-0000893925.XLSX,.xlsx,24292,ok,True,True,text,True,3,0,91,False,6,True,50-100,Name | Money/Amount,False,Financial Account Information,True,,ambiguous,True,yes,11717,structured_bde,roster_by_rowcount bde_llm_count_roster,False,False,0,0,0,0,0,0,5.474,False,True,True,,True,clear_yes,yes,6384,True,structured_bde,False,,18101
CNG_Data2k_variance/files/Q00897.01-0000841750.0022.PDF,Q00897.01-0000841750.0022.PDF,.pdf,22590,ok,True,False,text,False,9,0,1,False,0,False,0-10,Card/Transaction | Money/Amount | Work-Related,False,Financial Account Information | Work-Related Information,False,,ambiguous,True,no,10233,likely_non_responsive,,False,False,0,0,0,0,0,0,1.826,True,False,False,stage1_nr,False,,,0,False,,False,,10233
CNG_Data2k_variance/files/Q00897.01-0000434228.MSG,Q00897.01-0000434228.MSG,.msg,4110336,ok,True,False,text,False,0,6,4,False,0,False,0-10,Name | Email | Card/Transaction,True,Contact Information | Financial Account Information,False,,ambiguous,True,yes,4099,standard,,False,False,0,0,0,0,0,0,3.602,False,False,True,,True,likely_no,no,4142,False,likely_non_responsive,True,,8241
CNG_Data2k_variance/files/Q00897.01-0000756934.MSG,Q00897.01-0000756934.MSG,.msg,122368,ok,True,False,text,False,0,0,1,False,0,False,0-10,Money/Amount | Health | Work-Related,False,Financial Account Information | Health-Related Information | Work-Related Information,False,,ambiguous,True,no,8423,likely_non_responsive,,False,False,0,0,0,0,0,0,59.031,True,False,False,stage1_nr,False,,,0,False,,False,,8423
CNG_Data2k_variance/files/Q00897.01-0000694144.MSG,Q00897.01-0000694144.MSG,.msg,266752,ok,True,False,text,False,0,0,1,False,0,False,0-10,Name | Address | Email,True,Contact Information,False,,ambiguous,True,no,4951,likely_non_responsive,,False,False,0,0,0,0,0,0,1.781,True,False,False,stage1_nr,False,,,0,False,,False,,4951
CNG_Data2k_variance/files/Q00897.01-0000706864.0001.HTM,Q00897.01-0000706864.0001.HTM,.htm,623750,ok,True,False,text,False,0,0,1,False,0,False,0-10,Name | Address | Money/Amount | Work-Related,True,Contact Information | Financial Account Information | Work-Related Information,False,,ambiguous,True,no,6001,likely_non_responsive,,False,False,0,0,0,0,0,0,1.881,True,False,False,stage1_nr,False,,,0,False,,False,,6001
CNG_Data2k_variance/files/Q00897.01-0000389716.MSG,Q00897.01-0000389716.MSG,.msg,118784,ok,True,False,text,False,0,0,2,False,0,False,0-10,Name | Address | Email | Phone | Card/Transaction | Money/Amount | Credentials,True,Contact Information | Financial Account Information | Access Credentials,False,,ambiguous,True,yes,4661,standard,,False,False,0,0,0,0,0,0,4.494,False,False,True,,True,likely_no,no,4728,False,likely_non_responsive,True,,9389
CNG_Data2k_variance/files/Q00897.01-0000669174.MSG,Q00897.01-0000669174.MSG,.msg,324096,ok,True,False,text,False,0,1,3,False,0,False,0-10,Name | Phone,True,Contact Information,False,,ambiguous,True,no,3725,likely_non_responsive,,False,False,0,0,0,0,0,0,1.318,True,False,False,stage1_nr,False,,,0,False,,False,,3725
CNG_Data2k_variance/files/Q00897.01-0000285759.PNG,Q00897.01-0000285759.PNG,.png,75991,ok,True,True,text,True,1,0,2,False,2,False,0-10,Name,False,,False,,ambiguous,True,yes,6703,standard,bde_llm_count,True,True,1,0,0,0,0,1,7.681,False,False,True,,True,borderline,no,3833,False,likely_non_responsive,True,,10536
CNG_Data2k_variance/files/Q00897.01-0000400507.MSG,Q00897.01-0000400507.MSG,.msg,163840,ok,True,False,text,False,0,1,5,False,0,False,0-10,Name | Address | Email | Phone,True,Contact Information,False,,ambiguous,True,yes,4253,standard,,False,False,0,0,0,0,0,0,3.349,False,False,True,,True,likely_yes,yes,4316,False,standard,False,,8569
CNG_Data2k_variance/files/Q00897.01-0000729169.MSG,Q00897.01-0000729169.MSG,.msg,228864,ok,True,False,text,False,0,0,1,False,0,False,0-10,Address | Email,True,Contact Information,False,,ambiguous,True,no,4866,likely_non_responsive,,False,False,0,0,0,0,0,0,2.745,True,False,False,stage1_nr,False,,,0,False,,False,,4866
CNG_Data2k_variance/files/Q00897.01-0000912407.PDF,Q00897.01-0000912407.PDF,.pdf,47034,ok,True,True,text,True,2,0,35,False,1,False,20-50,Name | SSN | Money/Amount,True,Government-Issued Identification | Financial Account Information,False,,clear_responsive,False,,3695,standard,bde_llm_count,True,True,2,0,0,0,0,1,12.048,False,False,True,,True,clear_yes,yes,4546,False,standard,False,,8241
CNG_Data2k_variance\files\Q00897.01-0000880248.0001.XLS,Q00897.01-0000880248.0001.XLS,.xls,28761,ok,True,True,text,True,2,0,402,False,0,False,100+,Money/Amount,False,Financial Account Information,False,,ambiguous,True,no,8000,likely_non_responsive,roster_by_rowcount bde_llm_count,False,False,0,0,0,0,0,0,2.99,True,False,False,stage1_nr,False,,,0,False,,False,,8000
CNG_Data2k_variance/files/Q00897.01-0000823719.MSG,Q00897.01-0000823719.MSG,.msg,129024,ok,True,False,text,False,0,1,5,False,0,False,0-10,Name | Address | Email | Phone,True,Contact Information,False,,ambiguous,True,yes,4292,standard,,False,False,0,0,0,0,0,0,2.962,False,False,True,,True,clear_no,no,4349,False,likely_non_responsive,True,,8641
CNG_Data2k_variance/files/Q00897.01-0000112720.PDF,Q00897.01-0000112720.PDF,.pdf,9800,ok,True,False,text,False,1,0,1,False,0,False,0-10,Name | Address | Money/Amount | Health,True,Contact Information | Financial Account Information | Health-Related Information,False,,ambiguous,True,yes,4415,standard,,False,False,0,0,0,0,0,0,2.874,False,False,True,,True,borderline,no,4519,False,likely_non_responsive,True,,8934
CNG_Data2k_variance/files/Q00897.01-0000422168.MSG,Q00897.01-0000422168.MSG,.msg,251392,ok,True,False,text,False,0,2,5,False,0,False,0-10,Name | Address | Email | Phone,True,Contact Information,False,,ambiguous,True,yes,5793,standard,,False,False,0,0,0,0,0,0,3.533,False,False,True,,True,likely_yes,yes,5822,False,standard,False,,11615
CNG_Data2k_variance/files/Q00897.01-0000606326.0001.PDF,Q00897.01-0000606326.0001.PDF,.pdf,21148,ok,True,False,text,False,1,0,0,False,0,False,0-10,,False,,False,,clear_non_responsive,False,,0,likely_non_responsive,,False,False,0,0,0,0,0,0,0.236,True,False,False,stage1_nr,False,,,0,False,,False,,0
CNG_Data2k_variance/files/Q00897.01-0000469626.MSG,Q00897.01-0000469626.MSG,.msg,273920,ok,True,False,text,False,0,0,8,False,3,False,0-10,Name | Email | Phone | Money/Amount | Work-Related,True,Contact Information | Financial Account Information | Work-Related Information,False,,ambiguous,True,yes,9266,standard,bde_llm_count,False,False,0,0,0,0,0,0,5.248,False,False,True,,True,likely_yes,yes,5099,False,standard,False,,14365
CNG_Data2k_variance/files/Q00897.01-0000118965.DOCX,Q00897.01-0000118965.DOCX,.docx,29665,ok,True,False,text,False,0,0,2,False,0,False,0-10,Email | Phone | Money/Amount | Health,True,Contact Information | Financial Account Information | Health-Related Information,False,,ambiguous,True,no,4499,likely_non_responsive,,False,False,0,0,0,0,0,0,2.053,True,False,False,stage1_nr,False,,,0,False,,False,,4499
CNG_Data2k_variance/files/Q00897.01-0000442690.MSG,Q00897.01-0000442690.MSG,.msg,186368,ok,True,False,text,False,0,0,1,False,0,False,0-10,Name | Address | Email | Phone,True,Contact Information,False,,ambiguous,True,yes,4259,standard,,False,False,0,0,0,0,0,0,3.775,False,False,True,,True,likely_no,no,4329,False,likely_non_responsive,True,,8588
CNG_Data2k_variance/files/Q00897.01-0000254089.PDF,Q00897.01-0000254089.PDF,.pdf,168207,ok,True,False,text,False,1,0,2,False,0,False,0-10,Name | Address | Phone | Money/Amount,True,Contact Information | Financial Account Information,False,,ambiguous,True,no,3811,likely_non_responsive,,True,True,1,0,0,0,0,1,6.828,True,False,False,stage1_nr,False,,,0,False,,False,,3811
CNG_Data2k_variance/files/Q00897.01-0000640784.0004.PDF,Q00897.01-0000640784.0004.PDF,.pdf,78799,ok,True,False,text,False,1,0,1,False,0,False,0-10,Name | Date of Birth | Money/Amount | Work-Related,True,Birth Information | Financial Account Information | Work-Related Information,False,,ambiguous,True,yes,3987,standard,,False,False,0,0,0,0,0,0,2.93,False,False,True,,True,clear_yes,yes,4051,False,standard,False,,8038
CNG_Data2k_variance/files/Q00897.01-0000862175.XLSX,Q00897.01-0000862175.XLSX,.xlsx,19635,ok,True,True,text,True,1,0,87,False,87,True,50-100,Phone | SSN | Payment Card,True,Contact Information | Government-Issued Identification | Financial Account Information,True,,clear_responsive,False,,6703,structured_bde,bde_llm_count_roster,False,False,0,0,0,0,0,0,4.623,False,True,True,,True,clear_yes,yes,7815,True,structured_bde,False,,14518
CNG_Data2k_variance/files/Q00897.01-0000904952.PDF,Q00897.01-0000904952.PDF,.pdf,17215,ok,True,True,text,True,2,0,28,False,1,False,20-50,Name | Address | Phone | Money/Amount | Work-Related,True,Contact Information | Financial Account Information | Work-Related Information,False,,ambiguous,True,yes,8211,standard,bde_llm_count,True,True,2,0,0,0,0,1,9.225,False,False,True,,True,clear_yes,yes,4560,False,standard,False,,12771
CNG_Data2k_variance/files/Q00897.01-0000617211.0001.XLSX,Q00897.01-0000617211.0001.XLSX,.xlsx,19384,ok,True,True,text,True,1,0,6,False,0,False,0-10,,False,,False,,ambiguous,True,no,7380,likely_non_responsive,bde_llm_count,False,False,0,0,0,0,0,0,2.228,True,False,False,stage1_nr,False,,,0,False,,False,,7380
CNG_Data2k_variance/files/Q00897.01-0000498399.MSG,Q00897.01-0000498399.MSG,.msg,29696,ok,True,False,text,False,0,0,17,False,6,False,10-20,Name | Address | Email | Phone,True,Contact Information,False,,ambiguous,True,yes,9738,standard,bde_llm_count,False,False,0,0,0,0,0,0,5.816,False,False,True,,True,likely_yes,yes,5264,False,standard,False,,15002
CNG_Data2k_variance/files/Q00897.01-0000642542.MSG,Q00897.01-0000642542.MSG,.msg,21504,ok,True,False,text,False,0,0,0,False,0,False,0-10,,False,,False,,clear_non_responsive,False,,0,likely_non_responsive,,False,False,0,0,0,0,0,0,0.026,True,False,False,stage1_nr,False,,,0,False,,False,,0
CNG_Data2k_variance/files/Q00897.01-0000670744.0004.DOCX,Q00897.01-0000670744.0004.DOCX,.docx,42881,ok,True,False,text,False,0,0,1,False,0,False,0-10,Money/Amount,False,Financial Account Information,False,,clear_non_responsive,False,,0,likely_non_responsive,,False,False,0,0,0,0,0,0,0.06,True,False,False,stage1_nr,False,,,0,False,,False,,0
CNG_Data2k_variance/files/Q00897.01-0000270768.DOCX,Q00897.01-0000270768.DOCX,.docx,58212,ok,True,False,text,False,0,0,2,False,0,False,0-10,Name | Address | Demographic | Work-Related,True,Contact Information | Demographic Information | Work-Related Information,False,,ambiguous,True,yes,6495,standard,,False,False,0,0,0,0,0,0,2.842,False,False,True,,True,likely_no,no,6550,False,likely_non_responsive,True,,13045
CNG_Data2k_variance/files/Q00897.01-0000295833.PDF,Q00897.01-0000295833.PDF,.pdf,1101072,ok,True,False,text,False,4,0,2,False,0,False,0-10,Name | Address | Money/Amount,True,Contact Information | Financial Account Information,False,,ambiguous,True,yes,4753,standard,,False,False,0,0,0,0,0,0,4.04,False,False,True,,True,likely_no,no,4835,False,likely_non_responsive,True,,9588
CNG_Data2k_variance/files/Q00897.01-0000671443.0001.PDF,Q00897.01-0000671443.0001.PDF,.pdf,248595,ok,True,False,text,False,1,0,2,False,0,False,0-10,Name | Money/Amount | Health,True,Financial Account Information | Health-Related Information,False,,ambiguous,True,no,4252,likely_non_responsive,,True,True,1,0,0,0,0,1,8.468,True,False,False,stage1_nr,False,,,0,False,,False,,4252
CNG_Data2k_variance/files/Q00897.01-0000625542.MSG,Q00897.01-0000625542.MSG,.msg,59904,ok,True,False,text,False,0,1,6,False,0,False,0-10,Name | Address | Email | Phone,True,Contact Information,False,,ambiguous,True,yes,6556,standard,,False,False,0,0,0,0,0,0,3.745,False,False,True,,True,likely_no,no,6617,False,likely_non_responsive,True,,13173
CNG_Data2k_variance/files/Q00897.01-0000660558.0001.XLSX,Q00897.01-0000660558.0001.XLSX,.xlsx,13077,ok,True,True,text,True,1,0,0,False,0,False,0-10,Money/Amount,False,Financial Account Information,False,,ambiguous,True,no,9671,structured_unreadable,bde_llm_count,False,False,0,0,0,0,0,0,4.106,False,False,True,,True,clear_no,no,5295,False,likely_non_responsive,True,,14966
CNG_Data2k_variance/files/Q00897.01-0000276480.0003.PDF,Q00897.01-0000276480.0003.PDF,.pdf,62099,ok,True,False,text,False,4,0,1,False,0,False,0-10,Email | Money/Amount,True,Contact Information | Financial Account Information,False,,ambiguous,True,no,4943,likely_non_responsive,,False,False,0,0,0,0,0,0,1.781,True,False,False,stage1_nr,False,,,0,False,,False,,4943
CNG_Data2k_variance/files/Q00897.01-0000504707.MSG,Q00897.01-0000504707.MSG,.msg,84992,ok,True,False,text,False,0,0,1,False,0,False,0-10,Email,True,Contact Information,False,,ambiguous,True,no,3904,likely_non_responsive,,False,False,0,0,0,0,0,0,2.424,True,False,False,stage1_nr,False,,,0,False,,False,,3904
CNG_Data2k_variance/files/Q00897.01-0000823743.MSG,Q00897.01-0000823743.MSG,.msg,212480,ok,True,False,text,False,0,1,0,False,0,False,0-10,,False,,False,,clear_non_responsive,False,,0,likely_non_responsive,,False,False,0,0,0,0,0,0,0.183,True,False,False,stage1_nr,False,,,0,False,,False,,0
CNG_Data2k_variance/files/Q00897.01-0000903293.PDF,Q00897.01-0000903293.PDF,.pdf,20787,ok,True,False,text,False,3,0,1,False,0,False,0-10,Name | Address | Phone | Money/Amount,True,Contact Information | Financial Account Information,False,,ambiguous,True,yes,5864,standard,,False,False,0,0,0,0,0,0,3.294,False,False,True,,True,likely_no,no,5944,False,likely_non_responsive,True,,11808
CNG_Data2k_variance/files/Q00897.01-0000812389.MSG,Q00897.01-0000812389.MSG,.msg,3164160,ok,True,False,text,False,0,23,3,False,0,False,0-10,Name | Address | Email | Phone | Card/Transaction,True,Contact Information | Financial Account Information,False,,ambiguous,True,yes,4154,standard,,False,False,0,0,0,0,0,0,3.041,False,False,True,,True,likely_no,no,4222,False,likely_non_responsive,True,,8376
CNG_Data2k_variance/files/Q00897.01-0000430211.MSG,Q00897.01-0000430211.MSG,.msg,265216,ok,True,False,text,False,0,0,2,False,0,False,0-10,Name | Address | Money/Amount,True,Contact Information | Financial Account Information,False,,ambiguous,True,no,5304,likely_non_responsive,,False,False,0,0,0,0,0,0,3.116,True,False,False,stage1_nr,False,,,0,False,,False,,5304
CNG_Data2k_variance/files/Q00897.01-0000788928.MSG,Q00897.01-0000788928.MSG,.msg,123904,ok,True,False,text,False,0,0,4,False,0,False,0-10,Name | Address | Email | Phone | Bank/Account Number,True,Contact Information | Financial Account Information,False,,ambiguous,True,yes,4442,standard,,False,False,0,0,0,0,0,0,2.944,False,False,True,,True,likely_no,no,4519,False,likely_non_responsive,True,,8961
CNG_Data2k_variance/files/Q00897.01-0000788960.0001.PDF,Q00897.01-0000788960.0001.PDF,.pdf,734644,ok,True,False,text,False,3,0,2,False,0,False,0-10,Address | Email | Phone,True,Contact Information,False,,ambiguous,True,no,4451,likely_non_responsive,,True,True,3,0,0,0,0,1,6.912,True,False,False,stage1_nr,False,,,0,False,,False,,4451
CNG_Data2k_variance/files/Q00897.01-0000283853.PDF,Q00897.01-0000283853.PDF,.pdf,16501,ok,True,False,text,False,1,0,3,False,0,False,0-10,Name | Email | Phone | Money/Amount,True,Contact Information | Financial Account Information,False,,ambiguous,True,no,4020,likely_non_responsive,,False,False,0,0,0,0,0,0,1.478,True,False,False,stage1_nr,False,,,0,False,,False,,4020
CNG_Data2k_variance/files/Q00897.01-0000323953.PDF,Q00897.01-0000323953.PDF,.pdf,701184,ok,True,False,text,False,2,0,2,False,0,False,0-10,Name | Address | Email | Phone | Bank/Account Number,True,Contact Information | Financial Account Information,False,,ambiguous,True,no,4359,likely_non_responsive,"img_ocr:p1(1/1,+19chars)",False,False,0,1,1,1,0,1,5.575,True,False,False,stage1_nr,False,,,0,False,,False,,4359
CNG_Data2k_variance/files/Q00897.01-0000840841.0001.PDF,Q00897.01-0000840841.0001.PDF,.pdf,492807,ok,True,False,text,False,3,0,1,False,0,False,0-10,Name | Address | Phone | Card Expiry/CVV | Money/Amount,True,Contact Information | Financial Account Information,False,,ambiguous,True,no,4950,likely_non_responsive,,True,True,3,0,0,0,0,1,7.724,True,False,False,stage1_nr,False,,,0,False,,False,,4950
CNG_Data2k_variance/files/Q00897.01-0000122498.XLSX,Q00897.01-0000122498.XLSX,.xlsx,49196,ok,True,True,text,True,3,0,498,False,0,True,100+,,False,,True,,ambiguous,True,no,7835,structured_bde,roster_by_rowcount bde_llm_count_roster,False,False,0,0,0,0,0,0,4.203,False,True,True,,True,clear_no,no,4412,True,likely_non_responsive,True,,12247
CNG_Data2k_variance/files/Q00897.01-0000082086.PDF,Q00897.01-0000082086.PDF,.pdf,601874,ok,True,True,text,True,1,0,17,False,1,False,10-20,Name | Address | Bank/Account Number | Money/Amount,True,Contact Information | Financial Account Information,False,,ambiguous,True,yes,8126,standard,bde_llm_count,True,True,1,0,0,0,0,1,9.116,False,False,True,,True,borderline,no,4521,False,likely_non_responsive,True,,12647
CNG_Data2k_variance/files/Q00897.01-0000059660.PDF,Q00897.01-0000059660.PDF,.pdf,324779,ok,True,True,text,True,1,0,16,False,0,False,10-20,Address | Email | Phone | Money/Amount,True,Contact Information | Financial Account Information,False,,ambiguous,True,yes,8512,standard,bde_llm_count,True,True,1,0,0,0,0,1,11.754,False,False,True,,True,likely_no,no,4677,False,likely_non_responsive,True,,13189
CNG_Data2k_variance/files/Q00897.01-0000905558.PDF,Q00897.01-0000905558.PDF,.pdf,648479,ok,True,False,text,False,69,0,62,False,62,True,50-100,Address | Phone | SSN | Money/Amount | Work-Related,True,Contact Information | Government-Issued Identification | Financial Account Information | Work-Related Information,True,,clear_responsive,False,,14180,bde,bde_llm_count_roster,False,False,0,0,0,0,0,0,26.803,False,True,True,,True,clear_yes,yes,15080,True,bde,False,,29260
CNG_Data2k_variance/files/Q00897.01-0000480447.MSG,Q00897.01-0000480447.MSG,.msg,87552,ok,True,False,text,False,0,0,2,False,0,False,0-10,Name | Address | Email | Phone | Money/Amount,True,Contact Information | Financial Account Information,False,,ambiguous,True,yes,4590,standard,,False,False,0,0,0,0,0,0,3.926,False,False,True,,True,clear_no,no,4640,False,likely_non_responsive,True,,9230
CNG_Data2k_variance/files/Q00897.01-0000563480.MSG,Q00897.01-0000563480.MSG,.msg,100352,ok,True,False,text,False,0,0,3,False,0,False,0-10,Name | Address | Email | Phone,True,Contact Information,False,,ambiguous,True,yes,4396,standard,,False,False,0,0,0,0,0,0,3.218,False,False,True,,True,likely_no,no,4438,False,likely_non_responsive,True,,8834
CNG_Data2k_variance/files/Q00897.01-0000254590.PDF,Q00897.01-0000254590.PDF,.pdf,99142,ok,True,False,text,False,3,0,1,False,0,False,0-10,Name | Address | Email | Phone | Bank/Account Number | Money/Amount | Work-Related,True,Contact Information | Financial Account Information | Work-Related Information,False,,ambiguous,True,yes,4577,standard,,False,False,0,0,0,0,0,0,3.153,False,False,True,,True,likely_yes,yes,4630,False,standard,False,,9207
CNG_Data2k_variance/files/Q00897.01-0000858478.PDF,Q00897.01-0000858478.PDF,.pdf,616731,ok,True,False,text,False,2,0,2,False,0,False,0-10,Name | Money/Amount | Work-Related,False,Financial Account Information | Work-Related Information,False,,ambiguous,True,yes,5088,standard,,False,False,0,0,0,0,0,0,5.612,False,False,True,,True,clear_yes,yes,5157,False,standard,False,,10245
CNG_Data2k_variance/files/Q00897.01-0000000045.PDF,Q00897.01-0000000045.PDF,.pdf,1101984,ok,True,True,text,True,4,0,14,False,2,False,10-20,Name | Address | Phone | Money/Amount,True,Contact Information | Financial Account Information,False,,ambiguous,True,yes,10297,standard,bde_llm_count,True,True,4,0,0,0,0,1,12.701,False,False,True,,True,clear_yes,yes,5595,False,standard,False,,15892
CNG_Data2k_variance/files/Q00897.01-0000341762.PDF,Q00897.01-0000341762.PDF,.pdf,128395,ok,True,True,text,True,2,0,11,False,1,False,10-20,Name | Email | Phone | Account Balance | Money/Amount,True,Contact Information | Financial Account Information,False,,ambiguous,True,yes,7583,standard,bde_llm_count,True,True,2,0,0,0,0,1,10.84,False,False,True,,True,likely_no,no,4293,False,likely_non_responsive,True,,11876
CNG_Data2k_variance/files/Q00897.01-0000898435.PDF,Q00897.01-0000898435.PDF,.pdf,15633,ok,True,False,text,False,2,0,1,False,0,False,0-10,Money/Amount,False,Financial Account Information,False,,clear_non_responsive,False,,0,likely_non_responsive,,False,False,0,0,0,0,0,0,0.1,True,False,False,stage1_nr,False,,,0,False,,False,,0
CNG_Data2k_variance/files/Q00897.01-0000008588.PDF,Q00897.01-0000008588.PDF,.pdf,122232,ok,True,True,text,True,1,0,18,False,1,False,10-20,Address | Email | SSN | Alien Registration | Card Expiry/CVV,True,Contact Information | Government-Issued Identification | Financial Account Information,False,,clear_responsive,False,,3916,standard,bde_llm_count,True,True,1,0,0,0,0,1,9.127,False,False,True,,True,clear_yes,yes,4762,False,standard,False,,8678
CNG_Data2k_variance/files/Q00897.01-0000457014.MSG,Q00897.01-0000457014.MSG,.msg,368128,ok,True,False,text,False,0,0,1,False,0,False,0-10,Address | Money/Amount,True,Contact Information | Financial Account Information,False,,ambiguous,True,no,6574,likely_non_responsive,,False,False,0,0,0,0,0,0,3.841,True,False,False,stage1_nr,False,,,0,False,,False,,6574
CNG_Data2k_variance/files/Q00897.01-0000613673.0001.XLSX,Q00897.01-0000613673.0001.XLSX,.xlsx,22066,ok,True,True,text,True,2,0,151,False,0,True,100+,Address,True,Contact Information,True,,ambiguous,True,no,8448,structured_bde,roster_by_rowcount bde_llm_count_roster,False,False,0,0,0,0,0,0,3.807,False,True,True,,True,clear_no,no,4678,True,likely_non_responsive,True,,13126
CNG_Data2k_variance/files/Q00897.01-0000262497.PDF,Q00897.01-0000262497.PDF,.pdf,727554,ok,True,False,text,False,317,0,149,False,0,False,100+,Address | Phone | Payment Card | Money/Amount,True,Contact Information | Financial Account Information,False,,ambiguous,True,no,27532,likely_non_responsive,bde_llm_count,False,False,0,0,0,0,0,0,9.697,True,False,False,stage1_nr,False,,,0,False,,False,,27532
CNG_Data2k_variance/files/Q00897.01-0000559300.0001.XLSX,Q00897.01-0000559300.0001.XLSX,.xlsx,45915,ok,True,True,text,True,1,0,582,False,0,False,100+,,False,,False,,ambiguous,True,no,11591,likely_non_responsive,roster_by_rowcount bde_llm_count,False,False,0,0,0,0,0,0,2.872,True,False,False,stage1_nr,False,,,0,False,,False,,11591
CNG_Data2k_variance/files/Q00897.01-0000535746.0001.PDF,Q00897.01-0000535746.0001.PDF,.pdf,22563,ok,True,False,text,False,1,0,1,False,0,False,0-10,Money/Amount,False,Financial Account Information,False,,clear_non_responsive,False,,0,likely_non_responsive,,False,False,0,0,0,0,0,0,0.028,True,False,False,stage1_nr,False,,,0,False,,False,,0
CNG_Data2k_variance/files/Q00897.01-0000343869.PDF,Q00897.01-0000343869.PDF,.pdf,130311,ok,True,False,text,False,1,0,1,False,0,False,0-10,Name | Address | Money/Amount,True,Contact Information | Financial Account Information,False,,ambiguous,True,yes,4038,standard,,False,False,0,0,0,0,0,0,2.722,False,False,True,,True,clear_yes,yes,4078,False,standard,False,,8116
CNG_Data2k_variance/files/Q00897.01-0000912028.PDF,Q00897.01-0000912028.PDF,.pdf,379211,ok,True,False,text,False,47,0,0,False,0,False,0-10,,False,,False,,clear_non_responsive,False,,0,likely_non_responsive,,False,False,0,0,0,0,0,0,5.01,True,False,False,stage1_nr,False,,,0,False,,False,,0
CNG_Data2k_variance/files/Q00897.01-0000545143.0001.PDF,Q00897.01-0000545143.0001.PDF,.pdf,740771,ok,True,False,text,False,4,0,1,False,0,False,0-10,Money/Amount,False,Financial Account Information,False,,clear_non_responsive,False,,0,likely_non_responsive,,False,False,0,0,0,0,0,0,3.862,True,False,False,stage1_nr,False,,,0,False,,False,,0
CNG_Data2k_variance/files/Q00897.01-0000643048.MSG,Q00897.01-0000643048.MSG,.msg,23552,ok,True,False,text,False,0,0,0,False,0,False,0-10,,False,,False,,clear_non_responsive,False,,0,likely_non_responsive,,False,False,0,0,0,0,0,0,0.031,True,False,False,stage1_nr,False,,,0,False,,False,,0
CNG_Data2k_variance/files/Q00897.01-0000137233.PDF,Q00897.01-0000137233.PDF,.pdf,2292126,ok,True,True,text,True,15,0,239,False,0,False,100+,Name | Address | Email | Phone | Money/Amount,True,Contact Information | Financial Account Information,False,,ambiguous,True,yes,22177,standard,bde_llm_count,True,True,15,0,0,0,0,1,15.76,False,False,True,,True,clear_no,no,11312,True,likely_non_responsive,True,,33489
CNG_Data2k_variance/files/Q00897.01-0000671311.MSG,Q00897.01-0000671311.MSG,.msg,336896,ok,True,False,text,False,0,2,3,False,0,False,0-10,Name | Address | Email | Phone | Money/Amount,True,Contact Information | Financial Account Information,False,,ambiguous,True,no,4101,likely_non_responsive,,False,False,0,0,0,0,0,0,1.467,True,False,False,stage1_nr,False,,,0,False,,False,,4101
CNG_Data2k_variance/files/Q00897.01-0000592915.0001.XLSX,Q00897.01-0000592915.0001.XLSX,.xlsx,76733,ok,True,True,text,True,1,0,53,False,0,True,50-100,Phone | Payment Card | Money/Amount,True,Contact Information | Financial Account Information,True,,ambiguous,True,no,17611,structured_bde,bde_llm_count_roster,False,False,0,0,0,0,0,0,4.464,False,True,True,,True,clear_no,no,9263,True,likely_non_responsive,True,,26874
CNG_Data2k_variance/files/Q00897.01-0000345330.PDF,Q00897.01-0000345330.PDF,.pdf,11943,ok,True,False,text,False,2,0,1,False,0,False,0-10,Money/Amount,False,Financial Account Information,False,,clear_non_responsive,False,,0,likely_non_responsive,,False,False,0,0,0,0,0,0,0.148,True,False,False,stage1_nr,False,,,0,False,,False,,0
CNG_Data2k_variance/files/Q00897.01-0000115347.PDF,Q00897.01-0000115347.PDF,.pdf,16652,ok,True,False,text,False,9,0,1,False,0,False,0-10,Card/Transaction | Money/Amount | Work-Related,False,Financial Account Information | Work-Related Information,False,,ambiguous,True,no,8607,likely_non_responsive,,False,False,0,0,0,0,0,0,2.109,True,False,False,stage1_nr,False,,,0,False,,False,,8607
CNG_Data2k_variance/files/Q00897.01-0000670309.0001.PDF,Q00897.01-0000670309.0001.PDF,.pdf,27674,ok,True,False,text,False,10,0,37,False,0,False,20-50,Name | Address | Phone | Account Balance | Money/Amount,True,Contact Information | Financial Account Information,False,,ambiguous,True,yes,18629,standard,bde_llm_count,False,False,0,0,0,0,0,0,3.985,False,False,True,,True,clear_no,no,9768,False,likely_non_responsive,True,,28397
CNG_Data2k_variance/files/Q00897.01-0000800656.MSG,Q00897.01-0000800656.MSG,.msg,179200,ok,True,False,text,False,0,0,3,False,0,False,0-10,Name | Email | Card Expiry/CVV,True,Contact Information | Financial Account Information,False,,ambiguous,True,yes,4159,standard,,False,False,0,0,0,0,0,0,3.714,False,False,True,,True,borderline,no,4237,False,likely_non_responsive,True,,8396
CNG_Data2k_variance/files/Q00897.01-0000896835.PDF,Q00897.01-0000896835.PDF,.pdf,13524,ok,True,False,text,False,2,0,1,False,0,False,0-10,Money/Amount,False,Financial Account Information,False,,clear_non_responsive,False,,0,likely_non_responsive,,False,False,0,0,0,0,0,0,0.163,True,False,False,stage1_nr,False,,,0,False,,False,,0
CNG_Data2k_variance/files/Q00897.01-0000561905.0001.XLSX,Q00897.01-0000561905.0001.XLSX,.xlsx,767336,ok,True,True,text,True,1,0,5106,False,0,True,100+,Name | Phone | Payment Card,True,Contact Information | Financial Account Information,True,,ambiguous,True,yes,19510,structured_bde,bde_llm_count_roster,False,False,0,0,0,0,0,0,6.221,False,True,True,,True,likely_no,no,10247,True,likely_non_responsive,True,,29757
CNG_Data2k_variance/files/Q00897.01-0000908633.PDF,Q00897.01-0000908633.PDF,.pdf,37483,ok,True,False,text,False,5,0,30,False,30,False,20-50,Name | Phone | Money/Amount,True,Contact Information | Financial Account Information,False,,ambiguous,True,yes,15401,standard,bde_llm_count_roster,False,False,0,0,0,0,0,0,8.54,False,False,True,,True,clear_yes,yes,8324,False,standard,False,,23725
CNG_Data2k_variance/files/Q00897.01-0000112281.XLSX,Q00897.01-0000112281.XLSX,.xlsx,51736,ok,True,True,text,True,1,0,573,False,0,False,100+,Work-Related,False,Work-Related Information,False,,ambiguous,True,no,14195,likely_non_responsive,roster_by_rowcount bde_llm_count,False,False,0,0,0,0,0,0,4.025,True,False,False,stage1_nr,False,,,0,False,,False,,14195
CNG_Data2k_variance/files/Q00897.01-0000689235.MSG,Q00897.01-0000689235.MSG,.msg,261120,ok,True,False,text,False,0,0,1,False,0,False,0-10,Name | Address | Phone | Card/Transaction | Money/Amount,True,Contact Information | Financial Account Information,False,,ambiguous,True,yes,4171,standard,,False,False,0,0,0,0,0,0,5.331,False,False,True,,True,likely_no,no,4244,False,likely_non_responsive,True,,8415
CNG_Data2k_variance\files\Q00897.01-0000496232.0001.DOC,Q00897.01-0000496232.0001.DOC,.doc,18579,ok,True,False,text,False,0,0,0,False,0,False,0-10,,False,,False,,clear_non_responsive,False,,0,likely_non_responsive,,False,False,0,0,0,0,0,0,0.029,True,False,False,stage1_nr,False,,,0,False,,False,,0
CNG_Data2k_variance/files/Q00897.01-0000536827.0001.PDF,Q00897.01-0000536827.0001.PDF,.pdf,25002,ok,True,False,text,False,2,0,0,False,0,False,0-10,,False,,False,,clear_non_responsive,False,,0,likely_non_responsive,,False,False,0,0,0,0,0,0,0.028,True,False,False,stage1_nr,False,,,0,False,,False,,0
CNG_Data2k_variance\files\Q00897.01-0000126638.XLS,Q00897.01-0000126638.XLS,.xls,12687,ok,True,True,text,True,1,0,1,False,1,False,0-10,Name | Address | Bank/Account Number,True,Contact Information | Financial Account Information,False,,ambiguous,True,yes,6911,standard,bde_llm_count,False,False,0,0,0,0,0,0,4.537,False,False,True,,True,clear_yes,yes,3940,False,standard,False,,10851
CNG_Data2k_variance/files/Q00897.01-0000500489.MSG,Q00897.01-0000500489.MSG,.msg,38912,ok,True,False,text,False,0,2,4,False,0,False,0-10,Name | Email | Phone | Money/Amount,True,Contact Information | Financial Account Information,False,,ambiguous,True,no,4390,likely_non_responsive,,False,False,0,0,0,0,0,0,1.539,True,False,False,stage1_nr,False,,,0,False,,False,,4390
CNG_Data2k_variance\files\Q00897.01-0000847202.0001.0006.XLS,Q00897.01-0000847202.0001.0006.XLS,.xls,15170,ok,True,True,text,True,1,0,65,False,0,False,50-100,Health,False,Health-Related Information,False,,ambiguous,True,no,6996,likely_non_responsive,roster_by_rowcount bde_llm_count,False,False,0,0,0,0,0,0,2.007,True,False,False,stage1_nr,False,,,0,False,,False,,6996
CNG_Data2k_variance/files/Q00897.01-0000881364.XLSX,Q00897.01-0000881364.XLSX,.xlsx,35413,ok,True,True,text,True,1,0,223,False,223,True,100+,Address | Payment Card | Money/Amount,True,Contact Information | Financial Account Information,True,,ambiguous,True,no,14405,structured_bde,roster_by_rowcount bde_llm_count_roster,False,False,0,0,0,0,0,0,3.384,False,True,True,,True,clear_no,no,7650,True,likely_non_responsive,True,,22055
CNG_Data2k_variance/files/Q00897.01-0000898171.PDF,Q00897.01-0000898171.PDF,.pdf,20635,ok,True,True,text,True,3,0,53,False,3,True,50-100,Name | Address | Phone | Money/Amount | Work-Related,True,Contact Information | Financial Account Information | Work-Related Information,True,,ambiguous,True,yes,9115,structured_bde,bde_llm_count_roster,True,True,3,0,0,0,0,1,9.905,False,True,True,,True,clear_yes,yes,5052,True,structured_bde,False,,14167
CNG_Data2k_variance/files/Q00897.01-0000535881.0001.PDF,Q00897.01-0000535881.0001.PDF,.pdf,20966,ok,True,False,text,False,1,0,0,False,0,False,0-10,,False,,False,,clear_non_responsive,False,,0,likely_non_responsive,,False,False,0,0,0,0,0,0,0.038,True,False,False,stage1_nr,False,,,0,False,,False,,0
CNG_Data2k_variance/files/Q00897.01-0000391216.MSG,Q00897.01-0000391216.MSG,.msg,103424,ok,True,False,text,False,0,0,1,False,0,False,0-10,Address,True,Contact Information,False,,ambiguous,True,no,4255,likely_non_responsive,,False,False,0,0,0,0,0,0,1.5,True,False,False,stage1_nr,False,,,0,False,,False,,4255
CNG_Data2k_variance/files/Q00897.01-0000523964.0001.PDF,Q00897.01-0000523964.0001.PDF,.pdf,22971,ok,True,False,text,False,2,0,1,False,0,False,0-10,Phone,True,Contact Information,False,,ambiguous,True,no,3839,likely_non_responsive,,False,False,0,0,0,0,0,0,1.394,True,False,False,stage1_nr,False,,,0,False,,False,,3839
CNG_Data2k_variance/files/Q00897.01-0000764927.MSG,Q00897.01-0000764927.MSG,.msg,192000,ok,True,False,text,False,0,2,6,False,0,False,0-10,Name | Address | Email | Phone | Money/Amount,True,Contact Information | Financial Account Information,False,,ambiguous,True,yes,4624,standard,,False,False,0,0,0,0,0,0,3.355,False,False,True,,True,likely_no,no,4690,False,likely_non_responsive,True,,9314
CNG_Data2k_variance/files/Q00897.01-0000330235.0001.PDF,Q00897.01-0000330235.0001.PDF,.pdf,316618,ok,True,True,text,True,4,0,22,False,1,False,20-50,Name | Address | Phone | Bank/Account Number | Money/Amount,True,Contact Information | Financial Account Information,False,,ambiguous,True,yes,8672,standard,bde_llm_count,True,True,4,0,0,0,0,1,9.502,False,False,True,,True,likely_yes,yes,4791,False,standard,False,,13463
CNG_Data2k_variance/files/Q00897.01-0000662248.0003.PDF,Q00897.01-0000662248.0003.PDF,.pdf,78427,ok,True,False,text,False,1,0,1,False,0,False,0-10,Name | Address,True,Contact Information,False,,ambiguous,True,yes,5034,standard,,False,False,0,0,0,0,0,0,2.813,False,False,True,,True,clear_yes,yes,5068,False,standard,False,,10102
CNG_Data2k_variance/files/Q00897.01-0000283203.PDF,Q00897.01-0000283203.PDF,.pdf,305235,ok,True,True,text,True,4,0,13,False,1,False,10-20,Name | Address | Phone | Military ID | Money/Amount | Health,True,Contact Information | Government-Issued Identification | Financial Account Information | Health-Related Information,False,,ambiguous,True,yes,12465,standard,bde_llm_count,True,True,4,0,0,0,0,1,10.634,False,False,True,,True,clear_yes,yes,6687,False,standard,False,,19152
CNG_Data2k_variance/files/Q00897.01-0000753231.MSG,Q00897.01-0000753231.MSG,.msg,89600,ok,True,False,text,False,0,0,2,False,0,False,0-10,Address | Email | Phone | Money/Amount | Credentials,True,Contact Information | Financial Account Information | Access Credentials,False,,ambiguous,True,no,4750,likely_non_responsive,,False,False,0,0,0,0,0,0,59.322,True,False,False,stage1_nr,False,,,0,False,,False,,4750
CNG_Data2k_variance/files/Q00897.01-0000676359.MSG,Q00897.01-0000676359.MSG,.msg,267776,ok,True,False,text,False,0,0,16,False,14,False,10-20,Name | Address | Email | Phone,True,Contact Information,False,,ambiguous,True,yes,16536,standard,bde_llm_count,False,False,0,0,0,0,0,0,7.376,False,False,True,,True,likely_no,no,8723,False,likely_non_responsive,True,,25259
CNG_Data2k_variance/files/Q00897.01-0000663599.0004.PDF,Q00897.01-0000663599.0004.PDF,.pdf,181965,ok,True,False,text,False,6,0,4,False,0,False,0-10,Name | Address | Phone | Tax ID | Account Balance | Money/Amount,True,Contact Information | Government-Issued Identification | Financial Account Information,False,,ambiguous,True,yes,6984,standard,"img_ocr:p1,p1,p1,p1,p2,p3(6/9,+322chars)",False,False,0,9,9,6,0,9,42.611,False,False,True,,True,clear_no,no,7058,False,likely_non_responsive,True,,14042
CNG_Data2k_variance/files/Q00897.01-0000892721.PDF,Q00897.01-0000892721.PDF,.pdf,11830,ok,True,False,text,False,1,0,0,False,0,False,0-10,,False,,False,,clear_non_responsive,False,,0,likely_non_responsive,,False,False,0,0,0,0,0,0,0.043,True,False,False,stage1_nr,False,,,0,False,,False,,0
CNG_Data2k_variance/files/Q00897.01-0000589860.0001.PDF,Q00897.01-0000589860.0001.PDF,.pdf,20962,ok,True,False,text,False,1,0,0,False,0,False,0-10,,False,,False,,clear_non_responsive,False,,0,likely_non_responsive,,False,False,0,0,0,0,0,0,0.026,True,False,False,stage1_nr,False,,,0,False,,False,,0
CNG_Data2k_variance/files/Q00897.01-0000242145.XLSX,Q00897.01-0000242145.XLSX,.xlsx,16746,ok,True,True,text,True,2,0,19,False,0,False,10-20,Name | Address | Phone | Money/Amount,True,Contact Information | Financial Account Information,False,,ambiguous,True,yes,10633,standard,bde_llm_count,False,False,0,0,0,0,0,0,4.991,False,False,True,,True,clear_no,no,5794,False,likely_non_responsive,True,,16427
CNG_Data2k_variance/files/Q00897.01-0000898075.PDF,Q00897.01-0000898075.PDF,.pdf,20698,ok,True,True,text,True,3,0,53,False,3,True,50-100,Name | Address | Phone | Money/Amount | Work-Related,True,Contact Information | Financial Account Information | Work-Related Information,True,,ambiguous,True,yes,9138,structured_bde,bde_llm_count_roster,True,True,3,0,0,0,0,1,9.965,False,True,True,,True,clear_yes,yes,5039,True,structured_bde,False,,14177
CNG_Data2k_variance/files/Q00897.01-0000023961.XLSX,Q00897.01-0000023961.XLSX,.xlsx,140208,ok,True,True,text,True,2,0,483,False,483,True,100+,Name | Phone | Money/Amount,True,Contact Information | Financial Account Information,True,,ambiguous,True,yes,18122,structured_bde,bde_llm_count_roster,False,False,0,0,0,0,0,0,10.232,False,True,True,,True,clear_yes,yes,9667,True,structured_bde,False,,27789
CNG_Data2k_variance/files/Q00897.01-0000546787.0001.PDF,Q00897.01-0000546787.0001.PDF,.pdf,22562,ok,True,False,text,False,1,0,1,False,0,False,0-10,Money/Amount,False,Financial Account Information,False,,clear_non_responsive,False,,0,likely_non_responsive,,False,False,0,0,0,0,0,0,0.024,True,False,False,stage1_nr,False,,,0,False,,False,,0
CNG_Data2k_variance/files/Q00897.01-0000910852.PDF,Q00897.01-0000910852.PDF,.pdf,10345,ok,True,False,text,False,1,0,6,False,0,False,0-10,Name | Phone | Money/Amount,True,Contact Information | Financial Account Information,False,,ambiguous,True,yes,4139,standard,,False,False,0,0,0,0,0,0,3.811,False,False,True,,True,likely_yes,yes,4183,False,standard,False,,8322
CNG_Data2k_variance/files/Q00897.01-0000260202.PDF,Q00897.01-0000260202.PDF,.pdf,3255956,ok,True,True,text,True,15,0,777,False,6,False,100+,Name | Address | Money/Amount,True,Contact Information | Financial Account Information,False,,ambiguous,True,yes,32108,standard,bde_llm_count,True,True,15,0,0,0,0,1,22.621,False,False,True,,True,clear_yes,yes,16603,True,structured_bde,False,,48711
CNG_Data2k_variance/files/Q00897.01-0000088773.PDF,Q00897.01-0000088773.PDF,.pdf,5957767,ok,True,True,text,True,15,0,185,False,4,False,100+,Name | Address | Email | Phone | Bank/Account Number | Card/Transaction | Money/Amount,True,Contact Information | Financial Account Information,False,,ambiguous,True,yes,24333,standard,bde_llm_count,True,True,15,0,0,0,0,1,14.05,False,False,True,,True,clear_yes,yes,12552,True,structured_bde,False,,36885
CNG_Data2k_variance/files/Q00897.01-0000657861.0001.DOCX,Q00897.01-0000657861.0001.DOCX,.docx,15191,ok,True,False,text,False,0,0,0,False,0,False,0-10,,False,,False,,clear_non_responsive,False,,0,likely_non_responsive,,False,False,0,0,0,0,0,0,0.048,True,False,False,stage1_nr,False,,,0,False,,False,,0
CNG_Data2k_variance/files/Q00897.01-0000583040.0001.PDF,Q00897.01-0000583040.0001.PDF,.pdf,21152,ok,True,False,text,False,1,0,0,False,0,False,0-10,,False,,False,,clear_non_responsive,False,,0,likely_non_responsive,,False,False,0,0,0,0,0,0,0.021,True,False,False,stage1_nr,False,,,0,False,,False,,0
CNG_Data2k_variance/files/Q00897.01-0000062491.PDF,Q00897.01-0000062491.PDF,.pdf,340635,ok,True,True,text,True,1,0,13,False,0,False,10-20,Name | Address | Phone | Tax ID | Money/Amount,True,Contact Information | Government-Issued Identification | Financial Account Information,False,,ambiguous,True,no,7731,likely_non_responsive,bde_llm_count,True,True,1,0,0,0,0,1,8.538,True,False,False,stage1_nr,False,,,0,False,,False,,7731
CNG_Data2k_variance/files/Q00897.01-0000793476.MSG,Q00897.01-0000793476.MSG,.msg,116736,ok,True,False,text,False,0,0,2,False,0,False,0-10,Address | Email | Phone,True,Contact Information,False,,ambiguous,True,no,3790,likely_non_responsive,,False,False,0,0,0,0,0,0,2.277,True,False,False,stage1_nr,False,,,0,False,,False,,3790
CNG_Data2k_variance/files/Q00897.01-0000770016.0001.PDF,Q00897.01-0000770016.0001.PDF,.pdf,29713,ok,True,True,text,True,2,0,9,False,2,False,0-10,Name | Address | Phone | Tax ID | Bank/Account Number | Money/Amount,True,Contact Information | Government-Issued Identification | Financial Account Information,False,,ambiguous,True,no,7575,likely_non_responsive,bde_llm_count,True,True,2,0,0,0,0,1,8.191,True,False,False,stage1_nr,False,,,0,False,,False,,7575
CNG_Data2k_variance/files/Q00897.01-0000115745.CSV,Q00897.01-0000115745.CSV,.csv,4927,ok,True,True,text,True,0,0,101,False,0,False,100+,Money/Amount,False,Financial Account Information,False,,ambiguous,True,no,8500,likely_non_responsive,roster_by_rowcount bde_llm_count,False,False,0,0,0,0,0,0,2.483,True,False,False,stage1_nr,False,,,0,False,,False,,8500
CNG_Data2k_variance/files/Q00897.01-0000706998.MSG,Q00897.01-0000706998.MSG,.msg,227840,ok,True,False,text,False,0,0,5,False,0,False,0-10,Name | Address | Work-Related,True,Contact Information | Work-Related Information,False,,ambiguous,True,no,4851,likely_non_responsive,,False,False,0,0,0,0,0,0,2.013,True,False,False,stage1_nr,False,,,0,False,,False,,4851
CNG_Data2k_variance/files/Q00897.01-0000662850.MSG,Q00897.01-0000662850.MSG,.msg,348160,ok,True,False,text,False,0,24,7,False,2,False,0-10,Name | Address | Email | Phone,True,Contact Information,False,,ambiguous,True,yes,8234,standard,bde_llm_count,False,False,0,0,0,0,0,0,6.049,False,False,True,,True,likely_no,no,4592,False,likely_non_responsive,True,,12826
CNG_Data2k_variance/files/Q00897.01-0000027457.PDF,Q00897.01-0000027457.PDF,.pdf,205091,ok,True,True,text,True,2,0,13,False,0,False,10-20,Name | Address | Phone | Money/Amount,True,Contact Information | Financial Account Information,False,,ambiguous,True,no,7523,likely_non_responsive,bde_llm_count,True,True,2,0,0,0,0,1,7.96,True,False,False,stage1_nr,False,,,0,False,,False,,7523
CNG_Data2k_variance/files/Q00897.01-0000911526.PDF,Q00897.01-0000911526.PDF,.pdf,37312,ok,True,True,text,True,2,0,44,False,1,False,20-50,SSN | Money/Amount,True,Government-Issued Identification | Financial Account Information,False,,clear_responsive,False,,3731,standard,bde_llm_count,True,True,2,0,0,0,0,1,8.02,False,False,True,,True,clear_yes,yes,4574,False,standard,False,,8305
CNG_Data2k_variance/files/Q00897.01-0000535820.0001.CSV,Q00897.01-0000535820.0001.CSV,.csv,119216,ok,True,True,text,True,0,0,601,False,0,False,100+,Money/Amount,False,Financial Account Information,False,,ambiguous,True,no,15008,likely_non_responsive,roster_by_rowcount bde_llm_count,False,False,0,0,0,0,0,0,58.52,True,False,False,stage1_nr,False,,,0,False,,False,,15008
CNG_Data2k_variance/files/Q00897.01-0000722791.MSG,Q00897.01-0000722791.MSG,.msg,99328,ok,True,False,text,False,0,0,2,False,0,False,0-10,Name | Address | Phone,True,Contact Information,False,,ambiguous,True,no,5153,likely_non_responsive,,False,False,0,0,0,0,0,0,1.858,True,False,False,stage1_nr,False,,,0,False,,False,,5153
CNG_Data2k_variance/files/Q00897.01-0000344947.PDF,Q00897.01-0000344947.PDF,.pdf,17888,ok,True,False,text,False,3,0,1,False,0,False,0-10,Money/Amount,False,Financial Account Information,False,,clear_non_responsive,False,,0,likely_non_responsive,,False,False,0,0,0,0,0,0,0.247,True,False,False,stage1_nr,False,,,0,False,,False,,0
CNG_Data2k_variance/files/Q00897.01-0000526771.0001.PDF,Q00897.01-0000526771.0001.PDF,.pdf,22567,ok,True,False,text,False,1,0,1,False,0,False,0-10,Money/Amount,False,Financial Account Information,False,,clear_non_responsive,False,,0,likely_non_responsive,,False,False,0,0,0,0,0,0,0.024,True,False,False,stage1_nr,False,,,0,False,,False,,0
CNG_Data2k_variance/files/Q00897.01-0000860757.PDF,Q00897.01-0000860757.PDF,.pdf,3229432,ok,True,False,text,False,24,0,6,False,0,False,0-10,Name | Email | Phone | Money/Amount | Credentials | Health | Work-Related,True,Contact Information | Financial Account Information | Access Credentials | Health-Related Information | Work-Related Information,False,,ambiguous,True,yes,7090,standard,"img_ocr:p1(1/1,+10chars)",False,False,0,1,1,1,0,1,17.226,False,False,True,,True,clear_yes,yes,7151,False,standard,False,,14241
CNG_Data2k_variance/files/Q00897.01-0000430399.MSG,Q00897.01-0000430399.MSG,.msg,208384,ok,True,False,text,False,0,0,2,False,0,False,0-10,Address | Email | Phone | Money/Amount,True,Contact Information | Financial Account Information,False,,ambiguous,True,no,4899,likely_non_responsive,,False,False,0,0,0,0,0,0,2.283,True,False,False,stage1_nr,False,,,0,False,,False,,4899
CNG_Data2k_variance/files/Q00897.01-0000733502.0001.PDF,Q00897.01-0000733502.0001.PDF,.pdf,159504,ok,True,False,text,False,2,0,5,False,0,False,0-10,Name | Email | Phone,True,Contact Information,False,,ambiguous,True,yes,4949,standard,,True,True,2,0,0,0,0,1,66.959,False,False,True,,True,clear_yes,yes,4997,False,standard,False,,9946
CNG_Data2k_variance/files/Q00897.01-0000901990.PDF,Q00897.01-0000901990.PDF,.pdf,19054,ok,True,True,text,True,3,0,54,False,2,False,50-100,Name | Address | Phone | Money/Amount | Work-Related,True,Contact Information | Financial Account Information | Work-Related Information,False,,ambiguous,True,yes,8926,standard,bde_llm_count,True,True,3,0,0,0,0,1,9.714,False,False,True,,True,clear_yes,yes,4926,True,structured_bde,False,,13852
CNG_Data2k_variance/files/Q00897.01-0000669869.MSG,Q00897.01-0000669869.MSG,.msg,164864,ok,True,False,text,False,0,1,3,False,0,False,0-10,Name | Phone,True,Contact Information,False,,ambiguous,True,no,3727,likely_non_responsive,,False,False,0,0,0,0,0,0,1.192,True,False,False,stage1_nr,False,,,0,False,,False,,3727
CNG_Data2k_variance/files/Q00897.01-0000391554.MSG,Q00897.01-0000391554.MSG,.msg,69632,ok,True,False,text,False,0,0,1,False,0,False,0-10,Name | Address | Health,True,Contact Information | Health-Related Information,False,,ambiguous,True,no,4569,likely_non_responsive,,False,False,0,0,0,0,0,0,1.947,True,False,False,stage1_nr,False,,,0,False,,False,,4569
CNG_Data2k_variance/files/Q00897.01-0000885345.PDF,Q00897.01-0000885345.PDF,.pdf,180342,ok,True,False,text,False,4,0,2,False,0,False,0-10,Name | Address | Email | Phone | Money/Amount | Demographic | Work-Related,True,Contact Information | Financial Account Information | Demographic Information | Work-Related Information,False,,ambiguous,True,no,7440,likely_non_responsive,,False,False,0,0,0,0,0,0,1.503,True,False,False,stage1_nr,False,,,0,False,,False,,7440
CNG_Data2k_variance/files/Q00897.01-0000811447.0001.PDF,Q00897.01-0000811447.0001.PDF,.pdf,43393,ok,True,False,text,False,3,0,1,False,0,False,0-10,Money/Amount,False,Financial Account Information,False,,clear_non_responsive,False,,0,likely_non_responsive,,False,False,0,0,0,0,0,0,0.107,True,False,False,stage1_nr,False,,,0,False,,False,,0
CNG_Data2k_variance/files/Q00897.01-0000549515.0001.XLSX,Q00897.01-0000549515.0001.XLSX,.xlsx,57875,ok,True,True,text,True,1,0,415,False,415,True,100+,Phone | Money/Amount,True,Contact Information | Financial Account Information,True,,ambiguous,True,no,17890,structured_bde,roster_by_rowcount bde_llm_count_roster,False,False,0,0,0,0,0,0,5.247,False,True,True,,True,clear_no,no,9393,True,likely_non_responsive,True,,27283
CNG_Data2k_variance/files/Q00897.01-0000726254.MSG,Q00897.01-0000726254.MSG,.msg,154112,ok,True,False,text,False,0,0,2,False,0,False,0-10,Address | Email | Phone | Money/Amount | Credentials,True,Contact Information | Financial Account Information | Access Credentials,False,,ambiguous,True,no,3983,likely_non_responsive,,False,False,0,0,0,0,0,0,1.617,True,False,False,stage1_nr,False,,,0,False,,False,,3983
CNG_Data2k_variance/files/Q00897.01-0000126761.XLSX,Q00897.01-0000126761.XLSX,.xlsx,49524,ok,True,True,text,True,2,0,530,False,0,False,100+,Address | Money/Amount,True,Contact Information | Financial Account Information,False,,ambiguous,True,no,9846,likely_non_responsive,roster_by_rowcount bde_llm_count,False,False,0,0,0,0,0,0,3.714,True,False,False,stage1_nr,False,,,0,False,,False,,9846
CNG_Data2k_variance/files/Q00897.01-0000112775.PDF,Q00897.01-0000112775.PDF,.pdf,6915,ok,True,False,text,False,1,0,1,False,0,False,0-10,Name | Address | Health,True,Contact Information | Health-Related Information,False,,ambiguous,True,yes,4031,standard,,False,False,0,0,0,0,0,0,2.547,False,False,True,,True,likely_no,no,4084,False,likely_non_responsive,True,,8115
CNG_Data2k_variance/files/Q00897.01-0000327852.XLSX,Q00897.01-0000327852.XLSX,.xlsx,69249,ok,True,True,text,True,12,0,412,False,0,False,100+,Phone | Money/Amount,True,Contact Information | Financial Account Information,False,,ambiguous,True,no,9636,likely_non_responsive,roster_by_rowcount bde_llm_count,False,False,0,0,0,0,0,0,2.985,True,False,False,stage1_nr,False,,,0,False,,False,,9636
CNG_Data2k_variance/files/Q00897.01-0000130358.PDF,Q00897.01-0000130358.PDF,.pdf,1311976,ok,True,True,text,True,8,0,43,False,0,False,20-50,Phone | Money/Amount,True,Contact Information | Financial Account Information,False,,ambiguous,True,no,10675,likely_non_responsive,bde_llm_count,True,True,8,0,0,0,0,1,9.63,True,False,False,stage1_nr,False,,,0,False,,False,,10675
CNG_Data2k_variance/files/Q00897.01-0000205779.PDF,Q00897.01-0000205779.PDF,.pdf,90374,ok,True,False,text,False,1,0,4,False,0,False,0-10,Name | Address | Phone | Money/Amount,True,Contact Information | Financial Account Information,False,,ambiguous,True,yes,4000,standard,"img_ocr:p1(1/1,+31chars)",False,False,0,1,1,1,0,1,7.338,False,False,True,,True,clear_no,no,4055,False,likely_non_responsive,True,,8055
CNG_Data2k_variance/files/Q00897.01-0000721963.MSG,Q00897.01-0000721963.MSG,.msg,230912,ok,True,False,text,False,0,0,6,False,0,False,0-10,Name | Address | Money/Amount,True,Contact Information | Financial Account Information,False,,ambiguous,True,no,5097,likely_non_responsive,,False,False,0,0,0,0,0,0,1.418,True,False,False,stage1_nr,False,,,0,False,,False,,5097
CNG_Data2k_variance/files/Q00897.01-0000307441.XLSX,Q00897.01-0000307441.XLSX,.xlsx,24890,ok,True,True,text,True,1,0,133,False,0,False,100+,Card/Transaction | Money/Amount,False,Financial Account Information,False,,ambiguous,True,no,8111,likely_non_responsive,roster_by_rowcount bde_llm_count,False,False,0,0,0,0,0,0,2.535,True,False,False,stage1_nr,False,,,0,False,,False,,8111
CNG_Data2k_variance/files/Q00897.01-0000107305.PDF,Q00897.01-0000107305.PDF,.pdf,211568,ok,True,False,text,False,40,0,1,False,0,False,0-10,Name | Address | Email | Phone | Money/Amount | Health | Demographic,True,Contact Information | Financial Account Information | Health-Related Information | Demographic Information,False,,ambiguous,True,no,9520,likely_non_responsive,,False,False,0,0,0,0,0,0,1.905,True,False,False,stage1_nr,False,,,0,False,,False,,9520
CNG_Data2k_variance/files/Q00897.01-0000765390.0001.PDF,Q00897.01-0000765390.0001.PDF,.pdf,3098817,ok,True,False,text,False,28,0,14,False,7,False,10-20,Name | Address | Email | Phone | Health | Work-Related,True,Contact Information | Health-Related Information | Work-Related Information,False,,ambiguous,True,yes,17884,standard,bde_llm_count,False,False,0,0,0,0,0,0,8.13,False,False,True,,True,clear_yes,yes,9438,False,standard,False,,27322
CNG_Data2k_variance/files/Q00897.01-0000678601.MSG,Q00897.01-0000678601.MSG,.msg,252928,ok,True,False,text,False,0,0,2,False,0,False,0-10,Name | Address | Email | Money/Amount | Work-Related,True,Contact Information | Financial Account Information | Work-Related Information,False,,ambiguous,True,yes,5464,standard,,False,False,0,0,0,0,0,0,5.14,False,False,True,,True,likely_no,no,5541,False,likely_non_responsive,True,,11005
CNG_Data2k_variance/files/Q00897.01-0000904896.PDF,Q00897.01-0000904896.PDF,.pdf,17178,ok,True,True,text,True,2,0,28,False,1,False,20-50,Name | Address | Phone | Money/Amount | Work-Related,True,Contact Information | Financial Account Information | Work-Related Information,False,,ambiguous,True,yes,8186,standard,bde_llm_count,True,True,2,0,0,0,0,1,10.337,False,False,True,,True,clear_yes,yes,4548,False,standard,False,,12734
CNG_Data2k_variance/files/Q00897.01-0000896515.PDF,Q00897.01-0000896515.PDF,.pdf,13008,ok,True,False,text,False,2,0,1,False,0,False,0-10,Money/Amount,False,Financial Account Information,False,,clear_non_responsive,False,,0,likely_non_responsive,,False,False,0,0,0,0,0,0,0.161,True,False,False,stage1_nr,False,,,0,False,,False,,0
CNG_Data2k_variance/files/Q00897.01-0000776569.MSG,Q00897.01-0000776569.MSG,.msg,31744,ok,True,False,text,False,0,1,5,False,0,False,0-10,Name | Address | Email | Phone | Credentials,True,Contact Information | Access Credentials,False,,ambiguous,True,yes,4526,standard,,False,False,0,0,0,0,0,0,3.653,False,False,True,,True,likely_yes,yes,4593,False,standard,False,,9119
CNG_Data2k_variance/files/Q00897.01-0000901735.PDF,Q00897.01-0000901735.PDF,.pdf,19808,ok,True,False,text,False,3,0,1,False,0,False,0-10,Name | Address | Phone | Money/Amount,True,Contact Information | Financial Account Information,False,,ambiguous,True,yes,5746,standard,,False,False,0,0,0,0,0,0,2.742,False,False,True,,True,likely_yes,yes,5804,False,standard,False,,11550
CNG_Data2k_variance/files/Q00897.01-0000670308.0001.PDF,Q00897.01-0000670308.0001.PDF,.pdf,33575,ok,True,False,text,False,10,0,32,False,0,False,20-50,Address | Phone | Account Balance | Money/Amount,True,Contact Information | Financial Account Information,False,,ambiguous,True,yes,18823,standard,bde_llm_count,False,False,0,0,0,0,0,0,5.274,False,False,True,,True,clear_no,no,9859,False,likely_non_responsive,True,,28682
CNG_Data2k_variance/files/Q00897.01-0000021391.PDF,Q00897.01-0000021391.PDF,.pdf,59652,ok,True,False,text,False,1,0,0,False,0,False,0-10,,False,,False,,clear_non_responsive,False,,0,likely_non_responsive,,False,False,0,0,0,0,0,0,0.027,True,False,False,stage1_nr,False,,,0,False,,False,,0
CNG_Data2k_variance/files/Q00897.01-0000911052.PDF,Q00897.01-0000911052.PDF,.pdf,489030,ok,True,True,text,True,15,0,357,False,11,False,100+,Name | Address | Phone | Money/Amount | Work-Related,True,Contact Information | Financial Account Information | Work-Related Information,False,,ambiguous,True,yes,22897,standard,bde_llm_count,True,True,15,0,0,0,0,1,17.026,False,False,True,,True,clear_yes,yes,11935,True,structured_bde,False,,34832
CNG_Data2k_variance/files/Q00897.01-0000323777.XLSX,Q00897.01-0000323777.XLSX,.xlsx,46202,ok,True,True,text,True,2,0,140,False,4,True,100+,Name | Money/Amount,False,Financial Account Information,True,,ambiguous,True,yes,8195,structured_bde,bde_llm_count_roster,False,False,0,0,0,0,0,0,4.355,False,True,True,,True,likely_no,no,4545,True,likely_non_responsive,True,,12740
CNG_Data2k_variance/files/Q00897.01-0000110954.XLSX,Q00897.01-0000110954.XLSX,.xlsx,22008,ok,True,True,text,True,1,0,175,False,175,True,100+,Phone | Money/Amount,True,Contact Information | Financial Account Information,True,,ambiguous,True,no,11756,structured_bde,roster_by_rowcount bde_llm_count_roster,False,False,0,0,0,0,0,0,5.118,False,True,True,,True,clear_no,no,6317,True,likely_non_responsive,True,,18073
CNG_Data2k_variance/files/Q00897.01-0000891830.PDF,Q00897.01-0000891830.PDF,.pdf,22184,ok,True,False,text,False,6,0,1,False,0,False,0-10,Address | Phone | Money/Amount,True,Contact Information | Financial Account Information,False,,ambiguous,True,no,6219,likely_non_responsive,,False,False,0,0,0,0,0,0,1.654,True,False,False,stage1_nr,False,,,0,False,,False,,6219
CNG_Data2k_variance/files/Q00897.01-0000262650.PDF,Q00897.01-0000262650.PDF,.pdf,529317,ok,True,False,text,False,245,0,110,False,1,False,100+,Phone | Payment Card | Money/Amount,True,Contact Information | Financial Account Information,False,,ambiguous,True,no,27371,likely_non_responsive,bde_llm_count,False,False,0,0,0,0,0,0,7.462,True,False,False,stage1_nr,False,,,0,False,,False,,27371
CNG_Data2k_variance/files/Q00897.01-0000823229.0005.PDF,Q00897.01-0000823229.0005.PDF,.pdf,4083801,ok,True,True,text,True,15,0,76,False,2,False,50-100,Name | Money/Amount | Health,True,Financial Account Information | Health-Related Information,False,,ambiguous,True,no,16155,likely_non_responsive,bde_llm_count,True,True,15,0,0,0,0,1,16.185,True,False,False,stage1_nr,False,,,0,False,,False,,16155
CNG_Data2k_variance/files/Q00897.01-0000474264.MSG,Q00897.01-0000474264.MSG,.msg,2164224,ok,True,False,text,False,0,5,5,False,0,False,0-10,Name | Email | Phone | Card/Transaction,True,Contact Information | Financial Account Information,False,,ambiguous,True,yes,5232,standard,,False,False,0,0,0,0,0,0,3.336,False,False,True,,True,likely_no,no,5300,False,likely_non_responsive,True,,10532
CNG_Data2k_variance/files/Q00897.01-0000330311.PDF,Q00897.01-0000330311.PDF,.pdf,394482,ok,True,False,text,False,4,0,5,False,0,False,0-10,Name | Address | Bank/Account Number | Money/Amount,True,Contact Information | Financial Account Information,False,,ambiguous,True,yes,4459,standard,"img_ocr:p2(1/1,+378chars)",False,False,0,1,1,1,0,1,8.884,False,False,True,,True,likely_no,no,4532,False,likely_non_responsive,True,,8991
CNG_Data2k_variance/files/Q00897.01-0000655875.MSG,Q00897.01-0000655875.MSG,.msg,305664,ok,True,False,text,False,0,2,5,False,0,False,0-10,Name | Address | Email | Phone,True,Contact Information,False,,ambiguous,True,yes,4066,standard,,False,False,0,0,0,0,0,0,2.75,False,False,True,,True,likely_no,no,4140,False,likely_non_responsive,True,,8206
CNG_Data2k_variance/files/Q00897.01-0000330135.0001.PDF,Q00897.01-0000330135.0001.PDF,.pdf,345573,ok,True,True,text,True,5,0,21,False,1,False,20-50,Name | Address | Phone | Bank/Account Number | Money/Amount,True,Contact Information | Financial Account Information,False,,ambiguous,True,yes,8869,standard,bde_llm_count,True,True,5,0,0,0,0,1,9.606,False,False,True,,True,likely_no,no,4924,False,likely_non_responsive,True,,13793
CNG_Data2k_variance/files/Q00897.01-0000892814.PDF,Q00897.01-0000892814.PDF,.pdf,36812,ok,True,False,text,False,4,0,0,False,0,False,0-10,,False,,False,,clear_non_responsive,False,,0,likely_non_responsive,,False,False,0,0,0,0,0,0,0.684,True,False,False,stage1_nr,False,,,0,False,,False,,0
CNG_Data2k_variance/files/Q00897.01-0000011225.PDF,Q00897.01-0000011225.PDF,.pdf,216864,ok,True,False,text,False,1,0,6,False,0,False,0-10,Name | Address | Email | Phone,True,Contact Information,False,,ambiguous,True,yes,4103,standard,,False,False,0,0,0,0,0,0,3.878,False,False,True,,True,borderline,no,4152,False,likely_non_responsive,True,,8255
CNG_Data2k_variance/files/Q00897.01-0000394574.MSG,Q00897.01-0000394574.MSG,.msg,82944,ok,True,False,text,False,0,0,2,False,0,False,0-10,Name | Email | Money/Amount,True,Contact Information | Financial Account Information,False,,ambiguous,True,yes,4791,standard,,False,False,0,0,0,0,0,0,4.177,False,False,True,,True,likely_no,no,4850,False,likely_non_responsive,True,,9641
CNG_Data2k_variance/files/Q00897.01-0000908350.PDF,Q00897.01-0000908350.PDF,.pdf,841969,ok,True,False,text,False,125,0,50,False,51,True,20-50,Name | Address | Phone | Money/Amount,True,Contact Information | Financial Account Information,True,,ambiguous,True,yes,35162,bde,bde_llm_count_roster,False,False,0,0,0,0,0,0,25.521,False,True,True,,True,clear_yes,yes,18048,False,standard,False,,53210
CNG_Data2k_variance/files/Q00897.01-0000314044.PDF,Q00897.01-0000314044.PDF,.pdf,22783539,ok,True,False,text,False,15,0,2,False,0,False,0-10,Name | Email | Money/Amount | Health,True,Contact Information | Financial Account Information | Health-Related Information,False,,ambiguous,True,no,9203,likely_non_responsive,,True,True,15,0,0,0,0,1,16.164,True,False,False,stage1_nr,False,,,0,False,,False,,9203
CNG_Data2k_variance/files/Q00897.01-0000248439.PDF,Q00897.01-0000248439.PDF,.pdf,69860,ok,True,True,text,True,5,0,39,False,0,False,20-50,Name | Address | Email | Phone | Bank/Account Number | Money/Amount,True,Contact Information | Financial Account Information,False,,ambiguous,True,yes,9883,standard,bde_llm_count,True,True,5,0,0,0,0,1,9.108,False,False,True,,True,likely_no,no,5397,False,likely_non_responsive,True,,15280
CNG_Data2k_variance/files/Q00897.01-0000890475.PDF,Q00897.01-0000890475.PDF,.pdf,890225,ok,True,False,text,False,121,0,130,False,51,True,100+,Address | Phone | SSN | Money/Amount | Work-Related,True,Contact Information | Government-Issued Identification | Financial Account Information | Work-Related Information,True,,clear_responsive,False,,13068,bde,bde_llm_count_roster,False,False,0,0,0,0,0,0,37.079,False,True,True,,True,clear_yes,yes,14256,True,bde,False,,27324
CNG_Data2k_variance/files/Q00897.01-0000913799.PDF,Q00897.01-0000913799.PDF,.pdf,79217,ok,True,True,text,True,2,0,9,False,4,False,0-10,SSN | Money/Amount,True,Government-Issued Identification | Financial Account Information,False,,clear_responsive,False,,4640,standard,bde_llm_count_roster,True,True,2,0,0,0,0,1,12.504,False,False,True,,True,clear_yes,yes,5472,False,standard,False,,10112
CNG_Data2k_variance/files/Q00897.01-0000612769.0001.DOCX,Q00897.01-0000612769.0001.DOCX,.docx,45419,ok,True,False,text,False,0,0,1,False,0,False,0-10,Address | Email | Health,True,Contact Information | Health-Related Information,False,,ambiguous,True,no,7682,likely_non_responsive,,False,False,0,0,0,0,0,0,1.019,True,False,False,stage1_nr,False,,,0,False,,False,,7682
CNG_Data2k_variance/files/Q00897.01-0000446401.MSG,Q00897.01-0000446401.MSG,.msg,175104,ok,True,False,text,False,0,1,1,False,0,False,0-10,Money/Amount,False,Financial Account Information,False,,clear_non_responsive,False,,0,likely_non_responsive,,False,False,0,0,0,0,0,0,0.253,True,False,False,stage1_nr,False,,,0,False,,False,,0
CNG_Data2k_variance\files\Q00897.01-0000016164.XLS,Q00897.01-0000016164.XLS,.xls,70423,ok,True,True,text,True,2,0,2,False,2,False,0-10,Name | Money/Amount,False,Financial Account Information,False,,ambiguous,True,yes,7455,standard,bde_llm_count_roster,False,False,0,0,0,0,0,0,4.133,False,False,True,,True,clear_yes,yes,4218,False,standard,False,,11673
CNG_Data2k_variance/files/Q00897.01-0000777737.0001.DOCX,Q00897.01-0000777737.0001.DOCX,.docx,59033,ok,True,False,text,False,0,0,1,False,0,False,0-10,Money/Amount,False,Financial Account Information,False,,clear_non_responsive,False,,0,likely_non_responsive,,False,False,0,0,0,0,0,0,0.058,True,False,False,stage1_nr,False,,,0,False,,False,,0
CNG_Data2k_variance/files/Q00897.01-0000895182.PDF,Q00897.01-0000895182.PDF,.pdf,70257,ok,True,False,text,False,1,0,1,False,0,False,0-10,Name | Money/Amount | Work-Related,False,Financial Account Information | Work-Related Information,False,,ambiguous,True,yes,3795,standard,,False,False,0,0,0,0,0,0,2.547,False,False,True,,True,likely_yes,yes,3856,False,standard,False,,7651
CNG_Data2k_variance/files/Q00897.01-0000020867.PDF,Q00897.01-0000020867.PDF,.pdf,395918,ok,True,False,text,False,1,0,2,False,0,False,0-10,Name | Address | Email | Phone | SSN | Money/Amount | Work-Related,True,Contact Information | Government-Issued Identification | Financial Account Information | Work-Related Information,False,,clear_responsive,False,,0,standard,,False,False,0,0,0,0,0,0,1.576,False,False,True,,True,clear_yes,yes,4286,False,standard,False,,4286
CNG_Data2k_variance/files/Q00897.01-0000887113.PDF,Q00897.01-0000887113.PDF,.pdf,185276,ok,True,False,text,False,1,0,2,False,0,False,0-10,Name | Address | Money/Amount,True,Contact Information | Financial Account Information,False,,ambiguous,True,yes,3978,standard,,False,False,0,0,0,0,0,0,61.943,False,False,True,,True,likely_no,no,4031,False,likely_non_responsive,True,,8009
CNG_Data2k_variance/files/Q00897.01-0000761467.MSG,Q00897.01-0000761467.MSG,.msg,100864,ok,True,False,text,False,0,0,1,False,0,False,0-10,Name | Money/Amount,True,Financial Account Information,False,,ambiguous,True,no,6451,likely_non_responsive,,False,False,0,0,0,0,0,0,3.106,True,False,False,stage1_nr,False,,,0,False,,False,,6451
CNG_Data2k_variance/files/Q00897.01-0000543280.0001.PDF,Q00897.01-0000543280.0001.PDF,.pdf,22568,ok,True,False,text,False,1,0,1,False,0,False,0-10,Money/Amount,False,Financial Account Information,False,,clear_non_responsive,False,,0,likely_non_responsive,,False,False,0,0,0,0,0,0,0.022,True,False,False,stage1_nr,False,,,0,False,,False,,0
CNG_Data2k_variance/files/Q00897.01-0000453323.MSG,Q00897.01-0000453323.MSG,.msg,256000,ok,True,False,text,False,0,0,2,False,0,False,0-10,Name | Address | Email | Phone | Money/Amount,True,Contact Information | Financial Account Information,False,,ambiguous,True,yes,5155,standard,,False,False,0,0,0,0,0,0,2.939,False,False,True,,True,likely_yes,yes,5191,False,standard,False,,10346
CNG_Data2k_variance/files/Q00897.01-0000109728.PDF,Q00897.01-0000109728.PDF,.pdf,36435,ok,True,False,text,False,9,0,1,False,0,False,0-10,Money/Amount | Work-Related,False,Financial Account Information | Work-Related Information,False,,ambiguous,True,no,10133,likely_non_responsive,,False,False,0,0,0,0,0,0,1.398,True,False,False,stage1_nr,False,,,0,False,,False,,10133
CNG_Data2k_variance/files/Q00897.01-0000914376.PDF,Q00897.01-0000914376.PDF,.pdf,339544,ok,True,False,text,False,3,0,1,False,0,False,0-10,Phone | Money/Amount,True,Contact Information | Financial Account Information,False,,ambiguous,True,no,4250,likely_non_responsive,"img_ocr:p2(1/1,+6chars)",False,False,0,1,1,1,0,1,5.978,True,False,False,stage1_nr,False,,,0,False,,False,,4250
CNG_Data2k_variance/files/Q00897.01-0000341571.PDF,Q00897.01-0000341571.PDF,.pdf,210016,ok,True,False,text,False,1,0,1,False,0,False,0-10,Name | Money/Amount | Student ID,True,Financial Account Information | Student-Related Information,False,,ambiguous,True,yes,3849,standard,,False,False,0,0,0,0,0,0,2.914,False,False,True,,True,likely_no,no,3941,False,likely_non_responsive,True,,7790
CNG_Data2k_variance/files/Q00897.01-0000665313.0001.XLSX,Q00897.01-0000665313.0001.XLSX,.xlsx,31247,ok,True,True,text,True,1,0,90,False,0,False,50-100,Phone | Money/Amount,True,Contact Information | Financial Account Information,False,,ambiguous,True,no,14426,likely_non_responsive,roster_by_rowcount bde_llm_count,False,False,0,0,0,0,0,0,1.989,True,False,False,stage1_nr,False,,,0,False,,False,,14426
CNG_Data2k_variance/files/Q00897.01-0000457960.0001.PDF,Q00897.01-0000457960.0001.PDF,.pdf,163541,ok,True,False,text,False,1,0,2,False,0,False,0-10,Name | Phone,True,Contact Information,False,,ambiguous,True,no,3937,likely_non_responsive,"img_ocr:p1(1/1,+16chars)",False,False,0,1,1,1,0,1,5.322,True,False,False,stage1_nr,False,,,0,False,,False,,3937
CNG_Data2k_variance/files/Q00897.01-0000465073.MSG,Q00897.01-0000465073.MSG,.msg,317952,ok,True,False,text,False,0,4,4,False,0,False,0-10,Name,False,,False,,ambiguous,True,no,4497,likely_non_responsive,,False,False,0,0,0,0,0,0,1.734,True,False,False,stage1_nr,False,,,0,False,,False,,4497
CNG_Data2k_variance/files/Q00897.01-0000678910.MSG,Q00897.01-0000678910.MSG,.msg,139776,ok,True,False,text,False,0,0,0,False,0,False,0-10,,False,,False,,clear_non_responsive,False,,0,likely_non_responsive,,False,False,0,0,0,0,0,0,0.914,True,False,False,stage1_nr,False,,,0,False,,False,,0
CNG_Data2k_variance\files\Q00897.01-0000851887.XLS,Q00897.01-0000851887.XLS,.xls,22224,ok,True,True,text,True,1,0,64,False,0,False,50-100,Money/Amount,False,Financial Account Information,False,,ambiguous,True,no,7299,likely_non_responsive,roster_by_rowcount bde_llm_count,False,False,0,0,0,0,0,0,2.318,True,False,False,stage1_nr,False,,,0,False,,False,,7299
CNG_Data2k_variance/files/Q00897.01-0000342258.DOCX,Q00897.01-0000342258.DOCX,.docx,39459,ok,True,False,text,False,0,0,2,False,0,False,0-10,Name | Address | Health,True,Contact Information | Health-Related Information,False,,ambiguous,True,no,6738,likely_non_responsive,,False,False,0,0,0,0,0,0,1.335,True,False,False,stage1_nr,False,,,0,False,,False,,6738
CNG_Data2k_variance/files/Q00897.01-0000107968.XLSX,Q00897.01-0000107968.XLSX,.xlsx,11707301,ok,True,True,text,True,17,0,294,False,0,False,100+,Phone | Money/Amount,True,Contact Information | Financial Account Information,False,,ambiguous,True,no,7893,likely_non_responsive,bde_llm_count,False,False,0,0,0,0,0,0,21.394,True,False,False,stage1_nr,False,,,0,False,,False,,7893
CNG_Data2k_variance/files/Q00897.01-0000680257.MSG,Q00897.01-0000680257.MSG,.msg,161792,ok,True,False,text,False,0,2,7,False,4,False,0-10,Name | Address | Email | Phone,True,Contact Information,False,,ambiguous,True,yes,11942,standard,bde_llm_count,False,False,0,0,0,0,0,0,5.156,False,False,True,,True,clear_yes,yes,6398,False,standard,False,,18340
CNG_Data2k_variance/files/Q00897.01-0000116509.PDF,Q00897.01-0000116509.PDF,.pdf,310527,ok,True,True,text,True,1,0,42,False,0,False,20-50,Name | Money/Amount,False,Financial Account Information,False,,ambiguous,True,no,11366,likely_non_responsive,bde_llm_count,True,True,1,0,0,0,0,1,14.587,True,False,False,stage1_nr,False,,,0,False,,False,,11366
CNG_Data2k_variance/files/Q00897.01-0000827617.0001.PDF,Q00897.01-0000827617.0001.PDF,.pdf,153900,ok,True,False,text,False,8,0,1,False,0,False,0-10,Card/Transaction | Money/Amount,False,Financial Account Information,False,,ambiguous,True,no,9281,likely_non_responsive,,False,False,0,0,0,0,0,0,1.778,True,False,False,stage1_nr,False,,,0,False,,False,,9281
CNG_Data2k_variance/files/Q00897.01-0000673717.MSG,Q00897.01-0000673717.MSG,.msg,200192,ok,True,False,text,False,0,1,1,False,0,False,0-10,Name | Money/Amount,True,Financial Account Information,False,,ambiguous,True,no,3773,likely_non_responsive,,False,False,0,0,0,0,0,0,1.369,True,False,False,stage1_nr,False,,,0,False,,False,,3773
CNG_Data2k_variance/files/Q00897.01-0000538246.MSG,Q00897.01-0000538246.MSG,.msg,198656,ok,True,False,text,False,0,0,6,False,0,False,0-10,Name | Address | Email | Card Expiry/CVV,True,Contact Information | Financial Account Information,False,,ambiguous,True,no,5738,likely_non_responsive,,False,False,0,0,0,0,0,0,60.23,True,False,False,stage1_nr,False,,,0,False,,False,,5738
CNG_Data2k_variance/files/Q00897.01-0000572004.MSG,Q00897.01-0000572004.MSG,.msg,136192,ok,True,False,text,False,0,0,1,False,0,False,0-10,Name | Email,True,Contact Information,False,,ambiguous,True,yes,3954,standard,,False,False,0,0,0,0,0,0,2.774,False,False,True,,True,likely_yes,yes,4035,False,standard,False,,7989
CNG_Data2k_variance/files/Q00897.01-0000747406.MSG,Q00897.01-0000747406.MSG,.msg,147456,ok,True,False,text,False,0,0,3,False,0,False,0-10,Address | Email | Phone,True,Contact Information,False,,ambiguous,True,no,4274,likely_non_responsive,,False,False,0,0,0,0,0,0,2.441,True,False,False,stage1_nr,False,,,0,False,,False,,4274
CNG_Data2k_variance/files/Q00897.01-0000869610.TXT,Q00897.01-0000869610.TXT,.txt,800,ok,True,False,text,False,0,0,1,False,0,False,0-10,Phone | Money/Amount,True,Contact Information | Financial Account Information,False,,ambiguous,True,no,3992,likely_non_responsive,,False,False,0,0,0,0,0,0,0.979,True,False,False,stage1_nr,False,,,0,False,,False,,3992
CNG_Data2k_variance/files/Q00897.01-0000020262.PDF,Q00897.01-0000020262.PDF,.pdf,810118,ok,True,True,text,True,2,0,17,False,2,False,10-20,Name | Address | Email | Phone | Money/Amount,True,Contact Information | Financial Account Information,False,,ambiguous,True,yes,7320,standard,bde_llm_count,True,True,2,0,0,0,0,1,10.374,False,False,True,,True,likely_yes,yes,4112,False,standard,False,,11432
CNG_Data2k_variance/files/Q00897.01-0000198577.PDF,Q00897.01-0000198577.PDF,.pdf,13978,ok,True,False,text,False,1,0,2,False,0,False,0-10,Address | Phone | Money/Amount | Health,True,Contact Information | Financial Account Information | Health-Related Information,False,,ambiguous,True,no,4054,likely_non_responsive,"img_ocr:p1(1/1,+21chars)",False,False,0,1,1,1,0,1,11.097,True,False,False,stage1_nr,False,,,0,False,,False,,4054
CNG_Data2k_variance/files/Q00897.01-0000117882.PDF,Q00897.01-0000117882.PDF,.pdf,487686,ok,True,False,text,False,18,0,3,False,0,False,0-10,Address | Email | Phone | Money/Amount | Health,True,Contact Information | Financial Account Information | Health-Related Information,False,,ambiguous,True,yes,8933,standard,"img_ocr:p1(1/2,+11chars)",False,False,0,2,2,1,0,2,12.704,False,False,True,,True,borderline,no,8986,False,likely_non_responsive,True,,17919
CNG_Data2k_variance/files/Q00897.01-0000655568.0001.XLSX,Q00897.01-0000655568.0001.XLSX,.xlsx,36720,ok,True,True,text,True,1,0,602,False,51,True,100+,Name | Card/Transaction,False,Financial Account Information,True,,ambiguous,True,yes,9915,structured_bde,roster_by_rowcount bde_llm_count_roster,False,False,0,0,0,0,0,0,7.597,False,True,True,,True,clear_yes,yes,5500,True,structured_bde,False,,15415
CNG_Data2k_variance/files/Q00897.01-0000466334.MSG,Q00897.01-0000466334.MSG,.msg,113664,ok,True,False,text,False,0,0,3,False,0,False,0-10,Name | Phone | Money/Amount,True,Contact Information | Financial Account Information,False,,ambiguous,True,no,3914,likely_non_responsive,,False,False,0,0,0,0,0,0,3.299,True,False,False,stage1_nr,False,,,0,False,,False,,3914
CNG_Data2k_variance/files/Q00897.01-0000896407.PDF,Q00897.01-0000896407.PDF,.pdf,13285,ok,True,False,text,False,2,0,1,False,0,False,0-10,Money/Amount,False,Financial Account Information,False,,clear_non_responsive,False,,0,likely_non_responsive,,False,False,0,0,0,0,0,0,0.151,True,False,False,stage1_nr,False,,,0,False,,False,,0
CNG_Data2k_variance/files/Q00897.01-0000856363.PDF,Q00897.01-0000856363.PDF,.pdf,61146,ok,True,True,text,True,1,0,8,False,1,False,0-10,Name | Bank/Account Number | Money/Amount,True,Financial Account Information,False,,ambiguous,True,yes,6754,standard,bde_llm_count,True,True,1,0,0,0,0,1,8.388,False,False,True,,True,clear_yes,yes,3867,False,standard,False,,10621
CNG_Data2k_variance/files/Q00897.01-0000139039.PDF,Q00897.01-0000139039.PDF,.pdf,2667654,ok,True,True,text,True,15,0,216,False,0,False,100+,Name | Address | Email | Phone | Money/Amount,True,Contact Information | Financial Account Information,False,,ambiguous,True,yes,20009,standard,bde_llm_count,True,True,15,0,0,0,0,1,13.564,False,False,True,,True,likely_no,no,10418,True,likely_non_responsive,True,,30427
CNG_Data2k_variance/files/Q00897.01-0000484068.MSG,Q00897.01-0000484068.MSG,.msg,38400,ok,True,False,text,False,0,0,10,False,6,False,0-10,Name | Email | Money/Amount | Work-Related,True,Contact Information | Financial Account Information | Work-Related Information,False,,ambiguous,True,yes,9157,standard,bde_llm_count,False,False,0,0,0,0,0,0,4.588,False,False,True,,True,likely_no,no,5033,False,likely_non_responsive,True,,14190
CNG_Data2k_variance/files/Q00897.01-0000658138.0002.PDF,Q00897.01-0000658138.0002.PDF,.pdf,466837,ok,True,True,text,True,3,0,134,False,0,False,100+,Money/Amount,False,Financial Account Information,False,,ambiguous,True,no,12389,likely_non_responsive,bde_llm_count,True,True,3,0,0,0,0,1,9.442,True,False,False,stage1_nr,False,,,0,False,,False,,12389
CNG_Data2k_variance/files/Q00897.01-0000548902.0001.XLSX,Q00897.01-0000548902.0001.XLSX,.xlsx,102532,ok,True,True,text,True,6,0,225,False,225,True,100+,Name | Phone | Payment Card | Money/Amount,True,Contact Information | Financial Account Information,True,,ambiguous,True,yes,10662,structured_bde,bde_llm_count_roster,False,False,0,0,0,0,0,0,7.048,False,True,True,,True,likely_no,no,5832,True,likely_non_responsive,True,,16494
CNG_Data2k_variance/files/Q00897.01-0000903156.PDF,Q00897.01-0000903156.PDF,.pdf,21863,ok,True,True,text,True,3,0,44,False,2,False,20-50,Name | Address | Phone | Money/Amount | Work-Related,True,Contact Information | Financial Account Information | Work-Related Information,False,,ambiguous,True,yes,9186,standard,bde_llm_count_roster,True,True,3,0,0,0,0,1,12.003,False,False,True,,True,clear_yes,yes,5062,False,standard,False,,14248
CNG_Data2k_variance/files/Q00897.01-0000914242.PDF,Q00897.01-0000914242.PDF,.pdf,6833,ok,True,False,text,False,3,0,1,False,0,False,0-10,Name | Address | Phone | Money/Amount,True,Contact Information | Financial Account Information,False,,ambiguous,True,yes,5658,standard,,False,False,0,0,0,0,0,0,2.892,False,False,True,,True,likely_yes,yes,5721,False,standard,False,,11379
CNG_Data2k_variance/files/Q00897.01-0000118565.PDF,Q00897.01-0000118565.PDF,.pdf,135791,ok,True,False,text,False,1,0,2,False,0,False,0-10,Name | Health | Work-Related,True,Health-Related Information | Work-Related Information,False,,ambiguous,True,yes,4390,standard,,False,False,0,0,0,0,0,0,3.142,False,False,True,,True,likely_yes,yes,4440,False,standard,False,,8830
CNG_Data2k_variance/files/Q00897.01-0000776299.0001.DOCX,Q00897.01-0000776299.0001.DOCX,.docx,56334,ok,True,False,text,False,0,0,3,False,0,False,0-10,Address | Phone | Tax ID | Account Balance | Money/Amount | Health | Work-Related,True,Contact Information | Government-Issued Identification | Financial Account Information | Health-Related Information | Work-Related Information,False,,ambiguous,True,no,8480,likely_non_responsive,,False,False,0,0,0,0,0,0,2.402,True,False,False,stage1_nr,False,,,0,False,,False,,8480
CNG_Data2k_variance/files/Q00897.01-0000654459.MSG,Q00897.01-0000654459.MSG,.msg,192512,ok,True,False,text,False,0,4,8,False,5,False,0-10,Name | Address | Email | Phone | Money/Amount,True,Contact Information | Financial Account Information,False,,ambiguous,True,yes,12775,standard,bde_llm_count,False,False,0,0,0,0,0,0,7.296,False,False,True,,True,likely_no,no,6847,False,likely_non_responsive,True,,19622
CNG_Data2k_variance/files/Q00897.01-0000005965.PDF,Q00897.01-0000005965.PDF,.pdf,91993,ok,True,False,text,False,1,0,1,False,0,False,0-10,Name | Phone | Bank/Account Number,True,Contact Information | Financial Account Information,False,,ambiguous,True,yes,3819,standard,,True,True,1,0,0,0,0,1,7.684,False,False,True,,True,likely_yes,yes,3877,False,standard,False,,7696
CNG_Data2k_variance/files/Q00897.01-0000467114.MSG,Q00897.01-0000467114.MSG,.msg,457216,ok,True,False,text,False,0,3,3,False,0,False,0-10,Name | Address | Email | Phone | Money/Amount,True,Contact Information | Financial Account Information,False,,ambiguous,True,yes,4441,standard,,False,False,0,0,0,0,0,0,3.825,False,False,True,,True,likely_no,no,4519,False,likely_non_responsive,True,,8960
CNG_Data2k_variance\files\Q00897.01-0000011697.XLS,Q00897.01-0000011697.XLS,.xls,70372,ok,True,True,text,True,2,0,9,False,9,False,0-10,Name | Money/Amount,False,Financial Account Information,False,,ambiguous,True,yes,7874,standard,bde_llm_count_roster,False,False,0,0,0,0,0,0,4.601,False,False,True,,True,clear_yes,yes,4432,False,standard,False,,12306
CNG_Data2k_variance/files/Q00897.01-0000716511.MSG,Q00897.01-0000716511.MSG,.msg,153088,ok,True,False,text,False,0,0,2,False,0,False,0-10,Name | Address | Email | Phone,True,Contact Information,False,,ambiguous,True,no,4002,likely_non_responsive,,False,False,0,0,0,0,0,0,1.233,True,False,False,stage1_nr,False,,,0,False,,False,,4002
CNG_Data2k_variance/files/Q00897.01-0000778568.MSG,Q00897.01-0000778568.MSG,.msg,460288,ok,True,False,text,False,0,1,1,False,0,False,0-10,Name | Card Expiry/CVV,False,Financial Account Information,False,,ambiguous,True,yes,4087,standard,,False,False,0,0,0,0,0,0,4.033,False,False,True,,True,likely_no,no,4163,False,likely_non_responsive,True,,8250
CNG_Data2k_variance/files/Q00897.01-0000789147.0001.PDF,Q00897.01-0000789147.0001.PDF,.pdf,43921,ok,True,False,text,False,1,0,2,False,0,False,0-10,Name | Address | Email | Phone | Bank/Account Number | Money/Amount,True,Contact Information | Financial Account Information,False,,ambiguous,True,yes,4146,standard,,False,False,0,0,0,0,0,0,3.315,False,False,True,,True,clear_no,no,4171,False,likely_non_responsive,True,,8317
CNG_Data2k_variance/files/Q00897.01-0000112542.PDF,Q00897.01-0000112542.PDF,.pdf,29585,ok,True,False,text,False,1,0,1,False,0,False,0-10,Name | Address | Phone,True,Contact Information,False,,ambiguous,True,yes,4553,standard,"img_ocr:none(1 calls,0 chars)",False,False,0,1,1,0,0,1,7.504,False,False,True,,True,clear_yes,yes,4573,False,standard,False,,9126
CNG_Data2k_variance/files/Q00897.01-0000862162.XLSX,Q00897.01-0000862162.XLSX,.xlsx,22089,ok,True,True,text,True,1,0,118,False,33,True,100+,Phone | SSN | Payment Card | Money/Amount,True,Contact Information | Government-Issued Identification | Financial Account Information,True,,clear_responsive,False,,6730,structured_bde,bde_llm_count_roster,False,False,0,0,0,0,0,0,4.168,False,True,True,,True,clear_yes,yes,7787,True,structured_bde,False,,14517
CNG_Data2k_variance/files/Q00897.01-0000834832.0001.PDF,Q00897.01-0000834832.0001.PDF,.pdf,216879,ok,True,False,text,False,1,0,0,False,0,False,0-10,,False,,False,,clear_non_responsive,False,,0,likely_non_responsive,,True,True,1,0,0,0,0,1,5.904,True,False,False,stage1_nr,False,,,0,False,,False,,0
CNG_Data2k_variance/files/Q00897.01-0000791279.MSG,Q00897.01-0000791279.MSG,.msg,151552,ok,True,False,text,False,0,0,3,False,0,False,0-10,Name | Address | Email | Phone | Money/Amount,True,Contact Information | Financial Account Information,False,,ambiguous,True,yes,4581,standard,,False,False,0,0,0,0,0,0,3.78,False,False,True,,True,likely_yes,yes,4647,False,standard,False,,9228
CNG_Data2k_variance/files/Q00897.01-0000694761.MSG,Q00897.01-0000694761.MSG,.msg,174080,ok,True,False,text,False,0,1,4,False,0,False,0-10,Name | Address | Email | Phone,True,Contact Information,False,,ambiguous,True,yes,4176,standard,,False,False,0,0,0,0,0,0,3.934,False,False,True,,True,likely_yes,yes,4274,False,standard,False,,8450
CNG_Data2k_variance/files/Q00897.01-0000107012.XLSX,Q00897.01-0000107012.XLSX,.xlsx,30284,ok,True,True,text,True,2,0,105,False,0,False,100+,Phone | Payment Card | Money/Amount,True,Contact Information | Financial Account Information,False,,ambiguous,True,no,8551,likely_non_responsive,roster_by_rowcount bde_llm_count,False,False,0,0,0,0,0,0,2.84,True,False,False,stage1_nr,False,,,0,False,,False,,8551
CNG_Data2k_variance/files/Q00897.01-0000796949.MSG,Q00897.01-0000796949.MSG,.msg,222208,ok,True,False,text,False,0,0,8,False,3,False,0-10,Name | Address | Email | Phone | Money/Amount,True,Contact Information | Financial Account Information,False,,ambiguous,True,yes,10378,standard,bde_llm_count,False,False,0,0,0,0,0,0,7.244,False,False,True,,True,likely_no,no,5639,False,likely_non_responsive,True,,16017
CNG_Data2k_variance/files/Q00897.01-0000414471.MSG,Q00897.01-0000414471.MSG,.msg,2560512,ok,True,False,text,False,0,2,1,False,0,False,0-10,Name | Address | Email | Phone,True,Contact Information,False,,ambiguous,True,no,4314,likely_non_responsive,,False,False,0,0,0,0,0,0,1.278,True,False,False,stage1_nr,False,,,0,False,,False,,4314
CNG_Data2k_variance/files/Q00897.01-0000438807.MSG,Q00897.01-0000438807.MSG,.msg,161280,ok,True,False,text,False,0,1,15,False,10,False,10-20,Name | Address | Email | Phone | Money/Amount,True,Contact Information | Financial Account Information,False,,ambiguous,True,yes,15036,standard,bde_llm_count,False,False,0,0,0,0,0,0,6.068,False,False,True,,True,likely_no,no,7989,False,likely_non_responsive,True,,23025
CNG_Data2k_variance/files/Q00897.01-0000867199.PDF,Q00897.01-0000867199.PDF,.pdf,92385,ok,True,False,text,False,2,0,2,False,0,False,0-10,Name | Address | Phone,True,Contact Information,False,,ambiguous,True,yes,5153,standard,,False,False,0,0,0,0,0,0,3.084,False,False,True,,True,clear_yes,yes,5212,False,standard,False,,10365
CNG_Data2k_variance/files/Q00897.01-0000843209.MSG,Q00897.01-0000843209.MSG,.msg,33792,error,False,False,,False,0,0,0,False,0,False,,,False,,False,,,False,,0,review_error,KeyError,False,False,0,0,0,0,0,0,0.386,False,False,False,extract_error,False,,,0,False,,False,,0
CNG_Data2k_variance/files/Q00897.01-0000341619.PDF,Q00897.01-0000341619.PDF,.pdf,121682,ok,True,True,text,True,3,0,35,False,1,False,20-50,Name | Address | Money/Amount | Student ID,True,Contact Information | Financial Account Information | Student-Related Information,False,,ambiguous,True,yes,7768,standard,bde_llm_count,True,True,3,0,0,0,0,1,10.667,False,False,True,,True,likely_no,no,4373,False,likely_non_responsive,True,,12141
CNG_Data2k_variance/files/Q00897.01-0000887634.PDF,Q00897.01-0000887634.PDF,.pdf,6242,ok,True,False,text,False,2,0,10,False,10,False,0-10,Name | Phone | Money/Amount,True,Contact Information | Financial Account Information,False,,ambiguous,True,yes,9071,standard,bde_llm_count_roster,False,False,0,0,0,0,0,0,64.179,False,False,True,,True,likely_yes,yes,4989,False,standard,False,,14060
CNG_Data2k_variance/files/Q00897.01-0000436206.MSG,Q00897.01-0000436206.MSG,.msg,176128,ok,True,False,text,False,0,1,11,False,7,False,10-20,Name | Address | Email | Phone | Money/Amount,True,Contact Information | Financial Account Information,False,,ambiguous,True,yes,11131,standard,bde_llm_count,False,False,0,0,0,0,0,0,7.426,False,False,True,,True,likely_no,no,5971,False,likely_non_responsive,True,,17102
CNG_Data2k_variance/files/Q00897.01-0000426315.0001.XLSX,Q00897.01-0000426315.0001.XLSX,.xlsx,1873867,ok,True,True,text,True,74,0,669,False,0,True,100+,Address | Phone | Payment Card | Money/Amount | Work-Related,True,Contact Information | Financial Account Information | Work-Related Information,True,,ambiguous,True,no,19046,structured_bde,bde_llm_count_roster,False,False,0,0,0,0,0,0,5.626,False,True,True,,True,clear_no,no,9957,True,likely_non_responsive,True,,29003
CNG_Data2k_variance/files/Q00897.01-0000376104.MSG,Q00897.01-0000376104.MSG,.msg,218112,ok,True,False,text,False,0,0,4,False,0,False,0-10,Name | Address | Email | Phone | Money/Amount,True,Contact Information | Financial Account Information,False,,ambiguous,True,yes,4848,standard,,False,False,0,0,0,0,0,0,4.589,False,False,True,,True,clear_no,no,4880,False,likely_non_responsive,True,,9728
CNG_Data2k_variance/files/Q00897.01-0000897330.PDF,Q00897.01-0000897330.PDF,.pdf,71239,ok,True,False,text,False,14,0,2,False,0,False,0-10,Address | SSN | Money/Amount | Work-Related,True,Contact Information | Government-Issued Identification | Financial Account Information | Work-Related Information,False,,clear_responsive,False,,0,standard,,False,False,0,0,0,0,0,0,2.629,False,False,True,,True,clear_yes,yes,14250,False,standard,False,,14250
CNG_Data2k_variance/files/Q00897.01-0000344491.PDF,Q00897.01-0000344491.PDF,.pdf,15602,ok,True,False,text,False,3,0,1,False,0,False,0-10,Address | Money/Amount,True,Contact Information | Financial Account Information,False,,ambiguous,True,yes,4975,standard,,False,False,0,0,0,0,0,0,2.785,False,False,True,,True,clear_yes,yes,5015,False,standard,False,,9990
CNG_Data2k_variance/files/Q00897.01-0000541375.0001.PDF,Q00897.01-0000541375.0001.PDF,.pdf,22703,ok,True,False,text,False,1,0,1,False,0,False,0-10,Money/Amount,False,Financial Account Information,False,,clear_non_responsive,False,,0,likely_non_responsive,,False,False,0,0,0,0,0,0,0.039,True,False,False,stage1_nr,False,,,0,False,,False,,0
CNG_Data2k_variance/files/Q00897.01-0000227270.PDF,Q00897.01-0000227270.PDF,.pdf,93072,ok,True,False,text,False,1,0,3,False,0,False,0-10,Name | Address | Phone | Money/Amount,True,Contact Information | Financial Account Information,False,,ambiguous,True,yes,4095,standard,"img_ocr:p1,p1(2/2,+35chars)",False,False,0,2,2,2,0,2,11.281,False,False,True,,True,clear_no,no,4163,False,likely_non_responsive,True,,8258
CNG_Data2k_variance/files/Q00897.01-0000230789.TXT,Q00897.01-0000230789.TXT,.txt,40553,ok,True,False,text,False,0,0,1,False,0,False,0-10,Phone | Money/Amount,True,Contact Information | Financial Account Information,False,,ambiguous,True,no,14498,likely_non_responsive,,False,False,0,0,0,0,0,0,1.522,True,False,False,stage1_nr,False,,,0,False,,False,,14498
CNG_Data2k_variance/files/Q00897.01-0000616152.MSG,Q00897.01-0000616152.MSG,.msg,354304,ok,True,False,text,False,0,7,7,False,7,False,0-10,Name | Address | Email | Phone,True,Contact Information,False,,ambiguous,True,yes,9857,standard,bde_llm_count,False,False,0,0,0,0,0,0,6.526,False,False,True,,True,likely_no,no,5361,False,likely_non_responsive,True,,15218
CNG_Data2k_variance/files/Q00897.01-0000673030.MSG,Q00897.01-0000673030.MSG,.msg,126976,ok,True,False,text,False,0,1,1,False,0,False,0-10,Name | Money/Amount,True,Financial Account Information,False,,ambiguous,True,no,3762,likely_non_responsive,,False,False,0,0,0,0,0,0,0.985,True,False,False,stage1_nr,False,,,0,False,,False,,3762
CNG_Data2k_variance/files/Q00897.01-0000810349.0001.XLSX,Q00897.01-0000810349.0001.XLSX,.xlsx,58044,ok,True,True,text,True,6,0,577,False,0,True,100+,Address | Money/Amount,True,Contact Information | Financial Account Information,True,,ambiguous,True,yes,9234,structured_bde,roster_by_rowcount bde_llm_count_roster,False,False,0,0,0,0,0,0,3.861,False,True,True,,True,clear_no,no,5064,True,likely_non_responsive,True,,14298
CNG_Data2k_variance/files/Q00897.01-0000657341.0001.XLSX,Q00897.01-0000657341.0001.XLSX,.xlsx,15872,ok,True,True,text,True,1,0,1,False,0,False,0-10,Phone | Money/Amount,True,Contact Information | Financial Account Information,False,,ambiguous,True,no,7810,likely_non_responsive,bde_llm_count,False,False,0,0,0,0,0,0,2.177,True,False,False,stage1_nr,False,,,0,False,,False,,7810
CNG_Data2k_variance/files/Q00897.01-0000897194.PDF,Q00897.01-0000897194.PDF,.pdf,13777,ok,True,False,text,False,2,0,1,False,0,False,0-10,Money/Amount,False,Financial Account Information,False,,clear_non_responsive,False,,0,likely_non_responsive,,False,False,0,0,0,0,0,0,0.163,True,False,False,stage1_nr,False,,,0,False,,False,,0
CNG_Data2k_variance/files/Q00897.01-0000003729.PDF,Q00897.01-0000003729.PDF,.pdf,57185,ok,True,False,text,False,3,0,1,False,0,False,0-10,Name | Family,True,Family Information,False,,ambiguous,True,yes,3911,standard,,False,False,0,0,0,0,0,0,4.536,False,False,True,,True,borderline,no,3949,False,likely_non_responsive,True,,7860
CNG_Data2k_variance/files/Q00897.01-0000915838.PDF,Q00897.01-0000915838.PDF,.pdf,211703,ok,True,False,text,False,2,0,1,False,0,False,0-10,Name | Phone | Money/Amount,True,Contact Information | Financial Account Information,False,,ambiguous,True,yes,4317,standard,,False,False,0,0,0,0,0,0,3.03,False,False,True,,True,likely_no,no,4368,False,likely_non_responsive,True,,8685
CNG_Data2k_variance/files/Q00897.01-0000489362.MSG,Q00897.01-0000489362.MSG,.msg,166400,ok,True,False,text,False,0,4,0,False,0,False,0-10,,False,,False,,clear_non_responsive,False,,0,likely_non_responsive,,False,False,0,0,0,0,0,0,0.687,True,False,False,stage1_nr,False,,,0,False,,False,,0
CNG_Data2k_variance/files/Q00897.01-0000529064.0001.PDF,Q00897.01-0000529064.0001.PDF,.pdf,22596,ok,True,False,text,False,1,0,1,False,0,False,0-10,Money/Amount,False,Financial Account Information,False,,clear_non_responsive,False,,0,likely_non_responsive,,False,False,0,0,0,0,0,0,0.029,True,False,False,stage1_nr,False,,,0,False,,False,,0
CNG_Data2k_variance/files/Q00897.01-0000451215.0001.PDF,Q00897.01-0000451215.0001.PDF,.pdf,289130,ok,True,False,text,False,25,0,1,False,0,False,0-10,Name | Address | Money/Amount | Health | Work-Related,True,Contact Information | Financial Account Information | Health-Related Information | Work-Related Information,False,,ambiguous,True,no,8952,likely_non_responsive,,False,False,0,0,0,0,0,0,2.795,True,False,False,stage1_nr,False,,,0,False,,False,,8952
CNG_Data2k_variance/files/Q00897.01-0000367948.MSG,Q00897.01-0000367948.MSG,.msg,256512,ok,True,False,text,False,0,0,3,False,0,False,0-10,Address | Email,True,Contact Information,False,,ambiguous,True,no,4272,likely_non_responsive,,False,False,0,0,0,0,0,0,2.508,True,False,False,stage1_nr,False,,,0,False,,False,,4272
CNG_Data2k_variance/files/Q00897.01-0000721600.MSG,Q00897.01-0000721600.MSG,.msg,217600,ok,True,False,text,False,0,2,2,False,0,False,0-10,Name | Address | Email | Phone | Money/Amount | Health,True,Contact Information | Financial Account Information | Health-Related Information,False,,ambiguous,True,yes,4462,standard,,False,False,0,0,0,0,0,0,4.131,False,False,True,,True,likely_no,no,4503,False,likely_non_responsive,True,,8965
CNG_Data2k_variance/files/Q00897.01-0000897166.PDF,Q00897.01-0000897166.PDF,.pdf,13784,ok,True,False,text,False,2,0,1,False,0,False,0-10,Money/Amount,False,Financial Account Information,False,,clear_non_responsive,False,,0,likely_non_responsive,,False,False,0,0,0,0,0,0,0.273,True,False,False,stage1_nr,False,,,0,False,,False,,0
CNG_Data2k_variance/files/Q00897.01-0000544605.0001.XLSX,Q00897.01-0000544605.0001.XLSX,.xlsx,86520,ok,True,True,text,True,4,0,109,False,24,True,100+,Name | Phone | Money/Amount,True,Contact Information | Financial Account Information,True,,ambiguous,True,yes,9959,structured_bde,bde_llm_count_roster,False,False,0,0,0,0,0,0,9.845,False,True,True,,True,likely_no,no,5503,True,likely_non_responsive,True,,15462
CNG_Data2k_variance/files/Q00897.01-0000380961.0002.XLSX,Q00897.01-0000380961.0002.XLSX,.xlsx,30610,ok,True,True,text,True,2,0,125,False,125,True,100+,Name | Card/Transaction,False,Financial Account Information,True,,ambiguous,True,no,8205,structured_bde,bde_llm_count_roster,False,False,0,0,0,0,0,0,6.743,False,True,True,,True,clear_no,no,4434,True,likely_non_responsive,True,,12639
CNG_Data2k_variance/files/Q00897.01-0000811040.0001.PDF,Q00897.01-0000811040.0001.PDF,.pdf,236239,ok,True,False,text,False,5,0,2,False,0,False,0-10,Name,False,,False,,ambiguous,True,no,5183,likely_non_responsive,,False,False,0,0,0,0,0,0,1.455,True,False,False,stage1_nr,False,,,0,False,,False,,5183
CNG_Data2k_variance/files/Q00897.01-0000445390.MSG,Q00897.01-0000445390.MSG,.msg,455168,ok,True,False,text,False,0,1,4,False,0,False,0-10,Name | Address | Email | Money/Amount,True,Contact Information | Financial Account Information,False,,ambiguous,True,no,3975,likely_non_responsive,,False,False,0,0,0,0,0,0,1.455,True,False,False,stage1_nr,False,,,0,False,,False,,3975
CNG_Data2k_variance/files/Q00897.01-0000454321.0001.DOCX,Q00897.01-0000454321.0001.DOCX,.docx,30124,ok,True,False,text,False,0,0,4,False,0,False,0-10,Name | Phone,True,Contact Information,False,,ambiguous,True,no,3881,likely_non_responsive,,False,False,0,0,0,0,0,0,1.517,True,False,False,stage1_nr,False,,,0,False,,False,,3881
CNG_Data2k_variance/files/Q00897.01-0000669108.MSG,Q00897.01-0000669108.MSG,.msg,315392,ok,True,False,text,False,0,1,3,False,0,False,0-10,Name | Phone,True,Contact Information,False,,ambiguous,True,no,3729,likely_non_responsive,,False,False,0,0,0,0,0,0,1.627,True,False,False,stage1_nr,False,,,0,False,,False,,3729
CNG_Data2k_variance/files/Q00897.01-0000892287.PDF,Q00897.01-0000892287.PDF,.pdf,203654,ok,True,False,text,False,30,0,12,False,5,False,10-20,Address | Phone | SSN | Money/Amount | Work-Related,True,Contact Information | Government-Issued Identification | Financial Account Information | Work-Related Information,False,,clear_responsive,False,,13778,standard,bde_llm_count_roster,False,False,0,0,0,0,0,0,9.057,False,False,True,,True,clear_yes,yes,14780,False,standard,False,,28558
CNG_Data2k_variance/files/Q00897.01-0000891174.PDF,Q00897.01-0000891174.PDF,.pdf,53265,ok,True,False,text,False,12,0,100,False,100,True,50-100,Name | Phone | Money/Amount,True,Contact Information | Financial Account Information,True,,ambiguous,True,yes,21349,bde,bde_llm_count_roster,False,False,0,0,0,0,0,0,15.804,False,True,True,,True,likely_yes,yes,11483,True,bde,False,,32832
CNG_Data2k_variance/files/Q00897.01-0000715995.MSG,Q00897.01-0000715995.MSG,.msg,194048,ok,True,False,text,False,0,0,2,False,0,False,0-10,Name | Address | Email,True,Contact Information,False,,ambiguous,True,yes,4627,standard,,False,False,0,0,0,0,0,0,2.659,False,False,True,,True,likely_no,no,4675,False,likely_non_responsive,True,,9302
CNG_Data2k_variance/files/Q00897.01-0000699931.MSG,Q00897.01-0000699931.MSG,.msg,317952,ok,True,False,text,False,0,0,5,False,0,False,0-10,Email | Phone | Money/Amount | Health | Work-Related,True,Contact Information | Financial Account Information | Health-Related Information | Work-Related Information,False,,ambiguous,True,no,5894,likely_non_responsive,,False,False,0,0,0,0,0,0,3.157,True,False,False,stage1_nr,False,,,0,False,,False,,5894
CNG_Data2k_variance/files/Q00897.01-0000669073.0002.PDF,Q00897.01-0000669073.0002.PDF,.pdf,11953,ok,True,False,text,False,11,0,3,False,0,False,0-10,Name | Address | Phone | Bank/Account Number | Money/Amount,True,Contact Information | Financial Account Information,False,,ambiguous,True,yes,5250,standard,,False,False,0,0,0,0,0,0,4.054,False,False,True,,True,clear_no,no,5268,False,likely_non_responsive,True,,10518
CNG_Data2k_variance/files/Q00897.01-0000613392.0001.PDF,Q00897.01-0000613392.0001.PDF,.pdf,5071588,ok,True,False,text,False,43,0,1,False,0,False,0-10,Name | Email | Money/Amount,True,Contact Information | Financial Account Information,False,,ambiguous,True,no,9960,likely_non_responsive,"img_ocr:none(6 calls,0 chars)",False,False,0,6,6,0,0,6,32.062,True,False,False,stage1_nr,False,,,0,False,,False,,9960
CNG_Data2k_variance/files/Q00897.01-0000324543.XLSX,Q00897.01-0000324543.XLSX,.xlsx,27771,ok,True,True,text,True,1,0,4,False,0,False,0-10,Phone | SSN | Payment Card | Money/Amount,True,Contact Information | Government-Issued Identification | Financial Account Information,False,,clear_responsive,False,,3510,standard,bde_llm_count,False,False,0,0,0,0,0,0,2.814,False,False,True,,True,likely_no,no,4399,False,likely_non_responsive,True,,7909
CNG_Data2k_variance/files/Q00897.01-0000316759.PDF,Q00897.01-0000316759.PDF,.pdf,1496784,ok,True,False,text,False,1,0,1,False,0,False,0-10,Money/Amount | Demographic,False,Financial Account Information | Demographic Information,False,,ambiguous,True,no,4353,likely_non_responsive,"img_ocr:p1,p1,p1,p1,p1,p1,p1,p1,p1(9/14,+168chars)",False,False,0,14,14,9,0,14,60.049,True,False,False,stage1_nr,False,,,0,False,,False,,4353
CNG_Data2k_variance/files/Q00897.01-0000701122.MSG,Q00897.01-0000701122.MSG,.msg,291840,ok,True,False,text,False,0,0,1,False,0,False,0-10,Address | Email,True,Contact Information,False,,ambiguous,True,no,4519,likely_non_responsive,,False,False,0,0,0,0,0,0,2.425,True,False,False,stage1_nr,False,,,0,False,,False,,4519
CNG_Data2k_variance/files/Q00897.01-0000109874.XLSX,Q00897.01-0000109874.XLSX,.xlsx,808054,ok,True,True,text,True,29,0,204,False,0,False,100+,Money/Amount,False,Financial Account Information,False,,ambiguous,True,no,7719,likely_non_responsive,bde_llm_count,False,False,0,0,0,0,0,0,3.705,True,False,False,stage1_nr,False,,,0,False,,False,,7719
CNG_Data2k_variance/files/Q00897.01-0000413804.0002.0003.PDF,Q00897.01-0000413804.0002.0003.PDF,.pdf,387473,ok,True,False,text,False,1,0,1,False,0,False,0-10,Name | Address | Phone,True,Contact Information,False,,ambiguous,True,no,4007,likely_non_responsive,,False,False,0,0,0,0,0,0,1.029,True,False,False,stage1_nr,False,,,0,False,,False,,4007
CNG_Data2k_variance/files/Q00897.01-0000863835.PDF,Q00897.01-0000863835.PDF,.pdf,245642,ok,True,False,text,False,4,0,5,False,0,False,0-10,Name | Phone | Money/Amount,True,Contact Information | Financial Account Information,False,,ambiguous,True,yes,8239,standard,,False,False,0,0,0,0,0,0,4.031,False,False,True,,True,likely_no,no,8309,False,likely_non_responsive,True,,16548
CNG_Data2k_variance/files/Q00897.01-0000909631.PDF,Q00897.01-0000909631.PDF,.pdf,2744976,ok,True,False,text,False,516,0,495,False,495,True,100+,Name | Address | Phone | SSN | Money/Amount | Work-Related,True,Contact Information | Government-Issued Identification | Financial Account Information | Work-Related Information,True,,clear_responsive,False,,12946,bde,"img_ocr:p1,p1,p1,p1,p1,p6,p6,p7,p9,p11,p22,p24,p29(13/14,+355chars) bde_llm_count_roster",False,False,0,14,14,13,0,14,92.581,False,True,True,,True,clear_yes,yes,13981,True,bde,False,,26927
CNG_Data2k_variance/files/Q00897.01-0000466583.MSG,Q00897.01-0000466583.MSG,.msg,125440,ok,True,False,text,False,0,0,15,False,15,False,10-20,Name | Address | Email | Phone | Money/Amount,True,Contact Information | Financial Account Information,False,,ambiguous,True,yes,9457,standard,bde_llm_count,False,False,0,0,0,0,0,0,7.213,False,False,True,,True,clear_no,no,5152,False,likely_non_responsive,True,,14609
CNG_Data2k_variance/files/Q00897.01-0000620055.MSG,Q00897.01-0000620055.MSG,.msg,130048,ok,True,False,text,False,0,1,11,False,6,False,10-20,Name | Address | Email | Phone | Money/Amount,True,Contact Information | Financial Account Information,False,,ambiguous,True,yes,16696,standard,bde_llm_count,False,False,0,0,0,0,0,0,7.767,False,False,True,,True,likely_yes,yes,8849,False,standard,False,,25545
CNG_Data2k_variance/files/Q00897.01-0000267041.XLSX,Q00897.01-0000267041.XLSX,.xlsx,13210,ok,True,True,text,True,1,0,30,False,0,False,20-50,Phone | Money/Amount,True,Contact Information | Financial Account Information,False,,ambiguous,True,no,10435,likely_non_responsive,bde_llm_count,False,False,0,0,0,0,0,0,2.433,True,False,False,stage1_nr,False,,,0,False,,False,,10435
CNG_Data2k_variance/files/Q00897.01-0000611205.0001.XLSX,Q00897.01-0000611205.0001.XLSX,.xlsx,461896,ok,True,True,text,True,2,0,5500,False,41,True,100+,Name | Address,True,Contact Information,True,,ambiguous,True,yes,9766,structured_bde,roster_by_rowcount bde_llm_count_roster,False,False,0,0,0,0,0,0,14.078,False,True,True,,True,clear_yes,yes,5464,True,structured_bde,False,,15230
CNG_Data2k_variance/files/Q00897.01-0000788968.MSG,Q00897.01-0000788968.MSG,.msg,140288,ok,True,False,text,False,0,0,5,False,0,False,0-10,Name | Address | Email | Phone | Money/Amount,True,Contact Information | Financial Account Information,False,,ambiguous,True,yes,4932,standard,,False,False,0,0,0,0,0,0,3.885,False,False,True,,True,likely_no,no,5004,False,likely_non_responsive,True,,9936
CNG_Data2k_variance/files/Q00897.01-0000742462.MSG,Q00897.01-0000742462.MSG,.msg,315904,ok,True,False,text,False,0,0,1,False,0,False,0-10,Email | Phone | Money/Amount,True,Contact Information | Financial Account Information,False,,ambiguous,True,no,5062,likely_non_responsive,,False,False,0,0,0,0,0,0,1.87,True,False,False,stage1_nr,False,,,0,False,,False,,5062
CNG_Data2k_variance/files/Q00897.01-0000833809.0001.PDF,Q00897.01-0000833809.0001.PDF,.pdf,590149,ok,True,True,text,True,11,0,5,False,3,False,0-10,Name | Address | Phone | Money/Amount,True,Contact Information | Financial Account Information,False,,ambiguous,True,yes,17139,standard,bde_llm_count,True,True,11,0,0,0,0,1,11.948,False,False,True,,True,borderline,no,9025,False,likely_non_responsive,True,,26164
CNG_Data2k_variance/files/Q00897.01-0000835317.MSG,Q00897.01-0000835317.MSG,.msg,127488,ok,True,False,text,False,0,5,19,False,7,False,10-20,Name | Address | Email | Phone,True,Contact Information,False,,ambiguous,True,yes,12431,standard,bde_llm_count,False,False,0,0,0,0,0,0,7.093,False,False,True,,True,likely_yes,yes,6677,False,standard,False,,19108
CNG_Data2k_variance/files/Q00897.01-0000656441.MSG,Q00897.01-0000656441.MSG,.msg,537088,ok,True,False,text,False,0,6,11,False,7,False,10-20,Name | Address | Email | Phone | Money/Amount,True,Contact Information | Financial Account Information,False,,ambiguous,True,yes,14882,standard,bde_llm_count,False,False,0,0,0,0,0,0,7.706,False,False,True,,True,likely_no,no,7923,False,likely_non_responsive,True,,22805
CNG_Data2k_variance/files/Q00897.01-0000252334.PDF,Q00897.01-0000252334.PDF,.pdf,60752,ok,True,False,text,False,1,0,2,False,0,False,0-10,Name | Money/Amount,True,Financial Account Information,False,,ambiguous,True,no,3832,likely_non_responsive,"img_ocr:p1(1/1,+10chars)",False,False,0,1,1,1,0,1,5.828,True,False,False,stage1_nr,False,,,0,False,,False,,3832
CNG_Data2k_variance/files/Q00897.01-0000305610.PDF,Q00897.01-0000305610.PDF,.pdf,5409519,ok,True,True,text,True,15,0,676,False,0,False,100+,Money/Amount,False,Financial Account Information,False,,ambiguous,True,no,29658,likely_non_responsive,bde_llm_count,True,True,15,0,0,0,0,1,65.046,True,False,False,stage1_nr,False,,,0,False,,False,,29658
CNG_Data2k_variance/files/Q00897.01-0000109157.XLSX,Q00897.01-0000109157.XLSX,.xlsx,7811,ok,True,True,text,True,1,0,4,False,2,False,0-10,Phone | Money/Amount,True,Contact Information | Financial Account Information,False,,ambiguous,True,no,7702,likely_non_responsive,bde_llm_count,False,False,0,0,0,0,0,0,2.56,True,False,False,stage1_nr,False,,,0,False,,False,,7702
CNG_Data2k_variance\files\Q00897.01-0000501798.0001.XLS,Q00897.01-0000501798.0001.XLS,.xls,101954,ok,True,True,text,True,1,0,725,False,2,False,100+,Name | Phone | Money/Amount,True,Contact Information | Financial Account Information,False,,ambiguous,True,yes,14123,standard,roster_by_rowcount bde_llm_count,False,False,0,0,0,0,0,0,4.516,False,False,True,,True,likely_no,no,7521,True,likely_non_responsive,True,,21644
CNG_Data2k_variance/files/Q00897.01-0000842575.MSG,Q00897.01-0000842575.MSG,.msg,325632,ok,True,False,text,False,0,1,5,False,0,False,0-10,Name | Email,True,Contact Information,False,,ambiguous,True,yes,5770,standard,,False,False,0,0,0,0,0,0,3.649,False,False,True,,True,likely_no,no,5840,False,likely_non_responsive,True,,11610
CNG_Data2k_variance/files/Q00897.01-0000253315.XLSX,Q00897.01-0000253315.XLSX,.xlsx,29078,ok,True,True,text,True,1,0,94,False,0,False,50-100,Name | Address | Phone | Money/Amount,True,Contact Information | Financial Account Information,False,,ambiguous,True,no,8023,likely_non_responsive,roster_by_rowcount bde_llm_count,False,False,0,0,0,0,0,0,2.062,True,False,False,stage1_nr,False,,,0,False,,False,,8023
CNG_Data2k_variance\files\Q00897.01-0000850439.DOC,Q00897.01-0000850439.DOC,.doc,22453,ok,True,False,text,False,0,0,0,False,0,False,0-10,,False,,False,,clear_non_responsive,False,,0,likely_non_responsive,,False,False,0,0,0,0,0,0,0.041,True,False,False,stage1_nr,False,,,0,False,,False,,0
CNG_Data2k_variance/files/Q00897.01-0000447752.0001.XLSX,Q00897.01-0000447752.0001.XLSX,.xlsx,421206,ok,True,True,text,True,17,0,51,False,0,False,50-100,Phone | Payment Card | Bank/Account Number | Money/Amount,True,Contact Information | Financial Account Information,False,,ambiguous,True,no,10133,likely_non_responsive,bde_llm_count,False,False,0,0,0,0,0,0,3.256,True,False,False,stage1_nr,False,,,0,False,,False,,10133
CNG_Data2k_variance/files/Q00897.01-0000326818.PDF,Q00897.01-0000326818.PDF,.pdf,408400,ok,True,False,text,False,121,0,3,False,0,False,0-10,Name | Address | Phone | Card/Transaction | Money/Amount,True,Contact Information | Financial Account Information,False,,ambiguous,True,yes,17482,standard,,False,False,0,0,0,0,0,0,9.464,False,False,True,,True,likely_no,no,17514,False,likely_non_responsive,True,,34996
CNG_Data2k_variance/files/Q00897.01-0000898804.PDF,Q00897.01-0000898804.PDF,.pdf,11090,ok,True,False,text,False,2,0,1,False,0,False,0-10,Money/Amount,False,Financial Account Information,False,,clear_non_responsive,False,,0,likely_non_responsive,,False,False,0,0,0,0,0,0,0.078,True,False,False,stage1_nr,False,,,0,False,,False,,0
CNG_Data2k_variance/files/Q00897.01-0000103313.PDF,Q00897.01-0000103313.PDF,.pdf,112150,ok,True,False,text,False,1,0,3,False,0,False,0-10,Name | Phone | Money/Amount,True,Contact Information | Financial Account Information,False,,ambiguous,True,yes,4001,standard,"img_ocr:p1(1/1,+17chars)",False,False,0,1,1,1,0,1,7.338,False,False,True,,True,likely_no,no,4085,False,likely_non_responsive,True,,8086
CNG_Data2k_variance/files/Q00897.01-0000422275.MSG,Q00897.01-0000422275.MSG,.msg,219136,ok,True,False,text,False,0,0,7,False,0,False,0-10,Email | Money/Amount,True,Contact Information | Financial Account Information,False,,ambiguous,True,yes,7491,standard,bde_llm_count,False,False,0,0,0,0,0,0,4.729,False,False,True,,True,likely_no,no,4205,False,likely_non_responsive,True,,11696
CNG_Data2k_variance/files/Q00897.01-0000661922.0001.PDF,Q00897.01-0000661922.0001.PDF,.pdf,215315,ok,True,True,text,True,1,0,1,False,0,False,0-10,Name | Address,True,Contact Information,False,,ambiguous,True,yes,9056,standard,bde_llm_count,True,True,1,0,0,0,0,1,8.585,False,False,True,,True,clear_yes,yes,5004,False,standard,False,,14060
CNG_Data2k_variance/files/Q00897.01-0000369631.MSG,Q00897.01-0000369631.MSG,.msg,212480,ok,True,False,text,False,0,1,1,False,0,False,0-10,Name | Address | Email | Card/Transaction | Money/Amount,True,Contact Information | Financial Account Information,False,,ambiguous,True,yes,4015,standard,,False,False,0,0,0,0,0,0,62.009,False,False,True,,True,likely_no,no,4061,False,likely_non_responsive,True,,8076
CNG_Data2k_variance/files/Q00897.01-0000888126.PDF,Q00897.01-0000888126.PDF,.pdf,15015,ok,True,False,text,False,1,0,1,False,0,False,0-10,Money/Amount,False,Financial Account Information,False,,clear_non_responsive,False,,0,likely_non_responsive,,False,False,0,0,0,0,0,0,0.094,True,False,False,stage1_nr,False,,,0,False,,False,,0
CNG_Data2k_variance/files/Q00897.01-0000256694.PDF,Q00897.01-0000256694.PDF,.pdf,940401,ok,True,False,text,False,4,0,4,False,0,False,0-10,Name | Address | Phone | Bank/Account Number | Account Balance | Money/Amount,True,Contact Information | Financial Account Information,False,,ambiguous,True,yes,5596,standard,,False,False,0,0,0,0,0,0,3.095,False,False,True,,True,clear_yes,yes,5638,False,standard,False,,11234
CNG_Data2k_variance/files/Q00897.01-0000346057.PDF,Q00897.01-0000346057.PDF,.pdf,11950,ok,True,False,text,False,2,0,1,False,0,False,0-10,Money/Amount,False,Financial Account Information,False,,clear_non_responsive,False,,0,likely_non_responsive,,False,False,0,0,0,0,0,0,0.121,True,False,False,stage1_nr,False,,,0,False,,False,,0
CNG_Data2k_variance/files/Q00897.01-0000295207.PDF,Q00897.01-0000295207.PDF,.pdf,506074,ok,True,True,text,True,1,0,5,False,0,False,0-10,Money/Amount,False,Financial Account Information,False,,ambiguous,True,no,6596,likely_non_responsive,bde_llm_count,True,True,1,0,0,0,0,1,6.997,True,False,False,stage1_nr,False,,,0,False,,False,,6596
CNG_Data2k_variance/files/Q00897.01-0000905555.PDF,Q00897.01-0000905555.PDF,.pdf,7362,ok,True,False,text,False,1,0,0,False,0,False,0-10,,False,,False,,clear_non_responsive,False,,0,likely_non_responsive,,False,False,0,0,0,0,0,0,0.027,True,False,False,stage1_nr,False,,,0,False,,False,,0
CNG_Data2k_variance/files/Q00897.01-0000109849.PDF,Q00897.01-0000109849.PDF,.pdf,38013,ok,True,False,text,False,16,0,1,False,0,False,0-10,Phone | Money/Amount,True,Contact Information | Financial Account Information,False,,ambiguous,True,no,5653,likely_non_responsive,,False,False,0,0,0,0,0,0,1.357,True,False,False,stage1_nr,False,,,0,False,,False,,5653
CNG_Data2k_variance/files/Q00897.01-0000594724.MSG,Q00897.01-0000594724.MSG,.msg,1993728,ok,True,False,text,False,0,3,9,False,9,False,0-10,Name | Address | Email | Phone,True,Contact Information,False,,ambiguous,True,yes,8485,standard,bde_llm_count,False,False,0,0,0,0,0,0,6.658,False,False,True,,True,likely_no,no,4668,False,likely_non_responsive,True,,13153
CNG_Data2k_variance/files/Q00897.01-0000276651.PDF,Q00897.01-0000276651.PDF,.pdf,366953,ok,True,True,text,True,1,0,50,False,50,False,20-50,Name | Address | Phone | Tax ID | Money/Amount | Health,True,Contact Information | Government-Issued Identification | Financial Account Information | Health-Related Information,False,,ambiguous,True,no,8374,likely_non_responsive,bde_llm_count_roster,True,True,1,0,0,0,0,1,9.865,True,False,False,stage1_nr,False,,,0,False,,False,,8374
CNG_Data2k_variance/files/Q00897.01-0000697271.MSG,Q00897.01-0000697271.MSG,.msg,156160,ok,True,False,text,False,0,1,3,False,0,False,0-10,Name | Address | Email | Money/Amount | Credentials,True,Contact Information | Financial Account Information | Access Credentials,False,,ambiguous,True,yes,4233,standard,,False,False,0,0,0,0,0,0,7.276,False,False,True,,True,likely_no,no,4289,False,likely_non_responsive,True,,8522
CNG_Data2k_variance/files/Q00897.01-0000017770.PDF,Q00897.01-0000017770.PDF,.pdf,382748,ok,True,True,text,True,2,0,34,False,1,False,20-50,Name | Email | Money/Amount | Work-Related,True,Contact Information | Financial Account Information | Work-Related Information,False,,ambiguous,True,yes,8555,standard,bde_llm_count,True,True,2,0,0,0,0,1,10.589,False,False,True,,True,clear_yes,yes,4741,False,standard,False,,13296
CNG_Data2k_variance/files/Q00897.01-0000894302.PDF,Q00897.01-0000894302.PDF,.pdf,145053,ok,True,False,text,False,21,0,8,False,3,False,0-10,Address | Phone | SSN | Money/Amount | Work-Related,True,Contact Information | Government-Issued Identification | Financial Account Information | Work-Related Information,False,,clear_responsive,False,,13665,standard,bde_llm_count_roster,False,False,0,0,0,0,0,0,7.572,False,False,True,,True,clear_yes,yes,14576,False,standard,False,,28241
CNG_Data2k_variance/files/Q00897.01-0000303945.PDF,Q00897.01-0000303945.PDF,.pdf,651881,ok,True,False,text,False,9,0,4,False,0,False,0-10,Name | Address | Email | Phone | Money/Amount | Health,True,Contact Information | Financial Account Information | Health-Related Information,False,,ambiguous,True,yes,7217,standard,,True,True,9,0,0,0,0,1,10.862,False,False,True,,True,likely_no,no,7302,False,likely_non_responsive,True,,14519
CNG_Data2k_variance/files/Q00897.01-0000482343.0001.DOCX,Q00897.01-0000482343.0001.DOCX,.docx,23222,ok,True,False,text,False,0,0,1,False,0,False,0-10,Money/Amount,False,Financial Account Information,False,,clear_non_responsive,False,,0,likely_non_responsive,,False,False,0,0,0,0,0,0,0.044,True,False,False,stage1_nr,False,,,0,False,,False,,0
CNG_Data2k_variance/files/Q00897.01-0000525407.0001.PDF,Q00897.01-0000525407.0001.PDF,.pdf,738339,ok,True,False,text,False,4,0,1,False,0,False,0-10,Money/Amount,False,Financial Account Information,False,,clear_non_responsive,False,,0,likely_non_responsive,,False,False,0,0,0,0,0,0,3.772,True,False,False,stage1_nr,False,,,0,False,,False,,0
CNG_Data2k_variance/files/Q00897.01-0000909732.PDF,Q00897.01-0000909732.PDF,.pdf,18149,ok,True,False,text,False,3,0,1,False,0,False,0-10,Money/Amount,False,Financial Account Information,False,,clear_non_responsive,False,,0,likely_non_responsive,,False,False,0,0,0,0,0,0,0.085,True,False,False,stage1_nr,False,,,0,False,,False,,0
CNG_Data2k_variance/files/Q00897.01-0000773386.0001.DOCX,Q00897.01-0000773386.0001.DOCX,.docx,107528,ok,True,False,text,False,0,0,2,False,0,False,0-10,Name | Address | Phone | Money/Amount | Health | Work-Related,True,Contact Information | Financial Account Information | Health-Related Information | Work-Related Information,False,,ambiguous,True,yes,4095,standard,,False,False,0,0,0,0,0,0,4.082,False,False,True,,True,clear_yes,yes,4164,False,standard,False,,8259
CNG_Data2k_variance/files/Q00897.01-0000125392.PDF,Q00897.01-0000125392.PDF,.pdf,2331681,ok,True,True,text,True,9,0,144,False,0,False,100+,Name | Address | Phone | Money/Amount,True,Contact Information | Financial Account Information,False,,ambiguous,True,yes,22758,standard,bde_llm_count,True,True,9,0,0,0,0,1,14.447,False,False,True,,True,borderline,no,11919,True,likely_non_responsive,True,,34677
CNG_Data2k_variance/files/Q00897.01-0000797109.MSG,Q00897.01-0000797109.MSG,.msg,698880,ok,True,False,text,False,0,2,6,False,0,False,0-10,Name | Address | Email | Phone | Money/Amount,True,Contact Information | Financial Account Information,False,,ambiguous,True,yes,6871,standard,,False,False,0,0,0,0,0,0,4.965,False,False,True,,True,likely_yes,yes,6948,False,standard,False,,13819
CNG_Data2k_variance/files/Q00897.01-0000916340.PDF,Q00897.01-0000916340.PDF,.pdf,221059,ok,True,False,text,False,2,0,1,False,0,False,0-10,Money/Amount,False,Financial Account Information,False,,clear_non_responsive,False,,0,likely_non_responsive,,False,False,0,0,0,0,0,0,0.168,True,False,False,stage1_nr,False,,,0,False,,False,,0
CNG_Data2k_variance/files/Q00897.01-0000023455.PDF,Q00897.01-0000023455.PDF,.pdf,27539,ok,True,False,text,False,1,0,1,False,0,False,0-10,Money/Amount,False,Financial Account Information,False,,clear_non_responsive,False,,0,likely_non_responsive,"img_ocr:p1,p1,p1,p1(4/4,+4chars)",False,False,0,4,4,4,0,4,16.839,True,False,False,stage1_nr,False,,,0,False,,False,,0
CNG_Data2k_variance/files/Q00897.01-0000484109.MSG,Q00897.01-0000484109.MSG,.msg,41984,ok,True,False,text,False,0,0,8,False,6,False,0-10,Name | Address | Email | Phone | Money/Amount,True,Contact Information | Financial Account Information,False,,ambiguous,True,yes,14118,standard,bde_llm_count,False,False,0,0,0,0,0,0,5.466,False,False,True,,True,likely_yes,yes,7540,False,standard,False,,21658
CNG_Data2k_variance/files/Q00897.01-0000418518.MSG,Q00897.01-0000418518.MSG,.msg,95744,ok,True,False,text,False,0,0,1,False,0,False,0-10,Money/Amount,False,Financial Account Information,False,,clear_non_responsive,False,,0,likely_non_responsive,,False,False,0,0,0,0,0,0,0.372,True,False,False,stage1_nr,False,,,0,False,,False,,0
CNG_Data2k_variance/files/Q00897.01-0000899068.PDF,Q00897.01-0000899068.PDF,.pdf,15363,ok,True,False,text,False,2,0,1,False,0,False,0-10,Money/Amount,False,Financial Account Information,False,,clear_non_responsive,False,,0,likely_non_responsive,,False,False,0,0,0,0,0,0,0.09,True,False,False,stage1_nr,False,,,0,False,,False,,0
CNG_Data2k_variance/files/Q00897.01-0000591837.0001.PDF,Q00897.01-0000591837.0001.PDF,.pdf,21148,ok,True,False,text,False,1,0,0,False,0,False,0-10,,False,,False,,clear_non_responsive,False,,0,likely_non_responsive,,False,False,0,0,0,0,0,0,0.156,True,False,False,stage1_nr,False,,,0,False,,False,,0
CNG_Data2k_variance/files/Q00897.01-0000530381.0001.PDF,Q00897.01-0000530381.0001.PDF,.pdf,22599,ok,True,False,text,False,1,0,1,False,0,False,0-10,Money/Amount,False,Financial Account Information,False,,clear_non_responsive,False,,0,likely_non_responsive,,False,False,0,0,0,0,0,0,0.025,True,False,False,stage1_nr,False,,,0,False,,False,,0
CNG_Data2k_variance/files/Q00897.01-0000702575.MSG,Q00897.01-0000702575.MSG,.msg,100352,ok,True,False,text,False,0,0,4,False,0,False,0-10,Name | Address | Email | Phone,True,Contact Information,False,,ambiguous,True,yes,5564,standard,,False,False,0,0,0,0,0,0,2.586,False,False,True,,True,clear_no,no,5642,False,likely_non_responsive,True,,11206
CNG_Data2k_variance/files/Q00897.01-0000238423.PDF,Q00897.01-0000238423.PDF,.pdf,823934,ok,True,True,text,True,1,0,1,False,1,False,0-10,Name | Address,True,Contact Information,False,,ambiguous,True,yes,9081,standard,bde_llm_count,True,True,1,0,0,0,0,1,9.773,False,False,True,,True,clear_yes,yes,5048,False,standard,False,,14129
CNG_Data2k_variance/files/Q00897.01-0000597548.0002.XLSX,Q00897.01-0000597548.0002.XLSX,.xlsx,13521,ok,True,True,text,True,1,0,0,False,0,False,0-10,Money/Amount,False,Financial Account Information,False,,ambiguous,True,no,8204,structured_unreadable,bde_llm_count,False,False,0,0,0,0,0,0,4.063,False,False,True,,True,clear_no,no,4585,False,likely_non_responsive,True,,12789
CNG_Data2k_variance/files/Q00897.01-0000554886.MSG,Q00897.01-0000554886.MSG,.msg,116224,ok,True,False,text,False,0,0,10,False,9,False,0-10,Name | Email | Phone | Money/Amount,True,Contact Information | Financial Account Information,False,,ambiguous,True,yes,8360,standard,bde_llm_count,False,False,0,0,0,0,0,0,9.633,False,False,True,,True,likely_no,no,4651,False,likely_non_responsive,True,,13011
CNG_Data2k_variance/files/Q00897.01-0000899006.PDF,Q00897.01-0000899006.PDF,.pdf,12826,ok,True,False,text,False,2,0,1,False,0,False,0-10,Money/Amount,False,Financial Account Information,False,,clear_non_responsive,False,,0,likely_non_responsive,,False,False,0,0,0,0,0,0,0.153,True,False,False,stage1_nr,False,,,0,False,,False,,0
CNG_Data2k_variance/files/Q00897.01-0000016923.PDF,Q00897.01-0000016923.PDF,.pdf,116555,ok,True,False,text,False,1,0,2,False,0,False,0-10,Name | Address | Phone | Money/Amount | Work-Related,True,Contact Information | Financial Account Information | Work-Related Information,False,,ambiguous,True,yes,4419,standard,"img_ocr:none(1 calls,0 chars)",False,False,0,1,1,0,0,1,6.915,False,False,True,,True,likely_yes,yes,4459,False,standard,False,,8878
CNG_Data2k_variance/files/Q00897.01-0000283850.PDF,Q00897.01-0000283850.PDF,.pdf,16504,ok,True,False,text,False,1,0,2,False,0,False,0-10,Name | Email | Phone | Money/Amount,True,Contact Information | Financial Account Information,False,,ambiguous,True,yes,4018,standard,,False,False,0,0,0,0,0,0,2.554,False,False,True,,True,likely_no,no,4091,False,likely_non_responsive,True,,8109
CNG_Data2k_variance/files/Q00897.01-0000842950.0001.PDF,Q00897.01-0000842950.0001.PDF,.pdf,453507,ok,True,False,text,False,4,0,1,False,0,False,0-10,Address | Phone | Money/Amount,True,Contact Information | Financial Account Information,False,,ambiguous,True,no,5638,likely_non_responsive,,False,False,0,0,0,0,0,0,1.892,True,False,False,stage1_nr,False,,,0,False,,False,,5638
CNG_Data2k_variance/files/Q00897.01-0000015941.PDF,Q00897.01-0000015941.PDF,.pdf,272854,ok,True,True,text,True,1,0,1,False,1,False,0-10,Name | SSN | Money/Amount,True,Government-Issued Identification | Financial Account Information,False,,clear_responsive,False,,3119,standard,bde_llm_count,True,True,1,0,0,0,0,1,7.314,False,False,True,,True,clear_yes,yes,4002,False,standard,False,,7121
CNG_Data2k_variance/files/Q00897.01-0000020981.PDF,Q00897.01-0000020981.PDF,.pdf,31249,ok,True,False,text,False,3,0,7,False,7,False,0-10,Name | Address | Email | Phone | Money/Amount | Demographic | Work-Related,True,Contact Information | Financial Account Information | Demographic Information | Work-Related Information,False,,ambiguous,True,yes,9609,standard,bde_llm_count_roster,False,False,0,0,0,0,0,0,9.911,False,False,True,,True,clear_yes,yes,5215,False,standard,False,,14824
CNG_Data2k_variance/files/Q00897.01-0000865258.PDF,Q00897.01-0000865258.PDF,.pdf,6213143,ok,True,True,text,True,15,0,287,False,51,True,100+,Phone | SSN | Money/Amount,True,Contact Information | Government-Issued Identification | Financial Account Information,True,,clear_responsive,False,,11300,structured_bde,bde_llm_count_roster,True,True,15,0,0,0,0,1,80.18,False,True,True,,True,clear_yes,yes,12623,True,structured_bde,False,,23923
CNG_Data2k_variance/files/Q00897.01-0000563572.0001.XLSX,Q00897.01-0000563572.0001.XLSX,.xlsx,64485,ok,True,True,text,True,1,0,467,False,0,False,100+,Payment Card | Money/Amount,True,Financial Account Information,False,,ambiguous,True,no,17913,likely_non_responsive,roster_by_rowcount bde_llm_count,False,False,0,0,0,0,0,0,2.974,True,False,False,stage1_nr,False,,,0,False,,False,,17913
CNG_Data2k_variance/files/Q00897.01-0000264818.CSV,Q00897.01-0000264818.CSV,.csv,145011,ok,True,True,text,True,0,0,1232,False,0,False,100+,Payment Card | Card/Transaction,True,Financial Account Information,False,,ambiguous,True,no,11422,likely_non_responsive,roster_by_rowcount bde_llm_count,False,False,0,0,0,0,0,0,2.507,True,False,False,stage1_nr,False,,,0,False,,False,,11422
CNG_Data2k_variance/files/Q00897.01-0000253831.TXT,Q00897.01-0000253831.TXT,.txt,24673,ok,True,False,text,False,0,0,1,False,0,False,0-10,Money/Amount,False,Financial Account Information,False,,clear_non_responsive,False,,0,likely_non_responsive,,False,False,0,0,0,0,0,0,0.038,True,False,False,stage1_nr,False,,,0,False,,False,,0
CNG_Data2k_variance/files/Q00897.01-0000248711.PDF,Q00897.01-0000248711.PDF,.pdf,1071885,ok,True,False,text,False,3,0,1,False,0,False,0-10,Money/Amount,False,Financial Account Information,False,,clear_non_responsive,False,,0,likely_non_responsive,,False,False,0,0,0,0,0,0,0.343,True,False,False,stage1_nr,False,,,0,False,,False,,0
CNG_Data2k_variance/files/Q00897.01-0000809725.0001.DOCX,Q00897.01-0000809725.0001.DOCX,.docx,24695,ok,True,False,text,False,0,0,1,False,0,False,0-10,Name | Health,False,Health-Related Information,False,,ambiguous,True,no,5408,likely_non_responsive,,False,False,0,0,0,0,0,0,1.5,True,False,False,stage1_nr,False,,,0,False,,False,,5408
CNG_Data2k_variance/files/Q00897.01-0000347448.PDF,Q00897.01-0000347448.PDF,.pdf,80971,ok,True,True,text,True,1,0,5,False,1,False,0-10,Name | Address | Phone | Card Expiry/CVV | Health,True,Contact Information | Financial Account Information | Health-Related Information,False,,ambiguous,True,yes,9065,standard,bde_llm_count,True,True,1,0,0,0,0,1,70.895,False,False,True,,True,clear_yes,yes,5025,False,standard,False,,14090
CNG_Data2k_variance/files/Q00897.01-0000005462.PDF,Q00897.01-0000005462.PDF,.pdf,214436,ok,True,False,text,False,2,0,1,False,0,False,0-10,Money/Amount,False,Financial Account Information,False,,clear_non_responsive,False,,0,likely_non_responsive,,False,False,0,0,0,0,0,0,0.151,True,False,False,stage1_nr,False,,,0,False,,False,,0
CNG_Data2k_variance/files/Q00897.01-0000251245.PDF,Q00897.01-0000251245.PDF,.pdf,141269,ok,True,False,text,False,2,0,1,False,0,False,0-10,Address | Money/Amount | Work-Related,True,Contact Information | Financial Account Information | Work-Related Information,False,,ambiguous,True,no,4928,likely_non_responsive,"img_ocr:p2,p2(2/2,+373chars)",False,False,0,2,2,2,0,2,10.187,True,False,False,stage1_nr,False,,,0,False,,False,,4928
CNG_Data2k_variance/files/Q00897.01-0000457525.MSG,Q00897.01-0000457525.MSG,.msg,131072,ok,True,False,text,False,0,2,2,False,0,False,0-10,Name | Address | Email | Phone | Money/Amount,True,Contact Information | Financial Account Information,False,,ambiguous,True,yes,3953,standard,,False,False,0,0,0,0,0,0,3.744,False,False,True,,True,borderline,no,4042,False,likely_non_responsive,True,,7995
CNG_Data2k_variance/files/Q00897.01-0000654461.MSG,Q00897.01-0000654461.MSG,.msg,224768,ok,True,False,text,False,0,1,2,False,0,False,0-10,Name | Address | Email | Phone | Card/Transaction | Money/Amount,True,Contact Information | Financial Account Information,False,,ambiguous,True,no,3955,likely_non_responsive,,False,False,0,0,0,0,0,0,1.359,True,False,False,stage1_nr,False,,,0,False,,False,,3955
CNG_Data2k_variance/files/Q00897.01-0000294501.PDF,Q00897.01-0000294501.PDF,.pdf,1626754,ok,True,False,text,False,10,0,1,False,0,False,0-10,Money/Amount,False,Financial Account Information,False,,clear_non_responsive,False,,0,likely_non_responsive,,False,False,0,0,0,0,0,0,1.706,True,False,False,stage1_nr,False,,,0,False,,False,,0
CNG_Data2k_variance/files/Q00897.01-0000538165.0001.PDF,Q00897.01-0000538165.0001.PDF,.pdf,22661,ok,True,False,text,False,1,0,1,False,0,False,0-10,Money/Amount,False,Financial Account Information,False,,clear_non_responsive,False,,0,likely_non_responsive,,False,False,0,0,0,0,0,0,0.028,True,False,False,stage1_nr,False,,,0,False,,False,,0
CNG_Data2k_variance/files/Q00897.01-0000125197.PDF,Q00897.01-0000125197.PDF,.pdf,3211334,ok,True,True,text,True,15,0,219,False,6,False,100+,Name | Address | Email | Phone | Money/Amount,True,Contact Information | Financial Account Information,False,,ambiguous,True,yes,20942,standard,bde_llm_count,True,True,15,0,0,0,0,1,16.796,False,False,True,,True,likely_yes,yes,10779,True,structured_bde,False,,31721
CNG_Data2k_variance/files/Q00897.01-0000115070.PDF,Q00897.01-0000115070.PDF,.pdf,18885,ok,True,False,text,False,9,0,1,False,0,False,0-10,Card/Transaction | Money/Amount | Work-Related,False,Financial Account Information | Work-Related Information,False,,ambiguous,True,no,10816,likely_non_responsive,,False,False,0,0,0,0,0,0,1.36,True,False,False,stage1_nr,False,,,0,False,,False,,10816
CNG_Data2k_variance/files/Q00897.01-0000224288.PDF,Q00897.01-0000224288.PDF,.pdf,3927549,ok,True,False,text,False,3,0,5,False,0,False,0-10,Name | Email | Phone | Money/Amount,True,Contact Information | Financial Account Information,False,,ambiguous,True,yes,4616,standard,,False,False,0,0,0,0,0,0,3.663,False,False,True,,True,likely_no,no,4683,False,likely_non_responsive,True,,9299
CNG_Data2k_variance/files/Q00897.01-0000801763.0002.DOCX,Q00897.01-0000801763.0002.DOCX,.docx,13898,ok,True,False,text,False,0,0,1,False,0,False,0-10,Name | Money/Amount | Student ID,True,Financial Account Information | Student-Related Information,False,,ambiguous,True,yes,3928,standard,,False,False,0,0,0,0,0,0,7.938,False,False,True,,True,likely_no,no,4022,False,likely_non_responsive,True,,7950
CNG_Data2k_variance/files/Q00897.01-0000813666.MSG,Q00897.01-0000813666.MSG,.msg,294400,ok,True,False,text,False,0,9,10,False,6,False,0-10,Name | Address | Email | Phone | Money/Amount,True,Contact Information | Financial Account Information,False,,ambiguous,True,yes,18930,standard,bde_llm_count,False,False,0,0,0,0,0,0,9.561,False,False,True,,True,likely_yes,yes,10000,False,standard,False,,28930
CNG_Data2k_variance/files/Q00897.01-0000132452.PDF,Q00897.01-0000132452.PDF,.pdf,2504134,ok,True,True,text,True,13,0,58,False,1,False,50-100,Name | Phone | Money/Amount,True,Contact Information | Financial Account Information,False,,ambiguous,True,yes,13352,standard,bde_llm_count,True,True,13,0,0,0,0,1,11.621,False,False,True,,True,likely_no,no,7175,True,likely_non_responsive,True,,20527
CNG_Data2k_variance/files/Q00897.01-0000908411.PDF,Q00897.01-0000908411.PDF,.pdf,90697,ok,True,False,text,False,10,0,0,False,0,False,0-10,,False,,False,,clear_non_responsive,False,,0,likely_non_responsive,,False,False,0,0,0,0,0,0,1.718,True,False,False,stage1_nr,False,,,0,False,,False,,0
CNG_Data2k_variance/files/Q00897.01-0000541392.0001.PDF,Q00897.01-0000541392.0001.PDF,.pdf,22670,ok,True,False,text,False,1,0,1,False,0,False,0-10,Money/Amount,False,Financial Account Information,False,,clear_non_responsive,False,,0,likely_non_responsive,,False,False,0,0,0,0,0,0,0.035,True,False,False,stage1_nr,False,,,0,False,,False,,0
CNG_Data2k_variance/files/Q00897.01-0000811685.0001.PDF,Q00897.01-0000811685.0001.PDF,.pdf,4739355,ok,True,False,text,False,11,0,4,False,0,False,0-10,Name | Address | Email | Money/Amount | Work-Related,True,Contact Information | Financial Account Information | Work-Related Information,False,,ambiguous,True,yes,8938,standard,,True,True,11,0,0,0,0,1,10.897,False,False,True,,True,likely_no,no,9014,False,likely_non_responsive,True,,17952
CNG_Data2k_variance/files/Q00897.01-0000659242.MSG,Q00897.01-0000659242.MSG,.msg,179712,ok,True,False,text,False,0,1,6,False,0,False,0-10,Name | Address | Email | Phone,True,Contact Information,False,,ambiguous,True,yes,5055,standard,,False,False,0,0,0,0,0,0,3.38,False,False,True,,True,clear_no,no,5136,False,likely_non_responsive,True,,10191
CNG_Data2k_variance/files/Q00897.01-0000831333.MSG,Q00897.01-0000831333.MSG,.msg,69120,ok,True,False,text,False,0,0,3,False,0,False,0-10,Address | Email | Phone | Money/Amount,True,Contact Information | Financial Account Information,False,,ambiguous,True,no,4184,likely_non_responsive,,False,False,0,0,0,0,0,0,1.793,True,False,False,stage1_nr,False,,,0,False,,False,,4184
CNG_Data2k_variance/files/Q00897.01-0000876141.PDF,Q00897.01-0000876141.PDF,.pdf,4340093,ok,True,True,text,True,3,0,45,False,0,False,20-50,Address | Phone | Money/Amount,True,Contact Information | Financial Account Information,False,,ambiguous,True,no,8880,likely_non_responsive,bde_llm_count,True,True,3,0,0,0,0,1,71.242,True,False,False,stage1_nr,False,,,0,False,,False,,8880
CNG_Data2k_variance/files/Q00897.01-0000483658.MSG,Q00897.01-0000483658.MSG,.msg,29184,ok,True,False,text,False,0,0,3,False,0,False,0-10,Name | Address | Email | Phone | Money/Amount | Work-Related,True,Contact Information | Financial Account Information | Work-Related Information,False,,ambiguous,True,yes,4587,standard,,False,False,0,0,0,0,0,0,3.541,False,False,True,,True,likely_yes,yes,4617,False,standard,False,,9204
CNG_Data2k_variance/files/Q00897.01-0000242546.PDF,Q00897.01-0000242546.PDF,.pdf,683953,ok,True,True,text,True,2,0,11,False,1,False,10-20,Name | Address | Email | Phone | Money/Amount,True,Contact Information | Financial Account Information,False,,ambiguous,True,yes,7970,standard,bde_llm_count,True,True,2,0,0,0,0,1,17.466,False,False,True,,True,likely_no,no,4437,False,likely_non_responsive,True,,12407
CNG_Data2k_variance/files/Q00897.01-0000108014.PDF,Q00897.01-0000108014.PDF,.pdf,513625,ok,True,True,text,True,15,0,159,False,1,False,100+,Name | Email | Money/Amount | Health | Work-Related,True,Contact Information | Financial Account Information | Health-Related Information | Work-Related Information,False,,ambiguous,True,yes,17802,standard,bde_llm_count,True,True,15,0,0,0,0,1,15.243,False,False,True,,True,likely_no,no,9395,True,likely_non_responsive,True,,27197
CNG_Data2k_variance/files/Q00897.01-0000501472.0001.PDF,Q00897.01-0000501472.0001.PDF,.pdf,530904,ok,True,False,text,False,13,0,1,False,0,False,0-10,Address | Phone | Money/Amount | Health,True,Contact Information | Financial Account Information | Health-Related Information,False,,ambiguous,True,no,9901,likely_non_responsive,"img_ocr:p4(1/1,+174chars)",False,False,0,1,1,1,0,1,6.541,True,False,False,stage1_nr,False,,,0,False,,False,,9901
CNG_Data2k_variance/files/Q00897.01-0000911034.PDF,Q00897.01-0000911034.PDF,.pdf,22586,ok,True,False,text,False,6,0,1,False,0,False,0-10,Name | Address | Phone | Money/Amount,True,Contact Information | Financial Account Information,False,,ambiguous,True,yes,6303,standard,,False,False,0,0,0,0,0,0,3.676,False,False,True,,True,borderline,no,6392,False,likely_non_responsive,True,,12695
CNG_Data2k_variance/files/Q00897.01-0000670217.MSG,Q00897.01-0000670217.MSG,.msg,215040,ok,True,False,text,False,0,2,3,False,0,False,0-10,Name | Phone,True,Contact Information,False,,ambiguous,True,no,3720,likely_non_responsive,,False,False,0,0,0,0,0,0,1.304,True,False,False,stage1_nr,False,,,0,False,,False,,3720
CNG_Data2k_variance\files\Q00897.01-0000484151.0001.XLS,Q00897.01-0000484151.0001.XLS,.xls,12117,ok,True,True,text,True,3,0,1,False,0,False,0-10,Phone | Money/Amount,True,Contact Information | Financial Account Information,False,,ambiguous,True,no,6845,likely_non_responsive,bde_llm_count,False,False,0,0,0,0,0,0,2.975,True,False,False,stage1_nr,False,,,0,False,,False,,6845
CNG_Data2k_variance/files/Q00897.01-0000916029.PDF,Q00897.01-0000916029.PDF,.pdf,267387,ok,True,False,text,False,2,0,1,False,0,False,0-10,Address | Phone | Money/Amount,True,Contact Information | Financial Account Information,False,,ambiguous,True,no,4277,likely_non_responsive,,False,False,0,0,0,0,0,0,2.008,True,False,False,stage1_nr,False,,,0,False,,False,,4277
CNG_Data2k_variance/files/Q00897.01-0000909515.PDF,Q00897.01-0000909515.PDF,.pdf,6271480,ok,True,False,text,False,705,0,510,False,510,True,100+,Address | Phone | SSN | Money/Amount | Work-Related,True,Contact Information | Government-Issued Identification | Financial Account Information | Work-Related Information,True,,clear_responsive,False,,14336,bde,bde_llm_count_roster,False,False,0,0,0,0,0,0,213.18,False,True,True,,True,clear_yes,yes,15315,True,bde,False,,29651
CNG_Data2k_variance/files/Q00897.01-0000141391.XLSX,Q00897.01-0000141391.XLSX,.xlsx,82004,ok,True,True,text,True,3,0,669,False,0,False,100+,Address | Phone | Money/Amount,True,Contact Information | Financial Account Information,False,,ambiguous,True,no,13955,likely_non_responsive,roster_by_rowcount bde_llm_count,False,False,0,0,0,0,0,0,2.049,True,False,False,stage1_nr,False,,,0,False,,False,,13955
CNG_Data2k_variance/files/Q00897.01-0000628595.MSG,Q00897.01-0000628595.MSG,.msg,77824,ok,True,False,text,False,0,2,8,False,8,False,0-10,Name | Address | Email | Phone,True,Contact Information,False,,ambiguous,True,yes,8462,standard,bde_llm_count,False,False,0,0,0,0,0,0,5.592,False,False,True,,True,borderline,no,4723,False,likely_non_responsive,True,,13185
CNG_Data2k_variance/files/Q00897.01-0000709173.MSG,Q00897.01-0000709173.MSG,.msg,208896,ok,True,False,text,False,0,0,2,False,0,False,0-10,Address | Email | Phone | Money/Amount | Credentials,True,Contact Information | Financial Account Information | Access Credentials,False,,ambiguous,True,no,3994,likely_non_responsive,,False,False,0,0,0,0,0,0,1.955,True,False,False,stage1_nr,False,,,0,False,,False,,3994
CNG_Data2k_variance/files/Q00897.01-0000618231.0001.XLSX,Q00897.01-0000618231.0001.XLSX,.xlsx,965034,ok,True,True,text,True,1,0,70,False,0,False,50-100,Money/Amount,False,Financial Account Information,False,,ambiguous,True,no,18916,likely_non_responsive,bde_llm_count,False,False,0,0,0,0,0,0,3.386,True,False,False,stage1_nr,False,,,0,False,,False,,18916
CNG_Data2k_variance/files/Q00897.01-0000673128.MSG,Q00897.01-0000673128.MSG,.msg,155648,ok,True,False,text,False,0,0,1,False,0,False,0-10,Address | Email,True,Contact Information,False,,ambiguous,True,no,4142,likely_non_responsive,,False,False,0,0,0,0,0,0,1.961,True,False,False,stage1_nr,False,,,0,False,,False,,4142
CNG_Data2k_variance\files\Q00897.01-0000851305.XLS,Q00897.01-0000851305.XLS,.xls,22219,ok,True,True,text,True,1,0,66,False,0,False,50-100,Money/Amount,False,Financial Account Information,False,,ambiguous,True,no,7264,likely_non_responsive,roster_by_rowcount bde_llm_count,False,False,0,0,0,0,0,0,5.125,True,False,False,stage1_nr,False,,,0,False,,False,,7264
CNG_Data2k_variance/files/Q00897.01-0000700377.MSG,Q00897.01-0000700377.MSG,.msg,157696,ok,True,False,text,False,0,0,0,False,0,False,0-10,,False,,False,,clear_non_responsive,False,,0,likely_non_responsive,,False,False,0,0,0,0,0,0,0.892,True,False,False,stage1_nr,False,,,0,False,,False,,0
CNG_Data2k_variance/files/Q00897.01-0000883949.PDF,Q00897.01-0000883949.PDF,.pdf,3279595,ok,True,False,text,False,37,0,3,False,0,False,0-10,Name | Address | Phone | Money/Amount | Health | Demographic | Work-Related,True,Contact Information | Financial Account Information | Health-Related Information | Demographic Information | Work-Related Information,False,,ambiguous,True,yes,10452,standard,,False,False,0,0,0,0,0,0,63.212,False,False,True,,True,likely_no,no,10489,False,likely_non_responsive,True,,20941
CNG_Data2k_variance/files/Q00897.01-0000607143.MSG,Q00897.01-0000607143.MSG,.msg,210432,ok,True,False,text,False,0,0,2,False,0,False,0-10,Address | Email | Phone | Credentials,True,Contact Information | Access Credentials,False,,ambiguous,True,no,3942,likely_non_responsive,,False,False,0,0,0,0,0,0,2.092,True,False,False,stage1_nr,False,,,0,False,,False,,3942
CNG_Data2k_variance/files/Q00897.01-0000330511.PDF,Q00897.01-0000330511.PDF,.pdf,391216,ok,True,False,text,False,4,0,3,False,0,False,0-10,Name | Address | Bank/Account Number | Money/Amount,True,Contact Information | Financial Account Information,False,,ambiguous,True,yes,4318,standard,,False,False,0,0,0,0,0,0,4.012,False,False,True,,True,likely_no,no,4380,False,likely_non_responsive,True,,8698
CNG_Data2k_variance/files/Q00897.01-0000916435.DOCX,Q00897.01-0000916435.DOCX,.docx,19180,ok,True,False,text,False,0,0,1,False,0,False,0-10,Money/Amount | Work-Related,False,Financial Account Information | Work-Related Information,False,,ambiguous,True,no,4603,likely_non_responsive,,False,False,0,0,0,0,0,0,1.293,True,False,False,stage1_nr,False,,,0,False,,False,,4603
CNG_Data2k_variance/files/Q00897.01-0000702669.MSG,Q00897.01-0000702669.MSG,.msg,188928,ok,True,False,text,False,0,0,3,False,0,False,0-10,Name | Address | Email | Phone,True,Contact Information,False,,ambiguous,True,no,4187,likely_non_responsive,,False,False,0,0,0,0,0,0,2.197,True,False,False,stage1_nr,False,,,0,False,,False,,4187
CNG_Data2k_variance/files/Q00897.01-0000614360.MSG,Q00897.01-0000614360.MSG,.msg,99840,ok,True,False,text,False,0,0,12,False,5,False,10-20,Name | Money/Amount | Health,False,Financial Account Information | Health-Related Information,False,,ambiguous,True,no,9441,likely_non_responsive,bde_llm_count,False,False,0,0,0,0,0,0,4.112,True,False,False,stage1_nr,False,,,0,False,,False,,9441
CNG_Data2k_variance/files/Q00897.01-0000567605.0001.PNG,Q00897.01-0000567605.0001.PNG,.png,330559,ok,True,True,text,True,1,0,5,False,0,False,0-10,Money/Amount,False,Financial Account Information,False,,ambiguous,True,no,7499,likely_non_responsive,bde_llm_count,True,True,1,0,0,0,0,1,7.242,True,False,False,stage1_nr,False,,,0,False,,False,,7499
CNG_Data2k_variance/files/Q00897.01-0000779358.MSG,Q00897.01-0000779358.MSG,.msg,289792,ok,True,False,text,False,0,1,1,False,0,False,0-10,Name | Address | Email | Phone,True,Contact Information,False,,ambiguous,True,yes,3831,standard,,False,False,0,0,0,0,0,0,3.237,False,False,True,,True,likely_no,no,3891,False,likely_non_responsive,True,,7722
CNG_Data2k_variance/files/Q00897.01-0000656287.0004.PDF,Q00897.01-0000656287.0004.PDF,.pdf,405007,ok,True,False,text,False,3,0,2,False,0,False,0-10,Name | Address | Money/Amount,True,Contact Information | Financial Account Information,False,,ambiguous,True,no,4796,likely_non_responsive,"img_ocr:p1(1/2,+17chars)",False,False,0,2,2,1,0,2,10.131,True,False,False,stage1_nr,False,,,0,False,,False,,4796
CNG_Data2k_variance\files\Q00897.01-0000713346.0001.XLS,Q00897.01-0000713346.0001.XLS,.xls,10881,ok,True,True,text,True,1,0,12,False,0,False,10-20,Name | Address | Phone,True,Contact Information,False,,ambiguous,True,yes,8275,standard,bde_llm_count_roster,False,False,0,0,0,0,0,0,5.3,False,False,True,,True,likely_no,no,4798,False,likely_non_responsive,True,,13073
CNG_Data2k_variance/files/Q00897.01-0000663108.MSG,Q00897.01-0000663108.MSG,.msg,805888,ok,True,False,text,False,0,3,4,False,0,False,0-10,Address | Email | Phone,True,Contact Information,False,,ambiguous,True,no,4097,likely_non_responsive,,False,False,0,0,0,0,0,0,1.35,True,False,False,stage1_nr,False,,,0,False,,False,,4097
CNG_Data2k_variance/files/Q00897.01-0000539413.MSG,Q00897.01-0000539413.MSG,.msg,296448,ok,True,False,text,False,0,0,13,False,4,False,10-20,Name | Address | Email | Phone | Money/Amount,True,Contact Information | Financial Account Information,False,,ambiguous,True,yes,17543,standard,bde_llm_count,False,False,0,0,0,0,0,0,66.798,False,False,True,,True,likely_no,no,9231,False,likely_non_responsive,True,,26774
CNG_Data2k_variance/files/Q00897.01-0000359772.MSG,Q00897.01-0000359772.MSG,.msg,247808,ok,True,False,text,False,0,0,5,False,0,False,0-10,Name | Address | Email | Phone | Money/Amount,True,Contact Information | Financial Account Information,False,,ambiguous,True,yes,5602,standard,,False,False,0,0,0,0,0,0,5.191,False,False,True,,True,borderline,no,5684,False,likely_non_responsive,True,,11286
CNG_Data2k_variance/files/Q00897.01-0000365622.MSG,Q00897.01-0000365622.MSG,.msg,219136,ok,True,False,text,False,0,0,1,False,0,False,0-10,Address | Email | Money/Amount,True,Contact Information | Financial Account Information,False,,ambiguous,True,no,4637,likely_non_responsive,,False,False,0,0,0,0,0,0,2.488,True,False,False,stage1_nr,False,,,0,False,,False,,4637
CNG_Data2k_variance/files/Q00897.01-0000242603.PDF,Q00897.01-0000242603.PDF,.pdf,737289,ok,True,False,text,False,10,0,11,False,4,False,10-20,Name | Address | Email | Phone | Bank/Account Number | Money/Amount,True,Contact Information | Financial Account Information,False,,ambiguous,True,yes,10871,standard,bde_llm_count,False,False,0,0,0,0,0,0,6.804,False,False,True,,True,likely_yes,yes,5899,False,standard,False,,16770
CNG_Data2k_variance/files/Q00897.01-0000671759.0001.XLSX,Q00897.01-0000671759.0001.XLSX,.xlsx,104993,ok,True,True,text,True,1,0,283,False,0,False,100+,Address | Phone | Payment Card | Card/Transaction | Money/Amount,True,Contact Information | Financial Account Information,False,,ambiguous,True,no,10886,likely_non_responsive,bde_llm_count,False,False,0,0,0,0,0,0,2.83,True,False,False,stage1_nr,False,,,0,False,,False,,10886
CNG_Data2k_variance/files/Q00897.01-0000501836.MSG,Q00897.01-0000501836.MSG,.msg,28672,ok,True,False,text,False,0,0,3,False,0,False,0-10,Address | Phone | Card/Transaction | Money/Amount,True,Contact Information | Financial Account Information,False,,ambiguous,True,no,3805,likely_non_responsive,,False,False,0,0,0,0,0,0,1.481,True,False,False,stage1_nr,False,,,0,False,,False,,3805
CNG_Data2k_variance/files/Q00897.01-0000473334.MSG,Q00897.01-0000473334.MSG,.msg,387072,ok,True,False,text,False,0,1,5,False,0,False,0-10,Name | Address | Email | Phone | Money/Amount,True,Contact Information | Financial Account Information,False,,ambiguous,True,yes,4969,standard,,False,False,0,0,0,0,0,0,3.516,False,False,True,,True,likely_yes,yes,5031,False,standard,False,,10000
CNG_Data2k_variance/files/Q00897.01-0000664827.MSG,Q00897.01-0000664827.MSG,.msg,1029632,ok,True,False,text,False,0,4,6,False,0,False,0-10,Name | Address | Email | Phone | Money/Amount,True,Contact Information | Financial Account Information,False,,ambiguous,True,yes,5547,standard,,False,False,0,0,0,0,0,0,3.139,False,False,True,,True,likely_no,no,5579,False,likely_non_responsive,True,,11126
CNG_Data2k_variance/files/Q00897.01-0000909625.PDF,Q00897.01-0000909625.PDF,.pdf,234792,ok,True,False,text,False,23,0,50,False,51,True,20-50,Name | Address | Phone | Money/Amount,True,Contact Information | Financial Account Information,True,,ambiguous,True,yes,31917,bde,bde_llm_count_roster,False,False,0,0,0,0,0,0,31.471,False,True,True,,True,likely_yes,yes,16866,False,standard,False,,48783
CNG_Data2k_variance/files/Q00897.01-0000913998.PDF,Q00897.01-0000913998.PDF,.pdf,245930,ok,True,False,text,False,2,0,4,False,0,False,0-10,Name | Phone | SSN | Health,True,Contact Information | Government-Issued Identification | Health-Related Information,False,,clear_responsive,False,,0,standard,"img_ocr:p1(1/1,+6chars)",False,False,0,1,1,1,0,1,5.591,False,False,True,,True,clear_yes,yes,5450,False,standard,False,,5450
CNG_Data2k_variance/files/Q00897.01-0000418559.MSG,Q00897.01-0000418559.MSG,.msg,110080,ok,True,False,text,False,0,0,8,False,8,False,0-10,Name | Email | Phone | Money/Amount,True,Contact Information | Financial Account Information,False,,ambiguous,True,yes,8548,standard,bde_llm_count,False,False,0,0,0,0,0,0,10.779,False,False,True,,True,likely_no,no,4721,False,likely_non_responsive,True,,13269
CNG_Data2k_variance/files/Q00897.01-0000002506.PDF,Q00897.01-0000002506.PDF,.pdf,399127,ok,True,False,text,False,1,0,1,False,0,False,0-10,Name | Work-Related,True,Work-Related Information,False,,ambiguous,True,yes,3906,standard,,False,False,0,0,0,0,0,0,3.775,False,False,True,,True,clear_yes,yes,3962,False,standard,False,,7868
CNG_Data2k_variance/files/Q00897.01-0000908999.PDF,Q00897.01-0000908999.PDF,.pdf,14702,ok,True,False,text,False,4,0,2,False,0,False,0-10,Name | Address | Phone | Money/Amount,True,Contact Information | Financial Account Information,False,,ambiguous,True,yes,5180,standard,,False,False,0,0,0,0,0,0,3.176,False,False,True,,True,clear_yes,yes,5229,False,standard,False,,10409
CNG_Data2k_variance/files/Q00897.01-0000460864.0001.PDF,Q00897.01-0000460864.0001.PDF,.pdf,48557,ok,True,False,text,False,16,0,1,False,0,False,0-10,Address | Card/Transaction | Money/Amount,True,Contact Information | Financial Account Information,False,,ambiguous,True,no,15877,likely_non_responsive,,False,False,0,0,0,0,0,0,1.909,True,False,False,stage1_nr,False,,,0,False,,False,,15877
CNG_Data2k_variance/files/Q00897.01-0000850271.PDF,Q00897.01-0000850271.PDF,.pdf,2367326,ok,True,True,text,True,8,0,71,False,0,False,50-100,Name | Address | Phone | Money/Amount,True,Contact Information | Financial Account Information,False,,ambiguous,True,yes,16097,standard,bde_llm_count,True,True,8,0,0,0,0,1,11.584,False,False,True,,True,clear_no,no,8504,True,likely_non_responsive,True,,24601
CNG_Data2k_variance/files/Q00897.01-0000016057.PDF,Q00897.01-0000016057.PDF,.pdf,495975,ok,True,False,text,False,1,0,1,False,0,False,0-10,Name | Address | Money/Amount,True,Contact Information | Financial Account Information,False,,ambiguous,True,yes,4522,standard,,False,False,0,0,0,0,0,0,3.174,False,False,True,,True,clear_yes,yes,4564,False,standard,False,,9086
CNG_Data2k_variance/files/Q00897.01-0000834135.0004.DOCX,Q00897.01-0000834135.0004.DOCX,.docx,80953,ok,True,False,text,False,0,0,2,False,0,False,0-10,Name | Work-Related,True,Work-Related Information,False,,ambiguous,True,no,8691,likely_non_responsive,,False,False,0,0,0,0,0,0,2.055,True,False,False,stage1_nr,False,,,0,False,,False,,8691
CNG_Data2k_variance/files/Q00897.01-0000340709.PDF,Q00897.01-0000340709.PDF,.pdf,171603,ok,True,False,text,False,1,0,2,False,0,False,0-10,Name | Address,True,Contact Information,False,,ambiguous,True,yes,4984,standard,,True,True,1,0,0,0,0,1,11.65,False,False,True,,True,clear_yes,yes,5019,False,standard,False,,10003
CNG_Data2k_variance/files/Q00897.01-0000136846.PDF,Q00897.01-0000136846.PDF,.pdf,10286166,ok,True,True,text,True,15,0,229,False,229,True,100+,Name | Address | Email | Phone | Money/Amount,True,Contact Information | Financial Account Information,True,,ambiguous,True,yes,20704,structured_bde,bde_llm_count_roster,True,True,15,0,0,0,0,1,14.471,False,True,True,,True,clear_no,no,10732,True,likely_non_responsive,True,,31436
CNG_Data2k_variance/files/Q00897.01-0000045800.PDF,Q00897.01-0000045800.PDF,.pdf,93464,ok,True,False,text,False,1,0,1,False,0,False,0-10,Name | Address | Email | Money/Amount,True,Contact Information | Financial Account Information,False,,ambiguous,True,yes,4461,standard,"img_ocr:p1(1/1,+26chars)",False,False,0,1,1,1,0,1,6.801,False,False,True,,True,likely_no,no,4535,False,likely_non_responsive,True,,8996
CNG_Data2k_variance/files/Q00897.01-0000709940.MSG,Q00897.01-0000709940.MSG,.msg,106496,ok,True,False,text,False,0,0,1,False,0,False,0-10,Name | Email | Phone | Credentials,True,Contact Information | Access Credentials,False,,ambiguous,True,yes,3810,standard,,False,False,0,0,0,0,0,0,2.635,False,False,True,,True,likely_yes,yes,3884,False,standard,False,,7694
CNG_Data2k_variance/files/Q00897.01-0000585593.0001.CSV,Q00897.01-0000585593.0001.CSV,.csv,9767809,ok,True,True,text,True,0,0,47225,False,0,False,100+,Money/Amount,False,Financial Account Information,False,,ambiguous,True,no,15776,likely_non_responsive,roster_by_rowcount bde_llm_count,False,False,0,0,0,0,0,0,4.205,True,False,False,stage1_nr,False,,,0,False,,False,,15776
CNG_Data2k_variance/files/Q00897.01-0000750822.MSG,Q00897.01-0000750822.MSG,.msg,84992,ok,True,False,text,False,0,0,0,False,0,False,0-10,,False,,False,,clear_non_responsive,False,,0,likely_non_responsive,,False,False,0,0,0,0,0,0,0.945,True,False,False,stage1_nr,False,,,0,False,,False,,0
CNG_Data2k_variance/files/Q00897.01-0000902728.PDF,Q00897.01-0000902728.PDF,.pdf,11814,ok,True,False,text,False,1,0,0,False,0,False,0-10,,False,,False,,clear_non_responsive,False,,0,likely_non_responsive,,False,False,0,0,0,0,0,0,0.042,True,False,False,stage1_nr,False,,,0,False,,False,,0
CNG_Data2k_variance/files/Q00897.01-0000403066.MSG,Q00897.01-0000403066.MSG,.msg,206848,ok,True,False,text,False,0,0,2,False,0,False,0-10,Address | Email | Phone | Credentials,True,Contact Information | Access Credentials,False,,ambiguous,True,no,3996,likely_non_responsive,,False,False,0,0,0,0,0,0,2.618,True,False,False,stage1_nr,False,,,0,False,,False,,3996
CNG_Data2k_variance/files/Q00897.01-0000256840.PDF,Q00897.01-0000256840.PDF,.pdf,31560,ok,True,True,text,True,2,0,12,False,0,False,10-20,Address | Bank/Account Number | Money/Amount | Work-Related,True,Contact Information | Financial Account Information | Work-Related Information,False,,ambiguous,True,no,8685,likely_non_responsive,bde_llm_count,True,True,2,0,0,0,0,1,9.028,True,False,False,stage1_nr,False,,,0,False,,False,,8685
CNG_Data2k_variance/files/Q00897.01-0000139431.XLSX,Q00897.01-0000139431.XLSX,.xlsx,13799,ok,True,True,text,True,3,0,0,False,0,False,0-10,Address | Card/Transaction | Money/Amount,True,Contact Information | Financial Account Information,False,,ambiguous,True,no,6740,structured_unreadable,bde_llm_count,False,False,0,0,0,0,0,0,3.353,False,False,True,,True,clear_no,no,3862,False,likely_non_responsive,True,,10602
CNG_Data2k_variance/files/Q00897.01-0000706261.MSG,Q00897.01-0000706261.MSG,.msg,216064,ok,True,False,text,False,0,0,8,False,1,False,0-10,Name | Address | Email | Phone | Money/Amount | Health,True,Contact Information | Financial Account Information | Health-Related Information,False,,ambiguous,True,yes,8996,standard,bde_llm_count,False,False,0,0,0,0,0,0,6.315,False,False,True,,True,likely_no,no,4941,False,likely_non_responsive,True,,13937
CNG_Data2k_variance/files/Q00897.01-0000346683.PDF,Q00897.01-0000346683.PDF,.pdf,157364,ok,True,False,text,False,3,0,58,False,58,True,50-100,Name | Phone | Money/Amount,True,Contact Information | Financial Account Information,True,,ambiguous,True,yes,13494,bde,bde_llm_count_roster,False,False,0,0,0,0,0,0,12.804,False,True,True,,True,clear_yes,yes,7394,True,bde,False,,20888
CNG_Data2k_variance/files/Q00897.01-0000629879.MSG,Q00897.01-0000629879.MSG,.msg,115712,ok,True,False,text,False,0,1,3,False,0,False,0-10,Name | Address | Email | Phone | Card/Transaction | Money/Amount,True,Contact Information | Financial Account Information,False,,ambiguous,True,yes,4354,standard,,False,False,0,0,0,0,0,0,4.262,False,False,True,,True,likely_yes,yes,4472,False,standard,False,,8826
CNG_Data2k_variance/files/Q00897.01-0000776481.0002.PDF,Q00897.01-0000776481.0002.PDF,.pdf,90466,ok,True,False,text,False,2,0,1,False,0,False,0-10,Address | Phone | Money/Amount,True,Contact Information | Financial Account Information,False,,ambiguous,True,no,4359,likely_non_responsive,,True,True,2,0,0,0,0,1,6.444,True,False,False,stage1_nr,False,,,0,False,,False,,4359
CNG_Data2k_variance/files/Q00897.01-0000819291.0001.PDF,Q00897.01-0000819291.0001.PDF,.pdf,28736,ok,True,False,text,False,1,0,4,False,0,False,0-10,Name | Address | Email | Phone | Money/Amount,True,Contact Information | Financial Account Information,False,,ambiguous,True,no,4122,likely_non_responsive,,True,True,1,0,0,0,0,1,5.777,True,False,False,stage1_nr,False,,,0,False,,False,,4122
CNG_Data2k_variance/files/Q00897.01-0000914819.PDF,Q00897.01-0000914819.PDF,.pdf,251612,ok,True,False,text,False,1,0,2,False,0,False,0-10,Name | Email | Work-Related,True,Contact Information | Work-Related Information,False,,ambiguous,True,yes,4080,standard,,False,False,0,0,0,0,0,0,3.125,False,False,True,,True,likely_yes,yes,4127,False,standard,False,,8207
CNG_Data2k_variance/files/Q00897.01-0000129283.PDF,Q00897.01-0000129283.PDF,.pdf,2911099,ok,True,True,text,True,13,0,49,False,0,False,20-50,Phone | Money/Amount,True,Contact Information | Financial Account Information,False,,ambiguous,True,no,13444,likely_non_responsive,bde_llm_count,True,True,13,0,0,0,0,1,9.359,True,False,False,stage1_nr,False,,,0,False,,False,,13444
CNG_Data2k_variance/files/Q00897.01-0000447625.0004.PDF,Q00897.01-0000447625.0004.PDF,.pdf,127838,ok,True,False,text,False,2,0,0,False,0,False,0-10,,False,,False,,clear_non_responsive,False,,0,likely_non_responsive,,False,False,0,0,0,0,0,0,0.252,True,False,False,stage1_nr,False,,,0,False,,False,,0
CNG_Data2k_variance/files/Q00897.01-0000344665.PDF,Q00897.01-0000344665.PDF,.pdf,14085,ok,True,False,text,False,2,0,1,False,0,False,0-10,Money/Amount,False,Financial Account Information,False,,clear_non_responsive,False,,0,likely_non_responsive,,False,False,0,0,0,0,0,0,0.171,True,False,False,stage1_nr,False,,,0,False,,False,,0
CNG_Data2k_variance/files/Q00897.01-0000128435.PDF,Q00897.01-0000128435.PDF,.pdf,708729,ok,True,True,text,True,4,0,30,False,0,False,20-50,Phone | Money/Amount,True,Contact Information | Financial Account Information,False,,ambiguous,True,no,8223,likely_non_responsive,bde_llm_count,True,True,4,0,0,0,0,1,8.512,True,False,False,stage1_nr,False,,,0,False,,False,,8223
CNG_Data2k_variance/files/Q00897.01-0000822946.MSG,Q00897.01-0000822946.MSG,.msg,111616,ok,True,False,text,False,0,1,5,False,0,False,0-10,Name | Email | Phone,True,Contact Information,False,,ambiguous,True,no,4156,likely_non_responsive,,False,False,0,0,0,0,0,0,2.046,True,False,False,stage1_nr,False,,,0,False,,False,,4156
CNG_Data2k_variance/files/Q00897.01-0000864110.PDF,Q00897.01-0000864110.PDF,.pdf,8077,ok,True,False,text,False,1,0,1,False,0,False,0-10,Name | Address | Money/Amount,True,Contact Information | Financial Account Information,False,,ambiguous,True,no,4203,likely_non_responsive,,False,False,0,0,0,0,0,0,1.096,True,False,False,stage1_nr,False,,,0,False,,False,,4203
CNG_Data2k_variance/files/Q00897.01-0000891229.PDF,Q00897.01-0000891229.PDF,.pdf,11872,ok,True,False,text,False,1,0,1,False,0,False,0-10,Name | Phone,True,Contact Information,False,,ambiguous,True,yes,3847,standard,,False,False,0,0,0,0,0,0,3.203,False,False,True,,True,borderline,no,3915,False,likely_non_responsive,True,,7762
CNG_Data2k_variance/files/Q00897.01-0000573672.0001.XLSX,Q00897.01-0000573672.0001.XLSX,.xlsx,54168,ok,True,True,text,True,1,0,434,False,1,False,100+,Name | Money/Amount,False,Financial Account Information,False,,ambiguous,True,yes,15955,standard,roster_by_rowcount bde_llm_count,False,False,0,0,0,0,0,0,7.431,False,False,True,,True,likely_no,no,8485,True,likely_non_responsive,True,,24440
CNG_Data2k_variance/files/Q00897.01-0000669911.MSG,Q00897.01-0000669911.MSG,.msg,185856,ok,True,False,text,False,0,2,3,False,0,False,0-10,Name | Phone,True,Contact Information,False,,ambiguous,True,no,3718,likely_non_responsive,,False,False,0,0,0,0,0,0,1.126,True,False,False,stage1_nr,False,,,0,False,,False,,3718
CNG_Data2k_variance/files/Q00897.01-0000902838.PDF,Q00897.01-0000902838.PDF,.pdf,15694,ok,True,False,text,False,2,0,1,False,0,False,0-10,Money/Amount,False,Financial Account Information,False,,clear_non_responsive,False,,0,likely_non_responsive,,False,False,0,0,0,0,0,0,0.098,True,False,False,stage1_nr,False,,,0,False,,False,,0
CNG_Data2k_variance\files\Q00897.01-0000127634.XLS,Q00897.01-0000127634.XLS,.xls,33501,ok,True,True,text,True,2,0,136,False,0,False,100+,Money/Amount,False,Financial Account Information,False,,ambiguous,True,no,7586,likely_non_responsive,roster_by_rowcount bde_llm_count,False,False,0,0,0,0,0,0,1.94,True,False,False,stage1_nr,False,,,0,False,,False,,7586
CNG_Data2k_variance/files/Q00897.01-0000547714.0001.XLSX,Q00897.01-0000547714.0001.XLSX,.xlsx,106184,ok,True,True,text,True,4,0,263,False,18,False,100+,Name | Payment Card | Money/Amount,True,Financial Account Information,False,,ambiguous,True,yes,11146,standard,bde_llm_count,False,False,0,0,0,0,0,0,10.762,False,False,True,,True,likely_no,no,6100,True,likely_non_responsive,True,,17246
CNG_Data2k_variance\files\Q00897.01-0000841218.0003.DOC,Q00897.01-0000841218.0003.DOC,.doc,33073,ok,True,False,text,False,0,0,1,False,0,False,0-10,Address | Money/Amount,True,Contact Information | Financial Account Information,False,,ambiguous,True,no,4663,likely_non_responsive,,False,False,0,0,0,0,0,0,1.163,True,False,False,stage1_nr,False,,,0,False,,False,,4663
CNG_Data2k_variance/files/Q00897.01-0000904551.PDF,Q00897.01-0000904551.PDF,.pdf,20423,ok,True,False,text,False,4,0,1,False,0,False,0-10,Name | Address | Phone | Money/Amount,True,Contact Information | Financial Account Information,False,,ambiguous,True,yes,6022,standard,,False,False,0,0,0,0,0,0,3.405,False,False,True,,True,likely_yes,yes,6067,False,standard,False,,12089
CNG_Data2k_variance/files/Q00897.01-0000907544.PDF,Q00897.01-0000907544.PDF,.pdf,8012,ok,True,False,text,False,1,0,5,False,0,False,0-10,Name | Phone,True,Contact Information,False,,ambiguous,True,yes,3871,standard,,False,False,0,0,0,0,0,0,3.818,False,False,True,,True,borderline,no,3947,False,likely_non_responsive,True,,7818
CNG_Data2k_variance/files/Q00897.01-0000264602.XLSX,Q00897.01-0000264602.XLSX,.xlsx,27747,ok,True,True,text,True,5,0,325,False,0,False,100+,Money/Amount,False,Financial Account Information,False,,ambiguous,True,no,8007,likely_non_responsive,bde_llm_count,False,False,0,0,0,0,0,0,2.973,True,False,False,stage1_nr,False,,,0,False,,False,,8007
CNG_Data2k_variance/files/Q00897.01-0000547964.0001.PDF,Q00897.01-0000547964.0001.PDF,.pdf,695951,ok,True,False,text,False,4,0,1,False,0,False,0-10,Money/Amount,False,Financial Account Information,False,,clear_non_responsive,False,,0,likely_non_responsive,,False,False,0,0,0,0,0,0,3.38,True,False,False,stage1_nr,False,,,0,False,,False,,0
CNG_Data2k_variance/files/Q00897.01-0000894045.PDF,Q00897.01-0000894045.PDF,.pdf,47438,ok,True,True,text,True,2,0,35,False,7,False,20-50,Name | SSN | Money/Amount,True,Government-Issued Identification | Financial Account Information,False,,clear_responsive,False,,3942,standard,bde_llm_count_roster,True,True,2,0,0,0,0,1,9.374,False,False,True,,True,clear_yes,yes,4877,False,standard,False,,8819
CNG_Data2k_variance/files/Q00897.01-0000779085.0001.PDF,Q00897.01-0000779085.0001.PDF,.pdf,607096,ok,True,False,text,False,1,0,1,False,0,False,0-10,Money/Amount,False,Financial Account Information,False,,clear_non_responsive,False,,0,likely_non_responsive,,True,True,1,0,0,0,0,1,4.436,True,False,False,stage1_nr,False,,,0,False,,False,,0
CNG_Data2k_variance/files/Q00897.01-0000654525.MSG,Q00897.01-0000654525.MSG,.msg,171008,ok,True,False,text,False,0,7,3,False,0,False,0-10,Name | Address | Email | Phone | Card/Transaction | Money/Amount,True,Contact Information | Financial Account Information,False,,ambiguous,True,yes,4066,standard,,False,False,0,0,0,0,0,0,3.982,False,False,True,,True,likely_no,no,4165,False,likely_non_responsive,True,,8231
CNG_Data2k_variance/files/Q00897.01-0000681448.MSG,Q00897.01-0000681448.MSG,.msg,179200,ok,True,False,text,False,0,3,5,False,0,False,0-10,Name | Address | Email | Phone,True,Contact Information,False,,ambiguous,True,yes,6394,standard,,False,False,0,0,0,0,0,0,4.388,False,False,True,,True,likely_no,no,6440,False,likely_non_responsive,True,,12834
CNG_Data2k_variance/files/Q00897.01-0000673710.0001.PDF,Q00897.01-0000673710.0001.PDF,.pdf,2855,ok,True,False,text,False,1,0,1,False,0,False,0-10,Address | Money/Amount,True,Contact Information | Financial Account Information,False,,ambiguous,True,no,3918,likely_non_responsive,,False,False,0,0,0,0,0,0,1.504,True,False,False,stage1_nr,False,,,0,False,,False,,3918
CNG_Data2k_variance/files/Q00897.01-0000813615.0001.DOCX,Q00897.01-0000813615.0001.DOCX,.docx,15127,ok,True,False,text,False,0,0,1,False,0,False,0-10,Name | Money/Amount,True,Financial Account Information,False,,ambiguous,True,no,4500,likely_non_responsive,,False,False,0,0,0,0,0,0,1.157,True,False,False,stage1_nr,False,,,0,False,,False,,4500
CNG_Data2k_variance/files/Q00897.01-0000421754.0001.PDF,Q00897.01-0000421754.0001.PDF,.pdf,38697,ok,True,False,text,False,13,0,30,False,0,False,20-50,Name | Address | Phone | Card/Transaction | Money/Amount,True,Contact Information | Financial Account Information,False,,ambiguous,True,yes,13518,standard,bde_count_failed:JSONDecodeError,False,False,0,0,0,0,0,0,197.724,False,False,True,,True,likely_no,no,13286,False,likely_non_responsive,True,,26804
CNG_Data2k_variance/files/Q00897.01-0000251684.XLSX,Q00897.01-0000251684.XLSX,.xlsx,26115,ok,True,True,text,True,1,0,67,False,0,False,50-100,Name | Address | Phone | Money/Amount,True,Contact Information | Financial Account Information,False,,ambiguous,True,no,8459,likely_non_responsive,roster_by_rowcount bde_llm_count,False,False,0,0,0,0,0,0,5.326,True,False,False,stage1_nr,False,,,0,False,,False,,8459
CNG_Data2k_variance/files/Q00897.01-0000778624.MSG,Q00897.01-0000778624.MSG,.msg,130048,ok,True,False,text,False,0,0,5,False,0,False,0-10,Name | Address | Email | Phone | Money/Amount,True,Contact Information | Financial Account Information,False,,ambiguous,True,yes,5453,standard,,False,False,0,0,0,0,0,0,5.119,False,False,True,,True,likely_yes,yes,5498,False,standard,False,,10951
CNG_Data2k_variance/files/Q00897.01-0000635662.MSG,Q00897.01-0000635662.MSG,.msg,104448,ok,True,False,text,False,0,0,4,False,0,False,0-10,Name | Email,True,Contact Information,False,,ambiguous,True,yes,4011,standard,,False,False,0,0,0,0,0,0,2.794,False,False,True,,True,likely_no,no,4074,False,likely_non_responsive,True,,8085
CNG_Data2k_variance/files/Q00897.01-0000895891.PDF,Q00897.01-0000895891.PDF,.pdf,15139,ok,True,False,text,False,2,0,1,False,0,False,0-10,Money/Amount,False,Financial Account Information,False,,clear_non_responsive,False,,0,likely_non_responsive,,False,False,0,0,0,0,0,0,0.09,True,False,False,stage1_nr,False,,,0,False,,False,,0
CNG_Data2k_variance/files/Q00897.01-0000344885.PDF,Q00897.01-0000344885.PDF,.pdf,13486,ok,True,False,text,False,2,0,1,False,0,False,0-10,Money/Amount,False,Financial Account Information,False,,clear_non_responsive,False,,0,likely_non_responsive,,False,False,0,0,0,0,0,0,0.149,True,False,False,stage1_nr,False,,,0,False,,False,,0
CNG_Data2k_variance\files\Q00897.01-0000127263.XLS,Q00897.01-0000127263.XLS,.xls,34521,ok,True,True,text,True,2,0,136,False,0,False,100+,Name | Money/Amount,False,Financial Account Information,False,,ambiguous,True,no,7582,likely_non_responsive,roster_by_rowcount bde_llm_count,False,False,0,0,0,0,0,0,1.978,True,False,False,stage1_nr,False,,,0,False,,False,,7582
CNG_Data2k_variance/files/Q00897.01-0000332103.0001.PDF,Q00897.01-0000332103.0001.PDF,.pdf,347266,ok,True,False,text,False,4,0,1,False,0,False,0-10,Name | Address | Bank/Account Number | Money/Amount,True,Contact Information | Financial Account Information,False,,ambiguous,True,yes,4399,standard,"img_ocr:p2(1/1,+357chars)",False,False,0,1,1,1,0,1,7.44,False,False,True,,True,borderline,no,4452,False,likely_non_responsive,True,,8851
CNG_Data2k_variance/files/Q00897.01-0000881333.PDF,Q00897.01-0000881333.PDF,.pdf,1176443,ok,True,False,text,False,83,0,69,False,0,False,50-100,Address | Phone | Payment Card | Money/Amount,True,Contact Information | Financial Account Information,False,,ambiguous,True,no,20883,likely_non_responsive,"img_ocr:p2(1/1,+18chars) bde_llm_count",False,False,0,1,1,1,0,1,69.692,True,False,False,stage1_nr,False,,,0,False,,False,,20883
CNG_Data2k_variance/files/Q00897.01-0000663437.MSG,Q00897.01-0000663437.MSG,.msg,291840,ok,True,False,text,False,0,2,3,False,0,False,0-10,Name | Address | Email | Phone,True,Contact Information,False,,ambiguous,True,yes,4306,standard,,False,False,0,0,0,0,0,0,3.485,False,False,True,,True,likely_no,no,4360,False,likely_non_responsive,True,,8666
CNG_Data2k_variance/files/Q00897.01-0000260003.PDF,Q00897.01-0000260003.PDF,.pdf,1252622,ok,True,True,text,True,15,0,695,False,3,False,100+,Name | Card/Transaction | Money/Amount,False,Financial Account Information,False,,ambiguous,True,yes,32832,standard,bde_llm_count,True,True,15,0,0,0,0,1,19.41,False,False,True,,True,likely_yes,yes,17004,True,structured_bde,False,,49836
CNG_Data2k_variance/files/Q00897.01-0000818172.MSG,Q00897.01-0000818172.MSG,.msg,473088,ok,True,False,text,False,0,5,8,False,7,False,0-10,Name | Address | Email | Phone | Money/Amount,True,Contact Information | Financial Account Information,False,,ambiguous,True,yes,16667,standard,bde_llm_count,False,False,0,0,0,0,0,0,7.975,False,False,True,,True,likely_no,no,8798,False,likely_non_responsive,True,,25465
CNG_Data2k_variance/files/Q00897.01-0000112070.XLSX,Q00897.01-0000112070.XLSX,.xlsx,35022,ok,True,True,text,True,1,0,573,False,0,False,100+,Work-Related,False,Work-Related Information,False,,ambiguous,True,no,8388,likely_non_responsive,roster_by_rowcount bde_llm_count,False,False,0,0,0,0,0,0,2.539,True,False,False,stage1_nr,False,,,0,False,,False,,8388
CNG_Data2k_variance/files/Q00897.01-0000346795.PDF,Q00897.01-0000346795.PDF,.pdf,285202,ok,True,False,text,False,3,0,5,False,0,False,0-10,Name | Phone | Money/Amount,True,Contact Information | Financial Account Information,False,,ambiguous,True,yes,6250,standard,"img_ocr:p3,p3(2/2,+2chars)",False,False,0,2,2,2,0,2,70.937,False,False,True,,True,likely_no,no,6301,False,likely_non_responsive,True,,12551
CNG_Data2k_variance/files/Q00897.01-0000283232.PDF,Q00897.01-0000283232.PDF,.pdf,310308,ok,True,True,text,True,4,0,13,False,2,False,10-20,Name | Address | Phone | Military ID | Money/Amount | Health,True,Contact Information | Government-Issued Identification | Financial Account Information | Health-Related Information,False,,ambiguous,True,yes,12543,standard,bde_llm_count,True,True,4,0,0,0,0,1,9.99,False,False,True,,True,clear_yes,yes,6750,False,standard,False,,19293
CNG_Data2k_variance\files\Q00897.01-0000828874.0002.XLS,Q00897.01-0000828874.0002.XLS,.xls,307458,ok,True,True,text,True,1,0,96,False,2,False,50-100,Name | Money/Amount,False,Financial Account Information,False,,ambiguous,True,yes,13039,standard,bde_llm_count,False,False,0,0,0,0,0,0,4.824,False,False,True,,True,likely_no,no,7003,True,likely_non_responsive,True,,20042
CNG_Data2k_variance/files/Q00897.01-0000558643.0001.XLSX,Q00897.01-0000558643.0001.XLSX,.xlsx,57074,ok,True,True,text,True,1,0,467,False,0,False,100+,Money/Amount,False,Financial Account Information,False,,ambiguous,True,no,15223,likely_non_responsive,roster_by_rowcount bde_llm_count,False,False,0,0,0,0,0,0,2.213,True,False,False,stage1_nr,False,,,0,False,,False,,15223
CNG_Data2k_variance/files/Q00897.01-0000868672.TXT,Q00897.01-0000868672.TXT,.txt,165470,ok,True,False,text,False,0,0,168,False,0,False,100+,Address | Phone | Money/Amount,True,Contact Information | Financial Account Information,False,,ambiguous,True,yes,33347,standard,bde_llm_count,False,False,0,0,0,0,0,0,4.649,False,False,True,,True,clear_no,no,17177,True,likely_non_responsive,True,,50524
CNG_Data2k_variance/files/Q00897.01-0000697181.MSG,Q00897.01-0000697181.MSG,.msg,143872,ok,True,False,text,False,0,0,1,False,0,False,0-10,Name,False,,False,,ambiguous,True,yes,3952,standard,,False,False,0,0,0,0,0,0,2.852,False,False,True,,True,borderline,no,4009,False,likely_non_responsive,True,,7961
CNG_Data2k_variance/files/Q00897.01-0000668856.0001.PDF,Q00897.01-0000668856.0001.PDF,.pdf,184288,ok,True,False,text,False,14,0,44,False,0,False,20-50,Name | Address | Phone | Card/Transaction | Account Balance | Money/Amount,True,Contact Information | Financial Account Information,False,,ambiguous,True,yes,23074,standard,"img_ocr:p1,p1(2/2,+35chars) bde_llm_count",False,False,0,2,2,2,0,2,12.728,False,False,True,,True,clear_no,no,11999,False,likely_non_responsive,True,,35073
CNG_Data2k_variance/files/Q00897.01-0000111892.XLSX,Q00897.01-0000111892.XLSX,.xlsx,62244,ok,True,True,text,True,1,0,573,False,0,False,100+,Work-Related,False,Work-Related Information,False,,ambiguous,True,no,10655,likely_non_responsive,roster_by_rowcount bde_llm_count,False,False,0,0,0,0,0,0,2.791,True,False,False,stage1_nr,False,,,0,False,,False,,10655
CNG_Data2k_variance/files/Q00897.01-0000895446.PDF,Q00897.01-0000895446.PDF,.pdf,12204,ok,True,False,text,False,1,0,0,False,0,False,0-10,,False,,False,,clear_non_responsive,False,,0,likely_non_responsive,,False,False,0,0,0,0,0,0,0.04,True,False,False,stage1_nr,False,,,0,False,,False,,0
CNG_Data2k_variance/files/Q00897.01-0000612143.MSG,Q00897.01-0000612143.MSG,.msg,1189888,ok,True,False,text,False,0,5,3,False,0,False,0-10,Name | Address | Email | Phone | Card/Transaction,True,Contact Information | Financial Account Information,False,,ambiguous,True,yes,5166,standard,,False,False,0,0,0,0,0,0,3.972,False,False,True,,True,clear_no,no,5237,False,likely_non_responsive,True,,10403
CNG_Data2k_variance/files/Q00897.01-0000874512.PDF,Q00897.01-0000874512.PDF,.pdf,124420,ok,True,False,text,False,5,0,1,False,0,False,0-10,Address,True,Contact Information,False,,ambiguous,True,no,11825,likely_non_responsive,,False,False,0,0,0,0,0,0,2.604,True,False,False,stage1_nr,False,,,0,False,,False,,11825
CNG_Data2k_variance/files/Q00897.01-0000370019.MSG,Q00897.01-0000370019.MSG,.msg,222208,ok,True,False,text,False,0,0,1,False,0,False,0-10,Address | Email | Health,True,Contact Information | Health-Related Information,False,,ambiguous,True,no,4214,likely_non_responsive,,False,False,0,0,0,0,0,0,2.576,True,False,False,stage1_nr,False,,,0,False,,False,,4214
CNG_Data2k_variance/files/Q00897.01-0000373165.MSG,Q00897.01-0000373165.MSG,.msg,318976,ok,True,False,text,False,0,0,2,False,0,False,0-10,Address | Email | Phone,True,Contact Information,False,,ambiguous,True,no,5369,likely_non_responsive,,False,False,0,0,0,0,0,0,61.519,True,False,False,stage1_nr,False,,,0,False,,False,,5369
CNG_Data2k_variance/files/Q00897.01-0000652569.0001.PDF,Q00897.01-0000652569.0001.PDF,.pdf,43109,ok,True,False,text,False,1,0,5,False,0,False,0-10,Name | Address | Money/Amount,True,Contact Information | Financial Account Information,False,,ambiguous,True,yes,4209,standard,,False,False,0,0,0,0,0,0,3.116,False,False,True,,True,clear_no,no,4192,False,likely_non_responsive,True,,8401
CNG_Data2k_variance/files/Q00897.01-0000129982.PDF,Q00897.01-0000129982.PDF,.pdf,1998439,ok,True,True,text,True,11,0,36,False,0,False,20-50,Phone | Money/Amount,True,Contact Information | Financial Account Information,False,,ambiguous,True,no,12150,likely_non_responsive,bde_llm_count,True,True,11,0,0,0,0,1,10.178,True,False,False,stage1_nr,False,,,0,False,,False,,12150
CNG_Data2k_variance/files/Q00897.01-0000262537.PDF,Q00897.01-0000262537.PDF,.pdf,690918,ok,True,False,text,False,309,0,288,False,0,False,100+,Address | Phone | Payment Card | Money/Amount,True,Contact Information | Financial Account Information,False,,ambiguous,True,no,27686,likely_non_responsive,bde_llm_count,False,False,0,0,0,0,0,0,7.972,True,False,False,stage1_nr,False,,,0,False,,False,,27686
CNG_Data2k_variance/files/Q00897.01-0000823702.MSG,Q00897.01-0000823702.MSG,.msg,135680,ok,True,False,text,False,0,1,8,False,4,False,0-10,Name | Address | Email | Phone,True,Contact Information,False,,ambiguous,True,yes,7790,standard,bde_llm_count,False,False,0,0,0,0,0,0,4.291,False,False,True,,True,clear_no,no,4364,False,likely_non_responsive,True,,12154
CNG_Data2k_variance/files/Q00897.01-0000614822.0002.PDF,Q00897.01-0000614822.0002.PDF,.pdf,6802378,ok,True,True,text,True,12,0,15,False,0,False,10-20,Money/Amount,False,Financial Account Information,False,,ambiguous,True,no,11255,likely_non_responsive,bde_llm_count,True,True,12,0,0,0,0,1,9.41,True,False,False,stage1_nr,False,,,0,False,,False,,11255
CNG_Data2k_variance/files/Q00897.01-0000803503.0002.DOCX,Q00897.01-0000803503.0002.DOCX,.docx,23313,ok,True,False,text,False,0,0,3,False,0,False,0-10,Name | Address | Money/Amount | Demographic | Work-Related,True,Contact Information | Financial Account Information | Demographic Information | Work-Related Information,False,,ambiguous,True,no,6285,likely_non_responsive,,False,False,0,0,0,0,0,0,1.505,True,False,False,stage1_nr,False,,,0,False,,False,,6285
CNG_Data2k_variance\files\Q00897.01-0000808535.0001.DOC,Q00897.01-0000808535.0001.DOC,.doc,44470,ok,True,False,text,False,0,0,1,False,0,False,0-10,Address | Health,True,Contact Information | Health-Related Information,False,,ambiguous,True,no,6714,likely_non_responsive,,False,False,0,0,0,0,0,0,2.963,True,False,False,stage1_nr,False,,,0,False,,False,,6714
CNG_Data2k_variance/files/Q00897.01-0000685500.MSG,Q00897.01-0000685500.MSG,.msg,262656,ok,True,False,text,False,0,0,3,False,0,False,0-10,Email | Money/Amount | Work-Related,True,Contact Information | Financial Account Information | Work-Related Information,False,,ambiguous,True,no,5932,likely_non_responsive,,False,False,0,0,0,0,0,0,1.836,True,False,False,stage1_nr,False,,,0,False,,False,,5932
CNG_Data2k_variance/files/Q00897.01-0000621020.MSG,Q00897.01-0000621020.MSG,.msg,910336,ok,True,False,text,False,0,10,12,False,10,False,10-20,Name | Address | Email | Phone | Money/Amount,True,Contact Information | Financial Account Information,False,,ambiguous,True,yes,17715,standard,bde_llm_count,False,False,0,0,0,0,0,0,7.254,False,False,True,,True,likely_yes,yes,9364,False,standard,False,,27079
CNG_Data2k_variance\files\Q00897.01-0000006443.XLS,Q00897.01-0000006443.XLS,.xls,19637,ok,True,True,text,True,3,0,12,False,12,False,10-20,Name | Phone | Money/Amount | Work-Related,True,Contact Information | Financial Account Information | Work-Related Information,False,,ambiguous,True,yes,9614,standard,bde_llm_count_roster,False,False,0,0,0,0,0,0,5.265,False,False,True,,True,clear_yes,yes,5253,False,standard,False,,14867
CNG_Data2k_variance/files/Q00897.01-0000304516.XLSM,Q00897.01-0000304516.XLSM,.xlsm,377483,ok,True,True,text,True,7,0,282,False,282,True,100+,Name,False,,True,,ambiguous,True,yes,7853,structured_bde,bde_llm_count_roster,False,False,0,0,0,0,0,0,9.888,False,True,True,,True,likely_no,no,4564,True,likely_non_responsive,True,,12417
CNG_Data2k_variance/files/Q00897.01-0000459100.MSG,Q00897.01-0000459100.MSG,.msg,117760,ok,True,False,text,False,0,0,9,False,0,False,0-10,Name | Address | Email | Phone | Money/Amount,True,Contact Information | Financial Account Information,False,,ambiguous,True,no,9532,likely_non_responsive,bde_llm_count,False,False,0,0,0,0,0,0,3.073,True,False,False,stage1_nr,False,,,0,False,,False,,9532
CNG_Data2k_variance/files/Q00897.01-0000474289.MSG,Q00897.01-0000474289.MSG,.msg,180224,ok,True,False,text,False,0,1,5,False,0,False,0-10,Name | Address | Email | Phone | Card/Transaction,True,Contact Information | Financial Account Information,False,,ambiguous,True,yes,7766,standard,,False,False,0,0,0,0,0,0,4.155,False,False,True,,True,likely_yes,yes,7820,False,standard,False,,15586
CNG_Data2k_variance/files/Q00897.01-0000709781.MSG,Q00897.01-0000709781.MSG,.msg,175616,ok,True,False,text,False,0,0,2,False,0,False,0-10,Name | Phone | Money/Amount,True,Contact Information | Financial Account Information,False,,ambiguous,True,no,3964,likely_non_responsive,,False,False,0,0,0,0,0,0,1.429,True,False,False,stage1_nr,False,,,0,False,,False,,3964
CNG_Data2k_variance/files/Q00897.01-0000638268.MSG,Q00897.01-0000638268.MSG,.msg,162816,ok,True,False,text,False,0,1,4,False,0,False,0-10,Name | Email | Phone | Money/Amount | Work-Related,True,Contact Information | Financial Account Information | Work-Related Information,False,,ambiguous,True,yes,8781,standard,,False,False,0,0,0,0,0,0,2.931,False,False,True,,True,likely_yes,yes,8804,False,standard,False,,17585
CNG_Data2k_variance/files/Q00897.01-0000905161.PDF,Q00897.01-0000905161.PDF,.pdf,65057,ok,True,False,text,False,14,0,1,False,0,False,0-10,Name | Address | Money/Amount | Work-Related,True,Contact Information | Financial Account Information | Work-Related Information,False,,ambiguous,True,yes,14117,standard,,False,False,0,0,0,0,0,0,4.208,False,False,True,,True,clear_yes,yes,14148,False,standard,False,,28265
CNG_Data2k_variance/files/Q00897.01-0000590155.0001.CSV,Q00897.01-0000590155.0001.CSV,.csv,9527680,ok,True,True,text,True,0,0,46063,False,0,False,100+,Money/Amount,False,Financial Account Information,False,,ambiguous,True,no,15772,likely_non_responsive,roster_by_rowcount bde_llm_count,False,False,0,0,0,0,0,0,4.116,True,False,False,stage1_nr,False,,,0,False,,False,,15772
CNG_Data2k_variance/files/Q00897.01-0000138036.PDF,Q00897.01-0000138036.PDF,.pdf,697209,ok,True,True,text,True,2,0,39,False,4,False,20-50,Name | Address | Phone | Money/Amount,True,Contact Information | Financial Account Information,False,,ambiguous,True,yes,12480,standard,bde_llm_count,True,True,2,0,0,0,0,1,12.967,False,False,True,,True,likely_no,no,6722,False,likely_non_responsive,True,,19202
CNG_Data2k_variance/files/Q00897.01-0000717839.MSG,Q00897.01-0000717839.MSG,.msg,155648,ok,True,False,text,False,0,0,4,False,0,False,0-10,Name | Address | Email | Phone,True,Contact Information,False,,ambiguous,True,no,4042,likely_non_responsive,,False,False,0,0,0,0,0,0,1.815,True,False,False,stage1_nr,False,,,0,False,,False,,4042
CNG_Data2k_variance/files/Q00897.01-0000001975.PDF,Q00897.01-0000001975.PDF,.pdf,49283,ok,True,False,text,False,1,0,3,False,0,False,0-10,Name | Date of Birth,True,Birth Information,False,,ambiguous,True,yes,3894,standard,,False,False,0,0,0,0,0,0,4.557,False,False,True,,True,clear_yes,yes,3946,False,standard,False,,7840
CNG_Data2k_variance/files/Q00897.01-0000248382.PDF,Q00897.01-0000248382.PDF,.pdf,181486,ok,True,True,text,True,6,0,97,False,0,False,50-100,Name | Address | Phone | Bank/Account Number | Money/Amount,True,Contact Information | Financial Account Information,False,,ambiguous,True,yes,12503,standard,bde_llm_count,True,True,6,0,0,0,0,1,11.512,False,False,True,,True,likely_no,no,6725,True,likely_non_responsive,True,,19228
CNG_Data2k_variance/files/Q00897.01-0000663672.0005.PDF,Q00897.01-0000663672.0005.PDF,.pdf,180178,ok,True,False,text,False,6,0,4,False,0,False,0-10,Name | Address | Phone | Tax ID | Money/Amount,True,Contact Information | Government-Issued Identification | Financial Account Information,False,,ambiguous,True,no,7046,likely_non_responsive,"img_ocr:p1,p1,p1,p1,p2,p3(6/9,+321chars)",False,False,0,9,9,6,0,9,40.964,True,False,False,stage1_nr,False,,,0,False,,False,,7046
CNG_Data2k_variance/files/Q00897.01-0000913051.PDF,Q00897.01-0000913051.PDF,.pdf,108618,ok,True,False,text,False,3,0,0,False,0,False,0-10,,False,,False,,clear_non_responsive,False,,0,likely_non_responsive,,False,False,0,0,0,0,0,0,0.171,True,False,False,stage1_nr,False,,,0,False,,False,,0
CNG_Data2k_variance/files/Q00897.01-0000443733.0001.XLSX,Q00897.01-0000443733.0001.XLSX,.xlsx,146091,ok,True,True,text,True,5,0,362,False,0,False,100+,Money/Amount,False,Financial Account Information,False,,ambiguous,True,no,8131,likely_non_responsive,roster_by_rowcount bde_llm_count,False,False,0,0,0,0,0,0,2.652,True,False,False,stage1_nr,False,,,0,False,,False,,8131
CNG_Data2k_variance/files/Q00897.01-0000838522.0002.PDF,Q00897.01-0000838522.0002.PDF,.pdf,173094,ok,True,False,text,False,11,0,1,False,0,False,0-10,Name | Address | Money/Amount,True,Contact Information | Financial Account Information,False,,ambiguous,True,no,9505,likely_non_responsive,,False,False,0,0,0,0,0,0,2.091,True,False,False,stage1_nr,False,,,0,False,,False,,9505
CNG_Data2k_variance\files\Q00897.01-0000854923.XLS,Q00897.01-0000854923.XLS,.xls,69000,ok,True,True,text,True,2,0,3,False,3,False,0-10,Name | Money/Amount,False,Financial Account Information,False,,ambiguous,True,yes,6873,standard,bde_llm_count_roster,False,False,0,0,0,0,0,0,5.559,False,False,True,,True,likely_yes,yes,3929,False,standard,False,,10802
CNG_Data2k_variance/files/Q00897.01-0000736594.MSG,Q00897.01-0000736594.MSG,.msg,178176,ok,True,False,text,False,0,1,2,False,0,False,0-10,Phone,True,Contact Information,False,,ambiguous,True,no,4561,likely_non_responsive,,False,False,0,0,0,0,0,0,2.371,True,False,False,stage1_nr,False,,,0,False,,False,,4561
CNG_Data2k_variance/files/Q00897.01-0000458203.MSG,Q00897.01-0000458203.MSG,.msg,155136,ok,True,False,text,False,0,0,0,False,0,False,0-10,,False,,False,,clear_non_responsive,False,,0,likely_non_responsive,,False,False,0,0,0,0,0,0,0.118,True,False,False,stage1_nr,False,,,0,False,,False,,0
CNG_Data2k_variance/files/Q00897.01-0000842284.0005.DOT,Q00897.01-0000842284.0005.DOT,.dot,24064,no_parser,False,False,unknown,False,0,0,0,False,0,False,,,False,,False,,,False,,0,needs_parser,unsupported_ext,False,False,0,0,0,0,0,0,0.0,False,False,False,no_parser,False,,,0,False,,False,,0
CNG_Data2k_variance/files/Q00897.01-0000286156.PDF,Q00897.01-0000286156.PDF,.pdf,3406072,ok,True,False,text,False,5,0,5,False,0,False,0-10,Name | Address,True,Contact Information,False,,ambiguous,True,yes,5252,standard,,True,True,5,0,0,0,0,1,9.576,False,False,True,,True,clear_yes,yes,5268,False,standard,False,,10520
CNG_Data2k_variance/files/Q00897.01-0000910568.PDF,Q00897.01-0000910568.PDF,.pdf,241128,ok,True,False,text,False,42,0,1,False,0,False,0-10,Money/Amount,False,Financial Account Information,False,,clear_non_responsive,False,,0,likely_non_responsive,,False,False,0,0,0,0,0,0,3.784,True,False,False,stage1_nr,False,,,0,False,,False,,0
CNG_Data2k_variance/files/Q00897.01-0000902975.PDF,Q00897.01-0000902975.PDF,.pdf,15788,ok,True,False,text,False,2,0,1,False,0,False,0-10,Money/Amount,False,Financial Account Information,False,,clear_non_responsive,False,,0,likely_non_responsive,,False,False,0,0,0,0,0,0,0.1,True,False,False,stage1_nr,False,,,0,False,,False,,0
CNG_Data2k_variance/files/Q00897.01-0000892443.PDF,Q00897.01-0000892443.PDF,.pdf,11520,ok,True,False,text,False,1,0,0,False,0,False,0-10,,False,,False,,clear_non_responsive,False,,0,likely_non_responsive,,False,False,0,0,0,0,0,0,0.04,True,False,False,stage1_nr,False,,,0,False,,False,,0
CNG_Data2k_variance/files/Q00897.01-0000000109.PDF,Q00897.01-0000000109.PDF,.pdf,403782,ok,True,True,text,True,1,0,18,False,1,False,10-20,Name | Address | Email | Phone | SSN | Date of Birth | Money/Amount | Work-Related,True,Contact Information | Government-Issued Identification | Birth Information | Financial Account Information | Work-Related Information,False,,clear_responsive,False,,3282,standard,bde_llm_count,True,True,1,0,0,0,0,1,10.042,False,False,True,,True,clear_yes,yes,4141,False,standard,False,,7423
CNG_Data2k_variance/files/Q00897.01-0000244755.PDF,Q00897.01-0000244755.PDF,.pdf,216816,ok,True,True,text,True,15,0,157,False,0,False,100+,Name | Address | Phone | Money/Amount,True,Contact Information | Financial Account Information,False,,ambiguous,True,yes,13749,standard,bde_llm_count,True,True,15,0,0,0,0,1,16.589,False,False,True,,True,clear_no,no,7331,True,likely_non_responsive,True,,21080
CNG_Data2k_variance/files/Q00897.01-0000757615.MSG,Q00897.01-0000757615.MSG,.msg,102400,ok,True,False,text,False,0,0,1,False,0,False,0-10,Money/Amount | Demographic | Work-Related,False,Financial Account Information | Demographic Information | Work-Related Information,False,,ambiguous,True,no,6618,likely_non_responsive,,False,False,0,0,0,0,0,0,61.212,True,False,False,stage1_nr,False,,,0,False,,False,,6618
CNG_Data2k_variance\files\Q00897.01-0000117463.0001.DOC,Q00897.01-0000117463.0001.DOC,.doc,18770,ok,True,False,text,False,0,0,1,False,0,False,0-10,Health | Work-Related,False,Health-Related Information | Work-Related Information,False,,ambiguous,True,no,4367,likely_non_responsive,,False,False,0,0,0,0,0,0,1.859,True,False,False,stage1_nr,False,,,0,False,,False,,4367
CNG_Data2k_variance/files/Q00897.01-0000916170.PDF,Q00897.01-0000916170.PDF,.pdf,89098,ok,True,True,text,True,1,0,8,False,0,False,0-10,Address | Phone | Money/Amount,True,Contact Information | Financial Account Information,False,,ambiguous,True,no,6930,likely_non_responsive,bde_llm_count,True,True,1,0,0,0,0,1,7.282,True,False,False,stage1_nr,False,,,0,False,,False,,6930
CNG_Data2k_variance/files/Q00897.01-0000729937.MSG,Q00897.01-0000729937.MSG,.msg,344064,ok,True,False,text,False,0,8,6,False,0,False,0-10,Name | Address | Email | Phone,True,Contact Information,False,,ambiguous,True,yes,4207,standard,,False,False,0,0,0,0,0,0,3.225,False,False,True,,True,likely_no,no,4246,False,likely_non_responsive,True,,8453
CNG_Data2k_variance/files/Q00897.01-0000457597.MSG,Q00897.01-0000457597.MSG,.msg,323072,ok,True,False,text,False,0,0,1,False,0,False,0-10,Address | Money/Amount | Health,True,Contact Information | Financial Account Information | Health-Related Information,False,,ambiguous,True,no,6703,likely_non_responsive,,False,False,0,0,0,0,0,0,3.139,True,False,False,stage1_nr,False,,,0,False,,False,,6703
CNG_Data2k_variance/files/Q00897.01-0000827205.0003.PPTX,Q00897.01-0000827205.0003.PPTX,.pptx,6938654,ok,True,False,text,False,32,0,1,False,0,False,0-10,Address | Money/Amount,True,Contact Information | Financial Account Information,False,,ambiguous,True,no,5866,likely_non_responsive,,False,False,0,0,0,0,0,0,1.327,True,False,False,stage1_nr,False,,,0,False,,False,,5866
CNG_Data2k_variance/files/Q00897.01-0000172393.PDF,Q00897.01-0000172393.PDF,.pdf,315670,ok,True,True,text,True,2,0,31,False,0,False,20-50,Name | Address | Email | Bank/Account Number | Card/Transaction | Money/Amount,True,Contact Information | Financial Account Information,False,,ambiguous,True,no,7559,likely_non_responsive,bde_llm_count,True,True,2,0,0,0,0,1,8.184,True,False,False,stage1_nr,False,,,0,False,,False,,7559
CNG_Data2k_variance/files/Q00897.01-0000753716.MSG,Q00897.01-0000753716.MSG,.msg,82432,ok,True,False,text,False,0,0,2,False,0,False,0-10,Name | Address | Email | Phone | Money/Amount,True,Contact Information | Financial Account Information,False,,ambiguous,True,no,4780,likely_non_responsive,,False,False,0,0,0,0,0,0,1.824,True,False,False,stage1_nr,False,,,0,False,,False,,4780
CNG_Data2k_variance/files/Q00897.01-0000834965.0001.DOCM,Q00897.01-0000834965.0001.DOCM,.docm,25061,ok,True,False,text,False,0,0,2,False,0,False,0-10,Name | Address | Card/Transaction,True,Contact Information | Financial Account Information,False,,ambiguous,True,no,4274,likely_non_responsive,,False,False,0,0,0,0,0,0,1.98,True,False,False,stage1_nr,False,,,0,False,,False,,4274
CNG_Data2k_variance/files/Q00897.01-0000774924.MSG,Q00897.01-0000774924.MSG,.msg,31232,ok,True,False,text,False,0,0,2,False,0,False,0-10,Name | Email,True,Contact Information,False,,ambiguous,True,yes,4129,standard,,False,False,0,0,0,0,0,0,3.115,False,False,True,,True,likely_no,no,4181,False,likely_non_responsive,True,,8310
CNG_Data2k_variance/files/Q00897.01-0000344519.PDF,Q00897.01-0000344519.PDF,.pdf,30684,ok,True,False,text,False,5,0,1,False,0,False,0-10,Address | Money/Amount,True,Contact Information | Financial Account Information,False,,ambiguous,True,yes,6959,standard,,False,False,0,0,0,0,0,0,4.634,False,False,True,,True,clear_yes,yes,6994,False,standard,False,,13953
CNG_Data2k_variance/files/Q00897.01-0000553066.0001.XLSX,Q00897.01-0000553066.0001.XLSX,.xlsx,69236,ok,True,True,text,True,1,0,474,False,1,False,100+,Name | Phone | Money/Amount,True,Contact Information | Financial Account Information,False,,ambiguous,True,no,14409,likely_non_responsive,roster_by_rowcount bde_llm_count,False,False,0,0,0,0,0,0,3.647,True,False,False,stage1_nr,False,,,0,False,,False,,14409
CNG_Data2k_variance/files/Q00897.01-0000251500.XLSX,Q00897.01-0000251500.XLSX,.xlsx,25953,ok,True,True,text,True,1,0,70,False,0,False,50-100,Name | Phone | Money/Amount,True,Contact Information | Financial Account Information,False,,ambiguous,True,no,7905,likely_non_responsive,roster_by_rowcount bde_llm_count,False,False,0,0,0,0,0,0,3.863,True,False,False,stage1_nr,False,,,0,False,,False,,7905
CNG_Data2k_variance/files/Q00897.01-0000347324.PDF,Q00897.01-0000347324.PDF,.pdf,18128,ok,True,False,text,False,3,0,1,False,0,False,0-10,Address | Money/Amount,True,Contact Information | Financial Account Information,False,,ambiguous,True,yes,5229,standard,,False,False,0,0,0,0,0,0,3.295,False,False,True,,True,clear_yes,yes,5288,False,standard,False,,10517
CNG_Data2k_variance/files/Q00897.01-0000736571.MSG,Q00897.01-0000736571.MSG,.msg,459264,ok,True,False,text,False,0,0,1,False,0,False,0-10,Name | Money/Amount | Health | Work-Related,True,Financial Account Information | Health-Related Information | Work-Related Information,False,,ambiguous,True,no,7263,likely_non_responsive,,False,False,0,0,0,0,0,0,3.706,True,False,False,stage1_nr,False,,,0,False,,False,,7263
CNG_Data2k_variance/files/Q00897.01-0000256921.PDF,Q00897.01-0000256921.PDF,.pdf,1494839,ok,True,False,text,False,8,0,4,False,0,False,0-10,Name | Address | Card Expiry/CVV | Money/Amount | Work-Related,True,Contact Information | Financial Account Information | Work-Related Information,False,,ambiguous,True,no,8687,likely_non_responsive,,True,True,8,0,0,0,0,1,11.614,True,False,False,stage1_nr,False,,,0,False,,False,,8687
CNG_Data2k_variance/files/Q00897.01-0000835537.MSG,Q00897.01-0000835537.MSG,.msg,58880,ok,True,False,text,False,0,0,7,False,4,False,0-10,Name | Address | Email | Phone | Date of Birth,True,Contact Information | Birth Information,False,,ambiguous,True,yes,9032,standard,bde_llm_count,False,False,0,0,0,0,0,0,5.093,False,False,True,,True,clear_yes,yes,4959,False,standard,False,,13991
CNG_Data2k_variance/files/Q00897.01-0000616047.MSG,Q00897.01-0000616047.MSG,.msg,864256,ok,True,False,text,False,0,1,1,False,0,False,0-10,Name | Address | Email | Phone,True,Contact Information,False,,ambiguous,True,no,3855,likely_non_responsive,,False,False,0,0,0,0,0,0,1.034,True,False,False,stage1_nr,False,,,0,False,,False,,3855
CNG_Data2k_variance/files/Q00897.01-0000134280.PDF,Q00897.01-0000134280.PDF,.pdf,628603,ok,True,True,text,True,4,0,45,False,0,False,20-50,Phone | Money/Amount,True,Contact Information | Financial Account Information,False,,ambiguous,True,no,8939,likely_non_responsive,bde_llm_count,True,True,4,0,0,0,0,1,7.977,True,False,False,stage1_nr,False,,,0,False,,False,,8939
CNG_Data2k_variance/files/Q00897.01-0000529743.0001.PDF,Q00897.01-0000529743.0001.PDF,.pdf,22571,ok,True,False,text,False,1,0,1,False,0,False,0-10,Money/Amount,False,Financial Account Information,False,,clear_non_responsive,False,,0,likely_non_responsive,,False,False,0,0,0,0,0,0,0.029,True,False,False,stage1_nr,False,,,0,False,,False,,0
CNG_Data2k_variance/files/Q00897.01-0000133217.PDF,Q00897.01-0000133217.PDF,.pdf,469943,ok,True,True,text,True,3,0,28,False,0,False,20-50,Phone | Money/Amount,True,Contact Information | Financial Account Information,False,,ambiguous,True,no,8634,likely_non_responsive,bde_llm_count,True,True,3,0,0,0,0,1,8.778,True,False,False,stage1_nr,False,,,0,False,,False,,8634
CNG_Data2k_variance/files/Q00897.01-0000533504.MSG,Q00897.01-0000533504.MSG,.msg,506368,ok,True,False,text,False,0,3,3,False,0,False,0-10,Name | Email,True,Contact Information,False,,ambiguous,True,no,4343,likely_non_responsive,,False,False,0,0,0,0,0,0,1.352,True,False,False,stage1_nr,False,,,0,False,,False,,4343
CNG_Data2k_variance/files/Q00897.01-0000771251.MSG,Q00897.01-0000771251.MSG,.msg,133632,ok,True,False,text,False,0,0,17,False,2,False,10-20,Name | Address | Email | Phone,True,Contact Information,False,,ambiguous,True,yes,7560,standard,bde_llm_count,False,False,0,0,0,0,0,0,5.127,False,False,True,,True,likely_no,no,4266,False,likely_non_responsive,True,,11826
CNG_Data2k_variance/files/Q00897.01-0000007840.PDF,Q00897.01-0000007840.PDF,.pdf,108577,ok,True,False,text,False,1,0,1,False,0,False,0-10,Work-Related,False,Work-Related Information,False,,ambiguous,True,no,5867,likely_non_responsive,,False,False,0,0,0,0,0,0,4.241,True,False,False,stage1_nr,False,,,0,False,,False,,5867
CNG_Data2k_variance/files/Q00897.01-0000407149.MSG,Q00897.01-0000407149.MSG,.msg,148480,ok,True,False,text,False,0,2,8,False,3,False,0-10,Name | Address | Email | Phone | Money/Amount | Work-Related,True,Contact Information | Financial Account Information | Work-Related Information,False,,ambiguous,True,yes,9663,standard,bde_llm_count,False,False,0,0,0,0,0,0,5.531,False,False,True,,True,likely_yes,yes,5301,False,standard,False,,14964
CNG_Data2k_variance/files/Q00897.01-0000326532.XLSX,Q00897.01-0000326532.XLSX,.xlsx,1151845,ok,True,True,text,True,5,0,6119,False,0,False,100+,Phone | Money/Amount,True,Contact Information | Financial Account Information,False,,ambiguous,True,no,12668,likely_non_responsive,bde_llm_count,False,False,0,0,0,0,0,0,5.778,True,False,False,stage1_nr,False,,,0,False,,False,,12668
CNG_Data2k_variance/files/Q00897.01-0000413751.MSG,Q00897.01-0000413751.MSG,.msg,327680,ok,True,False,text,False,0,0,2,False,0,False,0-10,Name | Address | Email | Phone | Money/Amount,True,Contact Information | Financial Account Information,False,,ambiguous,True,no,5302,likely_non_responsive,,False,False,0,0,0,0,0,0,2.682,True,False,False,stage1_nr,False,,,0,False,,False,,5302
CNG_Data2k_variance/files/Q00897.01-0000859340.XLSX,Q00897.01-0000859340.XLSX,.xlsx,1394973,ok,True,True,text,True,39,0,1585,False,51,True,100+,Name | Money/Amount,False,Financial Account Information,True,,ambiguous,True,yes,7760,structured_bde,bde_llm_count_roster,False,False,0,0,0,0,0,0,6.71,False,True,True,,True,likely_yes,yes,4441,True,structured_bde,False,,12201
CNG_Data2k_variance/files/Q00897.01-0000912802.PDF,Q00897.01-0000912802.PDF,.pdf,76302,ok,True,True,text,True,3,0,6,False,5,False,0-10,Address | SSN | Bank/Account Number | Money/Amount,True,Contact Information | Government-Issued Identification | Financial Account Information,False,,clear_responsive,False,,5780,standard,bde_llm_count_roster,True,True,3,0,0,0,0,1,16.583,False,False,True,,True,clear_yes,yes,6705,False,standard,False,,12485
CNG_Data2k_variance/files/Q00897.01-0000793286.MSG,Q00897.01-0000793286.MSG,.msg,165376,ok,True,False,text,False,0,4,4,False,0,False,0-10,Name | Address | Email | Phone,True,Contact Information,False,,ambiguous,True,no,4493,likely_non_responsive,,False,False,0,0,0,0,0,0,2.015,True,False,False,stage1_nr,False,,,0,False,,False,,4493
CNG_Data2k_variance/files/Q00897.01-0000392793.MSG,Q00897.01-0000392793.MSG,.msg,145408,ok,True,False,text,False,0,0,2,False,0,False,0-10,Address | Email | Phone | Money/Amount,True,Contact Information | Financial Account Information,False,,ambiguous,True,no,4552,likely_non_responsive,,False,False,0,0,0,0,0,0,4.607,True,False,False,stage1_nr,False,,,0,False,,False,,4552
CNG_Data2k_variance/files/Q00897.01-0000903306.PDF,Q00897.01-0000903306.PDF,.pdf,15887,ok,True,False,text,False,2,0,1,False,0,False,0-10,Money/Amount,False,Financial Account Information,False,,clear_non_responsive,False,,0,likely_non_responsive,,False,False,0,0,0,0,0,0,0.109,True,False,False,stage1_nr,False,,,0,False,,False,,0
CNG_Data2k_variance/files/Q00897.01-0000536136.0001.PDF,Q00897.01-0000536136.0001.PDF,.pdf,22655,ok,True,False,text,False,1,0,1,False,0,False,0-10,Money/Amount,False,Financial Account Information,False,,clear_non_responsive,False,,0,likely_non_responsive,,False,False,0,0,0,0,0,0,0.034,True,False,False,stage1_nr,False,,,0,False,,False,,0
CNG_Data2k_variance/files/Q00897.01-0000885404.PDF,Q00897.01-0000885404.PDF,.pdf,178754,ok,True,False,text,False,4,0,2,False,0,False,0-10,Name | Address | Email | Phone | Money/Amount,True,Contact Information | Financial Account Information,False,,ambiguous,True,no,7482,likely_non_responsive,,False,False,0,0,0,0,0,0,1.495,True,False,False,stage1_nr,False,,,0,False,,False,,7482
CNG_Data2k_variance/files/Q00897.01-0000283270.PDF,Q00897.01-0000283270.PDF,.pdf,113552,ok,True,False,text,False,1,0,4,False,0,False,0-10,Name | Address | Phone | Money/Amount,True,Contact Information | Financial Account Information,False,,ambiguous,True,yes,4439,standard,,False,False,0,0,0,0,0,0,2.908,False,False,True,,True,likely_no,no,4525,False,likely_non_responsive,True,,8964
CNG_Data2k_variance/files/Q00897.01-0000304289.XLSX,Q00897.01-0000304289.XLSX,.xlsx,33479,ok,True,True,text,True,8,0,292,False,0,False,100+,,False,,False,,ambiguous,True,no,7325,likely_non_responsive,roster_by_rowcount bde_llm_count,False,False,0,0,0,0,0,0,5.687,True,False,False,stage1_nr,False,,,0,False,,False,,7325
CNG_Data2k_variance/files/Q00897.01-0000471241.0001.0008.XLSX,Q00897.01-0000471241.0001.0008.XLSX,.xlsx,1144293,ok,True,True,text,True,31,0,541,False,0,False,100+,Phone | Money/Amount,True,Contact Information | Financial Account Information,False,,ambiguous,True,no,11140,likely_non_responsive,bde_llm_count,False,False,0,0,0,0,0,0,3.565,True,False,False,stage1_nr,False,,,0,False,,False,,11140
CNG_Data2k_variance/files/Q00897.01-0000113790.PDF,Q00897.01-0000113790.PDF,.pdf,20011,ok,True,False,text,False,9,0,1,False,0,False,0-10,Card/Transaction | Money/Amount | Work-Related,False,Financial Account Information | Work-Related Information,False,,ambiguous,True,no,6921,likely_non_responsive,,False,False,0,0,0,0,0,0,1.535,True,False,False,stage1_nr,False,,,0,False,,False,,6921
CNG_Data2k_variance\files\Q00897.01-0000118261.DOC,Q00897.01-0000118261.DOC,.doc,40358,ok,True,False,text,False,0,0,1,False,0,False,0-10,Money/Amount | Health | Demographic | Work-Related,False,Financial Account Information | Health-Related Information | Demographic Information | Work-Related Information,False,,ambiguous,True,no,6015,likely_non_responsive,,False,False,0,0,0,0,0,0,1.655,True,False,False,stage1_nr,False,,,0,False,,False,,6015
CNG_Data2k_variance/files/Q00897.01-0000911491.PDF,Q00897.01-0000911491.PDF,.pdf,13875,ok,True,False,text,False,2,0,1,False,0,False,0-10,Money/Amount,False,Financial Account Information,False,,clear_non_responsive,False,,0,likely_non_responsive,,False,False,0,0,0,0,0,0,0.174,True,False,False,stage1_nr,False,,,0,False,,False,,0
CNG_Data2k_variance/files/Q00897.01-0000915820.PDF,Q00897.01-0000915820.PDF,.pdf,212710,ok,True,False,text,False,2,0,1,False,0,False,0-10,Name | Phone | Money/Amount,True,Contact Information | Financial Account Information,False,,ambiguous,True,yes,4301,standard,,False,False,0,0,0,0,0,0,3.424,False,False,True,,True,likely_no,no,4401,False,likely_non_responsive,True,,8702
CNG_Data2k_variance\files\Q00897.01-0000851905.XLS,Q00897.01-0000851905.XLS,.xls,22275,ok,True,True,text,True,1,0,64,False,0,False,50-100,Name | Phone | Money/Amount,True,Contact Information | Financial Account Information,False,,ambiguous,True,no,7294,likely_non_responsive,roster_by_rowcount bde_llm_count,False,False,0,0,0,0,0,0,2.406,True,False,False,stage1_nr,False,,,0,False,,False,,7294
CNG_Data2k_variance/files/Q00897.01-0000257350.PDF,Q00897.01-0000257350.PDF,.pdf,422154,ok,True,False,text,False,7,0,3,False,0,False,0-10,Name | Address | Bank/Account Number | Money/Amount,True,Contact Information | Financial Account Information,False,,ambiguous,True,yes,6524,standard,,False,False,0,0,0,0,0,0,4.523,False,False,True,,True,clear_no,no,6600,False,likely_non_responsive,True,,13124
CNG_Data2k_variance/files/Q00897.01-0000340140.XLSX,Q00897.01-0000340140.XLSX,.xlsx,443802,ok,True,True,text,True,1,0,2762,False,0,False,100+,Phone | Money/Amount,True,Contact Information | Financial Account Information,False,,ambiguous,True,no,11826,likely_non_responsive,bde_llm_count,False,False,0,0,0,0,0,0,2.697,True,False,False,stage1_nr,False,,,0,False,,False,,11826
CNG_Data2k_variance/files/Q00897.01-0000277377.PDF,Q00897.01-0000277377.PDF,.pdf,163338,ok,True,False,text,False,1,0,2,False,0,False,0-10,Name | Address | Phone,True,Contact Information,False,,ambiguous,True,no,3855,likely_non_responsive,,True,True,1,0,0,0,0,1,6.579,True,False,False,stage1_nr,False,,,0,False,,False,,3855
CNG_Data2k_variance/files/Q00897.01-0000288754.PDF,Q00897.01-0000288754.PDF,.pdf,386683,ok,True,False,text,False,8,0,3,False,0,False,0-10,Name | Phone | Money/Amount,True,Contact Information | Financial Account Information,False,,ambiguous,True,yes,13786,standard,"img_ocr:p2,p3,p4,p8,p8(5/6,+114chars)",False,False,0,6,6,5,0,6,29.442,False,False,True,,True,likely_no,no,13844,False,likely_non_responsive,True,,27630
CNG_Data2k_variance/files/Q00897.01-0000848666.0001.XLSX,Q00897.01-0000848666.0001.XLSX,.xlsx,10024,ok,True,True,text,True,1,0,4,False,4,False,0-10,Name | Email,True,Contact Information,False,,ambiguous,True,yes,6954,standard,bde_llm_count_roster,False,False,0,0,0,0,0,0,4.443,False,False,True,,True,likely_no,no,3966,False,likely_non_responsive,True,,10920
CNG_Data2k_variance/files/Q00897.01-0000887258.XLSX,Q00897.01-0000887258.XLSX,.xlsx,18513,ok,True,True,text,True,1,0,56,False,56,True,50-100,Name,False,,True,,ambiguous,True,yes,9199,structured_bde,roster_by_rowcount bde_llm_count_roster,False,False,0,0,0,0,0,0,64.634,False,True,True,,True,clear_no,no,4968,True,likely_non_responsive,True,,14167
CNG_Data2k_variance/files/Q00897.01-0000326041.PDF,Q00897.01-0000326041.PDF,.pdf,96168,ok,True,True,text,True,2,0,1,False,0,False,0-10,Address | Money/Amount,True,Contact Information | Financial Account Information,False,,ambiguous,True,no,9155,likely_non_responsive,bde_llm_count,True,True,2,0,0,0,0,1,8.969,True,False,False,stage1_nr,False,,,0,False,,False,,9155
CNG_Data2k_variance/files/Q00897.01-0000611817.0001.PDF,Q00897.01-0000611817.0001.PDF,.pdf,5380206,ok,True,False,text,False,16,0,16,False,6,False,10-20,Name | Address | Phone | Card Expiry/CVV | Card/Transaction | Money/Amount,True,Contact Information | Financial Account Information,False,,ambiguous,True,yes,18233,standard,"img_ocr:p1,p3,p3,p15,p15,p15,p15(7/20,+892chars) bde_llm_count",False,False,0,20,20,7,0,20,102.291,False,False,True,,True,borderline,no,9604,False,likely_non_responsive,True,,27837
CNG_Data2k_variance/files/Q00897.01-0000010880.PDF,Q00897.01-0000010880.PDF,.pdf,59238,ok,True,False,text,False,1,0,0,False,0,False,0-10,,False,,False,,clear_non_responsive,False,,0,likely_non_responsive,,False,False,0,0,0,0,0,0,0.042,True,False,False,stage1_nr,False,,,0,False,,False,,0
CNG_Data2k_variance/files/Q00897.01-0000115472.PDF,Q00897.01-0000115472.PDF,.pdf,18806,ok,True,False,text,False,9,0,1,False,0,False,0-10,Card/Transaction | Money/Amount | Work-Related,False,Financial Account Information | Work-Related Information,False,,ambiguous,True,no,10762,likely_non_responsive,,False,False,0,0,0,0,0,0,1.318,True,False,False,stage1_nr,False,,,0,False,,False,,10762
CNG_Data2k_variance/files/Q00897.01-0000911961.PDF,Q00897.01-0000911961.PDF,.pdf,11806,ok,True,False,text,False,4,0,0,False,0,False,0-10,,False,,False,,clear_non_responsive,False,,0,likely_non_responsive,,False,False,0,0,0,0,0,0,0.093,True,False,False,stage1_nr,False,,,0,False,,False,,0
CNG_Data2k_variance/files/Q00897.01-0000812485.MSG,Q00897.01-0000812485.MSG,.msg,137216,ok,True,False,text,False,0,0,2,False,0,False,0-10,Name | Address | Phone | Card/Transaction | Money/Amount,True,Contact Information | Financial Account Information,False,,ambiguous,True,yes,3944,standard,,False,False,0,0,0,0,0,0,4.286,False,False,True,,True,likely_yes,yes,3972,False,standard,False,,7916
CNG_Data2k_variance/files/Q00897.01-0000808476.0001.PDF,Q00897.01-0000808476.0001.PDF,.pdf,138890,ok,True,False,text,False,2,0,1,False,0,False,0-10,Money/Amount,False,Financial Account Information,False,,clear_non_responsive,False,,0,likely_non_responsive,,False,False,0,0,0,0,0,0,0.184,True,False,False,stage1_nr,False,,,0,False,,False,,0
CNG_Data2k_variance/files/Q00897.01-0000248969.PDF,Q00897.01-0000248969.PDF,.pdf,210525,ok,True,False,text,False,1,0,1,False,0,False,0-10,Name | Phone | Money/Amount,True,Contact Information | Financial Account Information,False,,ambiguous,True,no,4366,likely_non_responsive,"img_ocr:p1(1/1,+19chars)",False,False,0,1,1,1,0,1,5.937,True,False,False,stage1_nr,False,,,0,False,,False,,4366
CNG_Data2k_variance/files/Q00897.01-0000549171.0001.PDF,Q00897.01-0000549171.0001.PDF,.pdf,20773,ok,True,False,text,False,1,0,0,False,0,False,0-10,,False,,False,,clear_non_responsive,False,,0,likely_non_responsive,,False,False,0,0,0,0,0,0,0.023,True,False,False,stage1_nr,False,,,0,False,,False,,0
CNG_Data2k_variance/files/Q00897.01-0000762561.MSG,Q00897.01-0000762561.MSG,.msg,68096,ok,True,False,text,False,0,0,3,False,0,False,0-10,Name | Address | Email | Phone | Money/Amount,True,Contact Information | Financial Account Information,False,,ambiguous,True,yes,4608,standard,,False,False,0,0,0,0,0,0,3.093,False,False,True,,True,likely_no,no,4661,False,likely_non_responsive,True,,9269
CNG_Data2k_variance/files/Q00897.01-0000438166.0001.XLSX,Q00897.01-0000438166.0001.XLSX,.xlsx,79694,ok,True,True,text,True,4,0,91,False,0,False,50-100,Phone | Payment Card | Money/Amount,True,Contact Information | Financial Account Information,False,,ambiguous,True,no,10671,likely_non_responsive,bde_llm_count,False,False,0,0,0,0,0,0,3.276,True,False,False,stage1_nr,False,,,0,False,,False,,10671
CNG_Data2k_variance/files/Q00897.01-0000576043.0001.PNG,Q00897.01-0000576043.0001.PNG,.png,2931170,ok,True,True,text,True,1,0,51,False,0,False,50-100,Address | Money/Amount,True,Contact Information | Financial Account Information,False,,ambiguous,True,no,12593,likely_non_responsive,bde_llm_count,True,True,1,0,0,0,0,1,9.964,True,False,False,stage1_nr,False,,,0,False,,False,,12593
CNG_Data2k_variance/files/Q00897.01-0000017337.PDF,Q00897.01-0000017337.PDF,.pdf,166209,ok,True,False,text,False,1,0,1,False,0,False,0-10,Name | Email | Work-Related,True,Contact Information | Work-Related Information,False,,ambiguous,True,no,3838,likely_non_responsive,"img_ocr:p1(1/1,+15chars)",False,False,0,1,1,1,0,1,6.28,True,False,False,stage1_nr,False,,,0,False,,False,,3838
CNG_Data2k_variance/files/Q00897.01-0000106786.XLSX,Q00897.01-0000106786.XLSX,.xlsx,150444,ok,True,True,text,True,1,0,154,False,154,True,100+,Name | Phone | Money/Amount,True,Contact Information | Financial Account Information,True,,ambiguous,True,yes,14407,structured_bde,bde_llm_count_roster,False,False,0,0,0,0,0,0,8.833,False,True,True,,True,likely_no,no,7684,True,likely_non_responsive,True,,22091
CNG_Data2k_variance/files/Q00897.01-0000670450.MSG,Q00897.01-0000670450.MSG,.msg,177664,ok,True,False,text,False,0,0,5,False,0,False,0-10,Name | Address | Email | Phone | Money/Amount,True,Contact Information | Financial Account Information,False,,ambiguous,True,yes,4505,standard,,False,False,0,0,0,0,0,0,2.849,False,False,True,,True,likely_no,no,4572,False,likely_non_responsive,True,,9077
CNG_Data2k_variance\files\Q00897.01-0000851399.XLS,Q00897.01-0000851399.XLS,.xls,21901,ok,True,True,text,True,1,0,66,False,0,False,50-100,Money/Amount,False,Financial Account Information,False,,ambiguous,True,no,7285,likely_non_responsive,roster_by_rowcount bde_llm_count,False,False,0,0,0,0,0,0,2.435,True,False,False,stage1_nr,False,,,0,False,,False,,7285
CNG_Data2k_variance/files/Q00897.01-0000114853.PDF,Q00897.01-0000114853.PDF,.pdf,19651,ok,True,False,text,False,9,0,1,False,0,False,0-10,Card/Transaction | Money/Amount | Work-Related,False,Financial Account Information | Work-Related Information,False,,ambiguous,True,no,10826,likely_non_responsive,,False,False,0,0,0,0,0,0,1.388,True,False,False,stage1_nr,False,,,0,False,,False,,10826
CNG_Data2k_variance/files/Q00897.01-0000537643.0001.PDF,Q00897.01-0000537643.0001.PDF,.pdf,16021,ok,True,False,text,False,2,0,1,False,0,False,0-10,Money/Amount,False,Financial Account Information,False,,clear_non_responsive,False,,0,likely_non_responsive,,False,False,0,0,0,0,0,0,0.138,True,False,False,stage1_nr,False,,,0,False,,False,,0
CNG_Data2k_variance/files/Q00897.01-0000658826.0001.PDF,Q00897.01-0000658826.0001.PDF,.pdf,418691,ok,True,False,text,False,4,0,4,False,0,False,0-10,Name | Address | Phone | Money/Amount | Health,True,Contact Information | Financial Account Information | Health-Related Information,False,,ambiguous,True,yes,8741,standard,"img_ocr:p2,p4(2/2,+20chars)",False,False,0,2,2,2,0,2,11.696,False,False,True,,True,likely_no,no,8824,False,likely_non_responsive,True,,17565
CNG_Data2k_variance/files/Q00897.01-0000839072.0001.DOCX,Q00897.01-0000839072.0001.DOCX,.docx,51810,ok,True,False,text,False,0,0,3,False,0,False,0-10,Name,False,,False,,ambiguous,True,no,8460,likely_non_responsive,,False,False,0,0,0,0,0,0,2.568,True,False,False,stage1_nr,False,,,0,False,,False,,8460
CNG_Data2k_variance/files/Q00897.01-0000794325.0001.PDF,Q00897.01-0000794325.0001.PDF,.pdf,3810632,ok,True,False,text,False,17,0,2,False,0,False,0-10,Name | Money/Amount | Work-Related,True,Financial Account Information | Work-Related Information,False,,ambiguous,True,yes,8969,standard,"img_ocr:p2(1/1,+52chars)",False,False,0,1,1,1,0,1,9.127,False,False,True,,True,likely_yes,yes,9093,False,standard,False,,18062
CNG_Data2k_variance/files/Q00897.01-0000723505.MSG,Q00897.01-0000723505.MSG,.msg,399872,ok,True,False,text,False,0,0,1,False,0,False,0-10,Money/Amount | Health | Work-Related,False,Financial Account Information | Health-Related Information | Work-Related Information,False,,ambiguous,True,no,7506,likely_non_responsive,,False,False,0,0,0,0,0,0,3.77,True,False,False,stage1_nr,False,,,0,False,,False,,7506
CNG_Data2k_variance/files/Q00897.01-0000890287.PDF,Q00897.01-0000890287.PDF,.pdf,11283,ok,True,False,text,False,1,0,1,False,0,False,0-10,Name | Phone,True,Contact Information,False,,ambiguous,True,yes,4337,standard,,False,False,0,0,0,0,0,0,2.554,False,False,True,,True,likely_no,no,4434,False,likely_non_responsive,True,,8771
CNG_Data2k_variance/files/Q00897.01-0000389573.MSG,Q00897.01-0000389573.MSG,.msg,80384,ok,True,False,text,False,0,0,2,False,0,False,0-10,Name | Email,True,Contact Information,False,,ambiguous,True,yes,3890,standard,,False,False,0,0,0,0,0,0,3.55,False,False,True,,True,likely_no,no,3944,False,likely_non_responsive,True,,7834
CNG_Data2k_variance/files/Q00897.01-0000441136.MSG,Q00897.01-0000441136.MSG,.msg,225280,ok,True,False,text,False,0,0,2,False,0,False,0-10,Name | Address | Email | Phone | Credentials,True,Contact Information | Access Credentials,False,,ambiguous,True,yes,4421,standard,,False,False,0,0,0,0,0,0,3.329,False,False,True,,True,clear_no,no,4457,False,likely_non_responsive,True,,8878
CNG_Data2k_variance/files/Q00897.01-0000114546.PDF,Q00897.01-0000114546.PDF,.pdf,17998,ok,True,False,text,False,9,0,1,False,0,False,0-10,Card/Transaction | Money/Amount | Work-Related,False,Financial Account Information | Work-Related Information,False,,ambiguous,True,no,9668,likely_non_responsive,,False,False,0,0,0,0,0,0,1.922,True,False,False,stage1_nr,False,,,0,False,,False,,9668
CNG_Data2k_variance/files/Q00897.01-0000914327.PDF,Q00897.01-0000914327.PDF,.pdf,322333,ok,True,False,text,False,3,0,1,False,0,False,0-10,Phone | SSN | Money/Amount | Work-Related,True,Contact Information | Government-Issued Identification | Financial Account Information | Work-Related Information,False,,clear_responsive,False,,0,standard,"img_ocr:p3(1/1,+6chars)",False,False,0,1,1,1,0,1,5.476,False,False,True,,True,clear_yes,yes,6499,False,standard,False,,6499
CNG_Data2k_variance/files/Q00897.01-0000887334.PDF,Q00897.01-0000887334.PDF,.pdf,59982,ok,True,False,text,False,1,0,3,False,0,False,0-10,Name | Address | Email | Phone | Money/Amount | Demographic,True,Contact Information | Financial Account Information | Demographic Information,False,,ambiguous,True,yes,4418,standard,,False,False,0,0,0,0,0,0,63.508,False,False,True,,True,likely_no,no,4457,False,likely_non_responsive,True,,8875
CNG_Data2k_variance/files/Q00897.01-0000298828.XLSX,Q00897.01-0000298828.XLSX,.xlsx,14349,ok,True,True,text,True,1,0,374,False,0,False,100+,Address | Email,True,Contact Information,False,,ambiguous,True,no,8122,likely_non_responsive,roster_by_rowcount bde_llm_count,False,False,0,0,0,0,0,0,2.75,True,False,False,stage1_nr,False,,,0,False,,False,,8122
CNG_Data2k_variance/files/Q00897.01-0000290694.CSV,Q00897.01-0000290694.CSV,.csv,3776,ok,True,True,text,True,0,0,14,False,3,False,10-20,Name | SSN | Money/Amount | Health,True,Government-Issued Identification | Financial Account Information | Health-Related Information,False,,clear_responsive,False,,4278,standard,bde_llm_count_roster,False,False,0,0,0,0,0,0,2.718,False,False,True,,True,clear_yes,yes,5150,False,standard,False,,9428
CNG_Data2k_variance/files/Q00897.01-0000641335.MSG,Q00897.01-0000641335.MSG,.msg,67072,ok,True,False,text,False,0,1,4,False,0,False,0-10,Name | Address | Email | Phone | Money/Amount | Work-Related,True,Contact Information | Financial Account Information | Work-Related Information,False,,ambiguous,True,yes,6710,standard,,False,False,0,0,0,0,0,0,3.315,False,False,True,,True,likely_yes,yes,6739,False,standard,False,,13449
CNG_Data2k_variance\files\Q00897.01-0000021379.XLS,Q00897.01-0000021379.XLS,.xls,71844,ok,True,True,text,True,2,0,3,False,3,False,0-10,Name | Phone | Money/Amount,True,Contact Information | Financial Account Information,False,,ambiguous,True,yes,7706,standard,bde_llm_count_roster,False,False,0,0,0,0,0,0,4.772,False,False,True,,True,clear_yes,yes,4347,False,standard,False,,12053
CNG_Data2k_variance/files/Q00897.01-0000021802.PDF,Q00897.01-0000021802.PDF,.pdf,361457,ok,True,False,text,False,1,0,7,False,6,False,0-10,Name | Money/Amount | Work-Related,False,Financial Account Information | Work-Related Information,False,,ambiguous,True,yes,31731,standard,bde_llm_count,False,False,0,0,0,0,0,0,5.821,False,False,True,,True,clear_yes,yes,16447,False,standard,False,,48178
CNG_Data2k_variance/files/Q00897.01-0000547463.0001.XLSX,Q00897.01-0000547463.0001.XLSX,.xlsx,60434,ok,True,True,text,True,1,0,507,False,0,False,100+,Money/Amount,False,Financial Account Information,False,,ambiguous,True,no,15326,likely_non_responsive,roster_by_rowcount bde_llm_count,False,False,0,0,0,0,0,0,3.242,True,False,False,stage1_nr,False,,,0,False,,False,,15326
CNG_Data2k_variance/files/Q00897.01-0000474548.0001.JPG,Q00897.01-0000474548.0001.JPG,.jpg,277934,ok,True,False,text,False,1,0,1,False,0,False,0-10,Address | Email | Card/Transaction,True,Contact Information | Financial Account Information,False,,ambiguous,True,no,3944,likely_non_responsive,,True,True,1,0,0,0,0,1,6.559,True,False,False,stage1_nr,False,,,0,False,,False,,3944
CNG_Data2k_variance/files/Q00897.01-0000310299.XLSX,Q00897.01-0000310299.XLSX,.xlsx,248173,ok,True,True,text,True,6,0,2634,False,2634,True,100+,Name | Phone,True,Contact Information,True,,ambiguous,True,yes,10618,structured_bde,roster_by_rowcount bde_llm_count_roster,False,False,0,0,0,0,0,0,10.743,False,True,True,,True,likely_no,no,5759,True,likely_non_responsive,True,,16377
CNG_Data2k_variance/files/Q00897.01-0000276462.PDF,Q00897.01-0000276462.PDF,.pdf,271399,ok,True,False,text,False,2,0,2,False,0,False,0-10,Name | Address | Phone | Money/Amount,True,Contact Information | Financial Account Information,False,,ambiguous,True,no,3967,likely_non_responsive,,True,True,2,0,0,0,0,1,6.726,True,False,False,stage1_nr,False,,,0,False,,False,,3967
CNG_Data2k_variance/files/Q00897.01-0000699487.MSG,Q00897.01-0000699487.MSG,.msg,187392,ok,True,False,text,False,0,0,1,False,0,False,0-10,Name | Address | Email | Money/Amount,True,Contact Information | Financial Account Information,False,,ambiguous,True,yes,4263,standard,,False,False,0,0,0,0,0,0,3.9,False,False,True,,True,clear_yes,yes,4332,False,standard,False,,8595
CNG_Data2k_variance/files/Q00897.01-0000213347.PDF,Q00897.01-0000213347.PDF,.pdf,49371,ok,True,False,text,False,1,0,1,False,0,False,0-10,Address | Money/Amount,True,Contact Information | Financial Account Information,False,,ambiguous,True,no,4351,likely_non_responsive,"img_ocr:p1(1/1,+13chars)",False,False,0,1,1,1,0,1,5.218,True,False,False,stage1_nr,False,,,0,False,,False,,4351
CNG_Data2k_variance/files/Q00897.01-0000012832.PDF,Q00897.01-0000012832.PDF,.pdf,428815,ok,True,True,text,True,2,0,38,False,1,False,20-50,Name | Address | Money/Amount,True,Contact Information | Financial Account Information,False,,ambiguous,True,yes,7947,standard,bde_llm_count,True,True,2,0,0,0,0,1,9.382,False,False,True,,True,clear_yes,yes,4424,False,standard,False,,12371
CNG_Data2k_variance/files/Q00897.01-0000009020.PDF,Q00897.01-0000009020.PDF,.pdf,795990,ok,True,False,text,False,5,0,2,False,0,False,0-10,Name | Money/Amount | Work-Related,False,Financial Account Information | Work-Related Information,False,,ambiguous,True,yes,12969,standard,"img_ocr:none(2 calls,0 chars)",False,False,0,2,2,0,0,2,13.954,False,False,True,,True,clear_yes,yes,13037,False,standard,False,,26006
CNG_Data2k_variance/files/Q00897.01-0000818298.0001.PDF,Q00897.01-0000818298.0001.PDF,.pdf,131944,ok,True,True,text,True,2,0,10,False,2,False,0-10,Name | Address | Money/Amount,True,Contact Information | Financial Account Information,False,,ambiguous,True,no,7610,likely_non_responsive,bde_llm_count,True,True,2,0,0,0,0,1,8.269,True,False,False,stage1_nr,False,,,0,False,,False,,7610
CNG_Data2k_variance/files/Q00897.01-0000515746.MSG,Q00897.01-0000515746.MSG,.msg,249344,ok,True,False,text,False,0,9,12,False,9,False,10-20,Name | Address | Email | Phone,True,Contact Information,False,,ambiguous,True,yes,14777,standard,bde_llm_count,False,False,0,0,0,0,0,0,7.439,False,False,True,,True,likely_yes,yes,7901,False,standard,False,,22678
CNG_Data2k_variance/files/Q00897.01-0000260815.XLSX,Q00897.01-0000260815.XLSX,.xlsx,20798,ok,True,True,text,True,1,0,63,False,1,True,50-100,Name | Phone | Money/Amount,True,Contact Information | Financial Account Information,True,,ambiguous,True,yes,17371,structured_bde,roster_by_rowcount bde_llm_count_roster,False,False,0,0,0,0,0,0,4.359,False,True,True,,True,likely_yes,yes,9151,True,structured_bde,False,,26522
CNG_Data2k_variance/files/Q00897.01-0000259150.PDF,Q00897.01-0000259150.PDF,.pdf,1676034,ok,True,False,text,False,4,0,6,False,0,False,0-10,Name | Address | Email | Phone | Money/Amount,True,Contact Information | Financial Account Information,False,,ambiguous,True,yes,4611,standard,,False,False,0,0,0,0,0,0,3.734,False,False,True,,True,likely_no,no,4688,False,likely_non_responsive,True,,9299
CNG_Data2k_variance/files/Q00897.01-0000247419.PDF,Q00897.01-0000247419.PDF,.pdf,933186,ok,True,False,text,False,2,0,1,False,0,False,0-10,Money/Amount,False,Financial Account Information,False,,clear_non_responsive,False,,0,likely_non_responsive,,False,False,0,0,0,0,0,0,0.138,True,False,False,stage1_nr,False,,,0,False,,False,,0
CNG_Data2k_variance/files/Q00897.01-0000450105.0002.PDF,Q00897.01-0000450105.0002.PDF,.pdf,1223715,ok,True,False,text,False,17,0,1,False,0,False,0-10,Money/Amount,False,Financial Account Information,False,,clear_non_responsive,False,,0,likely_non_responsive,"img_ocr:p1,p6,p6,p15,p15,p15,p17(7/8,+1051chars)",False,False,0,8,8,7,0,8,35.086,True,False,False,stage1_nr,False,,,0,False,,False,,0
CNG_Data2k_variance/files/Q00897.01-0000100244.DOCX,Q00897.01-0000100244.DOCX,.docx,62434,ok,True,False,text,False,0,0,1,False,0,False,0-10,Money/Amount,False,Financial Account Information,False,,clear_non_responsive,False,,0,likely_non_responsive,,False,False,0,0,0,0,0,0,0.059,True,False,False,stage1_nr,False,,,0,False,,False,,0
CNG_Data2k_variance/files/Q00897.01-0000257148.XLSM,Q00897.01-0000257148.XLSM,.xlsm,366994,ok,True,True,text,True,7,0,261,False,261,True,100+,Name,False,,True,,ambiguous,True,yes,8184,structured_bde,bde_llm_count_roster,False,False,0,0,0,0,0,0,12.011,False,True,True,,True,likely_no,no,4543,True,likely_non_responsive,True,,12727
CNG_Data2k_variance/files/Q00897.01-0000056779.PDF,Q00897.01-0000056779.PDF,.pdf,668349,ok,True,True,text,True,2,0,26,False,1,False,20-50,Name | Address | Phone | Money/Amount,True,Contact Information | Financial Account Information,False,,ambiguous,True,yes,8432,standard,bde_llm_count,True,True,2,0,0,0,0,1,9.112,False,False,True,,True,clear_no,no,4683,False,likely_non_responsive,True,,13115
CNG_Data2k_variance/files/Q00897.01-0000404450.0001.XLSX,Q00897.01-0000404450.0001.XLSX,.xlsx,134148,ok,True,True,text,True,6,0,425,False,0,False,100+,Name | Phone | Payment Card | Money/Amount,True,Contact Information | Financial Account Information,False,,ambiguous,True,yes,9469,standard,bde_llm_count,False,False,0,0,0,0,0,0,4.935,False,False,True,,True,clear_no,no,5227,True,likely_non_responsive,True,,14696
CNG_Data2k_variance/files/Q00897.01-0000746251.MSG,Q00897.01-0000746251.MSG,.msg,105984,ok,True,False,text,False,0,0,1,False,0,False,0-10,Address,True,Contact Information,False,,ambiguous,True,no,3837,likely_non_responsive,,False,False,0,0,0,0,0,0,1.125,True,False,False,stage1_nr,False,,,0,False,,False,,3837
CNG_Data2k_variance/files/Q00897.01-0000557252.MSG,Q00897.01-0000557252.MSG,.msg,304128,ok,True,False,text,False,0,0,2,False,0,False,0-10,Address | Email | Phone,True,Contact Information,False,,ambiguous,True,no,7095,likely_non_responsive,,False,False,0,0,0,0,0,0,3.294,True,False,False,stage1_nr,False,,,0,False,,False,,7095
CNG_Data2k_variance\files\Q00897.01-0000658195.0001.XLS,Q00897.01-0000658195.0001.XLS,.xls,54470,ok,True,True,text,True,7,0,594,False,0,False,100+,Name | Address | Phone | Money/Amount,True,Contact Information | Financial Account Information,False,,ambiguous,True,yes,8445,standard,roster_by_rowcount bde_llm_count,False,False,0,0,0,0,0,0,4.282,False,False,True,,True,clear_no,no,4666,True,likely_non_responsive,True,,13111
CNG_Data2k_variance/files/Q00897.01-0000481336.MSG,Q00897.01-0000481336.MSG,.msg,25088,ok,True,False,text,False,0,0,6,False,0,False,0-10,Name | Email,True,Contact Information,False,,ambiguous,True,no,4122,likely_non_responsive,,False,False,0,0,0,0,0,0,1.316,True,False,False,stage1_nr,False,,,0,False,,False,,4122
CNG_Data2k_variance/files/Q00897.01-0000079475.PDF,Q00897.01-0000079475.PDF,.pdf,89585,ok,True,False,text,False,1,0,1,False,0,False,0-10,Phone | Money/Amount,True,Contact Information | Financial Account Information,False,,ambiguous,True,no,4100,likely_non_responsive,"img_ocr:p1(1/1,+112chars)",False,False,0,1,1,1,0,1,5.83,True,False,False,stage1_nr,False,,,0,False,,False,,4100
CNG_Data2k_variance/files/Q00897.01-0000279863.PDF,Q00897.01-0000279863.PDF,.pdf,5883,ok,True,False,text,False,1,0,1,False,0,False,0-10,Name | Address | Phone | Money/Amount | Health,True,Contact Information | Financial Account Information | Health-Related Information,False,,ambiguous,True,yes,3805,standard,,False,False,0,0,0,0,0,0,2.543,False,False,True,,True,likely_yes,yes,3872,False,standard,False,,7677
CNG_Data2k_variance/files/Q00897.01-0000112101.XLSX,Q00897.01-0000112101.XLSX,.xlsx,33931,ok,True,True,text,True,1,0,573,False,0,False,100+,Work-Related,False,Work-Related Information,False,,ambiguous,True,no,8381,likely_non_responsive,roster_by_rowcount bde_llm_count,False,False,0,0,0,0,0,0,1.963,True,False,False,stage1_nr,False,,,0,False,,False,,8381
CNG_Data2k_variance/files/Q00897.01-0000005550.PDF,Q00897.01-0000005550.PDF,.pdf,70931,ok,True,False,text,False,1,0,0,False,0,False,0-10,,False,,False,,clear_non_responsive,False,,0,likely_non_responsive,,True,True,1,0,0,0,0,1,5.279,True,False,False,stage1_nr,False,,,0,False,,False,,0
CNG_Data2k_variance/files/Q00897.01-0000840264.MSG,Q00897.01-0000840264.MSG,.msg,110592,ok,True,False,text,False,0,0,5,False,0,False,0-10,Name | Address | Email | Phone,True,Contact Information,False,,ambiguous,True,yes,4728,standard,,False,False,0,0,0,0,0,0,3.456,False,False,True,,True,likely_yes,yes,4797,False,standard,False,,9525
CNG_Data2k_variance/files/Q00897.01-0000614391.0001.PPTX,Q00897.01-0000614391.0001.PPTX,.pptx,6428543,ok,True,False,text,False,25,0,3,False,0,False,0-10,Name | Card/Transaction | Money/Amount,False,Financial Account Information,False,,ambiguous,True,no,4568,likely_non_responsive,,False,False,0,0,0,0,0,0,1.714,True,False,False,stage1_nr,False,,,0,False,,False,,4568
CNG_Data2k_variance/files/Q00897.01-0000769046.MSG,Q00897.01-0000769046.MSG,.msg,341504,ok,True,False,text,False,0,4,5,False,0,False,0-10,Name | Address | Email | Phone | Card/Transaction | Money/Amount,True,Contact Information | Financial Account Information,False,,ambiguous,True,yes,4413,standard,,False,False,0,0,0,0,0,0,3.463,False,False,True,,True,likely_no,no,4504,False,likely_non_responsive,True,,8917
CNG_Data2k_variance/files/Q00897.01-0000799844.0001.PDF,Q00897.01-0000799844.0001.PDF,.pdf,23148,ok,True,False,text,False,1,0,0,False,0,False,0-10,,False,,False,,clear_non_responsive,False,,0,likely_non_responsive,,False,False,0,0,0,0,0,0,0.05,True,False,False,stage1_nr,False,,,0,False,,False,,0
CNG_Data2k_variance/files/Q00897.01-0000319530.TXT,Q00897.01-0000319530.TXT,.txt,1674,ok,True,False,text,False,0,0,0,False,0,False,0-10,,False,,False,,clear_non_responsive,False,,0,likely_non_responsive,,False,False,0,0,0,0,0,0,0.038,True,False,False,stage1_nr,False,,,0,False,,False,,0
CNG_Data2k_variance/files/Q00897.01-0000608989.0001.PPTX,Q00897.01-0000608989.0001.PPTX,.pptx,11102453,ok,True,False,text,False,20,0,1,False,0,False,0-10,Name,False,,False,,ambiguous,True,no,4680,likely_non_responsive,,False,False,0,0,0,0,0,0,1.463,True,False,False,stage1_nr,False,,,0,False,,False,,4680
CNG_Data2k_variance/files/Q00897.01-0000766079.MSG,Q00897.01-0000766079.MSG,.msg,203776,ok,True,False,text,False,0,0,2,False,0,False,0-10,Name | Address | Email | Phone,True,Contact Information,False,,ambiguous,True,no,4225,likely_non_responsive,,False,False,0,0,0,0,0,0,2.099,True,False,False,stage1_nr,False,,,0,False,,False,,4225
CNG_Data2k_variance/files/Q00897.01-0000363983.MSG,Q00897.01-0000363983.MSG,.msg,295424,ok,True,False,text,False,0,0,1,False,0,False,0-10,Name | Address | Email | Phone | Card Expiry/CVV | Card/Transaction | Money/Amount,True,Contact Information | Financial Account Information,False,,ambiguous,True,yes,5753,standard,,False,False,0,0,0,0,0,0,61.476,False,False,True,,True,likely_yes,yes,5792,False,standard,False,,11545
CNG_Data2k_variance/files/Q00897.01-0000814474.0003.PDF,Q00897.01-0000814474.0003.PDF,.pdf,813991,ok,True,False,text,False,10,0,1,False,0,False,0-10,Money/Amount | Credentials,False,Financial Account Information | Access Credentials,False,,ambiguous,True,no,8492,likely_non_responsive,,True,True,10,0,0,0,0,1,8.557,True,False,False,stage1_nr,False,,,0,False,,False,,8492
CNG_Data2k_variance/files/Q00897.01-0000691818.MSG,Q00897.01-0000691818.MSG,.msg,248832,ok,True,False,text,False,0,0,2,False,0,False,0-10,Address | Email | Phone | Money/Amount,True,Contact Information | Financial Account Information,False,,ambiguous,True,no,4655,likely_non_responsive,,False,False,0,0,0,0,0,0,2.935,True,False,False,stage1_nr,False,,,0,False,,False,,4655
CNG_Data2k_variance/files/Q00897.01-0000114503.PDF,Q00897.01-0000114503.PDF,.pdf,19229,ok,True,False,text,False,9,0,1,False,0,False,0-10,Card/Transaction | Money/Amount | Work-Related,False,Financial Account Information | Work-Related Information,False,,ambiguous,True,no,10793,likely_non_responsive,,False,False,0,0,0,0,0,0,1.882,True,False,False,stage1_nr,False,,,0,False,,False,,10793
CNG_Data2k_variance/files/Q00897.01-0000346297.PDF,Q00897.01-0000346297.PDF,.pdf,28927,ok,True,False,text,False,7,0,1,False,0,False,0-10,Name | Address | Money/Amount,True,Contact Information | Financial Account Information,False,,ambiguous,True,yes,6609,standard,,False,False,0,0,0,0,0,0,3.765,False,False,True,,True,clear_yes,yes,6659,False,standard,False,,13268
CNG_Data2k_variance/files/Q00897.01-0000890821.PDF,Q00897.01-0000890821.PDF,.pdf,25170,ok,True,False,text,False,4,0,0,False,0,False,0-10,,False,,False,,clear_non_responsive,False,,0,likely_non_responsive,,False,False,0,0,0,0,0,0,0.303,True,False,False,stage1_nr,False,,,0,False,,False,,0
CNG_Data2k_variance/files/Q00897.01-0000292534.PDF,Q00897.01-0000292534.PDF,.pdf,1313,ok,True,False,text,False,1,0,1,False,0,False,0-10,Name | Money/Amount,True,Financial Account Information,False,,ambiguous,True,yes,3803,standard,,False,False,0,0,0,0,0,0,2.861,False,False,True,,True,likely_yes,yes,3842,False,standard,False,,7645
CNG_Data2k_variance/files/Q00897.01-0000138121.PDF,Q00897.01-0000138121.PDF,.pdf,333671,ok,True,True,text,True,4,0,88,False,0,False,50-100,Name | Address | Phone | Money/Amount,True,Contact Information | Financial Account Information,False,,ambiguous,True,yes,18043,standard,bde_llm_count,True,True,4,0,0,0,0,1,12.901,False,False,True,,True,likely_no,no,9524,True,likely_non_responsive,True,,27567
CNG_Data2k_variance/files/Q00897.01-0000652490.MSG,Q00897.01-0000652490.MSG,.msg,125952,ok,True,False,text,False,0,0,0,False,0,False,0-10,,False,,False,,clear_non_responsive,False,,0,likely_non_responsive,,False,False,0,0,0,0,0,0,0.132,True,False,False,stage1_nr,False,,,0,False,,False,,0
CNG_Data2k_variance/files/Q00897.01-0000390262.MSG,Q00897.01-0000390262.MSG,.msg,95744,ok,True,False,text,False,0,0,1,False,0,False,0-10,Name | Email | Phone | Card/Transaction,True,Contact Information | Financial Account Information,False,,ambiguous,True,yes,4152,standard,,False,False,0,0,0,0,0,0,4.595,False,False,True,,True,likely_yes,yes,4212,False,standard,False,,8364
CNG_Data2k_variance/files/Q00897.01-0000254726.PDF,Q00897.01-0000254726.PDF,.pdf,6695478,ok,True,True,text,True,15,0,579,False,0,False,100+,Phone | Money/Amount,True,Contact Information | Financial Account Information,False,,ambiguous,True,no,32222,likely_non_responsive,bde_llm_count,True,True,15,0,0,0,0,1,16.444,True,False,False,stage1_nr,False,,,0,False,,False,,32222
CNG_Data2k_variance/files/Q00897.01-0000546996.0001.CSV,Q00897.01-0000546996.0001.CSV,.csv,127460,ok,True,True,text,True,0,0,524,False,0,False,100+,Phone | Money/Amount,True,Contact Information | Financial Account Information,False,,ambiguous,True,no,17292,likely_non_responsive,roster_by_rowcount bde_llm_count,False,False,0,0,0,0,0,0,2.612,True,False,False,stage1_nr,False,,,0,False,,False,,17292
CNG_Data2k_variance/files/Q00897.01-0000874499.PDF,Q00897.01-0000874499.PDF,.pdf,117166,ok,True,False,text,False,3,0,0,False,0,False,0-10,,False,,False,,clear_non_responsive,False,,0,likely_non_responsive,,False,False,0,0,0,0,0,0,0.448,True,False,False,stage1_nr,False,,,0,False,,False,,0
CNG_Data2k_variance/files/Q00897.01-0000341379.DOCX,Q00897.01-0000341379.DOCX,.docx,29457,ok,True,False,text,False,0,0,3,False,0,False,0-10,Name | Address | Phone,True,Contact Information,False,,ambiguous,True,yes,3884,standard,,False,False,0,0,0,0,0,0,4.057,False,False,True,,True,likely_no,no,3960,False,likely_non_responsive,True,,7844
CNG_Data2k_variance/files/Q00897.01-0000871581.TXT,Q00897.01-0000871581.TXT,.txt,1579,ok,True,False,text,False,0,0,2,False,0,False,0-10,Address | Phone | Money/Amount,True,Contact Information | Financial Account Information,False,,ambiguous,True,no,3945,likely_non_responsive,,False,False,0,0,0,0,0,0,1.052,True,False,False,stage1_nr,False,,,0,False,,False,,3945
CNG_Data2k_variance/files/Q00897.01-0000840047.0001.DOCX,Q00897.01-0000840047.0001.DOCX,.docx,486843,ok,True,False,text,False,0,0,5,False,0,False,0-10,Name | Address | Money/Amount | Health | Work-Related,True,Contact Information | Financial Account Information | Health-Related Information | Work-Related Information,False,,ambiguous,True,yes,6330,standard,,False,False,0,0,0,0,0,0,5.03,False,False,True,,True,likely_no,no,6407,False,likely_non_responsive,True,,12737
CNG_Data2k_variance/files/Q00897.01-0000716735.MSG,Q00897.01-0000716735.MSG,.msg,325120,ok,True,False,text,False,0,0,1,False,0,False,0-10,Money/Amount,False,Financial Account Information,False,,clear_non_responsive,False,,0,likely_non_responsive,,False,False,0,0,0,0,0,0,1.547,True,False,False,stage1_nr,False,,,0,False,,False,,0
CNG_Data2k_variance/files/Q00897.01-0000443938.0003.PDF,Q00897.01-0000443938.0003.PDF,.pdf,320834,ok,True,False,text,False,1,0,1,False,0,False,0-10,Name | Address | Phone,True,Contact Information,False,,ambiguous,True,yes,4002,standard,,True,True,1,0,0,0,0,1,7.861,False,False,True,,True,clear_yes,yes,4056,False,standard,False,,8058
CNG_Data2k_variance/files/Q00897.01-0000389548.MSG,Q00897.01-0000389548.MSG,.msg,86016,ok,True,False,text,False,0,0,1,False,0,False,0-10,Name | Email | Card/Transaction | Money/Amount,True,Contact Information | Financial Account Information,False,,ambiguous,True,yes,4690,standard,,False,False,0,0,0,0,0,0,3.914,False,False,True,,True,likely_no,no,4736,False,likely_non_responsive,True,,9426
CNG_Data2k_variance/files/Q00897.01-0000697980.MSG,Q00897.01-0000697980.MSG,.msg,183296,ok,True,False,text,False,0,0,1,False,0,False,0-10,Name | Address | Email | Money/Amount,True,Contact Information | Financial Account Information,False,,ambiguous,True,yes,4260,standard,,False,False,0,0,0,0,0,0,3.222,False,False,True,,True,clear_yes,yes,4314,False,standard,False,,8574
CNG_Data2k_variance/files/Q00897.01-0000005773.PDF,Q00897.01-0000005773.PDF,.pdf,1333018,ok,True,True,text,True,2,0,23,False,3,False,20-50,Name | Money/Amount | Work-Related,False,Financial Account Information | Work-Related Information,False,,ambiguous,True,yes,8399,standard,bde_llm_count,True,True,2,0,0,0,0,1,13.572,False,False,True,,True,likely_yes,yes,4661,False,standard,False,,13060
CNG_Data2k_variance/files/Q00897.01-0000860830.PDF,Q00897.01-0000860830.PDF,.pdf,218235,ok,True,True,text,True,1,0,16,False,1,False,10-20,Name | Email | Phone,True,Contact Information,False,,ambiguous,True,yes,7603,standard,bde_llm_count,True,True,1,0,0,0,0,1,7.619,False,False,True,,True,likely_yes,yes,4251,False,standard,False,,11854
CNG_Data2k_variance/files/Q00897.01-0000270711.DOCX,Q00897.01-0000270711.DOCX,.docx,68509,ok,True,False,text,False,0,0,2,False,0,False,0-10,Name | Money/Amount,True,Financial Account Information,False,,ambiguous,True,no,6050,likely_non_responsive,,False,False,0,0,0,0,0,0,1.554,True,False,False,stage1_nr,False,,,0,False,,False,,6050
CNG_Data2k_variance/files/Q00897.01-0000341077.PDF,Q00897.01-0000341077.PDF,.pdf,800544,ok,True,False,text,False,1,0,0,False,0,False,0-10,,False,,False,,clear_non_responsive,False,,0,likely_non_responsive,,True,True,1,0,0,0,0,1,4.255,True,False,False,stage1_nr,False,,,0,False,,False,,0
CNG_Data2k_variance/files/Q00897.01-0000619558.MSG,Q00897.01-0000619558.MSG,.msg,6029824,ok,True,False,text,False,0,5,7,False,6,False,0-10,Name | Address | Email | Phone,True,Contact Information,False,,ambiguous,True,yes,9580,standard,bde_llm_count,False,False,0,0,0,0,0,0,6.478,False,False,True,,True,likely_no,no,5233,False,likely_non_responsive,True,,14813
CNG_Data2k_variance/files/Q00897.01-0000656043.0001.PDF,Q00897.01-0000656043.0001.PDF,.pdf,381815,ok,True,False,text,False,25,0,2,False,0,False,0-10,Address | Phone | Card/Transaction | Money/Amount | Work-Related,True,Contact Information | Financial Account Information | Work-Related Information,False,,ambiguous,True,no,9212,likely_non_responsive,"img_ocr:p3,p4(2/2,+32chars)",False,False,0,2,2,2,0,2,11.276,True,False,False,stage1_nr,False,,,0,False,,False,,9212
CNG_Data2k_variance/files/Q00897.01-0000773629.0001.PDF,Q00897.01-0000773629.0001.PDF,.pdf,154428,ok,True,False,text,False,4,0,2,False,0,False,0-10,Name | Address | Email | Phone | Work-Related,True,Contact Information | Work-Related Information,False,,ambiguous,True,no,8399,likely_non_responsive,,False,False,0,0,0,0,0,0,3.508,True,False,False,stage1_nr,False,,,0,False,,False,,8399
CNG_Data2k_variance/files/Q00897.01-0000803745.0003.DOCM,Q00897.01-0000803745.0003.DOCM,.docm,97281,ok,True,False,text,False,0,0,4,False,0,False,0-10,Name | Address | Email,True,Contact Information,False,,ambiguous,True,yes,6826,standard,,False,False,0,0,0,0,0,0,2.517,False,False,True,,True,likely_yes,yes,6881,False,standard,False,,13707
CNG_Data2k_variance/files/Q00897.01-0000757726.MSG,Q00897.01-0000757726.MSG,.msg,105984,ok,True,False,text,False,0,1,1,False,0,False,0-10,Phone | Credentials,True,Contact Information | Access Credentials,False,,ambiguous,True,no,4382,likely_non_responsive,,False,False,0,0,0,0,0,0,60.875,True,False,False,stage1_nr,False,,,0,False,,False,,4382
CNG_Data2k_variance/files/Q00897.01-0000347032.PDF,Q00897.01-0000347032.PDF,.pdf,391759,ok,True,False,text,False,97,0,2,False,0,False,0-10,Name | Address | Phone | Money/Amount,True,Contact Information | Financial Account Information,False,,ambiguous,True,yes,16067,standard,,False,False,0,0,0,0,0,0,67.83,False,False,True,,True,clear_yes,yes,16130,False,standard,False,,32197
CNG_Data2k_variance/files/Q00897.01-0000013412.PDF,Q00897.01-0000013412.PDF,.pdf,358079,ok,True,True,text,True,1,0,20,False,1,False,10-20,Name | Address | Email | Phone | SSN | Date of Birth | Money/Amount | Work-Related,True,Contact Information | Government-Issued Identification | Birth Information | Financial Account Information | Work-Related Information,False,,clear_responsive,False,,3234,standard,bde_llm_count,True,True,1,0,0,0,0,1,9.613,False,False,True,,True,clear_yes,yes,4077,False,standard,False,,7311
CNG_Data2k_variance/files/Q00897.01-0000686436.MSG,Q00897.01-0000686436.MSG,.msg,265728,ok,True,False,text,False,0,0,2,False,0,False,0-10,Name | Address | Email | Money/Amount | Work-Related,True,Contact Information | Financial Account Information | Work-Related Information,False,,ambiguous,True,yes,5540,standard,,False,False,0,0,0,0,0,0,4.283,False,False,True,,True,likely_no,no,5625,False,likely_non_responsive,True,,11165
CNG_Data2k_variance/files/Q00897.01-0000294936.PDF,Q00897.01-0000294936.PDF,.pdf,489057,ok,True,False,text,False,9,0,10,False,9,False,0-10,Name | Phone | Date of Birth | Account Balance | Money/Amount,True,Contact Information | Birth Information | Financial Account Information,False,,ambiguous,True,yes,17653,standard,"img_ocr:p4(1/2,+31chars) bde_llm_count_roster",False,False,0,2,2,1,0,2,13.887,False,False,True,,True,clear_yes,yes,9300,False,standard,False,,26953
CNG_Data2k_variance/files/Q00897.01-0000901326.PDF,Q00897.01-0000901326.PDF,.pdf,18944,ok,True,False,text,False,3,0,1,False,0,False,0-10,Name | Address | Phone | Money/Amount,True,Contact Information | Financial Account Information,False,,ambiguous,True,yes,5729,standard,,False,False,0,0,0,0,0,0,2.541,False,False,True,,True,likely_yes,yes,5755,False,standard,False,,11484
CNG_Data2k_variance/files/Q00897.01-0000361068.MSG,Q00897.01-0000361068.MSG,.msg,41472,ok,True,False,text,False,0,0,4,False,0,False,0-10,Name | Address | Email | Phone | Money/Amount,True,Contact Information | Financial Account Information,False,,ambiguous,True,no,4391,likely_non_responsive,,False,False,0,0,0,0,0,0,2.06,True,False,False,stage1_nr,False,,,0,False,,False,,4391
CNG_Data2k_variance/files/Q00897.01-0000832934.MSG,Q00897.01-0000832934.MSG,.msg,70656,ok,True,False,text,False,0,0,8,False,5,False,0-10,Name | Address | Email | Phone,True,Contact Information,False,,ambiguous,True,yes,8969,standard,bde_llm_count,False,False,0,0,0,0,0,0,6.403,False,False,True,,True,clear_yes,yes,4930,False,standard,False,,13899
CNG_Data2k_variance/files/Q00897.01-0000903528.PDF,Q00897.01-0000903528.PDF,.pdf,12773,ok,True,False,text,False,2,0,1,False,0,False,0-10,Money/Amount,False,Financial Account Information,False,,clear_non_responsive,False,,0,likely_non_responsive,,False,False,0,0,0,0,0,0,0.148,True,False,False,stage1_nr,False,,,0,False,,False,,0
CNG_Data2k_variance/files/Q00897.01-0000016394.PDF,Q00897.01-0000016394.PDF,.pdf,945496,ok,True,False,text,False,1,0,3,False,0,False,0-10,Name | Email | Phone | SSN | Work-Related,True,Contact Information | Government-Issued Identification | Work-Related Information,False,,clear_responsive,False,,0,standard,,False,False,0,0,0,0,0,0,1.82,False,False,True,,True,clear_yes,yes,4416,False,standard,False,,4416
CNG_Data2k_variance/files/Q00897.01-0000260446.XLSX,Q00897.01-0000260446.XLSX,.xlsx,63595,ok,True,True,text,True,1,0,323,False,323,True,100+,Name | Address | Money/Amount,True,Contact Information | Financial Account Information,True,,ambiguous,True,yes,18267,structured_bde,roster_by_rowcount bde_llm_count_roster,False,False,0,0,0,0,0,0,5.605,False,True,True,,True,likely_no,no,9593,True,likely_non_responsive,True,,27860
CNG_Data2k_variance/files/Q00897.01-0000254042.XLSX,Q00897.01-0000254042.XLSX,.xlsx,69446,ok,True,True,text,True,2,0,1299,False,0,False,100+,Phone | Money/Amount,True,Contact Information | Financial Account Information,False,,ambiguous,True,no,11535,likely_non_responsive,roster_by_rowcount bde_llm_count,False,False,0,0,0,0,0,0,3.049,True,False,False,stage1_nr,False,,,0,False,,False,,11535
CNG_Data2k_variance/files/Q00897.01-0000704977.MSG,Q00897.01-0000704977.MSG,.msg,275456,ok,True,False,text,False,0,0,6,False,0,False,0-10,Address | Email | Money/Amount,True,Contact Information | Financial Account Information,False,,ambiguous,True,no,5123,likely_non_responsive,,False,False,0,0,0,0,0,0,2.475,True,False,False,stage1_nr,False,,,0,False,,False,,5123
CNG_Data2k_variance/files/Q00897.01-0000905659.PDF,Q00897.01-0000905659.PDF,.pdf,122355,ok,True,False,text,False,22,0,1,False,0,False,0-10,Address | Money/Amount,True,Contact Information | Financial Account Information,False,,ambiguous,True,yes,15886,standard,,False,False,0,0,0,0,0,0,5.832,False,False,True,,True,likely_no,no,15942,False,likely_non_responsive,True,,31828
CNG_Data2k_variance/files/Q00897.01-0000294628.PDF,Q00897.01-0000294628.PDF,.pdf,143739,ok,True,False,text,False,2,0,2,False,0,False,0-10,Name | Address | Phone | Account Balance | Money/Amount,True,Contact Information | Financial Account Information,False,,ambiguous,True,yes,4713,standard,"img_ocr:p1,p1(2/2,+35chars)",False,False,0,2,2,2,0,2,11.09,False,False,True,,True,likely_yes,yes,4765,False,standard,False,,9478
CNG_Data2k_variance/files/Q00897.01-0000342668.PDF,Q00897.01-0000342668.PDF,.pdf,3991772,ok,True,False,text,False,4,0,1,False,0,False,0-10,Name | Phone | Money/Amount,True,Contact Information | Financial Account Information,False,,ambiguous,True,no,4686,likely_non_responsive,,True,True,4,0,0,0,0,1,9.288,True,False,False,stage1_nr,False,,,0,False,,False,,4686
CNG_Data2k_variance/files/Q00897.01-0000619012.MSG,Q00897.01-0000619012.MSG,.msg,2295808,ok,True,False,text,False,0,3,0,False,0,False,0-10,,False,,False,,clear_non_responsive,False,,0,likely_non_responsive,,False,False,0,0,0,0,0,0,0.277,True,False,False,stage1_nr,False,,,0,False,,False,,0
CNG_Data2k_variance/files/Q00897.01-0000014462.XLSX,Q00897.01-0000014462.XLSX,.xlsx,29358,ok,True,True,text,True,3,0,151,False,151,True,100+,Name | Address | Money/Amount | Credentials | Work-Related,True,Contact Information | Financial Account Information | Access Credentials | Work-Related Information,True,,ambiguous,True,yes,7669,structured_bde,roster_by_rowcount bde_llm_count_roster,False,False,0,0,0,0,0,0,6.197,False,True,True,,True,likely_yes,yes,4327,True,structured_bde,False,,11996
CNG_Data2k_variance/files/Q00897.01-0000011174.PDF,Q00897.01-0000011174.PDF,.pdf,194465,ok,True,False,text,False,1,0,11,False,11,False,10-20,Name | Address | Money/Amount | Work-Related,True,Contact Information | Financial Account Information | Work-Related Information,False,,ambiguous,True,yes,32999,standard,bde_llm_count_roster,False,False,0,0,0,0,0,0,6.201,False,False,True,,True,likely_yes,yes,17046,False,standard,False,,50045
CNG_Data2k_variance/files/Q00897.01-0000116954.PDF,Q00897.01-0000116954.PDF,.pdf,478354,ok,True,False,text,False,69,0,1,False,0,False,0-10,Payment Card | Money/Amount,True,Financial Account Information,False,,ambiguous,True,no,14477,likely_non_responsive,,False,False,0,0,0,0,0,0,7.365,True,False,False,stage1_nr,False,,,0,False,,False,,14477
CNG_Data2k_variance/files/Q00897.01-0000753214.MSG,Q00897.01-0000753214.MSG,.msg,238592,ok,True,False,text,False,0,0,2,False,0,False,0-10,Name | Address | Email | Phone,True,Contact Information,False,,ambiguous,True,yes,3800,standard,,False,False,0,0,0,0,0,0,2.439,False,False,True,,True,likely_no,no,3875,False,likely_non_responsive,True,,7675
CNG_Data2k_variance/files/Q00897.01-0000750307.MSG,Q00897.01-0000750307.MSG,.msg,77312,ok,True,False,text,False,0,0,3,False,0,False,0-10,Name | Phone | Card/Transaction | Money/Amount,True,Contact Information | Financial Account Information,False,,ambiguous,True,yes,4022,standard,,False,False,0,0,0,0,0,0,3.173,False,False,True,,True,clear_yes,yes,4090,False,standard,False,,8112
CNG_Data2k_variance/files/Q00897.01-0000760269.MSG,Q00897.01-0000760269.MSG,.msg,78336,ok,True,False,text,False,0,0,2,False,0,False,0-10,Address | Email | Phone,True,Contact Information,False,,ambiguous,True,no,4133,likely_non_responsive,,False,False,0,0,0,0,0,0,1.539,True,False,False,stage1_nr,False,,,0,False,,False,,4133
CNG_Data2k_variance/files/Q00897.01-0000897505.PDF,Q00897.01-0000897505.PDF,.pdf,64931,ok,True,False,text,False,13,0,3,False,0,False,0-10,Name | Address | Phone | Work-Related,True,Contact Information | Work-Related Information,False,,ambiguous,True,yes,14166,standard,,False,False,0,0,0,0,0,0,5.041,False,False,True,,True,clear_yes,yes,14192,False,standard,False,,28358
CNG_Data2k_variance/files/Q00897.01-0000669389.MSG,Q00897.01-0000669389.MSG,.msg,336896,ok,True,False,text,False,0,1,3,False,0,False,0-10,Name | Phone,True,Contact Information,False,,ambiguous,True,no,3738,likely_non_responsive,,False,False,0,0,0,0,0,0,1.246,True,False,False,stage1_nr,False,,,0,False,,False,,3738
CNG_Data2k_variance/files/Q00897.01-0000108770.PDF,Q00897.01-0000108770.PDF,.pdf,445440,ok,True,True,text,True,15,0,484,False,0,False,100+,Name | Money/Amount | Work-Related,True,Financial Account Information | Work-Related Information,False,,ambiguous,True,no,23738,likely_non_responsive,bde_llm_count,True,True,15,0,0,0,0,1,14.912,True,False,False,stage1_nr,False,,,0,False,,False,,23738
CNG_Data2k_variance/files/Q00897.01-0000833497.MSG,Q00897.01-0000833497.MSG,.msg,28672,error,False,False,,False,0,0,0,False,0,False,,,False,,False,,,False,,0,review_error,MalformedRtf,False,False,0,0,0,0,0,0,0.234,False,False,False,extract_error,False,,,0,False,,False,,0
CNG_Data2k_variance/files/Q00897.01-0000013336.PDF,Q00897.01-0000013336.PDF,.pdf,313854,ok,True,False,text,False,1,0,3,False,0,False,0-10,Name | Money/Amount | Work-Related,False,Financial Account Information | Work-Related Information,False,,ambiguous,True,yes,5247,standard,,False,False,0,0,0,0,0,0,3.472,False,False,True,,True,clear_yes,yes,5291,False,standard,False,,10538
CNG_Data2k_variance/files/Q00897.01-0000896659.PDF,Q00897.01-0000896659.PDF,.pdf,12907,ok,True,False,text,False,2,0,1,False,0,False,0-10,Money/Amount,False,Financial Account Information,False,,clear_non_responsive,False,,0,likely_non_responsive,,False,False,0,0,0,0,0,0,0.143,True,False,False,stage1_nr,False,,,0,False,,False,,0
CNG_Data2k_variance/files/Q00897.01-0000528580.0001.PDF,Q00897.01-0000528580.0001.PDF,.pdf,22624,ok,True,False,text,False,1,0,1,False,0,False,0-10,Money/Amount,False,Financial Account Information,False,,clear_non_responsive,False,,0,likely_non_responsive,,False,False,0,0,0,0,0,0,0.041,True,False,False,stage1_nr,False,,,0,False,,False,,0
CNG_Data2k_variance/files/Q00897.01-0000815665.0011.PDF,Q00897.01-0000815665.0011.PDF,.pdf,241496,ok,True,False,text,False,10,0,3,False,0,False,0-10,Name | Address | Phone | Money/Amount | Health,True,Contact Information | Financial Account Information | Health-Related Information,False,,ambiguous,True,yes,8905,standard,,True,True,10,0,0,0,0,1,10.227,False,False,True,,True,likely_no,no,8956,False,likely_non_responsive,True,,17861
CNG_Data2k_variance/files/Q00897.01-0000907821.PDF,Q00897.01-0000907821.PDF,.pdf,7059,ok,True,False,text,False,1,0,2,False,0,False,0-10,Name | Address | Money/Amount,True,Contact Information | Financial Account Information,False,,ambiguous,True,yes,4089,standard,,False,False,0,0,0,0,0,0,2.909,False,False,True,,True,clear_yes,yes,4098,False,standard,False,,8187
CNG_Data2k_variance/files/Q00897.01-0000692186.MSG,Q00897.01-0000692186.MSG,.msg,220672,ok,True,False,text,False,0,0,1,False,0,False,0-10,Address | Email | Money/Amount,True,Contact Information | Financial Account Information,False,,ambiguous,True,no,4209,likely_non_responsive,,False,False,0,0,0,0,0,0,2.078,True,False,False,stage1_nr,False,,,0,False,,False,,4209
CNG_Data2k_variance/files/Q00897.01-0000865235.PDF,Q00897.01-0000865235.PDF,.pdf,284994,ok,True,False,text,False,2,0,5,False,0,False,0-10,Name | Phone | Money/Amount,True,Contact Information | Financial Account Information,False,,ambiguous,True,yes,5873,standard,,False,False,0,0,0,0,0,0,3.241,False,False,True,,True,clear_no,no,5908,False,likely_non_responsive,True,,11781
CNG_Data2k_variance/files/Q00897.01-0000482225.MSG,Q00897.01-0000482225.MSG,.msg,47104,ok,True,False,text,False,0,0,11,False,11,False,10-20,Name | Email | Money/Amount,True,Contact Information | Financial Account Information,False,,ambiguous,True,yes,12550,standard,bde_llm_count,False,False,0,0,0,0,0,0,7.421,False,False,True,,True,likely_no,no,6669,False,likely_non_responsive,True,,19219
CNG_Data2k_variance/files/Q00897.01-0000650714.MSG,Q00897.01-0000650714.MSG,.msg,17408,ok,True,False,text,False,0,0,0,False,0,False,0-10,,False,,False,,clear_non_responsive,False,,0,likely_non_responsive,,False,False,0,0,0,0,0,0,0.025,True,False,False,stage1_nr,False,,,0,False,,False,,0
CNG_Data2k_variance/files/Q00897.01-0000710624.MSG,Q00897.01-0000710624.MSG,.msg,195072,ok,True,False,text,False,0,0,1,False,0,False,0-10,Name | Address | Email | Money/Amount,True,Contact Information | Financial Account Information,False,,ambiguous,True,yes,4297,standard,,False,False,0,0,0,0,0,0,3.423,False,False,True,,True,likely_yes,yes,4336,False,standard,False,,8633
CNG_Data2k_variance/files/Q00897.01-0000427736.MSG,Q00897.01-0000427736.MSG,.msg,159232,ok,True,False,text,False,0,0,2,False,0,False,0-10,Name | Address | Email | Phone,True,Contact Information,False,,ambiguous,True,yes,4139,standard,,False,False,0,0,0,0,0,0,5.09,False,False,True,,True,clear_no,no,4192,False,likely_non_responsive,True,,8331
CNG_Data2k_variance/files/Q00897.01-0000774177.0001.DOCX,Q00897.01-0000774177.0001.DOCX,.docx,16636,ok,True,False,text,False,0,0,1,False,0,False,0-10,Name | Date of Birth,True,Birth Information,False,,ambiguous,True,yes,4078,standard,,False,False,0,0,0,0,0,0,5.644,False,False,True,,True,clear_yes,yes,4145,False,standard,False,,8223
CNG_Data2k_variance/files/Q00897.01-0000858983.PDF,Q00897.01-0000858983.PDF,.pdf,62118,ok,True,False,text,False,1,0,1,False,0,False,0-10,Name | Money/Amount,True,Financial Account Information,False,,ambiguous,True,yes,3987,standard,,False,False,0,0,0,0,0,0,2.787,False,False,True,,True,likely_yes,yes,4045,False,standard,False,,8032
CNG_Data2k_variance/files/Q00897.01-0000816287.0001.PDF,Q00897.01-0000816287.0001.PDF,.pdf,445083,ok,True,True,text,True,3,0,5,False,1,False,0-10,Name | Address | Phone | Money/Amount | Health,True,Contact Information | Financial Account Information | Health-Related Information,False,,ambiguous,True,yes,9001,standard,bde_llm_count,True,True,3,0,0,0,0,1,10.62,False,False,True,,True,likely_no,no,5005,False,likely_non_responsive,True,,14006
CNG_Data2k_variance/files/Q00897.01-0000910587.PDF,Q00897.01-0000910587.PDF,.pdf,7032,ok,True,False,text,False,1,0,1,False,0,False,0-10,Name | Address,True,Contact Information,False,,ambiguous,True,yes,4059,standard,,False,False,0,0,0,0,0,0,2.325,False,False,True,,True,clear_yes,yes,4104,False,standard,False,,8163
CNG_Data2k_variance/files/Q00897.01-0000711111.MSG,Q00897.01-0000711111.MSG,.msg,153600,ok,True,False,text,False,0,0,3,False,0,False,0-10,Name | Email,True,Contact Information,False,,ambiguous,True,yes,3939,standard,,False,False,0,0,0,0,0,0,2.488,False,False,True,,True,likely_no,no,3994,False,likely_non_responsive,True,,7933
CNG_Data2k_variance/files/Q00897.01-0000406519.MSG,Q00897.01-0000406519.MSG,.msg,225792,ok,True,False,text,False,0,3,2,False,0,False,0-10,Name | Email,True,Contact Information,False,,ambiguous,True,no,4139,likely_non_responsive,,False,False,0,0,0,0,0,0,1.766,True,False,False,stage1_nr,False,,,0,False,,False,,4139
CNG_Data2k_variance/files/Q00897.01-0000015565.XLSX,Q00897.01-0000015565.XLSX,.xlsx,215385,ok,True,True,text,True,3,0,277,False,277,True,100+,Name | Money/Amount,False,Financial Account Information,True,,ambiguous,True,yes,12374,structured_bde,bde_llm_count_roster,False,False,0,0,0,0,0,0,5.643,False,True,True,,True,clear_yes,yes,6662,True,structured_bde,False,,19036
CNG_Data2k_variance/files/Q00897.01-0000016491.PDF,Q00897.01-0000016491.PDF,.pdf,291120,ok,True,False,text,False,4,0,100,False,100,True,50-100,Name | Address | Money/Amount,True,Contact Information | Financial Account Information,True,,ambiguous,True,yes,17432,bde,bde_llm_count_roster,False,False,0,0,0,0,0,0,26.826,False,True,True,,True,clear_yes,yes,9832,True,bde,False,,27264
CNG_Data2k_variance/files/Q00897.01-0000913271.PDF,Q00897.01-0000913271.PDF,.pdf,8967,ok,True,False,text,False,2,0,0,False,0,False,0-10,,False,,False,,clear_non_responsive,False,,0,likely_non_responsive,,False,False,0,0,0,0,0,0,0.07,True,False,False,stage1_nr,False,,,0,False,,False,,0
CNG_Data2k_variance/files/Q00897.01-0000849005.0010.PDF,Q00897.01-0000849005.0010.PDF,.pdf,710584,ok,True,False,text,False,3,0,2,False,0,False,0-10,Name | Address | Money/Amount,True,Contact Information | Financial Account Information,False,,ambiguous,True,no,4947,likely_non_responsive,,True,True,3,0,0,0,0,1,6.958,True,False,False,stage1_nr,False,,,0,False,,False,,4947
CNG_Data2k_variance/files/Q00897.01-0000518999.0001.XLSX,Q00897.01-0000518999.0001.XLSX,.xlsx,174196,ok,True,True,text,True,1,0,550,False,0,False,100+,Phone | Money/Amount,True,Contact Information | Financial Account Information,False,,ambiguous,True,no,19591,likely_non_responsive,bde_llm_count,False,False,0,0,0,0,0,0,3.415,True,False,False,stage1_nr,False,,,0,False,,False,,19591
CNG_Data2k_variance/files/Q00897.01-0000293926.PDF,Q00897.01-0000293926.PDF,.pdf,3756836,ok,True,False,text,False,26,0,1,False,0,False,0-10,Money/Amount,False,Financial Account Information,False,,clear_non_responsive,False,,0,likely_non_responsive,,False,False,0,0,0,0,0,0,3.765,True,False,False,stage1_nr,False,,,0,False,,False,,0
CNG_Data2k_variance/files/Q00897.01-0000866705.PDF,Q00897.01-0000866705.PDF,.pdf,565089,ok,True,False,text,False,4,0,3,False,0,False,0-10,Address | Email | Phone | SSN | Money/Amount,True,Contact Information | Government-Issued Identification | Financial Account Information,False,,clear_responsive,False,,0,standard,"img_ocr:p1(1/1,+77chars)",False,False,0,1,1,1,0,1,6.105,False,False,True,,True,clear_yes,yes,5411,False,standard,False,,5411
CNG_Data2k_variance/files/Q00897.01-0000134746.PDF,Q00897.01-0000134746.PDF,.pdf,1028474,ok,True,True,text,True,6,0,33,False,0,False,20-50,Money/Amount,False,Financial Account Information,False,,ambiguous,True,no,8881,likely_non_responsive,bde_llm_count,True,True,6,0,0,0,0,1,8.772,True,False,False,stage1_nr,False,,,0,False,,False,,8881
CNG_Data2k_variance/files/Q00897.01-0000014792.PDF,Q00897.01-0000014792.PDF,.pdf,296727,ok,True,False,text,False,1,0,2,False,0,False,0-10,Name | Address | Email | Phone | SSN | Money/Amount | Work-Related,True,Contact Information | Government-Issued Identification | Financial Account Information | Work-Related Information,False,,clear_responsive,False,,0,standard,,False,False,0,0,0,0,0,0,1.865,False,False,True,,True,clear_yes,yes,4293,False,standard,False,,4293
CNG_Data2k_variance/files/Q00897.01-0000278449.PDF,Q00897.01-0000278449.PDF,.pdf,771912,ok,True,False,text,False,4,0,3,False,0,False,0-10,Name | Address | Phone | SSN | Money/Amount,True,Contact Information | Government-Issued Identification | Financial Account Information,False,,clear_responsive,False,,0,standard,,True,True,4,0,0,0,0,1,7.222,False,False,True,,True,clear_no,no,4662,False,likely_non_responsive,True,,4662
CNG_Data2k_variance/files/Q00897.01-0000001536.PDF,Q00897.01-0000001536.PDF,.pdf,202813,ok,True,False,text,False,6,0,2,False,0,False,0-10,Name | Address | SSN | Date of Birth,True,Contact Information | Government-Issued Identification | Birth Information,False,,clear_responsive,False,,0,standard,,True,True,6,0,0,0,0,1,9.614,False,False,True,,True,clear_yes,yes,5032,False,standard,False,,5032
CNG_Data2k_variance/files/Q00897.01-0000251384.XLSX,Q00897.01-0000251384.XLSX,.xlsx,131219,ok,True,True,text,True,10,0,1232,False,0,False,100+,Name | Address | Money/Amount,True,Contact Information | Financial Account Information,False,,ambiguous,True,no,7456,likely_non_responsive,roster_by_rowcount bde_llm_count,False,False,0,0,0,0,0,0,2.412,True,False,False,stage1_nr,False,,,0,False,,False,,7456
CNG_Data2k_variance/files/Q00897.01-0000655755.0001.PDF,Q00897.01-0000655755.0001.PDF,.pdf,40699,ok,True,False,text,False,3,0,1,False,0,False,0-10,Money/Amount,False,Financial Account Information,False,,clear_non_responsive,False,,0,likely_non_responsive,,False,False,0,0,0,0,0,0,0.12,True,False,False,stage1_nr,False,,,0,False,,False,,0
CNG_Data2k_variance/files/Q00897.01-0000835422.0003.DOCX,Q00897.01-0000835422.0003.DOCX,.docx,42245,ok,True,False,text,False,0,0,1,False,0,False,0-10,Name | Money/Amount,True,Financial Account Information,False,,ambiguous,True,no,8386,likely_non_responsive,,False,False,0,0,0,0,0,0,1.347,True,False,False,stage1_nr,False,,,0,False,,False,,8386
CNG_Data2k_variance/files/Q00897.01-0000798382.0001.DOCX,Q00897.01-0000798382.0001.DOCX,.docx,41553,ok,True,False,text,False,0,0,7,False,6,False,0-10,Name | Address | Card/Transaction | Money/Amount | Health | Work-Related,True,Contact Information | Financial Account Information | Health-Related Information | Work-Related Information,False,,ambiguous,True,yes,16562,standard,bde_llm_count,False,False,0,0,0,0,0,0,5.624,False,False,True,,True,clear_yes,yes,8736,False,standard,False,,25298
CNG_Data2k_variance/files/Q00897.01-0000467968.MSG,Q00897.01-0000467968.MSG,.msg,112640,ok,True,False,text,False,0,3,4,False,0,False,0-10,Name | Address | Phone | Money/Amount | Health,True,Contact Information | Financial Account Information | Health-Related Information,False,,ambiguous,True,yes,4445,standard,,False,False,0,0,0,0,0,0,3.686,False,False,True,,True,likely_no,no,4512,False,likely_non_responsive,True,,8957
CNG_Data2k_variance/files/Q00897.01-0000913654.PDF,Q00897.01-0000913654.PDF,.pdf,37757,ok,True,True,text,True,2,0,27,False,6,False,20-50,Address | Phone | SSN | Money/Amount,True,Contact Information | Government-Issued Identification | Financial Account Information,False,,clear_responsive,False,,3664,standard,bde_llm_count_roster,True,True,2,0,0,0,0,1,11.813,False,False,True,,True,clear_yes,yes,4534,False,standard,False,,8198
CNG_Data2k_variance/files/Q00897.01-0000651847.0001.PDF,Q00897.01-0000651847.0001.PDF,.pdf,370973,ok,True,False,text,False,9,0,114,False,114,True,100+,Name | Address | Email | Card/Transaction,True,Contact Information | Financial Account Information,True,,ambiguous,True,yes,21189,bde,"img_ocr:p1,p1(2/2,+125chars) bde_llm_count_roster",False,False,0,2,2,2,0,2,15.774,False,True,True,,True,likely_yes,yes,10911,True,bde,False,,32100
CNG_Data2k_variance/files/Q00897.01-0000283262.PDF,Q00897.01-0000283262.PDF,.pdf,120345,ok,True,True,text,True,2,0,13,False,2,False,10-20,Name | Address | Phone | Card/Transaction | Money/Amount,True,Contact Information | Financial Account Information,False,,ambiguous,True,yes,7009,standard,bde_llm_count,True,True,2,0,0,0,0,1,9.614,False,False,True,,True,likely_no,no,3963,False,likely_non_responsive,True,,10972
CNG_Data2k_variance/files/Q00897.01-0000244335.PDF,Q00897.01-0000244335.PDF,.pdf,92400,ok,True,False,text,False,1,0,1,False,0,False,0-10,Bank/Account Number | Account Balance | Money/Amount,True,Financial Account Information,False,,ambiguous,True,no,3852,likely_non_responsive,"img_ocr:p1(1/1,+4chars)",False,False,0,1,1,1,0,1,5.517,True,False,False,stage1_nr,False,,,0,False,,False,,3852
CNG_Data2k_variance/files/Q00897.01-0000532893.0001.PDF,Q00897.01-0000532893.0001.PDF,.pdf,22579,ok,True,False,text,False,1,0,1,False,0,False,0-10,Money/Amount,False,Financial Account Information,False,,clear_non_responsive,False,,0,likely_non_responsive,,False,False,0,0,0,0,0,0,0.028,True,False,False,stage1_nr,False,,,0,False,,False,,0
CNG_Data2k_variance/files/Q00897.01-0000841635.0001.XLSX,Q00897.01-0000841635.0001.XLSX,.xlsx,464900,ok,True,True,text,True,19,0,13744,False,0,False,100+,Phone | Payment Card | Bank/Account Number | Card/Transaction | Money/Amount,True,Contact Information | Financial Account Information,False,,ambiguous,True,no,10146,likely_non_responsive,roster_by_rowcount bde_llm_count,False,False,0,0,0,0,0,0,2.644,True,False,False,stage1_nr,False,,,0,False,,False,,10146
CNG_Data2k_variance/files/Q00897.01-0000077639.PDF,Q00897.01-0000077639.PDF,.pdf,136084,ok,True,False,text,False,21,0,3,False,0,False,0-10,Address | Email | Phone | Bank/Account Number | Money/Amount,True,Contact Information | Financial Account Information,False,,ambiguous,True,yes,7530,standard,"img_ocr:p1(1/1,+18chars)",False,False,0,1,1,1,0,1,8.4,False,False,True,,True,clear_no,no,7569,False,likely_non_responsive,True,,15099
CNG_Data2k_variance\files\Q00897.01-0000017536.XLS,Q00897.01-0000017536.XLS,.xls,69968,ok,True,True,text,True,2,0,2,False,2,False,0-10,Name | Money/Amount,False,Financial Account Information,False,,ambiguous,True,yes,7037,standard,bde_llm_count,False,False,0,0,0,0,0,0,4.472,False,False,True,,True,likely_yes,yes,4016,False,standard,False,,11053
CNG_Data2k_variance/files/Q00897.01-0000468441.MSG,Q00897.01-0000468441.MSG,.msg,147968,ok,True,False,text,False,0,0,10,False,6,False,0-10,Name | Address | Email | Phone | Health,True,Contact Information | Health-Related Information,False,,ambiguous,True,yes,11046,standard,bde_llm_count,False,False,0,0,0,0,0,0,7.534,False,False,True,,True,clear_yes,yes,5901,False,standard,False,,16947
CNG_Data2k_variance/files/Q00897.01-0000006157.PDF,Q00897.01-0000006157.PDF,.pdf,73882,ok,True,False,text,False,1,0,0,False,0,False,0-10,,False,,False,,clear_non_responsive,False,,0,likely_non_responsive,,True,True,1,0,0,0,0,1,4.333,True,False,False,stage1_nr,False,,,0,False,,False,,0
CNG_Data2k_variance/files/Q00897.01-0000270116.PDF,Q00897.01-0000270116.PDF,.pdf,130866,ok,True,False,text,False,2,0,1,False,0,False,0-10,Name | Address | Money/Amount | Demographic,True,Contact Information | Financial Account Information | Demographic Information,False,,ambiguous,True,yes,4691,standard,,True,True,2,0,0,0,0,1,7.514,False,False,True,,True,borderline,no,4758,False,likely_non_responsive,True,,9449
CNG_Data2k_variance/files/Q00897.01-0000904719.PDF,Q00897.01-0000904719.PDF,.pdf,20104,ok,True,False,text,False,3,0,1,False,0,False,0-10,Name | Address | Phone | Money/Amount,True,Contact Information | Financial Account Information,False,,ambiguous,True,yes,6018,standard,,False,False,0,0,0,0,0,0,3.713,False,False,True,,True,likely_yes,yes,6079,False,standard,False,,12097
CNG_Data2k_variance/files/Q00897.01-0000747837.MSG,Q00897.01-0000747837.MSG,.msg,110592,ok,True,False,text,False,0,0,1,False,0,False,0-10,Work-Related,False,Work-Related Information,False,,ambiguous,True,no,4450,likely_non_responsive,,False,False,0,0,0,0,0,0,3.102,True,False,False,stage1_nr,False,,,0,False,,False,,4450
CNG_Data2k_variance/files/Q00897.01-0000616784.MSG,Q00897.01-0000616784.MSG,.msg,228864,ok,True,False,text,False,0,4,5,False,0,False,0-10,Name | Address | Email | Phone | Credentials,True,Contact Information | Access Credentials,False,,ambiguous,True,yes,5407,standard,,False,False,0,0,0,0,0,0,3.425,False,False,True,,True,likely_no,no,5476,False,likely_non_responsive,True,,10883
CNG_Data2k_variance/files/Q00897.01-0000805561.0002.DOCX,Q00897.01-0000805561.0002.DOCX,.docx,145180,ok,True,False,text,False,0,0,1,False,0,False,0-10,Email | Money/Amount | Health | Demographic | Work-Related,True,Contact Information | Financial Account Information | Health-Related Information | Demographic Information | Work-Related Information,False,,ambiguous,True,no,8369,likely_non_responsive,,False,False,0,0,0,0,0,0,1.816,True,False,False,stage1_nr,False,,,0,False,,False,,8369
CNG_Data2k_variance/files/Q00897.01-0000131111.PDF,Q00897.01-0000131111.PDF,.pdf,666960,ok,True,True,text,True,4,0,39,False,0,False,20-50,Name | Phone | Money/Amount,True,Contact Information | Financial Account Information,False,,ambiguous,True,yes,8831,standard,bde_llm_count,True,True,4,0,0,0,0,1,8.766,False,False,True,,True,likely_no,no,4899,False,likely_non_responsive,True,,13730
CNG_Data2k_variance/files/Q00897.01-0000888365.PDF,Q00897.01-0000888365.PDF,.pdf,1522761,ok,True,False,text,False,231,0,211,False,51,True,100+,Name | Address | Phone | Money/Amount,True,Contact Information | Financial Account Information,True,,ambiguous,True,yes,34197,bde,bde_llm_count_roster,False,False,0,0,0,0,0,0,68.702,False,True,True,,True,clear_yes,yes,17607,True,bde,False,,51804
CNG_Data2k_variance/files/Q00897.01-0000479731.MSG,Q00897.01-0000479731.MSG,.msg,39936,ok,True,False,text,False,0,0,5,False,0,False,0-10,Name | Address | Email | Phone | Money/Amount,True,Contact Information | Financial Account Information,False,,ambiguous,True,yes,7043,standard,,False,False,0,0,0,0,0,0,4.192,False,False,True,,True,likely_no,no,7071,False,likely_non_responsive,True,,14114
CNG_Data2k_variance/files/Q00897.01-0000762041.MSG,Q00897.01-0000762041.MSG,.msg,84992,ok,True,False,text,False,0,0,98,False,98,True,50-100,Name | Address | Email | Money/Amount,True,Contact Information | Financial Account Information,True,,ambiguous,True,yes,19602,bde,bde_llm_count_roster,False,False,0,0,0,0,0,0,131.474,False,True,True,,False,,yes,0,True,bde,False,llm_failed:JSONDecodeError,19602
CNG_Data2k_variance/files/Q00897.01-0000112704.PDF,Q00897.01-0000112704.PDF,.pdf,6425,ok,True,False,text,False,1,0,1,False,0,False,0-10,Name | Address | Health,True,Contact Information | Health-Related Information,False,,ambiguous,True,yes,3954,standard,,False,False,0,0,0,0,0,0,3.068,False,False,True,,True,likely_yes,yes,4023,False,standard,False,,7977
CNG_Data2k_variance/files/Q00897.01-0000276296.PDF,Q00897.01-0000276296.PDF,.pdf,242442,ok,True,False,text,False,1,0,1,False,0,False,0-10,Name | Address | Money/Amount | Health,True,Contact Information | Financial Account Information | Health-Related Information,False,,ambiguous,True,no,4010,likely_non_responsive,,True,True,1,0,0,0,0,1,5.536,True,False,False,stage1_nr,False,,,0,False,,False,,4010
CNG_Data2k_variance/files/Q00897.01-0000124836.PDF,Q00897.01-0000124836.PDF,.pdf,2275712,ok,True,True,text,True,15,0,246,False,8,False,100+,Name | Address | Email | Phone | Money/Amount,True,Contact Information | Financial Account Information,False,,ambiguous,True,yes,21240,standard,bde_llm_count,True,True,15,0,0,0,0,1,15.24,False,False,True,,True,clear_no,no,11008,True,likely_non_responsive,True,,32248
CNG_Data2k_variance/files/Q00897.01-0000341791.DOCX,Q00897.01-0000341791.DOCX,.docx,15214,ok,True,False,text,False,0,0,2,False,0,False,0-10,Name | Money/Amount | Student ID,True,Financial Account Information | Student-Related Information,False,,ambiguous,True,yes,3912,standard,,False,False,0,0,0,0,0,0,2.762,False,False,True,,True,likely_yes,yes,3943,False,standard,False,,7855
CNG_Data2k_variance/files/Q00897.01-0000341926.DOCX,Q00897.01-0000341926.DOCX,.docx,27691,ok,True,False,text,False,0,0,1,False,0,False,0-10,Name | Address | Health,True,Contact Information | Health-Related Information,False,,ambiguous,True,no,5226,likely_non_responsive,,False,False,0,0,0,0,0,0,1.215,True,False,False,stage1_nr,False,,,0,False,,False,,5226
CNG_Data2k_variance/files/Q00897.01-0000840772.MSG,Q00897.01-0000840772.MSG,.msg,151040,ok,True,False,text,False,0,0,2,False,0,False,0-10,Name | Card Expiry/CVV,True,Financial Account Information,False,,ambiguous,True,yes,4376,standard,,False,False,0,0,0,0,0,0,3.205,False,False,True,,True,likely_no,no,4435,False,likely_non_responsive,True,,8811
CNG_Data2k_variance/files/Q00897.01-0000875226.PDF,Q00897.01-0000875226.PDF,.pdf,62472,ok,True,False,text,False,2,0,3,False,0,False,0-10,Name | Address | Phone | Money/Amount,True,Contact Information | Financial Account Information,False,,ambiguous,True,yes,4502,standard,"img_ocr:p1(1/1,+17chars)",False,False,0,1,1,1,0,1,7.482,False,False,True,,True,likely_no,no,4575,False,likely_non_responsive,True,,9077
CNG_Data2k_variance/files/Q00897.01-0000645988.0002.PDF,Q00897.01-0000645988.0002.PDF,.pdf,174142,ok,True,False,text,False,1,0,1,False,0,False,0-10,Health,False,Health-Related Information,False,,ambiguous,True,no,3994,likely_non_responsive,"img_ocr:none(1 calls,0 chars)",False,False,0,1,1,0,0,1,5.787,True,False,False,stage1_nr,False,,,0,False,,False,,3994
CNG_Data2k_variance/files/Q00897.01-0000892122.PDF,Q00897.01-0000892122.PDF,.pdf,11903,ok,True,False,text,False,1,0,0,False,0,False,0-10,,False,,False,,clear_non_responsive,False,,0,likely_non_responsive,,False,False,0,0,0,0,0,0,0.077,True,False,False,stage1_nr,False,,,0,False,,False,,0
CNG_Data2k_variance/files/Q00897.01-0000792702.MSG,Q00897.01-0000792702.MSG,.msg,50176,error,False,False,,False,0,0,0,False,0,False,,,False,,False,,,False,,0,review_error,MalformedRtf,False,False,0,0,0,0,0,0,1.206,False,False,False,extract_error,False,,,0,False,,False,,0
CNG_Data2k_variance\files\Q00897.01-0000126586.XLS,Q00897.01-0000126586.XLS,.xls,12694,ok,True,True,text,True,1,0,1,False,1,False,0-10,Name | Address | Bank/Account Number,True,Contact Information | Financial Account Information,False,,ambiguous,True,yes,6919,standard,bde_llm_count,False,False,0,0,0,0,0,0,3.772,False,False,True,,True,likely_yes,yes,3940,False,standard,False,,10859
CNG_Data2k_variance/files/Q00897.01-0000114162.PDF,Q00897.01-0000114162.PDF,.pdf,6646,ok,True,False,text,False,3,0,1,False,0,False,0-10,Address | Money/Amount | Work-Related,True,Contact Information | Financial Account Information | Work-Related Information,False,,ambiguous,True,no,5379,likely_non_responsive,,False,False,0,0,0,0,0,0,1.436,True,False,False,stage1_nr,False,,,0,False,,False,,5379
CNG_Data2k_variance/files/Q00897.01-0000552423.0001.XLSX,Q00897.01-0000552423.0001.XLSX,.xlsx,49510,ok,True,True,text,True,1,0,418,False,0,False,100+,Money/Amount,False,Financial Account Information,False,,ambiguous,True,no,15284,likely_non_responsive,roster_by_rowcount bde_llm_count,False,False,0,0,0,0,0,0,2.563,True,False,False,stage1_nr,False,,,0,False,,False,,15284
CNG_Data2k_variance/files/Q00897.01-0000897658.PDF,Q00897.01-0000897658.PDF,.pdf,66103,ok,True,False,text,False,13,0,4,False,0,False,0-10,Name | Address | Phone | Money/Amount | Work-Related,True,Contact Information | Financial Account Information | Work-Related Information,False,,ambiguous,True,yes,14250,standard,,False,False,0,0,0,0,0,0,4.17,False,False,True,,True,clear_yes,yes,14269,False,standard,False,,28519
CNG_Data2k_variance/files/Q00897.01-0000662783.0002.PDF,Q00897.01-0000662783.0002.PDF,.pdf,365686,ok,True,False,text,False,26,0,1,False,0,False,0-10,Address | Money/Amount,True,Contact Information | Financial Account Information,False,,ambiguous,True,no,12617,likely_non_responsive,"img_ocr:p1,p3(2/2,+75chars)",False,False,0,2,2,2,0,2,11.959,True,False,False,stage1_nr,False,,,0,False,,False,,12617
CNG_Data2k_variance/files/Q00897.01-0000439069.MSG,Q00897.01-0000439069.MSG,.msg,117760,ok,True,False,text,False,0,0,4,False,0,False,0-10,Name | Email | Health,True,Contact Information | Health-Related Information,False,,ambiguous,True,yes,4156,standard,,False,False,0,0,0,0,0,0,3.934,False,False,True,,True,likely_no,no,4196,False,likely_non_responsive,True,,8352
CNG_Data2k_variance/files/Q00897.01-0000691537.MSG,Q00897.01-0000691537.MSG,.msg,207360,ok,True,False,text,False,0,0,1,False,0,False,0-10,Account Balance,False,Financial Account Information,False,,ambiguous,True,no,4245,likely_non_responsive,,False,False,0,0,0,0,0,0,3.127,True,False,False,stage1_nr,False,,,0,False,,False,,4245
CNG_Data2k_variance/files/Q00897.01-0000258613.0001.PDF,Q00897.01-0000258613.0001.PDF,.pdf,281442,ok,True,False,text,False,3,0,1,False,0,False,0-10,Name | Address | Bank/Account Number | Money/Amount,True,Contact Information | Financial Account Information,False,,ambiguous,True,yes,4327,standard,"img_ocr:p2(1/1,+292chars)",False,False,0,1,1,1,0,1,7.085,False,False,True,,True,likely_no,no,4420,False,likely_non_responsive,True,,8747
CNG_Data2k_variance/files/Q00897.01-0000368645.MSG,Q00897.01-0000368645.MSG,.msg,245760,ok,True,False,text,False,0,0,1,False,0,False,0-10,Email | Money/Amount,True,Contact Information | Financial Account Information,False,,ambiguous,True,no,4117,likely_non_responsive,,False,False,0,0,0,0,0,0,2.455,True,False,False,stage1_nr,False,,,0,False,,False,,4117
CNG_Data2k_variance/files/Q00897.01-0000733112.MSG,Q00897.01-0000733112.MSG,.msg,203776,ok,True,False,text,False,0,1,2,False,0,False,0-10,Name | Address | Email | Phone,True,Contact Information,False,,ambiguous,True,no,4414,likely_non_responsive,,False,False,0,0,0,0,0,0,1.551,True,False,False,stage1_nr,False,,,0,False,,False,,4414
CNG_Data2k_variance/files/Q00897.01-0000869549.PDF,Q00897.01-0000869549.PDF,.pdf,26891,ok,True,False,text,False,1,0,1,False,0,False,0-10,Name | Address | Phone | Money/Amount,True,Contact Information | Financial Account Information,False,,ambiguous,True,no,4355,likely_non_responsive,,False,False,0,0,0,0,0,0,1.13,True,False,False,stage1_nr,False,,,0,False,,False,,4355
CNG_Data2k_variance/files/Q00897.01-0000915994.PDF,Q00897.01-0000915994.PDF,.pdf,450189,ok,True,True,text,True,2,0,17,False,3,False,10-20,Name | Email | Money/Amount | Work-Related,True,Contact Information | Financial Account Information | Work-Related Information,False,,ambiguous,True,yes,7560,standard,bde_llm_count,True,True,2,0,0,0,0,1,11.876,False,False,True,,True,clear_yes,yes,4225,False,standard,False,,11785
CNG_Data2k_variance/files/Q00897.01-0000262413.PDF,Q00897.01-0000262413.PDF,.pdf,405300,ok,True,False,text,False,185,0,19,False,0,False,10-20,Phone | Payment Card | Money/Amount,True,Contact Information | Financial Account Information,False,,ambiguous,True,no,27082,likely_non_responsive,bde_llm_count,False,False,0,0,0,0,0,0,5.939,True,False,False,stage1_nr,False,,,0,False,,False,,27082
CNG_Data2k_variance/files/Q00897.01-0000914195.PDF,Q00897.01-0000914195.PDF,.pdf,160536,ok,True,False,text,False,129,0,14,False,1,False,10-20,Name | Address | Phone | SSN | Money/Amount,True,Contact Information | Government-Issued Identification | Financial Account Information,False,,clear_responsive,False,,7204,standard,bde_llm_count,False,False,0,0,0,0,0,0,5.021,False,False,True,,True,likely_no,no,8108,False,likely_non_responsive,True,,15312
CNG_Data2k_variance/files/Q00897.01-0000343812.PDF,Q00897.01-0000343812.PDF,.pdf,138337,ok,True,False,text,False,1,0,1,False,0,False,0-10,Name | Address | Money/Amount | Work-Related,True,Contact Information | Financial Account Information | Work-Related Information,False,,ambiguous,True,yes,4092,standard,,False,False,0,0,0,0,0,0,3.555,False,False,True,,True,clear_yes,yes,4149,False,standard,False,,8241
CNG_Data2k_variance/files/Q00897.01-0000618231.0002.XLSX,Q00897.01-0000618231.0002.XLSX,.xlsx,994205,ok,True,True,text,True,1,0,71,False,0,False,50-100,Money/Amount,False,Financial Account Information,False,,ambiguous,True,no,19221,likely_non_responsive,bde_llm_count,False,False,0,0,0,0,0,0,3.567,True,False,False,stage1_nr,False,,,0,False,,False,,19221
CNG_Data2k_variance/files/Q00897.01-0000112237.XLSX,Q00897.01-0000112237.XLSX,.xlsx,33044,ok,True,True,text,True,1,0,573,False,0,False,100+,Work-Related,False,Work-Related Information,False,,ambiguous,True,no,7975,likely_non_responsive,roster_by_rowcount bde_llm_count,False,False,0,0,0,0,0,0,2.251,True,False,False,stage1_nr,False,,,0,False,,False,,7975
CNG_Data2k_variance/files/Q00897.01-0000766451.0001.DOCX,Q00897.01-0000766451.0001.DOCX,.docx,34284,ok,True,False,text,False,0,0,1,False,0,False,0-10,Health,False,Health-Related Information,False,,ambiguous,True,no,4123,likely_non_responsive,,False,False,0,0,0,0,0,0,1.19,True,False,False,stage1_nr,False,,,0,False,,False,,4123
CNG_Data2k_variance/files/Q00897.01-0000809030.0001.PDF,Q00897.01-0000809030.0001.PDF,.pdf,277071,ok,True,False,text,False,3,0,2,False,0,False,0-10,Name | Address | Health,True,Contact Information | Health-Related Information,False,,ambiguous,True,no,6041,likely_non_responsive,,True,True,3,0,0,0,0,1,6.935,True,False,False,stage1_nr,False,,,0,False,,False,,6041
CNG_Data2k_variance/files/Q00897.01-0000857446.PDF,Q00897.01-0000857446.PDF,.pdf,420872,ok,True,False,text,False,2,0,4,False,0,False,0-10,Name | Email | Money/Amount | Work-Related,True,Contact Information | Financial Account Information | Work-Related Information,False,,ambiguous,True,yes,17176,standard,,False,False,0,0,0,0,0,0,3.96,False,False,True,,True,likely_yes,yes,17224,False,standard,False,,34400
CNG_Data2k_variance/files/Q00897.01-0000814348.0001.DOCX,Q00897.01-0000814348.0001.DOCX,.docx,23152,ok,True,False,text,False,0,0,0,False,0,False,0-10,,False,,False,,clear_non_responsive,False,,0,likely_non_responsive,,False,False,0,0,0,0,0,0,0.041,True,False,False,stage1_nr,False,,,0,False,,False,,0
CNG_Data2k_variance/files/Q00897.01-0000248674.PDF,Q00897.01-0000248674.PDF,.pdf,206211,ok,True,False,text,False,1,0,1,False,0,False,0-10,Name | Phone | Money/Amount,True,Contact Information | Financial Account Information,False,,ambiguous,True,no,3893,likely_non_responsive,"img_ocr:p1(1/1,+19chars)",False,False,0,1,1,1,0,1,5.62,True,False,False,stage1_nr,False,,,0,False,,False,,3893
CNG_Data2k_variance/files/Q00897.01-0000373112.MSG,Q00897.01-0000373112.MSG,.msg,219648,ok,True,False,text,False,0,0,3,False,0,False,0-10,Name | Address | Email | Phone | Money/Amount,True,Contact Information | Financial Account Information,False,,ambiguous,True,yes,4789,standard,,False,False,0,0,0,0,0,0,8.818,False,False,True,,True,likely_no,no,4839,False,likely_non_responsive,True,,9628
CNG_Data2k_variance/files/Q00897.01-0000798246.MSG,Q00897.01-0000798246.MSG,.msg,464384,ok,True,False,text,False,0,2,0,False,0,False,0-10,,False,,False,,clear_non_responsive,False,,0,likely_non_responsive,,False,False,0,0,0,0,0,0,0.094,True,False,False,stage1_nr,False,,,0,False,,False,,0
CNG_Data2k_variance/files/Q00897.01-0000411178.MSG,Q00897.01-0000411178.MSG,.msg,146432,ok,True,False,text,False,0,0,17,False,3,False,10-20,Name | Address | Email | Phone,True,Contact Information,False,,ambiguous,True,yes,7617,standard,bde_llm_count,False,False,0,0,0,0,0,0,6.801,False,False,True,,True,clear_no,no,4175,False,likely_non_responsive,True,,11792
CNG_Data2k_variance/files/Q00897.01-0000022152.XLSX,Q00897.01-0000022152.XLSX,.xlsx,35041,ok,True,True,text,True,6,0,307,False,2,True,100+,Name | Money/Amount | Credentials | Work-Related,False,Financial Account Information | Access Credentials | Work-Related Information,True,,ambiguous,True,yes,7609,structured_bde,roster_by_rowcount bde_llm_count_roster,False,False,0,0,0,0,0,0,4.304,False,True,True,,True,likely_yes,yes,4280,True,structured_bde,False,,11889
CNG_Data2k_variance/files/Q00897.01-0000298047.XLSX,Q00897.01-0000298047.XLSX,.xlsx,37391,ok,True,True,text,True,4,0,721,False,0,False,100+,Phone | Payment Card | Card/Transaction | Money/Amount,True,Contact Information | Financial Account Information,False,,ambiguous,True,yes,7047,standard,roster_by_rowcount bde_llm_count,False,False,0,0,0,0,0,0,4.177,False,False,True,,True,clear_yes,yes,3974,True,structured_bde,False,,11021
CNG_Data2k_variance/files/Q00897.01-0000434471.MSG,Q00897.01-0000434471.MSG,.msg,190464,ok,True,False,text,False,0,1,7,False,4,False,0-10,Name | Address | Email | Phone | Money/Amount,True,Contact Information | Financial Account Information,False,,ambiguous,True,yes,17481,standard,bde_llm_count,False,False,0,0,0,0,0,0,7.847,False,False,True,,True,likely_yes,yes,9241,False,standard,False,,26722
CNG_Data2k_variance/files/Q00897.01-0000777527.MSG,Q00897.01-0000777527.MSG,.msg,112640,ok,True,False,text,False,0,0,0,False,0,False,0-10,,False,,False,,clear_non_responsive,False,,0,likely_non_responsive,,False,False,0,0,0,0,0,0,0.125,True,False,False,stage1_nr,False,,,0,False,,False,,0
CNG_Data2k_variance/files/Q00897.01-0000779841.MSG,Q00897.01-0000779841.MSG,.msg,90112,ok,True,False,text,False,0,2,3,False,0,False,0-10,Name | Address | Email | Phone,True,Contact Information,False,,ambiguous,True,no,3844,likely_non_responsive,,False,False,0,0,0,0,0,0,1.541,True,False,False,stage1_nr,False,,,0,False,,False,,3844
CNG_Data2k_variance/files/Q00897.01-0000763576.0001.PDF,Q00897.01-0000763576.0001.PDF,.pdf,85881,ok,True,False,text,False,1,0,2,False,0,False,0-10,Name | Phone,True,Contact Information,False,,ambiguous,True,no,4022,likely_non_responsive,,False,False,0,0,0,0,0,0,1.393,True,False,False,stage1_nr,False,,,0,False,,False,,4022
CNG_Data2k_variance/files/Q00897.01-0000608055.0001.PDF,Q00897.01-0000608055.0001.PDF,.pdf,20962,ok,True,False,text,False,1,0,0,False,0,False,0-10,,False,,False,,clear_non_responsive,False,,0,likely_non_responsive,,False,False,0,0,0,0,0,0,0.022,True,False,False,stage1_nr,False,,,0,False,,False,,0
CNG_Data2k_variance/files/Q00897.01-0000816447.MSG,Q00897.01-0000816447.MSG,.msg,117248,ok,True,False,text,False,0,0,6,False,0,False,0-10,Name | Address | Email | Phone | Money/Amount,True,Contact Information | Financial Account Information,False,,ambiguous,True,yes,6534,standard,,False,False,0,0,0,0,0,0,5.089,False,False,True,,True,likely_yes,yes,6550,False,standard,False,,13084
CNG_Data2k_variance/files/Q00897.01-0000792913.MSG,Q00897.01-0000792913.MSG,.msg,156672,ok,True,False,text,False,0,0,5,False,0,False,0-10,Name | Money/Amount,True,Financial Account Information,False,,ambiguous,True,yes,5269,standard,,False,False,0,0,0,0,0,0,3.783,False,False,True,,True,likely_no,no,5307,False,likely_non_responsive,True,,10576
CNG_Data2k_variance/files/Q00897.01-0000891642.PDF,Q00897.01-0000891642.PDF,.pdf,30590,ok,True,True,text,True,4,0,110,False,3,False,100+,Name | Address | Phone | Money/Amount | Work-Related,True,Contact Information | Financial Account Information | Work-Related Information,False,,ambiguous,True,yes,11080,standard,bde_llm_count,True,True,4,0,0,0,0,1,11.517,False,False,True,,True,clear_yes,yes,6061,True,structured_bde,False,,17141
CNG_Data2k_variance/files/Q00897.01-0000117646.PDF,Q00897.01-0000117646.PDF,.pdf,401089,ok,True,False,text,False,4,0,4,False,0,False,0-10,Name | Address | Email | Phone | Money/Amount | Health,True,Contact Information | Financial Account Information | Health-Related Information,False,,ambiguous,True,yes,7219,standard,,True,True,4,0,0,0,0,1,9.298,False,False,True,,True,clear_yes,yes,7247,False,standard,False,,14466
CNG_Data2k_variance/files/Q00897.01-0000288213.XLSX,Q00897.01-0000288213.XLSX,.xlsx,483588,ok,True,True,text,True,1,0,65,False,65,True,50-100,Name,False,,True,,ambiguous,True,yes,7666,structured_bde,roster_by_rowcount bde_llm_count_roster,False,False,0,0,0,0,0,0,7.037,False,True,True,,True,clear_no,no,4340,True,likely_non_responsive,True,,12006
CNG_Data2k_variance/files/Q00897.01-0000700987.MSG,Q00897.01-0000700987.MSG,.msg,109056,ok,True,False,text,False,0,0,0,False,0,False,0-10,,False,,False,,clear_non_responsive,False,,0,likely_non_responsive,,False,False,0,0,0,0,0,0,0.082,True,False,False,stage1_nr,False,,,0,False,,False,,0
CNG_Data2k_variance/files/Q00897.01-0000429941.MSG,Q00897.01-0000429941.MSG,.msg,120832,ok,True,False,text,False,0,0,3,False,0,False,0-10,Name | Address | Email | Phone | Money/Amount,True,Contact Information | Financial Account Information,False,,ambiguous,True,yes,4266,standard,,False,False,0,0,0,0,0,0,2.823,False,False,True,,True,likely_no,no,4331,False,likely_non_responsive,True,,8597
CNG_Data2k_variance/files/Q00897.01-0000847031.0002.DOCX,Q00897.01-0000847031.0002.DOCX,.docx,14804,ok,True,False,text,False,0,0,4,False,0,False,0-10,Name | Money/Amount | Work-Related,False,Financial Account Information | Work-Related Information,False,,ambiguous,True,yes,4761,standard,,False,False,0,0,0,0,0,0,3.489,False,False,True,,True,likely_no,no,4798,False,likely_non_responsive,True,,9559
CNG_Data2k_variance/files/Q00897.01-0000275359.PDF,Q00897.01-0000275359.PDF,.pdf,1078037,ok,True,True,text,True,2,0,18,False,0,False,10-20,Name | Address | Phone,True,Contact Information,False,,ambiguous,True,no,7644,likely_non_responsive,bde_llm_count,True,True,2,0,0,0,0,1,8.278,True,False,False,stage1_nr,False,,,0,False,,False,,7644
CNG_Data2k_variance/files/Q00897.01-0000116873.PDF,Q00897.01-0000116873.PDF,.pdf,476040,ok,True,False,text,False,70,0,1,False,0,False,0-10,Payment Card | Money/Amount,True,Financial Account Information,False,,ambiguous,True,no,14617,likely_non_responsive,,False,False,0,0,0,0,0,0,7.162,True,False,False,stage1_nr,False,,,0,False,,False,,14617
CNG_Data2k_variance/files/Q00897.01-0000394698.MSG,Q00897.01-0000394698.MSG,.msg,65536,ok,True,False,text,False,0,0,4,False,0,False,0-10,Name | Address | Email | Phone,True,Contact Information,False,,ambiguous,True,yes,4079,standard,,False,False,0,0,0,0,0,0,3.153,False,False,True,,True,likely_no,no,4137,False,likely_non_responsive,True,,8216
CNG_Data2k_variance/files/Q00897.01-0000671999.0001.RTF,Q00897.01-0000671999.0001.RTF,.rtf,25348,ok,True,False,text,False,0,0,1,False,0,False,0-10,Phone | Bank/Account Number | Money/Amount,True,Contact Information | Financial Account Information,False,,ambiguous,True,no,3750,likely_non_responsive,,False,False,0,0,0,0,0,0,1.079,True,False,False,stage1_nr,False,,,0,False,,False,,3750
CNG_Data2k_variance/files/Q00897.01-0000534877.0001.PDF,Q00897.01-0000534877.0001.PDF,.pdf,22791,ok,True,False,text,False,1,0,1,False,0,False,0-10,Money/Amount,False,Financial Account Information,False,,clear_non_responsive,False,,0,likely_non_responsive,,False,False,0,0,0,0,0,0,0.04,True,False,False,stage1_nr,False,,,0,False,,False,,0
CNG_Data2k_variance/files/Q00897.01-0000538051.MSG,Q00897.01-0000538051.MSG,.msg,122368,ok,True,False,text,False,0,0,1,False,0,False,0-10,Money/Amount,False,Financial Account Information,False,,clear_non_responsive,False,,0,likely_non_responsive,,False,False,0,0,0,0,0,0,0.39,True,False,False,stage1_nr,False,,,0,False,,False,,0
CNG_Data2k_variance/files/Q00897.01-0000413169.0001.PDF,Q00897.01-0000413169.0001.PDF,.pdf,60414,ok,True,False,text,False,21,0,1,False,0,False,0-10,Card/Transaction | Money/Amount,False,Financial Account Information,False,,ambiguous,True,no,15849,likely_non_responsive,,False,False,0,0,0,0,0,0,1.847,True,False,False,stage1_nr,False,,,0,False,,False,,15849
CNG_Data2k_variance/files/Q00897.01-0000438618.MSG,Q00897.01-0000438618.MSG,.msg,109568,ok,True,False,text,False,0,0,2,False,0,False,0-10,Name | Address | Email,True,Contact Information,False,,ambiguous,True,yes,3901,standard,,False,False,0,0,0,0,0,0,3.006,False,False,True,,True,likely_no,no,3942,False,likely_non_responsive,True,,7843
CNG_Data2k_variance/files/Q00897.01-0000729336.MSG,Q00897.01-0000729336.MSG,.msg,188928,ok,True,False,text,False,0,0,2,False,0,False,0-10,Name | Address | Email | Money/Amount,True,Contact Information | Financial Account Information,False,,ambiguous,True,yes,4898,standard,,False,False,0,0,0,0,0,0,2.768,False,False,True,,True,likely_no,no,4958,False,likely_non_responsive,True,,9856
CNG_Data2k_variance/files/Q00897.01-0000571736.MSG,Q00897.01-0000571736.MSG,.msg,251904,ok,True,False,text,False,0,0,0,False,0,False,0-10,,False,,False,,clear_non_responsive,False,,0,likely_non_responsive,,False,False,0,0,0,0,0,0,1.052,True,False,False,stage1_nr,False,,,0,False,,False,,0
CNG_Data2k_variance/files/Q00897.01-0000902587.PDF,Q00897.01-0000902587.PDF,.pdf,16379,ok,True,True,text,True,2,0,37,False,1,False,20-50,Name | Address | Phone | Money/Amount | Work-Related,True,Contact Information | Financial Account Information | Work-Related Information,False,,ambiguous,True,yes,8172,standard,bde_llm_count,True,True,2,0,0,0,0,1,10.618,False,False,True,,True,clear_yes,yes,4541,False,standard,False,,12713
CNG_Data2k_variance/files/Q00897.01-0000898667.PDF,Q00897.01-0000898667.PDF,.pdf,11404,ok,True,False,text,False,2,0,1,False,0,False,0-10,Money/Amount,False,Financial Account Information,False,,clear_non_responsive,False,,0,likely_non_responsive,,False,False,0,0,0,0,0,0,0.084,True,False,False,stage1_nr,False,,,0,False,,False,,0
CNG_Data2k_variance/files/Q00897.01-0000258471.0001.PDF,Q00897.01-0000258471.0001.PDF,.pdf,294080,ok,True,False,text,False,3,0,1,False,0,False,0-10,Name | Address | Bank/Account Number | Money/Amount,True,Contact Information | Financial Account Information,False,,ambiguous,True,yes,4420,standard,"img_ocr:p2(1/1,+336chars)",False,False,0,1,1,1,0,1,7.411,False,False,True,,True,likely_no,no,4501,False,likely_non_responsive,True,,8921
CNG_Data2k_variance/files/Q00897.01-0000890156.PDF,Q00897.01-0000890156.PDF,.pdf,12268,ok,True,False,text,False,1,0,0,False,0,False,0-10,,False,,False,,clear_non_responsive,False,,0,likely_non_responsive,,False,False,0,0,0,0,0,0,0.039,True,False,False,stage1_nr,False,,,0,False,,False,,0
CNG_Data2k_variance/files/Q00897.01-0000107834.PDF,Q00897.01-0000107834.PDF,.pdf,597172,ok,True,False,text,False,1,0,1,False,0,False,0-10,Money/Amount,False,Financial Account Information,False,,clear_non_responsive,False,,0,likely_non_responsive,,True,True,1,0,0,0,0,1,6.379,True,False,False,stage1_nr,False,,,0,False,,False,,0
CNG_Data2k_variance/files/Q00897.01-0000916868.PDF,Q00897.01-0000916868.PDF,.pdf,990630,ok,True,True,text,True,6,0,7,False,5,False,0-10,Name | Address | Email | Phone | Money/Amount | Health | Work-Related,True,Contact Information | Financial Account Information | Health-Related Information | Work-Related Information,False,,ambiguous,True,yes,11993,standard,bde_llm_count,True,True,6,0,0,0,0,1,10.467,False,False,True,,True,likely_yes,yes,6435,False,standard,False,,18428
CNG_Data2k_variance/files/Q00897.01-0000659494.0001.XLSX,Q00897.01-0000659494.0001.XLSX,.xlsx,81770,ok,True,True,text,True,8,0,491,False,0,False,100+,Phone | Payment Card | Money/Amount,True,Contact Information | Financial Account Information,False,,ambiguous,True,no,13282,likely_non_responsive,bde_llm_count,False,False,0,0,0,0,0,0,3.481,True,False,False,stage1_nr,False,,,0,False,,False,,13282
CNG_Data2k_variance/files/Q00897.01-0000888693.PDF,Q00897.01-0000888693.PDF,.pdf,2998850,ok,True,False,text,False,322,0,249,False,5,True,100+,Address | Phone | SSN | Money/Amount | Work-Related,True,Contact Information | Government-Issued Identification | Financial Account Information | Work-Related Information,True,,clear_responsive,False,,14413,bde,bde_llm_count_roster,False,False,0,0,0,0,0,0,101.809,False,True,True,,True,clear_yes,yes,15353,True,bde,False,,29766
CNG_Data2k_variance/files/Q00897.01-0000660588.MSG,Q00897.01-0000660588.MSG,.msg,626176,ok,True,False,text,False,0,4,0,False,0,False,0-10,,False,,False,,clear_non_responsive,False,,0,likely_non_responsive,,False,False,0,0,0,0,0,0,3.733,True,False,False,stage1_nr,False,,,0,False,,False,,0
CNG_Data2k_variance/files/Q00897.01-0000750298.MSG,Q00897.01-0000750298.MSG,.msg,115200,ok,True,False,text,False,0,0,8,False,1,False,0-10,Name | Email | Phone | Money/Amount | Work-Related,True,Contact Information | Financial Account Information | Work-Related Information,False,,ambiguous,True,no,14880,likely_non_responsive,bde_llm_count,False,False,0,0,0,0,0,0,67.258,True,False,False,stage1_nr,False,,,0,False,,False,,14880
CNG_Data2k_variance/files/Q00897.01-0000894850.PDF,Q00897.01-0000894850.PDF,.pdf,184230,ok,True,False,text,False,21,0,12,False,6,False,10-20,Name | Address | Phone,True,Contact Information,False,,ambiguous,True,yes,29573,standard,bde_llm_count_roster,False,False,0,0,0,0,0,0,12.584,False,False,True,,True,clear_yes,yes,15259,False,standard,False,,44832
CNG_Data2k_variance/files/Q00897.01-0000242096.XLSX,Q00897.01-0000242096.XLSX,.xlsx,18939,ok,True,True,text,True,2,0,5,False,0,False,0-10,Name | Address | Phone | Money/Amount,True,Contact Information | Financial Account Information,False,,ambiguous,True,no,7797,likely_non_responsive,bde_llm_count,False,False,0,0,0,0,0,0,2.52,True,False,False,stage1_nr,False,,,0,False,,False,,7797
CNG_Data2k_variance/files/Q00897.01-0000483588.MSG,Q00897.01-0000483588.MSG,.msg,29184,ok,True,False,text,False,0,0,5,False,0,False,0-10,Name | Address | Email | Phone,True,Contact Information,False,,ambiguous,True,yes,4914,standard,,False,False,0,0,0,0,0,0,3.524,False,False,True,,True,likely_no,no,4950,False,likely_non_responsive,True,,9864
CNG_Data2k_variance/files/Q00897.01-0000755743.MSG,Q00897.01-0000755743.MSG,.msg,69632,ok,True,False,text,False,0,0,2,False,0,False,0-10,Name | Address | Email | Phone,True,Contact Information,False,,ambiguous,True,yes,4068,standard,,False,False,0,0,0,0,0,0,62.016,False,False,True,,True,clear_no,no,4136,False,likely_non_responsive,True,,8204
CNG_Data2k_variance/files/Q00897.01-0000549731.MSG,Q00897.01-0000549731.MSG,.msg,168448,ok,True,False,text,False,0,0,0,False,0,False,0-10,,False,,False,,clear_non_responsive,False,,0,likely_non_responsive,,False,False,0,0,0,0,0,0,0.196,True,False,False,stage1_nr,False,,,0,False,,False,,0
CNG_Data2k_variance/files/Q00897.01-0000283080.PDF,Q00897.01-0000283080.PDF,.pdf,645650,ok,True,True,text,True,6,0,16,False,1,False,10-20,Name | Address | Phone | Military ID | Money/Amount | Health,True,Contact Information | Government-Issued Identification | Financial Account Information | Health-Related Information,False,,ambiguous,True,yes,13781,standard,bde_llm_count,True,True,6,0,0,0,0,1,10.853,False,False,True,,True,clear_yes,yes,7349,False,standard,False,,21130
CNG_Data2k_variance/files/Q00897.01-0000746282.MSG,Q00897.01-0000746282.MSG,.msg,227328,ok,True,False,text,False,0,0,2,False,0,False,0-10,Address | Email | Phone | Money/Amount | Health,True,Contact Information | Financial Account Information | Health-Related Information,False,,ambiguous,True,no,4593,likely_non_responsive,,False,False,0,0,0,0,0,0,1.524,True,False,False,stage1_nr,False,,,0,False,,False,,4593
CNG_Data2k_variance/files/Q00897.01-0000427521.0001.PDF,Q00897.01-0000427521.0001.PDF,.pdf,995347,ok,True,False,text,False,22,0,1,False,0,False,0-10,Email | Money/Amount,True,Contact Information | Financial Account Information,False,,ambiguous,True,no,7099,likely_non_responsive,"img_ocr:p1,p1,p2,p6,p22(5/12,+75chars)",False,False,0,12,12,5,0,12,53.755,True,False,False,stage1_nr,False,,,0,False,,False,,7099
CNG_Data2k_variance/files/Q00897.01-0000615116.0002.PDF,Q00897.01-0000615116.0002.PDF,.pdf,3510455,ok,True,False,text,False,80,0,32,False,0,False,20-50,Name | Address | Email | Phone | Payment Card | Money/Amount | Demographic | Work-Related,True,Contact Information | Financial Account Information | Demographic Information | Work-Related Information,False,,ambiguous,True,no,16549,likely_non_responsive,bde_llm_count,False,False,0,0,0,0,0,0,5.551,True,False,False,stage1_nr,False,,,0,False,,False,,16549
CNG_Data2k_variance/files/Q00897.01-0000003106.PDF,Q00897.01-0000003106.PDF,.pdf,543165,ok,True,True,text,True,1,0,13,False,1,False,10-20,Name | Address | Email | Phone | SSN | Date of Birth | Money/Amount | Work-Related,True,Contact Information | Government-Issued Identification | Birth Information | Financial Account Information | Work-Related Information,False,,clear_responsive,False,,3278,standard,bde_llm_count,True,True,1,0,0,0,0,1,6.905,False,False,True,,True,clear_yes,yes,4130,False,standard,False,,7408
CNG_Data2k_variance/files/Q00897.01-0000802093.0001.DOCX,Q00897.01-0000802093.0001.DOCX,.docx,13718,ok,True,False,text,False,0,0,1,False,0,False,0-10,Name | Money/Amount | Student ID,True,Financial Account Information | Student-Related Information,False,,ambiguous,True,yes,3917,standard,,False,False,0,0,0,0,0,0,3.17,False,False,True,,True,likely_yes,yes,3986,False,standard,False,,7903
CNG_Data2k_variance/files/Q00897.01-0000745146.0001.PDF,Q00897.01-0000745146.0001.PDF,.pdf,629278,ok,True,True,text,True,8,0,4,False,4,False,0-10,Name | Address | Email | Phone | Money/Amount,True,Contact Information | Financial Account Information,False,,ambiguous,True,yes,15979,standard,bde_llm_count,True,True,8,0,0,0,0,1,12.835,False,False,True,,True,clear_yes,yes,8480,False,standard,False,,24459
CNG_Data2k_variance/files/Q00897.01-0000793683.MSG,Q00897.01-0000793683.MSG,.msg,70656,ok,True,False,text,False,0,2,3,False,0,False,0-10,Name | Address | Email | Phone | Money/Amount,True,Contact Information | Financial Account Information,False,,ambiguous,True,yes,5182,standard,,False,False,0,0,0,0,0,0,3.496,False,False,True,,True,likely_no,no,5261,False,likely_non_responsive,True,,10443
CNG_Data2k_variance/files/Q00897.01-0000016300.PDF,Q00897.01-0000016300.PDF,.pdf,954213,ok,True,False,text,False,1,0,3,False,0,False,0-10,Name | Address | Email | Phone | SSN | Work-Related,True,Contact Information | Government-Issued Identification | Work-Related Information,False,,clear_responsive,False,,0,standard,,False,False,0,0,0,0,0,0,5.766,False,False,True,,True,clear_yes,yes,8152,False,standard,False,,8152
CNG_Data2k_variance/files/Q00897.01-0000121548.PDF,Q00897.01-0000121548.PDF,.pdf,3823799,ok,True,True,text,True,8,0,19,False,0,False,10-20,,False,,False,,ambiguous,True,no,12046,likely_non_responsive,bde_llm_count,True,True,8,0,0,0,0,1,9.85,True,False,False,stage1_nr,False,,,0,False,,False,,12046
CNG_Data2k_variance/files/Q00897.01-0000806768.0001.DOCX,Q00897.01-0000806768.0001.DOCX,.docx,34557,ok,True,False,text,False,0,0,2,False,0,False,0-10,Name,False,,False,,ambiguous,True,no,5587,likely_non_responsive,,False,False,0,0,0,0,0,0,1.05,True,False,False,stage1_nr,False,,,0,False,,False,,5587
CNG_Data2k_variance/files/Q00897.01-0000720363.MSG,Q00897.01-0000720363.MSG,.msg,111616,ok,True,False,text,False,0,0,3,False,0,False,0-10,Name | Address | Email | Phone | Money/Amount,True,Contact Information | Financial Account Information,False,,ambiguous,True,yes,5245,standard,,False,False,0,0,0,0,0,0,3.786,False,False,True,,True,likely_no,no,5326,False,likely_non_responsive,True,,10571
CNG_Data2k_variance/files/Q00897.01-0000225901.PDF,Q00897.01-0000225901.PDF,.pdf,958231,ok,True,True,text,True,2,0,4,False,3,False,0-10,Name | Address | Email | Phone | Money/Amount,True,Contact Information | Financial Account Information,False,,ambiguous,True,yes,7811,standard,bde_llm_count,True,True,2,0,0,0,0,1,10.051,False,False,True,,True,likely_no,no,4374,False,likely_non_responsive,True,,12185
CNG_Data2k_variance/files/Q00897.01-0000391618.MSG,Q00897.01-0000391618.MSG,.msg,113664,ok,True,False,text,False,0,0,1,False,0,False,0-10,Name | Address | Money/Amount,True,Contact Information | Financial Account Information,False,,ambiguous,True,yes,4020,standard,,False,False,0,0,0,0,0,0,4.415,False,False,True,,True,clear_no,no,4092,False,likely_non_responsive,True,,8112
CNG_Data2k_variance/files/Q00897.01-0000291539.PDF,Q00897.01-0000291539.PDF,.pdf,389205,ok,True,False,text,False,3,0,59,False,59,True,50-100,Name | Phone | Money/Amount,True,Contact Information | Financial Account Information,True,,ambiguous,True,yes,12777,bde,bde_llm_count_roster,False,False,0,0,0,0,0,0,11.74,False,True,True,,True,clear_yes,yes,7043,True,bde,False,,19820
CNG_Data2k_variance/files/Q00897.01-0000695072.MSG,Q00897.01-0000695072.MSG,.msg,135680,ok,True,False,text,False,0,0,1,False,0,False,0-10,Name | Address | Email | Credentials,True,Contact Information | Access Credentials,False,,ambiguous,True,yes,3825,standard,,False,False,0,0,0,0,0,0,2.442,False,False,True,,True,borderline,no,3895,False,likely_non_responsive,True,,7720
CNG_Data2k_variance/files/Q00897.01-0000535614.0001.PDF,Q00897.01-0000535614.0001.PDF,.pdf,22558,ok,True,False,text,False,1,0,1,False,0,False,0-10,Money/Amount,False,Financial Account Information,False,,clear_non_responsive,False,,0,likely_non_responsive,,False,False,0,0,0,0,0,0,0.027,True,False,False,stage1_nr,False,,,0,False,,False,,0
CNG_Data2k_variance/files/Q00897.01-0000592121.MSG,Q00897.01-0000592121.MSG,.msg,124416,ok,True,False,text,False,0,0,8,False,8,False,0-10,Name | Address | Email | Phone | Tax ID,True,Contact Information | Government-Issued Identification,False,,ambiguous,True,yes,9285,standard,bde_llm_count,False,False,0,0,0,0,0,0,6.752,False,False,True,,True,likely_no,no,5092,False,likely_non_responsive,True,,14377
CNG_Data2k_variance/files/Q00897.01-0000838066.0001.PDF,Q00897.01-0000838066.0001.PDF,.pdf,161443,ok,True,False,text,False,12,0,1,False,0,False,0-10,Address | Money/Amount,True,Contact Information | Financial Account Information,False,,ambiguous,True,no,9052,likely_non_responsive,,False,False,0,0,0,0,0,0,4.612,True,False,False,stage1_nr,False,,,0,False,,False,,9052
CNG_Data2k_variance/files/Q00897.01-0000372805.MSG,Q00897.01-0000372805.MSG,.msg,399872,ok,True,False,text,False,0,0,19,False,0,False,10-20,Name | Email | Money/Amount,True,Contact Information | Financial Account Information,False,,ambiguous,True,yes,8760,standard,bde_llm_count,False,False,0,0,0,0,0,0,64.944,False,False,True,,True,clear_no,no,4847,False,likely_non_responsive,True,,13607
CNG_Data2k_variance/files/Q00897.01-0000284230.PDF,Q00897.01-0000284230.PDF,.pdf,285045,ok,True,True,text,True,2,0,8,False,1,False,0-10,Name | Address | Phone | Bank/Account Number | Money/Amount,True,Contact Information | Financial Account Information,False,,ambiguous,True,yes,8946,standard,bde_llm_count,True,True,2,0,0,0,0,1,9.581,False,False,True,,True,clear_yes,yes,4913,False,standard,False,,13859
CNG_Data2k_variance/files/Q00897.01-0000545515.MSG,Q00897.01-0000545515.MSG,.msg,425472,ok,True,False,text,False,0,0,1,False,0,False,0-10,Address | Email | Phone,True,Contact Information,False,,ambiguous,True,no,5895,likely_non_responsive,,False,False,0,0,0,0,0,0,2.938,True,False,False,stage1_nr,False,,,0,False,,False,,5895
CNG_Data2k_variance\files\Q00897.01-0000515315.0005.XLS,Q00897.01-0000515315.0005.XLS,.xls,17959,ok,True,True,text,True,3,0,1,False,0,False,0-10,Phone | Money/Amount,True,Contact Information | Financial Account Information,False,,ambiguous,True,no,7559,likely_non_responsive,bde_llm_count,False,False,0,0,0,0,0,0,2.685,True,False,False,stage1_nr,False,,,0,False,,False,,7559
CNG_Data2k_variance/files/Q00897.01-0000122160.PDF,Q00897.01-0000122160.PDF,.pdf,235972,ok,True,False,text,False,1,0,2,False,0,False,0-10,Name | Phone | Money/Amount,True,Contact Information | Financial Account Information,False,,ambiguous,True,no,4347,likely_non_responsive,"img_ocr:p1(1/1,+18chars)",False,False,0,1,1,1,0,1,5.923,True,False,False,stage1_nr,False,,,0,False,,False,,4347
CNG_Data2k_variance/files/Q00897.01-0000242062.XLSX,Q00897.01-0000242062.XLSX,.xlsx,17129,ok,True,True,text,True,2,0,26,False,0,False,20-50,Address | Phone | Money/Amount,True,Contact Information | Financial Account Information,False,,ambiguous,True,yes,12515,standard,bde_llm_count,False,False,0,0,0,0,0,0,4.793,False,False,True,,True,clear_no,no,6713,False,likely_non_responsive,True,,19228
CNG_Data2k_variance/files/Q00897.01-0000330304.0001.PDF,Q00897.01-0000330304.0001.PDF,.pdf,448159,ok,True,False,text,False,7,0,1,False,0,False,0-10,Name | Address | Bank/Account Number | Money/Amount,True,Contact Information | Financial Account Information,False,,ambiguous,True,yes,4536,standard,,False,False,0,0,0,0,0,0,3.558,False,False,True,,True,likely_no,no,4599,False,likely_non_responsive,True,,9135
CNG_Data2k_variance/files/Q00897.01-0000174309.PDF,Q00897.01-0000174309.PDF,.pdf,278659,ok,True,True,text,True,1,0,2,False,1,False,0-10,Address | Email | Phone | Money/Amount,True,Contact Information | Financial Account Information,False,,ambiguous,True,no,6773,likely_non_responsive,bde_llm_count,True,True,1,0,0,0,0,1,6.019,True,False,False,stage1_nr,False,,,0,False,,False,,6773
CNG_Data2k_variance/files/Q00897.01-0000859615.PDF,Q00897.01-0000859615.PDF,.pdf,810733,ok,True,True,text,True,4,0,64,False,1,False,50-100,Name | Address | Email | SSN | Money/Amount | Health | Work-Related,True,Contact Information | Government-Issued Identification | Financial Account Information | Health-Related Information | Work-Related Information,False,,clear_responsive,False,,5722,standard,bde_llm_count,True,True,4,0,0,0,0,1,10.29,False,False,True,,True,clear_yes,yes,6579,True,structured_bde,False,,12301
CNG_Data2k_variance/files/Q00897.01-0000296142.XLSX,Q00897.01-0000296142.XLSX,.xlsx,9332,ok,True,True,text,True,3,0,56,False,56,True,50-100,Name,False,,True,,ambiguous,True,yes,8429,structured_bde,roster_by_rowcount bde_llm_count_roster,False,False,0,0,0,0,0,0,3.752,False,True,True,,True,clear_yes,yes,4663,True,structured_bde,False,,13092
CNG_Data2k_variance/files/Q00897.01-0000534457.MSG,Q00897.01-0000534457.MSG,.msg,246784,ok,True,False,text,False,0,0,2,False,0,False,0-10,Name | Address | Email | Phone | Money/Amount,True,Contact Information | Financial Account Information,False,,ambiguous,True,yes,6682,standard,,False,False,0,0,0,0,0,0,59.772,False,False,True,,True,borderline,no,6757,False,likely_non_responsive,True,,13439
CNG_Data2k_variance/files/Q00897.01-0000551897.0001.CSV,Q00897.01-0000551897.0001.CSV,.csv,84658,ok,True,True,text,True,0,0,418,False,0,False,100+,Money/Amount,False,Financial Account Information,False,,ambiguous,True,no,14932,likely_non_responsive,roster_by_rowcount bde_llm_count,False,False,0,0,0,0,0,0,3.33,True,False,False,stage1_nr,False,,,0,False,,False,,14932
CNG_Data2k_variance/files/Q00897.01-0000137012.PDF,Q00897.01-0000137012.PDF,.pdf,11094612,ok,True,True,text,True,15,0,272,False,0,True,100+,Name | Address | Email | Phone | Money/Amount,True,Contact Information | Financial Account Information,True,,ambiguous,True,yes,22479,structured_bde,bde_llm_count_roster,True,True,15,0,0,0,0,1,14.848,False,True,True,,True,likely_yes,yes,11795,True,structured_bde,False,,34274
CNG_Data2k_variance/files/Q00897.01-0000347574.PDF,Q00897.01-0000347574.PDF,.pdf,269313,ok,True,True,text,True,2,0,10,False,0,False,0-10,Name | Address | Phone | Money/Amount,True,Contact Information | Financial Account Information,False,,ambiguous,True,yes,7606,standard,bde_llm_count,True,True,2,0,0,0,0,1,10.308,False,False,True,,True,clear_no,no,4244,False,likely_non_responsive,True,,11850
CNG_Data2k_variance/files/Q00897.01-0000894267.PDF,Q00897.01-0000894267.PDF,.pdf,140436,ok,True,False,text,False,21,0,7,False,2,False,0-10,Address | Phone | SSN | Money/Amount | Work-Related,True,Contact Information | Government-Issued Identification | Financial Account Information | Work-Related Information,False,,clear_responsive,False,,13670,standard,bde_llm_count,False,False,0,0,0,0,0,0,7.479,False,False,True,,True,clear_yes,yes,14642,False,standard,False,,28312
CNG_Data2k_variance/files/Q00897.01-0000908332.PDF,Q00897.01-0000908332.PDF,.pdf,12504,ok,True,False,text,False,1,0,0,False,0,False,0-10,,False,,False,,clear_non_responsive,False,,0,likely_non_responsive,,False,False,0,0,0,0,0,0,0.048,True,False,False,stage1_nr,False,,,0,False,,False,,0
CNG_Data2k_variance/files/Q00897.01-0000654587.0001.PNG,Q00897.01-0000654587.0001.PNG,.png,27202,ok,True,True,text,True,1,0,6,False,0,False,0-10,Card/Transaction | Money/Amount,False,Financial Account Information,False,,ambiguous,True,no,7123,likely_non_responsive,bde_llm_count,True,True,1,0,0,0,0,1,6.696,True,False,False,stage1_nr,False,,,0,False,,False,,7123
CNG_Data2k_variance/files/Q00897.01-0000283716.PDF,Q00897.01-0000283716.PDF,.pdf,888164,ok,True,True,text,True,4,0,37,False,2,False,20-50,Name | Address | Email | Phone | Bank/Account Number | Money/Amount,True,Contact Information | Financial Account Information,False,,ambiguous,True,yes,10465,standard,bde_llm_count,True,True,4,0,0,0,0,1,9.135,False,False,True,,True,clear_yes,yes,5686,False,standard,False,,16151
CNG_Data2k_variance/files/Q00897.01-0000134069.PDF,Q00897.01-0000134069.PDF,.pdf,1332095,ok,True,True,text,True,9,0,54,False,0,False,50-100,Money/Amount,False,Financial Account Information,False,,ambiguous,True,no,11789,likely_non_responsive,bde_llm_count,True,True,9,0,0,0,0,1,8.865,True,False,False,stage1_nr,False,,,0,False,,False,,11789
CNG_Data2k_variance/files/Q00897.01-0000014270.PDF,Q00897.01-0000014270.PDF,.pdf,57599,ok,True,False,text,False,3,0,1,False,0,False,0-10,Name | Bank/Account Number | Money/Amount,True,Financial Account Information,False,,ambiguous,True,yes,3929,standard,,False,False,0,0,0,0,0,0,2.864,False,False,True,,True,clear_yes,yes,3974,False,standard,False,,7903
CNG_Data2k_variance/files/Q00897.01-0000004740.PDF,Q00897.01-0000004740.PDF,.pdf,76911,ok,True,False,text,False,1,0,0,False,0,False,0-10,,False,,False,,clear_non_responsive,False,,0,likely_non_responsive,,True,True,1,0,0,0,0,1,4.369,True,False,False,stage1_nr,False,,,0,False,,False,,0
CNG_Data2k_variance/files/Q00897.01-0000017174.PDF,Q00897.01-0000017174.PDF,.pdf,346125,ok,True,False,text,False,2,0,5,False,0,False,0-10,Name | Address | Money/Amount | Work-Related,True,Contact Information | Financial Account Information | Work-Related Information,False,,ambiguous,True,yes,4634,standard,,False,False,0,0,0,0,0,0,3.674,False,False,True,,True,clear_yes,yes,4710,False,standard,False,,9344
CNG_Data2k_variance/files/Q00897.01-0000837669.0005.PDF,Q00897.01-0000837669.0005.PDF,.pdf,170530,ok,True,True,text,True,1,0,4,False,0,False,0-10,Address | Phone | Money/Amount,True,Contact Information | Financial Account Information,False,,ambiguous,True,no,7007,likely_non_responsive,bde_llm_count,True,True,1,0,0,0,0,1,8.067,True,False,False,stage1_nr,False,,,0,False,,False,,7007
CNG_Data2k_variance/files/Q00897.01-0000910252.PDF,Q00897.01-0000910252.PDF,.pdf,7385,ok,True,False,text,False,1,0,1,False,0,False,0-10,Name | Phone,True,Contact Information,False,,ambiguous,True,yes,3777,standard,,False,False,0,0,0,0,0,0,2.925,False,False,True,,True,borderline,no,3836,False,likely_non_responsive,True,,7613
CNG_Data2k_variance\files\Q00897.01-0000851736.XLS,Q00897.01-0000851736.XLS,.xls,22222,ok,True,True,text,True,1,0,66,False,1,False,50-100,Name | Money/Amount,False,Financial Account Information,False,,ambiguous,True,no,7278,likely_non_responsive,roster_by_rowcount bde_llm_count,False,False,0,0,0,0,0,0,2.364,True,False,False,stage1_nr,False,,,0,False,,False,,7278
CNG_Data2k_variance/files/Q00897.01-0000227003.PDF,Q00897.01-0000227003.PDF,.pdf,1697266,ok,True,False,text,False,1,0,3,False,0,False,0-10,Phone | Money/Amount,True,Contact Information | Financial Account Information,False,,ambiguous,True,no,4018,likely_non_responsive,,True,True,1,0,0,0,0,1,5.639,True,False,False,stage1_nr,False,,,0,False,,False,,4018
CNG_Data2k_variance/files/Q00897.01-0000533007.0001.PDF,Q00897.01-0000533007.0001.PDF,.pdf,25006,ok,True,False,text,False,2,0,0,False,0,False,0-10,,False,,False,,clear_non_responsive,False,,0,likely_non_responsive,,False,False,0,0,0,0,0,0,0.057,True,False,False,stage1_nr,False,,,0,False,,False,,0
CNG_Data2k_variance/files/Q00897.01-0000562049.0001.PDF,Q00897.01-0000562049.0001.PDF,.pdf,20970,ok,True,False,text,False,1,0,0,False,0,False,0-10,,False,,False,,clear_non_responsive,False,,0,likely_non_responsive,,False,False,0,0,0,0,0,0,0.025,True,False,False,stage1_nr,False,,,0,False,,False,,0
CNG_Data2k_variance/files/Q00897.01-0000843674.MSG,Q00897.01-0000843674.MSG,.msg,132608,ok,True,False,text,False,0,2,10,False,6,False,0-10,Name | Address | Email | Phone,True,Contact Information,False,,ambiguous,True,no,8336,likely_non_responsive,bde_llm_count,False,False,0,0,0,0,0,0,4.309,True,False,False,stage1_nr,False,,,0,False,,False,,8336
CNG_Data2k_variance/files/Q00897.01-0000675480.MSG,Q00897.01-0000675480.MSG,.msg,422912,ok,True,False,text,False,0,4,3,False,0,False,0-10,Name | Address | Email | Phone,True,Contact Information,False,,ambiguous,True,yes,5508,standard,,False,False,0,0,0,0,0,0,4.339,False,False,True,,True,likely_yes,yes,5550,False,standard,False,,11058
CNG_Data2k_variance/files/Q00897.01-0000807571.0001.DOCX,Q00897.01-0000807571.0001.DOCX,.docx,31171,ok,True,False,text,False,0,0,1,False,0,False,0-10,Health | Work-Related,False,Health-Related Information | Work-Related Information,False,,ambiguous,True,no,5554,likely_non_responsive,,False,False,0,0,0,0,0,0,1.122,True,False,False,stage1_nr,False,,,0,False,,False,,5554
CNG_Data2k_variance/files/Q00897.01-0000110236.XLSX,Q00897.01-0000110236.XLSX,.xlsx,128898,ok,True,True,text,True,18,0,1219,False,0,False,100+,Phone,True,Contact Information,False,,ambiguous,True,no,7593,likely_non_responsive,roster_by_rowcount bde_llm_count,False,False,0,0,0,0,0,0,3.47,True,False,False,stage1_nr,False,,,0,False,,False,,7593
CNG_Data2k_variance/files/Q00897.01-0000439708.0001.XLSX,Q00897.01-0000439708.0001.XLSX,.xlsx,2066735,ok,True,True,text,True,25,0,412,False,0,False,100+,Phone | Payment Card,True,Contact Information | Financial Account Information,False,,ambiguous,True,no,11284,likely_non_responsive,bde_llm_count,False,False,0,0,0,0,0,0,5.949,True,False,False,stage1_nr,False,,,0,False,,False,,11284
CNG_Data2k_variance/files/Q00897.01-0000561229.0001.PDF,Q00897.01-0000561229.0001.PDF,.pdf,20971,ok,True,False,text,False,1,0,0,False,0,False,0-10,,False,,False,,clear_non_responsive,False,,0,likely_non_responsive,,False,False,0,0,0,0,0,0,0.024,True,False,False,stage1_nr,False,,,0,False,,False,,0
CNG_Data2k_variance/files/Q00897.01-0000370772.MSG,Q00897.01-0000370772.MSG,.msg,306176,ok,True,False,text,False,0,0,2,False,0,False,0-10,Address | Email | Phone,True,Contact Information,False,,ambiguous,True,no,4198,likely_non_responsive,,False,False,0,0,0,0,0,0,60.096,True,False,False,stage1_nr,False,,,0,False,,False,,4198
CNG_Data2k_variance/files/Q00897.01-0000005103.PDF,Q00897.01-0000005103.PDF,.pdf,219897,ok,True,False,text,False,2,0,1,False,0,False,0-10,Money/Amount,False,Financial Account Information,False,,clear_non_responsive,False,,0,likely_non_responsive,,False,False,0,0,0,0,0,0,0.186,True,False,False,stage1_nr,False,,,0,False,,False,,0
CNG_Data2k_variance/files/Q00897.01-0000256895.PDF,Q00897.01-0000256895.PDF,.pdf,65396,ok,True,False,text,False,1,0,1,False,0,False,0-10,Money/Amount,False,Financial Account Information,False,,clear_non_responsive,False,,0,likely_non_responsive,,False,False,0,0,0,0,0,0,0.034,True,False,False,stage1_nr,False,,,0,False,,False,,0
CNG_Data2k_variance/files/Q00897.01-0000373584.0001.PDF,Q00897.01-0000373584.0001.PDF,.pdf,56585,ok,True,False,text,False,19,0,50,False,18,False,20-50,Name | Address | Card/Transaction | Money/Amount | Health,True,Contact Information | Financial Account Information | Health-Related Information,False,,ambiguous,True,yes,31437,standard,bde_llm_count,False,False,0,0,0,0,0,0,69.088,False,False,True,,True,likely_no,no,16229,False,likely_non_responsive,True,,47666
CNG_Data2k_variance/files/Q00897.01-0000259996.PDF,Q00897.01-0000259996.PDF,.pdf,467011,ok,True,True,text,True,15,0,506,False,1,False,100+,Name | Address | Phone | Money/Amount,True,Contact Information | Financial Account Information,False,,ambiguous,True,yes,32438,standard,bde_llm_count,True,True,15,0,0,0,0,1,16.815,False,False,True,,True,likely_yes,yes,16744,True,structured_bde,False,,49182
CNG_Data2k_variance/files/Q00897.01-0000443429.0001.PDF,Q00897.01-0000443429.0001.PDF,.pdf,38253,ok,True,False,text,False,2,0,2,False,0,False,0-10,Name | Address | Email | Phone | Card/Transaction | Money/Amount,True,Contact Information | Financial Account Information,False,,ambiguous,True,yes,4646,standard,,False,False,0,0,0,0,0,0,2.252,False,False,True,,True,likely_yes,yes,4703,False,standard,False,,9349
CNG_Data2k_variance/files/Q00897.01-0000906009.PDF,Q00897.01-0000906009.PDF,.pdf,22338,ok,True,False,text,False,6,0,1,False,0,False,0-10,Name | Address | Phone,True,Contact Information,False,,ambiguous,True,yes,6216,standard,,False,False,0,0,0,0,0,0,2.809,False,False,True,,True,borderline,no,6305,False,likely_non_responsive,True,,12521
CNG_Data2k_variance/files/Q00897.01-0000662152.MSG,Q00897.01-0000662152.MSG,.msg,1436672,ok,True,False,text,False,0,4,3,False,0,False,0-10,Name | Address | Email | Phone,True,Contact Information,False,,ambiguous,True,no,4167,likely_non_responsive,,False,False,0,0,0,0,0,0,1.582,True,False,False,stage1_nr,False,,,0,False,,False,,4167
CNG_Data2k_variance/files/Q00897.01-0000614802.MSG,Q00897.01-0000614802.MSG,.msg,308736,ok,True,False,text,False,0,2,10,False,9,False,0-10,Name | Address | Email | Phone | Money/Amount,True,Contact Information | Financial Account Information,False,,ambiguous,True,yes,9503,standard,bde_llm_count,False,False,0,0,0,0,0,0,5.317,False,False,True,,True,clear_no,no,5205,False,likely_non_responsive,True,,14708
CNG_Data2k_variance/files/Q00897.01-0000304376.XLSX,Q00897.01-0000304376.XLSX,.xlsx,33277,ok,True,True,text,True,3,0,155,False,4,False,100+,,False,,False,,ambiguous,True,no,7254,likely_non_responsive,roster_by_rowcount bde_llm_count,False,False,0,0,0,0,0,0,3.438,True,False,False,stage1_nr,False,,,0,False,,False,,7254
CNG_Data2k_variance/files/Q00897.01-0000890955.PDF,Q00897.01-0000890955.PDF,.pdf,219559,ok,True,True,text,True,15,0,219,False,15,True,100+,Name | Address | Phone | Money/Amount | Work-Related,True,Contact Information | Financial Account Information | Work-Related Information,True,,ambiguous,True,yes,16992,structured_bde,bde_llm_count_roster,True,True,15,0,0,0,0,1,15.074,False,True,True,,True,clear_yes,yes,8980,True,structured_bde,False,,25972
CNG_Data2k_variance/files/Q00897.01-0000017345.XLSX,Q00897.01-0000017345.XLSX,.xlsx,247721,ok,True,True,text,True,3,0,297,False,297,True,100+,Name | Money/Amount,False,Financial Account Information,True,,ambiguous,True,yes,12396,structured_bde,bde_llm_count_roster,False,False,0,0,0,0,0,0,6.059,False,True,True,,True,clear_yes,yes,6705,True,structured_bde,False,,19101
CNG_Data2k_variance/files/Q00897.01-0000533174.0001.PDF,Q00897.01-0000533174.0001.PDF,.pdf,22602,ok,True,False,text,False,1,0,1,False,0,False,0-10,Money/Amount,False,Financial Account Information,False,,clear_non_responsive,False,,0,likely_non_responsive,,False,False,0,0,0,0,0,0,0.048,True,False,False,stage1_nr,False,,,0,False,,False,,0
CNG_Data2k_variance/files/Q00897.01-0000431602.MSG,Q00897.01-0000431602.MSG,.msg,2468864,ok,True,False,text,False,0,3,11,False,6,False,10-20,Name | Email | Phone | Money/Amount,True,Contact Information | Financial Account Information,False,,ambiguous,True,no,11131,likely_non_responsive,bde_llm_count,False,False,0,0,0,0,0,0,5.138,True,False,False,stage1_nr,False,,,0,False,,False,,11131
CNG_Data2k_variance/files/Q00897.01-0000373776.MSG,Q00897.01-0000373776.MSG,.msg,387584,ok,True,False,text,False,0,0,1,False,0,False,0-10,Email | Phone | Money/Amount,True,Contact Information | Financial Account Information,False,,ambiguous,True,no,5275,likely_non_responsive,,False,False,0,0,0,0,0,0,59.789,True,False,False,stage1_nr,False,,,0,False,,False,,5275
CNG_Data2k_variance/files/Q00897.01-0000342011.PDF,Q00897.01-0000342011.PDF,.pdf,139011,ok,True,False,text,False,6,0,2,False,0,False,0-10,Name | Address | Phone,True,Contact Information,False,,ambiguous,True,yes,6138,standard,,False,False,0,0,0,0,0,0,3.181,False,False,True,,True,clear_no,no,6214,False,likely_non_responsive,True,,12352
CNG_Data2k_variance/files/Q00897.01-0000344799.PDF,Q00897.01-0000344799.PDF,.pdf,907443,ok,True,True,text,True,3,0,32,False,18,False,20-50,Name | Address | Email | Phone | Money/Amount,True,Contact Information | Financial Account Information,False,,ambiguous,True,yes,7930,standard,bde_llm_count,True,True,3,0,0,0,0,1,10.789,False,False,True,,True,likely_no,no,4434,False,likely_non_responsive,True,,12364
CNG_Data2k_variance/files/Q00897.01-0000845448.0003.PDF,Q00897.01-0000845448.0003.PDF,.pdf,224601,ok,True,True,text,True,4,0,29,False,0,False,20-50,Name | Address | Email | Phone | Money/Amount,True,Contact Information | Financial Account Information,False,,ambiguous,True,yes,11400,standard,bde_llm_count,True,True,4,0,0,0,0,1,9.438,False,False,True,,True,likely_no,no,6175,False,likely_non_responsive,True,,17575
CNG_Data2k_variance/files/Q00897.01-0000257243.0001.PDF,Q00897.01-0000257243.0001.PDF,.pdf,398021,ok,True,False,text,False,8,0,3,False,0,False,0-10,Name | Address | Bank/Account Number | Money/Amount,True,Contact Information | Financial Account Information,False,,ambiguous,True,yes,5426,standard,"img_ocr:p2(1/1,+313chars)",False,False,0,1,1,1,0,1,7.312,False,False,True,,True,likely_no,no,5515,False,likely_non_responsive,True,,10941
CNG_Data2k_variance/files/Q00897.01-0000020303.PDF,Q00897.01-0000020303.PDF,.pdf,645559,ok,True,False,text,False,3,0,6,False,0,False,0-10,Name | Email | Money/Amount,True,Contact Information | Financial Account Information,False,,ambiguous,True,yes,4288,standard,,False,False,0,0,0,0,0,0,3.225,False,False,True,,True,clear_yes,yes,4348,False,standard,False,,8636
CNG_Data2k_variance/files/Q00897.01-0000659179.0002.PDF,Q00897.01-0000659179.0002.PDF,.pdf,479843,ok,True,False,text,False,1,0,1,False,0,False,0-10,Name | Address,True,Contact Information,False,,ambiguous,True,yes,4970,standard,,True,True,1,0,0,0,0,1,7.169,False,False,True,,True,clear_yes,yes,5015,False,standard,False,,9985
CNG_Data2k_variance/files/Q00897.01-0000246096.PDF,Q00897.01-0000246096.PDF,.pdf,564239,ok,True,True,text,True,1,0,10,False,0,False,0-10,Name | Address | Email | Money/Amount,True,Contact Information | Financial Account Information,False,,ambiguous,True,no,7558,likely_non_responsive,bde_llm_count,True,True,1,0,0,0,0,1,8.117,True,False,False,stage1_nr,False,,,0,False,,False,,7558
CNG_Data2k_variance/files/Q00897.01-0000401140.MSG,Q00897.01-0000401140.MSG,.msg,116736,ok,True,False,text,False,0,0,14,False,14,False,10-20,Name | Address | Email | Phone | Money/Amount,True,Contact Information | Financial Account Information,False,,ambiguous,True,yes,16730,standard,bde_llm_count,False,False,0,0,0,0,0,0,10.005,False,False,True,,True,likely_yes,yes,8802,False,standard,False,,25532
CNG_Data2k_variance/files/Q00897.01-0000246306.PDF,Q00897.01-0000246306.PDF,.pdf,125963,ok,True,False,text,False,1,0,1,False,0,False,0-10,Money/Amount,False,Financial Account Information,False,,clear_non_responsive,False,,0,likely_non_responsive,,False,False,0,0,0,0,0,0,0.049,True,False,False,stage1_nr,False,,,0,False,,False,,0
CNG_Data2k_variance/files/Q00897.01-0000537703.0001.PDF,Q00897.01-0000537703.0001.PDF,.pdf,186907,ok,True,False,text,False,4,0,1,False,0,False,0-10,Money/Amount,False,Financial Account Information,False,,clear_non_responsive,False,,0,likely_non_responsive,,False,False,0,0,0,0,0,0,0.342,True,False,False,stage1_nr,False,,,0,False,,False,,0
CNG_Data2k_variance/files/Q00897.01-0000307374.PDF,Q00897.01-0000307374.PDF,.pdf,137233,ok,True,False,text,False,1,0,0,False,0,False,0-10,,False,,False,,clear_non_responsive,False,,0,likely_non_responsive,"img_ocr:none(1 calls,0 chars)",False,False,0,1,1,0,0,1,4.252,True,False,False,stage1_nr,False,,,0,False,,False,,0
CNG_Data2k_variance/files/Q00897.01-0000539681.0001.PDF,Q00897.01-0000539681.0001.PDF,.pdf,22608,ok,True,False,text,False,1,0,1,False,0,False,0-10,Money/Amount,False,Financial Account Information,False,,clear_non_responsive,False,,0,likely_non_responsive,,False,False,0,0,0,0,0,0,0.028,True,False,False,stage1_nr,False,,,0,False,,False,,0
CNG_Data2k_variance/files/Q00897.01-0000745288.MSG,Q00897.01-0000745288.MSG,.msg,244736,ok,True,False,text,False,0,0,0,False,0,False,0-10,,False,,False,,clear_non_responsive,False,,0,likely_non_responsive,,False,False,0,0,0,0,0,0,0.125,True,False,False,stage1_nr,False,,,0,False,,False,,0
CNG_Data2k_variance/files/Q00897.01-0000867642.PDF,Q00897.01-0000867642.PDF,.pdf,121898,ok,True,False,text,False,4,0,2,False,0,False,0-10,Name | Address | Phone,True,Contact Information,False,,ambiguous,True,yes,10815,standard,,False,False,0,0,0,0,0,0,3.505,False,False,True,,True,clear_yes,yes,10862,False,standard,False,,21677
CNG_Data2k_variance/files/Q00897.01-0000881693.XLSX,Q00897.01-0000881693.XLSX,.xlsx,15302,ok,True,True,text,True,1,0,200000,True,0,False,100+,Address | Payment Card | Money/Amount,True,Contact Information | Financial Account Information,False,,ambiguous,True,no,13452,likely_non_responsive,roster_by_rowcount bde_llm_count,False,False,0,0,0,0,0,0,3.508,True,False,False,stage1_nr,False,,,0,False,,False,,13452
CNG_Data2k_variance/files/Q00897.01-0000548697.0001.XLSX,Q00897.01-0000548697.0001.XLSX,.xlsx,33228,ok,True,True,text,True,1,0,258,False,0,False,100+,Phone | Money/Amount,True,Contact Information | Financial Account Information,False,,ambiguous,True,no,11714,likely_non_responsive,roster_by_rowcount bde_llm_count,False,False,0,0,0,0,0,0,3.295,True,False,False,stage1_nr,False,,,0,False,,False,,11714
CNG_Data2k_variance/files/Q00897.01-0000812606.MSG,Q00897.01-0000812606.MSG,.msg,111104,ok,True,False,text,False,0,0,2,False,0,False,0-10,Name | Address | Email | Card/Transaction | Credentials,True,Contact Information | Financial Account Information | Access Credentials,False,,ambiguous,True,yes,5193,standard,,False,False,0,0,0,0,0,0,3.981,False,False,True,,True,likely_no,no,5288,False,likely_non_responsive,True,,10481
CNG_Data2k_variance\files\Q00897.01-0000473932.0002.DOC,Q00897.01-0000473932.0002.DOC,.doc,34645,ok,True,False,text,False,0,0,3,False,0,False,0-10,Name | Address | Money/Amount,True,Contact Information | Financial Account Information,False,,ambiguous,True,yes,7294,standard,,False,False,0,0,0,0,0,0,3.195,False,False,True,,True,clear_no,no,7333,False,likely_non_responsive,True,,14627
CNG_Data2k_variance/files/Q00897.01-0000672558.MSG,Q00897.01-0000672558.MSG,.msg,155648,ok,True,False,text,False,0,1,1,False,0,False,0-10,Name | Money/Amount,True,Financial Account Information,False,,ambiguous,True,no,3830,likely_non_responsive,,False,False,0,0,0,0,0,0,1.106,True,False,False,stage1_nr,False,,,0,False,,False,,3830
CNG_Data2k_variance/files/Q00897.01-0000662824.0001.PDF,Q00897.01-0000662824.0001.PDF,.pdf,54958,ok,True,False,text,False,1,0,2,False,0,False,0-10,Address | Email | Phone | Money/Amount,True,Contact Information | Financial Account Information,False,,ambiguous,True,no,3966,likely_non_responsive,,True,True,1,0,0,0,0,1,5.309,True,False,False,stage1_nr,False,,,0,False,,False,,3966
CNG_Data2k_variance/files/Q00897.01-0000847272.MSG,Q00897.01-0000847272.MSG,.msg,29696,error,False,False,,False,0,0,0,False,0,False,,,False,,False,,,False,,0,review_error,MalformedRtf,False,False,0,0,0,0,0,0,0.231,False,False,False,extract_error,False,,,0,False,,False,,0
CNG_Data2k_variance/files/Q00897.01-0000871126.PDF,Q00897.01-0000871126.PDF,.pdf,1426871,ok,True,True,text,True,1,0,1,False,1,False,0-10,Name | Address,True,Contact Information,False,,ambiguous,True,yes,9094,standard,bde_llm_count,True,True,1,0,0,0,0,1,8.779,False,False,True,,True,clear_yes,yes,5020,False,standard,False,,14114
CNG_Data2k_variance/files/Q00897.01-0000269677.XLSX,Q00897.01-0000269677.XLSX,.xlsx,421015,ok,True,True,text,True,3,0,13444,False,0,False,100+,Money/Amount,False,Financial Account Information,False,,ambiguous,True,no,8211,likely_non_responsive,roster_by_rowcount bde_llm_count,False,False,0,0,0,0,0,0,3.233,True,False,False,stage1_nr,False,,,0,False,,False,,8211
CNG_Data2k_variance/files/Q00897.01-0000005040.PDF,Q00897.01-0000005040.PDF,.pdf,61096,ok,True,False,text,False,9,0,2,False,0,False,0-10,Name | Address | Email | Phone | Date of Birth | Card Expiry/CVV | Money/Amount | Family | Work-Related,True,Contact Information | Birth Information | Financial Account Information | Family Information | Work-Related Information,False,,ambiguous,True,yes,7413,standard,,False,False,0,0,0,0,0,0,3.668,False,False,True,,True,clear_yes,yes,7407,False,standard,False,,14820
CNG_Data2k_variance/files/Q00897.01-0000012493.PDF,Q00897.01-0000012493.PDF,.pdf,2444830,ok,True,False,text,False,1,0,2,False,0,False,0-10,Name | Address | Email | Phone | SSN | Money/Amount | Work-Related,True,Contact Information | Government-Issued Identification | Financial Account Information | Work-Related Information,False,,clear_responsive,False,,0,standard,,False,False,0,0,0,0,0,0,1.482,False,False,True,,True,clear_yes,yes,4202,False,standard,False,,4202
CNG_Data2k_variance/files/Q00897.01-0000545761.0001.PDF,Q00897.01-0000545761.0001.PDF,.pdf,22567,ok,True,False,text,False,1,0,1,False,0,False,0-10,Money/Amount,False,Financial Account Information,False,,clear_non_responsive,False,,0,likely_non_responsive,,False,False,0,0,0,0,0,0,0.022,True,False,False,stage1_nr,False,,,0,False,,False,,0
CNG_Data2k_variance/files/Q00897.01-0000256991.DOCX,Q00897.01-0000256991.DOCX,.docx,19820,ok,True,False,text,False,0,0,2,False,0,False,0-10,Name | Address | Phone | Money/Amount,True,Contact Information | Financial Account Information,False,,ambiguous,True,no,3829,likely_non_responsive,,False,False,0,0,0,0,0,0,1.389,True,False,False,stage1_nr,False,,,0,False,,False,,3829
CNG_Data2k_variance/files/Q00897.01-0000262531.PDF,Q00897.01-0000262531.PDF,.pdf,786963,ok,True,False,text,False,341,0,407,False,0,False,100+,Address | Phone | Payment Card | Money/Amount,True,Contact Information | Financial Account Information,False,,ambiguous,True,no,28035,likely_non_responsive,bde_llm_count,False,False,0,0,0,0,0,0,8.979,True,False,False,stage1_nr,False,,,0,False,,False,,28035
CNG_Data2k_variance/files/Q00897.01-0000545109.0001.PDF,Q00897.01-0000545109.0001.PDF,.pdf,22624,ok,True,False,text,False,1,0,1,False,0,False,0-10,Money/Amount,False,Financial Account Information,False,,clear_non_responsive,False,,0,likely_non_responsive,,False,False,0,0,0,0,0,0,0.03,True,False,False,stage1_nr,False,,,0,False,,False,,0
CNG_Data2k_variance/files/Q00897.01-0000685751.MSG,Q00897.01-0000685751.MSG,.msg,220672,ok,True,False,text,False,0,0,1,False,0,False,0-10,Address | Money/Amount,True,Contact Information | Financial Account Information,False,,ambiguous,True,no,4169,likely_non_responsive,,False,False,0,0,0,0,0,0,2.401,True,False,False,stage1_nr,False,,,0,False,,False,,4169
CNG_Data2k_variance/files/Q00897.01-0000669205.MSG,Q00897.01-0000669205.MSG,.msg,308736,ok,True,False,text,False,0,1,3,False,0,False,0-10,Name | Phone,True,Contact Information,False,,ambiguous,True,no,3726,likely_non_responsive,,False,False,0,0,0,0,0,0,1.288,True,False,False,stage1_nr,False,,,0,False,,False,,3726
CNG_Data2k_variance/files/Q00897.01-0000911816.PDF,Q00897.01-0000911816.PDF,.pdf,166981,ok,True,True,text,True,4,0,47,False,5,False,20-50,Name | Address | SSN | Money/Amount,True,Contact Information | Government-Issued Identification | Financial Account Information,False,,clear_responsive,False,,4823,standard,bde_llm_count_roster,True,True,4,0,0,0,0,1,8.708,False,False,True,,True,clear_yes,yes,5693,False,standard,False,,10516
CNG_Data2k_variance/files/Q00897.01-0000260146.PDF,Q00897.01-0000260146.PDF,.pdf,2592033,ok,True,True,text,True,8,0,280,False,1,False,100+,Name | Money/Amount,False,Financial Account Information,False,,ambiguous,True,yes,34888,standard,bde_llm_count,True,True,8,0,0,0,0,1,15.149,False,False,True,,True,clear_yes,yes,17977,True,structured_bde,False,,52865
CNG_Data2k_variance/files/Q00897.01-0000375655.MSG,Q00897.01-0000375655.MSG,.msg,280576,ok,True,False,text,False,0,0,1,False,0,False,0-10,Name | Address,True,Contact Information,False,,ambiguous,True,no,4267,likely_non_responsive,,False,False,0,0,0,0,0,0,2.379,True,False,False,stage1_nr,False,,,0,False,,False,,4267
CNG_Data2k_variance/files/Q00897.01-0000659033.MSG,Q00897.01-0000659033.MSG,.msg,142848,ok,True,False,text,False,0,2,5,False,0,False,0-10,Name | Address | Email | Phone | Money/Amount,True,Contact Information | Financial Account Information,False,,ambiguous,True,no,4543,likely_non_responsive,,False,False,0,0,0,0,0,0,1.565,True,False,False,stage1_nr,False,,,0,False,,False,,4543
CNG_Data2k_variance/files/Q00897.01-0000697307.MSG,Q00897.01-0000697307.MSG,.msg,258560,ok,True,False,text,False,0,0,22,False,0,False,20-50,Name | Address | Phone,True,Contact Information,False,,ambiguous,True,no,7662,likely_non_responsive,bde_llm_count,False,False,0,0,0,0,0,0,3.88,True,False,False,stage1_nr,False,,,0,False,,False,,7662
CNG_Data2k_variance/files/Q00897.01-0000344806.PDF,Q00897.01-0000344806.PDF,.pdf,26214,ok,True,False,text,False,4,0,1,False,0,False,0-10,Name | Address | Money/Amount,True,Contact Information | Financial Account Information,False,,ambiguous,True,yes,6280,standard,,False,False,0,0,0,0,0,0,3.519,False,False,True,,True,clear_yes,yes,6349,False,standard,False,,12629
CNG_Data2k_variance/files/Q00897.01-0000451495.0001.PDF,Q00897.01-0000451495.0001.PDF,.pdf,35693,ok,True,False,text,False,2,0,2,False,0,False,0-10,Name | Phone,True,Contact Information,False,,ambiguous,True,no,5085,likely_non_responsive,,False,False,0,0,0,0,0,0,1.416,True,False,False,stage1_nr,False,,,0,False,,False,,5085
CNG_Data2k_variance/files/Q00897.01-0000837248.0001.PDF,Q00897.01-0000837248.0001.PDF,.pdf,156383,ok,True,False,text,False,7,0,1,False,0,False,0-10,Name | Money/Amount,True,Financial Account Information,False,,ambiguous,True,no,9215,likely_non_responsive,,False,False,0,0,0,0,0,0,3.561,True,False,False,stage1_nr,False,,,0,False,,False,,9215
CNG_Data2k_variance/files/Q00897.01-0000113021.PDF,Q00897.01-0000113021.PDF,.pdf,497568,ok,True,False,text,False,3,0,3,False,0,False,0-10,Name | Address | Phone | Money/Amount | Health,True,Contact Information | Financial Account Information | Health-Related Information,False,,ambiguous,True,yes,6335,standard,"img_ocr:p1(1/1,+12chars)",False,False,0,1,1,1,0,1,7.982,False,False,True,,True,likely_yes,yes,6423,False,standard,False,,12758
CNG_Data2k_variance/files/Q00897.01-0000803339.0001.VCF,Q00897.01-0000803339.0001.VCF,.vcf,384,no_parser,False,False,unknown,False,0,0,0,False,0,False,,,False,,False,,,False,,0,needs_parser,unsupported_ext,False,False,0,0,0,0,0,0,0.0,False,False,False,no_parser,False,,,0,False,,False,,0
CNG_Data2k_variance/files/Q00897.01-0000889472.PDF,Q00897.01-0000889472.PDF,.pdf,716397,ok,True,False,text,False,121,0,155,False,155,True,100+,Name | Address | Phone | Money/Amount,True,Contact Information | Financial Account Information,True,,ambiguous,True,yes,36573,bde,bde_llm_count_roster,False,False,0,0,0,0,0,0,21.593,False,True,True,,True,likely_yes,yes,18822,True,bde,False,,55395
CNG_Data2k_variance/files/Q00897.01-0000652949.MSG,Q00897.01-0000652949.MSG,.msg,161792,ok,True,False,text,False,0,2,8,False,4,False,0-10,Name | Address | Email | Phone | Money/Amount,True,Contact Information | Financial Account Information,False,,ambiguous,True,yes,9086,standard,bde_llm_count,False,False,0,0,0,0,0,0,5.477,False,False,True,,True,likely_no,no,4969,False,likely_non_responsive,True,,14055
CNG_Data2k_variance/files/Q00897.01-0000671279.MSG,Q00897.01-0000671279.MSG,.msg,1673216,ok,True,False,text,False,0,1,5,False,0,False,0-10,Name | Address | Email | Phone | Money/Amount,True,Contact Information | Financial Account Information,False,,ambiguous,True,no,4059,likely_non_responsive,,False,False,0,0,0,0,0,0,1.351,True,False,False,stage1_nr,False,,,0,False,,False,,4059
CNG_Data2k_variance/files/Q00897.01-0000365025.MSG,Q00897.01-0000365025.MSG,.msg,265216,ok,True,False,text,False,0,0,1,False,0,False,0-10,Address | Payment Card | Money/Amount,True,Contact Information | Financial Account Information,False,,ambiguous,True,no,4178,likely_non_responsive,,False,False,0,0,0,0,0,0,3.772,True,False,False,stage1_nr,False,,,0,False,,False,,4178
CNG_Data2k_variance/files/Q00897.01-0000064044.PDF,Q00897.01-0000064044.PDF,.pdf,360808,ok,True,True,text,True,1,0,10,False,0,False,0-10,Name | Address | Email | Phone | Money/Amount,True,Contact Information | Financial Account Information,False,,ambiguous,True,no,7008,likely_non_responsive,bde_llm_count,True,True,1,0,0,0,0,1,7.003,True,False,False,stage1_nr,False,,,0,False,,False,,7008
CNG_Data2k_variance/files/Q00897.01-0000236522.0002.XLSX,Q00897.01-0000236522.0002.XLSX,.xlsx,56849,ok,True,True,text,True,1,0,1,False,0,False,0-10,SSN | Money/Amount,True,Government-Issued Identification | Financial Account Information,False,,clear_responsive,False,,3341,standard,bde_llm_count,False,False,0,0,0,0,0,0,2.881,False,False,True,,True,clear_no,no,4247,False,likely_non_responsive,True,,7588
CNG_Data2k_variance/files/Q00897.01-0000720703.MSG,Q00897.01-0000720703.MSG,.msg,181760,ok,True,False,text,False,0,0,1,False,0,False,0-10,Name | Address | Email | Money/Amount,True,Contact Information | Financial Account Information,False,,ambiguous,True,yes,4252,standard,,False,False,0,0,0,0,0,0,3.492,False,False,True,,True,clear_yes,yes,4310,False,standard,False,,8562
CNG_Data2k_variance/files/Q00897.01-0000294529.PDF,Q00897.01-0000294529.PDF,.pdf,346102,ok,True,False,text,False,3,0,1,False,0,False,0-10,Money/Amount,False,Financial Account Information,False,,clear_non_responsive,False,,0,likely_non_responsive,,False,False,0,0,0,0,0,0,0.606,True,False,False,stage1_nr,False,,,0,False,,False,,0
CNG_Data2k_variance/files/Q00897.01-0000659807.MSG,Q00897.01-0000659807.MSG,.msg,603648,ok,True,False,text,False,0,3,2,False,0,False,0-10,Name | Address | Email | Phone,True,Contact Information,False,,ambiguous,True,yes,3825,standard,,False,False,0,0,0,0,0,0,2.84,False,False,True,,True,likely_no,no,3899,False,likely_non_responsive,True,,7724
CNG_Data2k_variance/files/Q00897.01-0000542775.0001.XLSX,Q00897.01-0000542775.0001.XLSX,.xlsx,73822,ok,True,True,text,True,1,0,67,False,0,False,50-100,Phone | Money/Amount,True,Contact Information | Financial Account Information,False,,ambiguous,True,no,17852,likely_non_responsive,bde_llm_count,False,False,0,0,0,0,0,0,2.816,True,False,False,stage1_nr,False,,,0,False,,False,,17852
CNG_Data2k_variance/files/Q00897.01-0000270055.PDF,Q00897.01-0000270055.PDF,.pdf,104574,ok,True,False,text,False,1,0,3,False,0,False,0-10,Name | Address | Email | Phone | Card Expiry/CVV,True,Contact Information | Financial Account Information,False,,ambiguous,True,yes,4342,standard,,True,True,1,0,0,0,0,1,7.853,False,False,True,,True,likely_no,no,4427,False,likely_non_responsive,True,,8769
CNG_Data2k_variance/files/Q00897.01-0000540936.0001.PDF,Q00897.01-0000540936.0001.PDF,.pdf,676469,ok,True,False,text,False,4,0,1,False,0,False,0-10,Money/Amount,False,Financial Account Information,False,,clear_non_responsive,False,,0,likely_non_responsive,,False,False,0,0,0,0,0,0,3.529,True,False,False,stage1_nr,False,,,0,False,,False,,0
CNG_Data2k_variance/files/Q00897.01-0000450318.MSG,Q00897.01-0000450318.MSG,.msg,146432,ok,True,False,text,False,0,0,4,False,0,False,0-10,Name | Address | Email | Money/Amount | Credentials,True,Contact Information | Financial Account Information | Access Credentials,False,,ambiguous,True,yes,4878,standard,,False,False,0,0,0,0,0,0,3.469,False,False,True,,True,likely_yes,yes,4936,False,standard,False,,9814
CNG_Data2k_variance/files/Q00897.01-0000908429.PDF,Q00897.01-0000908429.PDF,.pdf,12326,ok,True,False,text,False,1,0,0,False,0,False,0-10,,False,,False,,clear_non_responsive,False,,0,likely_non_responsive,,False,False,0,0,0,0,0,0,0.053,True,False,False,stage1_nr,False,,,0,False,,False,,0
CNG_Data2k_variance/files/Q00897.01-0000307373.MSG,Q00897.01-0000307373.MSG,.msg,633856,ok,True,False,text,False,0,1,2,False,0,False,0-10,Name | Email | Phone | Card/Transaction,True,Contact Information | Financial Account Information,False,,ambiguous,True,yes,4249,standard,,False,False,0,0,0,0,0,0,3.065,False,False,True,,True,likely_no,no,4350,False,likely_non_responsive,True,,8599
CNG_Data2k_variance/files/Q00897.01-0000431365.0010.PDF,Q00897.01-0000431365.0010.PDF,.pdf,1820841,ok,True,False,text,False,10,0,3,False,0,False,0-10,Name | Address | Email | Phone | Money/Amount | Health,True,Contact Information | Financial Account Information | Health-Related Information,False,,ambiguous,True,yes,6734,standard,"img_ocr:p4,p4,p4,p4,p4,p4,p4,p4,p4,p4,p4,p4,p4,p4,p4,p6,p6,p6,p6,p6,p6,p6,p6,p6,p6,p8,p8,p8,p8,p8,p8,p8,p8,p9,p9,p9,p9,p9,p9,p9,p9,p9,p9,p9,p9,p9,p9,p9(48/51,+4476chars)",False,False,0,51,51,48,0,51,216.78,False,False,True,,True,clear_yes,yes,6785,False,standard,False,,13519
CNG_Data2k_variance/files/Q00897.01-0000799567.MSG,Q00897.01-0000799567.MSG,.msg,215040,ok,True,False,text,False,0,2,5,False,0,False,0-10,Name | Address | Email | Phone | Bank/Account Number | Money/Amount,True,Contact Information | Financial Account Information,False,,ambiguous,True,yes,8009,standard,,False,False,0,0,0,0,0,0,4.792,False,False,True,,True,likely_yes,yes,8033,False,standard,False,,16042
CNG_Data2k_variance/files/Q00897.01-0000327207.XLSX,Q00897.01-0000327207.XLSX,.xlsx,28451,ok,True,True,text,True,1,0,389,False,0,True,100+,Address | Money/Amount,True,Contact Information | Financial Account Information,True,,ambiguous,True,yes,8832,structured_bde,roster_by_rowcount bde_llm_count_roster,False,False,0,0,0,0,0,0,4.28,False,True,True,,True,clear_no,no,4872,True,likely_non_responsive,True,,13704
CNG_Data2k_variance/files/Q00897.01-0000654536.0001.PDF,Q00897.01-0000654536.0001.PDF,.pdf,8935,ok,True,True,text,True,1,0,9,False,0,False,0-10,Address | Bank/Account Number | Card/Transaction | Money/Amount,True,Contact Information | Financial Account Information,False,,ambiguous,True,yes,6902,standard,bde_llm_count,True,True,1,0,0,0,0,1,7.971,False,False,True,,True,clear_no,no,3924,False,likely_non_responsive,True,,10826
CNG_Data2k_variance/files/Q00897.01-0000731959.0001.PDF,Q00897.01-0000731959.0001.PDF,.pdf,272873,ok,True,True,text,True,5,0,91,False,5,False,50-100,Name | Address | Phone | Tax ID | Bank/Account Number | Money/Amount,True,Contact Information | Government-Issued Identification | Financial Account Information,False,,ambiguous,True,yes,13379,standard,bde_llm_count,True,True,5,0,0,0,0,1,11.444,False,False,True,,True,likely_no,no,7131,True,likely_non_responsive,True,,20510
CNG_Data2k_variance/files/Q00897.01-0000504135.MSG,Q00897.01-0000504135.MSG,.msg,84992,ok,True,False,text,False,0,0,2,False,0,False,0-10,Address | Email | Phone | Money/Amount | Health,True,Contact Information | Financial Account Information | Health-Related Information,False,,ambiguous,True,no,4304,likely_non_responsive,,False,False,0,0,0,0,0,0,2.441,True,False,False,stage1_nr,False,,,0,False,,False,,4304
CNG_Data2k_variance/files/Q00897.01-0000703160.MSG,Q00897.01-0000703160.MSG,.msg,264192,ok,True,False,text,False,0,0,6,False,0,False,0-10,Name | Address | Email | Phone | Money/Amount,True,Contact Information | Financial Account Information,False,,ambiguous,True,yes,6098,standard,,False,False,0,0,0,0,0,0,3.45,False,False,True,,True,likely_no,no,6158,False,likely_non_responsive,True,,12256
CNG_Data2k_variance/files/Q00897.01-0000662617.MSG,Q00897.01-0000662617.MSG,.msg,584192,ok,True,False,text,False,0,2,10,False,7,False,0-10,Name | Address | Email | Phone,True,Contact Information,False,,ambiguous,True,yes,13381,standard,bde_llm_count,False,False,0,0,0,0,0,0,6.021,False,False,True,,True,likely_no,no,7158,False,likely_non_responsive,True,,20539
CNG_Data2k_variance/files/Q00897.01-0000006848.PDF,Q00897.01-0000006848.PDF,.pdf,409903,ok,True,True,text,True,3,0,19,False,0,False,10-20,Address | Phone | Money/Amount,True,Contact Information | Financial Account Information,False,,ambiguous,True,no,7621,likely_non_responsive,bde_llm_count,True,True,3,0,0,0,0,1,10.71,True,False,False,stage1_nr,False,,,0,False,,False,,7621
CNG_Data2k_variance/files/Q00897.01-0000706279.MSG,Q00897.01-0000706279.MSG,.msg,262144,ok,True,False,text,False,0,0,1,False,0,False,0-10,Name | Address | Money/Amount | Health,True,Contact Information | Financial Account Information | Health-Related Information,False,,ambiguous,True,no,4216,likely_non_responsive,,False,False,0,0,0,0,0,0,3.018,True,False,False,stage1_nr,False,,,0,False,,False,,4216
CNG_Data2k_variance/files/Q00897.01-0000911631.PDF,Q00897.01-0000911631.PDF,.pdf,9859,ok,True,False,text,False,2,0,0,False,0,False,0-10,,False,,False,,clear_non_responsive,False,,0,likely_non_responsive,,False,False,0,0,0,0,0,0,0.042,True,False,False,stage1_nr,False,,,0,False,,False,,0
CNG_Data2k_variance/files/Q00897.01-0000582261.MSG,Q00897.01-0000582261.MSG,.msg,285696,ok,True,False,text,False,0,0,1,False,0,False,0-10,Name | Address,True,Contact Information,False,,ambiguous,True,yes,5092,standard,,False,False,0,0,0,0,0,0,3.804,False,False,True,,True,likely_no,no,5154,False,likely_non_responsive,True,,10246
CNG_Data2k_variance/files/Q00897.01-0000373122.MSG,Q00897.01-0000373122.MSG,.msg,229888,ok,True,False,text,False,0,0,3,False,0,False,0-10,Name | Address | Email | Phone | Money/Amount,True,Contact Information | Financial Account Information,False,,ambiguous,True,yes,5255,standard,,False,False,0,0,0,0,0,0,60.103,False,False,True,,True,likely_no,no,5321,False,likely_non_responsive,True,,10576
CNG_Data2k_variance/files/Q00897.01-0000108704.PDF,Q00897.01-0000108704.PDF,.pdf,1209599,ok,True,True,text,True,5,0,50,False,1,False,20-50,Email | Phone | Money/Amount,True,Contact Information | Financial Account Information,False,,ambiguous,True,no,15434,likely_non_responsive,bde_llm_count,True,True,5,0,0,0,0,1,12.85,True,False,False,stage1_nr,False,,,0,False,,False,,15434
CNG_Data2k_variance/files/Q00897.01-0000573745.0001.PDF,Q00897.01-0000573745.0001.PDF,.pdf,20968,ok,True,False,text,False,1,0,0,False,0,False,0-10,,False,,False,,clear_non_responsive,False,,0,likely_non_responsive,,False,False,0,0,0,0,0,0,0.021,True,False,False,stage1_nr,False,,,0,False,,False,,0
CNG_Data2k_variance/files/Q00897.01-0000807229.MSG,Q00897.01-0000807229.MSG,.msg,180736,ok,True,False,text,False,0,7,12,False,6,False,10-20,Name | Address | Email | Phone,True,Contact Information,False,,ambiguous,True,yes,11429,standard,bde_llm_count,False,False,0,0,0,0,0,0,5.794,False,False,True,,True,clear_no,no,6142,False,likely_non_responsive,True,,17571
CNG_Data2k_variance/files/Q00897.01-0000883318.JPG,Q00897.01-0000883318.JPG,.jpg,822390,ok,True,False,text,False,1,0,1,False,0,False,0-10,Money/Amount | Credentials,False,Financial Account Information | Access Credentials,False,,ambiguous,True,no,3979,likely_non_responsive,,True,True,1,0,0,0,0,1,5.336,True,False,False,stage1_nr,False,,,0,False,,False,,3979
CNG_Data2k_variance/files/Q00897.01-0000262623.PDF,Q00897.01-0000262623.PDF,.pdf,537824,ok,True,False,text,False,240,0,115,False,0,False,100+,Phone | Payment Card | Money/Amount,True,Contact Information | Financial Account Information,False,,ambiguous,True,no,28540,likely_non_responsive,bde_llm_count,False,False,0,0,0,0,0,0,6.985,True,False,False,stage1_nr,False,,,0,False,,False,,28540
CNG_Data2k_variance/files/Q00897.01-0000902569.PDF,Q00897.01-0000902569.PDF,.pdf,15246,ok,True,False,text,False,2,0,1,False,0,False,0-10,Money/Amount,False,Financial Account Information,False,,clear_non_responsive,False,,0,likely_non_responsive,,False,False,0,0,0,0,0,0,0.088,True,False,False,stage1_nr,False,,,0,False,,False,,0
CNG_Data2k_variance/files/Q00897.01-0000410028.0001.XLSX,Q00897.01-0000410028.0001.XLSX,.xlsx,10248834,error,False,False,,False,0,0,0,False,0,False,,,False,,False,,,False,,0,review_error,ValueError,False,False,0,0,0,0,0,0,0.148,False,False,False,extract_error,False,,,0,False,,False,,0
CNG_Data2k_variance/files/Q00897.01-0000914151.PDF,Q00897.01-0000914151.PDF,.pdf,10418,ok,True,False,text,False,6,0,2,False,0,False,0-10,Name | Address | Phone | Money/Amount,True,Contact Information | Financial Account Information,False,,ambiguous,True,yes,7515,standard,,False,False,0,0,0,0,0,0,2.604,False,False,True,,True,clear_yes,yes,7528,False,standard,False,,15043
CNG_Data2k_variance/files/Q00897.01-0000910677.PDF,Q00897.01-0000910677.PDF,.pdf,240495,ok,True,False,text,False,33,0,1,False,0,False,0-10,Money/Amount,False,Financial Account Information,False,,clear_non_responsive,False,,0,likely_non_responsive,,False,False,0,0,0,0,0,0,4.165,True,False,False,stage1_nr,False,,,0,False,,False,,0
CNG_Data2k_variance/files/Q00897.01-0000907138.PDF,Q00897.01-0000907138.PDF,.pdf,10652,ok,True,False,text,False,1,0,1,False,0,False,0-10,Name | Address | Phone | SSN,True,Contact Information | Government-Issued Identification,False,,clear_responsive,False,,0,standard,,False,False,0,0,0,0,0,0,1.98,False,False,True,,True,likely_yes,yes,4234,False,standard,False,,4234
CNG_Data2k_variance/files/Q00897.01-0000905825.PDF,Q00897.01-0000905825.PDF,.pdf,150972,ok,True,False,text,False,19,0,50,False,51,True,20-50,Name | Address | Phone,True,Contact Information,True,,ambiguous,True,yes,33990,bde,bde_llm_count_roster,False,False,0,0,0,0,0,0,12.248,False,True,True,,True,clear_yes,yes,17563,False,standard,False,,51553
CNG_Data2k_variance/files/Q00897.01-0000310738.PDF,Q00897.01-0000310738.PDF,.pdf,13371381,ok,True,False,text,False,37,0,5,False,0,False,0-10,Name | Address | Email | Phone | Money/Amount | Health,True,Contact Information | Financial Account Information | Health-Related Information,False,,ambiguous,True,no,9967,likely_non_responsive,"img_ocr:none(2 calls,0 chars)",False,False,0,2,2,0,0,2,21.81,True,False,False,stage1_nr,False,,,0,False,,False,,9967
CNG_Data2k_variance/files/Q00897.01-0000120021.PDF,Q00897.01-0000120021.PDF,.pdf,92782,ok,True,False,text,False,1,0,40,False,40,False,20-50,Name | Phone | Payment Card,True,Contact Information | Financial Account Information,False,,ambiguous,True,yes,9852,standard,bde_llm_count_roster,False,False,0,0,0,0,0,0,9.745,False,False,True,,True,clear_yes,yes,5539,False,standard,False,,15391
CNG_Data2k_variance/files/Q00897.01-0000293090.PDF,Q00897.01-0000293090.PDF,.pdf,144514,ok,True,False,text,False,7,0,1,False,0,False,0-10,Money/Amount,False,Financial Account Information,False,,clear_non_responsive,False,,0,likely_non_responsive,,False,False,0,0,0,0,0,0,0.594,True,False,False,stage1_nr,False,,,0,False,,False,,0
CNG_Data2k_variance/files/Q00897.01-0000252498.PDF,Q00897.01-0000252498.PDF,.pdf,819740,ok,True,True,text,True,1,0,37,False,0,False,20-50,Address | Email | Phone | Bank/Account Number | Money/Amount,True,Contact Information | Financial Account Information,False,,ambiguous,True,yes,7824,standard,bde_llm_count,True,True,1,0,0,0,0,1,8.207,False,False,True,,True,clear_no,no,4351,False,likely_non_responsive,True,,12175
CNG_Data2k_variance/files/Q00897.01-0000444504.0001.PDF,Q00897.01-0000444504.0001.PDF,.pdf,63172,ok,True,False,text,False,21,0,1,False,0,False,0-10,Address | Card/Transaction | Money/Amount,True,Contact Information | Financial Account Information,False,,ambiguous,True,no,15747,likely_non_responsive,,False,False,0,0,0,0,0,0,1.696,True,False,False,stage1_nr,False,,,0,False,,False,,15747
CNG_Data2k_variance/files/Q00897.01-0000455543.MSG,Q00897.01-0000455543.MSG,.msg,179200,ok,True,False,text,False,0,2,2,False,0,False,0-10,Name | Address | Email | Phone | Money/Amount,True,Contact Information | Financial Account Information,False,,ambiguous,True,no,4098,likely_non_responsive,,False,False,0,0,0,0,0,0,1.937,True,False,False,stage1_nr,False,,,0,False,,False,,4098
CNG_Data2k_variance/files/Q00897.01-0000669494.0002.PDF,Q00897.01-0000669494.0002.PDF,.pdf,15486,ok,True,False,text,False,16,0,6,False,0,False,0-10,Address | Phone | Bank/Account Number | Money/Amount,True,Contact Information | Financial Account Information,False,,ambiguous,True,no,4741,likely_non_responsive,,False,False,0,0,0,0,0,0,1.42,True,False,False,stage1_nr,False,,,0,False,,False,,4741
CNG_Data2k_variance/files/Q00897.01-0000001669.PDF,Q00897.01-0000001669.PDF,.pdf,421101,ok,True,True,text,True,5,0,20,False,1,False,10-20,Name | Money/Amount | Health | Work-Related,True,Financial Account Information | Health-Related Information | Work-Related Information,False,,ambiguous,True,yes,12471,standard,bde_llm_count,True,True,5,0,0,0,0,1,11.164,False,False,True,,True,clear_yes,yes,6688,False,standard,False,,19159
CNG_Data2k_variance/files/Q00897.01-0000116631.PDF,Q00897.01-0000116631.PDF,.pdf,354017,ok,True,True,text,True,4,0,329,False,0,False,100+,Money/Amount,False,Financial Account Information,False,,ambiguous,True,no,20331,likely_non_responsive,bde_llm_count,True,True,4,0,0,0,0,1,11.423,True,False,False,stage1_nr,False,,,0,False,,False,,20331
CNG_Data2k_variance/files/Q00897.01-0000101949.PDF,Q00897.01-0000101949.PDF,.pdf,22502,ok,True,False,text,False,3,0,3,False,0,False,0-10,Address | Phone | Payment Card | Money/Amount,True,Contact Information | Financial Account Information,False,,ambiguous,True,no,8107,likely_non_responsive,"img_ocr:p1,p2,p3(3/3,+108chars)",False,False,0,3,3,3,0,3,15.996,True,False,False,stage1_nr,False,,,0,False,,False,,8107
CNG_Data2k_variance/files/Q00897.01-0000259053.PDF,Q00897.01-0000259053.PDF,.pdf,126024,ok,True,True,text,True,2,0,11,False,2,False,10-20,Name | Address | Email | Phone | Money/Amount,True,Contact Information | Financial Account Information,False,,ambiguous,True,no,7609,likely_non_responsive,bde_llm_count,True,True,2,0,0,0,0,1,7.527,True,False,False,stage1_nr,False,,,0,False,,False,,7609
CNG_Data2k_variance/files/Q00897.01-0000531894.MSG,Q00897.01-0000531894.MSG,.msg,171008,ok,True,False,text,False,0,0,2,False,0,False,0-10,Address | Email | Phone | Credentials,True,Contact Information | Access Credentials,False,,ambiguous,True,no,5029,likely_non_responsive,,False,False,0,0,0,0,0,0,1.947,True,False,False,stage1_nr,False,,,0,False,,False,,5029
CNG_Data2k_variance/files/Q00897.01-0000752090.MSG,Q00897.01-0000752090.MSG,.msg,57856,ok,True,False,text,False,0,2,5,False,0,False,0-10,Name | Address | Email | Phone,True,Contact Information,False,,ambiguous,True,yes,5400,standard,,False,False,0,0,0,0,0,0,62.931,False,False,True,,True,likely_yes,yes,5475,False,standard,False,,10875
CNG_Data2k_variance/files/Q00897.01-0000003223.PDF,Q00897.01-0000003223.PDF,.pdf,5581979,ok,True,True,text,True,6,0,21,False,2,False,20-50,Name | Address | Money/Amount | Work-Related,True,Contact Information | Financial Account Information | Work-Related Information,False,,ambiguous,True,yes,12976,standard,bde_llm_count,True,True,6,0,0,0,0,1,12.527,False,False,True,,True,clear_yes,yes,6942,False,standard,False,,19918
CNG_Data2k_variance/files/Q00897.01-0000421682.MSG,Q00897.01-0000421682.MSG,.msg,118784,ok,True,False,text,False,0,0,4,False,0,False,0-10,Name | Address | Email | Card/Transaction | Money/Amount,True,Contact Information | Financial Account Information,False,,ambiguous,True,yes,4229,standard,,False,False,0,0,0,0,0,0,2.542,False,False,True,,True,likely_no,no,4252,False,likely_non_responsive,True,,8481
CNG_Data2k_variance/files/Q00897.01-0000880950.MSG,Q00897.01-0000880950.MSG,.msg,868864,ok,True,False,text,False,0,1,2,False,0,False,0-10,Name | Address | Phone | Card/Transaction,True,Contact Information | Financial Account Information,False,,ambiguous,True,yes,4318,standard,,False,False,0,0,0,0,0,0,2.499,False,False,True,,True,borderline,no,4377,False,likely_non_responsive,True,,8695
CNG_Data2k_variance/files/Q00897.01-0000000659.PDF,Q00897.01-0000000659.PDF,.pdf,390978,ok,True,False,text,False,1,0,1,False,0,False,0-10,Name | Work-Related,True,Work-Related Information,False,,ambiguous,True,yes,3884,standard,,False,False,0,0,0,0,0,0,5.532,False,False,True,,True,likely_yes,yes,3976,False,standard,False,,7860
CNG_Data2k_variance/files/Q00897.01-0000049228.PDF,Q00897.01-0000049228.PDF,.pdf,619103,ok,True,False,text,False,6,0,1,False,0,False,0-10,Address | Money/Amount,True,Contact Information | Financial Account Information,False,,ambiguous,True,no,5617,likely_non_responsive,"img_ocr:p5,p5,p5,p5,p5,p5(6/6,+114chars)",False,False,0,6,6,6,0,6,29.495,True,False,False,stage1_nr,False,,,0,False,,False,,5617
CNG_Data2k_variance/files/Q00897.01-0000270253.DOCX,Q00897.01-0000270253.DOCX,.docx,79912,ok,True,False,text,False,0,0,2,False,0,False,0-10,Name | Address | Email | Money/Amount | Health | Work-Related,True,Contact Information | Financial Account Information | Health-Related Information | Work-Related Information,False,,ambiguous,True,no,8386,likely_non_responsive,,False,False,0,0,0,0,0,0,1.89,True,False,False,stage1_nr,False,,,0,False,,False,,8386
CNG_Data2k_variance/files/Q00897.01-0000439741.0001.PPTX,Q00897.01-0000439741.0001.PPTX,.pptx,28377975,ok,True,False,text,False,36,0,1,False,0,False,0-10,Address | Money/Amount,True,Contact Information | Financial Account Information,False,,ambiguous,True,no,7918,likely_non_responsive,,False,False,0,0,0,0,0,0,2.935,True,False,False,stage1_nr,False,,,0,False,,False,,7918
CNG_Data2k_variance/files/Q00897.01-0000641978.MSG,Q00897.01-0000641978.MSG,.msg,19968,ok,True,False,text,False,0,0,0,False,0,False,0-10,,False,,False,,clear_non_responsive,False,,0,likely_non_responsive,,False,False,0,0,0,0,0,0,0.025,True,False,False,stage1_nr,False,,,0,False,,False,,0
CNG_Data2k_variance/files/Q00897.01-0000426759.MSG,Q00897.01-0000426759.MSG,.msg,185856,ok,True,False,text,False,0,0,1,False,0,False,0-10,Address | Card/Transaction | Money/Amount,True,Contact Information | Financial Account Information,False,,ambiguous,True,yes,4140,standard,,False,False,0,0,0,0,0,0,4.019,False,False,True,,True,likely_no,no,4185,False,likely_non_responsive,True,,8325
CNG_Data2k_variance/files/Q00897.01-0000470524.0005.XLSX,Q00897.01-0000470524.0005.XLSX,.xlsx,71734,ok,True,True,text,True,1,0,325,False,0,False,100+,Phone | Money/Amount,True,Contact Information | Financial Account Information,False,,ambiguous,True,no,21362,likely_non_responsive,bde_llm_count,False,False,0,0,0,0,0,0,2.622,True,False,False,stage1_nr,False,,,0,False,,False,,21362
CNG_Data2k_variance/files/Q00897.01-0000138897.PDF,Q00897.01-0000138897.PDF,.pdf,3078733,ok,True,True,text,True,15,0,260,False,7,False,100+,Name | Address | Email | Phone | Money/Amount,True,Contact Information | Financial Account Information,False,,ambiguous,True,yes,21450,standard,bde_llm_count,True,True,15,0,0,0,0,1,18.281,False,False,True,,True,likely_yes,yes,11183,True,structured_bde,False,,32633
CNG_Data2k_variance/files/Q00897.01-0000578170.MSG,Q00897.01-0000578170.MSG,.msg,930816,ok,True,False,text,False,0,4,2,False,0,False,0-10,Name | Address | Email | Phone,True,Contact Information,False,,ambiguous,True,yes,3961,standard,,False,False,0,0,0,0,0,0,2.697,False,False,True,,True,likely_no,no,4041,False,likely_non_responsive,True,,8002
CNG_Data2k_variance/files/Q00897.01-0000872791.PDF,Q00897.01-0000872791.PDF,.pdf,4657364,ok,True,True,text,True,10,0,321,False,2,False,100+,Name | Address | Money/Amount | Credentials | Health,True,Contact Information | Financial Account Information | Access Credentials | Health-Related Information,False,,ambiguous,True,yes,22159,standard,bde_llm_count,True,True,10,0,0,0,0,1,26.869,False,False,True,,True,borderline,no,11576,True,likely_non_responsive,True,,33735
CNG_Data2k_variance/files/Q00897.01-0000755182.MSG,Q00897.01-0000755182.MSG,.msg,90112,ok,True,False,text,False,0,1,3,False,0,False,0-10,Name | Address | Email | Phone,True,Contact Information,False,,ambiguous,True,yes,4369,standard,,False,False,0,0,0,0,0,0,3.215,False,False,True,,True,likely_no,no,4434,False,likely_non_responsive,True,,8803
CNG_Data2k_variance/files/Q00897.01-0000107346.PDF,Q00897.01-0000107346.PDF,.pdf,1056433,ok,True,True,text,True,15,0,239,False,2,False,100+,Address | Phone | SSN | Money/Amount | Work-Related,True,Contact Information | Government-Issued Identification | Financial Account Information | Work-Related Information,False,,clear_responsive,False,,9439,standard,bde_llm_count,True,True,15,0,0,0,0,1,17.871,False,False,True,,True,likely_no,no,10363,True,likely_non_responsive,True,,19802
CNG_Data2k_variance/files/Q00897.01-0000841750.0009.PDF,Q00897.01-0000841750.0009.PDF,.pdf,10659,ok,True,False,text,False,3,0,1,False,0,False,0-10,Address | Money/Amount | Work-Related,True,Contact Information | Financial Account Information | Work-Related Information,False,,ambiguous,True,no,5541,likely_non_responsive,,False,False,0,0,0,0,0,0,1.635,True,False,False,stage1_nr,False,,,0,False,,False,,5541
CNG_Data2k_variance/files/Q00897.01-0000669017.MSG,Q00897.01-0000669017.MSG,.msg,182272,ok,True,False,text,False,0,2,3,False,0,False,0-10,Phone,True,Contact Information,False,,ambiguous,True,no,3748,likely_non_responsive,,False,False,0,0,0,0,0,0,1.348,True,False,False,stage1_nr,False,,,0,False,,False,,3748
CNG_Data2k_variance/files/Q00897.01-0000896933.PDF,Q00897.01-0000896933.PDF,.pdf,16684,ok,True,False,text,False,2,0,1,False,0,False,0-10,Money/Amount,False,Financial Account Information,False,,clear_non_responsive,False,,0,likely_non_responsive,,False,False,0,0,0,0,0,0,0.109,True,False,False,stage1_nr,False,,,0,False,,False,,0
CNG_Data2k_variance/files/Q00897.01-0000115232.PDF,Q00897.01-0000115232.PDF,.pdf,53114,ok,True,False,text,False,2,0,1,False,0,False,0-10,Card/Transaction | Money/Amount | Work-Related,False,Financial Account Information | Work-Related Information,False,,ambiguous,True,no,8405,likely_non_responsive,"img_ocr:p1(1/1,+34chars)",False,False,0,1,1,1,0,1,6.462,True,False,False,stage1_nr,False,,,0,False,,False,,8405
CNG_Data2k_variance/files/Q00897.01-0000900154.PDF,Q00897.01-0000900154.PDF,.pdf,64325,ok,True,False,text,False,13,0,1,False,0,False,0-10,Address | SSN | Money/Amount | Work-Related,True,Contact Information | Government-Issued Identification | Financial Account Information | Work-Related Information,False,,clear_responsive,False,,0,standard,,False,False,0,0,0,0,0,0,2.256,False,False,True,,True,clear_yes,yes,14107,False,standard,False,,14107
CNG_Data2k_variance/files/Q00897.01-0000250539.XLSX,Q00897.01-0000250539.XLSX,.xlsx,23238,ok,True,True,text,True,1,0,214,False,214,True,100+,Phone | Money/Amount,True,Contact Information | Financial Account Information,True,,ambiguous,True,no,14629,structured_bde,bde_llm_count_roster,False,False,0,0,0,0,0,0,4.43,False,True,True,,True,clear_no,no,7774,True,likely_non_responsive,True,,22403
CNG_Data2k_variance/files/Q00897.01-0000008669.PDF,Q00897.01-0000008669.PDF,.pdf,46268,ok,True,True,text,True,2,0,37,False,1,False,20-50,Name | Address | Money/Amount | Work-Related,True,Contact Information | Financial Account Information | Work-Related Information,False,,ambiguous,True,yes,9264,standard,bde_llm_count,True,True,2,0,0,0,0,1,11.153,False,False,True,,True,clear_yes,yes,5073,False,standard,False,,14337
CNG_Data2k_variance/files/Q00897.01-0000409469.MSG,Q00897.01-0000409469.MSG,.msg,226304,ok,True,False,text,False,0,0,2,False,0,False,0-10,Address | Email | Phone | Money/Amount | Credentials,True,Contact Information | Financial Account Information | Access Credentials,False,,ambiguous,True,no,4030,likely_non_responsive,,False,False,0,0,0,0,0,0,1.819,True,False,False,stage1_nr,False,,,0,False,,False,,4030
CNG_Data2k_variance/files/Q00897.01-0000007625.CSV,Q00897.01-0000007625.CSV,.csv,3738073,ok,True,True,text,True,0,0,23160,False,4,True,100+,SSN | Money/Amount,True,Government-Issued Identification | Financial Account Information,True,,clear_responsive,False,,6092,structured_bde,bde_llm_count_roster,False,False,0,0,0,0,0,0,6.832,False,True,True,,True,clear_yes,yes,6967,True,structured_bde,False,,13059
CNG_Data2k_variance/files/Q00897.01-0000304935.XLSX,Q00897.01-0000304935.XLSX,.xlsx,136832,ok,True,True,text,True,12,0,1044,False,0,False,100+,Money/Amount,False,Financial Account Information,False,,ambiguous,True,no,6955,likely_non_responsive,roster_by_rowcount bde_llm_count,False,False,0,0,0,0,0,0,2.371,True,False,False,stage1_nr,False,,,0,False,,False,,6955
CNG_Data2k_variance/files/Q00897.01-0000403767.0001.XLSX,Q00897.01-0000403767.0001.XLSX,.xlsx,29210,ok,True,True,text,True,4,0,225,False,2,False,100+,Name,False,,False,,ambiguous,True,no,7101,likely_non_responsive,roster_by_rowcount bde_llm_count,False,False,0,0,0,0,0,0,3.097,True,False,False,stage1_nr,False,,,0,False,,False,,7101
CNG_Data2k_variance/files/Q00897.01-0000908493.PDF,Q00897.01-0000908493.PDF,.pdf,12354,ok,True,False,text,False,1,0,0,False,0,False,0-10,,False,,False,,clear_non_responsive,False,,0,likely_non_responsive,,False,False,0,0,0,0,0,0,0.05,True,False,False,stage1_nr,False,,,0,False,,False,,0
CNG_Data2k_variance/files/Q00897.01-0000760191.MSG,Q00897.01-0000760191.MSG,.msg,70656,ok,True,False,text,False,0,0,1,False,0,False,0-10,Address | Email,True,Contact Information,False,,ambiguous,True,no,3852,likely_non_responsive,,False,False,0,0,0,0,0,0,1.973,True,False,False,stage1_nr,False,,,0,False,,False,,3852
CNG_Data2k_variance/files/Q00897.01-0000438944.0001.DOCX,Q00897.01-0000438944.0001.DOCX,.docx,36514,ok,True,False,text,False,0,0,1,False,0,False,0-10,Name,False,,False,,ambiguous,True,no,3708,likely_non_responsive,,False,False,0,0,0,0,0,0,1.249,True,False,False,stage1_nr,False,,,0,False,,False,,3708
CNG_Data2k_variance/files/Q00897.01-0000004000.PDF,Q00897.01-0000004000.PDF,.pdf,383361,ok,True,False,text,False,1,0,1,False,0,False,0-10,Name | Work-Related,True,Work-Related Information,False,,ambiguous,True,yes,3899,standard,,False,False,0,0,0,0,0,0,3.681,False,False,True,,True,clear_yes,yes,3955,False,standard,False,,7854
CNG_Data2k_variance/files/Q00897.01-0000890991.PDF,Q00897.01-0000890991.PDF,.pdf,28014,ok,True,False,text,False,6,0,34,False,34,False,20-50,Name | Phone,True,Contact Information,False,,ambiguous,True,yes,12577,standard,bde_llm_count_roster,False,False,0,0,0,0,0,0,9.508,False,False,True,,True,likely_yes,yes,6889,False,standard,False,,19466
CNG_Data2k_variance/files/Q00897.01-0000846027.MSG,Q00897.01-0000846027.MSG,.msg,49664,ok,True,False,text,False,0,1,11,False,7,False,10-20,Name | Address | Email | Phone,True,Contact Information,False,,ambiguous,True,yes,8814,standard,bde_llm_count,False,False,0,0,0,0,0,0,5.218,False,False,True,,True,likely_no,no,4833,False,likely_non_responsive,True,,13647
CNG_Data2k_variance/files/Q00897.01-0000305346.XLSX,Q00897.01-0000305346.XLSX,.xlsx,3828878,ok,True,True,text,True,9,0,54,False,0,False,50-100,,False,,False,,ambiguous,True,no,7372,likely_non_responsive,bde_llm_count,False,False,0,0,0,0,0,0,4.337,True,False,False,stage1_nr,False,,,0,False,,False,,7372
CNG_Data2k_variance/files/Q00897.01-0000786832.MSG,Q00897.01-0000786832.MSG,.msg,37888,ok,True,False,text,False,0,2,5,False,0,False,0-10,Name | Address | Email | Phone,True,Contact Information,False,,ambiguous,True,yes,4446,standard,,False,False,0,0,0,0,0,0,3.294,False,False,True,,True,likely_yes,yes,4495,False,standard,False,,8941
CNG_Data2k_variance/files/Q00897.01-0000242853.PDF,Q00897.01-0000242853.PDF,.pdf,119417,ok,True,True,text,True,1,0,14,False,0,False,10-20,Name | Phone | Bank/Account Number | Money/Amount,True,Contact Information | Financial Account Information,False,,ambiguous,True,no,6901,likely_non_responsive,bde_llm_count,True,True,1,0,0,0,0,1,6.616,True,False,False,stage1_nr,False,,,0,False,,False,,6901
CNG_Data2k_variance/files/Q00897.01-0000346714.PDF,Q00897.01-0000346714.PDF,.pdf,223301,ok,True,False,text,False,1,0,5,False,0,False,0-10,Name | Phone | Money/Amount,True,Contact Information | Financial Account Information,False,,ambiguous,True,yes,16011,standard,,False,False,0,0,0,0,0,0,6.835,False,False,True,,True,likely_no,no,16033,False,likely_non_responsive,True,,32044
CNG_Data2k_variance/files/Q00897.01-0000889344.PDF,Q00897.01-0000889344.PDF,.pdf,1685991,ok,True,True,text,True,15,0,438,False,8,True,100+,Address | Phone | SSN | Money/Amount | Work-Related,True,Contact Information | Government-Issued Identification | Financial Account Information | Work-Related Information,True,,clear_responsive,False,,12092,structured_bde,bde_llm_count_roster,True,True,15,0,0,0,0,1,68.355,False,True,True,,True,clear_yes,yes,13087,True,structured_bde,False,,25179
CNG_Data2k_variance/files/Q00897.01-0000255748.PDF,Q00897.01-0000255748.PDF,.pdf,76226,ok,True,False,text,False,2,0,5,False,0,False,0-10,Address | Phone | Money/Amount,True,Contact Information | Financial Account Information,False,,ambiguous,True,yes,4725,standard,,False,False,0,0,0,0,0,0,2.854,False,False,True,,True,likely_yes,yes,4771,False,standard,False,,9496
CNG_Data2k_variance/files/Q00897.01-0000466100.MSG,Q00897.01-0000466100.MSG,.msg,90112,ok,True,False,text,False,0,0,10,False,6,False,0-10,Name | Email | Phone | Money/Amount,True,Contact Information | Financial Account Information,False,,ambiguous,True,no,10979,likely_non_responsive,bde_llm_count,False,False,0,0,0,0,0,0,5.644,True,False,False,stage1_nr,False,,,0,False,,False,,10979
CNG_Data2k_variance/files/Q00897.01-0000307404.MSG,Q00897.01-0000307404.MSG,.msg,146432,ok,True,False,text,False,0,2,9,False,6,False,0-10,Name | Address | Email | Phone | Card/Transaction | Money/Amount,True,Contact Information | Financial Account Information,False,,ambiguous,True,yes,13989,standard,bde_llm_count,False,False,0,0,0,0,0,0,6.555,False,False,True,,True,likely_no,no,7454,False,likely_non_responsive,True,,21443
CNG_Data2k_variance/files/Q00897.01-0000911082.PDF,Q00897.01-0000911082.PDF,.pdf,22448,ok,True,False,text,False,6,0,1,False,0,False,0-10,Name | Address | Phone | Money/Amount,True,Contact Information | Financial Account Information,False,,ambiguous,True,yes,6284,standard,,False,False,0,0,0,0,0,0,2.778,False,False,True,,True,borderline,no,6347,False,likely_non_responsive,True,,12631
CNG_Data2k_variance/files/Q00897.01-0000391263.MSG,Q00897.01-0000391263.MSG,.msg,86528,ok,True,False,text,False,0,0,1,False,0,False,0-10,Name | Email | Phone,True,Contact Information,False,,ambiguous,True,no,4431,likely_non_responsive,,False,False,0,0,0,0,0,0,1.881,True,False,False,stage1_nr,False,,,0,False,,False,,4431
CNG_Data2k_variance/files/Q00897.01-0000669947.0002.PDF,Q00897.01-0000669947.0002.PDF,.pdf,6506,ok,True,False,text,False,5,0,6,False,0,False,0-10,Name | Address | Phone | Bank/Account Number | Money/Amount,True,Contact Information | Financial Account Information,False,,ambiguous,True,yes,5027,standard,,False,False,0,0,0,0,0,0,3.235,False,False,True,,True,clear_no,no,5131,False,likely_non_responsive,True,,10158
CNG_Data2k_variance/files/Q00897.01-0000910606.PDF,Q00897.01-0000910606.PDF,.pdf,10265,ok,True,False,text,False,1,0,0,False,0,False,0-10,,False,,False,,clear_non_responsive,False,,0,likely_non_responsive,,False,False,0,0,0,0,0,0,0.13,True,False,False,stage1_nr,False,,,0,False,,False,,0
CNG_Data2k_variance\files\Q00897.01-0000127553.XLS,Q00897.01-0000127553.XLS,.xls,39364,ok,True,True,text,True,2,0,136,False,0,False,100+,,False,,False,,ambiguous,True,no,7557,likely_non_responsive,roster_by_rowcount bde_llm_count,False,False,0,0,0,0,0,0,1.97,True,False,False,stage1_nr,False,,,0,False,,False,,7557
CNG_Data2k_variance/files/Q00897.01-0000763315.0001.PDF,Q00897.01-0000763315.0001.PDF,.pdf,57393,ok,True,True,text,True,2,0,1,False,2,False,0-10,Name | Address | Email | Phone | Payment Card | Card Expiry/CVV | Card/Transaction | Money/Amount | Family,True,Contact Information | Financial Account Information | Family Information,False,,ambiguous,True,yes,9120,standard,bde_llm_count,True,True,2,0,0,0,0,1,9.373,False,False,True,,True,clear_yes,yes,5009,False,standard,False,,14129
CNG_Data2k_variance/files/Q00897.01-0000468739.0001.PDF,Q00897.01-0000468739.0001.PDF,.pdf,384136,ok,True,False,text,False,2,0,3,False,0,False,0-10,Name | Address | Email | Phone | Money/Amount,True,Contact Information | Financial Account Information,False,,ambiguous,True,yes,4348,standard,,True,True,2,0,0,0,0,1,9.485,False,False,True,,True,likely_no,no,4430,False,likely_non_responsive,True,,8778
CNG_Data2k_variance/files/Q00897.01-0000809789.0001.DOCX,Q00897.01-0000809789.0001.DOCX,.docx,23967,ok,True,False,text,False,0,0,1,False,0,False,0-10,Health,False,Health-Related Information,False,,ambiguous,True,no,5356,likely_non_responsive,,False,False,0,0,0,0,0,0,1.006,True,False,False,stage1_nr,False,,,0,False,,False,,5356
CNG_Data2k_variance/files/Q00897.01-0000810216.MSG,Q00897.01-0000810216.MSG,.msg,80384,error,False,False,,False,0,0,0,False,0,False,,,False,,False,,,False,,0,review_error,KeyError,False,False,0,0,0,0,0,0,1.016,False,False,False,extract_error,False,,,0,False,,False,,0
CNG_Data2k_variance/files/Q00897.01-0000365786.MSG,Q00897.01-0000365786.MSG,.msg,155136,ok,True,False,text,False,0,0,2,False,0,False,0-10,Name | Address | Phone | Money/Amount,True,Contact Information | Financial Account Information,False,,ambiguous,True,no,4077,likely_non_responsive,,False,False,0,0,0,0,0,0,2.347,True,False,False,stage1_nr,False,,,0,False,,False,,4077
CNG_Data2k_variance/files/Q00897.01-0000867531.PDF,Q00897.01-0000867531.PDF,.pdf,91304,ok,True,False,text,False,2,0,2,False,0,False,0-10,Name | Address | Phone,True,Contact Information,False,,ambiguous,True,yes,4998,standard,,False,False,0,0,0,0,0,0,3.122,False,False,True,,True,clear_yes,yes,5029,False,standard,False,,10027
CNG_Data2k_variance/files/Q00897.01-0000464078.MSG,Q00897.01-0000464078.MSG,.msg,1978368,ok,True,False,text,False,0,4,6,False,0,False,0-10,Name | Address | Email | Phone,True,Contact Information,False,,ambiguous,True,yes,6300,standard,,False,False,0,0,0,0,0,0,4.792,False,False,True,,True,likely_yes,yes,6354,False,standard,False,,12654
CNG_Data2k_variance/files/Q00897.01-0000896389.PDF,Q00897.01-0000896389.PDF,.pdf,13286,ok,True,False,text,False,2,0,1,False,0,False,0-10,Money/Amount,False,Financial Account Information,False,,clear_non_responsive,False,,0,likely_non_responsive,,False,False,0,0,0,0,0,0,0.164,True,False,False,stage1_nr,False,,,0,False,,False,,0
CNG_Data2k_variance/files/Q00897.01-0000013203.PDF,Q00897.01-0000013203.PDF,.pdf,833795,ok,True,False,text,False,1,0,0,False,0,False,0-10,,False,,False,,clear_non_responsive,False,,0,likely_non_responsive,,True,True,1,0,0,0,0,1,7.682,True,False,False,stage1_nr,False,,,0,False,,False,,0
CNG_Data2k_variance/files/Q00897.01-0000687825.MSG,Q00897.01-0000687825.MSG,.msg,247296,ok,True,False,text,False,0,0,9,False,0,False,0-10,Name | Address | Email,True,Contact Information,False,,ambiguous,True,no,8136,likely_non_responsive,bde_llm_count,False,False,0,0,0,0,0,0,3.84,True,False,False,stage1_nr,False,,,0,False,,False,,8136
CNG_Data2k_variance/files/Q00897.01-0000561346.MSG,Q00897.01-0000561346.MSG,.msg,116736,ok,True,False,text,False,0,0,0,False,0,False,0-10,,False,,False,,clear_non_responsive,False,,0,likely_non_responsive,,False,False,0,0,0,0,0,0,0.318,True,False,False,stage1_nr,False,,,0,False,,False,,0
CNG_Data2k_variance/files/Q00897.01-0000642611.MSG,Q00897.01-0000642611.MSG,.msg,21504,ok,True,False,text,False,0,0,0,False,0,False,0-10,,False,,False,,clear_non_responsive,False,,0,likely_non_responsive,,False,False,0,0,0,0,0,0,0.03,True,False,False,stage1_nr,False,,,0,False,,False,,0
CNG_Data2k_variance\files\Q00897.01-0000821935.0001.0001.XLS,Q00897.01-0000821935.0001.0001.XLS,.xls,13196,ok,True,True,text,True,3,0,1,False,0,False,0-10,Name | Address | Phone | Bank/Account Number,True,Contact Information | Financial Account Information,False,,ambiguous,True,no,6903,likely_non_responsive,bde_llm_count,False,False,0,0,0,0,0,0,4.135,True,False,False,stage1_nr,False,,,0,False,,False,,6903
CNG_Data2k_variance/files/Q00897.01-0000681939.MSG,Q00897.01-0000681939.MSG,.msg,174080,ok,True,False,text,False,0,3,6,False,0,False,0-10,Name | Address | Email | Phone | Money/Amount | Credentials,True,Contact Information | Financial Account Information | Access Credentials,False,,ambiguous,True,yes,5727,standard,,False,False,0,0,0,0,0,0,3.859,False,False,True,,True,likely_no,no,5731,False,likely_non_responsive,True,,11458
CNG_Data2k_variance/files/Q00897.01-0000007836.PDF,Q00897.01-0000007836.PDF,.pdf,77929,ok,True,False,text,False,1,0,1,False,0,False,0-10,Work-Related,False,Work-Related Information,False,,ambiguous,True,yes,5134,standard,,False,False,0,0,0,0,0,0,3.228,False,False,True,,True,likely_no,no,5176,False,likely_non_responsive,True,,10310
CNG_Data2k_variance/files/Q00897.01-0000669939.0002.PDF,Q00897.01-0000669939.0002.PDF,.pdf,9273,ok,True,False,text,False,8,0,3,False,0,False,0-10,Address | Phone | Bank/Account Number | Money/Amount,True,Contact Information | Financial Account Information,False,,ambiguous,True,no,5261,likely_non_responsive,,False,False,0,0,0,0,0,0,1.546,True,False,False,stage1_nr,False,,,0,False,,False,,5261
CNG_Data2k_variance/files/Q00897.01-0000499695.0001.PDF,Q00897.01-0000499695.0001.PDF,.pdf,156366,ok,True,True,text,True,12,0,96,False,0,False,50-100,Money/Amount,False,Financial Account Information,False,,ambiguous,True,no,12751,likely_non_responsive,bde_llm_count,True,True,12,0,0,0,0,1,9.546,True,False,False,stage1_nr,False,,,0,False,,False,,12751
CNG_Data2k_variance/files/Q00897.01-0000356973.CSV,Q00897.01-0000356973.CSV,.csv,154453,ok,True,True,text,True,0,0,653,False,653,True,100+,SSN | Money/Amount,True,Government-Issued Identification | Financial Account Information,True,,clear_responsive,False,,7040,structured_bde,bde_llm_count_roster,False,False,0,0,0,0,0,0,4.642,False,True,True,,True,clear_yes,yes,8152,True,structured_bde,False,,15192
CNG_Data2k_variance/files/Q00897.01-0000298983.XLSX,Q00897.01-0000298983.XLSX,.xlsx,1704595,ok,True,True,text,True,1,0,56,False,0,False,50-100,,False,,False,,ambiguous,True,no,8156,likely_non_responsive,bde_llm_count,False,False,0,0,0,0,0,0,5.406,True,False,False,stage1_nr,False,,,0,False,,False,,8156
CNG_Data2k_variance/files/Q00897.01-0000847058.MSG,Q00897.01-0000847058.MSG,.msg,47616,error,False,False,,False,0,0,0,False,0,False,,,False,,False,,,False,,0,review_error,MalformedRtf,False,False,0,0,0,0,0,0,0.728,False,False,False,extract_error,False,,,0,False,,False,,0
CNG_Data2k_variance/files/Q00897.01-0000398492.MSG,Q00897.01-0000398492.MSG,.msg,355840,ok,True,False,text,False,0,0,1,False,0,False,0-10,Name | Address | Money/Amount,True,Contact Information | Financial Account Information,False,,ambiguous,True,no,6811,likely_non_responsive,,False,False,0,0,0,0,0,0,3.729,True,False,False,stage1_nr,False,,,0,False,,False,,6811
CNG_Data2k_variance/files/Q00897.01-0000346654.PDF,Q00897.01-0000346654.PDF,.pdf,418030,ok,True,False,text,False,4,0,55,False,55,True,50-100,Name | Email | Phone | Money/Amount,True,Contact Information | Financial Account Information,True,,ambiguous,True,yes,14993,bde,bde_llm_count_roster,False,False,0,0,0,0,0,0,12.261,False,True,True,,True,clear_yes,yes,8186,True,bde,False,,23179
CNG_Data2k_variance/files/Q00897.01-0000843232.MSG,Q00897.01-0000843232.MSG,.msg,26112,ok,True,False,text,False,0,0,2,False,0,False,0-10,Name | Address | Email | Phone,True,Contact Information,False,,ambiguous,True,no,4219,likely_non_responsive,,False,False,0,0,0,0,0,0,1.46,True,False,False,stage1_nr,False,,,0,False,,False,,4219
CNG_Data2k_variance/files/Q00897.01-0000534587.0001.PDF,Q00897.01-0000534587.0001.PDF,.pdf,21149,ok,True,False,text,False,1,0,0,False,0,False,0-10,,False,,False,,clear_non_responsive,False,,0,likely_non_responsive,,False,False,0,0,0,0,0,0,0.03,True,False,False,stage1_nr,False,,,0,False,,False,,0
CNG_Data2k_variance/files/Q00897.01-0000838933.0001.PDF,Q00897.01-0000838933.0001.PDF,.pdf,3644916,error,False,False,,False,0,0,0,False,0,False,,,False,,False,,,False,,0,review_error,NameError,False,False,0,0,0,0,0,0,0.587,False,False,False,extract_error,False,,,0,False,,False,,0
CNG_Data2k_variance/files/Q00897.01-0000249735.PDF,Q00897.01-0000249735.PDF,.pdf,43476,ok,True,False,text,False,1,0,1,False,0,False,0-10,Name | Bank/Account Number | Money/Amount,True,Financial Account Information,False,,ambiguous,True,no,3900,likely_non_responsive,,False,False,0,0,0,0,0,0,1.426,True,False,False,stage1_nr,False,,,0,False,,False,,3900
CNG_Data2k_variance/files/Q00897.01-0000915035.PDF,Q00897.01-0000915035.PDF,.pdf,1066883,ok,True,False,text,False,1,0,3,False,0,False,0-10,Name | Address | Email | Phone | SSN | Work-Related,True,Contact Information | Government-Issued Identification | Work-Related Information,False,,clear_responsive,False,,0,standard,,False,False,0,0,0,0,0,0,1.698,False,False,True,,True,clear_yes,yes,4386,False,standard,False,,4386
CNG_Data2k_variance/files/Q00897.01-0000252515.PDF,Q00897.01-0000252515.PDF,.pdf,383534,ok,True,True,text,True,1,0,36,False,0,False,20-50,Address | Email | Phone | Money/Amount,True,Contact Information | Financial Account Information,False,,ambiguous,True,no,7755,likely_non_responsive,bde_llm_count,True,True,1,0,0,0,0,1,6.74,True,False,False,stage1_nr,False,,,0,False,,False,,7755
CNG_Data2k_variance/files/Q00897.01-0000818472.0003.PDF,Q00897.01-0000818472.0003.PDF,.pdf,400078,ok,True,False,text,False,11,0,1,False,0,False,0-10,Address | Money/Amount | Work-Related,True,Contact Information | Financial Account Information | Work-Related Information,False,,ambiguous,True,no,8683,likely_non_responsive,,True,True,11,0,0,0,0,1,8.153,True,False,False,stage1_nr,False,,,0,False,,False,,8683
CNG_Data2k_variance/files/Q00897.01-0000397536.0001.0002.XLSX,Q00897.01-0000397536.0001.0002.XLSX,.xlsx,158354,ok,True,True,text,True,15,0,55,False,0,False,50-100,Money/Amount,False,Financial Account Information,False,,ambiguous,True,no,8131,likely_non_responsive,bde_llm_count,False,False,0,0,0,0,0,0,4.477,True,False,False,stage1_nr,False,,,0,False,,False,,8131
CNG_Data2k_variance/files/Q00897.01-0000776655.0002.PDF,Q00897.01-0000776655.0002.PDF,.pdf,712486,ok,True,False,text,False,16,0,7,False,0,False,0-10,Email | Phone | Money/Amount | Health | Work-Related,True,Contact Information | Financial Account Information | Health-Related Information | Work-Related Information,False,,ambiguous,True,no,17317,likely_non_responsive,"img_ocr:p4,p5,p7,p10,p12,p13(6/6,+62chars) bde_llm_count",False,False,0,6,6,6,0,6,28.688,True,False,False,stage1_nr,False,,,0,False,,False,,17317
CNG_Data2k_variance/files/Q00897.01-0000906211.PDF,Q00897.01-0000906211.PDF,.pdf,12388,ok,True,False,text,False,1,0,0,False,0,False,0-10,,False,,False,,clear_non_responsive,False,,0,likely_non_responsive,,False,False,0,0,0,0,0,0,0.057,True,False,False,stage1_nr,False,,,0,False,,False,,0
CNG_Data2k_variance/files/Q00897.01-0000366278.MSG,Q00897.01-0000366278.MSG,.msg,259072,ok,True,False,text,False,0,0,1,False,0,False,0-10,Address | Card/Transaction,True,Contact Information | Financial Account Information,False,,ambiguous,True,no,3951,likely_non_responsive,,False,False,0,0,0,0,0,0,2.437,True,False,False,stage1_nr,False,,,0,False,,False,,3951
CNG_Data2k_variance/files/Q00897.01-0000702050.MSG,Q00897.01-0000702050.MSG,.msg,192000,ok,True,False,text,False,0,2,6,False,0,False,0-10,Name | Address | Email | Phone | Money/Amount,True,Contact Information | Financial Account Information,False,,ambiguous,True,yes,9317,standard,,False,False,0,0,0,0,0,0,6.625,False,False,True,,True,likely_no,no,9307,False,likely_non_responsive,True,,18624
CNG_Data2k_variance/files/Q00897.01-0000456825.MSG,Q00897.01-0000456825.MSG,.msg,189440,ok,True,False,text,False,0,0,2,False,0,False,0-10,Name | Address | Email | Phone | Card/Transaction | Money/Amount,True,Contact Information | Financial Account Information,False,,ambiguous,True,yes,5048,standard,,False,False,0,0,0,0,0,0,3.665,False,False,True,,True,likely_no,no,5108,False,likely_non_responsive,True,,10156
CNG_Data2k_variance/files/Q00897.01-0000107354.PDF,Q00897.01-0000107354.PDF,.pdf,2169325,ok,True,True,text,True,15,0,197,False,2,False,100+,Address | Email | Phone | SSN | Card/Transaction | Money/Amount | Work-Related,True,Contact Information | Government-Issued Identification | Financial Account Information | Work-Related Information,False,,clear_responsive,False,,9556,standard,bde_llm_count,True,True,15,0,0,0,0,1,17.46,False,False,True,,True,likely_no,no,10449,True,likely_non_responsive,True,,20005
CNG_Data2k_variance/files/Q00897.01-0000012631.PDF,Q00897.01-0000012631.PDF,.pdf,24711,ok,True,True,text,True,1,0,6,False,1,False,0-10,Name | Money/Amount,True,Financial Account Information,False,,ambiguous,True,yes,6729,standard,bde_llm_count,True,True,1,0,0,0,0,1,8.867,False,False,True,,True,clear_yes,yes,3846,False,standard,False,,10575
CNG_Data2k_variance/files/Q00897.01-0000841718.0033.PDF,Q00897.01-0000841718.0033.PDF,.pdf,19237,ok,True,False,text,False,9,0,1,False,0,False,0-10,Card/Transaction | Money/Amount | Work-Related,False,Financial Account Information | Work-Related Information,False,,ambiguous,True,no,11064,likely_non_responsive,,False,False,0,0,0,0,0,0,1.513,True,False,False,stage1_nr,False,,,0,False,,False,,11064
CNG_Data2k_variance/files/Q00897.01-0000012397.PDF,Q00897.01-0000012397.PDF,.pdf,336212,ok,True,False,text,False,1,0,2,False,0,False,0-10,Name | Email | Work-Related,True,Contact Information | Work-Related Information,False,,ambiguous,True,yes,4062,standard,,False,False,0,0,0,0,0,0,4.724,False,False,True,,True,likely_yes,yes,4145,False,standard,False,,8207
CNG_Data2k_variance/files/Q00897.01-0000473447.MSG,Q00897.01-0000473447.MSG,.msg,78336,ok,True,False,text,False,0,0,4,False,0,False,0-10,Name | Address | Email | Phone | Money/Amount,True,Contact Information | Financial Account Information,False,,ambiguous,True,yes,5650,standard,,False,False,0,0,0,0,0,0,3.716,False,False,True,,True,likely_no,no,5764,False,likely_non_responsive,True,,11414
CNG_Data2k_variance/files/Q00897.01-0000325270.0001.PNG,Q00897.01-0000325270.0001.PNG,.png,92388,ok,True,False,text,False,1,0,1,False,0,False,0-10,Address | Phone | Money/Amount,True,Contact Information | Financial Account Information,False,,ambiguous,True,yes,3920,standard,,True,True,1,0,0,0,0,1,7.734,False,False,True,,True,likely_no,no,3989,False,likely_non_responsive,True,,7909
CNG_Data2k_variance/files/Q00897.01-0000457982.0001.PDF,Q00897.01-0000457982.0001.PDF,.pdf,933715,ok,True,False,text,False,43,0,3,False,0,False,0-10,Payment Card | Card/Transaction | Money/Amount,True,Financial Account Information,False,,ambiguous,True,no,13681,likely_non_responsive,,False,False,0,0,0,0,0,0,2.872,True,False,False,stage1_nr,False,,,0,False,,False,,13681
CNG_Data2k_variance/files/Q00897.01-0000369225.MSG,Q00897.01-0000369225.MSG,.msg,221696,ok,True,False,text,False,0,0,1,False,0,False,0-10,Address | Email | Phone | Money/Amount,True,Contact Information | Financial Account Information,False,,ambiguous,True,no,4185,likely_non_responsive,,False,False,0,0,0,0,0,0,2.167,True,False,False,stage1_nr,False,,,0,False,,False,,4185
CNG_Data2k_variance/files/Q00897.01-0000264959.CSV,Q00897.01-0000264959.CSV,.csv,303533,ok,True,True,text,True,0,0,64,False,0,False,50-100,Payment Card | Card/Transaction,True,Financial Account Information,False,,ambiguous,True,no,11505,likely_non_responsive,bde_llm_count,False,False,0,0,0,0,0,0,2.83,True,False,False,stage1_nr,False,,,0,False,,False,,11505
CNG_Data2k_variance/files/Q00897.01-0000591818.0001.PDF,Q00897.01-0000591818.0001.PDF,.pdf,656703,ok,True,True,text,True,3,0,14,False,1,False,10-20,Name | Money/Amount,False,Financial Account Information,False,,ambiguous,True,no,9874,likely_non_responsive,bde_llm_count,True,True,3,0,0,0,0,1,8.767,True,False,False,stage1_nr,False,,,0,False,,False,,9874
CNG_Data2k_variance/files/Q00897.01-0000773701.MSG,Q00897.01-0000773701.MSG,.msg,72192,ok,True,False,text,False,0,0,1,False,0,False,0-10,Name | Email | Phone | Money/Amount,True,Contact Information | Financial Account Information,False,,ambiguous,True,yes,4706,standard,,False,False,0,0,0,0,0,0,5.965,False,False,True,,True,clear_yes,yes,4750,False,standard,False,,9456
CNG_Data2k_variance/files/Q00897.01-0000843729.MSG,Q00897.01-0000843729.MSG,.msg,1203712,ok,True,False,text,False,0,1,14,False,14,False,10-20,Name | Address | Email | Phone | Money/Amount | Health,True,Contact Information | Financial Account Information | Health-Related Information,False,,ambiguous,True,yes,18256,standard,bde_llm_count,False,False,0,0,0,0,0,0,8.247,False,False,True,,True,clear_yes,yes,9607,False,standard,False,,27863
CNG_Data2k_variance/files/Q00897.01-0000661310.0001.PDF,Q00897.01-0000661310.0001.PDF,.pdf,79598,ok,True,False,text,False,1,0,2,False,0,False,0-10,Address | Email | Phone | Money/Amount,True,Contact Information | Financial Account Information,False,,ambiguous,True,no,4125,likely_non_responsive,,False,False,0,0,0,0,0,0,1.519,True,False,False,stage1_nr,False,,,0,False,,False,,4125
CNG_Data2k_variance/files/Q00897.01-0000362089.MSG,Q00897.01-0000362089.MSG,.msg,311808,ok,True,False,text,False,0,0,1,False,0,False,0-10,Name | Email | Phone | Money/Amount | Demographic,True,Contact Information | Financial Account Information | Demographic Information,False,,ambiguous,True,no,5076,likely_non_responsive,,False,False,0,0,0,0,0,0,2.27,True,False,False,stage1_nr,False,,,0,False,,False,,5076
CNG_Data2k_variance/files/Q00897.01-0000007976.PDF,Q00897.01-0000007976.PDF,.pdf,1265604,ok,True,True,text,True,3,0,39,False,1,False,20-50,Address | Email | Phone | SSN | Alien Registration | Date of Birth | Birth Certificate | Card Expiry/CVV,True,Contact Information | Government-Issued Identification | Birth Information | Financial Account Information,False,,clear_responsive,False,,5069,standard,bde_llm_count,True,True,3,0,0,0,0,1,8.66,False,False,True,,True,clear_yes,yes,5921,False,standard,False,,10990
CNG_Data2k_variance/files/Q00897.01-0000914409.PDF,Q00897.01-0000914409.PDF,.pdf,100156,ok,True,False,text,False,2,0,3,False,0,False,0-10,Name | Address | Phone | Money/Amount | Work-Related,True,Contact Information | Financial Account Information | Work-Related Information,False,,ambiguous,True,yes,5391,standard,"img_ocr:p2(1/1,+6chars)",False,False,0,1,1,1,0,1,7.263,False,False,True,,True,clear_yes,yes,5442,False,standard,False,,10833
CNG_Data2k_variance/files/Q00897.01-0000901770.PDF,Q00897.01-0000901770.PDF,.pdf,19806,ok,True,False,text,False,3,0,1,False,0,False,0-10,Name | Address | Phone | Money/Amount,True,Contact Information | Financial Account Information,False,,ambiguous,True,yes,5724,standard,,False,False,0,0,0,0,0,0,2.525,False,False,True,,True,likely_yes,yes,5816,False,standard,False,,11540
CNG_Data2k_variance/files/Q00897.01-0000537422.0001.PDF,Q00897.01-0000537422.0001.PDF,.pdf,22633,ok,True,False,text,False,1,0,1,False,0,False,0-10,Money/Amount,False,Financial Account Information,False,,clear_non_responsive,False,,0,likely_non_responsive,,False,False,0,0,0,0,0,0,0.027,True,False,False,stage1_nr,False,,,0,False,,False,,0
CNG_Data2k_variance/files/Q00897.01-0000108371.XLSX,Q00897.01-0000108371.XLSX,.xlsx,27292,ok,True,True,text,True,2,0,113,False,0,False,100+,,False,,False,,ambiguous,True,no,7168,likely_non_responsive,roster_by_rowcount bde_llm_count,False,False,0,0,0,0,0,0,3.535,True,False,False,stage1_nr,False,,,0,False,,False,,7168
CNG_Data2k_variance/files/Q00897.01-0000109887.XLSX,Q00897.01-0000109887.XLSX,.xlsx,17448,ok,True,True,text,True,2,0,115,False,1,False,100+,Name,False,,False,,ambiguous,True,no,7169,likely_non_responsive,roster_by_rowcount bde_llm_count,False,False,0,0,0,0,0,0,3.36,True,False,False,stage1_nr,False,,,0,False,,False,,7169
CNG_Data2k_variance/files/Q00897.01-0000539886.0001.PDF,Q00897.01-0000539886.0001.PDF,.pdf,22623,ok,True,False,text,False,1,0,1,False,0,False,0-10,Money/Amount,False,Financial Account Information,False,,clear_non_responsive,False,,0,likely_non_responsive,,False,False,0,0,0,0,0,0,0.027,True,False,False,stage1_nr,False,,,0,False,,False,,0
CNG_Data2k_variance/files/Q00897.01-0000399666.MSG,Q00897.01-0000399666.MSG,.msg,169984,ok,True,False,text,False,0,2,7,False,5,False,0-10,Name | Address | Email | Phone | Money/Amount,True,Contact Information | Financial Account Information,False,,ambiguous,True,yes,9965,standard,bde_llm_count,False,False,0,0,0,0,0,0,5.197,False,False,True,,True,likely_no,no,5465,False,likely_non_responsive,True,,15430
CNG_Data2k_variance/files/Q00897.01-0000537885.0001.PDF,Q00897.01-0000537885.0001.PDF,.pdf,23618,ok,True,False,text,False,1,0,1,False,0,False,0-10,Money/Amount,False,Financial Account Information,False,,clear_non_responsive,False,,0,likely_non_responsive,,False,False,0,0,0,0,0,0,0.023,True,False,False,stage1_nr,False,,,0,False,,False,,0
CNG_Data2k_variance/files/Q00897.01-0000469418.MSG,Q00897.01-0000469418.MSG,.msg,114176,ok,True,False,text,False,0,0,7,False,6,False,0-10,Name | Address | Email | Money/Amount | Work-Related,True,Contact Information | Financial Account Information | Work-Related Information,False,,ambiguous,True,yes,10339,standard,bde_llm_count,False,False,0,0,0,0,0,0,5.29,False,False,True,,True,likely_yes,yes,5620,False,standard,False,,15959
CNG_Data2k_variance/files/Q00897.01-0000872986.XLSX,Q00897.01-0000872986.XLSX,.xlsx,27261,ok,True,True,text,True,5,0,87,False,1,False,50-100,Name | Phone | Money/Amount,True,Contact Information | Financial Account Information,False,,ambiguous,True,yes,11595,standard,roster_by_rowcount bde_llm_count,False,False,0,0,0,0,0,0,5.013,False,False,True,,True,likely_no,no,6283,True,likely_non_responsive,True,,17878
CNG_Data2k_variance/files/Q00897.01-0000893108.PDF,Q00897.01-0000893108.PDF,.pdf,11930,ok,True,False,text,False,1,0,0,False,0,False,0-10,,False,,False,,clear_non_responsive,False,,0,likely_non_responsive,,False,False,0,0,0,0,0,0,0.043,True,False,False,stage1_nr,False,,,0,False,,False,,0
CNG_Data2k_variance\files\Q00897.01-0000851739.XLS,Q00897.01-0000851739.XLS,.xls,22232,ok,True,True,text,True,1,0,66,False,0,False,50-100,Name | Money/Amount,False,Financial Account Information,False,,ambiguous,True,no,7292,likely_non_responsive,roster_by_rowcount bde_llm_count,False,False,0,0,0,0,0,0,3.041,True,False,False,stage1_nr,False,,,0,False,,False,,7292
CNG_Data2k_variance/files/Q00897.01-0000288199.XLSX,Q00897.01-0000288199.XLSX,.xlsx,483695,ok,True,True,text,True,1,0,66,False,26,False,50-100,Name,False,,False,,ambiguous,True,yes,7629,standard,roster_by_rowcount bde_llm_count,False,False,0,0,0,0,0,0,7.864,False,False,True,,True,clear_no,no,4322,True,likely_non_responsive,True,,11951
CNG_Data2k_variance/files/Q00897.01-0000016818.PDF,Q00897.01-0000016818.PDF,.pdf,904761,ok,True,True,text,True,4,0,61,False,2,False,50-100,Name | Address | Email | Phone | Money/Amount,True,Contact Information | Financial Account Information,False,,ambiguous,True,yes,8748,standard,bde_llm_count,True,True,4,0,0,0,0,1,12.807,False,False,True,,True,clear_yes,yes,4830,True,structured_bde,False,,13578
CNG_Data2k_variance/files/Q00897.01-0000399406.MSG,Q00897.01-0000399406.MSG,.msg,167424,ok,True,False,text,False,0,0,1,False,0,False,0-10,Name | Bank/Account Number,True,Financial Account Information,False,,ambiguous,True,yes,6410,standard,,False,False,0,0,0,0,0,0,4.405,False,False,True,,True,borderline,no,6472,False,likely_non_responsive,True,,12882
CNG_Data2k_variance/files/Q00897.01-0000268919.PDF,Q00897.01-0000268919.PDF,.pdf,237351,ok,True,True,text,True,15,0,124,False,1,False,100+,Name | Money/Amount,False,Financial Account Information,False,,ambiguous,True,yes,14664,standard,bde_llm_count,True,True,15,0,0,0,0,1,12.148,False,False,True,,True,likely_yes,yes,7818,True,structured_bde,False,,22482
CNG_Data2k_variance/files/Q00897.01-0000705658.MSG,Q00897.01-0000705658.MSG,.msg,157696,ok,True,False,text,False,0,0,1,False,0,False,0-10,Name | Address,True,Contact Information,False,,ambiguous,True,yes,4025,standard,,False,False,0,0,0,0,0,0,5.928,False,False,True,,True,likely_no,no,4090,False,likely_non_responsive,True,,8115
CNG_Data2k_variance/files/Q00897.01-0000541114.0001.XLSX,Q00897.01-0000541114.0001.XLSX,.xlsx,72642,ok,True,True,text,True,4,0,97,False,25,True,50-100,Name | Phone | Money/Amount,True,Contact Information | Financial Account Information,True,,ambiguous,True,yes,9816,structured_bde,bde_llm_count_roster,False,False,0,0,0,0,0,0,9.426,False,True,True,,True,likely_no,no,5458,True,likely_non_responsive,True,,15274
CNG_Data2k_variance/files/Q00897.01-0000439326.0001.PDF,Q00897.01-0000439326.0001.PDF,.pdf,125118,ok,True,False,text,False,1,0,4,False,0,False,0-10,Name | Address | Email | Phone | Money/Amount,True,Contact Information | Financial Account Information,False,,ambiguous,True,yes,4290,standard,,False,False,0,0,0,0,0,0,3.097,False,False,True,,True,clear_yes,yes,4349,False,standard,False,,8639
CNG_Data2k_variance/files/Q00897.01-0000807619.MSG,Q00897.01-0000807619.MSG,.msg,68608,ok,True,False,text,False,0,2,3,False,0,False,0-10,Name | Address | Email | Phone | Credentials,True,Contact Information | Access Credentials,False,,ambiguous,True,yes,4247,standard,,False,False,0,0,0,0,0,0,3.016,False,False,True,,True,borderline,no,4310,False,likely_non_responsive,True,,8557
CNG_Data2k_variance/files/Q00897.01-0000896091.PDF,Q00897.01-0000896091.PDF,.pdf,12810,ok,True,False,text,False,2,0,1,False,0,False,0-10,Money/Amount,False,Financial Account Information,False,,clear_non_responsive,False,,0,likely_non_responsive,,False,False,0,0,0,0,0,0,0.229,True,False,False,stage1_nr,False,,,0,False,,False,,0
CNG_Data2k_variance/files/Q00897.01-0000903720.PDF,Q00897.01-0000903720.PDF,.pdf,11130,ok,True,False,text,False,2,0,1,False,0,False,0-10,Money/Amount,False,Financial Account Information,False,,clear_non_responsive,False,,0,likely_non_responsive,,False,False,0,0,0,0,0,0,0.095,True,False,False,stage1_nr,False,,,0,False,,False,,0
CNG_Data2k_variance/files/Q00897.01-0000735199.MSG,Q00897.01-0000735199.MSG,.msg,449536,ok,True,False,text,False,0,0,1,False,0,False,0-10,Money/Amount | Health | Demographic | Work-Related,False,Financial Account Information | Health-Related Information | Demographic Information | Work-Related Information,False,,ambiguous,True,no,7322,likely_non_responsive,,False,False,0,0,0,0,0,0,3.93,True,False,False,stage1_nr,False,,,0,False,,False,,7322
CNG_Data2k_variance/files/Q00897.01-0000014000.PDF,Q00897.01-0000014000.PDF,.pdf,778333,ok,True,True,text,True,2,0,50,False,3,False,20-50,Name | Money/Amount | Work-Related,True,Financial Account Information | Work-Related Information,False,,ambiguous,True,yes,9503,standard,bde_llm_count,True,True,2,0,0,0,0,1,14.794,False,False,True,,True,clear_yes,yes,5211,False,standard,False,,14714
CNG_Data2k_variance/files/Q00897.01-0000776245.0001.DOCX,Q00897.01-0000776245.0001.DOCX,.docx,56782,ok,True,False,text,False,0,0,4,False,0,False,0-10,Address | Phone | Tax ID | Account Balance | Money/Amount | Health | Work-Related,True,Contact Information | Government-Issued Identification | Financial Account Information | Health-Related Information | Work-Related Information,False,,ambiguous,True,no,8498,likely_non_responsive,,False,False,0,0,0,0,0,0,1.783,True,False,False,stage1_nr,False,,,0,False,,False,,8498
CNG_Data2k_variance/files/Q00897.01-0000866696.XLSX,Q00897.01-0000866696.XLSX,.xlsx,14472,ok,True,True,text,True,1,0,51,False,51,True,50-100,Name | Money/Amount,False,Financial Account Information,True,,ambiguous,True,yes,6815,structured_bde,roster_by_rowcount bde_llm_count_roster,False,False,0,0,0,0,0,0,5.029,False,True,True,,True,clear_yes,yes,3874,True,structured_bde,False,,10689
CNG_Data2k_variance/files/Q00897.01-0000110577.PDF,Q00897.01-0000110577.PDF,.pdf,1792198,ok,True,False,text,False,3,0,3,False,0,False,0-10,Name | Card Expiry/CVV,False,Financial Account Information,False,,ambiguous,True,no,5237,likely_non_responsive,,True,True,3,0,0,0,0,1,8.059,True,False,False,stage1_nr,False,,,0,False,,False,,5237
CNG_Data2k_variance/files/Q00897.01-0000912150.PDF,Q00897.01-0000912150.PDF,.pdf,61671,ok,True,True,text,True,3,0,31,False,5,False,20-50,Address | SSN,True,Contact Information | Government-Issued Identification,False,,clear_responsive,False,,3805,standard,bde_llm_count_roster,True,True,3,0,0,0,0,1,8.142,False,False,True,,True,clear_yes,yes,4687,False,standard,False,,8492
CNG_Data2k_variance/files/Q00897.01-0000449427.MSG,Q00897.01-0000449427.MSG,.msg,159744,ok,True,False,text,False,0,0,2,False,0,False,0-10,Name | Address | Health,True,Contact Information | Health-Related Information,False,,ambiguous,True,yes,3929,standard,,False,False,0,0,0,0,0,0,2.673,False,False,True,,True,likely_yes,yes,3969,False,standard,False,,7898
CNG_Data2k_variance/files/Q00897.01-0000779673.0001.PDF,Q00897.01-0000779673.0001.PDF,.pdf,312423,ok,True,False,text,False,7,0,2,False,0,False,0-10,Name | Address,True,Contact Information,False,,ambiguous,True,no,7228,likely_non_responsive,,True,True,7,0,0,0,0,1,7.965,True,False,False,stage1_nr,False,,,0,False,,False,,7228
CNG_Data2k_variance/files/Q00897.01-0000818388.MSG,Q00897.01-0000818388.MSG,.msg,1098752,ok,True,False,text,False,0,2,3,False,0,False,0-10,Name | Phone,True,Contact Information,False,,ambiguous,True,yes,4069,standard,,False,False,0,0,0,0,0,0,3.867,False,False,True,,True,likely_no,no,4116,False,likely_non_responsive,True,,8185
CNG_Data2k_variance/files/Q00897.01-0000711582.MSG,Q00897.01-0000711582.MSG,.msg,80896,ok,True,False,text,False,0,0,2,False,0,False,0-10,Name | Address | Email,True,Contact Information,False,,ambiguous,True,no,4149,likely_non_responsive,,False,False,0,0,0,0,0,0,1.746,True,False,False,stage1_nr,False,,,0,False,,False,,4149
CNG_Data2k_variance/files/Q00897.01-0000544901.0001.PDF,Q00897.01-0000544901.0001.PDF,.pdf,22575,ok,True,False,text,False,1,0,1,False,0,False,0-10,Money/Amount,False,Financial Account Information,False,,clear_non_responsive,False,,0,likely_non_responsive,,False,False,0,0,0,0,0,0,0.027,True,False,False,stage1_nr,False,,,0,False,,False,,0
CNG_Data2k_variance/files/Q00897.01-0000894354.PDF,Q00897.01-0000894354.PDF,.pdf,36537,ok,True,False,text,False,5,0,1,False,0,False,0-10,Address | Money/Amount,True,Contact Information | Financial Account Information,False,,ambiguous,True,yes,6938,standard,,False,False,0,0,0,0,0,0,2.921,False,False,True,,True,likely_no,no,7002,False,likely_non_responsive,True,,13940
CNG_Data2k_variance/files/Q00897.01-0000852978.PDF,Q00897.01-0000852978.PDF,.pdf,52745,ok,True,True,text,True,1,0,36,False,1,False,20-50,Name | Address | Phone | Money/Amount | Work-Related,True,Contact Information | Financial Account Information | Work-Related Information,False,,ambiguous,True,yes,7982,standard,bde_llm_count,True,True,1,0,0,0,0,1,9.278,False,False,True,,True,clear_yes,yes,4437,False,standard,False,,12419
CNG_Data2k_variance/files/Q00897.01-0000294230.XLSX,Q00897.01-0000294230.XLSX,.xlsx,10829,ok,True,True,text,True,1,0,0,False,0,False,0-10,Work-Related,False,Work-Related Information,False,,ambiguous,True,no,6924,structured_unreadable,bde_llm_count,False,False,0,0,0,0,0,0,4.14,False,False,True,,True,clear_no,no,3946,False,likely_non_responsive,True,,10870
CNG_Data2k_variance/files/Q00897.01-0000124474.PDF,Q00897.01-0000124474.PDF,.pdf,3680830,ok,True,True,text,True,15,0,541,False,51,True,100+,Name | Address | Phone | Money/Amount,True,Contact Information | Financial Account Information,True,,ambiguous,True,yes,29608,structured_bde,bde_llm_count_roster,True,True,15,0,0,0,0,1,19.393,False,True,True,,True,likely_no,no,15375,True,likely_non_responsive,True,,44983
CNG_Data2k_variance/files/Q00897.01-0000738515.MSG,Q00897.01-0000738515.MSG,.msg,96768,ok,True,False,text,False,0,0,2,False,0,False,0-10,Name | Email,True,Contact Information,False,,ambiguous,True,yes,4023,standard,,False,False,0,0,0,0,0,0,4.485,False,False,True,,True,borderline,no,4093,False,likely_non_responsive,True,,8116
CNG_Data2k_variance/files/Q00897.01-0000345375.PDF,Q00897.01-0000345375.PDF,.pdf,29086,ok,True,False,text,False,7,0,1,False,0,False,0-10,Name | Address | Money/Amount,True,Contact Information | Financial Account Information,False,,ambiguous,True,yes,6660,standard,,False,False,0,0,0,0,0,0,4.064,False,False,True,,True,clear_yes,yes,6702,False,standard,False,,13362
CNG_Data2k_variance/files/Q00897.01-0000283210.PDF,Q00897.01-0000283210.PDF,.pdf,656765,ok,True,True,text,True,6,0,18,False,2,False,10-20,Name | Address | Phone | Military ID | Money/Amount | Health,True,Contact Information | Government-Issued Identification | Financial Account Information | Health-Related Information,False,,ambiguous,True,yes,13942,standard,bde_llm_count,True,True,6,0,0,0,0,1,13.813,False,False,True,,True,clear_yes,yes,7462,False,standard,False,,21404
CNG_Data2k_variance/files/Q00897.01-0000452737.MSG,Q00897.01-0000452737.MSG,.msg,140800,ok,True,False,text,False,0,0,2,False,0,False,0-10,Name | Email | Phone,True,Contact Information,False,,ambiguous,True,yes,4059,standard,,False,False,0,0,0,0,0,0,2.357,False,False,True,,True,likely_no,no,4124,False,likely_non_responsive,True,,8183
CNG_Data2k_variance/files/Q00897.01-0000543103.0001.PDF,Q00897.01-0000543103.0001.PDF,.pdf,22573,ok,True,False,text,False,1,0,1,False,0,False,0-10,Money/Amount,False,Financial Account Information,False,,clear_non_responsive,False,,0,likely_non_responsive,,False,False,0,0,0,0,0,0,0.027,True,False,False,stage1_nr,False,,,0,False,,False,,0
CNG_Data2k_variance/files/Q00897.01-0000833799.MSG,Q00897.01-0000833799.MSG,.msg,777216,ok,True,False,text,False,0,8,6,False,0,False,0-10,Name | Address | Email | Phone,True,Contact Information,False,,ambiguous,True,yes,4308,standard,,False,False,0,0,0,0,0,0,4.321,False,False,True,,True,likely_no,no,4380,False,likely_non_responsive,True,,8688
CNG_Data2k_variance/files/Q00897.01-0000515405.0001.PDF,Q00897.01-0000515405.0001.PDF,.pdf,808320,ok,True,False,text,False,1,0,4,False,0,False,0-10,Name | Address | Email | Phone | Payment Card | Card Expiry/CVV | Card/Transaction | Money/Amount,True,Contact Information | Financial Account Information,False,,ambiguous,True,yes,3994,standard,,True,True,1,0,0,0,0,1,70.338,False,False,True,,True,clear_yes,yes,4057,False,standard,False,,8051
CNG_Data2k_variance/files/Q00897.01-0000840211.0001.DOCX,Q00897.01-0000840211.0001.DOCX,.docx,18636,ok,True,False,text,False,0,0,1,False,0,False,0-10,Money/Amount,False,Financial Account Information,False,,clear_non_responsive,False,,0,likely_non_responsive,,False,False,0,0,0,0,0,0,0.046,True,False,False,stage1_nr,False,,,0,False,,False,,0
CNG_Data2k_variance/files/Q00897.01-0000871561.TXT,Q00897.01-0000871561.TXT,.txt,1890,ok,True,False,text,False,0,0,1,False,0,False,0-10,Address | Phone | Money/Amount,True,Contact Information | Financial Account Information,False,,ambiguous,True,no,3988,likely_non_responsive,,False,False,0,0,0,0,0,0,0.957,True,False,False,stage1_nr,False,,,0,False,,False,,3988
CNG_Data2k_variance/files/Q00897.01-0000331265.0001.PDF,Q00897.01-0000331265.0001.PDF,.pdf,268825,ok,True,False,text,False,3,0,1,False,0,False,0-10,Name | Address | Bank/Account Number | Money/Amount,True,Contact Information | Financial Account Information,False,,ambiguous,True,yes,4459,standard,"img_ocr:p2(1/1,+438chars)",False,False,0,1,1,1,0,1,7.537,False,False,True,,True,likely_no,no,4535,False,likely_non_responsive,True,,8994
CNG_Data2k_variance/files/Q00897.01-0000906346.PDF,Q00897.01-0000906346.PDF,.pdf,659145,ok,True,False,text,False,137,0,1,False,0,False,0-10,Address | Money/Amount,True,Contact Information | Financial Account Information,False,,ambiguous,True,yes,16159,standard,,False,False,0,0,0,0,0,0,13.443,False,False,True,,True,likely_no,no,16219,False,likely_non_responsive,True,,32378
CNG_Data2k_variance/files/Q00897.01-0000673755.0001.PDF,Q00897.01-0000673755.0001.PDF,.pdf,44948,ok,True,False,text,False,3,0,1,False,0,False,0-10,Address | Phone | Bank/Account Number | Money/Amount,True,Contact Information | Financial Account Information,False,,ambiguous,True,no,4257,likely_non_responsive,,False,False,0,0,0,0,0,0,1.701,True,False,False,stage1_nr,False,,,0,False,,False,,4257
CNG_Data2k_variance/files/Q00897.01-0000693668.MSG,Q00897.01-0000693668.MSG,.msg,205824,ok,True,False,text,False,0,0,2,False,0,False,0-10,Name | Address | Work-Related,True,Contact Information | Work-Related Information,False,,ambiguous,True,yes,4388,standard,,False,False,0,0,0,0,0,0,4.983,False,False,True,,True,likely_no,no,4446,False,likely_non_responsive,True,,8834
CNG_Data2k_variance/files/Q00897.01-0000889486.PDF,Q00897.01-0000889486.PDF,.pdf,12159,ok,True,False,text,False,1,0,0,False,0,False,0-10,,False,,False,,clear_non_responsive,False,,0,likely_non_responsive,,False,False,0,0,0,0,0,0,0.045,True,False,False,stage1_nr,False,,,0,False,,False,,0
CNG_Data2k_variance/files/Q00897.01-0000010882.XLSX,Q00897.01-0000010882.XLSX,.xlsx,30870,ok,True,True,text,True,3,0,151,False,151,True,100+,Name | Address | Money/Amount | Credentials | Work-Related,True,Contact Information | Financial Account Information | Access Credentials | Work-Related Information,True,,ambiguous,True,yes,7427,structured_bde,roster_by_rowcount bde_llm_count_roster,False,False,0,0,0,0,0,0,3.867,False,True,True,,True,likely_yes,yes,4190,True,structured_bde,False,,11617
CNG_Data2k_variance/files/Q00897.01-0000482486.MSG,Q00897.01-0000482486.MSG,.msg,66048,ok,True,False,text,False,0,1,6,False,0,False,0-10,Name | Email | Phone | Money/Amount,True,Contact Information | Financial Account Information,False,,ambiguous,True,yes,7559,standard,,False,False,0,0,0,0,0,0,4.774,False,False,True,,True,clear_no,no,7675,False,likely_non_responsive,True,,15234
CNG_Data2k_variance/files/Q00897.01-0000121348.PDF,Q00897.01-0000121348.PDF,.pdf,271202,ok,True,False,text,False,4,0,7,False,2,False,0-10,Name | Address | Phone | Card/Transaction | Money/Amount,True,Contact Information | Financial Account Information,False,,ambiguous,True,yes,10945,standard,bde_llm_count,False,False,0,0,0,0,0,0,5.03,False,False,True,,True,clear_yes,yes,5944,False,standard,False,,16889
CNG_Data2k_variance/files/Q00897.01-0000868021.PDF,Q00897.01-0000868021.PDF,.pdf,594344,ok,True,True,text,True,11,0,113,False,19,True,100+,Name | Address | Money/Amount,True,Contact Information | Financial Account Information,True,,ambiguous,True,yes,12170,structured_bde,bde_llm_count_roster,True,True,11,0,0,0,0,1,11.883,False,True,True,,True,clear_yes,yes,6597,True,structured_bde,False,,18767
CNG_Data2k_variance/files/Q00897.01-0000642582.MSG,Q00897.01-0000642582.MSG,.msg,22016,ok,True,False,text,False,0,0,0,False,0,False,0-10,,False,,False,,clear_non_responsive,False,,0,likely_non_responsive,,False,False,0,0,0,0,0,0,0.028,True,False,False,stage1_nr,False,,,0,False,,False,,0
CNG_Data2k_variance/files/Q00897.01-0000450778.0001.PDF,Q00897.01-0000450778.0001.PDF,.pdf,56468,ok,True,False,text,False,19,0,30,False,30,False,20-50,Name | Address | Card/Transaction | Money/Amount,True,Contact Information | Financial Account Information,False,,ambiguous,True,yes,31176,standard,bde_llm_count,False,False,0,0,0,0,0,0,11.599,False,False,True,,True,likely_no,no,16172,False,likely_non_responsive,True,,47348
CNG_Data2k_variance/files/Q00897.01-0000118697.DOCX,Q00897.01-0000118697.DOCX,.docx,15425,ok,True,False,text,False,0,0,1,False,0,False,0-10,Money/Amount | Work-Related,False,Financial Account Information | Work-Related Information,False,,ambiguous,True,no,4316,likely_non_responsive,,False,False,0,0,0,0,0,0,1.552,True,False,False,stage1_nr,False,,,0,False,,False,,4316
CNG_Data2k_variance/files/Q00897.01-0000544928.0001.PDF,Q00897.01-0000544928.0001.PDF,.pdf,22647,ok,True,False,text,False,1,0,1,False,0,False,0-10,Money/Amount,False,Financial Account Information,False,,clear_non_responsive,False,,0,likely_non_responsive,,False,False,0,0,0,0,0,0,0.033,True,False,False,stage1_nr,False,,,0,False,,False,,0
CNG_Data2k_variance/files/Q00897.01-0000277533.XLSX,Q00897.01-0000277533.XLSX,.xlsx,29629,ok,True,True,text,True,3,0,79,False,18,False,50-100,Name | Address | Email | Phone,True,Contact Information,False,,ambiguous,True,yes,10551,standard,roster_by_rowcount bde_llm_count,False,False,0,0,0,0,0,0,5.551,False,False,True,,True,clear_no,no,5628,True,likely_non_responsive,True,,16179
CNG_Data2k_variance\files\Q00897.01-0000497348.0001.XLS,Q00897.01-0000497348.0001.XLS,.xls,86370,ok,True,True,text,True,1,0,595,False,2,False,100+,Name | Money/Amount,False,Financial Account Information,False,,ambiguous,True,yes,13328,standard,roster_by_rowcount bde_llm_count,False,False,0,0,0,0,0,0,4.089,False,False,True,,True,likely_no,no,7151,True,likely_non_responsive,True,,20479
CNG_Data2k_variance/files/Q00897.01-0000544330.0001.PDF,Q00897.01-0000544330.0001.PDF,.pdf,22560,ok,True,False,text,False,1,0,1,False,0,False,0-10,Money/Amount,False,Financial Account Information,False,,clear_non_responsive,False,,0,likely_non_responsive,,False,False,0,0,0,0,0,0,0.026,True,False,False,stage1_nr,False,,,0,False,,False,,0
CNG_Data2k_variance/files/Q00897.01-0000538185.0001.PDF,Q00897.01-0000538185.0001.PDF,.pdf,24611,ok,True,False,text,False,2,0,0,False,0,False,0-10,,False,,False,,clear_non_responsive,False,,0,likely_non_responsive,,False,False,0,0,0,0,0,0,0.029,True,False,False,stage1_nr,False,,,0,False,,False,,0
CNG_Data2k_variance/files/Q00897.01-0000855691.XLSX,Q00897.01-0000855691.XLSX,.xlsx,251235,ok,True,True,text,True,3,0,563,False,563,True,100+,Name | Money/Amount,False,Financial Account Information,True,,ambiguous,True,yes,12236,structured_bde,bde_llm_count_roster,False,False,0,0,0,0,0,0,6.904,False,True,True,,True,clear_yes,yes,6630,True,structured_bde,False,,18866
CNG_Data2k_variance/files/Q00897.01-0000664833.MSG,Q00897.01-0000664833.MSG,.msg,144896,ok,True,False,text,False,0,3,10,False,3,False,0-10,Name | Address | Email | Phone | Money/Amount,True,Contact Information | Financial Account Information,False,,ambiguous,True,no,7662,likely_non_responsive,bde_llm_count,False,False,0,0,0,0,0,0,3.721,True,False,False,stage1_nr,False,,,0,False,,False,,7662
CNG_Data2k_variance/files/Q00897.01-0000083393.PDF,Q00897.01-0000083393.PDF,.pdf,485549,ok,True,True,text,True,1,0,8,False,0,False,0-10,Phone | SSN | Money/Amount,True,Contact Information | Government-Issued Identification | Financial Account Information,False,,clear_responsive,False,,3533,standard,bde_llm_count,True,True,1,0,0,0,0,1,7.774,False,False,True,,True,clear_no,no,4396,False,likely_non_responsive,True,,7929
CNG_Data2k_variance/files/Q00897.01-0000894399.PDF,Q00897.01-0000894399.PDF,.pdf,25220,ok,True,True,text,True,1,0,23,False,1,False,20-50,Name | Address | Phone | Money/Amount | Work-Related,True,Contact Information | Financial Account Information | Work-Related Information,False,,ambiguous,True,yes,7696,standard,bde_llm_count,True,True,1,0,0,0,0,1,9.63,False,False,True,,True,clear_yes,yes,4300,False,standard,False,,11996
CNG_Data2k_variance/files/Q00897.01-0000615179.0001.PDF,Q00897.01-0000615179.0001.PDF,.pdf,122307,ok,True,False,text,False,4,0,2,False,0,False,0-10,Name | Address | Email | Health,True,Contact Information | Health-Related Information,False,,ambiguous,True,no,5885,likely_non_responsive,,False,False,0,0,0,0,0,0,1.764,True,False,False,stage1_nr,False,,,0,False,,False,,5885
CNG_Data2k_variance/files/Q00897.01-0000809749.0001.DOCX,Q00897.01-0000809749.0001.DOCX,.docx,54282,ok,True,False,text,False,0,0,1,False,0,False,0-10,Name | Address | Health,True,Contact Information | Health-Related Information,False,,ambiguous,True,no,5477,likely_non_responsive,,False,False,0,0,0,0,0,0,1.582,True,False,False,stage1_nr,False,,,0,False,,False,,5477
CNG_Data2k_variance\files\Q00897.01-0000127685.XLS,Q00897.01-0000127685.XLS,.xls,39693,ok,True,True,text,True,2,0,136,False,0,False,100+,Money/Amount,False,Financial Account Information,False,,ambiguous,True,no,7594,likely_non_responsive,roster_by_rowcount bde_llm_count,False,False,0,0,0,0,0,0,2.542,True,False,False,stage1_nr,False,,,0,False,,False,,7594
CNG_Data2k_variance/files/Q00897.01-0000137881.PDF,Q00897.01-0000137881.PDF,.pdf,348121,ok,True,True,text,True,2,0,33,False,0,False,20-50,Name | Address | Phone | Money/Amount,True,Contact Information | Financial Account Information,False,,ambiguous,True,yes,10155,standard,bde_llm_count,True,True,2,0,0,0,0,1,12.167,False,False,True,,True,clear_no,no,5513,False,likely_non_responsive,True,,15668
CNG_Data2k_variance/files/Q00897.01-0000836801.0001.XLSX,Q00897.01-0000836801.0001.XLSX,.xlsx,275966,ok,True,True,text,True,3,0,263,False,0,False,100+,Phone | Money/Amount,True,Contact Information | Financial Account Information,False,,ambiguous,True,yes,9921,standard,bde_llm_count,False,False,0,0,0,0,0,0,4.915,False,False,True,,True,clear_no,no,5406,True,likely_non_responsive,True,,15327
CNG_Data2k_variance/files/Q00897.01-0000894569.PDF,Q00897.01-0000894569.PDF,.pdf,114848,ok,True,False,text,False,1,0,2,False,0,False,0-10,Name | Money/Amount | Work-Related,False,Financial Account Information | Work-Related Information,False,,ambiguous,True,yes,4130,standard,,False,False,0,0,0,0,0,0,3.627,False,False,True,,True,likely_yes,yes,4165,False,standard,False,,8295
CNG_Data2k_variance/files/Q00897.01-0000463684.0001.XLSX,Q00897.01-0000463684.0001.XLSX,.xlsx,14973,ok,True,True,text,True,1,0,0,False,0,False,0-10,Money/Amount,False,Financial Account Information,False,,ambiguous,True,no,7655,structured_unreadable,bde_llm_count,False,False,0,0,0,0,0,0,3.855,False,False,True,,True,clear_no,no,4304,False,likely_non_responsive,True,,11959
CNG_Data2k_variance/files/Q00897.01-0000344986.PDF,Q00897.01-0000344986.PDF,.pdf,15999,ok,True,False,text,False,3,0,1,False,0,False,0-10,Name | Address | Money/Amount,True,Contact Information | Financial Account Information,False,,ambiguous,True,yes,5016,standard,,False,False,0,0,0,0,0,0,4.099,False,False,True,,True,clear_yes,yes,5044,False,standard,False,,10060
CNG_Data2k_variance/files/Q00897.01-0000724866.MSG,Q00897.01-0000724866.MSG,.msg,201728,ok,True,False,text,False,0,1,2,False,0,False,0-10,Phone,True,Contact Information,False,,ambiguous,True,no,4676,likely_non_responsive,,False,False,0,0,0,0,0,0,2.65,True,False,False,stage1_nr,False,,,0,False,,False,,4676
CNG_Data2k_variance/files/Q00897.01-0000897290.PDF,Q00897.01-0000897290.PDF,.pdf,16963,ok,True,False,text,False,2,0,1,False,0,False,0-10,Money/Amount,False,Financial Account Information,False,,clear_non_responsive,False,,0,likely_non_responsive,,False,False,0,0,0,0,0,0,0.115,True,False,False,stage1_nr,False,,,0,False,,False,,0
CNG_Data2k_variance/files/Q00897.01-0000856462.PDF,Q00897.01-0000856462.PDF,.pdf,422811,ok,True,True,text,True,2,0,5,False,2,False,0-10,Name | Address | Email | Phone | Money/Amount,True,Contact Information | Financial Account Information,False,,ambiguous,True,yes,7505,standard,bde_llm_count,True,True,2,0,0,0,0,1,9.735,False,False,True,,True,clear_yes,yes,4238,False,standard,False,,11743
CNG_Data2k_variance/files/Q00897.01-0000651651.0001.PDF,Q00897.01-0000651651.0001.PDF,.pdf,31545,ok,True,True,text,True,1,0,7,False,0,False,0-10,Name | Address | Phone | Card Expiry/CVV | Money/Amount,True,Contact Information | Financial Account Information,False,,ambiguous,True,no,7389,likely_non_responsive,bde_llm_count,True,True,1,0,0,0,0,1,7.34,True,False,False,stage1_nr,False,,,0,False,,False,,7389
CNG_Data2k_variance/files/Q00897.01-0000727741.MSG,Q00897.01-0000727741.MSG,.msg,159232,ok,True,False,text,False,0,0,3,False,0,False,0-10,Name | Email | Money/Amount | Credentials,True,Contact Information | Financial Account Information | Access Credentials,False,,ambiguous,True,yes,4626,standard,,False,False,0,0,0,0,0,0,3.626,False,False,True,,True,borderline,no,4706,False,likely_non_responsive,True,,9332
CNG_Data2k_variance/files/Q00897.01-0000538971.MSG,Q00897.01-0000538971.MSG,.msg,267264,ok,True,False,text,False,0,0,7,False,4,False,0-10,Name | Address | Email | Phone,True,Contact Information,False,,ambiguous,True,yes,13557,standard,bde_llm_count,False,False,0,0,0,0,0,0,63.852,False,False,True,,True,likely_no,no,7215,False,likely_non_responsive,True,,20772
CNG_Data2k_variance/files/Q00897.01-0000661787.MSG,Q00897.01-0000661787.MSG,.msg,46080,ok,True,False,text,False,0,0,7,False,5,False,0-10,Name | Address | Email | Phone,True,Contact Information,False,,ambiguous,True,yes,10729,standard,bde_llm_count,False,False,0,0,0,0,0,0,5.155,False,False,True,,True,likely_no,no,5818,False,likely_non_responsive,True,,16547
CNG_Data2k_variance/files/Q00897.01-0000727424.MSG,Q00897.01-0000727424.MSG,.msg,158208,ok,True,False,text,False,0,0,2,False,0,False,0-10,Address | Email | Phone | Credentials,True,Contact Information | Access Credentials,False,,ambiguous,True,no,3958,likely_non_responsive,,False,False,0,0,0,0,0,0,1.766,True,False,False,stage1_nr,False,,,0,False,,False,,3958
CNG_Data2k_variance/files/Q00897.01-0000319803.XML,Q00897.01-0000319803.XML,.xml,686,ok,True,False,text,False,0,0,1,False,0,False,0-10,Money/Amount,False,Financial Account Information,False,,clear_non_responsive,False,,0,likely_non_responsive,,False,False,0,0,0,0,0,0,0.019,True,False,False,stage1_nr,False,,,0,False,,False,,0
CNG_Data2k_variance/files/Q00897.01-0000136966.PDF,Q00897.01-0000136966.PDF,.pdf,12004896,ok,True,True,text,True,15,0,216,False,0,False,100+,Name | Address | Email | Phone | Money/Amount,True,Contact Information | Financial Account Information,False,,ambiguous,True,yes,19403,standard,bde_llm_count,True,True,15,0,0,0,0,1,16.275,False,False,True,,True,clear_no,no,10084,True,likely_non_responsive,True,,29487
CNG_Data2k_variance\files\Q00897.01-0000851734.XLS,Q00897.01-0000851734.XLS,.xls,22205,ok,True,True,text,True,1,0,66,False,0,False,50-100,Name | Money/Amount,False,Financial Account Information,False,,ambiguous,True,no,7296,likely_non_responsive,roster_by_rowcount bde_llm_count,False,False,0,0,0,0,0,0,2.709,True,False,False,stage1_nr,False,,,0,False,,False,,7296
CNG_Data2k_variance/files/Q00897.01-0000852887.PDF,Q00897.01-0000852887.PDF,.pdf,67469,ok,True,False,text,False,1,0,1,False,0,False,0-10,Address | Money/Amount,True,Contact Information | Financial Account Information,False,,ambiguous,True,no,4012,likely_non_responsive,,False,False,0,0,0,0,0,0,1.707,True,False,False,stage1_nr,False,,,0,False,,False,,4012
CNG_Data2k_variance/files/Q00897.01-0000372178.MSG,Q00897.01-0000372178.MSG,.msg,199680,ok,True,False,text,False,0,1,0,False,0,False,0-10,,False,,False,,clear_non_responsive,False,,0,likely_non_responsive,,False,False,0,0,0,0,0,0,0.099,True,False,False,stage1_nr,False,,,0,False,,False,,0
CNG_Data2k_variance/files/Q00897.01-0000654633.MSG,Q00897.01-0000654633.MSG,.msg,57344,ok,True,False,text,False,0,1,1,False,0,False,0-10,Name | Card/Transaction,False,Financial Account Information,False,,ambiguous,True,yes,3693,standard,,False,False,0,0,0,0,0,0,2.654,False,False,True,,True,borderline,no,3763,False,likely_non_responsive,True,,7456
CNG_Data2k_variance/files/Q00897.01-0000825289.MSG,Q00897.01-0000825289.MSG,.msg,158208,ok,True,False,text,False,0,1,6,False,0,False,0-10,Name | Address | Email | Phone | Money/Amount | Health,True,Contact Information | Financial Account Information | Health-Related Information,False,,ambiguous,True,yes,5435,standard,,False,False,0,0,0,0,0,0,11.607,False,False,True,,True,likely_no,no,5476,False,likely_non_responsive,True,,10911
CNG_Data2k_variance/files/Q00897.01-0000418727.MSG,Q00897.01-0000418727.MSG,.msg,180224,ok,True,False,text,False,0,2,5,False,0,False,0-10,Name | Email | Phone,True,Contact Information,False,,ambiguous,True,yes,4490,standard,,False,False,0,0,0,0,0,0,3.169,False,False,True,,True,likely_no,no,4568,False,likely_non_responsive,True,,9058
CNG_Data2k_variance\files\Q00897.01-0000501981.0001.XLS,Q00897.01-0000501981.0001.XLS,.xls,99447,ok,True,True,text,True,1,0,718,False,2,True,100+,Name | Phone | Money/Amount,True,Contact Information | Financial Account Information,True,,ambiguous,True,yes,14080,structured_bde,roster_by_rowcount bde_llm_count_roster,False,False,0,0,0,0,0,0,4.675,False,True,True,,True,likely_no,no,7526,True,likely_non_responsive,True,,21606
CNG_Data2k_variance/files/Q00897.01-0000836237.0001.DOCX,Q00897.01-0000836237.0001.DOCX,.docx,54460,ok,True,False,text,False,0,0,1,False,0,False,0-10,Name | Address,True,Contact Information,False,,ambiguous,True,yes,6695,standard,,False,False,0,0,0,0,0,0,3.061,False,False,True,,True,borderline,no,6758,False,likely_non_responsive,True,,13453
CNG_Data2k_variance/files/Q00897.01-0000135638.PDF,Q00897.01-0000135638.PDF,.pdf,67279,ok,True,True,text,True,1,0,1,False,0,False,0-10,,False,,False,,ambiguous,True,no,7195,likely_non_responsive,bde_llm_count,True,True,1,0,0,0,0,1,7.082,True,False,False,stage1_nr,False,,,0,False,,False,,7195
CNG_Data2k_variance/files/Q00897.01-0000654537.MSG,Q00897.01-0000654537.MSG,.msg,96768,ok,True,False,text,False,0,3,3,False,0,False,0-10,Name | Address | Email | Phone | Money/Amount,True,Contact Information | Financial Account Information,False,,ambiguous,True,yes,4522,standard,,False,False,0,0,0,0,0,0,2.966,False,False,True,,True,likely_no,no,4587,False,likely_non_responsive,True,,9109
CNG_Data2k_variance/files/Q00897.01-0000565463.0001.XLSX,Q00897.01-0000565463.0001.XLSX,.xlsx,53119,ok,True,True,text,True,1,0,434,False,0,False,100+,Name | Money/Amount,False,Financial Account Information,False,,ambiguous,True,yes,16043,standard,roster_by_rowcount bde_llm_count,False,False,0,0,0,0,0,0,4.78,False,False,True,,True,likely_no,no,8527,True,likely_non_responsive,True,,24570
CNG_Data2k_variance/files/Q00897.01-0000471226.0001.XLSX,Q00897.01-0000471226.0001.XLSX,.xlsx,85727,ok,True,True,text,True,16,0,517,False,0,False,100+,Address | Phone | Money/Amount,True,Contact Information | Financial Account Information,False,,ambiguous,True,no,9890,likely_non_responsive,roster_by_rowcount bde_llm_count,False,False,0,0,0,0,0,0,2.917,True,False,False,stage1_nr,False,,,0,False,,False,,9890
CNG_Data2k_variance/files/Q00897.01-0000017749.PDF,Q00897.01-0000017749.PDF,.pdf,175027,ok,True,False,text,False,1,0,4,False,0,False,0-10,Name | Address | Phone | Money/Amount,True,Contact Information | Financial Account Information,False,,ambiguous,True,no,4157,likely_non_responsive,,False,False,0,0,0,0,0,0,1.141,True,False,False,stage1_nr,False,,,0,False,,False,,4157
CNG_Data2k_variance/files/Q00897.01-0000818043.MSG,Q00897.01-0000818043.MSG,.msg,110080,ok,True,False,text,False,0,0,6,False,0,False,0-10,Name | Phone,True,Contact Information,False,,ambiguous,True,no,4157,likely_non_responsive,,False,False,0,0,0,0,0,0,1.512,True,False,False,stage1_nr,False,,,0,False,,False,,4157
CNG_Data2k_variance/files/Q00897.01-0000519083.0001.XLSX,Q00897.01-0000519083.0001.XLSX,.xlsx,124846,ok,True,True,text,True,1,0,455,False,1,False,100+,Name | Phone | Money/Amount,True,Contact Information | Financial Account Information,False,,ambiguous,True,yes,18461,standard,bde_llm_count,False,False,0,0,0,0,0,0,4.762,False,False,True,,True,likely_no,no,9710,True,likely_non_responsive,True,,28171
CNG_Data2k_variance\files\Q00897.01-0000120133.DOC,Q00897.01-0000120133.DOC,.doc,23611,ok,True,False,text,False,0,0,1,False,0,False,0-10,Name | Address | Email | Phone,True,Contact Information,False,,ambiguous,True,yes,4861,standard,,False,False,0,0,0,0,0,0,2.545,False,False,True,,True,clear_yes,yes,4935,False,standard,False,,9796
CNG_Data2k_variance/files/Q00897.01-0000914984.PDF,Q00897.01-0000914984.PDF,.pdf,365936,ok,True,True,text,True,1,0,8,False,1,False,0-10,Name | Email | Money/Amount | Work-Related,True,Contact Information | Financial Account Information | Work-Related Information,False,,ambiguous,True,yes,7198,standard,bde_llm_count,True,True,1,0,0,0,0,1,12.004,False,False,True,,True,likely_yes,yes,4062,False,standard,False,,11260
CNG_Data2k_variance/files/Q00897.01-0000702113.MSG,Q00897.01-0000702113.MSG,.msg,181248,ok,True,False,text,False,0,0,1,False,0,False,0-10,Address,True,Contact Information,False,,ambiguous,True,no,3854,likely_non_responsive,,False,False,0,0,0,0,0,0,1.584,True,False,False,stage1_nr,False,,,0,False,,False,,3854
CNG_Data2k_variance/files/Q00897.01-0000251617.XLSX,Q00897.01-0000251617.XLSX,.xlsx,24811,ok,True,True,text,True,1,0,3,False,0,False,0-10,Name | Phone | Money/Amount,True,Contact Information | Financial Account Information,False,,ambiguous,True,no,8078,likely_non_responsive,bde_llm_count,False,False,0,0,0,0,0,0,3.682,True,False,False,stage1_nr,False,,,0,False,,False,,8078
CNG_Data2k_variance/files/Q00897.01-0000260925.XLSX,Q00897.01-0000260925.XLSX,.xlsx,26784,ok,True,True,text,True,1,0,108,False,1,False,100+,Name | Phone | Money/Amount,True,Contact Information | Financial Account Information,False,,ambiguous,True,yes,17021,standard,roster_by_rowcount bde_llm_count,False,False,0,0,0,0,0,0,3.84,False,False,True,,True,likely_yes,yes,8973,True,structured_bde,False,,25994
CNG_Data2k_variance/files/Q00897.01-0000021024.PDF,Q00897.01-0000021024.PDF,.pdf,146009,ok,True,False,text,False,1,0,1,False,0,False,0-10,Money/Amount,False,Financial Account Information,False,,clear_non_responsive,False,,0,likely_non_responsive,,False,False,0,0,0,0,0,0,0.095,True,False,False,stage1_nr,False,,,0,False,,False,,0
CNG_Data2k_variance/files/Q00897.01-0000912237.PDF,Q00897.01-0000912237.PDF,.pdf,20138,ok,True,True,text,True,2,0,17,False,1,False,10-20,Address | Phone | SSN | Date of Birth,True,Contact Information | Government-Issued Identification | Birth Information,False,,clear_responsive,False,,3391,standard,bde_llm_count,True,True,2,0,0,0,0,1,10.652,False,False,True,,True,clear_yes,yes,4235,False,standard,False,,7626
CNG_Data2k_variance/files/Q00897.01-0000896381.PDF,Q00897.01-0000896381.PDF,.pdf,63588,ok,True,False,text,False,13,0,3,False,0,False,0-10,Name | Address | Phone | Money/Amount | Work-Related,True,Contact Information | Financial Account Information | Work-Related Information,False,,ambiguous,True,yes,14081,standard,,False,False,0,0,0,0,0,0,4.861,False,False,True,,True,clear_yes,yes,14074,False,standard,False,,28155
CNG_Data2k_variance/files/Q00897.01-0000825484.MSG,Q00897.01-0000825484.MSG,.msg,81920,ok,True,False,text,False,0,3,6,False,0,False,0-10,Name | Address | Email | Phone,True,Contact Information,False,,ambiguous,True,yes,8725,standard,,False,False,0,0,0,0,0,0,5.373,False,False,True,,True,likely_no,no,8770,False,likely_non_responsive,True,,17495
CNG_Data2k_variance/files/Q00897.01-0000260267.PDF,Q00897.01-0000260267.PDF,.pdf,1772230,ok,True,True,text,True,15,0,646,False,0,False,100+,Name | Money/Amount,False,Financial Account Information,False,,ambiguous,True,yes,35452,standard,bde_llm_count,True,True,15,0,0,0,0,1,23.083,False,False,True,,True,likely_no,no,18308,True,likely_non_responsive,True,,53760
CNG_Data2k_variance/files/Q00897.01-0000706076.MSG,Q00897.01-0000706076.MSG,.msg,179200,ok,True,False,text,False,0,0,1,False,0,False,0-10,Name | Address | Email | Account Balance | Money/Amount,True,Contact Information | Financial Account Information,False,,ambiguous,True,yes,4253,standard,,False,False,0,0,0,0,0,0,3.455,False,False,True,,True,likely_yes,yes,4322,False,standard,False,,8575
CNG_Data2k_variance/files/Q00897.01-0000275797.PDF,Q00897.01-0000275797.PDF,.pdf,688467,ok,True,False,text,False,2,0,3,False,0,False,0-10,Name | Address | Email | Phone | Tax ID | Money/Amount | Health,True,Contact Information | Government-Issued Identification | Financial Account Information | Health-Related Information,False,,ambiguous,True,yes,4641,standard,,True,True,2,0,0,0,0,1,8.461,False,False,True,,True,likely_no,no,4709,False,likely_non_responsive,True,,9350
CNG_Data2k_variance/files/Q00897.01-0000668953.MSG,Q00897.01-0000668953.MSG,.msg,486400,ok,True,False,text,False,0,3,0,False,0,False,0-10,,False,,False,,clear_non_responsive,False,,0,likely_non_responsive,,False,False,0,0,0,0,0,0,0.379,True,False,False,stage1_nr,False,,,0,False,,False,,0
CNG_Data2k_variance/files/Q00897.01-0000020988.PDF,Q00897.01-0000020988.PDF,.pdf,59373,ok,True,False,text,False,1,0,0,False,0,False,0-10,,False,,False,,clear_non_responsive,False,,0,likely_non_responsive,,False,False,0,0,0,0,0,0,0.035,True,False,False,stage1_nr,False,,,0,False,,False,,0
CNG_Data2k_variance/files/Q00897.01-0000908126.PDF,Q00897.01-0000908126.PDF,.pdf,397356,ok,True,False,text,False,96,0,1,False,0,False,0-10,Name | Address | Money/Amount,True,Contact Information | Financial Account Information,False,,ambiguous,True,yes,16105,standard,,False,False,0,0,0,0,0,0,9.308,False,False,True,,True,clear_yes,yes,16194,False,standard,False,,32299
CNG_Data2k_variance\files\Q00897.01-0000480219.0002.DOC,Q00897.01-0000480219.0002.DOC,.doc,50419,ok,True,False,text,False,0,0,1,False,0,False,0-10,Name | Money/Amount | Work-Related,True,Financial Account Information | Work-Related Information,False,,ambiguous,True,no,8540,likely_non_responsive,,False,False,0,0,0,0,0,0,1.273,True,False,False,stage1_nr,False,,,0,False,,False,,8540
CNG_Data2k_variance/files/Q00897.01-0000409273.0001.XLSX,Q00897.01-0000409273.0001.XLSX,.xlsx,128171,ok,True,True,text,True,2,0,254,False,0,False,100+,Phone | Money/Amount,True,Contact Information | Financial Account Information,False,,ambiguous,True,no,13190,likely_non_responsive,roster_by_rowcount bde_llm_count,False,False,0,0,0,0,0,0,3.255,True,False,False,stage1_nr,False,,,0,False,,False,,13190
CNG_Data2k_variance/files/Q00897.01-0000894298.PDF,Q00897.01-0000894298.PDF,.pdf,26326,ok,True,False,text,False,4,0,1,False,0,False,0-10,Money/Amount,False,Financial Account Information,False,,clear_non_responsive,False,,0,likely_non_responsive,,False,False,0,0,0,0,0,0,0.264,True,False,False,stage1_nr,False,,,0,False,,False,,0
CNG_Data2k_variance/files/Q00897.01-0000238553.PDF,Q00897.01-0000238553.PDF,.pdf,2661071,ok,True,True,text,True,8,0,9,False,0,False,0-10,Name | Address | Account Balance | Money/Amount | Demographic | Work-Related,True,Contact Information | Financial Account Information | Demographic Information | Work-Related Information,False,,ambiguous,True,yes,17094,standard,bde_llm_count,True,True,8,0,0,0,0,1,13.432,False,False,True,,True,likely_no,no,9051,False,likely_non_responsive,True,,26145
CNG_Data2k_variance/files/Q00897.01-0000011086.PDF,Q00897.01-0000011086.PDF,.pdf,271971,ok,True,False,text,False,1,0,5,False,0,False,0-10,Name | Email | Work-Related,True,Contact Information | Work-Related Information,False,,ambiguous,True,yes,4154,standard,,False,False,0,0,0,0,0,0,3.244,False,False,True,,True,likely_yes,yes,4218,False,standard,False,,8372
CNG_Data2k_variance/files/Q00897.01-0000504900.MSG,Q00897.01-0000504900.MSG,.msg,87040,ok,True,False,text,False,0,0,2,False,0,False,0-10,Address | Email,True,Contact Information,False,,ambiguous,True,no,4086,likely_non_responsive,,False,False,0,0,0,0,0,0,2.431,True,False,False,stage1_nr,False,,,0,False,,False,,4086
CNG_Data2k_variance/files/Q00897.01-0000754177.MSG,Q00897.01-0000754177.MSG,.msg,111104,ok,True,False,text,False,0,0,1,False,0,False,0-10,Address | Money/Amount | Demographic | Work-Related,True,Contact Information | Financial Account Information | Demographic Information | Work-Related Information,False,,ambiguous,True,no,7049,likely_non_responsive,,False,False,0,0,0,0,0,0,59.838,True,False,False,stage1_nr,False,,,0,False,,False,,7049
CNG_Data2k_variance/files/Q00897.01-0000005595.PDF,Q00897.01-0000005595.PDF,.pdf,1651395,ok,True,True,text,True,2,0,28,False,2,False,20-50,Name | Money/Amount,False,Financial Account Information,False,,ambiguous,True,yes,8829,standard,bde_llm_count,True,True,2,0,0,0,0,1,13.051,False,False,True,,True,likely_yes,yes,4883,False,standard,False,,13712
CNG_Data2k_variance/files/Q00897.01-0000692846.MSG,Q00897.01-0000692846.MSG,.msg,103936,ok,True,False,text,False,0,0,2,False,0,False,0-10,Name | Address | Email | Phone | Card/Transaction | Money/Amount | Health,True,Contact Information | Financial Account Information | Health-Related Information,False,,ambiguous,True,yes,4307,standard,,False,False,0,0,0,0,0,0,2.823,False,False,True,,True,clear_yes,yes,4313,False,standard,False,,8620
CNG_Data2k_variance/files/Q00897.01-0000753812.MSG,Q00897.01-0000753812.MSG,.msg,74240,ok,True,False,text,False,0,0,2,False,0,False,0-10,Name | Address | Email | Phone | Health,True,Contact Information | Health-Related Information,False,,ambiguous,True,no,4028,likely_non_responsive,,False,False,0,0,0,0,0,0,59.953,True,False,False,stage1_nr,False,,,0,False,,False,,4028
CNG_Data2k_variance/files/Q00897.01-0000467576.MSG,Q00897.01-0000467576.MSG,.msg,507904,ok,True,False,text,False,0,2,2,False,0,False,0-10,Address | Email | Phone | Money/Amount,True,Contact Information | Financial Account Information,False,,ambiguous,True,no,4555,likely_non_responsive,,False,False,0,0,0,0,0,0,1.799,True,False,False,stage1_nr,False,,,0,False,,False,,4555
CNG_Data2k_variance/files/Q00897.01-0000397536.0001.0009.XLSX,Q00897.01-0000397536.0001.0009.XLSX,.xlsx,158458,ok,True,True,text,True,15,0,55,False,0,False,50-100,Money/Amount,False,Financial Account Information,False,,ambiguous,True,no,8141,likely_non_responsive,bde_llm_count,False,False,0,0,0,0,0,0,3.264,True,False,False,stage1_nr,False,,,0,False,,False,,8141
CNG_Data2k_variance/files/Q00897.01-0000466998.0002.DOCX,Q00897.01-0000466998.0002.DOCX,.docx,24698,ok,True,False,text,False,0,0,1,False,0,False,0-10,Health,False,Health-Related Information,False,,ambiguous,True,no,5464,likely_non_responsive,,False,False,0,0,0,0,0,0,0.807,True,False,False,stage1_nr,False,,,0,False,,False,,5464
CNG_Data2k_variance/files/Q00897.01-0000404375.0001.PDF,Q00897.01-0000404375.0001.PDF,.pdf,49289,ok,True,False,text,False,17,0,30,False,10,False,20-50,Name | Address | Card/Transaction | Money/Amount,True,Contact Information | Financial Account Information,False,,ambiguous,True,yes,30877,standard,bde_llm_count,False,False,0,0,0,0,0,0,8.101,False,False,True,,True,likely_no,no,16030,False,likely_non_responsive,True,,46907
CNG_Data2k_variance/files/Q00897.01-0000895313.PDF,Q00897.01-0000895313.PDF,.pdf,51589,ok,True,False,text,False,8,0,1,False,0,False,0-10,Address | Money/Amount,True,Contact Information | Financial Account Information,False,,ambiguous,True,yes,9350,standard,,False,False,0,0,0,0,0,0,3.912,False,False,True,,True,borderline,no,9448,False,likely_non_responsive,True,,18798
CNG_Data2k_variance/files/Q00897.01-0000424208.MSG,Q00897.01-0000424208.MSG,.msg,162816,ok,True,False,text,False,0,0,2,False,0,False,0-10,Name | Address | Health,True,Contact Information | Health-Related Information,False,,ambiguous,True,yes,3955,standard,,False,False,0,0,0,0,0,0,2.886,False,False,True,,True,likely_no,no,4004,False,likely_non_responsive,True,,7959
CNG_Data2k_variance/files/Q00897.01-0000121413.XLSX,Q00897.01-0000121413.XLSX,.xlsx,19277,ok,True,True,text,True,3,0,78,False,0,False,50-100,Money/Amount,False,Financial Account Information,False,,ambiguous,True,no,7857,likely_non_responsive,roster_by_rowcount bde_llm_count,False,False,0,0,0,0,0,0,3.046,True,False,False,stage1_nr,False,,,0,False,,False,,7857
CNG_Data2k_variance/files/Q00897.01-0000885485.DOCX,Q00897.01-0000885485.DOCX,.docx,18037,ok,True,False,text,False,0,0,3,False,0,False,0-10,Name | Address | Phone | Passport | Money/Amount,True,Contact Information | Government-Issued Identification | Financial Account Information,False,,ambiguous,True,yes,5793,standard,,False,False,0,0,0,0,0,0,3.618,False,False,True,,True,clear_yes,yes,5840,False,standard,False,,11633
CNG_Data2k_variance/files/Q00897.01-0000138208.PDF,Q00897.01-0000138208.PDF,.pdf,424582,ok,True,True,text,True,3,0,56,False,1,False,50-100,Name | Address | Phone | Money/Amount,True,Contact Information | Financial Account Information,False,,ambiguous,True,yes,10635,standard,bde_llm_count,True,True,3,0,0,0,0,1,12.127,False,False,True,,True,likely_no,no,5800,True,likely_non_responsive,True,,16435
CNG_Data2k_variance/files/Q00897.01-0000097964.PDF,Q00897.01-0000097964.PDF,.pdf,125595,ok,True,False,text,False,2,0,2,False,0,False,0-10,Name | Address | Money/Amount,True,Contact Information | Financial Account Information,False,,ambiguous,True,no,4549,likely_non_responsive,,False,False,0,0,0,0,0,0,1.424,True,False,False,stage1_nr,False,,,0,False,,False,,4549
CNG_Data2k_variance/files/Q00897.01-0000666598.MSG,Q00897.01-0000666598.MSG,.msg,162816,ok,True,False,text,False,0,1,2,False,0,False,0-10,Address | Email | Phone,True,Contact Information,False,,ambiguous,True,no,4284,likely_non_responsive,,False,False,0,0,0,0,0,0,1.244,True,False,False,stage1_nr,False,,,0,False,,False,,4284
CNG_Data2k_variance/files/Q00897.01-0000776914.0001.PDF,Q00897.01-0000776914.0001.PDF,.pdf,897375,ok,True,False,text,False,2,0,6,False,0,False,0-10,Name | Address | SSN | Date of Birth | Account Balance,True,Contact Information | Government-Issued Identification | Birth Information | Financial Account Information,False,,clear_responsive,False,,0,standard,,True,True,2,0,0,0,0,1,9.432,False,False,True,,True,clear_yes,yes,5058,False,standard,False,,5058
CNG_Data2k_variance/files/Q00897.01-0000911584.PDF,Q00897.01-0000911584.PDF,.pdf,54643,ok,True,True,text,True,7,0,118,False,118,True,100+,Name | SSN | Money/Amount,True,Government-Issued Identification | Financial Account Information,True,,clear_responsive,False,,7825,structured_bde,bde_llm_count_roster,True,True,7,0,0,0,0,1,13.735,False,True,True,,True,clear_yes,yes,9368,True,structured_bde,False,,17193
CNG_Data2k_variance/files/Q00897.01-0000861432.XLSX,Q00897.01-0000861432.XLSX,.xlsx,672621,ok,True,True,text,True,1,0,9446,False,9446,True,100+,Phone | SSN | Payment Card,True,Contact Information | Government-Issued Identification | Financial Account Information,True,,clear_responsive,False,,7455,structured_bde,bde_llm_count_roster,False,False,0,0,0,0,0,0,3.158,False,True,True,,True,clear_yes,yes,8310,True,structured_bde,False,,15765
CNG_Data2k_variance/files/Q00897.01-0000563176.0001.XLSX,Q00897.01-0000563176.0001.XLSX,.xlsx,72034,ok,True,True,text,True,1,0,52,False,0,False,50-100,Phone | Money/Amount,True,Contact Information | Financial Account Information,False,,ambiguous,True,no,14232,likely_non_responsive,bde_llm_count,False,False,0,0,0,0,0,0,2.488,True,False,False,stage1_nr,False,,,0,False,,False,,14232
CNG_Data2k_variance/files/Q00897.01-0000330585.0001.PDF,Q00897.01-0000330585.0001.PDF,.pdf,296845,ok,True,False,text,False,4,0,1,False,0,False,0-10,Name | Address | Bank/Account Number | Money/Amount,True,Contact Information | Financial Account Information,False,,ambiguous,True,yes,4395,standard,"img_ocr:p2(1/1,+346chars)",False,False,0,1,1,1,0,1,8.876,False,False,True,,True,likely_no,no,4474,False,likely_non_responsive,True,,8869
CNG_Data2k_variance/files/Q00897.01-0000537434.0001.XLSX,Q00897.01-0000537434.0001.XLSX,.xlsx,80208,ok,True,True,text,True,1,0,71,False,0,False,50-100,Phone | Money/Amount,True,Contact Information | Financial Account Information,False,,ambiguous,True,no,17924,likely_non_responsive,bde_llm_count,False,False,0,0,0,0,0,0,62.593,True,False,False,stage1_nr,False,,,0,False,,False,,17924
CNG_Data2k_variance/files/Q00897.01-0000903248.PDF,Q00897.01-0000903248.PDF,.pdf,11845,ok,True,False,text,False,1,0,0,False,0,False,0-10,,False,,False,,clear_non_responsive,False,,0,likely_non_responsive,,False,False,0,0,0,0,0,0,0.042,True,False,False,stage1_nr,False,,,0,False,,False,,0
CNG_Data2k_variance/files/Q00897.01-0000540971.MSG,Q00897.01-0000540971.MSG,.msg,200192,ok,True,False,text,False,0,0,1,False,0,False,0-10,Address | Email | Phone,True,Contact Information,False,,ambiguous,True,no,5515,likely_non_responsive,,False,False,0,0,0,0,0,0,58.52,True,False,False,stage1_nr,False,,,0,False,,False,,5515
CNG_Data2k_variance/files/Q00897.01-0000459088.MSG,Q00897.01-0000459088.MSG,.msg,232960,ok,True,False,text,False,0,0,5,False,0,False,0-10,Name | Address | Email | Phone | Money/Amount,True,Contact Information | Financial Account Information,False,,ambiguous,True,yes,5325,standard,,False,False,0,0,0,0,0,0,4.211,False,False,True,,True,likely_yes,yes,5412,False,standard,False,,10737
CNG_Data2k_variance/files/Q00897.01-0000577637.0001.XLSX,Q00897.01-0000577637.0001.XLSX,.xlsx,203794,ok,True,True,text,True,6,0,321,False,18,True,100+,Name | Money/Amount,False,Financial Account Information,True,,ambiguous,True,yes,10838,structured_bde,bde_llm_count_roster,False,False,0,0,0,0,0,0,8.17,False,True,True,,True,likely_no,no,6002,True,likely_non_responsive,True,,16840
CNG_Data2k_variance/files/Q00897.01-0000117873.PDF,Q00897.01-0000117873.PDF,.pdf,553821,ok,True,False,text,False,10,0,4,False,0,False,0-10,Name | Address | Email | Phone | Money/Amount | Health,True,Contact Information | Financial Account Information | Health-Related Information,False,,ambiguous,True,no,8186,likely_non_responsive,"img_ocr:none(1 calls,0 chars)",False,False,0,1,1,0,0,1,7.035,True,False,False,stage1_nr,False,,,0,False,,False,,8186
CNG_Data2k_variance/files/Q00897.01-0000372456.MSG,Q00897.01-0000372456.MSG,.msg,172544,ok,True,False,text,False,0,0,3,False,0,False,0-10,Name | Address | Email | Phone | Card Expiry/CVV | Money/Amount,True,Contact Information | Financial Account Information,False,,ambiguous,True,no,4343,likely_non_responsive,,False,False,0,0,0,0,0,0,60.63,True,False,False,stage1_nr,False,,,0,False,,False,,4343
CNG_Data2k_variance/files/Q00897.01-0000516703.MSG,Q00897.01-0000516703.MSG,.msg,62464,ok,True,False,text,False,0,2,9,False,6,False,0-10,Name | Address | Email | Phone,True,Contact Information,False,,ambiguous,True,yes,13271,standard,bde_llm_count,False,False,0,0,0,0,0,0,5.784,False,False,True,,True,likely_no,no,7090,False,likely_non_responsive,True,,20361
CNG_Data2k_variance/files/Q00897.01-0000453467.MSG,Q00897.01-0000453467.MSG,.msg,119296,ok,True,False,text,False,0,0,20,False,20,False,10-20,Name | Address | Email | Phone,True,Contact Information,False,,ambiguous,True,yes,8529,standard,bde_llm_count_roster,False,False,0,0,0,0,0,0,7.752,False,False,True,,True,likely_no,no,4757,False,likely_non_responsive,True,,13286
CNG_Data2k_variance/files/Q00897.01-0000100717.PDF,Q00897.01-0000100717.PDF,.pdf,605769,ok,True,True,text,True,2,0,23,False,0,False,20-50,Address | Money/Amount,True,Contact Information | Financial Account Information,False,,ambiguous,True,no,10080,likely_non_responsive,bde_llm_count,True,True,2,0,0,0,0,1,12.207,True,False,False,stage1_nr,False,,,0,False,,False,,10080
CNG_Data2k_variance/files/Q00897.01-0000111937.XLSX,Q00897.01-0000111937.XLSX,.xlsx,34137,ok,True,True,text,True,1,0,573,False,0,False,100+,Work-Related,False,Work-Related Information,False,,ambiguous,True,no,8354,likely_non_responsive,roster_by_rowcount bde_llm_count,False,False,0,0,0,0,0,0,3.034,True,False,False,stage1_nr,False,,,0,False,,False,,8354
CNG_Data2k_variance/files/Q00897.01-0000256990.DOCX,Q00897.01-0000256990.DOCX,.docx,19782,ok,True,False,text,False,0,0,2,False,0,False,0-10,Name | Address | Phone | Money/Amount,True,Contact Information | Financial Account Information,False,,ambiguous,True,no,3836,likely_non_responsive,,False,False,0,0,0,0,0,0,1.169,True,False,False,stage1_nr,False,,,0,False,,False,,3836
CNG_Data2k_variance/files/Q00897.01-0000787294.MSG,Q00897.01-0000787294.MSG,.msg,43520,ok,True,False,text,False,0,2,2,False,0,False,0-10,Name | Address | Phone | Card/Transaction | Money/Amount,True,Contact Information | Financial Account Information,False,,ambiguous,True,yes,4322,standard,,False,False,0,0,0,0,0,0,3.263,False,False,True,,True,clear_no,no,4414,False,likely_non_responsive,True,,8736
CNG_Data2k_variance/files/Q00897.01-0000901537.PDF,Q00897.01-0000901537.PDF,.pdf,12761,ok,True,False,text,False,2,0,1,False,0,False,0-10,Money/Amount,False,Financial Account Information,False,,clear_non_responsive,False,,0,likely_non_responsive,,False,False,0,0,0,0,0,0,0.148,True,False,False,stage1_nr,False,,,0,False,,False,,0
CNG_Data2k_variance/files/Q00897.01-0000288794.PDF,Q00897.01-0000288794.PDF,.pdf,3702452,ok,True,False,text,False,5,0,1,False,0,False,0-10,Money/Amount,False,Financial Account Information,False,,clear_non_responsive,False,,0,likely_non_responsive,"img_ocr:p2,p4(2/2,+36chars)",False,False,0,2,2,2,0,2,12.923,True,False,False,stage1_nr,False,,,0,False,,False,,0
CNG_Data2k_variance/files/Q00897.01-0000133489.PDF,Q00897.01-0000133489.PDF,.pdf,992577,ok,True,True,text,True,6,0,42,False,0,False,20-50,Phone | Money/Amount,True,Contact Information | Financial Account Information,False,,ambiguous,True,no,10028,likely_non_responsive,bde_llm_count,True,True,6,0,0,0,0,1,9.044,True,False,False,stage1_nr,False,,,0,False,,False,,10028
CNG_Data2k_variance/files/Q00897.01-0000138136.PDF,Q00897.01-0000138136.PDF,.pdf,256748,ok,True,True,text,True,3,0,78,False,0,False,50-100,Name | Address | Phone | Money/Amount,True,Contact Information | Financial Account Information,False,,ambiguous,True,yes,15498,standard,bde_llm_count,True,True,3,0,0,0,0,1,12.561,False,False,True,,True,clear_no,no,8222,True,likely_non_responsive,True,,23720
CNG_Data2k_variance/files/Q00897.01-0000345002.PDF,Q00897.01-0000345002.PDF,.pdf,25697,ok,True,False,text,False,4,0,1,False,0,False,0-10,Name | Address | Money/Amount,True,Contact Information | Financial Account Information,False,,ambiguous,True,yes,6263,standard,,False,False,0,0,0,0,0,0,4.647,False,False,True,,True,clear_yes,yes,6288,False,standard,False,,12551
CNG_Data2k_variance/files/Q00897.01-0000269749.PDF,Q00897.01-0000269749.PDF,.pdf,338390,ok,True,False,text,False,1,0,1,False,0,False,0-10,Name | Address | Bank/Account Number | Money/Amount,True,Contact Information | Financial Account Information,False,,ambiguous,True,no,3928,likely_non_responsive,"img_ocr:p1(1/1,+31chars)",False,False,0,1,1,1,0,1,5.576,True,False,False,stage1_nr,False,,,0,False,,False,,3928
CNG_Data2k_variance/files/Q00897.01-0000265072.CSV,Q00897.01-0000265072.CSV,.csv,36433,ok,True,True,text,True,0,0,299,False,0,False,100+,Card/Transaction,False,Financial Account Information,False,,ambiguous,True,no,11132,likely_non_responsive,roster_by_rowcount bde_llm_count,False,False,0,0,0,0,0,0,3.545,True,False,False,stage1_nr,False,,,0,False,,False,,11132
CNG_Data2k_variance/files/Q00897.01-0000321193.XML,Q00897.01-0000321193.XML,.xml,176009,ok,True,False,text,False,0,0,1,False,0,False,0-10,Name | Phone | Money/Amount,True,Contact Information | Financial Account Information,False,,ambiguous,True,yes,13202,standard,,False,False,0,0,0,0,0,0,3.376,False,False,True,,True,likely_yes,yes,13279,False,standard,False,,26481
CNG_Data2k_variance/files/Q00897.01-0000797203.0002.PDF,Q00897.01-0000797203.0002.PDF,.pdf,121192,ok,True,False,text,False,9,0,1,False,0,False,0-10,Health | Work-Related,False,Health-Related Information | Work-Related Information,False,,ambiguous,True,no,9064,likely_non_responsive,,False,False,0,0,0,0,0,0,2.6,True,False,False,stage1_nr,False,,,0,False,,False,,9064
CNG_Data2k_variance/files/Q00897.01-0000481287.MSG,Q00897.01-0000481287.MSG,.msg,35840,ok,True,False,text,False,0,0,7,False,6,False,0-10,Name | Email | Money/Amount | Work-Related,True,Contact Information | Financial Account Information | Work-Related Information,False,,ambiguous,True,yes,11598,standard,bde_llm_count,False,False,0,0,0,0,0,0,4.675,False,False,True,,True,likely_yes,yes,6276,False,standard,False,,17874
CNG_Data2k_variance/files/Q00897.01-0000650899.MSG,Q00897.01-0000650899.MSG,.msg,20992,ok,True,False,text,False,0,0,0,False,0,False,0-10,,False,,False,,clear_non_responsive,False,,0,likely_non_responsive,,False,False,0,0,0,0,0,0,0.024,True,False,False,stage1_nr,False,,,0,False,,False,,0
CNG_Data2k_variance/files/Q00897.01-0000909586.PDF,Q00897.01-0000909586.PDF,.pdf,6425697,ok,True,False,text,False,716,0,509,False,509,True,100+,Address | Phone | SSN | Money/Amount | Work-Related,True,Contact Information | Government-Issued Identification | Financial Account Information | Work-Related Information,True,,clear_responsive,False,,14307,bde,bde_llm_count_roster,False,False,0,0,0,0,0,0,220.217,False,True,True,,True,clear_yes,yes,15278,True,bde,False,,29585
CNG_Data2k_variance/files/Q00897.01-0000470739.0012.XLSX,Q00897.01-0000470739.0012.XLSX,.xlsx,26653,ok,True,True,text,True,1,0,2,False,0,False,0-10,Address | Phone | Money/Amount,True,Contact Information | Financial Account Information,False,,ambiguous,True,no,18313,likely_non_responsive,bde_llm_count,False,False,0,0,0,0,0,0,2.397,True,False,False,stage1_nr,False,,,0,False,,False,,18313
CNG_Data2k_variance/files/Q00897.01-0000318361.PDF,Q00897.01-0000318361.PDF,.pdf,1295799,ok,True,False,text,False,1,0,1,False,0,False,0-10,Name,False,,False,,ambiguous,True,no,4694,likely_non_responsive,,True,True,1,0,0,0,0,1,6.559,True,False,False,stage1_nr,False,,,0,False,,False,,4694
CNG_Data2k_variance/files/Q00897.01-0000022192.XLSX,Q00897.01-0000022192.XLSX,.xlsx,35022,ok,True,True,text,True,6,0,307,False,307,True,100+,Money/Amount | Credentials | Work-Related,False,Financial Account Information | Access Credentials | Work-Related Information,True,,ambiguous,True,yes,7549,structured_bde,roster_by_rowcount bde_llm_count_roster,False,False,0,0,0,0,0,0,4.545,False,True,True,,True,likely_yes,yes,4251,True,structured_bde,False,,11800
CNG_Data2k_variance/files/Q00897.01-0000459618.0001.PDF,Q00897.01-0000459618.0001.PDF,.pdf,42109,ok,True,False,text,False,14,0,34,False,34,False,20-50,Name | Address | Phone | Card/Transaction | Money/Amount,True,Contact Information | Financial Account Information,False,,ambiguous,True,yes,27810,standard,bde_llm_count,False,False,0,0,0,0,0,0,12.603,False,False,True,,True,likely_no,no,14596,False,likely_non_responsive,True,,42406
CNG_Data2k_variance/files/Q00897.01-0000257255.0002.PDF,Q00897.01-0000257255.0002.PDF,.pdf,271477,ok,True,False,text,False,3,0,1,False,0,False,0-10,Name | Address | Bank/Account Number | Money/Amount,True,Contact Information | Financial Account Information,False,,ambiguous,True,yes,4359,standard,"img_ocr:p2(1/1,+349chars)",False,False,0,1,1,1,0,1,7.272,False,False,True,,True,likely_no,no,4466,False,likely_non_responsive,True,,8825
CNG_Data2k_variance/files/Q00897.01-0000247851.PDF,Q00897.01-0000247851.PDF,.pdf,138320,ok,True,True,text,True,1,0,22,False,0,False,20-50,Name | Address | Phone | Bank/Account Number | Money/Amount,True,Contact Information | Financial Account Information,False,,ambiguous,True,no,7449,likely_non_responsive,bde_llm_count,True,True,1,0,0,0,0,1,8.174,True,False,False,stage1_nr,False,,,0,False,,False,,7449
CNG_Data2k_variance/files/Q00897.01-0000899735.PDF,Q00897.01-0000899735.PDF,.pdf,63231,ok,True,False,text,False,14,0,2,False,0,False,0-10,Name | Address | Phone | Money/Amount | Work-Related,True,Contact Information | Financial Account Information | Work-Related Information,False,,ambiguous,True,yes,14065,standard,,False,False,0,0,0,0,0,0,3.957,False,False,True,,True,clear_yes,yes,14104,False,standard,False,,28169
CNG_Data2k_variance/files/Q00897.01-0000725842.MSG,Q00897.01-0000725842.MSG,.msg,181760,ok,True,False,text,False,0,0,2,False,0,False,0-10,Name | Address | Email,True,Contact Information,False,,ambiguous,True,yes,5094,standard,,False,False,0,0,0,0,0,0,3.034,False,False,True,,True,likely_no,no,5162,False,likely_non_responsive,True,,10256
CNG_Data2k_variance/files/Q00897.01-0000117186.PDF,Q00897.01-0000117186.PDF,.pdf,37155,ok,True,False,text,False,5,0,1,False,0,False,0-10,Money/Amount,False,Financial Account Information,False,,clear_non_responsive,False,,0,likely_non_responsive,,False,False,0,0,0,0,0,0,0.318,True,False,False,stage1_nr,False,,,0,False,,False,,0
CNG_Data2k_variance/files/Q00897.01-0000431491.0001.XLSX,Q00897.01-0000431491.0001.XLSX,.xlsx,64315,ok,True,True,text,True,3,0,2574,False,0,False,100+,Money/Amount,False,Financial Account Information,False,,ambiguous,True,no,8299,likely_non_responsive,roster_by_rowcount bde_llm_count,False,False,0,0,0,0,0,0,1.92,True,False,False,stage1_nr,False,,,0,False,,False,,8299
CNG_Data2k_variance/files/Q00897.01-0000847762.MSG,Q00897.01-0000847762.MSG,.msg,30720,ok,True,False,text,False,0,0,5,False,0,False,0-10,Name | Address | Email | Phone,True,Contact Information,False,,ambiguous,True,yes,4762,standard,,False,False,0,0,0,0,0,0,3.996,False,False,True,,True,likely_no,no,4839,False,likely_non_responsive,True,,9601
CNG_Data2k_variance/files/Q00897.01-0000561167.MSG,Q00897.01-0000561167.MSG,.msg,321024,ok,True,False,text,False,0,0,6,False,0,False,0-10,Name | Address | Email | Phone | Money/Amount,True,Contact Information | Financial Account Information,False,,ambiguous,True,yes,5992,standard,,False,False,0,0,0,0,0,0,5.865,False,False,True,,True,clear_no,no,6042,False,likely_non_responsive,True,,12034
CNG_Data2k_variance/files/Q00897.01-0000010984.XLSX,Q00897.01-0000010984.XLSX,.xlsx,215539,ok,True,True,text,True,3,0,344,False,344,True,100+,Name | Money/Amount,False,Financial Account Information,True,,ambiguous,True,yes,12162,structured_bde,bde_llm_count_roster,False,False,0,0,0,0,0,0,7.423,False,True,True,,True,clear_yes,yes,6573,True,structured_bde,False,,18735
CNG_Data2k_variance/files/Q00897.01-0000113965.PDF,Q00897.01-0000113965.PDF,.pdf,27554,ok,True,False,text,False,11,0,1,False,0,False,0-10,Card/Transaction | Money/Amount | Health | Work-Related,False,Financial Account Information | Health-Related Information | Work-Related Information,False,,ambiguous,True,no,10313,likely_non_responsive,,False,False,0,0,0,0,0,0,1.771,True,False,False,stage1_nr,False,,,0,False,,False,,10313
CNG_Data2k_variance/files/Q00897.01-0000133012.PDF,Q00897.01-0000133012.PDF,.pdf,5148593,ok,True,True,text,True,15,0,68,False,0,False,50-100,Address | Phone | Money/Amount,True,Contact Information | Financial Account Information,False,,ambiguous,True,no,14620,likely_non_responsive,bde_llm_count,True,True,15,0,0,0,0,1,8.887,True,False,False,stage1_nr,False,,,0,False,,False,,14620
CNG_Data2k_variance/files/Q00897.01-0000441776.MSG,Q00897.01-0000441776.MSG,.msg,128000,ok,True,False,text,False,0,0,2,False,0,False,0-10,Name | Email | Phone | Money/Amount,True,Contact Information | Financial Account Information,False,,ambiguous,True,yes,4020,standard,,False,False,0,0,0,0,0,0,2.779,False,False,True,,True,likely_no,no,4102,False,likely_non_responsive,True,,8122
CNG_Data2k_variance/files/Q00897.01-0000841758.0018.PDF,Q00897.01-0000841758.0018.PDF,.pdf,24133,ok,True,False,text,False,9,0,1,False,0,False,0-10,Card/Transaction | Money/Amount | Work-Related,False,Financial Account Information | Work-Related Information,False,,ambiguous,True,no,11313,likely_non_responsive,,False,False,0,0,0,0,0,0,2.061,True,False,False,stage1_nr,False,,,0,False,,False,,11313
CNG_Data2k_variance/files/Q00897.01-0000524551.MSG,Q00897.01-0000524551.MSG,.msg,121856,ok,True,False,text,False,0,0,41,False,26,False,20-50,Name | Email | Phone | Money/Amount,True,Contact Information | Financial Account Information,False,,ambiguous,True,yes,12892,standard,bde_llm_count,False,False,0,0,0,0,0,0,68.426,False,False,True,,True,likely_no,no,7005,False,likely_non_responsive,True,,19897
CNG_Data2k_variance/files/Q00897.01-0000554902.0001.PDF,Q00897.01-0000554902.0001.PDF,.pdf,20967,ok,True,False,text,False,1,0,0,False,0,False,0-10,,False,,False,,clear_non_responsive,False,,0,likely_non_responsive,,False,False,0,0,0,0,0,0,0.026,True,False,False,stage1_nr,False,,,0,False,,False,,0
CNG_Data2k_variance/files/Q00897.01-0000914410.PDF,Q00897.01-0000914410.PDF,.pdf,99863,ok,True,False,text,False,2,0,2,False,0,False,0-10,Name | Address | Phone | Money/Amount | Work-Related,True,Contact Information | Financial Account Information | Work-Related Information,False,,ambiguous,True,yes,5411,standard,"img_ocr:p2(1/1,+6chars)",False,False,0,1,1,1,0,1,8.082,False,False,True,,True,clear_no,no,5445,False,likely_non_responsive,True,,10856
CNG_Data2k_variance/files/Q00897.01-0000906028.PDF,Q00897.01-0000906028.PDF,.pdf,2968210,ok,True,True,text,True,15,0,402,False,8,True,100+,Address | Phone | SSN | Money/Amount | Work-Related,True,Contact Information | Government-Issued Identification | Financial Account Information | Work-Related Information,True,,clear_responsive,False,,12068,structured_bde,bde_llm_count_roster,True,True,15,0,0,0,0,1,36.302,False,True,True,,True,clear_yes,yes,13064,True,structured_bde,False,,25132
CNG_Data2k_variance/files/Q00897.01-0000740510.MSG,Q00897.01-0000740510.MSG,.msg,271872,ok,True,False,text,False,0,0,0,False,0,False,0-10,,False,,False,,clear_non_responsive,False,,0,likely_non_responsive,,False,False,0,0,0,0,0,0,1.865,True,False,False,stage1_nr,False,,,0,False,,False,,0
CNG_Data2k_variance/files/Q00897.01-0000023081.XLSX,Q00897.01-0000023081.XLSX,.xlsx,250745,ok,True,True,text,True,3,0,1742,False,1742,True,100+,Name,False,,True,,ambiguous,True,yes,8869,structured_bde,bde_llm_count_roster,False,False,0,0,0,0,0,0,8.064,False,True,True,,True,clear_yes,yes,5005,True,structured_bde,False,,13874
CNG_Data2k_variance/files/Q00897.01-0000878853.0002.PDF,Q00897.01-0000878853.0002.PDF,.pdf,116074,ok,True,False,text,False,8,0,30,False,0,False,20-50,Name | Address | Phone,True,Contact Information,False,,ambiguous,True,yes,26795,standard,bde_llm_count_roster,False,False,0,0,0,0,0,0,7.058,False,False,True,,True,likely_yes,yes,13756,False,standard,False,,40551
CNG_Data2k_variance/files/Q00897.01-0000777617.MSG,Q00897.01-0000777617.MSG,.msg,40448,ok,True,False,text,False,0,1,6,False,0,False,0-10,Name | Email | Phone,True,Contact Information,False,,ambiguous,True,yes,3944,standard,,False,False,0,0,0,0,0,0,3.296,False,False,True,,True,clear_no,no,4018,False,likely_non_responsive,True,,7962
CNG_Data2k_variance/files/Q00897.01-0000363797.MSG,Q00897.01-0000363797.MSG,.msg,142848,ok,True,False,text,False,0,0,1,False,0,False,0-10,Address,True,Contact Information,False,,ambiguous,True,no,4210,likely_non_responsive,,False,False,0,0,0,0,0,0,1.543,True,False,False,stage1_nr,False,,,0,False,,False,,4210
CNG_Data2k_variance/files/Q00897.01-0000327643.PDF,Q00897.01-0000327643.PDF,.pdf,2431532,ok,True,True,text,True,1,0,37,False,0,False,20-50,Address | Email | Phone | Bank/Account Number | Money/Amount,True,Contact Information | Financial Account Information,False,,ambiguous,True,no,7816,likely_non_responsive,bde_llm_count,True,True,1,0,0,0,0,1,9.728,True,False,False,stage1_nr,False,,,0,False,,False,,7816
CNG_Data2k_variance\files\Q00897.01-0000290410.XLS,Q00897.01-0000290410.XLS,.xls,37089,ok,True,True,text,True,1,0,241,False,30,True,100+,Name | SSN | Money/Amount | Health,True,Government-Issued Identification | Financial Account Information | Health-Related Information,True,,clear_responsive,False,,7299,structured_bde,bde_llm_count_roster,False,False,0,0,0,0,0,0,7.287,False,True,True,,True,clear_yes,yes,8544,True,structured_bde,False,,15843
CNG_Data2k_variance/files/Q00897.01-0000006714.PDF,Q00897.01-0000006714.PDF,.pdf,102096,ok,True,False,text,False,3,0,2,False,0,False,0-10,Name | Address | Phone,True,Contact Information,False,,ambiguous,True,yes,6921,standard,,False,False,0,0,0,0,0,0,5.049,False,False,True,,True,clear_yes,yes,6968,False,standard,False,,13889
CNG_Data2k_variance/files/Q00897.01-0000887147.PDF,Q00897.01-0000887147.PDF,.pdf,184578,ok,True,False,text,False,1,0,2,False,0,False,0-10,Name | Address | Money/Amount,True,Contact Information | Financial Account Information,False,,ambiguous,True,yes,3927,standard,,False,False,0,0,0,0,0,0,61.716,False,False,True,,True,likely_no,no,3991,False,likely_non_responsive,True,,7918
CNG_Data2k_variance/files/Q00897.01-0000734071.MSG,Q00897.01-0000734071.MSG,.msg,176128,ok,True,False,text,False,0,0,2,False,0,False,0-10,Name | Email | Phone,True,Contact Information,False,,ambiguous,True,no,4019,likely_non_responsive,,False,False,0,0,0,0,0,0,1.739,True,False,False,stage1_nr,False,,,0,False,,False,,4019
CNG_Data2k_variance/files/Q00897.01-0000571924.0001.XLSX,Q00897.01-0000571924.0001.XLSX,.xlsx,126639,ok,True,True,text,True,6,0,187,False,187,True,100+,Name | Money/Amount,False,Financial Account Information,True,,ambiguous,True,yes,10481,structured_bde,bde_llm_count_roster,False,False,0,0,0,0,0,0,8.093,False,True,True,,True,likely_no,no,5823,True,likely_non_responsive,True,,16304
CNG_Data2k_variance/files/Q00897.01-0000404575.0001.PPTX,Q00897.01-0000404575.0001.PPTX,.pptx,3131884,ok,True,False,text,False,5,0,1,False,0,False,0-10,Money/Amount,False,Financial Account Information,False,,clear_non_responsive,False,,0,likely_non_responsive,,False,False,0,0,0,0,0,0,0.185,True,False,False,stage1_nr,False,,,0,False,,False,,0
CNG_Data2k_variance/files/Q00897.01-0000842896.MSG,Q00897.01-0000842896.MSG,.msg,179712,ok,True,False,text,False,0,2,4,False,0,False,0-10,Name | Address | Email | Phone | Health,True,Contact Information | Health-Related Information,False,,ambiguous,True,yes,4592,standard,,False,False,0,0,0,0,0,0,3.924,False,False,True,,True,likely_no,no,4636,False,likely_non_responsive,True,,9228
CNG_Data2k_variance/files/Q00897.01-0000015729.PDF,Q00897.01-0000015729.PDF,.pdf,324273,ok,True,False,text,False,1,0,9,False,9,False,0-10,Name | Money/Amount | Work-Related,False,Financial Account Information | Work-Related Information,False,,ambiguous,True,yes,9218,standard,bde_llm_count_roster,False,False,0,0,0,0,0,0,6.219,False,False,True,,True,clear_yes,yes,5080,False,standard,False,,14298
CNG_Data2k_variance/files/Q00897.01-0000486963.0001.XLSX,Q00897.01-0000486963.0001.XLSX,.xlsx,18065,ok,True,True,text,True,1,0,146,False,0,False,100+,Phone,True,Contact Information,False,,ambiguous,True,no,11644,likely_non_responsive,roster_by_rowcount bde_llm_count,False,False,0,0,0,0,0,0,2.392,True,False,False,stage1_nr,False,,,0,False,,False,,11644
CNG_Data2k_variance/files/Q00897.01-0000532609.0001.PDF,Q00897.01-0000532609.0001.PDF,.pdf,21152,ok,True,False,text,False,1,0,0,False,0,False,0-10,,False,,False,,clear_non_responsive,False,,0,likely_non_responsive,,False,False,0,0,0,0,0,0,0.021,True,False,False,stage1_nr,False,,,0,False,,False,,0
CNG_Data2k_variance/files/Q00897.01-0000797403.0001.PDF,Q00897.01-0000797403.0001.PDF,.pdf,9024744,ok,True,True,text,True,15,0,50,False,1,False,20-50,Name | Address | Email | Phone | SSN | Card/Transaction | Account Balance | Money/Amount | Health | Work-Related,True,Contact Information | Government-Issued Identification | Financial Account Information | Health-Related Information | Work-Related Information,False,,clear_responsive,False,,8288,standard,bde_llm_count,True,True,15,0,0,0,0,1,11.748,False,False,True,,True,clear_yes,yes,9217,False,standard,False,,17505
CNG_Data2k_variance/files/Q00897.01-0000699732.MSG,Q00897.01-0000699732.MSG,.msg,209920,ok,True,False,text,False,0,0,2,False,0,False,0-10,Address | Email | Phone | Credentials,True,Contact Information | Access Credentials,False,,ambiguous,True,no,3946,likely_non_responsive,,False,False,0,0,0,0,0,0,1.849,True,False,False,stage1_nr,False,,,0,False,,False,,3946
CNG_Data2k_variance/files/Q00897.01-0000100873.PDF,Q00897.01-0000100873.PDF,.pdf,100566,ok,True,False,text,False,2,0,2,False,0,False,0-10,Name | Address | Email | Phone | Money/Amount,True,Contact Information | Financial Account Information,False,,ambiguous,True,yes,5448,standard,,False,False,0,0,0,0,0,0,5.242,False,False,True,,True,likely_yes,yes,5512,False,standard,False,,10960
CNG_Data2k_variance/files/Q00897.01-0000465309.0001.XLSX,Q00897.01-0000465309.0001.XLSX,.xlsx,202228,ok,True,True,text,True,8,0,69,False,0,False,50-100,Phone | Card/Transaction | Money/Amount,True,Contact Information | Financial Account Information,False,,ambiguous,True,no,8702,likely_non_responsive,bde_llm_count,False,False,0,0,0,0,0,0,3.365,True,False,False,stage1_nr,False,,,0,False,,False,,8702
CNG_Data2k_variance/files/Q00897.01-0000910683.PDF,Q00897.01-0000910683.PDF,.pdf,7783,ok,True,False,text,False,1,0,3,False,0,False,0-10,Name | Phone,True,Contact Information,False,,ambiguous,True,yes,3847,standard,,False,False,0,0,0,0,0,0,3.12,False,False,True,,True,borderline,no,3907,False,likely_non_responsive,True,,7754
CNG_Data2k_variance/files/Q00897.01-0000101343.PDF,Q00897.01-0000101343.PDF,.pdf,442581,ok,True,True,text,True,1,0,3,False,1,False,0-10,Address | Phone,True,Contact Information,False,,ambiguous,True,no,7707,likely_non_responsive,bde_llm_count,True,True,1,0,0,0,0,1,7.723,True,False,False,stage1_nr,False,,,0,False,,False,,7707
CNG_Data2k_variance/files/Q00897.01-0000766387.MSG,Q00897.01-0000766387.MSG,.msg,260608,ok,True,False,text,False,0,2,4,False,0,False,0-10,Name | Address | Email | Phone | Health,True,Contact Information | Health-Related Information,False,,ambiguous,True,yes,4956,standard,,False,False,0,0,0,0,0,0,3.629,False,False,True,,True,clear_yes,yes,5002,False,standard,False,,9958
CNG_Data2k_variance/files/Q00897.01-0000848665.MSG,Q00897.01-0000848665.MSG,.msg,172032,ok,True,False,text,False,0,0,3,False,0,False,0-10,Name | Address | Email | Phone | Money/Amount,True,Contact Information | Financial Account Information,False,,ambiguous,True,yes,5312,standard,,False,False,0,0,0,0,0,0,3.468,False,False,True,,True,clear_yes,yes,5386,False,standard,False,,10698
CNG_Data2k_variance/files/Q00897.01-0000798997.MSG,Q00897.01-0000798997.MSG,.msg,29184,ok,True,False,text,False,0,1,4,False,0,False,0-10,Name | Address | Email | Phone,True,Contact Information,False,,ambiguous,True,no,4131,likely_non_responsive,,False,False,0,0,0,0,0,0,1.999,True,False,False,stage1_nr,False,,,0,False,,False,,4131
CNG_Data2k_variance/files/Q00897.01-0000889647.PDF,Q00897.01-0000889647.PDF,.pdf,12298,ok,True,False,text,False,1,0,3,False,0,False,0-10,Name | Money/Amount,True,Financial Account Information,False,,ambiguous,True,yes,4192,standard,,False,False,0,0,0,0,0,0,2.9,False,False,True,,True,likely_yes,yes,4248,False,standard,False,,8440
CNG_Data2k_variance/files/Q00897.01-0000832665.MSG,Q00897.01-0000832665.MSG,.msg,11552768,ok,True,False,text,False,0,10,4,False,0,False,0-10,Name | Address | Email | Phone,True,Contact Information,False,,ambiguous,True,yes,4155,standard,,False,False,0,0,0,0,0,0,3.835,False,False,True,,True,likely_no,no,4291,False,likely_non_responsive,True,,8446
CNG_Data2k_variance/files/Q00897.01-0000013917.PDF,Q00897.01-0000013917.PDF,.pdf,256388,ok,True,False,text,False,1,0,1,False,0,False,0-10,Money/Amount,False,Financial Account Information,False,,clear_non_responsive,False,,0,likely_non_responsive,,False,False,0,0,0,0,0,0,0.128,True,False,False,stage1_nr,False,,,0,False,,False,,0
CNG_Data2k_variance/files/Q00897.01-0000884215.PDF,Q00897.01-0000884215.PDF,.pdf,1391833,ok,True,True,text,True,15,0,343,False,3,False,100+,Name | Address | Phone | SSN | Money/Amount | Health | Work-Related,True,Contact Information | Government-Issued Identification | Financial Account Information | Health-Related Information | Work-Related Information,False,,clear_responsive,False,,8824,standard,bde_llm_count,True,True,15,0,0,0,0,1,17.119,False,False,True,,True,likely_yes,yes,9731,True,structured_bde,False,,18555
CNG_Data2k_variance/files/Q00897.01-0000519121.0001.XLSX,Q00897.01-0000519121.0001.XLSX,.xlsx,98811,ok,True,True,text,True,1,0,402,False,1,False,100+,Name | Phone | Money/Amount,True,Contact Information | Financial Account Information,False,,ambiguous,True,yes,18469,standard,bde_llm_count,False,False,0,0,0,0,0,0,5.607,False,False,True,,True,likely_no,no,9712,True,likely_non_responsive,True,,28181
CNG_Data2k_variance/files/Q00897.01-0000893649.PDF,Q00897.01-0000893649.PDF,.pdf,22414,ok,True,False,text,False,6,0,1,False,0,False,0-10,Name | Address | Phone | Money/Amount,True,Contact Information | Financial Account Information,False,,ambiguous,True,yes,6208,standard,,False,False,0,0,0,0,0,0,2.986,False,False,True,,True,likely_no,no,6263,False,likely_non_responsive,True,,12471
CNG_Data2k_variance/files/Q00897.01-0000654852.0001.0001.XLSX,Q00897.01-0000654852.0001.0001.XLSX,.xlsx,11440,ok,True,True,text,True,1,0,14,False,0,False,10-20,Phone,True,Contact Information,False,,ambiguous,True,no,8061,likely_non_responsive,bde_llm_count,False,False,0,0,0,0,0,0,2.695,True,False,False,stage1_nr,False,,,0,False,,False,,8061
CNG_Data2k_variance/files/Q00897.01-0000013067.PDF,Q00897.01-0000013067.PDF,.pdf,79483,ok,True,False,text,False,2,0,3,False,0,False,0-10,Name | Money/Amount,True,Financial Account Information,False,,ambiguous,True,yes,4572,standard,,False,False,0,0,0,0,0,0,3.1,False,False,True,,True,clear_yes,yes,4610,False,standard,False,,9182
CNG_Data2k_variance/files/Q00897.01-0000455575.MSG,Q00897.01-0000455575.MSG,.msg,202240,ok,True,False,text,False,0,0,2,False,0,False,0-10,Name | Address | Email | Phone | Money/Amount,True,Contact Information | Financial Account Information,False,,ambiguous,True,no,4117,likely_non_responsive,,False,False,0,0,0,0,0,0,1.985,True,False,False,stage1_nr,False,,,0,False,,False,,4117
CNG_Data2k_variance/files/Q00897.01-0000646328.0001.HTM,Q00897.01-0000646328.0001.HTM,.htm,41441,ok,True,False,text,False,0,0,0,False,0,False,0-10,,False,,False,,clear_non_responsive,False,,0,likely_non_responsive,,False,False,0,0,0,0,0,0,0.031,True,False,False,stage1_nr,False,,,0,False,,False,,0
CNG_Data2k_variance/files/Q00897.01-0000259087.PDF,Q00897.01-0000259087.PDF,.pdf,84517,ok,True,False,text,False,2,0,1,False,0,False,0-10,Money/Amount,False,Financial Account Information,False,,clear_non_responsive,False,,0,likely_non_responsive,,False,False,0,0,0,0,0,0,0.063,True,False,False,stage1_nr,False,,,0,False,,False,,0
CNG_Data2k_variance/files/Q00897.01-0000669937.0002.PDF,Q00897.01-0000669937.0002.PDF,.pdf,11685,ok,True,False,text,False,10,0,4,False,0,False,0-10,Name | Address | Phone | Bank/Account Number | Money/Amount,True,Contact Information | Financial Account Information,False,,ambiguous,True,yes,5263,standard,,False,False,0,0,0,0,0,0,2.744,False,False,True,,True,clear_no,no,5305,False,likely_non_responsive,True,,10568
CNG_Data2k_variance/files/Q00897.01-0000008571.PDF,Q00897.01-0000008571.PDF,.pdf,823779,ok,True,False,text,False,37,0,2,False,0,False,0-10,Name | Address | Phone | SSN | Account Balance | Money/Amount,True,Contact Information | Government-Issued Identification | Financial Account Information,False,,clear_responsive,False,,0,standard,"img_ocr:p1,p5,p5(3/3,+46chars)",False,False,0,3,3,3,0,3,23.636,False,False,True,,True,clear_yes,yes,13884,False,standard,False,,13884
CNG_Data2k_variance/files/Q00897.01-0000616730.0001.XLSX,Q00897.01-0000616730.0001.XLSX,.xlsx,1305184,ok,True,True,text,True,22,0,260,False,0,False,100+,Address | Phone | Payment Card | Money/Amount,True,Contact Information | Financial Account Information,False,,ambiguous,True,no,32808,likely_non_responsive,bde_llm_count,False,False,0,0,0,0,0,0,10.279,True,False,False,stage1_nr,False,,,0,False,,False,,32808
CNG_Data2k_variance/files/Q00897.01-0000675549.MSG,Q00897.01-0000675549.MSG,.msg,59904,ok,True,False,text,False,0,1,4,False,0,False,0-10,Name | Address | Email | Phone | Money/Amount,True,Contact Information | Financial Account Information,False,,ambiguous,True,yes,5178,standard,,False,False,0,0,0,0,0,0,2.872,False,False,True,,True,likely_no,no,5255,False,likely_non_responsive,True,,10433
CNG_Data2k_variance/files/Q00897.01-0000777859.0001.DOCX,Q00897.01-0000777859.0001.DOCX,.docx,52765,ok,True,False,text,False,0,0,1,False,0,False,0-10,Money/Amount,False,Financial Account Information,False,,clear_non_responsive,False,,0,likely_non_responsive,,False,False,0,0,0,0,0,0,0.059,True,False,False,stage1_nr,False,,,0,False,,False,,0
CNG_Data2k_variance/files/Q00897.01-0000796691.MSG,Q00897.01-0000796691.MSG,.msg,136192,ok,True,False,text,False,0,0,7,False,7,False,0-10,Name | Address | Email | Phone | Money/Amount | Health,True,Contact Information | Financial Account Information | Health-Related Information,False,,ambiguous,True,yes,15326,standard,bde_llm_count,False,False,0,0,0,0,0,0,7.034,False,False,True,,True,likely_yes,yes,8204,False,standard,False,,23530
CNG_Data2k_variance/files/Q00897.01-0000822413.0001.PDF,Q00897.01-0000822413.0001.PDF,.pdf,1920043,ok,True,False,text,False,85,0,9,False,6,False,0-10,Name | Address | Email | Phone | Card Expiry/CVV | Money/Amount | Health | Demographic | Work-Related,True,Contact Information | Financial Account Information | Health-Related Information | Demographic Information | Work-Related Information,False,,ambiguous,True,no,18077,likely_non_responsive,bde_llm_count,False,False,0,0,0,0,0,0,5.667,True,False,False,stage1_nr,False,,,0,False,,False,,18077
CNG_Data2k_variance/files/Q00897.01-0000888420.PDF,Q00897.01-0000888420.PDF,.pdf,39824,ok,True,False,text,False,4,0,40,False,40,False,20-50,Name | Address | Phone | Money/Amount,True,Contact Information | Financial Account Information,False,,ambiguous,True,yes,15947,standard,bde_llm_count_roster,False,False,0,0,0,0,0,0,73.427,False,False,True,,True,clear_yes,yes,8560,False,standard,False,,24507
CNG_Data2k_variance/files/Q00897.01-0000244789.PDF,Q00897.01-0000244789.PDF,.pdf,244086,ok,True,True,text,True,15,0,116,False,0,False,100+,Name | Address | Phone | Bank/Account Number | Money/Amount | Health,True,Contact Information | Financial Account Information | Health-Related Information,False,,ambiguous,True,no,12362,likely_non_responsive,bde_llm_count,True,True,15,0,0,0,0,1,9.922,True,False,False,stage1_nr,False,,,0,False,,False,,12362
CNG_Data2k_variance/files/Q00897.01-0000275569.PDF,Q00897.01-0000275569.PDF,.pdf,327826,ok,True,False,text,False,1,0,4,False,0,False,0-10,Name | Address | Email | Phone | Tax ID | Money/Amount,True,Contact Information | Government-Issued Identification | Financial Account Information,False,,ambiguous,True,no,4259,likely_non_responsive,,True,True,1,0,0,0,0,1,6.081,True,False,False,stage1_nr,False,,,0,False,,False,,4259
CNG_Data2k_variance/files/Q00897.01-0000276503.PDF,Q00897.01-0000276503.PDF,.pdf,250449,ok,True,False,text,False,2,0,3,False,0,False,0-10,Name | Address | Phone | Money/Amount,True,Contact Information | Financial Account Information,False,,ambiguous,True,no,4025,likely_non_responsive,,True,True,2,0,0,0,0,1,6.829,True,False,False,stage1_nr,False,,,0,False,,False,,4025
CNG_Data2k_variance/files/Q00897.01-0000643035.MSG,Q00897.01-0000643035.MSG,.msg,24576,ok,True,False,text,False,0,0,0,False,0,False,0-10,,False,,False,,clear_non_responsive,False,,0,likely_non_responsive,,False,False,0,0,0,0,0,0,0.041,True,False,False,stage1_nr,False,,,0,False,,False,,0
CNG_Data2k_variance/files/Q00897.01-0000404378.0001.XLSX,Q00897.01-0000404378.0001.XLSX,.xlsx,171126,ok,True,True,text,True,11,0,102,False,0,False,100+,Payment Card | Money/Amount,True,Financial Account Information,False,,ambiguous,True,no,14993,likely_non_responsive,bde_llm_count,False,False,0,0,0,0,0,0,4.337,True,False,False,stage1_nr,False,,,0,False,,False,,14993
CNG_Data2k_variance/files/Q00897.01-0000425240.0001.XLSX,Q00897.01-0000425240.0001.XLSX,.xlsx,22359,ok,True,True,text,True,1,0,275,False,0,False,100+,Phone | Money/Amount,True,Contact Information | Financial Account Information,False,,ambiguous,True,no,8343,likely_non_responsive,roster_by_rowcount bde_llm_count,False,False,0,0,0,0,0,0,2.665,True,False,False,stage1_nr,False,,,0,False,,False,,8343
CNG_Data2k_variance/files/Q00897.01-0000519131.0001.XLSX,Q00897.01-0000519131.0001.XLSX,.xlsx,93639,ok,True,True,text,True,1,0,366,False,1,False,100+,Name | Phone | Money/Amount,True,Contact Information | Financial Account Information,False,,ambiguous,True,yes,18464,standard,bde_llm_count,False,False,0,0,0,0,0,0,63.112,False,False,True,,True,likely_no,no,9699,True,likely_non_responsive,True,,28163
CNG_Data2k_variance/files/Q00897.01-0000912123.PDF,Q00897.01-0000912123.PDF,.pdf,1920504,ok,True,False,text,False,250,0,20,False,20,False,10-20,Name | Phone | Money/Amount | Health,True,Contact Information | Financial Account Information | Health-Related Information,False,,ambiguous,True,yes,30776,standard,bde_llm_count_roster,False,False,0,0,0,0,0,0,45.575,False,False,True,,True,clear_yes,yes,15940,False,standard,False,,46716
CNG_Data2k_variance/files/Q00897.01-0000430879.MSG,Q00897.01-0000430879.MSG,.msg,150016,ok,True,False,text,False,0,1,5,False,0,False,0-10,Name | Address | Email | Phone | Money/Amount,True,Contact Information | Financial Account Information,False,,ambiguous,True,yes,5664,standard,,False,False,0,0,0,0,0,0,5.538,False,False,True,,True,likely_no,no,5714,False,likely_non_responsive,True,,11378
CNG_Data2k_variance/files/Q00897.01-0000654072.MSG,Q00897.01-0000654072.MSG,.msg,448512,ok,True,False,text,False,0,10,8,False,6,False,0-10,Name | Address | Email | Phone | Money/Amount,True,Contact Information | Financial Account Information,False,,ambiguous,True,yes,16752,standard,bde_llm_count,False,False,0,0,0,0,0,0,21.571,False,False,True,,True,likely_yes,yes,8852,False,standard,False,,25604
CNG_Data2k_variance/files/Q00897.01-0000254273.PDF,Q00897.01-0000254273.PDF,.pdf,146648,ok,True,False,text,False,1,0,1,False,0,False,0-10,Money/Amount,False,Financial Account Information,False,,clear_non_responsive,False,,0,likely_non_responsive,,False,False,0,0,0,0,0,0,0.043,True,False,False,stage1_nr,False,,,0,False,,False,,0
CNG_Data2k_variance/files/Q00897.01-0000545302.0001.PDF,Q00897.01-0000545302.0001.PDF,.pdf,22620,ok,True,False,text,False,1,0,1,False,0,False,0-10,Money/Amount,False,Financial Account Information,False,,clear_non_responsive,False,,0,likely_non_responsive,,False,False,0,0,0,0,0,0,0.043,True,False,False,stage1_nr,False,,,0,False,,False,,0
CNG_Data2k_variance/files/Q00897.01-0000912696.PDF,Q00897.01-0000912696.PDF,.pdf,234806,ok,True,False,text,False,51,0,1,False,0,False,0-10,Address,True,Contact Information,False,,ambiguous,False,,0,standard,llm_failed:JSONDecodeError,False,False,0,0,0,0,0,0,252.307,False,False,True,,False,,yes,0,False,standard,False,llm_failed:JSONDecodeError,0
CNG_Data2k_variance/files/Q00897.01-0000114821.PDF,Q00897.01-0000114821.PDF,.pdf,16654,ok,True,False,text,False,9,0,1,False,0,False,0-10,Card/Transaction | Money/Amount | Work-Related,False,Financial Account Information | Work-Related Information,False,,ambiguous,True,no,8509,likely_non_responsive,,False,False,0,0,0,0,0,0,1.695,True,False,False,stage1_nr,False,,,0,False,,False,,8509
CNG_Data2k_variance/files/Q00897.01-0000245549.PDF,Q00897.01-0000245549.PDF,.pdf,299287,ok,True,False,text,False,2,0,2,False,0,False,0-10,Phone | Money/Amount,True,Contact Information | Financial Account Information,False,,ambiguous,True,no,4073,likely_non_responsive,"img_ocr:p2(1/1,+4chars)",False,False,0,1,1,1,0,1,5.566,True,False,False,stage1_nr,False,,,0,False,,False,,4073
CNG_Data2k_variance/files/Q00897.01-0000598444.0001.CSV,Q00897.01-0000598444.0001.CSV,.csv,9263710,ok,True,True,text,True,0,0,44782,False,0,False,100+,Money/Amount,False,Financial Account Information,False,,ambiguous,True,no,15781,likely_non_responsive,roster_by_rowcount bde_llm_count,False,False,0,0,0,0,0,0,4.732,True,False,False,stage1_nr,False,,,0,False,,False,,15781
CNG_Data2k_variance/files/Q00897.01-0000247579.PDF,Q00897.01-0000247579.PDF,.pdf,788356,ok,True,False,text,False,5,0,4,False,0,False,0-10,Name | Address | Phone | Bank/Account Number | Money/Amount,True,Contact Information | Financial Account Information,False,,ambiguous,True,yes,4943,standard,"img_ocr:p3,p3,p4(3/3,+365chars)",False,False,0,3,3,3,0,3,17.144,False,False,True,,True,likely_no,no,5049,False,likely_non_responsive,True,,9992
CNG_Data2k_variance/files/Q00897.01-0000282409.PDF,Q00897.01-0000282409.PDF,.pdf,156373,ok,True,True,text,True,1,0,4,False,1,False,0-10,Name | Address | Phone | Money/Amount | Health,True,Contact Information | Financial Account Information | Health-Related Information,False,,ambiguous,True,yes,7054,standard,bde_llm_count,True,True,1,0,0,0,0,1,8.907,False,False,True,,True,likely_no,no,4041,False,likely_non_responsive,True,,11095
CNG_Data2k_variance/files/Q00897.01-0000412561.MSG,Q00897.01-0000412561.MSG,.msg,242176,ok,True,False,text,False,0,0,1,False,0,False,0-10,Name | Address | Email | Credentials,True,Contact Information | Access Credentials,False,,ambiguous,True,yes,4582,standard,,False,False,0,0,0,0,0,0,3.629,False,False,True,,True,likely_no,no,4661,False,likely_non_responsive,True,,9243
CNG_Data2k_variance/files/Q00897.01-0000611892.MSG,Q00897.01-0000611892.MSG,.msg,122368,ok,True,False,text,False,0,2,6,False,0,False,0-10,Name | Email | Phone,True,Contact Information,False,,ambiguous,True,yes,4870,standard,,False,False,0,0,0,0,0,0,3.495,False,False,True,,True,clear_yes,yes,4943,False,standard,False,,9813
CNG_Data2k_variance/files/Q00897.01-0000014892.PDF,Q00897.01-0000014892.PDF,.pdf,358220,ok,True,False,text,False,2,0,3,False,0,False,0-10,Name | Address | Email | Phone | SSN | Money/Amount | Work-Related,True,Contact Information | Government-Issued Identification | Financial Account Information | Work-Related Information,False,,clear_responsive,False,,0,standard,"img_ocr:p1(1/2,+15chars)",False,False,0,2,2,1,0,2,10.527,False,False,True,,True,clear_yes,yes,16532,False,standard,False,,16532
CNG_Data2k_variance/files/Q00897.01-0000275376.PDF,Q00897.01-0000275376.PDF,.pdf,73117,ok,True,True,text,True,1,0,18,False,0,False,10-20,Name | Address | Phone,True,Contact Information,False,,ambiguous,True,no,7311,likely_non_responsive,bde_llm_count,True,True,1,0,0,0,0,1,6.658,True,False,False,stage1_nr,False,,,0,False,,False,,7311
CNG_Data2k_variance/files/Q00897.01-0000307498.XLSX,Q00897.01-0000307498.XLSX,.xlsx,13491,ok,True,True,text,True,3,0,0,False,0,False,0-10,Name | Card Expiry/CVV,True,Financial Account Information,False,,ambiguous,True,no,6963,structured_unreadable,bde_llm_count,False,False,0,0,0,0,0,0,3.926,False,False,True,,True,clear_no,no,3948,False,likely_non_responsive,True,,10911
CNG_Data2k_variance/files/Q00897.01-0000488190.0001.PDF,Q00897.01-0000488190.0001.PDF,.pdf,153059,ok,True,False,text,False,3,0,0,False,0,False,0-10,,False,,False,,clear_non_responsive,False,,0,likely_non_responsive,,False,False,0,0,0,0,0,0,0.408,True,False,False,stage1_nr,False,,,0,False,,False,,0
CNG_Data2k_variance/files/Q00897.01-0000834541.MSG,Q00897.01-0000834541.MSG,.msg,154112,error,False,False,,False,0,0,0,False,0,False,,,False,,False,,,False,,0,review_error,KeyError,False,False,0,0,0,0,0,0,0.693,False,False,False,extract_error,False,,,0,False,,False,,0
CNG_Data2k_variance/files/Q00897.01-0000133133.PDF,Q00897.01-0000133133.PDF,.pdf,641151,ok,True,True,text,True,4,0,48,False,0,False,20-50,Phone | Money/Amount,True,Contact Information | Financial Account Information,False,,ambiguous,True,no,9298,likely_non_responsive,bde_llm_count,True,True,4,0,0,0,0,1,7.936,True,False,False,stage1_nr,False,,,0,False,,False,,9298
CNG_Data2k_variance/files/Q00897.01-0000751987.MSG,Q00897.01-0000751987.MSG,.msg,75264,ok,True,False,text,False,0,0,2,False,0,False,0-10,Address | Email | Phone,True,Contact Information,False,,ambiguous,True,no,4678,likely_non_responsive,,False,False,0,0,0,0,0,0,1.9,True,False,False,stage1_nr,False,,,0,False,,False,,4678
CNG_Data2k_variance/files/Q00897.01-0000759841.MSG,Q00897.01-0000759841.MSG,.msg,109056,ok,True,False,text,False,0,0,1,False,0,False,0-10,Money/Amount | Work-Related,False,Financial Account Information | Work-Related Information,False,,ambiguous,True,no,4693,likely_non_responsive,,False,False,0,0,0,0,0,0,59.927,True,False,False,stage1_nr,False,,,0,False,,False,,4693
CNG_Data2k_variance/files/Q00897.01-0000902839.PDF,Q00897.01-0000902839.PDF,.pdf,20338,ok,True,False,text,False,3,0,1,False,0,False,0-10,Name | Address | Phone | Money/Amount,True,Contact Information | Financial Account Information,False,,ambiguous,True,no,5824,likely_non_responsive,,False,False,0,0,0,0,0,0,1.531,True,False,False,stage1_nr,False,,,0,False,,False,,5824
CNG_Data2k_variance/files/Q00897.01-0000485139.MSG,Q00897.01-0000485139.MSG,.msg,29184,ok,True,False,text,False,0,0,1,False,0,False,0-10,Name | Money/Amount | Work-Related,False,Financial Account Information | Work-Related Information,False,,ambiguous,True,yes,4358,standard,,False,False,0,0,0,0,0,0,2.852,False,False,True,,True,likely_yes,yes,4413,False,standard,False,,8771
CNG_Data2k_variance/files/Q00897.01-0000819611.MSG,Q00897.01-0000819611.MSG,.msg,47616,ok,True,False,text,False,0,0,11,False,2,False,10-20,Name | Address | Email | Phone,True,Contact Information,False,,ambiguous,True,yes,14991,standard,bde_llm_count,False,False,0,0,0,0,0,0,5.018,False,False,True,,True,likely_yes,yes,7976,False,standard,False,,22967
CNG_Data2k_variance/files/Q00897.01-0000875092.XLSX,Q00897.01-0000875092.XLSX,.xlsx,59624,ok,True,True,text,True,1,0,76,False,76,True,50-100,Name,False,,True,,ambiguous,True,yes,8528,structured_bde,roster_by_rowcount bde_llm_count_roster,False,False,0,0,0,0,0,0,6.316,False,True,True,,True,likely_no,no,4804,True,likely_non_responsive,True,,13332
CNG_Data2k_variance/files/Q00897.01-0000459873.MSG,Q00897.01-0000459873.MSG,.msg,108544,ok,True,False,text,False,0,0,3,False,0,False,0-10,Name | Address | Email | Phone,True,Contact Information,False,,ambiguous,True,yes,4864,standard,,False,False,0,0,0,0,0,0,3.541,False,False,True,,True,likely_yes,yes,4907,False,standard,False,,9771
CNG_Data2k_variance/files/Q00897.01-0000888284.PDF,Q00897.01-0000888284.PDF,.pdf,20659,ok,True,False,text,False,5,0,1,False,0,False,0-10,Name | Address | Phone | Money/Amount,True,Contact Information | Financial Account Information,False,,ambiguous,True,yes,5982,standard,,False,False,0,0,0,0,0,0,61.239,False,False,True,,True,likely_no,no,6064,False,likely_non_responsive,True,,12046
CNG_Data2k_variance/files/Q00897.01-0000647502.MSG,Q00897.01-0000647502.MSG,.msg,168960,ok,True,False,text,False,0,0,1,False,0,False,0-10,Name | Address | Email,True,Contact Information,False,,ambiguous,True,yes,8638,standard,,False,False,0,0,0,0,0,0,2.659,False,False,True,,True,borderline,no,8696,False,likely_non_responsive,True,,17334
CNG_Data2k_variance/files/Q00897.01-0000407435.MSG,Q00897.01-0000407435.MSG,.msg,283648,ok,True,False,text,False,0,4,4,False,0,False,0-10,Name | Address | Email | Phone | Money/Amount,True,Contact Information | Financial Account Information,False,,ambiguous,True,yes,6967,standard,,False,False,0,0,0,0,0,0,3.495,False,False,True,,True,likely_no,no,7066,False,likely_non_responsive,True,,14033
CNG_Data2k_variance/files/Q00897.01-0000183955.PDF,Q00897.01-0000183955.PDF,.pdf,80974,ok,True,False,text,False,2,0,52,False,52,True,50-100,Name | Address | Phone | Money/Amount,True,Contact Information | Financial Account Information,True,,ambiguous,True,yes,13532,bde,bde_llm_count_roster,False,False,0,0,0,0,0,0,7.406,False,True,True,,True,likely_no,no,7075,True,likely_non_responsive,True,,20607
CNG_Data2k_variance/files/Q00897.01-0000895088.PDF,Q00897.01-0000895088.PDF,.pdf,56117,ok,True,False,text,False,9,0,2,False,0,False,0-10,Name | Address | Email | Phone | Card Expiry/CVV | Money/Amount | Family | Work-Related,True,Contact Information | Financial Account Information | Family Information | Work-Related Information,False,,ambiguous,True,yes,7197,standard,,False,False,0,0,0,0,0,0,3.152,False,False,True,,True,clear_yes,yes,7222,False,standard,False,,14419
CNG_Data2k_variance/files/Q00897.01-0000014653.XLSX,Q00897.01-0000014653.XLSX,.xlsx,227230,ok,True,True,text,True,3,0,357,False,357,True,100+,Name | Money/Amount,False,Financial Account Information,True,,ambiguous,True,yes,12163,structured_bde,bde_llm_count_roster,False,False,0,0,0,0,0,0,5.877,False,True,True,,True,clear_yes,yes,6595,True,structured_bde,False,,18758
CNG_Data2k_variance/files/Q00897.01-0000859376.PDF,Q00897.01-0000859376.PDF,.pdf,103245,ok,True,False,text,False,1,0,1,False,0,False,0-10,Money/Amount,False,Financial Account Information,False,,clear_non_responsive,False,,0,likely_non_responsive,,False,False,0,0,0,0,0,0,0.047,True,False,False,stage1_nr,False,,,0,False,,False,,0
CNG_Data2k_variance/files/Q00897.01-0000291988.PDF,Q00897.01-0000291988.PDF,.pdf,187518,ok,True,False,text,False,2,0,1,False,0,False,0-10,Name | Email | Card/Transaction | Account Balance | Health | Work-Related,True,Contact Information | Financial Account Information | Health-Related Information | Work-Related Information,False,,ambiguous,True,yes,4906,standard,,False,False,0,0,0,0,0,0,3.339,False,False,True,,True,likely_yes,yes,4973,False,standard,False,,9879
CNG_Data2k_variance/files/Q00897.01-0000892112.PDF,Q00897.01-0000892112.PDF,.pdf,11938,ok,True,False,text,False,1,0,0,False,0,False,0-10,,False,,False,,clear_non_responsive,False,,0,likely_non_responsive,,False,False,0,0,0,0,0,0,0.046,True,False,False,stage1_nr,False,,,0,False,,False,,0
CNG_Data2k_variance/files/Q00897.01-0000913274.PDF,Q00897.01-0000913274.PDF,.pdf,64921,ok,True,True,text,True,2,0,53,False,7,True,50-100,Name | Address | Money/Amount | Credentials,True,Contact Information | Financial Account Information | Access Credentials,True,,ambiguous,True,yes,8157,structured_bde,bde_llm_count_roster,True,True,2,0,0,0,0,1,11.373,False,True,True,,True,clear_yes,yes,4552,True,structured_bde,False,,12709
CNG_Data2k_variance/files/Q00897.01-0000811302.0001.PDF,Q00897.01-0000811302.0001.PDF,.pdf,95092,ok,True,False,text,False,1,0,1,False,0,False,0-10,Name | Address,True,Contact Information,False,,ambiguous,True,yes,4891,standard,,True,True,1,0,0,0,0,1,8.415,False,False,True,,True,clear_yes,yes,4928,False,standard,False,,9819
CNG_Data2k_variance/files/Q00897.01-0000242686.PDF,Q00897.01-0000242686.PDF,.pdf,34503,ok,True,True,text,True,1,0,7,False,0,False,0-10,Address | Money/Amount,True,Contact Information | Financial Account Information,False,,ambiguous,True,no,7038,likely_non_responsive,bde_llm_count,True,True,1,0,0,0,0,1,6.822,True,False,False,stage1_nr,False,,,0,False,,False,,7038
CNG_Data2k_variance/files/Q00897.01-0000418441.MSG,Q00897.01-0000418441.MSG,.msg,685568,ok,True,False,text,False,0,1,2,False,0,False,0-10,Name | Address | Email | Phone | Money/Amount,True,Contact Information | Financial Account Information,False,,ambiguous,True,no,4144,likely_non_responsive,,False,False,0,0,0,0,0,0,2.12,True,False,False,stage1_nr,False,,,0,False,,False,,4144
CNG_Data2k_variance/files/Q00897.01-0000630634.0001.XLSX,Q00897.01-0000630634.0001.XLSX,.xlsx,46008,ok,True,True,text,True,1,0,523,False,0,False,100+,Payment Card | Money/Amount,True,Financial Account Information,False,,ambiguous,True,no,9593,likely_non_responsive,roster_by_rowcount bde_llm_count,False,False,0,0,0,0,0,0,2.37,True,False,False,stage1_nr,False,,,0,False,,False,,9593
CNG_Data2k_variance/files/Q00897.01-0000587998.0001.PNG,Q00897.01-0000587998.0001.PNG,.png,633556,ok,True,True,text,True,1,0,21,False,0,False,20-50,Money/Amount,False,Financial Account Information,False,,ambiguous,True,no,9037,likely_non_responsive,bde_llm_count,True,True,1,0,0,0,0,1,8.472,True,False,False,stage1_nr,False,,,0,False,,False,,9037
CNG_Data2k_variance/files/Q00897.01-0000669368.0002.PDF,Q00897.01-0000669368.0002.PDF,.pdf,9945,ok,True,False,text,False,9,0,6,False,0,False,0-10,Address | Phone | Bank/Account Number | Money/Amount,True,Contact Information | Financial Account Information,False,,ambiguous,True,no,4660,likely_non_responsive,,False,False,0,0,0,0,0,0,1.563,True,False,False,stage1_nr,False,,,0,False,,False,,4660
CNG_Data2k_variance/files/Q00897.01-0000804332.0001.DOCX,Q00897.01-0000804332.0001.DOCX,.docx,191157,ok,True,False,text,False,0,0,0,False,0,False,0-10,,False,,False,,clear_non_responsive,False,,0,likely_non_responsive,,False,False,0,0,0,0,0,0,0.056,True,False,False,stage1_nr,False,,,0,False,,False,,0
CNG_Data2k_variance/files/Q00897.01-0000806074.MSG,Q00897.01-0000806074.MSG,.msg,141312,ok,True,False,text,False,0,1,10,False,0,False,0-10,Name | Address | Email | Phone | Health,True,Contact Information | Health-Related Information,False,,ambiguous,True,yes,12877,standard,bde_llm_count,False,False,0,0,0,0,0,0,6.282,False,False,True,,True,likely_yes,yes,6854,False,standard,False,,19731
CNG_Data2k_variance/files/Q00897.01-0000345565.PDF,Q00897.01-0000345565.PDF,.pdf,30907,ok,True,False,text,False,7,0,1,False,0,False,0-10,Address | Money/Amount,True,Contact Information | Financial Account Information,False,,ambiguous,True,yes,6654,standard,,False,False,0,0,0,0,0,0,3.172,False,False,True,,True,clear_yes,yes,6703,False,standard,False,,13357
CNG_Data2k_variance/files/Q00897.01-0000268969.XLSX,Q00897.01-0000268969.XLSX,.xlsx,276758,ok,True,True,text,True,2,0,10038,False,0,False,100+,Phone | Money/Amount,True,Contact Information | Financial Account Information,False,,ambiguous,True,no,8391,likely_non_responsive,roster_by_rowcount bde_llm_count,False,False,0,0,0,0,0,0,3.332,True,False,False,stage1_nr,False,,,0,False,,False,,8391
CNG_Data2k_variance/files/Q00897.01-0000664863.0001.XLSX,Q00897.01-0000664863.0001.XLSX,.xlsx,31196,ok,True,True,text,True,2,0,154,False,0,False,100+,Phone | Money/Amount,True,Contact Information | Financial Account Information,False,,ambiguous,True,no,11611,likely_non_responsive,roster_by_rowcount bde_llm_count,False,False,0,0,0,0,0,0,1.714,True,False,False,stage1_nr,False,,,0,False,,False,,11611
CNG_Data2k_variance/files/Q00897.01-0000817947.0001.PDF,Q00897.01-0000817947.0001.PDF,.pdf,156521,ok,True,False,text,False,26,0,4,False,0,False,0-10,Name | Address | Email | Phone | Money/Amount | Health,True,Contact Information | Financial Account Information | Health-Related Information,False,,ambiguous,True,no,9822,likely_non_responsive,,False,False,0,0,0,0,0,0,2.46,True,False,False,stage1_nr,False,,,0,False,,False,,9822
CNG_Data2k_variance/files/Q00897.01-0000824105.0001.PDF,Q00897.01-0000824105.0001.PDF,.pdf,241496,ok,True,False,text,False,5,0,3,False,0,False,0-10,Name | Address | Email | Phone | Money/Amount | Health,True,Contact Information | Financial Account Information | Health-Related Information,False,,ambiguous,True,yes,7696,standard,,False,False,0,0,0,0,0,0,3.736,False,False,True,,True,borderline,no,7774,False,likely_non_responsive,True,,15470
CNG_Data2k_variance/files/Q00897.01-0000629483.MSG,Q00897.01-0000629483.MSG,.msg,110592,ok,True,False,text,False,0,3,4,False,0,False,0-10,Name | Address | Email | Phone | Money/Amount,True,Contact Information | Financial Account Information,False,,ambiguous,True,yes,6590,standard,,False,False,0,0,0,0,0,0,3.859,False,False,True,,True,likely_yes,yes,6674,False,standard,False,,13264
CNG_Data2k_variance/files/Q00897.01-0000603416.0001.XLSX,Q00897.01-0000603416.0001.XLSX,.xlsx,35367,ok,True,True,text,True,1,0,267,False,0,True,100+,Phone | Money/Amount,True,Contact Information | Financial Account Information,True,,ambiguous,True,no,12055,structured_bde,roster_by_rowcount bde_llm_count_roster,False,False,0,0,0,0,0,0,3.983,False,True,True,,True,clear_no,no,6474,True,likely_non_responsive,True,,18529
CNG_Data2k_variance/files/Q00897.01-0000436185.MSG,Q00897.01-0000436185.MSG,.msg,145408,ok,True,False,text,False,0,3,4,False,0,False,0-10,Name | Address | Email | Phone | Money/Amount,True,Contact Information | Financial Account Information,False,,ambiguous,True,yes,4235,standard,,False,False,0,0,0,0,0,0,3.164,False,False,True,,True,likely_no,no,4309,False,likely_non_responsive,True,,8544
CNG_Data2k_variance/files/Q00897.01-0000796084.MSG,Q00897.01-0000796084.MSG,.msg,153088,ok,True,False,text,False,0,0,6,False,0,False,0-10,Name | Address | Email | Phone,True,Contact Information,False,,ambiguous,True,yes,4884,standard,,False,False,0,0,0,0,0,0,3.851,False,False,True,,True,likely_no,no,4903,False,likely_non_responsive,True,,9787
CNG_Data2k_variance/files/Q00897.01-0000873064.XLSX,Q00897.01-0000873064.XLSX,.xlsx,127031,ok,True,True,text,True,6,0,77,False,0,False,50-100,Phone | Payment Card | Money/Amount,True,Contact Information | Financial Account Information,False,,ambiguous,True,no,12220,likely_non_responsive,bde_llm_count,False,False,0,0,0,0,0,0,3.654,True,False,False,stage1_nr,False,,,0,False,,False,,12220
CNG_Data2k_variance/files/Q00897.01-0000523692.0001.PDF,Q00897.01-0000523692.0001.PDF,.pdf,23215,ok,True,False,text,False,2,0,1,False,0,False,0-10,Phone,True,Contact Information,False,,ambiguous,True,no,3853,likely_non_responsive,,False,False,0,0,0,0,0,0,1.056,True,False,False,stage1_nr,False,,,0,False,,False,,3853
CNG_Data2k_variance/files/Q00897.01-0000136155.PDF,Q00897.01-0000136155.PDF,.pdf,16777614,ok,True,True,text,True,15,0,271,False,0,False,100+,Name | Address | Email | Phone | Money/Amount,True,Contact Information | Financial Account Information,False,,ambiguous,True,yes,22824,standard,bde_llm_count,True,True,15,0,0,0,0,1,12.516,False,False,True,,True,likely_no,no,11871,True,likely_non_responsive,True,,34695
CNG_Data2k_variance/files/Q00897.01-0000252328.XLSX,Q00897.01-0000252328.XLSX,.xlsx,67336,ok,True,True,text,True,2,0,1293,False,0,False,100+,Phone | Money/Amount,True,Contact Information | Financial Account Information,False,,ambiguous,True,no,9969,likely_non_responsive,roster_by_rowcount bde_llm_count,False,False,0,0,0,0,0,0,2.349,True,False,False,stage1_nr,False,,,0,False,,False,,9969
CNG_Data2k_variance/files/Q00897.01-0000266080.XLSX,Q00897.01-0000266080.XLSX,.xlsx,10923,ok,True,True,text,True,1,0,16,False,0,False,10-20,Phone | Money/Amount,True,Contact Information | Financial Account Information,False,,ambiguous,True,no,8421,likely_non_responsive,bde_llm_count,False,False,0,0,0,0,0,0,2.76,True,False,False,stage1_nr,False,,,0,False,,False,,8421
CNG_Data2k_variance/files/Q00897.01-0000283622.MSG,Q00897.01-0000283622.MSG,.msg,143360,ok,True,False,text,False,0,0,3,False,0,False,0-10,Name | Email,True,Contact Information,False,,ambiguous,True,yes,5070,standard,,False,False,0,0,0,0,0,0,6.847,False,False,True,,True,likely_yes,yes,5136,False,standard,False,,10206
CNG_Data2k_variance/files/Q00897.01-0000438450.0003.PDF,Q00897.01-0000438450.0003.PDF,.pdf,351353,ok,True,False,text,False,11,0,1,False,0,False,0-10,Name | Money/Amount,True,Financial Account Information,False,,ambiguous,True,no,6738,likely_non_responsive,"img_ocr:p1,p4(2/2,+51chars)",False,False,0,2,2,2,0,2,10.681,True,False,False,stage1_nr,False,,,0,False,,False,,6738
CNG_Data2k_variance/files/Q00897.01-0000112622.PDF,Q00897.01-0000112622.PDF,.pdf,6418,ok,True,False,text,False,1,0,1,False,0,False,0-10,Name | Address | Health,True,Contact Information | Health-Related Information,False,,ambiguous,True,yes,3958,standard,,False,False,0,0,0,0,0,0,3.251,False,False,True,,True,likely_no,no,4020,False,likely_non_responsive,True,,7978
CNG_Data2k_variance/files/Q00897.01-0000393646.MSG,Q00897.01-0000393646.MSG,.msg,87040,ok,True,False,text,False,0,0,2,False,0,False,0-10,Name | Address | Email,True,Contact Information,False,,ambiguous,True,yes,3964,standard,,False,False,0,0,0,0,0,0,3.064,False,False,True,,True,likely_no,no,4033,False,likely_non_responsive,True,,7997
CNG_Data2k_variance/files/Q00897.01-0000271628.PDF,Q00897.01-0000271628.PDF,.pdf,66013,ok,True,False,text,False,1,0,1,False,0,False,0-10,Money/Amount,False,Financial Account Information,False,,clear_non_responsive,False,,0,likely_non_responsive,,False,False,0,0,0,0,0,0,0.214,True,False,False,stage1_nr,False,,,0,False,,False,,0
CNG_Data2k_variance/files/Q00897.01-0000655252.MSG,Q00897.01-0000655252.MSG,.msg,61952,ok,True,False,text,False,0,1,3,False,0,False,0-10,Name | Address | Email | Phone | Card/Transaction | Money/Amount,True,Contact Information | Financial Account Information,False,,ambiguous,True,yes,4878,standard,,False,False,0,0,0,0,0,0,3.486,False,False,True,,True,likely_no,no,4914,False,likely_non_responsive,True,,9792
CNG_Data2k_variance/files/Q00897.01-0000252315.XLSX,Q00897.01-0000252315.XLSX,.xlsx,98219,ok,True,True,text,True,8,0,1694,False,0,False,100+,Phone | Money/Amount,True,Contact Information | Financial Account Information,False,,ambiguous,True,no,11190,likely_non_responsive,roster_by_rowcount bde_llm_count,False,False,0,0,0,0,0,0,2.708,True,False,False,stage1_nr,False,,,0,False,,False,,11190
CNG_Data2k_variance/files/Q00897.01-0000138039.PDF,Q00897.01-0000138039.PDF,.pdf,247750,ok,True,True,text,True,3,0,59,False,4,False,50-100,Name | Address | Phone | Money/Amount,True,Contact Information | Financial Account Information,False,,ambiguous,True,yes,15152,standard,bde_llm_count,True,True,3,0,0,0,0,1,11.229,False,False,True,,True,likely_no,no,8044,True,likely_non_responsive,True,,23196
CNG_Data2k_variance/files/Q00897.01-0000761174.0003.PDF,Q00897.01-0000761174.0003.PDF,.pdf,108844,ok,True,False,text,False,1,0,0,False,0,False,0-10,,False,,False,,clear_non_responsive,False,,0,likely_non_responsive,,False,False,0,0,0,0,0,0,0.122,True,False,False,stage1_nr,False,,,0,False,,False,,0
CNG_Data2k_variance/files/Q00897.01-0000390053.MSG,Q00897.01-0000390053.MSG,.msg,80384,ok,True,False,text,False,0,0,2,False,0,False,0-10,Name | Email,True,Contact Information,False,,ambiguous,True,yes,3912,standard,,False,False,0,0,0,0,0,0,2.988,False,False,True,,True,likely_no,no,3967,False,likely_non_responsive,True,,7879
CNG_Data2k_variance/files/Q00897.01-0000804476.0001.PDF,Q00897.01-0000804476.0001.PDF,.pdf,49034,ok,True,True,text,True,1,0,15,False,0,False,10-20,Name,False,,False,,ambiguous,True,no,7232,likely_non_responsive,bde_llm_count,True,True,1,0,0,0,0,1,7.652,True,False,False,stage1_nr,False,,,0,False,,False,,7232
CNG_Data2k_variance/files/Q00897.01-0000693432.MSG,Q00897.01-0000693432.MSG,.msg,163328,ok,True,False,text,False,0,0,0,False,0,False,0-10,,False,,False,,clear_non_responsive,False,,0,likely_non_responsive,,False,False,0,0,0,0,0,0,0.859,True,False,False,stage1_nr,False,,,0,False,,False,,0
CNG_Data2k_variance/files/Q00897.01-0000246431.PDF,Q00897.01-0000246431.PDF,.pdf,1120339,ok,True,False,text,False,2,0,6,False,0,False,0-10,Name | Address | Email | Phone | Money/Amount,True,Contact Information | Financial Account Information,False,,ambiguous,True,no,4464,likely_non_responsive,"img_ocr:p1(1/1,+236chars)",False,False,0,1,1,1,0,1,6.706,True,False,False,stage1_nr,False,,,0,False,,False,,4464
CNG_Data2k_variance/files/Q00897.01-0000537178.0001.CSV,Q00897.01-0000537178.0001.CSV,.csv,119065,ok,True,True,text,True,0,0,600,False,0,True,100+,Money/Amount,False,Financial Account Information,True,,ambiguous,True,no,15028,structured_bde,roster_by_rowcount bde_llm_count_roster,False,False,0,0,0,0,0,0,63.539,False,True,True,,True,clear_no,no,7971,True,likely_non_responsive,True,,22999
CNG_Data2k_variance/files/Q00897.01-0000361633.0001.PDF,Q00897.01-0000361633.0001.PDF,.pdf,28076,ok,True,False,text,False,1,0,1,False,0,False,0-10,Name | Address | Email | Card/Transaction | Money/Amount,True,Contact Information | Financial Account Information,False,,ambiguous,True,yes,3914,standard,,False,False,0,0,0,0,0,0,2.722,False,False,True,,True,borderline,no,4002,False,likely_non_responsive,True,,7916
CNG_Data2k_variance/files/Q00897.01-0000617114.MSG,Q00897.01-0000617114.MSG,.msg,183296,ok,True,False,text,False,0,3,6,False,0,False,0-10,Name | Address | Email | Phone | Money/Amount,True,Contact Information | Financial Account Information,False,,ambiguous,True,yes,10016,standard,,False,False,0,0,0,0,0,0,5.652,False,False,True,,True,likely_no,no,10108,False,likely_non_responsive,True,,20124
CNG_Data2k_variance/files/Q00897.01-0000342397.DOCX,Q00897.01-0000342397.DOCX,.docx,24182,ok,True,False,text,False,0,0,0,False,0,False,0-10,,False,,False,,clear_non_responsive,False,,0,likely_non_responsive,,False,False,0,0,0,0,0,0,0.038,True,False,False,stage1_nr,False,,,0,False,,False,,0
CNG_Data2k_variance/files/Q00897.01-0000809680.0002.DOCX,Q00897.01-0000809680.0002.DOCX,.docx,64561,ok,True,False,text,False,0,0,0,False,0,False,0-10,,False,,False,,clear_non_responsive,False,,0,likely_non_responsive,,False,False,0,0,0,0,0,0,0.076,True,False,False,stage1_nr,False,,,0,False,,False,,0
CNG_Data2k_variance/files/Q00897.01-0000179582.PDF,Q00897.01-0000179582.PDF,.pdf,148130,ok,True,False,text,False,14,0,3,False,0,False,0-10,Name | Address | Email | Phone | Bank/Account Number | Money/Amount,True,Contact Information | Financial Account Information,False,,ambiguous,True,yes,5640,standard,"img_ocr:p1(1/1,+7chars)",False,False,0,1,1,1,0,1,8.534,False,False,True,,True,likely_no,no,5694,False,likely_non_responsive,True,,11334
CNG_Data2k_variance\files\Q00897.01-0000855219.XLS,Q00897.01-0000855219.XLS,.xls,68928,ok,True,True,text,True,2,0,1,False,1,False,0-10,Name | Money/Amount,False,Financial Account Information,False,,ambiguous,True,yes,6746,standard,bde_llm_count,False,False,0,0,0,0,0,0,3.256,False,False,True,,True,likely_yes,yes,3859,False,standard,False,,10605
CNG_Data2k_variance/files/Q00897.01-0000811590.MSG,Q00897.01-0000811590.MSG,.msg,156672,ok,True,False,text,False,0,1,3,False,0,False,0-10,Name | Address | Email | Phone | Money/Amount | Work-Related,True,Contact Information | Financial Account Information | Work-Related Information,False,,ambiguous,True,yes,5241,standard,,False,False,0,0,0,0,0,0,3.495,False,False,True,,True,likely_no,no,5316,False,likely_non_responsive,True,,10557
CNG_Data2k_variance/files/Q00897.01-0000806744.MSG,Q00897.01-0000806744.MSG,.msg,309760,ok,True,False,text,False,0,1,3,False,0,False,0-10,Name | Address | Email | Phone,True,Contact Information,False,,ambiguous,True,yes,4231,standard,,False,False,0,0,0,0,0,0,3.451,False,False,True,,True,likely_no,no,4285,False,likely_non_responsive,True,,8516
CNG_Data2k_variance/files/Q00897.01-0000006642.PDF,Q00897.01-0000006642.PDF,.pdf,106534,ok,True,False,text,False,1,0,1,False,0,False,0-10,Work-Related,False,Work-Related Information,False,,ambiguous,True,no,5836,likely_non_responsive,,False,False,0,0,0,0,0,0,1.62,True,False,False,stage1_nr,False,,,0,False,,False,,5836
CNG_Data2k_variance/files/Q00897.01-0000342034.PDF,Q00897.01-0000342034.PDF,.pdf,276707,ok,True,False,text,False,4,0,3,False,0,False,0-10,Name | Health,True,Health-Related Information,False,,ambiguous,True,no,5856,likely_non_responsive,,True,True,4,0,0,0,0,1,7.525,True,False,False,stage1_nr,False,,,0,False,,False,,5856
CNG_Data2k_variance/files/Q00897.01-0000539513.0001.PDF,Q00897.01-0000539513.0001.PDF,.pdf,22604,ok,True,False,text,False,1,0,1,False,0,False,0-10,Money/Amount,False,Financial Account Information,False,,clear_non_responsive,False,,0,likely_non_responsive,,False,False,0,0,0,0,0,0,0.033,True,False,False,stage1_nr,False,,,0,False,,False,,0
CNG_Data2k_variance/files/Q00897.01-0000264950.CSV,Q00897.01-0000264950.CSV,.csv,636309,ok,True,True,text,True,0,0,98,False,0,False,50-100,Payment Card | Card/Transaction,True,Financial Account Information,False,,ambiguous,True,no,11502,likely_non_responsive,bde_llm_count,False,False,0,0,0,0,0,0,2.624,True,False,False,stage1_nr,False,,,0,False,,False,,11502
CNG_Data2k_variance/files/Q00897.01-0000838777.MSG,Q00897.01-0000838777.MSG,.msg,178688,ok,True,False,text,False,0,3,12,False,7,False,10-20,Name | Address | Email | Phone,True,Contact Information,False,,ambiguous,True,yes,18842,standard,bde_llm_count,False,False,0,0,0,0,0,0,9.771,False,False,True,,True,clear_yes,yes,9919,False,standard,False,,28761
CNG_Data2k_variance/files/Q00897.01-0000255259.XLSX,Q00897.01-0000255259.XLSX,.xlsx,65523,ok,True,True,text,True,9,0,196,False,7,True,100+,Name | Phone | Money/Amount,True,Contact Information | Financial Account Information,True,,ambiguous,True,yes,8245,structured_bde,roster_by_rowcount bde_llm_count_roster,False,False,0,0,0,0,0,0,4.655,False,True,True,,True,likely_no,no,4599,True,likely_non_responsive,True,,12844
CNG_Data2k_variance/files/Q00897.01-0000903890.PDF,Q00897.01-0000903890.PDF,.pdf,17544,ok,True,True,text,True,2,0,29,False,2,False,20-50,Name | Address | Phone | Money/Amount,True,Contact Information | Financial Account Information,False,,ambiguous,True,yes,8317,standard,bde_llm_count,True,True,2,0,0,0,0,1,9.972,False,False,True,,True,clear_yes,yes,4627,False,standard,False,,12944
CNG_Data2k_variance/files/Q00897.01-0000483904.MSG,Q00897.01-0000483904.MSG,.msg,40960,ok,True,False,text,False,0,0,9,False,9,False,0-10,Name | Address | Email | Phone | Money/Amount | Health | Work-Related,True,Contact Information | Financial Account Information | Health-Related Information | Work-Related Information,False,,ambiguous,True,yes,13572,standard,bde_llm_count,False,False,0,0,0,0,0,0,7.194,False,False,True,,True,clear_yes,yes,7220,False,standard,False,,20792
CNG_Data2k_variance/files/Q00897.01-0000022030.XLSX,Q00897.01-0000022030.XLSX,.xlsx,34965,ok,True,True,text,True,6,0,307,False,1,False,100+,Name | Money/Amount | Credentials | Work-Related,False,Financial Account Information | Access Credentials | Work-Related Information,False,,ambiguous,True,yes,7800,standard,roster_by_rowcount bde_llm_count,False,False,0,0,0,0,0,0,4.599,False,False,True,,True,likely_yes,yes,4351,True,structured_bde,False,,12151
CNG_Data2k_variance/files/Q00897.01-0000016217.PDF,Q00897.01-0000016217.PDF,.pdf,284842,ok,True,False,text,False,1,0,2,False,0,False,0-10,Name | Email | Money/Amount | Work-Related,True,Contact Information | Financial Account Information | Work-Related Information,False,,ambiguous,True,yes,8150,standard,,False,False,0,0,0,0,0,0,3.628,False,False,True,,True,clear_yes,yes,8197,False,standard,False,,16347
CNG_Data2k_variance/files/Q00897.01-0000680059.MSG,Q00897.01-0000680059.MSG,.msg,48640,ok,True,False,text,False,0,0,6,False,0,False,0-10,Name | Address | Email | Phone,True,Contact Information,False,,ambiguous,True,yes,6538,standard,,False,False,0,0,0,0,0,0,3.42,False,False,True,,True,likely_yes,yes,6591,False,standard,False,,13129
CNG_Data2k_variance/files/Q00897.01-0000808929.0001.DOCX,Q00897.01-0000808929.0001.DOCX,.docx,39856,ok,True,False,text,False,0,0,1,False,0,False,0-10,Name | Health,True,Health-Related Information,False,,ambiguous,True,no,6003,likely_non_responsive,,False,False,0,0,0,0,0,0,1.153,True,False,False,stage1_nr,False,,,0,False,,False,,6003
CNG_Data2k_variance/files/Q00897.01-0000068885.PDF,Q00897.01-0000068885.PDF,.pdf,751057,ok,True,True,text,True,2,0,7,False,1,False,0-10,Name | Address | Tax ID | Money/Amount,True,Contact Information | Government-Issued Identification | Financial Account Information,False,,ambiguous,True,yes,12554,standard,bde_llm_count,True,True,2,0,0,0,0,1,13.5,False,False,True,,True,clear_no,no,6739,False,likely_non_responsive,True,,19293
CNG_Data2k_variance/files/Q00897.01-0000907809.PDF,Q00897.01-0000907809.PDF,.pdf,2294716,ok,True,False,text,False,466,0,386,False,386,True,100+,Name | Address | Phone | SSN | Payment Card | Money/Amount | Work-Related,True,Contact Information | Government-Issued Identification | Financial Account Information | Work-Related Information,True,,clear_responsive,False,,12859,bde,"img_ocr:p1,p1,p1,p1,p1,p4,p4,p11,p28,p29,p31,p32(12/13,+311chars) bde_llm_count_roster",False,False,0,13,13,12,0,13,84.123,False,True,True,,True,clear_yes,yes,13917,True,bde,False,,26776
CNG_Data2k_variance/files/Q00897.01-0000912019.PDF,Q00897.01-0000912019.PDF,.pdf,94848,ok,True,True,text,True,2,0,50,False,8,False,20-50,Phone | SSN | Money/Amount,True,Contact Information | Government-Issued Identification | Financial Account Information,False,,clear_responsive,False,,3736,standard,bde_llm_count_roster,True,True,2,0,0,0,0,1,7.774,False,False,True,,True,clear_yes,yes,4640,False,standard,False,,8376
CNG_Data2k_variance/files/Q00897.01-0000881384.XLSX,Q00897.01-0000881384.XLSX,.xlsx,54987,ok,True,True,text,True,2,0,434,False,0,False,100+,Address | Money/Amount,True,Contact Information | Financial Account Information,False,,ambiguous,True,no,14968,likely_non_responsive,roster_by_rowcount bde_llm_count,False,False,0,0,0,0,0,0,2.812,True,False,False,stage1_nr,False,,,0,False,,False,,14968
CNG_Data2k_variance/files/Q00897.01-0000344646.PDF,Q00897.01-0000344646.PDF,.pdf,12247,ok,True,False,text,False,2,0,1,False,0,False,0-10,Money/Amount,False,Financial Account Information,False,,clear_non_responsive,False,,0,likely_non_responsive,,False,False,0,0,0,0,0,0,0.131,True,False,False,stage1_nr,False,,,0,False,,False,,0
CNG_Data2k_variance/files/Q00897.01-0000320439.TXT,Q00897.01-0000320439.TXT,.txt,131469,ok,True,False,text,False,0,0,1,False,0,False,0-10,Payment Card | Money/Amount | Health,True,Financial Account Information | Health-Related Information,False,,ambiguous,True,no,8952,likely_non_responsive,,False,False,0,0,0,0,0,0,1.437,True,False,False,stage1_nr,False,,,0,False,,False,,8952
CNG_Data2k_variance/files/Q00897.01-0000759052.MSG,Q00897.01-0000759052.MSG,.msg,75264,ok,True,False,text,False,0,0,3,False,0,False,0-10,Name | Address | Email | Phone,True,Contact Information,False,,ambiguous,True,no,4276,likely_non_responsive,,False,False,0,0,0,0,0,0,60.038,True,False,False,stage1_nr,False,,,0,False,,False,,4276
CNG_Data2k_variance/files/Q00897.01-0000016839.PDF,Q00897.01-0000016839.PDF,.pdf,168771,ok,True,False,text,False,1,0,2,False,0,False,0-10,Name | Email | Money/Amount,True,Contact Information | Financial Account Information,False,,ambiguous,True,yes,4192,standard,,False,False,0,0,0,0,0,0,2.937,False,False,True,,True,likely_no,no,4276,False,likely_non_responsive,True,,8468
CNG_Data2k_variance/files/Q00897.01-0000305892.PDF,Q00897.01-0000305892.PDF,.pdf,48956,ok,True,False,text,False,5,0,1,False,0,False,0-10,Money/Amount,False,Financial Account Information,False,,clear_non_responsive,False,,0,likely_non_responsive,,False,False,0,0,0,0,0,0,0.662,True,False,False,stage1_nr,False,,,0,False,,False,,0
CNG_Data2k_variance/files/Q00897.01-0000284268.PDF,Q00897.01-0000284268.PDF,.pdf,327153,ok,True,True,text,True,2,0,9,False,1,False,0-10,Name | Address | Phone | Money/Amount,True,Contact Information | Financial Account Information,False,,ambiguous,True,yes,7514,standard,bde_llm_count,True,True,2,0,0,0,0,1,9.097,False,False,True,,True,likely_no,no,4230,False,likely_non_responsive,True,,11744
CNG_Data2k_variance/files/Q00897.01-0000277041.PDF,Q00897.01-0000277041.PDF,.pdf,610253,ok,True,False,text,False,4,0,8,False,5,False,0-10,Name | Address | Phone | Money/Amount,True,Contact Information | Financial Account Information,False,,ambiguous,True,no,8080,likely_non_responsive,bde_llm_count,True,True,4,0,0,0,0,1,9.595,True,False,False,stage1_nr,False,,,0,False,,False,,8080
CNG_Data2k_variance/files/Q00897.01-0000656103.0002.PDF,Q00897.01-0000656103.0002.PDF,.pdf,193594,ok,True,False,text,False,1,0,2,False,0,False,0-10,Email | Phone,True,Contact Information,False,,ambiguous,True,no,3911,likely_non_responsive,,False,False,0,0,0,0,0,0,1.538,True,False,False,stage1_nr,False,,,0,False,,False,,3911
CNG_Data2k_variance/files/Q00897.01-0000840819.0001.PDF,Q00897.01-0000840819.0001.PDF,.pdf,107534,ok,True,False,text,False,2,0,3,False,0,False,0-10,Name | Address | Phone | Card Expiry/CVV | Money/Amount,True,Contact Information | Financial Account Information,False,,ambiguous,True,no,4609,likely_non_responsive,,True,True,2,0,0,0,0,1,6.567,True,False,False,stage1_nr,False,,,0,False,,False,,4609
CNG_Data2k_variance/files/Q00897.01-0000657837.MSG,Q00897.01-0000657837.MSG,.msg,307712,ok,True,False,text,False,0,4,11,False,6,False,10-20,Name | Address | Email | Phone | Money/Amount,True,Contact Information | Financial Account Information,False,,ambiguous,True,yes,14510,standard,bde_llm_count,False,False,0,0,0,0,0,0,7.409,False,False,True,,True,likely_no,no,7679,False,likely_non_responsive,True,,22189
CNG_Data2k_variance/files/Q00897.01-0000644059.MSG,Q00897.01-0000644059.MSG,.msg,229888,ok,True,False,text,False,0,3,4,False,0,False,0-10,Name | Address | Email | Phone,True,Contact Information,False,,ambiguous,True,yes,9911,standard,,False,False,0,0,0,0,0,0,3.321,False,False,True,,True,likely_yes,yes,9971,False,standard,False,,19882
CNG_Data2k_variance/files/Q00897.01-0000504357.MSG,Q00897.01-0000504357.MSG,.msg,81408,ok,True,False,text,False,0,0,2,False,0,False,0-10,Name | Address | Email | Phone,True,Contact Information,False,,ambiguous,True,no,4171,likely_non_responsive,,False,False,0,0,0,0,0,0,1.665,True,False,False,stage1_nr,False,,,0,False,,False,,4171
CNG_Data2k_variance/files/Q00897.01-0000133491.PDF,Q00897.01-0000133491.PDF,.pdf,724388,ok,True,True,text,True,5,0,32,False,0,False,20-50,Money/Amount,False,Financial Account Information,False,,ambiguous,True,no,9581,likely_non_responsive,bde_llm_count,True,True,5,0,0,0,0,1,10.31,True,False,False,stage1_nr,False,,,0,False,,False,,9581
CNG_Data2k_variance/files/Q00897.01-0000667933.0001.XLSX,Q00897.01-0000667933.0001.XLSX,.xlsx,31740,ok,True,True,text,True,2,0,232,False,0,False,100+,,False,,False,,ambiguous,True,no,13896,likely_non_responsive,roster_by_rowcount bde_llm_count,False,False,0,0,0,0,0,0,2.841,True,False,False,stage1_nr,False,,,0,False,,False,,13896
CNG_Data2k_variance/files/Q00897.01-0000246699.PDF,Q00897.01-0000246699.PDF,.pdf,1107657,ok,True,True,text,True,2,0,25,False,0,False,20-50,Name | Phone | Money/Amount,True,Contact Information | Financial Account Information,False,,ambiguous,True,no,8210,likely_non_responsive,bde_llm_count,True,True,2,0,0,0,0,1,14.33,True,False,False,stage1_nr,False,,,0,False,,False,,8210
CNG_Data2k_variance/files/Q00897.01-0000707102.MSG,Q00897.01-0000707102.MSG,.msg,157184,ok,True,False,text,False,0,0,0,False,0,False,0-10,,False,,False,,clear_non_responsive,False,,0,likely_non_responsive,,False,False,0,0,0,0,0,0,0.745,True,False,False,stage1_nr,False,,,0,False,,False,,0
CNG_Data2k_variance/files/Q00897.01-0000247521.PDF,Q00897.01-0000247521.PDF,.pdf,478315,ok,True,False,text,False,5,0,3,False,0,False,0-10,Name | Address | Phone | Bank/Account Number | Money/Amount,True,Contact Information | Financial Account Information,False,,ambiguous,True,yes,4581,standard,"img_ocr:p3(1/1,+345chars)",False,False,0,1,1,1,0,1,7.644,False,False,True,,True,likely_no,no,4646,False,likely_non_responsive,True,,9227
CNG_Data2k_variance/files/Q00897.01-0000542949.0001.PDF,Q00897.01-0000542949.0001.PDF,.pdf,22565,ok,True,False,text,False,1,0,1,False,0,False,0-10,Money/Amount,False,Financial Account Information,False,,clear_non_responsive,False,,0,likely_non_responsive,,False,False,0,0,0,0,0,0,0.021,True,False,False,stage1_nr,False,,,0,False,,False,,0
CNG_Data2k_variance/files/Q00897.01-0000632257.MSG,Q00897.01-0000632257.MSG,.msg,58368,ok,True,False,text,False,0,1,5,False,0,False,0-10,Name | Address | Email | Phone,True,Contact Information,False,,ambiguous,True,yes,4555,standard,,False,False,0,0,0,0,0,0,13.298,False,False,True,,True,likely_no,no,4625,False,likely_non_responsive,True,,9180
CNG_Data2k_variance/files/Q00897.01-0000606732.0001.XLSX,Q00897.01-0000606732.0001.XLSX,.xlsx,41725,ok,True,True,text,True,1,0,69,False,69,True,50-100,Payment Card | Money/Amount,True,Financial Account Information,True,,ambiguous,True,yes,9803,structured_bde,roster_by_rowcount bde_llm_count_roster,False,False,0,0,0,0,0,0,4.089,False,True,True,,True,clear_no,no,5362,True,likely_non_responsive,True,,15165
CNG_Data2k_variance/files/Q00897.01-0000303958.PDF,Q00897.01-0000303958.PDF,.pdf,440145,ok,True,False,text,False,7,0,5,False,0,False,0-10,Name | Address | Email | Money/Amount,True,Contact Information | Financial Account Information,False,,ambiguous,True,yes,7097,standard,,True,True,7,0,0,0,0,1,10.172,False,False,True,,True,likely_yes,yes,7141,False,standard,False,,14238
CNG_Data2k_variance/files/Q00897.01-0000135879.PDF,Q00897.01-0000135879.PDF,.pdf,19026467,ok,True,True,text,True,15,0,292,False,4,False,100+,Name | Address | Email | Phone | Money/Amount,True,Contact Information | Financial Account Information,False,,ambiguous,True,yes,23405,standard,bde_llm_count,True,True,15,0,0,0,0,1,22.024,False,False,True,,True,likely_no,no,12148,True,likely_non_responsive,True,,35553
CNG_Data2k_variance/files/Q00897.01-0000788010.0001.DOCX,Q00897.01-0000788010.0001.DOCX,.docx,32303,ok,True,False,text,False,0,0,1,False,0,False,0-10,Money/Amount,False,Financial Account Information,False,,clear_non_responsive,False,,0,likely_non_responsive,,False,False,0,0,0,0,0,0,0.048,True,False,False,stage1_nr,False,,,0,False,,False,,0
CNG_Data2k_variance/files/Q00897.01-0000737466.MSG,Q00897.01-0000737466.MSG,.msg,108544,ok,True,False,text,False,0,0,6,False,0,False,0-10,Name | Address | Email | Phone,True,Contact Information,False,,ambiguous,True,yes,4079,standard,,False,False,0,0,0,0,0,0,3.709,False,False,True,,True,borderline,no,4118,False,likely_non_responsive,True,,8197
CNG_Data2k_variance\files\Q00897.01-0000852012.XLS,Q00897.01-0000852012.XLS,.xls,26592,ok,True,True,text,True,1,0,64,False,0,False,50-100,Money/Amount,False,Financial Account Information,False,,ambiguous,True,no,7342,likely_non_responsive,roster_by_rowcount bde_llm_count,False,False,0,0,0,0,0,0,2.551,True,False,False,stage1_nr,False,,,0,False,,False,,7342
CNG_Data2k_variance/files/Q00897.01-0000664004.0001.XLSX,Q00897.01-0000664004.0001.XLSX,.xlsx,27772,ok,True,True,text,True,1,0,108,False,108,True,100+,Name | Email | Phone | Card/Transaction,True,Contact Information | Financial Account Information,True,,ambiguous,True,yes,9171,structured_bde,bde_llm_count_roster,False,False,0,0,0,0,0,0,4.73,False,True,True,,True,likely_no,no,5120,True,likely_non_responsive,True,,14291
CNG_Data2k_variance/files/Q00897.01-0000766398.0002.DOCX,Q00897.01-0000766398.0002.DOCX,.docx,33013,ok,True,False,text,False,0,0,1,False,0,False,0-10,Health,False,Health-Related Information,False,,ambiguous,True,no,4612,likely_non_responsive,,False,False,0,0,0,0,0,0,1.953,True,False,False,stage1_nr,False,,,0,False,,False,,4612
CNG_Data2k_variance/files/Q00897.01-0000736516.0004.PDF,Q00897.01-0000736516.0004.PDF,.pdf,159227,ok,True,False,text,False,3,0,2,False,0,False,0-10,Email,True,Contact Information,False,,ambiguous,True,no,4933,likely_non_responsive,,False,False,0,0,0,0,0,0,1.415,True,False,False,stage1_nr,False,,,0,False,,False,,4933
CNG_Data2k_variance/files/Q00897.01-0000612160.0001.XLSX,Q00897.01-0000612160.0001.XLSX,.xlsx,39419,ok,True,True,text,True,1,0,295,False,51,True,100+,Name | Address,True,Contact Information,True,,ambiguous,True,yes,9771,structured_bde,roster_by_rowcount bde_llm_count_roster,False,False,0,0,0,0,0,0,7.337,False,True,True,,True,clear_yes,yes,5431,True,structured_bde,False,,15202
CNG_Data2k_variance/files/Q00897.01-0000009270.PDF,Q00897.01-0000009270.PDF,.pdf,429143,ok,True,False,text,False,3,0,5,False,0,False,0-10,Name | Money/Amount | Work-Related,True,Financial Account Information | Work-Related Information,False,,ambiguous,True,yes,6011,standard,,False,False,0,0,0,0,0,0,3.92,False,False,True,,True,likely_yes,yes,6058,False,standard,False,,12069
CNG_Data2k_variance/files/Q00897.01-0000846740.0001.XLSX,Q00897.01-0000846740.0001.XLSX,.xlsx,12753,ok,True,True,text,True,3,0,1,False,0,False,0-10,Phone | Money/Amount,True,Contact Information | Financial Account Information,False,,ambiguous,True,no,7174,likely_non_responsive,bde_llm_count,False,False,0,0,0,0,0,0,3.874,True,False,False,stage1_nr,False,,,0,False,,False,,7174
CNG_Data2k_variance\files\Q00897.01-0000866605.XLS,Q00897.01-0000866605.XLS,.xls,83612,ok,True,True,text,True,3,0,124,False,124,True,100+,Name,False,,True,,ambiguous,True,yes,8569,structured_bde,roster_by_rowcount bde_llm_count_roster,False,False,0,0,0,0,0,0,4.184,False,True,True,,True,clear_yes,yes,4775,True,structured_bde,False,,13344
CNG_Data2k_variance/files/Q00897.01-0000501467.MSG,Q00897.01-0000501467.MSG,.msg,26624,ok,True,False,text,False,0,0,2,False,0,False,0-10,Name | Address | Email | Phone | Money/Amount,True,Contact Information | Financial Account Information,False,,ambiguous,True,yes,4412,standard,,False,False,0,0,0,0,0,0,2.476,False,False,True,,True,clear_no,no,4506,False,likely_non_responsive,True,,8918
CNG_Data2k_variance/files/Q00897.01-0000253834.TXT,Q00897.01-0000253834.TXT,.txt,3269,ok,True,False,text,False,0,0,1,False,0,False,0-10,Money/Amount,False,Financial Account Information,False,,clear_non_responsive,False,,0,likely_non_responsive,,False,False,0,0,0,0,0,0,0.016,True,False,False,stage1_nr,False,,,0,False,,False,,0
CNG_Data2k_variance/files/Q00897.01-0000343551.XLSX,Q00897.01-0000343551.XLSX,.xlsx,2979036,ok,True,True,text,True,1,0,11874,False,4,True,100+,Address | SSN | Money/Amount,True,Contact Information | Government-Issued Identification | Financial Account Information,True,,clear_responsive,False,,11243,structured_bde,bde_llm_count_roster,False,False,0,0,0,0,0,0,8.452,False,True,True,,True,clear_yes,yes,12171,True,structured_bde,False,,23414
CNG_Data2k_variance/files/Q00897.01-0000294423.PDF,Q00897.01-0000294423.PDF,.pdf,12170,ok,True,False,text,False,1,0,1,False,0,False,0-10,SSN | Money/Amount,True,Government-Issued Identification | Financial Account Information,False,,clear_responsive,False,,0,standard,,False,False,0,0,0,0,0,0,1.429,False,False,True,,True,clear_yes,yes,3851,False,standard,False,,3851
CNG_Data2k_variance/files/Q00897.01-0000898722.PDF,Q00897.01-0000898722.PDF,.pdf,11836,ok,True,False,text,False,1,0,0,False,0,False,0-10,,False,,False,,clear_non_responsive,False,,0,likely_non_responsive,,False,False,0,0,0,0,0,0,0.041,True,False,False,stage1_nr,False,,,0,False,,False,,0
CNG_Data2k_variance/files/Q00897.01-0000534633.0001.CSV,Q00897.01-0000534633.0001.CSV,.csv,147706,ok,True,True,text,True,0,0,608,False,0,False,100+,Phone | Money/Amount,True,Contact Information | Financial Account Information,False,,ambiguous,True,no,17365,likely_non_responsive,roster_by_rowcount bde_llm_count,False,False,0,0,0,0,0,0,61.664,True,False,False,stage1_nr,False,,,0,False,,False,,17365
CNG_Data2k_variance/files/Q00897.01-0000536337.0001.PDF,Q00897.01-0000536337.0001.PDF,.pdf,22571,ok,True,False,text,False,1,0,1,False,0,False,0-10,Money/Amount,False,Financial Account Information,False,,clear_non_responsive,False,,0,likely_non_responsive,,False,False,0,0,0,0,0,0,0.027,True,False,False,stage1_nr,False,,,0,False,,False,,0
CNG_Data2k_variance/files/Q00897.01-0000249674.PDF,Q00897.01-0000249674.PDF,.pdf,89488,ok,True,True,text,True,1,0,9,False,0,False,0-10,Name | Bank/Account Number | Money/Amount,True,Financial Account Information,False,,ambiguous,True,no,7010,likely_non_responsive,bde_llm_count,True,True,1,0,0,0,0,1,6.946,True,False,False,stage1_nr,False,,,0,False,,False,,7010
CNG_Data2k_variance/files/Q00897.01-0000906839.PDF,Q00897.01-0000906839.PDF,.pdf,3563610,ok,True,True,text,True,15,0,359,False,10,True,100+,Name | Address | Phone | SSN | Money/Amount | Work-Related,True,Contact Information | Government-Issued Identification | Financial Account Information | Work-Related Information,True,,clear_responsive,False,,12017,structured_bde,bde_llm_count_roster,True,True,15,0,0,0,0,1,39.669,False,True,True,,True,clear_yes,yes,13021,True,structured_bde,False,,25038
CNG_Data2k_variance/files/Q00897.01-0000656056.0001.XLSX,Q00897.01-0000656056.0001.XLSX,.xlsx,245318,ok,True,True,text,True,11,0,190,False,0,False,100+,,False,,False,,ambiguous,True,no,7497,likely_non_responsive,bde_llm_count,False,False,0,0,0,0,0,0,7.43,True,False,False,stage1_nr,False,,,0,False,,False,,7497
CNG_Data2k_variance/files/Q00897.01-0000908412.PDF,Q00897.01-0000908412.PDF,.pdf,10351,ok,True,False,text,False,1,0,2,False,0,False,0-10,Name | Address | Phone,True,Contact Information,False,,ambiguous,True,yes,4053,standard,,False,False,0,0,0,0,0,0,2.624,False,False,True,,True,likely_yes,yes,4064,False,standard,False,,8117
CNG_Data2k_variance/files/Q00897.01-0000834957.0001.PDF,Q00897.01-0000834957.0001.PDF,.pdf,102530,ok,True,False,text,False,5,0,2,False,0,False,0-10,Name | Address | Card Expiry/CVV | Card/Transaction | Money/Amount | Credentials,True,Contact Information | Financial Account Information | Access Credentials,False,,ambiguous,True,no,8330,likely_non_responsive,,False,False,0,0,0,0,0,0,2.053,True,False,False,stage1_nr,False,,,0,False,,False,,8330
CNG_Data2k_variance/files/Q00897.01-0000242113.XLSX,Q00897.01-0000242113.XLSX,.xlsx,20084,ok,True,True,text,True,2,0,62,False,0,False,50-100,Name | Address | Phone | Money/Amount,True,Contact Information | Financial Account Information,False,,ambiguous,True,yes,12158,standard,roster_by_rowcount bde_llm_count,False,False,0,0,0,0,0,0,5.051,False,False,True,,True,clear_no,no,6532,True,likely_non_responsive,True,,18690
CNG_Data2k_variance/files/Q00897.01-0000011862.PDF,Q00897.01-0000011862.PDF,.pdf,256743,ok,True,True,text,True,1,0,2,False,1,False,0-10,Name | Email | Work-Related,True,Contact Information | Work-Related Information,False,,ambiguous,True,yes,7158,standard,bde_llm_count,True,True,1,0,0,0,0,1,8.699,False,False,True,,True,likely_yes,yes,4054,False,standard,False,,11212
CNG_Data2k_variance/files/Q00897.01-0000279479.PDF,Q00897.01-0000279479.PDF,.pdf,172961,ok,True,False,text,False,1,0,2,False,0,False,0-10,Name | Address | Phone | Money/Amount,True,Contact Information | Financial Account Information,False,,ambiguous,True,yes,4168,standard,,True,True,1,0,0,0,0,1,7.936,False,False,True,,True,likely_yes,yes,4216,False,standard,False,,8384
CNG_Data2k_variance/files/Q00897.01-0000270795.DOCX,Q00897.01-0000270795.DOCX,.docx,42018,ok,True,False,text,False,0,0,0,False,0,False,0-10,,False,,False,,clear_non_responsive,False,,0,likely_non_responsive,,False,False,0,0,0,0,0,0,0.036,True,False,False,stage1_nr,False,,,0,False,,False,,0
CNG_Data2k_variance/files/Q00897.01-0000276152.PDF,Q00897.01-0000276152.PDF,.pdf,190913,ok,True,False,text,False,1,0,1,False,0,False,0-10,Name | Address | Tax ID | Money/Amount,True,Contact Information | Government-Issued Identification | Financial Account Information,False,,ambiguous,True,no,4001,likely_non_responsive,,True,True,1,0,0,0,0,1,6.259,True,False,False,stage1_nr,False,,,0,False,,False,,4001
CNG_Data2k_variance/files/Q00897.01-0000111463.XLSX,Q00897.01-0000111463.XLSX,.xlsx,152138,ok,True,True,text,True,2,0,612,False,2,False,100+,Phone | Money/Amount,True,Contact Information | Financial Account Information,False,,ambiguous,True,no,13779,likely_non_responsive,roster_by_rowcount bde_llm_count,False,False,0,0,0,0,0,0,3.709,True,False,False,stage1_nr,False,,,0,False,,False,,13779
CNG_Data2k_variance/files/Q00897.01-0000806233.MSG,Q00897.01-0000806233.MSG,.msg,97280,ok,True,False,text,False,0,1,3,False,0,False,0-10,Name | Address | Email | Phone | Money/Amount,True,Contact Information | Financial Account Information,False,,ambiguous,True,yes,4220,standard,,False,False,0,0,0,0,0,0,3.076,False,False,True,,True,likely_no,no,4235,False,likely_non_responsive,True,,8455
CNG_Data2k_variance/files/Q00897.01-0000897422.PDF,Q00897.01-0000897422.PDF,.pdf,19653,ok,True,False,text,False,3,0,1,False,0,False,0-10,Name | Address | Phone | Money/Amount,True,Contact Information | Financial Account Information,False,,ambiguous,True,yes,5927,standard,,False,False,0,0,0,0,0,0,2.643,False,False,True,,True,likely_yes,yes,5993,False,standard,False,,11920
CNG_Data2k_variance/files/Q00897.01-0000697495.MSG,Q00897.01-0000697495.MSG,.msg,330752,ok,True,False,text,False,0,0,1,False,0,False,0-10,Name | Email | Phone | Money/Amount,True,Contact Information | Financial Account Information,False,,ambiguous,True,no,5172,likely_non_responsive,,False,False,0,0,0,0,0,0,1.908,True,False,False,stage1_nr,False,,,0,False,,False,,5172
CNG_Data2k_variance/files/Q00897.01-0000374202.MSG,Q00897.01-0000374202.MSG,.msg,237056,ok,True,False,text,False,0,0,1,False,0,False,0-10,Address | Email | Money/Amount,True,Contact Information | Financial Account Information,False,,ambiguous,True,no,4322,likely_non_responsive,,False,False,0,0,0,0,0,0,59.745,True,False,False,stage1_nr,False,,,0,False,,False,,4322
CNG_Data2k_variance/files/Q00897.01-0000908918.PDF,Q00897.01-0000908918.PDF,.pdf,535056,ok,True,False,text,False,120,0,1,False,0,False,0-10,Name | Address | Money/Amount,True,Contact Information | Financial Account Information,False,,ambiguous,True,yes,16162,standard,,False,False,0,0,0,0,0,0,11.578,False,False,True,,True,clear_yes,yes,16245,False,standard,False,,32407
CNG_Data2k_variance/files/Q00897.01-0000788180.0002.DOCX,Q00897.01-0000788180.0002.DOCX,.docx,47781,ok,True,False,text,False,0,0,3,False,0,False,0-10,Name | Money/Amount,True,Financial Account Information,False,,ambiguous,True,yes,6628,standard,,False,False,0,0,0,0,0,0,3.216,False,False,True,,True,likely_no,no,6692,False,likely_non_responsive,True,,13320
CNG_Data2k_variance/files/Q00897.01-0000818430.MSG,Q00897.01-0000818430.MSG,.msg,37376,error,False,False,,False,0,0,0,False,0,False,,,False,,False,,,False,,0,review_error,MalformedRtf,False,False,0,0,0,0,0,0,0.762,False,False,False,extract_error,False,,,0,False,,False,,0
CNG_Data2k_variance/files/Q00897.01-0000727167.MSG,Q00897.01-0000727167.MSG,.msg,232960,ok,True,False,text,False,0,0,8,False,2,False,0-10,Name | Address | Email | Phone | Money/Amount,True,Contact Information | Financial Account Information,False,,ambiguous,True,yes,11738,standard,bde_llm_count,False,False,0,0,0,0,0,0,16.02,False,False,True,,True,likely_no,no,6320,False,likely_non_responsive,True,,18058
CNG_Data2k_variance/files/Q00897.01-0000129500.PDF,Q00897.01-0000129500.PDF,.pdf,1881026,ok,True,True,text,True,11,0,35,False,0,False,20-50,Phone | Money/Amount,True,Contact Information | Financial Account Information,False,,ambiguous,True,no,12066,likely_non_responsive,bde_llm_count,True,True,11,0,0,0,0,1,10.367,True,False,False,stage1_nr,False,,,0,False,,False,,12066
CNG_Data2k_variance/files/Q00897.01-0000841722.0005.PDF,Q00897.01-0000841722.0005.PDF,.pdf,21468,ok,True,False,text,False,9,0,1,False,0,False,0-10,Card/Transaction | Money/Amount | Work-Related,False,Financial Account Information | Work-Related Information,False,,ambiguous,True,no,10575,likely_non_responsive,,False,False,0,0,0,0,0,0,1.56,True,False,False,stage1_nr,False,,,0,False,,False,,10575
CNG_Data2k_variance/files/Q00897.01-0000651733.0001.PDF,Q00897.01-0000651733.0001.PDF,.pdf,26687,ok,True,True,text,True,1,0,5,False,0,False,0-10,Name | Address | Phone | Card Expiry/CVV | Money/Amount,True,Contact Information | Financial Account Information,False,,ambiguous,True,no,7219,likely_non_responsive,bde_llm_count,True,True,1,0,0,0,0,1,7.605,True,False,False,stage1_nr,False,,,0,False,,False,,7219
CNG_Data2k_variance/files/Q00897.01-0000553610.MSG,Q00897.01-0000553610.MSG,.msg,164864,ok,True,False,text,False,0,0,6,False,0,False,0-10,Name | Email | Phone | Money/Amount,True,Contact Information | Financial Account Information,False,,ambiguous,True,yes,4749,standard,,False,False,0,0,0,0,0,0,3.059,False,False,True,,True,likely_no,no,4801,False,likely_non_responsive,True,,9550
CNG_Data2k_variance/files/Q00897.01-0000528203.0001.PDF,Q00897.01-0000528203.0001.PDF,.pdf,22565,ok,True,False,text,False,1,0,1,False,0,False,0-10,Money/Amount,False,Financial Account Information,False,,clear_non_responsive,False,,0,likely_non_responsive,,False,False,0,0,0,0,0,0,0.024,True,False,False,stage1_nr,False,,,0,False,,False,,0
CNG_Data2k_variance/files/Q00897.01-0000889407.PDF,Q00897.01-0000889407.PDF,.pdf,17814,ok,True,False,text,False,2,0,11,False,4,False,10-20,Name | Address | Phone,True,Contact Information,False,,ambiguous,True,yes,9497,standard,bde_llm_count_roster,False,False,0,0,0,0,0,0,8.882,False,False,True,,True,likely_yes,yes,5209,False,standard,False,,14706
CNG_Data2k_variance/files/Q00897.01-0000890853.PDF,Q00897.01-0000890853.PDF,.pdf,13323,ok,True,False,text,False,1,0,0,False,0,False,0-10,,False,,False,,clear_non_responsive,False,,0,likely_non_responsive,,False,False,0,0,0,0,0,0,0.08,True,False,False,stage1_nr,False,,,0,False,,False,,0
CNG_Data2k_variance/files/Q00897.01-0000305987.XLSX,Q00897.01-0000305987.XLSX,.xlsx,155256,ok,True,True,text,True,1,0,312,False,1,False,100+,Name | Email | Work-Related,True,Contact Information | Work-Related Information,False,,ambiguous,True,yes,7206,standard,roster_by_rowcount bde_llm_count,False,False,0,0,0,0,0,0,4.675,False,False,True,,True,likely_yes,yes,4079,True,structured_bde,False,,11285
CNG_Data2k_variance/files/Q00897.01-0000846202.0002.DOCX,Q00897.01-0000846202.0002.DOCX,.docx,52653,ok,True,False,text,False,0,0,1,False,0,False,0-10,Money/Amount,False,Financial Account Information,False,,clear_non_responsive,False,,0,likely_non_responsive,,False,False,0,0,0,0,0,0,0.063,True,False,False,stage1_nr,False,,,0,False,,False,,0
CNG_Data2k_variance/files/Q00897.01-0000286522.PDF,Q00897.01-0000286522.PDF,.pdf,23964,ok,True,True,text,True,1,0,5,False,1,False,0-10,Name | Address | Phone | Card/Transaction | Money/Amount,True,Contact Information | Financial Account Information,False,,ambiguous,True,yes,6924,standard,bde_llm_count,True,True,1,0,0,0,0,1,9.939,False,False,True,,True,likely_no,no,3942,False,likely_non_responsive,True,,10866
CNG_Data2k_variance/files/Q00897.01-0000276416.PDF,Q00897.01-0000276416.PDF,.pdf,274556,ok,True,False,text,False,2,0,7,False,4,False,0-10,Name | Address | Phone | Money/Amount,True,Contact Information | Financial Account Information,False,,ambiguous,True,yes,7218,standard,bde_llm_count,True,True,2,0,0,0,0,1,9.739,False,False,True,,True,clear_no,no,4022,False,likely_non_responsive,True,,11240
CNG_Data2k_variance/files/Q00897.01-0000104182.XLSX,Q00897.01-0000104182.XLSX,.xlsx,194362,ok,True,True,text,True,1,0,58,False,0,False,50-100,Address | Phone | Money/Amount,True,Contact Information | Financial Account Information,False,,ambiguous,True,no,10411,likely_non_responsive,roster_by_rowcount bde_llm_count,False,False,0,0,0,0,0,0,1.966,True,False,False,stage1_nr,False,,,0,False,,False,,10411
CNG_Data2k_variance/files/Q00897.01-0000848996.0003.DOCX,Q00897.01-0000848996.0003.DOCX,.docx,108803,ok,True,False,text,False,0,0,1,False,0,False,0-10,Address,True,Contact Information,False,,ambiguous,True,no,5884,likely_non_responsive,,False,False,0,0,0,0,0,0,1.348,True,False,False,stage1_nr,False,,,0,False,,False,,5884
CNG_Data2k_variance/files/Q00897.01-0000912528.PDF,Q00897.01-0000912528.PDF,.pdf,110890,ok,True,False,text,False,3,0,0,False,0,False,0-10,,False,,False,,clear_non_responsive,False,,0,likely_non_responsive,,False,False,0,0,0,0,0,0,0.33,True,False,False,stage1_nr,False,,,0,False,,False,,0
CNG_Data2k_variance/files/Q00897.01-0000341657.PDF,Q00897.01-0000341657.PDF,.pdf,43627,ok,True,True,text,True,1,0,17,False,1,False,10-20,Name | Address | Email | Money/Amount | Health | Student ID,True,Contact Information | Financial Account Information | Health-Related Information | Student-Related Information,False,,ambiguous,True,yes,7220,standard,bde_llm_count,True,True,1,0,0,0,0,1,10.775,False,False,True,,True,likely_no,no,4081,False,likely_non_responsive,True,,11301
CNG_Data2k_variance/files/Q00897.01-0000910073.PDF,Q00897.01-0000910073.PDF,.pdf,14062,ok,True,False,text,False,2,0,1,False,0,False,0-10,Money/Amount,False,Financial Account Information,False,,clear_non_responsive,False,,0,likely_non_responsive,,False,False,0,0,0,0,0,0,0.173,True,False,False,stage1_nr,False,,,0,False,,False,,0
CNG_Data2k_variance/files/Q00897.01-0000677079.MSG,Q00897.01-0000677079.MSG,.msg,212480,ok,True,False,text,False,0,0,1,False,0,False,0-10,Phone,True,Contact Information,False,,ambiguous,True,no,5594,likely_non_responsive,,False,False,0,0,0,0,0,0,2.682,True,False,False,stage1_nr,False,,,0,False,,False,,5594
CNG_Data2k_variance/files/Q00897.01-0000378913.0001.PPTX,Q00897.01-0000378913.0001.PPTX,.pptx,5807590,ok,True,False,text,False,10,0,1,False,0,False,0-10,Card/Transaction | Money/Amount,False,Financial Account Information,False,,ambiguous,True,no,4712,likely_non_responsive,,False,False,0,0,0,0,0,0,2.326,True,False,False,stage1_nr,False,,,0,False,,False,,4712
CNG_Data2k_variance/files/Q00897.01-0000734897.MSG,Q00897.01-0000734897.MSG,.msg,145920,ok,True,False,text,False,0,1,5,False,0,False,0-10,Name | Address | Email | Phone,True,Contact Information,False,,ambiguous,True,yes,5054,standard,,False,False,0,0,0,0,0,0,3.485,False,False,True,,True,likely_yes,yes,5168,False,standard,False,,10222
CNG_Data2k_variance/files/Q00897.01-0000023387.PDF,Q00897.01-0000023387.PDF,.pdf,23016,ok,True,False,text,False,1,0,1,False,0,False,0-10,Phone | Money/Amount,True,Contact Information | Financial Account Information,False,,ambiguous,True,no,4011,likely_non_responsive,"img_ocr:p1,p1,p1(3/3,+3chars)",False,False,0,3,3,3,0,3,13.85,True,False,False,stage1_nr,False,,,0,False,,False,,4011
CNG_Data2k_variance/files/Q00897.01-0000530540.0001.PDF,Q00897.01-0000530540.0001.PDF,.pdf,22702,ok,True,False,text,False,1,0,1,False,0,False,0-10,Money/Amount,False,Financial Account Information,False,,clear_non_responsive,False,,0,likely_non_responsive,,False,False,0,0,0,0,0,0,0.029,True,False,False,stage1_nr,False,,,0,False,,False,,0
CNG_Data2k_variance/files/Q00897.01-0000343771.PDF,Q00897.01-0000343771.PDF,.pdf,395509,ok,True,False,text,False,2,0,2,False,0,False,0-10,Phone | Money/Amount,True,Contact Information | Financial Account Information,False,,ambiguous,True,no,4976,likely_non_responsive,,False,False,0,0,0,0,0,0,1.938,True,False,False,stage1_nr,False,,,0,False,,False,,4976
CNG_Data2k_variance/files/Q00897.01-0000776620.0001.PDF,Q00897.01-0000776620.0001.PDF,.pdf,299747,ok,True,False,text,False,127,0,3,False,0,False,0-10,Name | Address | Phone | Date of Birth | Account Balance | Money/Amount | Health | Work-Related,True,Contact Information | Birth Information | Financial Account Information | Health-Related Information | Work-Related Information,False,,ambiguous,True,no,9002,likely_non_responsive,,False,False,0,0,0,0,0,0,3.033,True,False,False,stage1_nr,False,,,0,False,,False,,9002
CNG_Data2k_variance/files/Q00897.01-0000760798.0001.PDF,Q00897.01-0000760798.0001.PDF,.pdf,167183,ok,True,False,text,False,1,0,2,False,0,False,0-10,Name | Address | Phone | Bank/Account Number | Card Expiry/CVV | Card/Transaction | Money/Amount,True,Contact Information | Financial Account Information,False,,ambiguous,True,yes,4326,standard,"img_ocr:p1(1/2,+9chars)",False,False,0,2,2,1,0,2,11.15,False,False,True,,True,likely_no,no,4419,False,likely_non_responsive,True,,8745
CNG_Data2k_variance/files/Q00897.01-0000819867.MSG,Q00897.01-0000819867.MSG,.msg,441856,ok,True,False,text,False,0,4,4,False,0,False,0-10,Name | Email | Phone | Money/Amount,True,Contact Information | Financial Account Information,False,,ambiguous,True,yes,5727,standard,,False,False,0,0,0,0,0,0,5.142,False,False,True,,True,likely_yes,yes,5778,False,standard,False,,11505
CNG_Data2k_variance/files/Q00897.01-0000434788.0002.XLSX,Q00897.01-0000434788.0002.XLSX,.xlsx,757791,ok,True,True,text,True,10,0,92,False,0,False,50-100,Phone | Payment Card | Money/Amount,True,Contact Information | Financial Account Information,False,,ambiguous,True,no,14194,likely_non_responsive,bde_llm_count,False,False,0,0,0,0,0,0,4.198,True,False,False,stage1_nr,False,,,0,False,,False,,14194
CNG_Data2k_variance/files/Q00897.01-0000244619.PDF,Q00897.01-0000244619.PDF,.pdf,46404,ok,True,True,text,True,5,0,38,False,0,False,20-50,Name | Address | Phone | Bank/Account Number | Money/Amount,True,Contact Information | Financial Account Information,False,,ambiguous,True,no,8350,likely_non_responsive,bde_llm_count,True,True,5,0,0,0,0,1,8.652,True,False,False,stage1_nr,False,,,0,False,,False,,8350
CNG_Data2k_variance/files/Q00897.01-0000009568.XLSX,Q00897.01-0000009568.XLSX,.xlsx,254012,ok,True,True,text,True,3,0,484,False,484,True,100+,Name | Money/Amount,False,Financial Account Information,True,,ambiguous,True,yes,14394,structured_bde,bde_llm_count_roster,False,False,0,0,0,0,0,0,6.089,False,True,True,,True,clear_yes,yes,7699,True,structured_bde,False,,22093
CNG_Data2k_variance/files/Q00897.01-0000541605.0001.PDF,Q00897.01-0000541605.0001.PDF,.pdf,22597,ok,True,False,text,False,1,0,1,False,0,False,0-10,Money/Amount,False,Financial Account Information,False,,clear_non_responsive,False,,0,likely_non_responsive,,False,False,0,0,0,0,0,0,0.027,True,False,False,stage1_nr,False,,,0,False,,False,,0
CNG_Data2k_variance/files/Q00897.01-0000690287.MSG,Q00897.01-0000690287.MSG,.msg,188416,ok,True,False,text,False,0,0,1,False,0,False,0-10,Name | Address | Email | Money/Amount,True,Contact Information | Financial Account Information,False,,ambiguous,True,yes,4330,standard,,False,False,0,0,0,0,0,0,3.942,False,False,True,,True,clear_yes,yes,4386,False,standard,False,,8716
CNG_Data2k_variance/files/Q00897.01-0000872784.PDF,Q00897.01-0000872784.PDF,.pdf,129395,ok,True,True,text,True,4,0,66,False,2,False,50-100,Name | Address | Phone | Money/Amount,True,Contact Information | Financial Account Information,False,,ambiguous,True,yes,14211,standard,bde_llm_count,True,True,4,0,0,0,0,1,73.033,False,False,True,,True,clear_yes,yes,7574,True,structured_bde,False,,21785
CNG_Data2k_variance/files/Q00897.01-0000563597.0001.PDF,Q00897.01-0000563597.0001.PDF,.pdf,126156,ok,True,False,text,False,1,0,0,False,0,False,0-10,,False,,False,,clear_non_responsive,False,,0,likely_non_responsive,,False,False,0,0,0,0,0,0,0.081,True,False,False,stage1_nr,False,,,0,False,,False,,0
CNG_Data2k_variance/files/Q00897.01-0000532454.0001.PDF,Q00897.01-0000532454.0001.PDF,.pdf,22733,ok,True,False,text,False,1,0,1,False,0,False,0-10,Money/Amount,False,Financial Account Information,False,,clear_non_responsive,False,,0,likely_non_responsive,,False,False,0,0,0,0,0,0,0.032,True,False,False,stage1_nr,False,,,0,False,,False,,0
CNG_Data2k_variance/files/Q00897.01-0000871549.TXT,Q00897.01-0000871549.TXT,.txt,3017,ok,True,False,text,False,0,0,1,False,0,False,0-10,Address | Phone | Money/Amount,True,Contact Information | Financial Account Information,False,,ambiguous,True,no,4349,likely_non_responsive,,False,False,0,0,0,0,0,0,1.158,True,False,False,stage1_nr,False,,,0,False,,False,,4349
CNG_Data2k_variance/files/Q00897.01-0000907229.PDF,Q00897.01-0000907229.PDF,.pdf,17440,ok,True,False,text,False,2,0,5,False,0,False,0-10,Name | Address | Phone | Work-Related,True,Contact Information | Work-Related Information,False,,ambiguous,True,yes,4538,standard,,False,False,0,0,0,0,0,0,3.528,False,False,True,,True,clear_yes,yes,4545,False,standard,False,,9083
CNG_Data2k_variance/files/Q00897.01-0000107041.0001.PDF,Q00897.01-0000107041.0001.PDF,.pdf,160648,ok,True,False,text,False,3,0,5,False,0,False,0-10,Name | Address | Email | Phone | Money/Amount,True,Contact Information | Financial Account Information,False,,ambiguous,True,no,5062,likely_non_responsive,,False,False,0,0,0,0,0,0,1.359,True,False,False,stage1_nr,False,,,0,False,,False,,5062
CNG_Data2k_variance/files/Q00897.01-0000304947.XLSX,Q00897.01-0000304947.XLSX,.xlsx,58751,ok,True,True,text,True,5,0,728,False,0,False,100+,Address | Phone | Money/Amount,True,Contact Information | Financial Account Information,False,,ambiguous,True,no,8188,likely_non_responsive,roster_by_rowcount bde_llm_count,False,False,0,0,0,0,0,0,3.943,True,False,False,stage1_nr,False,,,0,False,,False,,8188
CNG_Data2k_variance/files/Q00897.01-0000808305.0001.PDF,Q00897.01-0000808305.0001.PDF,.pdf,342224,ok,True,True,text,True,3,0,4,False,1,False,0-10,Name | Address | Phone | Work-Related,True,Contact Information | Work-Related Information,False,,ambiguous,True,no,9829,likely_non_responsive,bde_llm_count,True,True,3,0,0,0,0,1,8.184,True,False,False,stage1_nr,False,,,0,False,,False,,9829
CNG_Data2k_variance/files/Q00897.01-0000472589.MSG,Q00897.01-0000472589.MSG,.msg,75264,ok,True,False,text,False,0,0,4,False,0,False,0-10,Name | Email,True,Contact Information,False,,ambiguous,True,yes,4945,standard,,False,False,0,0,0,0,0,0,2.631,False,False,True,,True,likely_no,no,5012,False,likely_non_responsive,True,,9957
CNG_Data2k_variance/files/Q00897.01-0000675430.MSG,Q00897.01-0000675430.MSG,.msg,15490560,ok,True,False,text,False,0,7,3,False,0,False,0-10,Name | Address | Email | Phone | Money/Amount,True,Contact Information | Financial Account Information,False,,ambiguous,True,yes,4179,standard,,False,False,0,0,0,0,0,0,3.502,False,False,True,,True,likely_no,no,4276,False,likely_non_responsive,True,,8455
CNG_Data2k_variance/files/Q00897.01-0000833703.0002.DOCX,Q00897.01-0000833703.0002.DOCX,.docx,87542,ok,True,False,text,False,0,0,3,False,0,False,0-10,Name | Address | Email | Phone | Money/Amount,True,Contact Information | Financial Account Information,False,,ambiguous,True,yes,8629,standard,,False,False,0,0,0,0,0,0,3.231,False,False,True,,True,likely_no,no,8713,False,likely_non_responsive,True,,17342
CNG_Data2k_variance/files/Q00897.01-0000887303.XLSX,Q00897.01-0000887303.XLSX,.xlsx,19785,ok,True,True,text,True,3,0,90,False,0,True,50-100,,False,,True,,ambiguous,True,no,7221,structured_bde,roster_by_rowcount bde_llm_count_roster,False,False,0,0,0,0,0,0,63.884,False,True,True,,True,clear_no,no,4077,True,likely_non_responsive,True,,11298
CNG_Data2k_variance/files/Q00897.01-0000771560.0001.PDF,Q00897.01-0000771560.0001.PDF,.pdf,58602,ok,True,False,text,False,3,0,7,False,3,False,0-10,Name | Money/Amount,True,Financial Account Information,False,,ambiguous,True,yes,9251,standard,bde_llm_count,False,False,0,0,0,0,0,0,7.662,False,False,True,,True,borderline,no,5062,False,likely_non_responsive,True,,14313
CNG_Data2k_variance/files/Q00897.01-0000857383.PDF,Q00897.01-0000857383.PDF,.pdf,593554,ok,True,False,text,False,2,0,1,False,0,False,0-10,Name | Address | Money/Amount | Work-Related,True,Contact Information | Financial Account Information | Work-Related Information,False,,ambiguous,True,yes,5344,standard,,False,False,0,0,0,0,0,0,3.44,False,False,True,,True,clear_yes,yes,5384,False,standard,False,,10728
CNG_Data2k_variance/files/Q00897.01-0000884417.PNG,Q00897.01-0000884417.PNG,.png,64172,ok,True,False,text,False,1,0,1,False,0,False,0-10,Money/Amount,False,Financial Account Information,False,,clear_non_responsive,False,,0,likely_non_responsive,,True,True,1,0,0,0,0,1,4.253,True,False,False,stage1_nr,False,,,0,False,,False,,0
CNG_Data2k_variance/files/Q00897.01-0000808400.MSG,Q00897.01-0000808400.MSG,.msg,357376,error,False,False,,False,0,0,0,False,0,False,,,False,,False,,,False,,0,review_error,KeyError,False,False,0,0,0,0,0,0,11.345,False,False,False,extract_error,False,,,0,False,,False,,0
CNG_Data2k_variance/files/Q00897.01-0000518770.0001.XLSX,Q00897.01-0000518770.0001.XLSX,.xlsx,245324,ok,True,True,text,True,1,0,566,False,0,False,100+,Phone | Money/Amount,True,Contact Information | Financial Account Information,False,,ambiguous,True,no,19587,likely_non_responsive,bde_llm_count,False,False,0,0,0,0,0,0,3.772,True,False,False,stage1_nr,False,,,0,False,,False,,19587
CNG_Data2k_variance/files/Q00897.01-0000532635.0001.PDF,Q00897.01-0000532635.0001.PDF,.pdf,22569,ok,True,False,text,False,1,0,1,False,0,False,0-10,Money/Amount,False,Financial Account Information,False,,clear_non_responsive,False,,0,likely_non_responsive,,False,False,0,0,0,0,0,0,0.023,True,False,False,stage1_nr,False,,,0,False,,False,,0
CNG_Data2k_variance/files/Q00897.01-0000658007.MSG,Q00897.01-0000658007.MSG,.msg,98816,ok,True,False,text,False,0,0,4,False,0,False,0-10,Name | Email | Card/Transaction | Money/Amount,True,Contact Information | Financial Account Information,False,,ambiguous,True,no,4033,likely_non_responsive,,False,False,0,0,0,0,0,0,1.59,True,False,False,stage1_nr,False,,,0,False,,False,,4033
CNG_Data2k_variance/files/Q00897.01-0000500291.0002.PDF,Q00897.01-0000500291.0002.PDF,.pdf,152614,ok,True,False,text,False,3,0,1,False,0,False,0-10,Money/Amount,False,Financial Account Information,False,,clear_non_responsive,False,,0,likely_non_responsive,"img_ocr:p1,p1(2/2,+22chars)",False,False,0,2,2,2,0,2,8.466,True,False,False,stage1_nr,False,,,0,False,,False,,0
CNG_Data2k_variance/files/Q00897.01-0000561886.0002.XLSX,Q00897.01-0000561886.0002.XLSX,.xlsx,648226,ok,True,True,text,True,1,0,88,False,0,False,50-100,,False,,False,,ambiguous,True,yes,15247,standard,bde_llm_count,False,False,0,0,0,0,0,0,5.159,False,False,True,,True,likely_no,no,8075,True,likely_non_responsive,True,,23322
CNG_Data2k_variance/files/Q00897.01-0000808346.0001.DOCX,Q00897.01-0000808346.0001.DOCX,.docx,22626,ok,True,False,text,False,0,0,1,False,0,False,0-10,Name | Address,True,Contact Information,False,,ambiguous,True,no,5319,likely_non_responsive,,False,False,0,0,0,0,0,0,1.103,True,False,False,stage1_nr,False,,,0,False,,False,,5319
CNG_Data2k_variance/files/Q00897.01-0000129575.PDF,Q00897.01-0000129575.PDF,.pdf,2883805,ok,True,True,text,True,15,0,103,False,0,False,100+,Phone | Money/Amount,True,Contact Information | Financial Account Information,False,,ambiguous,True,no,14574,likely_non_responsive,bde_llm_count,True,True,15,0,0,0,0,1,10.159,True,False,False,stage1_nr,False,,,0,False,,False,,14574
CNG_Data2k_variance/files/Q00897.01-0000020737.XLSX,Q00897.01-0000020737.XLSX,.xlsx,21156,ok,True,True,text,True,3,0,63,False,8,True,50-100,Name | Money/Amount,False,Financial Account Information,True,,ambiguous,True,yes,10536,structured_bde,roster_by_rowcount bde_llm_count_roster,False,False,0,0,0,0,0,0,5.382,False,True,True,,True,clear_yes,yes,5744,True,structured_bde,False,,16280
CNG_Data2k_variance/files/Q00897.01-0000846308.MSG,Q00897.01-0000846308.MSG,.msg,94208,ok,True,False,text,False,0,1,6,False,0,False,0-10,Name | Address | Email | Phone,True,Contact Information,False,,ambiguous,True,yes,4945,standard,,False,False,0,0,0,0,0,0,3.188,False,False,True,,True,likely_no,no,5024,False,likely_non_responsive,True,,9969
CNG_Data2k_variance/files/Q00897.01-0000642031.MSG,Q00897.01-0000642031.MSG,.msg,19968,ok,True,False,text,False,0,0,0,False,0,False,0-10,,False,,False,,clear_non_responsive,False,,0,likely_non_responsive,,False,False,0,0,0,0,0,0,0.026,True,False,False,stage1_nr,False,,,0,False,,False,,0
CNG_Data2k_variance/files/Q00897.01-0000836592.0001.DOCX,Q00897.01-0000836592.0001.DOCX,.docx,175394,ok,True,False,text,False,0,0,2,False,0,False,0-10,Name | Address | Email | Phone | Money/Amount | Health | Work-Related,True,Contact Information | Financial Account Information | Health-Related Information | Work-Related Information,False,,ambiguous,True,no,9249,likely_non_responsive,,False,False,0,0,0,0,0,0,2.086,True,False,False,stage1_nr,False,,,0,False,,False,,9249
CNG_Data2k_variance/files/Q00897.01-0000290210.PDF,Q00897.01-0000290210.PDF,.pdf,697776,ok,True,False,text,False,5,0,9,False,9,False,0-10,Name | Address | Phone | Money/Amount,True,Contact Information | Financial Account Information,False,,ambiguous,True,yes,9739,standard,bde_llm_count_roster,False,False,0,0,0,0,0,0,6.224,False,False,True,,True,likely_yes,yes,5339,False,standard,False,,15078
CNG_Data2k_variance/files/Q00897.01-0000289534.PDF,Q00897.01-0000289534.PDF,.pdf,937614,ok,True,False,text,False,4,0,31,False,32,False,20-50,Name | Address | Money/Amount | Health,True,Contact Information | Financial Account Information | Health-Related Information,False,,ambiguous,True,yes,11324,standard,bde_llm_count_roster,False,False,0,0,0,0,0,0,9.008,False,False,True,,True,clear_yes,yes,6248,False,standard,False,,17572
CNG_Data2k_variance/files/Q00897.01-0000242957.PDF,Q00897.01-0000242957.PDF,.pdf,134566,ok,True,True,text,True,1,0,14,False,0,False,10-20,Name | Phone | Bank/Account Number | Money/Amount,True,Contact Information | Financial Account Information,False,,ambiguous,True,no,7021,likely_non_responsive,bde_llm_count,True,True,1,0,0,0,0,1,7.117,True,False,False,stage1_nr,False,,,0,False,,False,,7021
CNG_Data2k_variance/files/Q00897.01-0000451424.MSG,Q00897.01-0000451424.MSG,.msg,365568,ok,True,False,text,False,0,0,6,False,0,False,0-10,Name | Address | Money/Amount,True,Contact Information | Financial Account Information,False,,ambiguous,True,no,6827,likely_non_responsive,,False,False,0,0,0,0,0,0,4.151,True,False,False,stage1_nr,False,,,0,False,,False,,6827
CNG_Data2k_variance/files/Q00897.01-0000305509.CSV,Q00897.01-0000305509.CSV,.csv,14855,ok,True,True,text,True,0,0,117,False,3,False,100+,Name | Money/Amount | Work-Related,False,Financial Account Information | Work-Related Information,False,,ambiguous,True,yes,13449,standard,roster_by_rowcount bde_llm_count,False,False,0,0,0,0,0,0,5.053,False,False,True,,True,likely_no,no,7214,True,likely_non_responsive,True,,20663
CNG_Data2k_variance/files/Q00897.01-0000686536.MSG,Q00897.01-0000686536.MSG,.msg,153088,ok,True,False,text,False,0,0,1,False,0,False,0-10,Name | Email | Card/Transaction | Money/Amount,True,Contact Information | Financial Account Information,False,,ambiguous,True,no,4113,likely_non_responsive,,False,False,0,0,0,0,0,0,1.385,True,False,False,stage1_nr,False,,,0,False,,False,,4113
CNG_Data2k_variance/files/Q00897.01-0000910267.PDF,Q00897.01-0000910267.PDF,.pdf,7017,ok,True,False,text,False,1,0,1,False,0,False,0-10,Name | Address | Phone | Money/Amount,True,Contact Information | Financial Account Information,False,,ambiguous,True,yes,4055,standard,,False,False,0,0,0,0,0,0,2.392,False,False,True,,True,clear_yes,yes,4107,False,standard,False,,8162
CNG_Data2k_variance/files/Q00897.01-0000405353.MSG,Q00897.01-0000405353.MSG,.msg,9861120,ok,True,False,text,False,0,2,1,False,0,False,0-10,Phone,True,Contact Information,False,,ambiguous,True,no,3744,likely_non_responsive,,False,False,0,0,0,0,0,0,1.866,True,False,False,stage1_nr,False,,,0,False,,False,,3744
CNG_Data2k_variance/files/Q00897.01-0000122117.TXT,Q00897.01-0000122117.TXT,.txt,11095,ok,True,False,text,False,0,0,1,False,0,False,0-10,Money/Amount,False,Financial Account Information,False,,clear_non_responsive,False,,0,likely_non_responsive,,False,False,0,0,0,0,0,0,0.026,True,False,False,stage1_nr,False,,,0,False,,False,,0
CNG_Data2k_variance/files/Q00897.01-0000009338.PDF,Q00897.01-0000009338.PDF,.pdf,470357,ok,True,False,text,False,3,0,7,False,7,False,0-10,Name | Address | Money/Amount | Work-Related,True,Contact Information | Financial Account Information | Work-Related Information,False,,ambiguous,True,yes,9601,standard,bde_llm_count_roster,False,False,0,0,0,0,0,0,5.719,False,False,True,,True,clear_yes,yes,5261,False,standard,False,,14862
CNG_Data2k_variance/files/Q00897.01-0000771997.MSG,Q00897.01-0000771997.MSG,.msg,166912,ok,True,False,text,False,0,0,4,False,0,False,0-10,Name | Address | Email | Phone | Money/Amount | Work-Related,True,Contact Information | Financial Account Information | Work-Related Information,False,,ambiguous,True,yes,7078,standard,,False,False,0,0,0,0,0,0,4.006,False,False,True,,True,likely_yes,yes,7165,False,standard,False,,14243
CNG_Data2k_variance/files/Q00897.01-0000551385.MSG,Q00897.01-0000551385.MSG,.msg,120832,ok,True,False,text,False,0,1,0,False,0,False,0-10,,False,,False,,clear_non_responsive,False,,0,likely_non_responsive,,False,False,0,0,0,0,0,0,0.487,True,False,False,stage1_nr,False,,,0,False,,False,,0
CNG_Data2k_variance/files/Q00897.01-0000898493.PDF,Q00897.01-0000898493.PDF,.pdf,13335,ok,True,False,text,False,2,0,1,False,0,False,0-10,Money/Amount,False,Financial Account Information,False,,clear_non_responsive,False,,0,likely_non_responsive,,False,False,0,0,0,0,0,0,0.176,True,False,False,stage1_nr,False,,,0,False,,False,,0
CNG_Data2k_variance/files/Q00897.01-0000673351.0001.PDF,Q00897.01-0000673351.0001.PDF,.pdf,2842,ok,True,False,text,False,1,0,1,False,0,False,0-10,Address | Money/Amount,True,Contact Information | Financial Account Information,False,,ambiguous,True,no,3911,likely_non_responsive,,False,False,0,0,0,0,0,0,1.374,True,False,False,stage1_nr,False,,,0,False,,False,,3911
CNG_Data2k_variance/files/Q00897.01-0000011173.PDF,Q00897.01-0000011173.PDF,.pdf,59110,ok,True,False,text,False,1,0,0,False,0,False,0-10,,False,,False,,clear_non_responsive,False,,0,likely_non_responsive,,False,False,0,0,0,0,0,0,0.04,True,False,False,stage1_nr,False,,,0,False,,False,,0
CNG_Data2k_variance/files/Q00897.01-0000252370.PDF,Q00897.01-0000252370.PDF,.pdf,135380,ok,True,False,text,False,1,0,2,False,0,False,0-10,Name | Address | Phone | Money/Amount,True,Contact Information | Financial Account Information,False,,ambiguous,True,no,3829,likely_non_responsive,,True,True,1,0,0,0,0,1,5.758,True,False,False,stage1_nr,False,,,0,False,,False,,3829
CNG_Data2k_variance/files/Q00897.01-0000292870.PDF,Q00897.01-0000292870.PDF,.pdf,1285632,ok,True,False,text,False,9,0,50,False,51,True,20-50,Name | Date of Birth | Money/Amount,True,Birth Information | Financial Account Information,True,,ambiguous,True,yes,34425,bde,bde_llm_count_roster,False,False,0,0,0,0,0,0,6.645,False,True,True,,True,clear_yes,yes,17736,False,standard,False,,52161
CNG_Data2k_variance/files/Q00897.01-0000542487.0001.PDF,Q00897.01-0000542487.0001.PDF,.pdf,22567,ok,True,False,text,False,1,0,1,False,0,False,0-10,Money/Amount,False,Financial Account Information,False,,clear_non_responsive,False,,0,likely_non_responsive,,False,False,0,0,0,0,0,0,0.025,True,False,False,stage1_nr,False,,,0,False,,False,,0
CNG_Data2k_variance/files/Q00897.01-0000662994.MSG,Q00897.01-0000662994.MSG,.msg,172032,ok,True,False,text,False,0,0,10,False,6,False,0-10,Name | Address | Email | Phone | Money/Amount,True,Contact Information | Financial Account Information,False,,ambiguous,True,yes,12853,standard,bde_llm_count,False,False,0,0,0,0,0,0,6.34,False,False,True,,True,likely_yes,yes,6910,False,standard,False,,19763
CNG_Data2k_variance/files/Q00897.01-0000859332.PDF,Q00897.01-0000859332.PDF,.pdf,49268,ok,True,False,text,False,1,0,1,False,0,False,0-10,Money/Amount,False,Financial Account Information,False,,clear_non_responsive,False,,0,likely_non_responsive,,False,False,0,0,0,0,0,0,0.113,True,False,False,stage1_nr,False,,,0,False,,False,,0
CNG_Data2k_variance/files/Q00897.01-0000346830.PDF,Q00897.01-0000346830.PDF,.pdf,20890,ok,True,False,text,False,3,0,1,False,0,False,0-10,Address | Money/Amount,True,Contact Information | Financial Account Information,False,,ambiguous,True,yes,4913,standard,,False,False,0,0,0,0,0,0,3.414,False,False,True,,True,clear_yes,yes,4940,False,standard,False,,9853
CNG_Data2k_variance/files/Q00897.01-0000913209.PDF,Q00897.01-0000913209.PDF,.pdf,57568,ok,True,False,text,False,3,0,3,False,0,False,0-10,SSN | Alien Registration | Money/Amount,True,Government-Issued Identification | Financial Account Information,False,,clear_responsive,False,,0,standard,,True,True,3,0,0,0,0,1,8.993,False,False,True,,True,clear_yes,yes,5044,False,standard,False,,5044
CNG_Data2k_variance/files/Q00897.01-0000833935.0004.DOCX,Q00897.01-0000833935.0004.DOCX,.docx,44538,ok,True,False,text,False,0,0,5,False,0,False,0-10,Name | Address | Money/Amount,True,Contact Information | Financial Account Information,False,,ambiguous,True,no,7036,likely_non_responsive,,False,False,0,0,0,0,0,0,2.236,True,False,False,stage1_nr,False,,,0,False,,False,,7036
CNG_Data2k_variance/files/Q00897.01-0000735870.0001.PDF,Q00897.01-0000735870.0001.PDF,.pdf,1017801,ok,True,False,text,False,8,0,1,False,0,False,0-10,Name | Email | Money/Amount,True,Contact Information | Financial Account Information,False,,ambiguous,True,yes,7218,standard,,False,False,0,0,0,0,0,0,6.304,False,False,True,,True,likely_no,no,7451,False,likely_non_responsive,True,,14669
CNG_Data2k_variance/files/Q00897.01-0000642101.MSG,Q00897.01-0000642101.MSG,.msg,19968,ok,True,False,text,False,0,0,0,False,0,False,0-10,,False,,False,,clear_non_responsive,False,,0,likely_non_responsive,,False,False,0,0,0,0,0,0,0.04,True,False,False,stage1_nr,False,,,0,False,,False,,0
CNG_Data2k_variance/files/Q00897.01-0000250009.PDF,Q00897.01-0000250009.PDF,.pdf,164609,ok,True,True,text,True,9,0,72,False,0,False,50-100,Name | Address | Email | Phone | Bank/Account Number | Money/Amount,True,Contact Information | Financial Account Information,False,,ambiguous,True,yes,10494,standard,bde_llm_count,True,True,9,0,0,0,0,1,10.153,False,False,True,,True,clear_no,no,5712,True,likely_non_responsive,True,,16206
CNG_Data2k_variance/files/Q00897.01-0000652234.MSG,Q00897.01-0000652234.MSG,.msg,295936,ok,True,False,text,False,0,6,4,False,0,False,0-10,Name | Address | Email | Phone | Money/Amount,True,Contact Information | Financial Account Information,False,,ambiguous,True,yes,5193,standard,,False,False,0,0,0,0,0,0,3.513,False,False,True,,True,clear_no,no,5244,False,likely_non_responsive,True,,10437
CNG_Data2k_variance/files/Q00897.01-0000275959.PDF,Q00897.01-0000275959.PDF,.pdf,297904,ok,True,False,text,False,2,0,2,False,0,False,0-10,Name | Address | Money/Amount,True,Contact Information | Financial Account Information,False,,ambiguous,True,no,4068,likely_non_responsive,,True,True,2,0,0,0,0,1,6.699,True,False,False,stage1_nr,False,,,0,False,,False,,4068
CNG_Data2k_variance/files/Q00897.01-0000463242.0001.PDF,Q00897.01-0000463242.0001.PDF,.pdf,50299,ok,True,False,text,False,3,0,2,False,0,False,0-10,Name | Address | Phone | Card/Transaction | Money/Amount,True,Contact Information | Financial Account Information,False,,ambiguous,True,yes,4677,standard,,False,False,0,0,0,0,0,0,2.292,False,False,True,,True,clear_yes,yes,4712,False,standard,False,,9389
CNG_Data2k_variance/files/Q00897.01-0000000400.PDF,Q00897.01-0000000400.PDF,.pdf,115606,ok,True,False,text,False,4,0,1,False,0,False,0-10,Address | Phone | SSN | Money/Amount | Work-Related,True,Contact Information | Government-Issued Identification | Financial Account Information | Work-Related Information,False,,clear_responsive,False,,0,standard,"img_ocr:none(1 calls,0 chars)",False,False,0,1,1,0,0,1,7.175,False,False,True,,True,clear_yes,yes,13288,False,standard,False,,13288
CNG_Data2k_variance/files/Q00897.01-0000002743.PDF,Q00897.01-0000002743.PDF,.pdf,2479894,ok,True,False,text,False,1,0,2,False,0,False,0-10,Name | Address | Email | Phone | SSN | Money/Amount | Work-Related,True,Contact Information | Government-Issued Identification | Financial Account Information | Work-Related Information,False,,clear_responsive,False,,0,standard,,False,False,0,0,0,0,0,0,1.657,False,False,True,,True,clear_yes,yes,4211,False,standard,False,,4211
CNG_Data2k_variance/files/Q00897.01-0000836038.MSG,Q00897.01-0000836038.MSG,.msg,298496,ok,True,False,text,False,0,7,9,False,6,False,0-10,Name | Address | Email | Phone,True,Contact Information,False,,ambiguous,True,yes,12551,standard,bde_llm_count,False,False,0,0,0,0,0,0,7.186,False,False,True,,True,clear_yes,yes,6714,False,standard,False,,19265
CNG_Data2k_variance/files/Q00897.01-0000707121.MSG,Q00897.01-0000707121.MSG,.msg,186368,ok,True,False,text,False,0,0,1,False,0,False,0-10,Name | Address | Email | Phone | Payment Card | Money/Amount,True,Contact Information | Financial Account Information,False,,ambiguous,True,yes,4294,standard,,False,False,0,0,0,0,0,0,3.474,False,False,True,,True,clear_yes,yes,4362,False,standard,False,,8656
CNG_Data2k_variance/files/Q00897.01-0000754082.MSG,Q00897.01-0000754082.MSG,.msg,102912,ok,True,False,text,False,0,0,27,False,27,False,20-50,Name | Address | Email | Phone | Money/Amount,True,Contact Information | Financial Account Information,False,,ambiguous,True,yes,17660,standard,bde_llm_count,False,False,0,0,0,0,0,0,70.779,False,False,True,,True,likely_no,no,9366,False,likely_non_responsive,True,,27026
CNG_Data2k_variance/files/Q00897.01-0000895291.PDF,Q00897.01-0000895291.PDF,.pdf,198859,ok,True,False,text,False,27,0,8,False,7,False,0-10,Name | Address | Phone,True,Contact Information,False,,ambiguous,True,yes,33801,standard,bde_llm_count_roster,False,False,0,0,0,0,0,0,8.86,False,False,True,,True,likely_no,no,17426,False,likely_non_responsive,True,,51227
CNG_Data2k_variance/files/Q00897.01-0000474241.MSG,Q00897.01-0000474241.MSG,.msg,2086400,ok,True,False,text,False,0,3,7,False,7,False,0-10,Name | Address | Email | Phone | Bank/Account Number | Money/Amount,True,Contact Information | Financial Account Information,False,,ambiguous,True,yes,12625,standard,bde_llm_count,False,False,0,0,0,0,0,0,5.875,False,False,True,,True,clear_yes,yes,6756,False,standard,False,,19381
CNG_Data2k_variance/files/Q00897.01-0000642454.MSG,Q00897.01-0000642454.MSG,.msg,19456,ok,True,False,text,False,0,0,0,False,0,False,0-10,,False,,False,,clear_non_responsive,False,,0,likely_non_responsive,,False,False,0,0,0,0,0,0,0.021,True,False,False,stage1_nr,False,,,0,False,,False,,0
CNG_Data2k_variance/files/Q00897.01-0000484196.MSG,Q00897.01-0000484196.MSG,.msg,41472,ok,True,False,text,False,0,0,9,False,7,False,0-10,Name | Email | Money/Amount | Work-Related,True,Contact Information | Financial Account Information | Work-Related Information,False,,ambiguous,True,no,9955,likely_non_responsive,bde_llm_count,False,False,0,0,0,0,0,0,3.425,True,False,False,stage1_nr,False,,,0,False,,False,,9955
CNG_Data2k_variance/files/Q00897.01-0000356725.CSV,Q00897.01-0000356725.CSV,.csv,93493,ok,True,True,text,True,0,0,630,False,630,True,100+,Name | Money/Amount | Work-Related,False,Financial Account Information | Work-Related Information,True,,ambiguous,True,yes,12090,structured_bde,bde_llm_count_roster,False,False,0,0,0,0,0,0,7.477,False,True,True,,True,likely_yes,yes,6569,True,structured_bde,False,,18659
CNG_Data2k_variance/files/Q00897.01-0000012441.PDF,Q00897.01-0000012441.PDF,.pdf,2434396,ok,True,False,text,False,1,0,2,False,0,False,0-10,Name | Address | Email | Phone | SSN | Money/Amount | Work-Related,True,Contact Information | Government-Issued Identification | Financial Account Information | Work-Related Information,False,,clear_responsive,False,,0,standard,,False,False,0,0,0,0,0,0,1.457,False,False,True,,True,clear_yes,yes,4199,False,standard,False,,4199
CNG_Data2k_variance/files/Q00897.01-0000251052.PDF,Q00897.01-0000251052.PDF,.pdf,1583742,ok,True,True,text,True,9,0,165,False,0,False,100+,Payment Card | Money/Amount,True,Financial Account Information,False,,ambiguous,True,no,20995,likely_non_responsive,bde_llm_count,True,True,9,0,0,0,0,1,12.557,True,False,False,stage1_nr,False,,,0,False,,False,,20995
CNG_Data2k_variance/files/Q00897.01-0000403826.MSG,Q00897.01-0000403826.MSG,.msg,126464,ok,True,False,text,False,0,0,11,False,2,False,10-20,Name | Address | Email | Phone,True,Contact Information,False,,ambiguous,True,yes,7447,standard,bde_llm_count,False,False,0,0,0,0,0,0,5.25,False,False,True,,True,clear_no,no,4212,False,likely_non_responsive,True,,11659
CNG_Data2k_variance/files/Q00897.01-0000238674.PDF,Q00897.01-0000238674.PDF,.pdf,799164,ok,True,True,text,True,9,0,13,False,1,False,10-20,Name | Account Balance | Money/Amount | Demographic | Work-Related,False,Financial Account Information | Demographic Information | Work-Related Information,False,,ambiguous,True,yes,17180,standard,bde_llm_count,True,True,9,0,0,0,0,1,12.653,False,False,True,,True,likely_no,no,9085,False,likely_non_responsive,True,,26265
CNG_Data2k_variance/files/Q00897.01-0000112388.XLSX,Q00897.01-0000112388.XLSX,.xlsx,248213,ok,True,True,text,True,1,0,138,False,0,False,100+,Phone | Payment Card | Money/Amount,True,Contact Information | Financial Account Information,False,,ambiguous,True,no,32785,likely_non_responsive,bde_llm_count,False,False,0,0,0,0,0,0,3.917,True,False,False,stage1_nr,False,,,0,False,,False,,32785
CNG_Data2k_variance/files/Q00897.01-0000459944.0001.PDF,Q00897.01-0000459944.0001.PDF,.pdf,209376,ok,True,True,text,True,2,0,7,False,2,False,0-10,Name | Address | Health,True,Contact Information | Health-Related Information,False,,ambiguous,True,no,10149,likely_non_responsive,bde_llm_count,True,True,2,0,0,0,0,1,10.56,True,False,False,stage1_nr,False,,,0,False,,False,,10149
CNG_Data2k_variance/files/Q00897.01-0000257085.PDF,Q00897.01-0000257085.PDF,.pdf,38157,ok,True,True,text,True,1,0,3,False,2,False,0-10,Address | Phone | Bank/Account Number | Card Expiry/CVV | Money/Amount,True,Contact Information | Financial Account Information,False,,ambiguous,True,no,7445,likely_non_responsive,bde_llm_count,True,True,1,0,0,0,0,1,9.154,True,False,False,stage1_nr,False,,,0,False,,False,,7445
CNG_Data2k_variance/files/Q00897.01-0000420917.0001.PDF,Q00897.01-0000420917.0001.PDF,.pdf,4503058,ok,True,True,text,True,10,0,36,False,2,False,20-50,Address | Email | Phone | Money/Amount,True,Contact Information | Financial Account Information,False,,ambiguous,True,no,21907,likely_non_responsive,bde_llm_count,True,True,10,0,0,0,0,1,13.348,True,False,False,stage1_nr,False,,,0,False,,False,,21907
CNG_Data2k_variance/files/Q00897.01-0000538928.0001.PDF,Q00897.01-0000538928.0001.PDF,.pdf,20968,ok,True,False,text,False,1,0,0,False,0,False,0-10,,False,,False,,clear_non_responsive,False,,0,likely_non_responsive,,False,False,0,0,0,0,0,0,0.082,True,False,False,stage1_nr,False,,,0,False,,False,,0
CNG_Data2k_variance/files/Q00897.01-0000134134.PDF,Q00897.01-0000134134.PDF,.pdf,1027093,ok,True,True,text,True,6,0,61,False,0,False,50-100,Phone | Money/Amount,True,Contact Information | Financial Account Information,False,,ambiguous,True,no,9403,likely_non_responsive,bde_llm_count,True,True,6,0,0,0,0,1,9.129,True,False,False,stage1_nr,False,,,0,False,,False,,9403
CNG_Data2k_variance/files/Q00897.01-0000654951.MSG,Q00897.01-0000654951.MSG,.msg,57344,ok,True,False,text,False,0,1,1,False,0,False,0-10,Name | Address | Email | Phone,True,Contact Information,False,,ambiguous,True,yes,3911,standard,,False,False,0,0,0,0,0,0,3.695,False,False,True,,True,clear_no,no,3989,False,likely_non_responsive,True,,7900
CNG_Data2k_variance/files/Q00897.01-0000905627.PDF,Q00897.01-0000905627.PDF,.pdf,7363,ok,True,False,text,False,1,0,0,False,0,False,0-10,,False,,False,,clear_non_responsive,False,,0,likely_non_responsive,,False,False,0,0,0,0,0,0,0.044,True,False,False,stage1_nr,False,,,0,False,,False,,0
CNG_Data2k_variance/files/Q00897.01-0000625997.MSG,Q00897.01-0000625997.MSG,.msg,55808,ok,True,False,text,False,0,1,8,False,7,False,0-10,Name | Address | Email | Phone,True,Contact Information,False,,ambiguous,True,yes,8865,standard,bde_llm_count,False,False,0,0,0,0,0,0,9.96,False,False,True,,True,likely_yes,yes,4907,False,standard,False,,13772
CNG_Data2k_variance/files/Q00897.01-0000007285.XLSX,Q00897.01-0000007285.XLSX,.xlsx,16036,ok,True,True,text,True,1,0,7,False,7,False,0-10,SSN | Money/Amount | Work-Related,True,Government-Issued Identification | Financial Account Information | Work-Related Information,False,,clear_responsive,False,,3916,standard,bde_llm_count_roster,False,False,0,0,0,0,0,0,6.74,False,False,True,,True,clear_yes,yes,4859,False,standard,False,,8775
CNG_Data2k_variance/files/Q00897.01-0000820564.0004.PDF,Q00897.01-0000820564.0004.PDF,.pdf,973842,ok,True,False,text,False,24,0,3,False,0,False,0-10,Name | Address | Email | Bank/Account Number | Card Expiry/CVV | Demographic | Work-Related,True,Contact Information | Financial Account Information | Demographic Information | Work-Related Information,False,,ambiguous,True,yes,10229,standard,,False,False,0,0,0,0,0,0,5.984,False,False,True,,True,likely_yes,yes,10271,False,standard,False,,20500
CNG_Data2k_variance/files/Q00897.01-0000666802.0002.XLSX,Q00897.01-0000666802.0002.XLSX,.xlsx,15845,ok,True,True,text,True,1,0,3,False,0,False,0-10,Phone | Money/Amount,True,Contact Information | Financial Account Information,False,,ambiguous,True,no,9570,likely_non_responsive,bde_llm_count,False,False,0,0,0,0,0,0,3.528,True,False,False,stage1_nr,False,,,0,False,,False,,9570
CNG_Data2k_variance/files/Q00897.01-0000849085.MSG,Q00897.01-0000849085.MSG,.msg,229888,error,False,False,,False,0,0,0,False,0,False,,,False,,False,,,False,,0,review_error,MalformedRtf,False,False,0,0,0,0,0,0,0.707,False,False,False,extract_error,False,,,0,False,,False,,0
CNG_Data2k_variance/files/Q00897.01-0000820813.0002.DOCX,Q00897.01-0000820813.0002.DOCX,.docx,36687,ok,True,False,text,False,0,0,1,False,0,False,0-10,Address,True,Contact Information,False,,ambiguous,True,no,5492,likely_non_responsive,,False,False,0,0,0,0,0,0,4.937,True,False,False,stage1_nr,False,,,0,False,,False,,5492
CNG_Data2k_variance/files/Q00897.01-0000414192.MSG,Q00897.01-0000414192.MSG,.msg,2692096,ok,True,False,text,False,0,5,3,False,0,False,0-10,Email | Phone | Health | Work-Related,True,Contact Information | Health-Related Information | Work-Related Information,False,,ambiguous,True,no,4761,likely_non_responsive,,False,False,0,0,0,0,0,0,1.892,True,False,False,stage1_nr,False,,,0,False,,False,,4761
CNG_Data2k_variance/files/Q00897.01-0000015348.PDF,Q00897.01-0000015348.PDF,.pdf,59386,ok,True,False,text,False,1,0,0,False,0,False,0-10,,False,,False,,clear_non_responsive,False,,0,likely_non_responsive,,False,False,0,0,0,0,0,0,0.043,True,False,False,stage1_nr,False,,,0,False,,False,,0
CNG_Data2k_variance/files/Q00897.01-0000396189.MSG,Q00897.01-0000396189.MSG,.msg,457216,ok,True,False,text,False,0,0,2,False,0,False,0-10,Name | Address | Email | Phone | Money/Amount,True,Contact Information | Financial Account Information,False,,ambiguous,True,no,5220,likely_non_responsive,,False,False,0,0,0,0,0,0,1.769,True,False,False,stage1_nr,False,,,0,False,,False,,5220
CNG_Data2k_variance/files/Q00897.01-0000740512.MSG,Q00897.01-0000740512.MSG,.msg,595968,ok,True,False,text,False,0,0,2,False,0,False,0-10,Name | Money/Amount | Work-Related,True,Financial Account Information | Work-Related Information,False,,ambiguous,True,no,8454,likely_non_responsive,,False,False,0,0,0,0,0,0,4.767,True,False,False,stage1_nr,False,,,0,False,,False,,8454
CNG_Data2k_variance/files/Q00897.01-0000546876.0001.XLSX,Q00897.01-0000546876.0001.XLSX,.xlsx,17293,ok,True,True,text,True,1,0,142,False,0,True,100+,Phone,True,Contact Information,True,,ambiguous,True,no,11608,structured_bde,roster_by_rowcount bde_llm_count_roster,False,False,0,0,0,0,0,0,4.679,False,True,True,,True,clear_no,no,6244,True,likely_non_responsive,True,,17852
CNG_Data2k_variance/files/Q00897.01-0000331985.PDF,Q00897.01-0000331985.PDF,.pdf,361150,ok,True,False,text,False,4,0,1,False,0,False,0-10,Name | Address | Phone | Bank/Account Number | Money/Amount,True,Contact Information | Financial Account Information,False,,ambiguous,True,yes,4521,standard,"img_ocr:p3(1/1,+517chars)",False,False,0,1,1,1,0,1,8.173,False,False,True,,True,likely_no,no,4609,False,likely_non_responsive,True,,9130
CNG_Data2k_variance/files/Q00897.01-0000908856.PDF,Q00897.01-0000908856.PDF,.pdf,5594465,ok,True,False,text,False,657,0,488,False,488,True,100+,Address | Phone | SSN | Money/Amount | Work-Related,True,Contact Information | Government-Issued Identification | Financial Account Information | Work-Related Information,True,,clear_responsive,False,,14168,bde,bde_llm_count_roster,False,False,0,0,0,0,0,0,207.115,False,True,True,,True,clear_yes,yes,15167,True,bde,False,,29335
CNG_Data2k_variance/files/Q00897.01-0000771935.0001.PDF,Q00897.01-0000771935.0001.PDF,.pdf,90794,ok,True,False,text,False,2,0,1,False,0,False,0-10,Name | Email | Phone | Money/Amount,True,Contact Information | Financial Account Information,False,,ambiguous,True,yes,4881,standard,,False,False,0,0,0,0,0,0,3.647,False,False,True,,True,clear_no,no,4959,False,likely_non_responsive,True,,9840
CNG_Data2k_variance/files/Q00897.01-0000671728.MSG,Q00897.01-0000671728.MSG,.msg,1702400,ok,True,False,text,False,0,4,2,False,0,False,0-10,Name | Address | Email | Phone | Money/Amount,True,Contact Information | Financial Account Information,False,,ambiguous,True,yes,4401,standard,,False,False,0,0,0,0,0,0,3.196,False,False,True,,True,likely_no,no,4500,False,likely_non_responsive,True,,8901
CNG_Data2k_variance/files/Q00897.01-0000839701.0001.XLSX,Q00897.01-0000839701.0001.XLSX,.xlsx,20837,ok,True,True,text,True,2,0,526,False,0,False,100+,Name,False,,False,,ambiguous,True,no,7170,likely_non_responsive,roster_by_rowcount bde_llm_count,False,False,0,0,0,0,0,0,3.059,True,False,False,stage1_nr,False,,,0,False,,False,,7170
CNG_Data2k_variance/files/Q00897.01-0000654901.MSG,Q00897.01-0000654901.MSG,.msg,216064,ok,True,False,text,False,0,6,2,False,0,False,0-10,Name | Address | Email | Phone | Money/Amount,True,Contact Information | Financial Account Information,False,,ambiguous,True,yes,3801,standard,,False,False,0,0,0,0,0,0,9.74,False,False,True,,True,likely_no,no,3834,False,likely_non_responsive,True,,7635
CNG_Data2k_variance/files/Q00897.01-0000451779.0001.XLSX,Q00897.01-0000451779.0001.XLSX,.xlsx,453182,ok,True,True,text,True,18,0,13569,False,0,False,100+,Phone | Payment Card | Bank/Account Number | Money/Amount,True,Contact Information | Financial Account Information,False,,ambiguous,True,no,10130,likely_non_responsive,roster_by_rowcount bde_llm_count,False,False,0,0,0,0,0,0,3.548,True,False,False,stage1_nr,False,,,0,False,,False,,10130
CNG_Data2k_variance/files/Q00897.01-0000711143.0001.PDF,Q00897.01-0000711143.0001.PDF,.pdf,59419,ok,True,True,text,True,3,0,4,False,0,False,0-10,Name | Address | Email | Phone | Card/Transaction | Money/Amount,True,Contact Information | Financial Account Information,False,,ambiguous,True,yes,8607,standard,bde_llm_count,True,True,3,0,0,0,0,1,10.651,False,False,True,,True,clear_no,no,4792,False,likely_non_responsive,True,,13399
CNG_Data2k_variance/files/Q00897.01-0000906595.PDF,Q00897.01-0000906595.PDF,.pdf,35848,ok,True,False,text,False,3,0,30,False,30,False,20-50,Name | Address | Phone | Money/Amount,True,Contact Information | Financial Account Information,False,,ambiguous,True,yes,15143,standard,bde_llm_count_roster,False,False,0,0,0,0,0,0,12.917,False,False,True,,True,clear_yes,yes,8015,False,standard,False,,23158
CNG_Data2k_variance/files/Q00897.01-0000865492.PDF,Q00897.01-0000865492.PDF,.pdf,102368,ok,True,False,text,False,1,0,1,False,0,False,0-10,Name | Address | Money/Amount,True,Contact Information | Financial Account Information,False,,ambiguous,True,yes,3980,standard,,False,False,0,0,0,0,0,0,4.119,False,False,True,,True,clear_yes,yes,4021,False,standard,False,,8001
CNG_Data2k_variance/files/Q00897.01-0000675594.MSG,Q00897.01-0000675594.MSG,.msg,1217024,ok,True,False,text,False,0,3,4,False,0,False,0-10,Name | Address | Email | Phone | Money/Amount,True,Contact Information | Financial Account Information,False,,ambiguous,True,yes,5081,standard,,False,False,0,0,0,0,0,0,4.794,False,False,True,,True,likely_no,no,5105,False,likely_non_responsive,True,,10186
CNG_Data2k_variance/files/Q00897.01-0000707109.MSG,Q00897.01-0000707109.MSG,.msg,219136,ok,True,False,text,False,0,0,2,False,0,False,0-10,Address | Email | Phone | Money/Amount | Credentials,True,Contact Information | Financial Account Information | Access Credentials,False,,ambiguous,True,no,4003,likely_non_responsive,,False,False,0,0,0,0,0,0,2.457,True,False,False,stage1_nr,False,,,0,False,,False,,4003
CNG_Data2k_variance/files/Q00897.01-0000871150.CSV,Q00897.01-0000871150.CSV,.csv,253441,ok,True,True,text,True,0,0,1684,False,0,False,100+,Phone | Card/Transaction | Money/Amount,True,Contact Information | Financial Account Information,False,,ambiguous,True,no,9842,likely_non_responsive,bde_llm_count,False,False,0,0,0,0,0,0,2.232,True,False,False,stage1_nr,False,,,0,False,,False,,9842
CNG_Data2k_variance/files/Q00897.01-0000888517.PDF,Q00897.01-0000888517.PDF,.pdf,3075319,ok,True,False,text,False,309,0,230,False,5,True,100+,Address | Phone | SSN | Money/Amount | Work-Related,True,Contact Information | Government-Issued Identification | Financial Account Information | Work-Related Information,True,,clear_responsive,False,,14505,bde,bde_llm_count_roster,False,False,0,0,0,0,0,0,109.113,False,True,True,,True,clear_yes,yes,15417,True,bde,False,,29922
CNG_Data2k_variance/files/Q00897.01-0000360161.MSG,Q00897.01-0000360161.MSG,.msg,412672,ok,True,False,text,False,0,0,1,False,0,False,0-10,Name | Email,True,Contact Information,False,,ambiguous,True,no,4929,likely_non_responsive,,False,False,0,0,0,0,0,0,6.398,True,False,False,stage1_nr,False,,,0,False,,False,,4929
CNG_Data2k_variance/files/Q00897.01-0000375571.MSG,Q00897.01-0000375571.MSG,.msg,172032,ok,True,False,text,False,0,0,1,False,0,False,0-10,Address | Money/Amount,True,Contact Information | Financial Account Information,False,,ambiguous,True,no,3938,likely_non_responsive,,False,False,0,0,0,0,0,0,1.807,True,False,False,stage1_nr,False,,,0,False,,False,,3938
CNG_Data2k_variance/files/Q00897.01-0000795999.MSG,Q00897.01-0000795999.MSG,.msg,175104,ok,True,False,text,False,0,0,5,False,0,False,0-10,Name | Address | Email | Phone,True,Contact Information,False,,ambiguous,True,yes,6314,standard,,False,False,0,0,0,0,0,0,3.946,False,False,True,,True,likely_yes,yes,6362,False,standard,False,,12676
CNG_Data2k_variance/files/Q00897.01-0000839240.0002.DOCX,Q00897.01-0000839240.0002.DOCX,.docx,35821,ok,True,False,text,False,0,0,0,False,0,False,0-10,,False,,False,,clear_non_responsive,False,,0,likely_non_responsive,,False,False,0,0,0,0,0,0,0.052,True,False,False,stage1_nr,False,,,0,False,,False,,0
CNG_Data2k_variance/files/Q00897.01-0000854400.XLSX,Q00897.01-0000854400.XLSX,.xlsx,13697,ok,True,True,text,True,1,0,158,False,158,True,100+,Name,False,,True,,ambiguous,True,no,7036,structured_bde,roster_by_rowcount bde_llm_count_roster,False,False,0,0,0,0,0,0,3.709,False,True,True,,True,likely_no,no,3970,True,likely_non_responsive,True,,11006
CNG_Data2k_variance/files/Q00897.01-0000120865.PDF,Q00897.01-0000120865.PDF,.pdf,127348,ok,True,False,text,False,1,0,1,False,0,False,0-10,Address | Phone | Tax ID | Money/Amount,True,Contact Information | Government-Issued Identification | Financial Account Information,False,,ambiguous,True,no,4217,likely_non_responsive,,False,False,0,0,0,0,0,0,1.468,True,False,False,stage1_nr,False,,,0,False,,False,,4217
CNG_Data2k_variance/files/Q00897.01-0000747337.MSG,Q00897.01-0000747337.MSG,.msg,129536,ok,True,False,text,False,0,0,1,False,0,False,0-10,Money/Amount,False,Financial Account Information,False,,clear_non_responsive,False,,0,likely_non_responsive,,False,False,0,0,0,0,0,0,2.924,True,False,False,stage1_nr,False,,,0,False,,False,,0
CNG_Data2k_variance/files/Q00897.01-0000638612.0001.PDF,Q00897.01-0000638612.0001.PDF,.pdf,64526,ok,True,True,text,True,2,0,34,False,1,False,20-50,Name | Money/Amount | Work-Related,True,Financial Account Information | Work-Related Information,False,,ambiguous,True,yes,7322,standard,bde_llm_count,True,True,2,0,0,0,0,1,9.16,False,False,True,,True,clear_yes,yes,4113,False,standard,False,,11435
CNG_Data2k_variance/files/Q00897.01-0000274581.PDF,Q00897.01-0000274581.PDF,.pdf,55082,ok,True,True,text,True,2,0,18,False,1,False,10-20,Name | Address | Phone | Date of Birth | Card Expiry/CVV | Card/Transaction | Money/Amount | Health,True,Contact Information | Birth Information | Financial Account Information | Health-Related Information,False,,ambiguous,True,yes,7813,standard,bde_llm_count,True,True,2,0,0,0,0,1,10.303,False,False,True,,True,clear_yes,yes,4372,False,standard,False,,12185
CNG_Data2k_variance/files/Q00897.01-0000032104.PDF,Q00897.01-0000032104.PDF,.pdf,401210,ok,True,True,text,True,2,0,17,False,1,False,10-20,Address | Phone | Bank/Account Number | Money/Amount,True,Contact Information | Financial Account Information,False,,ambiguous,True,no,8218,likely_non_responsive,bde_llm_count,True,True,2,0,0,0,0,1,7.693,True,False,False,stage1_nr,False,,,0,False,,False,,8218
CNG_Data2k_variance/files/Q00897.01-0000739470.MSG,Q00897.01-0000739470.MSG,.msg,202752,ok,True,False,text,False,0,0,1,False,0,False,0-10,Money/Amount,False,Financial Account Information,False,,clear_non_responsive,False,,0,likely_non_responsive,,False,False,0,0,0,0,0,0,1.521,True,False,False,stage1_nr,False,,,0,False,,False,,0
CNG_Data2k_variance/files/Q00897.01-0000854835.XLSX,Q00897.01-0000854835.XLSX,.xlsx,51443,ok,True,True,text,True,3,0,67,False,7,True,50-100,Name | Address | Money/Amount,True,Contact Information | Financial Account Information,True,,ambiguous,True,yes,11273,structured_bde,bde_llm_count_roster,False,False,0,0,0,0,0,0,5.392,False,True,True,,True,clear_yes,yes,6113,True,structured_bde,False,,17386
CNG_Data2k_variance/files/Q00897.01-0000134627.PDF,Q00897.01-0000134627.PDF,.pdf,772723,ok,True,True,text,True,4,0,55,False,0,False,50-100,Phone | Money/Amount,True,Contact Information | Financial Account Information,False,,ambiguous,True,no,9818,likely_non_responsive,bde_llm_count,True,True,4,0,0,0,0,1,8.715,True,False,False,stage1_nr,False,,,0,False,,False,,9818
CNG_Data2k_variance/files/Q00897.01-0000608890.0001.XLSX,Q00897.01-0000608890.0001.XLSX,.xlsx,263834,ok,True,True,text,True,1,0,960,False,0,False,100+,Money/Amount,False,Financial Account Information,False,,ambiguous,True,no,18440,likely_non_responsive,roster_by_rowcount bde_llm_count,False,False,0,0,0,0,0,0,3.355,True,False,False,stage1_nr,False,,,0,False,,False,,18440
CNG_Data2k_variance/files/Q00897.01-0000665068.0001.XLSX,Q00897.01-0000665068.0001.XLSX,.xlsx,61154,ok,True,True,text,True,1,0,221,False,0,False,100+,Phone | Money/Amount,True,Contact Information | Financial Account Information,False,,ambiguous,True,no,14580,likely_non_responsive,roster_by_rowcount bde_llm_count,False,False,0,0,0,0,0,0,3.433,True,False,False,stage1_nr,False,,,0,False,,False,,14580
CNG_Data2k_variance/files/Q00897.01-0000274441.PDF,Q00897.01-0000274441.PDF,.pdf,2936688,ok,True,True,text,True,15,0,45,False,2,False,20-50,Name | Address | Phone | Money/Amount | Health,True,Contact Information | Financial Account Information | Health-Related Information,False,,ambiguous,True,yes,18675,standard,bde_llm_count,True,True,15,0,0,0,0,1,12.267,False,False,True,,True,clear_yes,yes,9766,False,standard,False,,28441
CNG_Data2k_variance/files/Q00897.01-0000279086.PDF,Q00897.01-0000279086.PDF,.pdf,1462942,ok,True,True,text,True,6,0,24,False,4,False,20-50,Name | Address | Email | Phone | SSN | Tax ID | Card/Transaction | Money/Amount,True,Contact Information | Government-Issued Identification | Financial Account Information,False,,clear_responsive,False,,4600,standard,bde_llm_count,True,True,6,0,0,0,0,1,10.494,False,False,True,,True,clear_no,no,5535,False,likely_non_responsive,True,,10135
CNG_Data2k_variance/files/Q00897.01-0000870422.PDF,Q00897.01-0000870422.PDF,.pdf,133644,ok,True,False,text,False,13,0,3,False,0,False,0-10,Name | Address | Phone | Money/Amount,True,Contact Information | Financial Account Information,False,,ambiguous,True,yes,14397,standard,,False,False,0,0,0,0,0,0,8.414,False,False,True,,True,likely_no,no,14488,False,likely_non_responsive,True,,28885
CNG_Data2k_variance/files/Q00897.01-0000840568.0001.DOCX,Q00897.01-0000840568.0001.DOCX,.docx,249122,ok,True,False,text,False,0,0,1,False,0,False,0-10,Card Expiry/CVV | Money/Amount,False,Financial Account Information,False,,ambiguous,True,no,8466,likely_non_responsive,,False,False,0,0,0,0,0,0,1.415,True,False,False,stage1_nr,False,,,0,False,,False,,8466
CNG_Data2k_variance/files/Q00897.01-0000425832.MSG,Q00897.01-0000425832.MSG,.msg,335872,ok,True,False,text,False,0,1,3,False,0,False,0-10,Name | Address | Email | Money/Amount,True,Contact Information | Financial Account Information,False,,ambiguous,True,yes,4297,standard,,False,False,0,0,0,0,0,0,3.237,False,False,True,,True,likely_yes,yes,4362,False,standard,False,,8659
CNG_Data2k_variance/files/Q00897.01-0000777780.0001.PDF,Q00897.01-0000777780.0001.PDF,.pdf,1460825,ok,True,False,text,False,78,0,2,False,0,False,0-10,Name | Address | Phone | Money/Amount,True,Contact Information | Financial Account Information,False,,ambiguous,True,no,17037,likely_non_responsive,"img_ocr:p12,p12,p15,p15,p22,p23,p26,p27,p30,p31,p34,p35,p38,p38,p43,p46,p47,p50,p51,p53,p54,p56,p57,p57,p60,p61,p61,p63,p64,p66,p67,p69,p69(33/36,+6236chars)",False,False,0,36,36,33,0,36,155.159,True,False,False,stage1_nr,False,,,0,False,,False,,17037
CNG_Data2k_variance/files/Q00897.01-0000107568.PDF,Q00897.01-0000107568.PDF,.pdf,91723,ok,True,False,text,False,2,0,3,False,0,False,0-10,Name | Money/Amount,True,Financial Account Information,False,,ambiguous,True,no,4391,likely_non_responsive,,True,True,2,0,0,0,0,1,7.737,True,False,False,stage1_nr,False,,,0,False,,False,,4391
CNG_Data2k_variance/files/Q00897.01-0000393016.MSG,Q00897.01-0000393016.MSG,.msg,70144,ok,True,False,text,False,0,0,1,False,0,False,0-10,Name | Address,True,Contact Information,False,,ambiguous,True,no,5335,likely_non_responsive,,False,False,0,0,0,0,0,0,1.724,True,False,False,stage1_nr,False,,,0,False,,False,,5335
CNG_Data2k_variance/files/Q00897.01-0000010221.PDF,Q00897.01-0000010221.PDF,.pdf,177554,ok,True,True,text,True,1,0,28,False,1,False,20-50,Name | Address | Money/Amount | Work-Related,True,Contact Information | Financial Account Information | Work-Related Information,False,,ambiguous,True,yes,7410,standard,bde_llm_count,True,True,1,0,0,0,0,1,8.85,False,False,True,,True,clear_yes,yes,4151,False,standard,False,,11561
CNG_Data2k_variance/files/Q00897.01-0000861297.XLSX,Q00897.01-0000861297.XLSX,.xlsx,3153021,ok,True,True,text,True,1,0,13341,False,13341,True,100+,SSN | Money/Amount,True,Government-Issued Identification | Financial Account Information,True,,clear_responsive,False,,11182,structured_bde,bde_llm_count_roster,False,False,0,0,0,0,0,0,6.766,False,True,True,,True,clear_yes,yes,12144,True,structured_bde,False,,23326
CNG_Data2k_variance/files/Q00897.01-0000529321.0001.PDF,Q00897.01-0000529321.0001.PDF,.pdf,22565,ok,True,False,text,False,1,0,1,False,0,False,0-10,Money/Amount,False,Financial Account Information,False,,clear_non_responsive,False,,0,likely_non_responsive,,False,False,0,0,0,0,0,0,0.021,True,False,False,stage1_nr,False,,,0,False,,False,,0
CNG_Data2k_variance/files/Q00897.01-0000123260.PDF,Q00897.01-0000123260.PDF,.pdf,80538,ok,True,True,text,True,1,0,8,False,1,False,0-10,Name | Address | Phone | Card Expiry/CVV | Money/Amount,True,Contact Information | Financial Account Information,False,,ambiguous,True,yes,7464,standard,bde_llm_count,True,True,1,0,0,0,0,1,8.848,False,False,True,,True,likely_no,no,4189,False,likely_non_responsive,True,,11653
CNG_Data2k_variance/files/Q00897.01-0000463660.0001.PDF,Q00897.01-0000463660.0001.PDF,.pdf,36187,ok,True,False,text,False,12,0,34,False,34,False,20-50,Name | Card/Transaction | Money/Amount | Health,False,Financial Account Information | Health-Related Information,False,,ambiguous,True,yes,24931,standard,bde_llm_count,False,False,0,0,0,0,0,0,13.669,False,False,True,,True,likely_no,no,12637,False,likely_non_responsive,True,,37568
CNG_Data2k_variance/files/Q00897.01-0000009779.PDF,Q00897.01-0000009779.PDF,.pdf,320099,ok,True,True,text,True,1,0,2,False,1,False,0-10,Name | Email | Money/Amount | Work-Related,True,Contact Information | Financial Account Information | Work-Related Information,False,,ambiguous,True,yes,7174,standard,bde_llm_count,True,True,1,0,0,0,0,1,11.655,False,False,True,,True,likely_yes,yes,4063,False,standard,False,,11237
CNG_Data2k_variance/files/Q00897.01-0000015492.XLSX,Q00897.01-0000015492.XLSX,.xlsx,30934,ok,True,True,text,True,3,0,151,False,151,True,100+,Name | Address | Money/Amount | Credentials | Work-Related,True,Contact Information | Financial Account Information | Access Credentials | Work-Related Information,True,,ambiguous,True,yes,7484,structured_bde,roster_by_rowcount bde_llm_count_roster,False,False,0,0,0,0,0,0,3.598,False,True,True,,True,likely_yes,yes,4204,True,structured_bde,False,,11688
CNG_Data2k_variance/files/Q00897.01-0000847936.0003.DOCX,Q00897.01-0000847936.0003.DOCX,.docx,21433,ok,True,False,text,False,0,0,2,False,0,False,0-10,Name | Address | Money/Amount | Work-Related,True,Contact Information | Financial Account Information | Work-Related Information,False,,ambiguous,True,yes,4102,standard,,False,False,0,0,0,0,0,0,3.165,False,False,True,,True,clear_yes,yes,4116,False,standard,False,,8218
CNG_Data2k_variance/files/Q00897.01-0000276334.PDF,Q00897.01-0000276334.PDF,.pdf,293241,ok,True,False,text,False,1,0,2,False,0,False,0-10,Name | Address | Phone | Tax ID | Money/Amount,True,Contact Information | Government-Issued Identification | Financial Account Information,False,,ambiguous,True,no,4096,likely_non_responsive,,True,True,1,0,0,0,0,1,5.99,True,False,False,stage1_nr,False,,,0,False,,False,,4096
CNG_Data2k_variance/files/Q00897.01-0000614359.0001.XLSX,Q00897.01-0000614359.0001.XLSX,.xlsx,85762,ok,True,True,text,True,1,0,0,False,0,False,0-10,,False,,False,,ambiguous,True,no,8457,structured_unreadable,bde_llm_count,False,False,0,0,0,0,0,0,3.243,False,False,True,,True,clear_no,no,4706,False,likely_non_responsive,True,,13163
CNG_Data2k_variance/files/Q00897.01-0000916270.PDF,Q00897.01-0000916270.PDF,.pdf,265027,ok,True,False,text,False,2,0,4,False,0,False,0-10,Name | Money/Amount | Work-Related,False,Financial Account Information | Work-Related Information,False,,ambiguous,True,yes,4493,standard,,False,False,0,0,0,0,0,0,4.154,False,False,True,,True,clear_yes,yes,4572,False,standard,False,,9065
CNG_Data2k_variance/files/Q00897.01-0000332032.0001.PDF,Q00897.01-0000332032.0001.PDF,.pdf,313320,ok,True,False,text,False,4,0,1,False,0,False,0-10,Name | Address | Bank/Account Number | Money/Amount,True,Contact Information | Financial Account Information,False,,ambiguous,True,yes,4340,standard,"img_ocr:p2(1/1,+234chars)",False,False,0,1,1,1,0,1,7.632,False,False,True,,True,likely_no,no,4408,False,likely_non_responsive,True,,8748
CNG_Data2k_variance/files/Q00897.01-0000121562.XLSX,Q00897.01-0000121562.XLSX,.xlsx,55590,ok,True,True,text,True,13,0,358,False,358,True,100+,Name | Address,True,Contact Information,True,,ambiguous,True,yes,8285,structured_bde,roster_by_rowcount bde_llm_count_roster,False,False,0,0,0,0,0,0,6.725,False,True,True,,True,clear_yes,yes,4636,True,structured_bde,False,,12921
CNG_Data2k_variance/files/Q00897.01-0000695902.MSG,Q00897.01-0000695902.MSG,.msg,200704,ok,True,False,text,False,0,0,1,False,0,False,0-10,Address | Email | Phone,True,Contact Information,False,,ambiguous,True,no,4015,likely_non_responsive,,False,False,0,0,0,0,0,0,1.581,True,False,False,stage1_nr,False,,,0,False,,False,,4015
CNG_Data2k_variance/files/Q00897.01-0000772635.MSG,Q00897.01-0000772635.MSG,.msg,41984,ok,True,False,text,False,0,0,6,False,0,False,0-10,Name | Address | Email | Phone | Money/Amount,True,Contact Information | Financial Account Information,False,,ambiguous,True,yes,6087,standard,,False,False,0,0,0,0,0,0,4.256,False,False,True,,True,likely_no,no,6175,False,likely_non_responsive,True,,12262
CNG_Data2k_variance/files/Q00897.01-0000819505.MSG,Q00897.01-0000819505.MSG,.msg,536064,ok,True,False,text,False,0,1,8,False,7,False,0-10,Name | Address | Email | Phone | Money/Amount,True,Contact Information | Financial Account Information,False,,ambiguous,True,yes,20160,standard,bde_llm_count,False,False,0,0,0,0,0,0,31.413,False,False,True,,True,likely_yes,yes,10570,False,standard,False,,30730
CNG_Data2k_variance/files/Q00897.01-0000289478.PDF,Q00897.01-0000289478.PDF,.pdf,173988,ok,True,False,text,False,1,0,1,False,0,False,0-10,Address | Money/Amount,True,Contact Information | Financial Account Information,False,,ambiguous,True,no,4020,likely_non_responsive,,False,False,0,0,0,0,0,0,1.47,True,False,False,stage1_nr,False,,,0,False,,False,,4020
CNG_Data2k_variance/files/Q00897.01-0000767248.MSG,Q00897.01-0000767248.MSG,.msg,492544,ok,True,False,text,False,0,1,4,False,0,False,0-10,Name | Address | Email | Bank/Account Number | Card/Transaction | Money/Amount,True,Contact Information | Financial Account Information,False,,ambiguous,True,yes,5792,standard,,False,False,0,0,0,0,0,0,4.156,False,False,True,,True,likely_no,no,5829,False,likely_non_responsive,True,,11621
CNG_Data2k_variance/files/Q00897.01-0000242636.PDF,Q00897.01-0000242636.PDF,.pdf,319525,ok,True,False,text,False,2,0,2,False,0,False,0-10,Phone | Money/Amount,True,Contact Information | Financial Account Information,False,,ambiguous,True,no,4063,likely_non_responsive,"img_ocr:p2(1/1,+4chars)",False,False,0,1,1,1,0,1,6.338,True,False,False,stage1_nr,False,,,0,False,,False,,4063
CNG_Data2k_variance/files/Q00897.01-0000914702.PDF,Q00897.01-0000914702.PDF,.pdf,284602,ok,True,True,text,True,2,0,9,False,6,False,0-10,Name | Money/Amount,False,Financial Account Information,False,,ambiguous,True,yes,8107,standard,bde_llm_count,True,True,2,0,0,0,0,1,11.826,False,False,True,,True,clear_yes,yes,4529,False,standard,False,,12636
CNG_Data2k_variance/files/Q00897.01-0000681579.0001.DOCX,Q00897.01-0000681579.0001.DOCX,.docx,15312,ok,True,False,text,False,0,0,2,False,0,False,0-10,Name | Money/Amount,True,Financial Account Information,False,,ambiguous,True,yes,3869,standard,,False,False,0,0,0,0,0,0,2.576,False,False,True,,True,likely_no,no,3957,False,likely_non_responsive,True,,7826
CNG_Data2k_variance/files/Q00897.01-0000547349.0001.PDF,Q00897.01-0000547349.0001.PDF,.pdf,20772,ok,True,False,text,False,1,0,0,False,0,False,0-10,,False,,False,,clear_non_responsive,False,,0,likely_non_responsive,,False,False,0,0,0,0,0,0,0.021,True,False,False,stage1_nr,False,,,0,False,,False,,0
CNG_Data2k_variance/files/Q00897.01-0000913590.PDF,Q00897.01-0000913590.PDF,.pdf,79413,ok,True,True,text,True,2,0,9,False,4,False,0-10,SSN | Money/Amount,True,Government-Issued Identification | Financial Account Information,False,,clear_responsive,False,,4705,standard,bde_llm_count_roster,True,True,2,0,0,0,0,1,14.867,False,False,True,,True,clear_yes,yes,5546,False,standard,False,,10251
CNG_Data2k_variance/files/Q00897.01-0000890278.PDF,Q00897.01-0000890278.PDF,.pdf,30376,ok,True,False,text,False,6,0,50,False,51,True,20-50,Name | Phone,True,Contact Information,True,,ambiguous,True,yes,13258,bde,bde_llm_count_roster,False,False,0,0,0,0,0,0,12.194,False,True,True,,True,likely_yes,yes,7264,False,standard,False,,20522
CNG_Data2k_variance/files/Q00897.01-0000638253.MSG,Q00897.01-0000638253.MSG,.msg,243712,ok,True,False,text,False,0,4,8,False,6,False,0-10,Name | Email | Phone | Money/Amount | Work-Related,True,Contact Information | Financial Account Information | Work-Related Information,False,,ambiguous,True,yes,22994,standard,bde_llm_count,False,False,0,0,0,0,0,0,7.189,False,False,True,,True,likely_yes,yes,11968,False,standard,False,,34962
CNG_Data2k_variance/files/Q00897.01-0000907776.PDF,Q00897.01-0000907776.PDF,.pdf,5001044,ok,True,False,text,False,577,0,409,False,409,True,100+,Address | Phone | SSN | Money/Amount | Work-Related,True,Contact Information | Government-Issued Identification | Financial Account Information | Work-Related Information,True,,clear_responsive,False,,14316,bde,bde_llm_count_roster,False,False,0,0,0,0,0,0,170.309,False,True,True,,True,clear_yes,yes,15361,True,bde,False,,29677
CNG_Data2k_variance/files/Q00897.01-0000717968.0001.DOCX,Q00897.01-0000717968.0001.DOCX,.docx,166637,ok,True,False,text,False,0,0,1,False,0,False,0-10,Name | Address | Card Expiry/CVV | Account Balance | Money/Amount | Health | Work-Related,True,Contact Information | Financial Account Information | Health-Related Information | Work-Related Information,False,,ambiguous,True,no,8847,likely_non_responsive,,False,False,0,0,0,0,0,0,1.415,True,False,False,stage1_nr,False,,,0,False,,False,,8847
CNG_Data2k_variance/files/Q00897.01-0000295677.DOCX,Q00897.01-0000295677.DOCX,.docx,65585,ok,True,False,text,False,0,0,2,False,0,False,0-10,Name | Address | Email | Phone,True,Contact Information,False,,ambiguous,True,yes,3965,standard,,False,False,0,0,0,0,0,0,2.79,False,False,True,,True,likely_yes,yes,4016,False,standard,False,,7981
CNG_Data2k_variance/files/Q00897.01-0000591184.MSG,Q00897.01-0000591184.MSG,.msg,272384,ok,True,False,text,False,0,0,1,False,0,False,0-10,Name | Address | Money/Amount,True,Contact Information | Financial Account Information,False,,ambiguous,True,no,4753,likely_non_responsive,,False,False,0,0,0,0,0,0,3.621,True,False,False,stage1_nr,False,,,0,False,,False,,4753
CNG_Data2k_variance/files/Q00897.01-0000008810.PDF,Q00897.01-0000008810.PDF,.pdf,97727,ok,True,False,text,False,2,0,0,False,0,False,0-10,,False,,False,,clear_non_responsive,False,,0,likely_non_responsive,,False,False,0,0,0,0,0,0,0.162,True,False,False,stage1_nr,False,,,0,False,,False,,0
CNG_Data2k_variance/files/Q00897.01-0000543942.0001.PDF,Q00897.01-0000543942.0001.PDF,.pdf,22563,ok,True,False,text,False,1,0,1,False,0,False,0-10,Money/Amount,False,Financial Account Information,False,,clear_non_responsive,False,,0,likely_non_responsive,,False,False,0,0,0,0,0,0,0.02,True,False,False,stage1_nr,False,,,0,False,,False,,0
CNG_Data2k_variance/files/Q00897.01-0000646403.MSG,Q00897.01-0000646403.MSG,.msg,118272,ok,True,False,text,False,0,0,1,False,0,False,0-10,Name | Email | Phone | Bank/Account Number,True,Contact Information | Financial Account Information,False,,ambiguous,True,yes,8051,standard,,False,False,0,0,0,0,0,0,2.434,False,False,True,,True,likely_no,no,8116,False,likely_non_responsive,True,,16167
CNG_Data2k_variance/files/Q00897.01-0000896372.PDF,Q00897.01-0000896372.PDF,.pdf,63586,ok,True,False,text,False,13,0,3,False,0,False,0-10,Name | Address | Phone | Money/Amount | Work-Related,True,Contact Information | Financial Account Information | Work-Related Information,False,,ambiguous,True,yes,14038,standard,,False,False,0,0,0,0,0,0,4.577,False,False,True,,True,clear_yes,yes,14074,False,standard,False,,28112
CNG_Data2k_variance/files/Q00897.01-0000293104.PDF,Q00897.01-0000293104.PDF,.pdf,3947839,ok,True,False,text,False,27,0,1,False,0,False,0-10,Money/Amount,False,Financial Account Information,False,,clear_non_responsive,False,,0,likely_non_responsive,,False,False,0,0,0,0,0,0,4.162,True,False,False,stage1_nr,False,,,0,False,,False,,0
CNG_Data2k_variance/files/Q00897.01-0000474340.0001.XML,Q00897.01-0000474340.0001.XML,.xml,5047,ok,True,False,text,False,0,0,0,False,0,False,0-10,,False,,False,,clear_non_responsive,False,,0,likely_non_responsive,,False,False,0,0,0,0,0,0,0.019,True,False,False,stage1_nr,False,,,0,False,,False,,0
CNG_Data2k_variance/files/Q00897.01-0000000712.PDF,Q00897.01-0000000712.PDF,.pdf,428996,ok,True,True,text,True,5,0,66,False,3,False,50-100,Name | Address | Phone | SSN | Date of Birth | Card Expiry/CVV | Money/Amount | Work-Related,True,Contact Information | Government-Issued Identification | Birth Information | Financial Account Information | Work-Related Information,False,,clear_responsive,False,,6410,standard,bde_llm_count,True,True,5,0,0,0,0,1,12.058,False,False,True,,True,clear_yes,yes,7159,True,structured_bde,False,,13569
CNG_Data2k_variance/files/Q00897.01-0000684491.MSG,Q00897.01-0000684491.MSG,.msg,225792,ok,True,False,text,False,0,0,5,False,0,False,0-10,Name | Address,True,Contact Information,False,,ambiguous,True,no,5060,likely_non_responsive,,False,False,0,0,0,0,0,0,1.69,True,False,False,stage1_nr,False,,,0,False,,False,,5060
CNG_Data2k_variance/files/Q00897.01-0000346193.PDF,Q00897.01-0000346193.PDF,.pdf,31629,ok,True,False,text,False,7,0,1,False,0,False,0-10,Address | Money/Amount,True,Contact Information | Financial Account Information,False,,ambiguous,True,yes,6829,standard,,False,False,0,0,0,0,0,0,3.747,False,False,True,,True,clear_yes,yes,6859,False,standard,False,,13688
CNG_Data2k_variance/files/Q00897.01-0000898727.PDF,Q00897.01-0000898727.PDF,.pdf,61582,ok,True,False,text,False,13,0,2,False,0,False,0-10,Name | Address | Phone | Money/Amount | Work-Related,True,Contact Information | Financial Account Information | Work-Related Information,False,,ambiguous,True,yes,14045,standard,,False,False,0,0,0,0,0,0,5.266,False,False,True,,True,clear_yes,yes,14087,False,standard,False,,28132
CNG_Data2k_variance\files\Q00897.01-0000851826.XLS,Q00897.01-0000851826.XLS,.xls,22250,ok,True,True,text,True,1,0,61,False,0,False,50-100,Card Expiry/CVV | Money/Amount,False,Financial Account Information,False,,ambiguous,True,no,7374,likely_non_responsive,roster_by_rowcount bde_llm_count,False,False,0,0,0,0,0,0,2.809,True,False,False,stage1_nr,False,,,0,False,,False,,7374
CNG_Data2k_variance/files/Q00897.01-0000809848.MSG,Q00897.01-0000809848.MSG,.msg,3403264,ok,True,False,text,False,0,1,0,False,0,False,0-10,,False,,False,,clear_non_responsive,False,,0,likely_non_responsive,,False,False,0,0,0,0,0,0,0.159,True,False,False,stage1_nr,False,,,0,False,,False,,0
CNG_Data2k_variance/files/Q00897.01-0000270240.DOCX,Q00897.01-0000270240.DOCX,.docx,46018,ok,True,False,text,False,0,0,1,False,0,False,0-10,Money/Amount | Work-Related,False,Financial Account Information | Work-Related Information,False,,ambiguous,True,no,8352,likely_non_responsive,,False,False,0,0,0,0,0,0,1.39,True,False,False,stage1_nr,False,,,0,False,,False,,8352
CNG_Data2k_variance/files/Q00897.01-0000707577.MSG,Q00897.01-0000707577.MSG,.msg,138752,ok,True,False,text,False,0,0,1,False,0,False,0-10,Address | Phone,True,Contact Information,False,,ambiguous,True,no,4021,likely_non_responsive,,False,False,0,0,0,0,0,0,1.35,True,False,False,stage1_nr,False,,,0,False,,False,,4021
CNG_Data2k_variance/files/Q00897.01-0000904092.PDF,Q00897.01-0000904092.PDF,.pdf,62035,ok,True,False,text,False,13,0,1,False,0,False,0-10,Address | SSN | Money/Amount | Work-Related,True,Contact Information | Government-Issued Identification | Financial Account Information | Work-Related Information,False,,clear_responsive,False,,0,standard,,False,False,0,0,0,0,0,0,2.66,False,False,True,,True,clear_yes,yes,14144,False,standard,False,,14144
CNG_Data2k_variance/files/Q00897.01-0000426086.MSG,Q00897.01-0000426086.MSG,.msg,413696,ok,True,False,text,False,0,1,1,False,0,False,0-10,Name | Address | Email | Phone | Money/Amount,True,Contact Information | Financial Account Information,False,,ambiguous,True,no,4115,likely_non_responsive,,False,False,0,0,0,0,0,0,1.663,True,False,False,stage1_nr,False,,,0,False,,False,,4115
CNG_Data2k_variance/files/Q00897.01-0000411955.MSG,Q00897.01-0000411955.MSG,.msg,242176,ok,True,False,text,False,0,0,1,False,0,False,0-10,Name | Address | Email | Credentials,True,Contact Information | Access Credentials,False,,ambiguous,True,no,4598,likely_non_responsive,,False,False,0,0,0,0,0,0,2.361,True,False,False,stage1_nr,False,,,0,False,,False,,4598
CNG_Data2k_variance/files/Q00897.01-0000836389.0001.PDF,Q00897.01-0000836389.0001.PDF,.pdf,143510,ok,True,True,text,True,1,0,7,False,0,False,0-10,,False,,False,,ambiguous,True,no,7267,likely_non_responsive,bde_llm_count,True,True,1,0,0,0,0,1,8.447,True,False,False,stage1_nr,False,,,0,False,,False,,7267
CNG_Data2k_variance/files/Q00897.01-0000020744.XLSX,Q00897.01-0000020744.XLSX,.xlsx,15693,ok,True,True,text,True,1,0,66,False,66,True,50-100,Name | Money/Amount,False,Financial Account Information,True,,ambiguous,True,yes,10916,structured_bde,roster_by_rowcount bde_llm_count_roster,False,False,0,0,0,0,0,0,8.066,False,True,True,,True,clear_yes,yes,6043,True,structured_bde,False,,16959
CNG_Data2k_variance/files/Q00897.01-0000518917.0001.XLSX,Q00897.01-0000518917.0001.XLSX,.xlsx,197335,ok,True,True,text,True,1,0,555,False,0,False,100+,Phone | Money/Amount,True,Contact Information | Financial Account Information,False,,ambiguous,True,no,19603,likely_non_responsive,bde_llm_count,False,False,0,0,0,0,0,0,3.876,True,False,False,stage1_nr,False,,,0,False,,False,,19603
CNG_Data2k_variance/files/Q00897.01-0000571869.0001.XLSX,Q00897.01-0000571869.0001.XLSX,.xlsx,79853,ok,True,True,text,True,4,0,148,False,18,False,100+,Name | Payment Card | Money/Amount,True,Financial Account Information,False,,ambiguous,True,yes,11022,standard,bde_llm_count,False,False,0,0,0,0,0,0,10.622,False,False,True,,True,likely_no,no,6041,True,likely_non_responsive,True,,17063
CNG_Data2k_variance/files/Q00897.01-0000284401.PDF,Q00897.01-0000284401.PDF,.pdf,1822847,ok,True,False,text,False,7,0,13,False,5,False,10-20,Name | Address | Email | Passport | Card/Transaction,True,Contact Information | Government-Issued Identification | Financial Account Information,False,,ambiguous,True,yes,12425,standard,bde_llm_count,True,True,7,0,0,0,0,1,12.92,False,False,True,,True,clear_yes,yes,6642,False,standard,False,,19067
CNG_Data2k_variance/files/Q00897.01-0000394090.MSG,Q00897.01-0000394090.MSG,.msg,80896,ok,True,False,text,False,0,0,2,False,0,False,0-10,Address | Email | Card/Transaction,True,Contact Information | Financial Account Information,False,,ambiguous,True,no,4102,likely_non_responsive,,False,False,0,0,0,0,0,0,2.205,True,False,False,stage1_nr,False,,,0,False,,False,,4102
CNG_Data2k_variance/files/Q00897.01-0000537049.0001.PDF,Q00897.01-0000537049.0001.PDF,.pdf,22603,ok,True,False,text,False,1,0,1,False,0,False,0-10,Money/Amount,False,Financial Account Information,False,,clear_non_responsive,False,,0,likely_non_responsive,,False,False,0,0,0,0,0,0,0.027,True,False,False,stage1_nr,False,,,0,False,,False,,0
CNG_Data2k_variance/files/Q00897.01-0000119629.PDF,Q00897.01-0000119629.PDF,.pdf,134920,ok,True,False,text,False,1,0,0,False,0,False,0-10,,False,,False,,clear_non_responsive,False,,0,likely_non_responsive,,False,False,0,0,0,0,0,0,0.042,True,False,False,stage1_nr,False,,,0,False,,False,,0
CNG_Data2k_variance/files/Q00897.01-0000830766.MSG,Q00897.01-0000830766.MSG,.msg,161792,ok,True,False,text,False,0,2,6,False,0,False,0-10,Name | Address | Email | Phone,True,Contact Information,False,,ambiguous,True,yes,5273,standard,,False,False,0,0,0,0,0,0,4.258,False,False,True,,True,likely_no,no,5252,False,likely_non_responsive,True,,10525
CNG_Data2k_variance/files/Q00897.01-0000704759.MSG,Q00897.01-0000704759.MSG,.msg,157696,ok,True,False,text,False,0,0,1,False,0,False,0-10,Name | Address,True,Contact Information,False,,ambiguous,True,yes,4099,standard,,False,False,0,0,0,0,0,0,3.1,False,False,True,,True,likely_no,no,4155,False,likely_non_responsive,True,,8254
CNG_Data2k_variance/files/Q00897.01-0000834375.0001.PDF,Q00897.01-0000834375.0001.PDF,.pdf,4304941,ok,True,False,text,False,10,0,2,False,0,False,0-10,Name | Address | SSN | Bank/Account Number | Account Balance | Money/Amount | Work-Related,True,Contact Information | Government-Issued Identification | Financial Account Information | Work-Related Information,False,,clear_responsive,False,,0,standard,,True,True,10,0,0,0,0,1,12.072,False,False,True,,True,likely_no,no,8782,False,likely_non_responsive,True,,8782
CNG_Data2k_variance/files/Q00897.01-0000327638.PDF,Q00897.01-0000327638.PDF,.pdf,2266571,ok,True,True,text,True,1,0,35,False,0,False,20-50,Address | Email | Phone | Bank/Account Number | Money/Amount,True,Contact Information | Financial Account Information,False,,ambiguous,True,no,7772,likely_non_responsive,bde_llm_count,True,True,1,0,0,0,0,1,10.322,True,False,False,stage1_nr,False,,,0,False,,False,,7772
CNG_Data2k_variance/files/Q00897.01-0000094370.PDF,Q00897.01-0000094370.PDF,.pdf,38645,ok,True,False,text,False,2,0,2,False,0,False,0-10,Name | Email | Phone | Money/Amount,True,Contact Information | Financial Account Information,False,,ambiguous,True,no,4043,likely_non_responsive,,False,False,0,0,0,0,0,0,1.447,True,False,False,stage1_nr,False,,,0,False,,False,,4043
CNG_Data2k_variance/files/Q00897.01-0000849189.MSG,Q00897.01-0000849189.MSG,.msg,32256,error,False,False,,False,0,0,0,False,0,False,,,False,,False,,,False,,0,review_error,MalformedRtf,False,False,0,0,0,0,0,0,0.441,False,False,False,extract_error,False,,,0,False,,False,,0
CNG_Data2k_variance/files/Q00897.01-0000825737.0001.RTF,Q00897.01-0000825737.0001.RTF,.rtf,82285,ok,True,False,text,False,0,0,9,False,4,False,0-10,Name | Address | Money/Amount,True,Contact Information | Financial Account Information,False,,ambiguous,True,no,16507,likely_non_responsive,bde_llm_count,False,False,0,0,0,0,0,0,2.88,True,False,False,stage1_nr,False,,,0,False,,False,,16507
CNG_Data2k_variance/files/Q00897.01-0000826528.0001.PDF,Q00897.01-0000826528.0001.PDF,.pdf,680449,ok,True,False,text,False,21,0,1,False,0,False,0-10,Name | Address | Money/Amount | Health | Demographic | Work-Related,True,Contact Information | Financial Account Information | Health-Related Information | Demographic Information | Work-Related Information,False,,ambiguous,True,no,9015,likely_non_responsive,,False,False,0,0,0,0,0,0,8.384,True,False,False,stage1_nr,False,,,0,False,,False,,9015
CNG_Data2k_variance/files/Q00897.01-0000387503.MSG,Q00897.01-0000387503.MSG,.msg,87040,ok,True,False,text,False,0,0,1,False,0,False,0-10,Address | Email,True,Contact Information,False,,ambiguous,True,no,3910,likely_non_responsive,,False,False,0,0,0,0,0,0,1.423,True,False,False,stage1_nr,False,,,0,False,,False,,3910
CNG_Data2k_variance/files/Q00897.01-0000897570.PDF,Q00897.01-0000897570.PDF,.pdf,20652,ok,True,True,text,True,3,0,53,False,3,True,50-100,Name | Address | Phone | Money/Amount | Work-Related,True,Contact Information | Financial Account Information | Work-Related Information,True,,ambiguous,True,yes,9141,structured_bde,bde_llm_count_roster,True,True,3,0,0,0,0,1,10.071,False,True,True,,True,clear_yes,yes,5017,True,structured_bde,False,,14158
CNG_Data2k_variance/files/Q00897.01-0000468990.MSG,Q00897.01-0000468990.MSG,.msg,60416,ok,True,False,text,False,0,0,4,False,0,False,0-10,Name | Address | Email | Phone,True,Contact Information,False,,ambiguous,True,no,4212,likely_non_responsive,,False,False,0,0,0,0,0,0,2.838,True,False,False,stage1_nr,False,,,0,False,,False,,4212
CNG_Data2k_variance/files/Q00897.01-0000412748.0001.PDF,Q00897.01-0000412748.0001.PDF,.pdf,67506,ok,True,False,text,False,23,0,30,False,6,False,20-50,Name | Card/Transaction | Money/Amount,False,Financial Account Information,False,,ambiguous,True,yes,30821,standard,bde_llm_count,False,False,0,0,0,0,0,0,9.435,False,False,True,,True,likely_no,no,15963,False,likely_non_responsive,True,,46784
CNG_Data2k_variance/files/Q00897.01-0000113654.PDF,Q00897.01-0000113654.PDF,.pdf,316538,ok,True,True,text,True,1,0,47,False,0,False,20-50,Money/Amount,False,Financial Account Information,False,,ambiguous,True,no,10591,likely_non_responsive,bde_llm_count,True,True,1,0,0,0,0,1,12.369,True,False,False,stage1_nr,False,,,0,False,,False,,10591
CNG_Data2k_variance/files/Q00897.01-0000442748.0001.PDF,Q00897.01-0000442748.0001.PDF,.pdf,1060079,ok,True,False,text,False,52,0,18,False,18,False,10-20,Name | Address | Phone | Money/Amount | Health | Work-Related,True,Contact Information | Financial Account Information | Health-Related Information | Work-Related Information,False,,ambiguous,True,yes,15946,standard,bde_llm_count_roster,False,False,0,0,0,0,0,0,8.824,False,False,True,,True,likely_no,no,8474,False,likely_non_responsive,True,,24420
CNG_Data2k_variance/files/Q00897.01-0000868743.TXT,Q00897.01-0000868743.TXT,.txt,4979,ok,True,False,text,False,0,0,8,False,4,False,0-10,Name | Address | Phone | Money/Amount,True,Contact Information | Financial Account Information,False,,ambiguous,True,yes,11689,standard,bde_llm_count,False,False,0,0,0,0,0,0,4.475,False,False,True,,True,likely_no,no,6281,False,likely_non_responsive,True,,17970
CNG_Data2k_variance/files/Q00897.01-0000516964.0001.0001.PDF,Q00897.01-0000516964.0001.0001.PDF,.pdf,172278,ok,True,False,text,False,12,0,49,False,49,False,20-50,Name | Address | Card/Transaction | Money/Amount,True,Contact Information | Financial Account Information,False,,ambiguous,True,yes,22956,standard,bde_llm_count_roster,False,False,0,0,0,0,0,0,71.445,False,False,True,,True,clear_no,no,11648,False,likely_non_responsive,True,,34604
CNG_Data2k_variance/files/Q00897.01-0000870391.PDF,Q00897.01-0000870391.PDF,.pdf,73976,ok,True,False,text,False,6,0,17,False,0,False,10-20,Name | Address | Phone | Money/Amount,True,Contact Information | Financial Account Information,False,,ambiguous,True,yes,21880,standard,bde_llm_count,False,False,0,0,0,0,0,0,7.339,False,False,True,,True,clear_no,no,11326,False,likely_non_responsive,True,,33206
CNG_Data2k_variance/files/Q00897.01-0000904382.PDF,Q00897.01-0000904382.PDF,.pdf,64925,ok,True,False,text,False,13,0,3,False,0,False,0-10,Name | Address | Phone | Money/Amount | Work-Related,True,Contact Information | Financial Account Information | Work-Related Information,False,,ambiguous,True,yes,14120,standard,,False,False,0,0,0,0,0,0,6.199,False,False,True,,True,clear_yes,yes,14159,False,standard,False,,28279
CNG_Data2k_variance/files/Q00897.01-0000869602.TXT,Q00897.01-0000869602.TXT,.txt,171971,ok,True,False,text,False,0,0,57,False,0,False,50-100,Phone | SSN | Payment Card | Card Expiry/CVV | Money/Amount | Credentials,True,Contact Information | Government-Issued Identification | Financial Account Information | Access Credentials,False,,clear_responsive,False,,10471,standard,bde_llm_count,False,False,0,0,0,0,0,0,2.656,False,False,True,,True,likely_no,no,11409,True,likely_non_responsive,True,,21880
CNG_Data2k_variance/files/Q00897.01-0000865587.PDF,Q00897.01-0000865587.PDF,.pdf,180274,ok,True,False,text,False,1,0,1,False,0,False,0-10,Money/Amount,False,Financial Account Information,False,,clear_non_responsive,False,,0,likely_non_responsive,,False,False,0,0,0,0,0,0,0.072,True,False,False,stage1_nr,False,,,0,False,,False,,0
CNG_Data2k_variance/files/Q00897.01-0000543632.0001.PDF,Q00897.01-0000543632.0001.PDF,.pdf,22624,ok,True,False,text,False,1,0,1,False,0,False,0-10,Money/Amount,False,Financial Account Information,False,,clear_non_responsive,False,,0,likely_non_responsive,,False,False,0,0,0,0,0,0,0.036,True,False,False,stage1_nr,False,,,0,False,,False,,0
CNG_Data2k_variance/files/Q00897.01-0000907252.PDF,Q00897.01-0000907252.PDF,.pdf,807247,ok,True,False,text,False,112,0,30,False,30,False,20-50,Name | Address | Phone | Money/Amount,True,Contact Information | Financial Account Information,False,,ambiguous,True,yes,36259,standard,bde_llm_count_roster,False,False,0,0,0,0,0,0,29.775,False,False,True,,True,clear_yes,yes,18677,False,standard,False,,54936
CNG_Data2k_variance\files\Q00897.01-0000856479.XLS,Q00897.01-0000856479.XLS,.xls,71286,ok,True,True,text,True,2,0,4,False,2,False,0-10,Name | Address | Phone,True,Contact Information,False,,ambiguous,True,yes,8140,standard,bde_llm_count,False,False,0,0,0,0,0,0,4.871,False,False,True,,True,clear_yes,yes,4546,False,standard,False,,12686
CNG_Data2k_variance/files/Q00897.01-0000504816.0002.PDF,Q00897.01-0000504816.0002.PDF,.pdf,331049,ok,True,False,text,False,1,0,3,False,0,False,0-10,Name | Address | Phone | Money/Amount,True,Contact Information | Financial Account Information,False,,ambiguous,True,no,4191,likely_non_responsive,"img_ocr:p1(1/1,+30chars)",False,False,0,1,1,1,0,1,5.334,True,False,False,stage1_nr,False,,,0,False,,False,,4191
CNG_Data2k_variance\files\Q00897.01-0000018541.XLS,Q00897.01-0000018541.XLS,.xls,70324,ok,True,True,text,True,2,0,2,False,2,False,0-10,Name | Money/Amount,False,Financial Account Information,False,,ambiguous,True,yes,7388,standard,bde_llm_count_roster,False,False,0,0,0,0,0,0,3.404,False,False,True,,True,likely_yes,yes,4166,False,standard,False,,11554
CNG_Data2k_variance/files/Q00897.01-0000808181.0001.PDF,Q00897.01-0000808181.0001.PDF,.pdf,33961,ok,True,False,text,False,3,0,0,False,0,False,0-10,,False,,False,,clear_non_responsive,False,,0,likely_non_responsive,,False,False,0,0,0,0,0,0,0.218,True,False,False,stage1_nr,False,,,0,False,,False,,0
CNG_Data2k_variance/files/Q00897.01-0000020864.PDF,Q00897.01-0000020864.PDF,.pdf,59235,ok,True,False,text,False,1,0,0,False,0,False,0-10,,False,,False,,clear_non_responsive,False,,0,likely_non_responsive,,False,False,0,0,0,0,0,0,0.029,True,False,False,stage1_nr,False,,,0,False,,False,,0
CNG_Data2k_variance/files/Q00897.01-0000528849.0001.PDF,Q00897.01-0000528849.0001.PDF,.pdf,22565,ok,True,False,text,False,1,0,1,False,0,False,0-10,Money/Amount,False,Financial Account Information,False,,clear_non_responsive,False,,0,likely_non_responsive,,False,False,0,0,0,0,0,0,0.028,True,False,False,stage1_nr,False,,,0,False,,False,,0
CNG_Data2k_variance/files/Q00897.01-0000596903.0001.PDF,Q00897.01-0000596903.0001.PDF,.pdf,20967,ok,True,False,text,False,1,0,0,False,0,False,0-10,,False,,False,,clear_non_responsive,False,,0,likely_non_responsive,,False,False,0,0,0,0,0,0,0.023,True,False,False,stage1_nr,False,,,0,False,,False,,0
CNG_Data2k_variance/files/Q00897.01-0000401737.MSG,Q00897.01-0000401737.MSG,.msg,95744,ok,True,False,text,False,0,0,3,False,0,False,0-10,Name | Address | Email,True,Contact Information,False,,ambiguous,True,yes,4114,standard,,False,False,0,0,0,0,0,0,3.342,False,False,True,,True,likely_yes,yes,4171,False,standard,False,,8285
CNG_Data2k_variance/files/Q00897.01-0000288951.XLSX,Q00897.01-0000288951.XLSX,.xlsx,30217,ok,True,True,text,True,6,0,71,False,0,False,50-100,Phone | Payment Card | Money/Amount,True,Contact Information | Financial Account Information,False,,ambiguous,True,no,15372,likely_non_responsive,roster_by_rowcount bde_llm_count,False,False,0,0,0,0,0,0,3.236,True,False,False,stage1_nr,False,,,0,False,,False,,15372
CNG_Data2k_variance/files/Q00897.01-0000652900.MSG,Q00897.01-0000652900.MSG,.msg,656896,ok,True,False,text,False,0,17,3,False,0,False,0-10,Phone,True,Contact Information,False,,ambiguous,True,no,3770,likely_non_responsive,,False,False,0,0,0,0,0,0,1.329,True,False,False,stage1_nr,False,,,0,False,,False,,3770
CNG_Data2k_variance/files/Q00897.01-0000642176.MSG,Q00897.01-0000642176.MSG,.msg,23552,ok,True,False,text,False,0,0,0,False,0,False,0-10,,False,,False,,clear_non_responsive,False,,0,likely_non_responsive,,False,False,0,0,0,0,0,0,0.025,True,False,False,stage1_nr,False,,,0,False,,False,,0
CNG_Data2k_variance/files/Q00897.01-0000109435.XLSX,Q00897.01-0000109435.XLSX,.xlsx,17031,ok,True,True,text,True,2,0,114,False,2,False,100+,,False,,False,,ambiguous,True,no,7152,likely_non_responsive,roster_by_rowcount bde_llm_count,False,False,0,0,0,0,0,0,2.626,True,False,False,stage1_nr,False,,,0,False,,False,,7152
CNG_Data2k_variance/files/Q00897.01-0000655113.MSG,Q00897.01-0000655113.MSG,.msg,2311168,ok,True,False,text,False,0,3,3,False,0,False,0-10,Name | Address | Email | Phone | Card/Transaction | Money/Amount,True,Contact Information | Financial Account Information,False,,ambiguous,True,no,4016,likely_non_responsive,,False,False,0,0,0,0,0,0,1.482,True,False,False,stage1_nr,False,,,0,False,,False,,4016
CNG_Data2k_variance/files/Q00897.01-0000425173.0001.PDF,Q00897.01-0000425173.0001.PDF,.pdf,19286,ok,True,False,text,False,3,0,1,False,0,False,0-10,Money/Amount,False,Financial Account Information,False,,clear_non_responsive,False,,0,likely_non_responsive,,False,False,0,0,0,0,0,0,0.137,True,False,False,stage1_nr,False,,,0,False,,False,,0
CNG_Data2k_variance/files/Q00897.01-0000884899.PDF,Q00897.01-0000884899.PDF,.pdf,75658,ok,True,False,text,False,20,0,1,False,0,False,0-10,Money/Amount,False,Financial Account Information,False,,clear_non_responsive,False,,0,likely_non_responsive,,False,False,0,0,0,0,0,0,0.364,True,False,False,stage1_nr,False,,,0,False,,False,,0
CNG_Data2k_variance/files/Q00897.01-0000252346.PDF,Q00897.01-0000252346.PDF,.pdf,272008,ok,True,False,text,False,1,0,2,False,0,False,0-10,Name | Address | Phone | Money/Amount,True,Contact Information | Financial Account Information,False,,ambiguous,True,no,3845,likely_non_responsive,"img_ocr:p1(1/1,+16chars)",False,False,0,1,1,1,0,1,5.947,True,False,False,stage1_nr,False,,,0,False,,False,,3845
CNG_Data2k_variance/files/Q00897.01-0000688078.MSG,Q00897.01-0000688078.MSG,.msg,239616,ok,True,False,text,False,0,0,2,False,0,False,0-10,Name | Address | Email | Phone,True,Contact Information,False,,ambiguous,True,no,5305,likely_non_responsive,,False,False,0,0,0,0,0,0,1.704,True,False,False,stage1_nr,False,,,0,False,,False,,5305
CNG_Data2k_variance/files/Q00897.01-0000005150.PDF,Q00897.01-0000005150.PDF,.pdf,156126,ok,True,False,text,False,4,0,1,False,0,False,0-10,Name | Money/Amount | Work-Related,False,Financial Account Information | Work-Related Information,False,,ambiguous,True,yes,4303,standard,,False,False,0,0,0,0,0,0,2.899,False,False,True,,True,likely_yes,yes,4361,False,standard,False,,8664
CNG_Data2k_variance/files/Q00897.01-0000397126.MSG,Q00897.01-0000397126.MSG,.msg,193536,ok,True,False,text,False,0,6,7,False,4,False,0-10,Name | Address | Email | Phone | Money/Amount,True,Contact Information | Financial Account Information,False,,ambiguous,True,yes,10040,standard,bde_llm_count,False,False,0,0,0,0,0,0,5.807,False,False,True,,True,likely_yes,yes,5461,False,standard,False,,15501
CNG_Data2k_variance/files/Q00897.01-0000837347.MSG,Q00897.01-0000837347.MSG,.msg,113664,ok,True,False,text,False,0,2,5,False,0,False,0-10,Name | Address | Email | Phone | Money/Amount,True,Contact Information | Financial Account Information,False,,ambiguous,True,yes,5103,standard,,False,False,0,0,0,0,0,0,4.054,False,False,True,,True,likely_no,no,5141,False,likely_non_responsive,True,,10244
CNG_Data2k_variance/files/Q00897.01-0000685152.MSG,Q00897.01-0000685152.MSG,.msg,239104,ok,True,False,text,False,0,0,1,False,0,False,0-10,Address | Email | Work-Related,True,Contact Information | Work-Related Information,False,,ambiguous,True,no,4509,likely_non_responsive,,False,False,0,0,0,0,0,0,2.311,True,False,False,stage1_nr,False,,,0,False,,False,,4509
CNG_Data2k_variance/files/Q00897.01-0000853052.PDF,Q00897.01-0000853052.PDF,.pdf,18168,ok,True,True,text,True,1,0,3,False,1,False,0-10,Name | Money/Amount,True,Financial Account Information,False,,ambiguous,True,no,6897,likely_non_responsive,bde_llm_count,True,True,1,0,0,0,0,1,7.342,True,False,False,stage1_nr,False,,,0,False,,False,,6897
CNG_Data2k_variance/files/Q00897.01-0000791633.0001.PDF,Q00897.01-0000791633.0001.PDF,.pdf,64824,ok,True,False,text,False,1,0,2,False,0,False,0-10,Name | Address | Phone | Card Expiry/CVV | Money/Amount | Health,True,Contact Information | Financial Account Information | Health-Related Information,False,,ambiguous,True,yes,4379,standard,,False,False,0,0,0,0,0,0,3.197,False,False,True,,True,likely_no,no,4449,False,likely_non_responsive,True,,8828
CNG_Data2k_variance/files/Q00897.01-0000839194.0002.DOCX,Q00897.01-0000839194.0002.DOCX,.docx,38001,ok,True,False,text,False,0,0,1,False,0,False,0-10,Name,False,,False,,ambiguous,True,no,8684,likely_non_responsive,,False,False,0,0,0,0,0,0,1.405,True,False,False,stage1_nr,False,,,0,False,,False,,8684
CNG_Data2k_variance/files/Q00897.01-0000827228.0014.XLSX,Q00897.01-0000827228.0014.XLSX,.xlsx,15445,ok,True,True,text,True,2,0,89,False,0,False,50-100,Phone | Money/Amount,True,Contact Information | Financial Account Information,False,,ambiguous,True,no,8275,likely_non_responsive,roster_by_rowcount bde_llm_count,False,False,0,0,0,0,0,0,2.37,True,False,False,stage1_nr,False,,,0,False,,False,,8275
CNG_Data2k_variance/files/Q00897.01-0000904703.PDF,Q00897.01-0000904703.PDF,.pdf,17775,ok,True,True,text,True,2,0,30,False,2,False,20-50,Name | Address | Phone | Money/Amount,True,Contact Information | Financial Account Information,False,,ambiguous,True,yes,8289,standard,bde_llm_count,True,True,2,0,0,0,0,1,11.456,False,False,True,,True,clear_yes,yes,4599,False,standard,False,,12888
CNG_Data2k_variance/files/Q00897.01-0000443684.0004.PDF,Q00897.01-0000443684.0004.PDF,.pdf,400267,ok,True,False,text,False,2,0,1,False,0,False,0-10,Money/Amount,False,Financial Account Information,False,,clear_non_responsive,False,,0,likely_non_responsive,,False,False,0,0,0,0,0,0,0.166,True,False,False,stage1_nr,False,,,0,False,,False,,0
CNG_Data2k_variance/files/Q00897.01-0000453958.MSG,Q00897.01-0000453958.MSG,.msg,176640,ok,True,False,text,False,0,2,3,False,0,False,0-10,Address | Email | Phone | Money/Amount,True,Contact Information | Financial Account Information,False,,ambiguous,True,no,4580,likely_non_responsive,,False,False,0,0,0,0,0,0,1.716,True,False,False,stage1_nr,False,,,0,False,,False,,4580
CNG_Data2k_variance/files/Q00897.01-0000696067.MSG,Q00897.01-0000696067.MSG,.msg,182784,ok,True,False,text,False,0,0,20,False,0,False,10-20,Name | Address | Email | Phone,True,Contact Information,False,,ambiguous,True,yes,8034,standard,bde_llm_count,False,False,0,0,0,0,0,0,4.315,False,False,True,,True,likely_no,no,4479,False,likely_non_responsive,True,,12513
CNG_Data2k_variance/files/Q00897.01-0000804275.MSG,Q00897.01-0000804275.MSG,.msg,179712,ok,True,False,text,False,0,4,11,False,6,False,10-20,Name | Address | Email | Phone,True,Contact Information,False,,ambiguous,True,yes,9401,standard,bde_llm_count,False,False,0,0,0,0,0,0,7.028,False,False,True,,True,likely_yes,yes,5128,False,standard,False,,14529
CNG_Data2k_variance/files/Q00897.01-0000705360.MSG,Q00897.01-0000705360.MSG,.msg,196608,ok,True,False,text,False,0,1,2,False,0,False,0-10,Phone,True,Contact Information,False,,ambiguous,True,no,4512,likely_non_responsive,,False,False,0,0,0,0,0,0,1.955,True,False,False,stage1_nr,False,,,0,False,,False,,4512
CNG_Data2k_variance/files/Q00897.01-0000822395.0001.PDF,Q00897.01-0000822395.0001.PDF,.pdf,218275,ok,True,False,text,False,1,0,6,False,0,False,0-10,Name | Address | Money/Amount | Work-Related,True,Contact Information | Financial Account Information | Work-Related Information,False,,ambiguous,True,yes,6147,standard,,False,False,0,0,0,0,0,0,4.068,False,False,True,,True,clear_yes,yes,6239,False,standard,False,,12386
CNG_Data2k_variance/files/Q00897.01-0000854738.XLSX,Q00897.01-0000854738.XLSX,.xlsx,17780,ok,True,True,text,True,3,0,1,False,1,False,0-10,Name | Money/Amount,False,Financial Account Information,False,,ambiguous,True,yes,8201,standard,bde_llm_count,False,False,0,0,0,0,0,0,4.281,False,False,True,,True,clear_yes,yes,4560,False,standard,False,,12761
CNG_Data2k_variance/files/Q00897.01-0000689507.MSG,Q00897.01-0000689507.MSG,.msg,260096,ok,True,False,text,False,0,0,24,False,0,False,20-50,Name | Address | Email | Phone | Work-Related,True,Contact Information | Work-Related Information,False,,ambiguous,True,yes,17768,standard,bde_llm_count,False,False,0,0,0,0,0,0,6.246,False,False,True,,True,clear_no,no,9293,False,likely_non_responsive,True,,27061
CNG_Data2k_variance/files/Q00897.01-0000549937.0001.PDF,Q00897.01-0000549937.0001.PDF,.pdf,13021,ok,True,False,text,False,4,0,1,False,0,False,0-10,Address | Card/Transaction | Money/Amount,True,Contact Information | Financial Account Information,False,,ambiguous,True,no,6829,likely_non_responsive,,False,False,0,0,0,0,0,0,1.555,True,False,False,stage1_nr,False,,,0,False,,False,,6829
CNG_Data2k_variance/files/Q00897.01-0000544262.0001.PDF,Q00897.01-0000544262.0001.PDF,.pdf,23620,ok,True,False,text,False,1,0,1,False,0,False,0-10,Money/Amount,False,Financial Account Information,False,,clear_non_responsive,False,,0,likely_non_responsive,,False,False,0,0,0,0,0,0,0.027,True,False,False,stage1_nr,False,,,0,False,,False,,0
CNG_Data2k_variance/files/Q00897.01-0000534760.0001.PDF,Q00897.01-0000534760.0001.PDF,.pdf,22569,ok,True,False,text,False,1,0,1,False,0,False,0-10,Money/Amount,False,Financial Account Information,False,,clear_non_responsive,False,,0,likely_non_responsive,,False,False,0,0,0,0,0,0,0.028,True,False,False,stage1_nr,False,,,0,False,,False,,0
CNG_Data2k_variance/files/Q00897.01-0000514757.MSG,Q00897.01-0000514757.MSG,.msg,38912,ok,True,False,text,False,0,0,0,False,0,False,0-10,,False,,False,,clear_non_responsive,False,,0,likely_non_responsive,,False,False,0,0,0,0,0,0,0.362,True,False,False,stage1_nr,False,,,0,False,,False,,0
CNG_Data2k_variance/files/Q00897.01-0000733577.MSG,Q00897.01-0000733577.MSG,.msg,161792,ok,True,False,text,False,0,0,3,False,0,False,0-10,Name | Email,True,Contact Information,False,,ambiguous,True,yes,4262,standard,,False,False,0,0,0,0,0,0,4.002,False,False,True,,True,likely_no,no,4339,False,likely_non_responsive,True,,8601
CNG_Data2k_variance/files/Q00897.01-0000284181.0002.PDF,Q00897.01-0000284181.0002.PDF,.pdf,17994,ok,True,False,text,False,1,0,3,False,0,False,0-10,Name | Address | Phone | Money/Amount | Health,True,Contact Information | Financial Account Information | Health-Related Information,False,,ambiguous,True,yes,4346,standard,,False,False,0,0,0,0,0,0,3.131,False,False,True,,True,clear_yes,yes,4405,False,standard,False,,8751
CNG_Data2k_variance/files/Q00897.01-0000001899.PDF,Q00897.01-0000001899.PDF,.pdf,58729,ok,True,False,text,False,3,0,1,False,0,False,0-10,Name,False,,False,,ambiguous,True,yes,3938,standard,,False,False,0,0,0,0,0,0,4.83,False,False,True,,True,likely_yes,yes,3975,False,standard,False,,7913
CNG_Data2k_variance/files/Q00897.01-0000711678.MSG,Q00897.01-0000711678.MSG,.msg,165376,ok,True,False,text,False,0,0,2,False,0,False,0-10,Name | Address | Email | Phone | Money/Amount,True,Contact Information | Financial Account Information,False,,ambiguous,True,no,4012,likely_non_responsive,,False,False,0,0,0,0,0,0,1.383,True,False,False,stage1_nr,False,,,0,False,,False,,4012
CNG_Data2k_variance/files/Q00897.01-0000833208.MSG,Q00897.01-0000833208.MSG,.msg,158208,ok,True,False,text,False,0,1,2,False,0,False,0-10,Name | Address | Email | Phone | Credentials,True,Contact Information | Access Credentials,False,,ambiguous,True,yes,4405,standard,,False,False,0,0,0,0,0,0,2.818,False,False,True,,True,likely_no,no,4481,False,likely_non_responsive,True,,8886
CNG_Data2k_variance/files/Q00897.01-0000555403.0001.XLSX,Q00897.01-0000555403.0001.XLSX,.xlsx,36383,ok,True,True,text,True,1,0,430,False,0,True,100+,Phone,True,Contact Information,True,,ambiguous,True,no,11123,structured_bde,roster_by_rowcount bde_llm_count_roster,False,False,0,0,0,0,0,0,4.303,False,True,True,,True,clear_no,no,6016,True,likely_non_responsive,True,,17139
CNG_Data2k_variance/files/Q00897.01-0000309481.XLSX,Q00897.01-0000309481.XLSX,.xlsx,192573,ok,True,True,text,True,6,0,883,False,0,False,100+,Phone | Payment Card | Money/Amount,True,Contact Information | Financial Account Information,False,,ambiguous,True,no,10120,likely_non_responsive,roster_by_rowcount bde_llm_count,False,False,0,0,0,0,0,0,2.209,True,False,False,stage1_nr,False,,,0,False,,False,,10120
CNG_Data2k_variance/files/Q00897.01-0000472204.MSG,Q00897.01-0000472204.MSG,.msg,23552,ok,True,False,text,False,0,0,0,False,0,False,0-10,,False,,False,,clear_non_responsive,False,,0,likely_non_responsive,,False,False,0,0,0,0,0,0,0.068,True,False,False,stage1_nr,False,,,0,False,,False,,0
CNG_Data2k_variance/files/Q00897.01-0000671245.MSG,Q00897.01-0000671245.MSG,.msg,93184,ok,True,False,text,False,0,2,6,False,0,False,0-10,Name | Address | Email | Phone | Money/Amount,True,Contact Information | Financial Account Information,False,,ambiguous,True,no,4268,likely_non_responsive,,False,False,0,0,0,0,0,0,1.991,True,False,False,stage1_nr,False,,,0,False,,False,,4268
CNG_Data2k_variance/files/Q00897.01-0000441703.MSG,Q00897.01-0000441703.MSG,.msg,288768,ok,True,False,text,False,0,1,2,False,0,False,0-10,Name | Address | Email | Phone | Card/Transaction | Account Balance,True,Contact Information | Financial Account Information,False,,ambiguous,True,no,3889,likely_non_responsive,,False,False,0,0,0,0,0,0,1.364,True,False,False,stage1_nr,False,,,0,False,,False,,3889
CNG_Data2k_variance/files/Q00897.01-0000530519.0001.PDF,Q00897.01-0000530519.0001.PDF,.pdf,22558,ok,True,False,text,False,1,0,1,False,0,False,0-10,Money/Amount,False,Financial Account Information,False,,clear_non_responsive,False,,0,likely_non_responsive,,False,False,0,0,0,0,0,0,0.025,True,False,False,stage1_nr,False,,,0,False,,False,,0
CNG_Data2k_variance/files/Q00897.01-0000258581.0001.PDF,Q00897.01-0000258581.0001.PDF,.pdf,250575,ok,True,False,text,False,3,0,1,False,0,False,0-10,Name | Address | Bank/Account Number | Money/Amount,True,Contact Information | Financial Account Information,False,,ambiguous,True,yes,4301,standard,"img_ocr:p2(1/1,+233chars)",False,False,0,1,1,1,0,1,6.81,False,False,True,,True,likely_no,no,4363,False,likely_non_responsive,True,,8664
CNG_Data2k_variance/files/Q00897.01-0000896917.PDF,Q00897.01-0000896917.PDF,.pdf,17516,ok,True,False,text,False,3,0,1,False,0,False,0-10,Money/Amount,False,Financial Account Information,False,,clear_non_responsive,False,,0,likely_non_responsive,,False,False,0,0,0,0,0,0,0.111,True,False,False,stage1_nr,False,,,0,False,,False,,0
CNG_Data2k_variance/files/Q00897.01-0000416474.MSG,Q00897.01-0000416474.MSG,.msg,130560,ok,True,False,text,False,0,0,1,False,0,False,0-10,Name | Email | Card/Transaction | Money/Amount,True,Contact Information | Financial Account Information,False,,ambiguous,True,yes,3882,standard,,False,False,0,0,0,0,0,0,2.411,False,False,True,,True,likely_no,no,3925,False,likely_non_responsive,True,,7807
CNG_Data2k_variance/files/Q00897.01-0000659054.0002.PDF,Q00897.01-0000659054.0002.PDF,.pdf,127100,ok,True,False,text,False,1,0,4,False,0,False,0-10,Name | Address | Email | Phone,True,Contact Information,False,,ambiguous,True,no,4031,likely_non_responsive,,False,False,0,0,0,0,0,0,1.397,True,False,False,stage1_nr,False,,,0,False,,False,,4031
CNG_Data2k_variance/files/Q00897.01-0000889699.PDF,Q00897.01-0000889699.PDF,.pdf,22257,ok,True,False,text,False,6,0,1,False,0,False,0-10,Name | Address | Phone | Money/Amount,True,Contact Information | Financial Account Information,False,,ambiguous,True,no,6208,likely_non_responsive,,False,False,0,0,0,0,0,0,2.13,True,False,False,stage1_nr,False,,,0,False,,False,,6208
CNG_Data2k_variance/files/Q00897.01-0000412608.MSG,Q00897.01-0000412608.MSG,.msg,171520,ok,True,False,text,False,0,3,1,False,0,False,0-10,Name | Address | Email | Phone,True,Contact Information,False,,ambiguous,True,yes,4118,standard,,False,False,0,0,0,0,0,0,2.892,False,False,True,,True,likely_no,no,4170,False,likely_non_responsive,True,,8288
CNG_Data2k_variance/files/Q00897.01-0000905254.PDF,Q00897.01-0000905254.PDF,.pdf,12320,ok,True,False,text,False,1,0,0,False,0,False,0-10,,False,,False,,clear_non_responsive,False,,0,likely_non_responsive,,False,False,0,0,0,0,0,0,0.051,True,False,False,stage1_nr,False,,,0,False,,False,,0
CNG_Data2k_variance/files/Q00897.01-0000264934.CSV,Q00897.01-0000264934.CSV,.csv,437320,ok,True,True,text,True,0,0,66,False,0,False,50-100,,False,,False,,ambiguous,True,no,11488,likely_non_responsive,bde_llm_count,False,False,0,0,0,0,0,0,3.316,True,False,False,stage1_nr,False,,,0,False,,False,,11488
CNG_Data2k_variance/files/Q00897.01-0000254697.PDF,Q00897.01-0000254697.PDF,.pdf,1296086,ok,True,True,text,True,11,0,131,False,0,False,100+,Address | Money/Amount,True,Contact Information | Financial Account Information,False,,ambiguous,True,no,16351,likely_non_responsive,bde_llm_count,True,True,11,0,0,0,0,1,9.544,True,False,False,stage1_nr,False,,,0,False,,False,,16351
CNG_Data2k_variance/files/Q00897.01-0000006263.PDF,Q00897.01-0000006263.PDF,.pdf,168545,ok,True,False,text,False,1,0,2,False,0,False,0-10,Name | Phone | SSN,True,Contact Information | Government-Issued Identification,False,,clear_responsive,False,,0,standard,,False,False,0,0,0,0,0,0,1.892,False,False,True,,True,clear_yes,yes,4418,False,standard,False,,4418
CNG_Data2k_variance/files/Q00897.01-0000756129.MSG,Q00897.01-0000756129.MSG,.msg,69120,ok,True,False,text,False,0,0,1,False,0,False,0-10,Name | Address | Email | Credentials,True,Contact Information | Access Credentials,False,,ambiguous,True,yes,3873,standard,,False,False,0,0,0,0,0,0,62.733,False,False,True,,True,likely_yes,yes,3945,False,standard,False,,7818
CNG_Data2k_variance/files/Q00897.01-0000798486.0001.DOCX,Q00897.01-0000798486.0001.DOCX,.docx,16902,ok,True,False,text,False,0,0,10,False,5,False,0-10,Name | Card/Transaction | Money/Amount,False,Financial Account Information,False,,ambiguous,True,yes,8056,standard,bde_llm_count,False,False,0,0,0,0,0,0,4.767,False,False,True,,True,likely_no,no,4436,False,likely_non_responsive,True,,12492
CNG_Data2k_variance/files/Q00897.01-0000467113.0002.PDF,Q00897.01-0000467113.0002.PDF,.pdf,227514,ok,True,False,text,False,2,0,1,False,0,False,0-10,Money/Amount,False,Financial Account Information,False,,clear_non_responsive,False,,0,likely_non_responsive,,False,False,0,0,0,0,0,0,0.131,True,False,False,stage1_nr,False,,,0,False,,False,,0
CNG_Data2k_variance/files/Q00897.01-0000264300.XLSX,Q00897.01-0000264300.XLSX,.xlsx,144096,ok,True,True,text,True,3,0,1398,False,0,False,100+,Name | Address | Money/Amount,True,Contact Information | Financial Account Information,False,,ambiguous,True,yes,12343,standard,roster_by_rowcount bde_llm_count,False,False,0,0,0,0,0,0,4.941,False,False,True,,True,clear_no,no,6598,True,likely_non_responsive,True,,18941
CNG_Data2k_variance\files\Q00897.01-0000851687.XLS,Q00897.01-0000851687.XLS,.xls,22211,ok,True,True,text,True,1,0,66,False,0,False,50-100,Name | Money/Amount,False,Financial Account Information,False,,ambiguous,True,no,7304,likely_non_responsive,roster_by_rowcount bde_llm_count,False,False,0,0,0,0,0,0,3.148,True,False,False,stage1_nr,False,,,0,False,,False,,7304
CNG_Data2k_variance/files/Q00897.01-0000374439.MSG,Q00897.01-0000374439.MSG,.msg,141824,ok,True,False,text,False,0,0,2,False,0,False,0-10,Name | Email | Phone | Card/Transaction,True,Contact Information | Financial Account Information,False,,ambiguous,True,yes,3904,standard,,False,False,0,0,0,0,0,0,3.026,False,False,True,,True,likely_yes,yes,3944,False,standard,False,,7848
CNG_Data2k_variance/files/Q00897.01-0000002102.PDF,Q00897.01-0000002102.PDF,.pdf,550368,ok,True,True,text,True,11,0,91,False,3,False,50-100,Name | Address | Email | Phone | SSN | Money/Amount | Health | Work-Related,True,Contact Information | Government-Issued Identification | Financial Account Information | Health-Related Information | Work-Related Information,False,,clear_responsive,False,,6871,standard,bde_llm_count,True,True,11,0,0,0,0,1,11.458,False,False,True,,True,clear_yes,yes,7608,True,structured_bde,False,,14479
CNG_Data2k_variance/files/Q00897.01-0000002023.PDF,Q00897.01-0000002023.PDF,.pdf,728439,ok,True,False,text,False,3,0,3,False,0,False,0-10,Name | Money/Amount | Work-Related,True,Financial Account Information | Work-Related Information,False,,ambiguous,True,yes,4721,standard,,False,False,0,0,0,0,0,0,4.748,False,False,True,,True,likely_yes,yes,4774,False,standard,False,,9495
CNG_Data2k_variance/files/Q00897.01-0000526829.0001.PDF,Q00897.01-0000526829.0001.PDF,.pdf,22671,ok,True,False,text,False,1,0,1,False,0,False,0-10,Money/Amount,False,Financial Account Information,False,,clear_non_responsive,False,,0,likely_non_responsive,,False,False,0,0,0,0,0,0,0.029,True,False,False,stage1_nr,False,,,0,False,,False,,0
CNG_Data2k_variance/files/Q00897.01-0000231287.PDF,Q00897.01-0000231287.PDF,.pdf,652348,ok,True,True,text,True,3,0,10,False,3,False,0-10,Name | Address | Email | Phone | Bank/Account Number | Money/Amount,True,Contact Information | Financial Account Information,False,,ambiguous,True,yes,8716,standard,bde_llm_count,True,True,3,0,0,0,0,1,11.788,False,False,True,,True,likely_no,no,4809,False,likely_non_responsive,True,,13525
CNG_Data2k_variance/files/Q00897.01-0000125784.XLSX,Q00897.01-0000125784.XLSX,.xlsx,59703,ok,True,True,text,True,2,0,679,False,0,False,100+,Phone | Money/Amount,True,Contact Information | Financial Account Information,False,,ambiguous,True,no,10632,likely_non_responsive,bde_llm_count,False,False,0,0,0,0,0,0,3.708,True,False,False,stage1_nr,False,,,0,False,,False,,10632
CNG_Data2k_variance/files/Q00897.01-0000898524.PDF,Q00897.01-0000898524.PDF,.pdf,19670,ok,True,False,text,False,3,0,1,False,0,False,0-10,Name | Address | Phone | Money/Amount,True,Contact Information | Financial Account Information,False,,ambiguous,True,yes,5972,standard,,False,False,0,0,0,0,0,0,3.911,False,False,True,,True,borderline,no,6081,False,likely_non_responsive,True,,12053
CNG_Data2k_variance/files/Q00897.01-0000275975.PDF,Q00897.01-0000275975.PDF,.pdf,84054,ok,True,False,text,False,1,0,2,False,0,False,0-10,Name | Address | Money/Amount,True,Contact Information | Financial Account Information,False,,ambiguous,True,yes,3834,standard,"img_ocr:p1(1/1,+59chars)",False,False,0,1,1,1,0,1,6.366,False,False,True,,True,likely_no,no,3911,False,likely_non_responsive,True,,7745
CNG_Data2k_variance/files/Q00897.01-0000636324.MSG,Q00897.01-0000636324.MSG,.msg,113664,ok,True,False,text,False,0,2,7,False,4,False,0-10,Name | Address | Email | Phone | Health,True,Contact Information | Health-Related Information,False,,ambiguous,True,yes,8398,standard,bde_llm_count,False,False,0,0,0,0,0,0,4.307,False,False,True,,True,clear_yes,yes,4641,False,standard,False,,13039
CNG_Data2k_variance/files/Q00897.01-0000248028.PDF,Q00897.01-0000248028.PDF,.pdf,91937,ok,True,False,text,False,1,0,1,False,0,False,0-10,Bank/Account Number | Account Balance | Money/Amount,True,Financial Account Information,False,,ambiguous,True,no,3846,likely_non_responsive,"img_ocr:p1(1/1,+4chars)",False,False,0,1,1,1,0,1,5.468,True,False,False,stage1_nr,False,,,0,False,,False,,3846
CNG_Data2k_variance/files/Q00897.01-0000515787.MSG,Q00897.01-0000515787.MSG,.msg,30208,ok,True,False,text,False,0,0,10,False,1,False,0-10,Name | Address | Email | Phone | Money/Amount,True,Contact Information | Financial Account Information,False,,ambiguous,True,yes,8388,standard,bde_llm_count,False,False,0,0,0,0,0,0,5.296,False,False,True,,True,borderline,no,4707,False,likely_non_responsive,True,,13095
CNG_Data2k_variance\files\Q00897.01-0000787229.0005.DOC,Q00897.01-0000787229.0005.DOC,.doc,30474,ok,True,False,text,False,0,0,1,False,0,False,0-10,Money/Amount | Health,False,Financial Account Information | Health-Related Information,False,,ambiguous,True,no,6210,likely_non_responsive,,False,False,0,0,0,0,0,0,1.165,True,False,False,stage1_nr,False,,,0,False,,False,,6210
CNG_Data2k_variance/files/Q00897.01-0000483994.MSG,Q00897.01-0000483994.MSG,.msg,196608,ok,True,False,text,False,0,1,6,False,0,False,0-10,Name | Money/Amount,True,Financial Account Information,False,,ambiguous,True,yes,5735,standard,,False,False,0,0,0,0,0,0,4.362,False,False,True,,True,borderline,no,5815,False,likely_non_responsive,True,,11550
CNG_Data2k_variance/files/Q00897.01-0000696895.MSG,Q00897.01-0000696895.MSG,.msg,142848,ok,True,False,text,False,0,3,14,False,14,False,10-20,Name | Address | Email | Phone | Bank/Account Number | Money/Amount,True,Contact Information | Financial Account Information,False,,ambiguous,True,yes,10528,standard,bde_llm_count,False,False,0,0,0,0,0,0,6.955,False,False,True,,True,likely_no,no,5687,False,likely_non_responsive,True,,16215
CNG_Data2k_variance/files/Q00897.01-0000288193.XLSX,Q00897.01-0000288193.XLSX,.xlsx,483506,ok,True,True,text,True,1,0,66,False,66,True,50-100,Name,False,,True,,ambiguous,True,yes,7386,structured_bde,roster_by_rowcount bde_llm_count_roster,False,False,0,0,0,0,0,0,7.011,False,True,True,,True,likely_no,no,4226,True,likely_non_responsive,True,,11612
CNG_Data2k_variance/files/Q00897.01-0000813610.MSG,Q00897.01-0000813610.MSG,.msg,133120,ok,True,False,text,False,0,0,2,False,0,False,0-10,Address | Email | Phone,True,Contact Information,False,,ambiguous,True,no,3919,likely_non_responsive,,False,False,0,0,0,0,0,0,1.308,True,False,False,stage1_nr,False,,,0,False,,False,,3919
CNG_Data2k_variance/files/Q00897.01-0000875203.XLSX,Q00897.01-0000875203.XLSX,.xlsx,42662,ok,True,True,text,True,1,0,4,False,2,False,0-10,Name | Address | Email | Phone | Card Expiry/CVV,True,Contact Information | Financial Account Information,False,,ambiguous,True,yes,7090,standard,bde_llm_count,False,False,0,0,0,0,0,0,3.709,False,False,True,,True,likely_no,no,4043,False,likely_non_responsive,True,,11133
CNG_Data2k_variance/files/Q00897.01-0000811454.0001.PDF,Q00897.01-0000811454.0001.PDF,.pdf,7674,ok,True,False,text,False,1,0,0,False,0,False,0-10,,False,,False,,clear_non_responsive,False,,0,likely_non_responsive,,False,False,0,0,0,0,0,0,0.043,True,False,False,stage1_nr,False,,,0,False,,False,,0
CNG_Data2k_variance/files/Q00897.01-0000822542.MSG,Q00897.01-0000822542.MSG,.msg,102912,ok,True,False,text,False,0,0,7,False,4,False,0-10,Name | Address | Email | Phone | Money/Amount,True,Contact Information | Financial Account Information,False,,ambiguous,True,yes,8108,standard,bde_llm_count,False,False,0,0,0,0,0,0,5.048,False,False,True,,True,likely_no,no,4522,False,likely_non_responsive,True,,12630
CNG_Data2k_variance/files/Q00897.01-0000672756.MSG,Q00897.01-0000672756.MSG,.msg,140288,ok,True,False,text,False,0,1,1,False,0,False,0-10,Name | Money/Amount,True,Financial Account Information,False,,ambiguous,True,no,3833,likely_non_responsive,,False,False,0,0,0,0,0,0,2.02,True,False,False,stage1_nr,False,,,0,False,,False,,3833
CNG_Data2k_variance/files/Q00897.01-0000242010.CSV,Q00897.01-0000242010.CSV,.csv,2142,ok,True,True,text,True,0,0,6,False,0,False,0-10,Address | Phone | Money/Amount,True,Contact Information | Financial Account Information,False,,ambiguous,True,no,8156,likely_non_responsive,bde_llm_count,False,False,0,0,0,0,0,0,3.647,True,False,False,stage1_nr,False,,,0,False,,False,,8156
CNG_Data2k_variance/files/Q00897.01-0000427825.0001.PDF,Q00897.01-0000427825.0001.PDF,.pdf,125338,ok,True,False,text,False,1,0,5,False,0,False,0-10,Name | Address | Email | Phone | Money/Amount,True,Contact Information | Financial Account Information,False,,ambiguous,True,yes,4306,standard,,False,False,0,0,0,0,0,0,5.103,False,False,True,,True,clear_yes,yes,4364,False,standard,False,,8670
CNG_Data2k_variance/files/Q00897.01-0000361254.MSG,Q00897.01-0000361254.MSG,.msg,237056,ok,True,False,text,False,0,0,1,False,0,False,0-10,Address,True,Contact Information,False,,ambiguous,True,no,3886,likely_non_responsive,,False,False,0,0,0,0,0,0,2.1,True,False,False,stage1_nr,False,,,0,False,,False,,3886
CNG_Data2k_variance/files/Q00897.01-0000719080.MSG,Q00897.01-0000719080.MSG,.msg,200704,ok,True,False,text,False,0,1,2,False,0,False,0-10,Name | Phone,True,Contact Information,False,,ambiguous,True,no,4503,likely_non_responsive,,False,False,0,0,0,0,0,0,2.874,True,False,False,stage1_nr,False,,,0,False,,False,,4503
CNG_Data2k_variance/files/Q00897.01-0000592254.0001.PDF,Q00897.01-0000592254.0001.PDF,.pdf,129668,ok,True,False,text,False,1,0,0,False,0,False,0-10,,False,,False,,clear_non_responsive,False,,0,likely_non_responsive,,False,False,0,0,0,0,0,0,0.182,True,False,False,stage1_nr,False,,,0,False,,False,,0
CNG_Data2k_variance/files/Q00897.01-0000427382.MSG,Q00897.01-0000427382.MSG,.msg,145408,ok,True,False,text,False,0,5,9,False,7,False,0-10,Name | Phone,True,Contact Information,False,,ambiguous,True,no,7985,likely_non_responsive,bde_llm_count,False,False,0,0,0,0,0,0,2.793,True,False,False,stage1_nr,False,,,0,False,,False,,7985
CNG_Data2k_variance/files/Q00897.01-0000005919.PDF,Q00897.01-0000005919.PDF,.pdf,54963,ok,True,False,text,False,9,0,3,False,0,False,0-10,Name | Address | Email | Phone | Card Expiry/CVV | Money/Amount | Family | Work-Related,True,Contact Information | Financial Account Information | Family Information | Work-Related Information,False,,ambiguous,True,yes,7037,standard,,False,False,0,0,0,0,0,0,3.269,False,False,True,,True,clear_yes,yes,7039,False,standard,False,,14076
CNG_Data2k_variance/files/Q00897.01-0000662583.0001.PDF,Q00897.01-0000662583.0001.PDF,.pdf,538201,ok,True,False,text,False,2,0,2,False,0,False,0-10,Name | Health,True,Health-Related Information,False,,ambiguous,True,no,4775,likely_non_responsive,,True,True,2,0,0,0,0,1,7.874,True,False,False,stage1_nr,False,,,0,False,,False,,4775
CNG_Data2k_variance/files/Q00897.01-0000702474.MSG,Q00897.01-0000702474.MSG,.msg,217088,ok,True,False,text,False,0,0,2,False,0,False,0-10,Address | Email | Phone | Money/Amount | Credentials,True,Contact Information | Financial Account Information | Access Credentials,False,,ambiguous,True,no,3961,likely_non_responsive,,False,False,0,0,0,0,0,0,1.694,True,False,False,stage1_nr,False,,,0,False,,False,,3961
CNG_Data2k_variance/files/Q00897.01-0000911350.PDF,Q00897.01-0000911350.PDF,.pdf,494036,ok,True,True,text,True,15,0,332,False,9,True,100+,Address | Phone | SSN | Money/Amount | Work-Related,True,Contact Information | Government-Issued Identification | Financial Account Information | Work-Related Information,True,,clear_responsive,False,,11018,structured_bde,bde_llm_count_roster,True,True,15,0,0,0,0,1,14.763,False,True,True,,True,clear_yes,yes,11863,True,structured_bde,False,,22881
CNG_Data2k_variance/files/Q00897.01-0000713622.MSG,Q00897.01-0000713622.MSG,.msg,61952,ok,True,False,text,False,0,0,10,False,10,False,0-10,Name | Address | Email | Phone,True,Contact Information,False,,ambiguous,True,yes,9832,standard,bde_llm_count,False,False,0,0,0,0,0,0,8.167,False,False,True,,True,likely_no,no,5315,False,likely_non_responsive,True,,15147
CNG_Data2k_variance/files/Q00897.01-0000504423.MSG,Q00897.01-0000504423.MSG,.msg,93696,ok,True,False,text,False,0,0,3,False,0,False,0-10,Name | Address | Email | Tax ID | Money/Amount,True,Contact Information | Government-Issued Identification | Financial Account Information,False,,ambiguous,True,no,4526,likely_non_responsive,,False,False,0,0,0,0,0,0,2.507,True,False,False,stage1_nr,False,,,0,False,,False,,4526
CNG_Data2k_variance/files/Q00897.01-0000244980.PDF,Q00897.01-0000244980.PDF,.pdf,1089782,ok,True,False,text,False,3,0,1,False,0,False,0-10,Address | Phone | Bank/Account Number | Money/Amount,True,Contact Information | Financial Account Information,False,,ambiguous,True,no,4373,likely_non_responsive,"img_ocr:p3(1/1,+467chars)",False,False,0,1,1,1,0,1,9.473,True,False,False,stage1_nr,False,,,0,False,,False,,4373
CNG_Data2k_variance/files/Q00897.01-0000728277.MSG,Q00897.01-0000728277.MSG,.msg,119808,ok,True,False,text,False,0,0,1,False,0,False,0-10,Email,True,Contact Information,False,,ambiguous,True,no,4069,likely_non_responsive,,False,False,0,0,0,0,0,0,1.304,True,False,False,stage1_nr,False,,,0,False,,False,,4069
CNG_Data2k_variance/files/Q00897.01-0000117639.PDF,Q00897.01-0000117639.PDF,.pdf,680531,ok,True,False,text,False,9,0,3,False,0,False,0-10,Name | Address | Email | Phone | Birth Certificate | Money/Amount | Health | Work-Related,True,Contact Information | Birth Information | Financial Account Information | Health-Related Information | Work-Related Information,False,,ambiguous,True,yes,8830,standard,"img_ocr:p1(1/1,+61chars)",False,False,0,1,1,1,0,1,10.028,False,False,True,,True,clear_yes,yes,8922,False,standard,False,,17752
CNG_Data2k_variance/files/Q00897.01-0000759607.MSG,Q00897.01-0000759607.MSG,.msg,72704,ok,True,False,text,False,0,0,3,False,0,False,0-10,Name | Email | Phone,True,Contact Information,False,,ambiguous,True,no,4047,likely_non_responsive,,False,False,0,0,0,0,0,0,60.91,True,False,False,stage1_nr,False,,,0,False,,False,,4047
CNG_Data2k_variance/files/Q00897.01-0000804894.MSG,Q00897.01-0000804894.MSG,.msg,106496,ok,True,False,text,False,0,2,3,False,0,False,0-10,Name | Address | Email | Phone,True,Contact Information,False,,ambiguous,True,yes,4464,standard,,False,False,0,0,0,0,0,0,3.484,False,False,True,,True,likely_no,no,4525,False,likely_non_responsive,True,,8989
CNG_Data2k_variance/files/Q00897.01-0000852757.XLSX,Q00897.01-0000852757.XLSX,.xlsx,5992997,ok,True,True,text,True,3,0,250,True,6,False,100+,Name | Phone | Money/Amount,True,Contact Information | Financial Account Information,False,,ambiguous,True,yes,15616,standard,bde_llm_count,False,False,0,0,0,0,0,0,8.265,False,False,True,,True,clear_no,no,8203,True,likely_non_responsive,True,,23819
CNG_Data2k_variance/files/Q00897.01-0000812404.0001.PDF,Q00897.01-0000812404.0001.PDF,.pdf,218380,ok,True,True,text,True,1,0,21,False,1,False,20-50,Name | Address | Card/Transaction | Money/Amount,True,Contact Information | Financial Account Information,False,,ambiguous,True,no,7284,likely_non_responsive,bde_llm_count,True,True,1,0,0,0,0,1,6.176,True,False,False,stage1_nr,False,,,0,False,,False,,7284
CNG_Data2k_variance/files/Q00897.01-0000136564.PDF,Q00897.01-0000136564.PDF,.pdf,5254278,ok,True,True,text,True,15,0,290,False,0,False,100+,Name | Address | Email | Phone | Money/Amount,True,Contact Information | Financial Account Information,False,,ambiguous,True,yes,20256,standard,bde_llm_count,True,True,15,0,0,0,0,1,13.027,False,False,True,,True,likely_no,no,10635,True,likely_non_responsive,True,,30891
CNG_Data2k_variance/files/Q00897.01-0000797118.0001.PDF,Q00897.01-0000797118.0001.PDF,.pdf,1471765,ok,True,True,text,True,2,0,16,False,2,False,10-20,Name | Address | Phone | Card/Transaction | Account Balance | Money/Amount | Health,True,Contact Information | Financial Account Information | Health-Related Information,False,,ambiguous,True,yes,8881,standard,bde_llm_count,True,True,2,0,0,0,0,1,10.158,False,False,True,,True,clear_yes,yes,4897,False,standard,False,,13778
CNG_Data2k_variance/files/Q00897.01-0000130766.PDF,Q00897.01-0000130766.PDF,.pdf,126343,ok,True,True,text,True,1,0,36,False,0,False,20-50,Email | Phone | Money/Amount,True,Contact Information | Financial Account Information,False,,ambiguous,True,no,7423,likely_non_responsive,bde_llm_count,True,True,1,0,0,0,0,1,9.226,True,False,False,stage1_nr,False,,,0,False,,False,,7423
CNG_Data2k_variance/files/Q00897.01-0000669115.MSG,Q00897.01-0000669115.MSG,.msg,170496,ok,True,False,text,False,0,2,3,False,0,False,0-10,Name | Phone,True,Contact Information,False,,ambiguous,True,no,3720,likely_non_responsive,,False,False,0,0,0,0,0,0,1.565,True,False,False,stage1_nr,False,,,0,False,,False,,3720
CNG_Data2k_variance/files/Q00897.01-0000657645.MSG,Q00897.01-0000657645.MSG,.msg,225280,ok,True,False,text,False,0,2,1,False,0,False,0-10,Money/Amount,False,Financial Account Information,False,,clear_non_responsive,False,,0,likely_non_responsive,,False,False,0,0,0,0,0,0,0.209,True,False,False,stage1_nr,False,,,0,False,,False,,0
CNG_Data2k_variance/files/Q00897.01-0000834301.MSG,Q00897.01-0000834301.MSG,.msg,113152,ok,True,False,text,False,0,0,2,False,0,False,0-10,Email,True,Contact Information,False,,ambiguous,True,no,3884,likely_non_responsive,,False,False,0,0,0,0,0,0,1.554,True,False,False,stage1_nr,False,,,0,False,,False,,3884
CNG_Data2k_variance/files/Q00897.01-0000546809.MSG,Q00897.01-0000546809.MSG,.msg,117248,ok,True,False,text,False,0,0,3,False,0,False,0-10,Name | Address | Email | Phone,True,Contact Information,False,,ambiguous,True,no,4127,likely_non_responsive,,False,False,0,0,0,0,0,0,2.059,True,False,False,stage1_nr,False,,,0,False,,False,,4127
CNG_Data2k_variance/files/Q00897.01-0000263097.0001.PDF,Q00897.01-0000263097.0001.PDF,.pdf,247029,ok,True,True,text,True,14,0,168,False,0,False,100+,Name | Address | Phone | Money/Amount,True,Contact Information | Financial Account Information,False,,ambiguous,True,no,17898,likely_non_responsive,bde_llm_count,True,True,14,0,0,0,0,1,9.286,True,False,False,stage1_nr,False,,,0,False,,False,,17898
CNG_Data2k_variance/files/Q00897.01-0000106883.PDF,Q00897.01-0000106883.PDF,.pdf,689990,ok,True,True,text,True,11,0,10,False,2,False,0-10,Name | Email | Money/Amount | Health | Work-Related,True,Contact Information | Financial Account Information | Health-Related Information | Work-Related Information,False,,ambiguous,True,yes,16181,standard,bde_llm_count,True,True,11,0,0,0,0,1,15.034,False,False,True,,True,clear_yes,yes,8566,False,standard,False,,24747
CNG_Data2k_variance/files/Q00897.01-0000911774.PDF,Q00897.01-0000911774.PDF,.pdf,60898,ok,True,False,text,False,2,0,1,False,0,False,0-10,Phone | SSN | Money/Amount,True,Contact Information | Government-Issued Identification | Financial Account Information,False,,clear_responsive,False,,0,standard,,True,True,2,0,0,0,0,1,6.304,False,False,True,,True,clear_yes,yes,4715,False,standard,False,,4715
CNG_Data2k_variance/files/Q00897.01-0000534390.0001.PDF,Q00897.01-0000534390.0001.PDF,.pdf,20970,ok,True,False,text,False,1,0,0,False,0,False,0-10,,False,,False,,clear_non_responsive,False,,0,likely_non_responsive,,False,False,0,0,0,0,0,0,0.032,True,False,False,stage1_nr,False,,,0,False,,False,,0
CNG_Data2k_variance/files/Q00897.01-0000137911.PDF,Q00897.01-0000137911.PDF,.pdf,249172,ok,True,True,text,True,3,0,60,False,2,False,50-100,Name | Address | Phone | Money/Amount,True,Contact Information | Financial Account Information,False,,ambiguous,True,yes,15294,standard,bde_llm_count,True,True,3,0,0,0,0,1,11.79,False,False,True,,True,clear_no,no,8070,True,likely_non_responsive,True,,23364
CNG_Data2k_variance/files/Q00897.01-0000671503.0001.PDF,Q00897.01-0000671503.0001.PDF,.pdf,1313018,ok,True,True,text,True,8,0,27,False,0,False,20-50,Address | Phone | Tax ID | Bank/Account Number | Money/Amount,True,Contact Information | Government-Issued Identification | Financial Account Information,False,,ambiguous,True,yes,16060,standard,bde_llm_count,True,True,8,0,0,0,0,1,10.332,False,False,True,,True,clear_no,no,8491,False,likely_non_responsive,True,,24551
CNG_Data2k_variance/files/Q00897.01-0000535942.0001.PDF,Q00897.01-0000535942.0001.PDF,.pdf,23214,ok,True,False,text,False,2,0,1,False,0,False,0-10,Phone,True,Contact Information,False,,ambiguous,True,no,3858,likely_non_responsive,,False,False,0,0,0,0,0,0,59.051,True,False,False,stage1_nr,False,,,0,False,,False,,3858
CNG_Data2k_variance/files/Q00897.01-0000620628.0001.0008.XLSX,Q00897.01-0000620628.0001.0008.XLSX,.xlsx,1152995,ok,True,True,text,True,14,0,318,False,0,False,100+,Phone,True,Contact Information,False,,ambiguous,True,no,10994,likely_non_responsive,bde_llm_count,False,False,0,0,0,0,0,0,3.468,True,False,False,stage1_nr,False,,,0,False,,False,,10994
CNG_Data2k_variance/files/Q00897.01-0000838991.MSG,Q00897.01-0000838991.MSG,.msg,207872,ok,True,False,text,False,0,1,11,False,8,False,10-20,Name | Address | Email | Phone | Card/Transaction | Money/Amount | Credentials,True,Contact Information | Financial Account Information | Access Credentials,False,,ambiguous,True,yes,20600,standard,bde_llm_count,False,False,0,0,0,0,0,0,8.373,False,False,True,,True,likely_no,no,10824,False,likely_non_responsive,True,,31424
CNG_Data2k_variance/files/Q00897.01-0000901236.PDF,Q00897.01-0000901236.PDF,.pdf,12697,ok,True,False,text,False,2,0,1,False,0,False,0-10,Money/Amount,False,Financial Account Information,False,,clear_non_responsive,False,,0,likely_non_responsive,,False,False,0,0,0,0,0,0,0.25,True,False,False,stage1_nr,False,,,0,False,,False,,0
CNG_Data2k_variance/files/Q00897.01-0000671718.MSG,Q00897.01-0000671718.MSG,.msg,65536,ok,True,False,text,False,0,0,10,False,7,False,0-10,Name | Address | Email | Phone,True,Contact Information,False,,ambiguous,True,yes,9839,standard,bde_llm_count,False,False,0,0,0,0,0,0,6.889,False,False,True,,True,likely_no,no,5353,False,likely_non_responsive,True,,15192
CNG_Data2k_variance/files/Q00897.01-0000107772.PDF,Q00897.01-0000107772.PDF,.pdf,278416,ok,True,True,text,True,3,0,3,False,2,False,0-10,Name | Money/Amount,True,Financial Account Information,False,,ambiguous,True,yes,10124,standard,bde_llm_count,True,True,3,0,0,0,0,1,11.289,False,False,True,,True,likely_no,no,5529,False,likely_non_responsive,True,,15653
CNG_Data2k_variance/files/Q00897.01-0000713826.MSG,Q00897.01-0000713826.MSG,.msg,154624,ok,True,False,text,False,0,0,1,False,0,False,0-10,Name | Address | Email,True,Contact Information,False,,ambiguous,True,yes,4127,standard,,False,False,0,0,0,0,0,0,2.46,False,False,True,,True,likely_no,no,4195,False,likely_non_responsive,True,,8322
CNG_Data2k_variance/files/Q00897.01-0000078361.PDF,Q00897.01-0000078361.PDF,.pdf,608316,ok,True,True,text,True,1,0,19,False,1,False,10-20,Name | Address | Bank/Account Number | Money/Amount,True,Contact Information | Financial Account Information,False,,ambiguous,True,yes,8107,standard,bde_llm_count,True,True,1,0,0,0,0,1,8.011,False,False,True,,True,likely_no,no,4511,False,likely_non_responsive,True,,12618
CNG_Data2k_variance/files/Q00897.01-0000800323.MSG,Q00897.01-0000800323.MSG,.msg,29696,error,False,False,,False,0,0,0,False,0,False,,,False,,False,,,False,,0,review_error,KeyError,False,False,0,0,0,0,0,0,0.36,False,False,False,extract_error,False,,,0,False,,False,,0
CNG_Data2k_variance/files/Q00897.01-0000471151.0002.XLSX,Q00897.01-0000471151.0002.XLSX,.xlsx,26864,ok,True,True,text,True,1,0,83,False,0,False,50-100,Card/Transaction | Work-Related,False,Financial Account Information | Work-Related Information,False,,ambiguous,True,no,10056,likely_non_responsive,roster_by_rowcount bde_llm_count,False,False,0,0,0,0,0,0,2.516,True,False,False,stage1_nr,False,,,0,False,,False,,10056
CNG_Data2k_variance\files\Q00897.01-0000021421.XLS,Q00897.01-0000021421.XLS,.xls,70590,ok,True,True,text,True,2,0,5,False,5,False,0-10,Name | Money/Amount,False,Financial Account Information,False,,ambiguous,True,yes,7580,standard,bde_llm_count_roster,False,False,0,0,0,0,0,0,4.952,False,False,True,,True,likely_yes,yes,4289,False,standard,False,,11869
CNG_Data2k_variance/files/Q00897.01-0000804234.MSG,Q00897.01-0000804234.MSG,.msg,70656,ok,True,False,text,False,0,3,10,False,14,False,0-10,Name | Address | Email | Phone | Money/Amount | Demographic,True,Contact Information | Financial Account Information | Demographic Information,False,,ambiguous,True,no,11477,likely_non_responsive,bde_llm_count,False,False,0,0,0,0,0,0,3.833,True,False,False,stage1_nr,False,,,0,False,,False,,11477
CNG_Data2k_variance/files/Q00897.01-0000898265.PDF,Q00897.01-0000898265.PDF,.pdf,19627,ok,True,False,text,False,3,0,1,False,0,False,0-10,Name | Address | Phone | Money/Amount,True,Contact Information | Financial Account Information,False,,ambiguous,True,yes,5983,standard,,False,False,0,0,0,0,0,0,2.886,False,False,True,,True,likely_yes,yes,6036,False,standard,False,,12019
CNG_Data2k_variance/files/Q00897.01-0000770434.0001.PDF,Q00897.01-0000770434.0001.PDF,.pdf,334623,ok,True,True,text,True,15,0,228,False,6,False,100+,Address | Phone | Money/Amount | Health,True,Contact Information | Financial Account Information | Health-Related Information,False,,ambiguous,True,no,18214,likely_non_responsive,bde_llm_count,True,True,15,0,0,0,0,1,12.562,True,False,False,stage1_nr,False,,,0,False,,False,,18214
CNG_Data2k_variance/files/Q00897.01-0000415326.MSG,Q00897.01-0000415326.MSG,.msg,152064,ok,True,False,text,False,0,1,2,False,0,False,0-10,Name | Email | Card/Transaction,True,Contact Information | Financial Account Information,False,,ambiguous,True,yes,3997,standard,,False,False,0,0,0,0,0,0,2.427,False,False,True,,True,likely_no,no,4043,False,likely_non_responsive,True,,8040
CNG_Data2k_variance/files/Q00897.01-0000767000.0002.DOCX,Q00897.01-0000767000.0002.DOCX,.docx,533104,ok,True,False,text,False,0,0,2,False,0,False,0-10,Name | Address | Phone | Money/Amount | Work-Related,True,Contact Information | Financial Account Information | Work-Related Information,False,,ambiguous,True,yes,8150,standard,,False,False,0,0,0,0,0,0,3.517,False,False,True,,True,likely_no,no,8210,False,likely_non_responsive,True,,16360
CNG_Data2k_variance/files/Q00897.01-0000146303.XLSX,Q00897.01-0000146303.XLSX,.xlsx,330288,ok,True,True,text,True,8,0,73,False,4,False,50-100,Name | Email | Phone | Money/Amount,True,Contact Information | Financial Account Information,False,,ambiguous,True,yes,8502,standard,bde_llm_count,False,False,0,0,0,0,0,0,4.389,False,False,True,,True,likely_no,no,4695,True,likely_non_responsive,True,,13197
CNG_Data2k_variance/files/Q00897.01-0000896426.PDF,Q00897.01-0000896426.PDF,.pdf,63575,ok,True,False,text,False,13,0,3,False,0,False,0-10,Name | Address | Phone | Money/Amount | Work-Related,True,Contact Information | Financial Account Information | Work-Related Information,False,,ambiguous,True,yes,14029,standard,,False,False,0,0,0,0,0,0,3.937,False,False,True,,True,clear_yes,yes,14078,False,standard,False,,28107
CNG_Data2k_variance/files/Q00897.01-0000845103.0002.PDF,Q00897.01-0000845103.0002.PDF,.pdf,158947,ok,True,False,text,False,49,0,2,False,0,False,0-10,Name | Address | Phone | Money/Amount | Health | Work-Related,True,Contact Information | Financial Account Information | Health-Related Information | Work-Related Information,False,,ambiguous,True,no,8428,likely_non_responsive,,False,False,0,0,0,0,0,0,2.518,True,False,False,stage1_nr,False,,,0,False,,False,,8428
CNG_Data2k_variance/files/Q00897.01-0000664632.0001.XLSX,Q00897.01-0000664632.0001.XLSX,.xlsx,14988,ok,True,True,text,True,1,0,131,False,2,False,100+,Phone | Money/Amount,True,Contact Information | Financial Account Information,False,,ambiguous,True,no,7889,likely_non_responsive,roster_by_rowcount bde_llm_count,False,False,0,0,0,0,0,0,2.323,True,False,False,stage1_nr,False,,,0,False,,False,,7889
CNG_Data2k_variance/files/Q00897.01-0000734021.MSG,Q00897.01-0000734021.MSG,.msg,171008,ok,True,False,text,False,0,0,1,False,0,False,0-10,Name | Address | Card/Transaction | Money/Amount,True,Contact Information | Financial Account Information,False,,ambiguous,True,yes,3957,standard,,False,False,0,0,0,0,0,0,9.504,False,False,True,,True,likely_no,no,4027,False,likely_non_responsive,True,,7984
CNG_Data2k_variance/files/Q00897.01-0000554638.0001.XLSX,Q00897.01-0000554638.0001.XLSX,.xlsx,91710,ok,True,True,text,True,4,0,146,False,26,False,100+,Name | Money/Amount,False,Financial Account Information,False,,ambiguous,True,yes,11048,standard,bde_llm_count,False,False,0,0,0,0,0,0,13.388,False,False,True,,True,likely_no,no,6062,True,likely_non_responsive,True,,17110
CNG_Data2k_variance/files/Q00897.01-0000258932.PDF,Q00897.01-0000258932.PDF,.pdf,210105,ok,True,False,text,False,3,0,1,False,0,False,0-10,Money/Amount,False,Financial Account Information,False,,clear_non_responsive,False,,0,likely_non_responsive,,False,False,0,0,0,0,0,0,0.075,True,False,False,stage1_nr,False,,,0,False,,False,,0
CNG_Data2k_variance/files/Q00897.01-0000883467.PDF,Q00897.01-0000883467.PDF,.pdf,16400,ok,True,False,text,False,3,0,4,False,0,False,0-10,Name | Address | Phone | Tax ID | Bank/Account Number | Money/Amount,True,Contact Information | Government-Issued Identification | Financial Account Information,False,,ambiguous,True,yes,6824,standard,,False,False,0,0,0,0,0,0,2.8,False,False,True,,True,clear_yes,yes,6858,False,standard,False,,13682
CNG_Data2k_variance/files/Q00897.01-0000119702.0026.PDF,Q00897.01-0000119702.0026.PDF,.pdf,57482,ok,True,False,text,False,1,0,2,False,0,False,0-10,Phone,True,Contact Information,False,,ambiguous,True,no,3931,likely_non_responsive,,False,False,0,0,0,0,0,0,1.795,True,False,False,stage1_nr,False,,,0,False,,False,,3931
CNG_Data2k_variance/files/Q00897.01-0000291183.PDF,Q00897.01-0000291183.PDF,.pdf,352769,ok,True,True,text,True,2,0,5,False,3,False,0-10,Name | Address | Email | Phone | Money/Amount | Health,True,Contact Information | Financial Account Information | Health-Related Information,False,,ambiguous,True,yes,7190,standard,bde_llm_count,True,True,2,0,0,0,0,1,10.353,False,False,True,,True,clear_yes,yes,4108,False,standard,False,,11298
CNG_Data2k_variance/files/Q00897.01-0000356971.CSV,Q00897.01-0000356971.CSV,.csv,154132,ok,True,True,text,True,0,0,652,False,652,True,100+,SSN | Money/Amount,True,Government-Issued Identification | Financial Account Information,True,,clear_responsive,False,,7051,structured_bde,bde_llm_count_roster,False,False,0,0,0,0,0,0,4.837,False,True,True,,True,clear_yes,yes,8126,True,structured_bde,False,,15177
CNG_Data2k_variance/files/Q00897.01-0000466208.0003.XLSX,Q00897.01-0000466208.0003.XLSX,.xlsx,199071,ok,True,True,text,True,13,0,128,False,0,False,100+,Money/Amount,False,Financial Account Information,False,,ambiguous,True,no,7916,likely_non_responsive,bde_llm_count,False,False,0,0,0,0,0,0,3.016,True,False,False,stage1_nr,False,,,0,False,,False,,7916
CNG_Data2k_variance/files/Q00897.01-0000258211.0002.PDF,Q00897.01-0000258211.0002.PDF,.pdf,262629,ok,True,False,text,False,3,0,1,False,0,False,0-10,Name | Address | Bank/Account Number | Money/Amount,True,Contact Information | Financial Account Information,False,,ambiguous,True,yes,4435,standard,"img_ocr:p2(1/1,+386chars)",False,False,0,1,1,1,0,1,7.497,False,False,True,,True,likely_yes,yes,4486,False,standard,False,,8921
CNG_Data2k_variance/files/Q00897.01-0000139273.XLSX,Q00897.01-0000139273.XLSX,.xlsx,13906,ok,True,True,text,True,3,0,0,False,0,False,0-10,Address | Card/Transaction | Money/Amount,True,Contact Information | Financial Account Information,False,,ambiguous,True,no,6882,structured_unreadable,bde_llm_count,False,False,0,0,0,0,0,0,3.501,False,False,True,,True,clear_no,no,3921,False,likely_non_responsive,True,,10803
CNG_Data2k_variance/files/Q00897.01-0000297404.XLSX,Q00897.01-0000297404.XLSX,.xlsx,37095,ok,True,True,text,True,7,0,255,False,0,False,100+,Money/Amount,False,Financial Account Information,False,,ambiguous,True,no,7823,likely_non_responsive,roster_by_rowcount bde_llm_count,False,False,0,0,0,0,0,0,5.828,True,False,False,stage1_nr,False,,,0,False,,False,,7823
CNG_Data2k_variance/files/Q00897.01-0000655757.0003.PDF,Q00897.01-0000655757.0003.PDF,.pdf,203347,ok,True,False,text,False,1,0,1,False,0,False,0-10,Money/Amount,False,Financial Account Information,False,,clear_non_responsive,False,,0,likely_non_responsive,,False,False,0,0,0,0,0,0,0.323,True,False,False,stage1_nr,False,,,0,False,,False,,0
CNG_Data2k_variance\files\Q00897.01-0000871243.XLS,Q00897.01-0000871243.XLS,.xls,35407,ok,True,True,text,True,2,0,184,False,184,True,100+,Money/Amount,False,Financial Account Information,True,,ambiguous,True,yes,10718,structured_bde,roster_by_rowcount bde_llm_count_roster,False,False,0,0,0,0,0,0,4.894,False,True,True,,True,likely_no,no,5799,True,likely_non_responsive,True,,16517
CNG_Data2k_variance/files/Q00897.01-0000859455.PDF,Q00897.01-0000859455.PDF,.pdf,172663,ok,True,False,text,False,2,0,1,False,0,False,0-10,Credentials,False,Access Credentials,False,,ambiguous,True,yes,4404,standard,"img_ocr:p1,p2(2/4,+68chars)",False,False,0,4,4,2,0,4,19.596,False,False,True,,True,likely_no,no,4473,False,likely_non_responsive,True,,8877
CNG_Data2k_variance/files/Q00897.01-0000275309.PDF,Q00897.01-0000275309.PDF,.pdf,451741,ok,True,True,text,True,2,0,1,False,1,False,0-10,Name | Address | Phone,True,Contact Information,False,,ambiguous,True,yes,7680,standard,bde_llm_count,True,True,2,0,0,0,0,1,9.861,False,False,True,,True,likely_no,no,4331,False,likely_non_responsive,True,,12011
CNG_Data2k_variance/files/Q00897.01-0000906741.PDF,Q00897.01-0000906741.PDF,.pdf,8213,ok,True,False,text,False,1,0,5,False,0,False,0-10,Name | Phone,True,Contact Information,False,,ambiguous,True,yes,3936,standard,,False,False,0,0,0,0,0,0,4.067,False,False,True,,True,borderline,no,3989,False,likely_non_responsive,True,,7925
CNG_Data2k_variance/files/Q00897.01-0000001417.PDF,Q00897.01-0000001417.PDF,.pdf,954546,ok,True,False,text,False,1,0,3,False,0,False,0-10,Name | Address | Email | Phone | SSN | Money/Amount | Work-Related,True,Contact Information | Government-Issued Identification | Financial Account Information | Work-Related Information,False,,clear_responsive,False,,0,standard,,False,False,0,0,0,0,0,0,3.555,False,False,True,,True,clear_yes,yes,8148,False,standard,False,,8148
CNG_Data2k_variance/files/Q00897.01-0000004662.PDF,Q00897.01-0000004662.PDF,.pdf,61855,ok,True,False,text,False,1,0,0,False,0,False,0-10,,False,,False,,clear_non_responsive,False,,0,likely_non_responsive,,True,True,1,0,0,0,0,1,4.474,True,False,False,stage1_nr,False,,,0,False,,False,,0
CNG_Data2k_variance/files/Q00897.01-0000905102.PDF,Q00897.01-0000905102.PDF,.pdf,15715,ok,True,False,text,False,2,0,1,False,0,False,0-10,Money/Amount,False,Financial Account Information,False,,clear_non_responsive,False,,0,likely_non_responsive,,False,False,0,0,0,0,0,0,0.092,True,False,False,stage1_nr,False,,,0,False,,False,,0
CNG_Data2k_variance/files/Q00897.01-0000670240.MSG,Q00897.01-0000670240.MSG,.msg,214016,ok,True,False,text,False,0,1,3,False,0,False,0-10,Name | Phone,True,Contact Information,False,,ambiguous,True,no,3716,likely_non_responsive,,False,False,0,0,0,0,0,0,1.372,True,False,False,stage1_nr,False,,,0,False,,False,,3716
CNG_Data2k_variance/files/Q00897.01-0000388358.MSG,Q00897.01-0000388358.MSG,.msg,100352,ok,True,False,text,False,0,0,1,False,0,False,0-10,Address | Email | Money/Amount,True,Contact Information | Financial Account Information,False,,ambiguous,True,no,3959,likely_non_responsive,,False,False,0,0,0,0,0,0,2.846,True,False,False,stage1_nr,False,,,0,False,,False,,3959
CNG_Data2k_variance/files/Q00897.01-0000860858.PDF,Q00897.01-0000860858.PDF,.pdf,631548,ok,True,True,text,True,1,0,5,False,4,False,0-10,Name | Address | Phone | Money/Amount,True,Contact Information | Financial Account Information,False,,ambiguous,True,yes,8741,standard,bde_llm_count,True,True,1,0,0,0,0,1,10.516,False,False,True,,True,clear_yes,yes,4837,False,standard,False,,13578
CNG_Data2k_variance/files/Q00897.01-0000658865.MSG,Q00897.01-0000658865.MSG,.msg,795648,ok,True,False,text,False,0,5,9,False,6,False,0-10,Name | Address | Email | Phone,True,Contact Information,False,,ambiguous,True,yes,10454,standard,bde_llm_count,False,False,0,0,0,0,0,0,5.199,False,False,True,,True,likely_no,no,5682,False,likely_non_responsive,True,,16136
CNG_Data2k_variance/files/Q00897.01-0000860934.XLSX,Q00897.01-0000860934.XLSX,.xlsx,390141,ok,True,True,text,True,8,0,3043,False,3043,True,100+,Name | Phone | Money/Amount | Work-Related,True,Contact Information | Financial Account Information | Work-Related Information,True,,ambiguous,True,yes,8491,structured_bde,roster_by_rowcount bde_llm_count_roster,False,False,0,0,0,0,0,0,5.559,False,True,True,,True,likely_yes,yes,4738,True,structured_bde,False,,13229
CNG_Data2k_variance/files/Q00897.01-0000841781.0031.PDF,Q00897.01-0000841781.0031.PDF,.pdf,19653,ok,True,False,text,False,8,0,1,False,0,False,0-10,Money/Amount | Work-Related,False,Financial Account Information | Work-Related Information,False,,ambiguous,True,no,10626,likely_non_responsive,,False,False,0,0,0,0,0,0,1.648,True,False,False,stage1_nr,False,,,0,False,,False,,10626
CNG_Data2k_variance/files/Q00897.01-0000840504.MSG,Q00897.01-0000840504.MSG,.msg,179712,ok,True,False,text,False,0,2,4,False,0,False,0-10,Name | Email | Phone | Card/Transaction | Money/Amount,True,Contact Information | Financial Account Information,False,,ambiguous,True,yes,5280,standard,,False,False,0,0,0,0,0,0,3.271,False,False,True,,True,likely_no,no,5312,False,likely_non_responsive,True,,10592
CNG_Data2k_variance/files/Q00897.01-0000890445.PDF,Q00897.01-0000890445.PDF,.pdf,11843,ok,True,False,text,False,1,0,1,False,0,False,0-10,Phone,True,Contact Information,False,,ambiguous,True,yes,3843,standard,,False,False,0,0,0,0,0,0,2.811,False,False,True,,True,borderline,no,3904,False,likely_non_responsive,True,,7747
CNG_Data2k_variance/files/Q00897.01-0000279746.PDF,Q00897.01-0000279746.PDF,.pdf,25933,ok,True,False,text,False,1,0,2,False,0,False,0-10,Name | Address | Phone,True,Contact Information,False,,ambiguous,True,yes,3865,standard,,True,True,1,0,0,0,0,1,6.747,False,False,True,,True,likely_yes,yes,3916,False,standard,False,,7781
CNG_Data2k_variance/files/Q00897.01-0000139083.PDF,Q00897.01-0000139083.PDF,.pdf,2070660,ok,True,True,text,True,15,0,234,False,0,False,100+,Name | Address | Email | Phone | Card/Transaction | Money/Amount,True,Contact Information | Financial Account Information,False,,ambiguous,True,yes,20697,standard,bde_llm_count,True,True,15,0,0,0,0,1,16.03,False,False,True,,True,likely_yes,yes,10870,True,structured_bde,False,,31567
CNG_Data2k_variance/files/Q00897.01-0000535134.0001.PDF,Q00897.01-0000535134.0001.PDF,.pdf,22624,ok,True,False,text,False,1,0,1,False,0,False,0-10,Money/Amount,False,Financial Account Information,False,,clear_non_responsive,False,,0,likely_non_responsive,,False,False,0,0,0,0,0,0,0.031,True,False,False,stage1_nr,False,,,0,False,,False,,0
CNG_Data2k_variance/files/Q00897.01-0000834695.MSG,Q00897.01-0000834695.MSG,.msg,141824,ok,True,False,text,False,0,0,4,False,0,False,0-10,Name | Address | Email | Phone,True,Contact Information,False,,ambiguous,True,yes,7114,standard,,False,False,0,0,0,0,0,0,5.054,False,False,True,,True,likely_no,no,7192,False,likely_non_responsive,True,,14306
CNG_Data2k_variance/files/Q00897.01-0000086603.PDF,Q00897.01-0000086603.PDF,.pdf,1096550,ok,True,True,text,True,3,0,16,False,1,False,10-20,Name | Address | Email | Tax ID | Money/Amount,True,Contact Information | Government-Issued Identification | Financial Account Information,False,,ambiguous,True,yes,13503,standard,bde_llm_count,True,True,3,0,0,0,0,1,10.151,False,False,True,,True,likely_yes,yes,7214,False,standard,False,,20717
CNG_Data2k_variance/files/Q00897.01-0000814458.0001.PDF,Q00897.01-0000814458.0001.PDF,.pdf,122761,ok,True,True,text,True,5,0,107,False,0,False,100+,Money/Amount,False,Financial Account Information,False,,ambiguous,True,no,9252,likely_non_responsive,bde_llm_count,True,True,5,0,0,0,0,1,9.022,True,False,False,stage1_nr,False,,,0,False,,False,,9252
CNG_Data2k_variance/files/Q00897.01-0000295239.PDF,Q00897.01-0000295239.PDF,.pdf,312386,ok,True,False,text,False,6,0,4,False,0,False,0-10,Name | Address | Email | Phone | Bank/Account Number | Money/Amount,True,Contact Information | Financial Account Information,False,,ambiguous,True,yes,5204,standard,"img_ocr:p2(1/1,+7chars)",False,False,0,1,1,1,0,1,7.581,False,False,True,,True,likely_no,no,5238,False,likely_non_responsive,True,,10442
CNG_Data2k_variance/files/Q00897.01-0000611732.0002.PDF,Q00897.01-0000611732.0002.PDF,.pdf,112718,ok,True,False,text,False,1,0,0,False,0,False,0-10,,False,,False,,clear_non_responsive,False,,0,likely_non_responsive,,False,False,0,0,0,0,0,0,0.095,True,False,False,stage1_nr,False,,,0,False,,False,,0
CNG_Data2k_variance/files/Q00897.01-0000006641.PDF,Q00897.01-0000006641.PDF,.pdf,92356,ok,True,False,text,False,1,0,1,False,0,False,0-10,Work-Related,False,Work-Related Information,False,,ambiguous,True,yes,5649,standard,,False,False,0,0,0,0,0,0,3.233,False,False,True,,True,likely_no,no,5708,False,likely_non_responsive,True,,11357
CNG_Data2k_variance/files/Q00897.01-0000430686.MSG,Q00897.01-0000430686.MSG,.msg,272384,ok,True,False,text,False,0,0,1,False,0,False,0-10,Name | Address | Money/Amount,True,Contact Information | Financial Account Information,False,,ambiguous,True,no,5382,likely_non_responsive,,False,False,0,0,0,0,0,0,3.655,True,False,False,stage1_nr,False,,,0,False,,False,,5382
CNG_Data2k_variance/files/Q00897.01-0000447023.0001.PDF,Q00897.01-0000447023.0001.PDF,.pdf,12781,ok,True,False,text,False,3,0,1,False,0,False,0-10,Money/Amount,False,Financial Account Information,False,,clear_non_responsive,False,,0,likely_non_responsive,,False,False,0,0,0,0,0,0,0.145,True,False,False,stage1_nr,False,,,0,False,,False,,0
CNG_Data2k_variance/files/Q00897.01-0000901833.PDF,Q00897.01-0000901833.PDF,.pdf,19918,ok,True,False,text,False,3,0,2,False,0,False,0-10,Name | Address | Phone | Money/Amount,True,Contact Information | Financial Account Information,False,,ambiguous,True,yes,5762,standard,,False,False,0,0,0,0,0,0,2.931,False,False,True,,True,likely_yes,yes,5807,False,standard,False,,11569
CNG_Data2k_variance/files/Q00897.01-0000545428.0001.PDF,Q00897.01-0000545428.0001.PDF,.pdf,22633,ok,True,False,text,False,1,0,1,False,0,False,0-10,Money/Amount,False,Financial Account Information,False,,clear_non_responsive,False,,0,likely_non_responsive,,False,False,0,0,0,0,0,0,0.034,True,False,False,stage1_nr,False,,,0,False,,False,,0
CNG_Data2k_variance/files/Q00897.01-0000625733.MSG,Q00897.01-0000625733.MSG,.msg,85504,ok,True,False,text,False,0,1,10,False,7,False,0-10,Name | Address | Email | Phone,True,Contact Information,False,,ambiguous,True,yes,13659,standard,bde_llm_count,False,False,0,0,0,0,0,0,4.951,False,False,True,,True,likely_no,no,7263,False,likely_non_responsive,True,,20922
CNG_Data2k_variance/files/Q00897.01-0000744035.MSG,Q00897.01-0000744035.MSG,.msg,172544,ok,True,False,text,False,0,0,2,False,0,False,0-10,Address | Email | Phone,True,Contact Information,False,,ambiguous,True,no,4107,likely_non_responsive,,False,False,0,0,0,0,0,0,1.46,True,False,False,stage1_nr,False,,,0,False,,False,,4107
CNG_Data2k_variance/files/Q00897.01-0000809338.0001.PDF,Q00897.01-0000809338.0001.PDF,.pdf,101792,ok,True,False,text,False,2,0,1,False,0,False,0-10,Work-Related,False,Work-Related Information,False,,ambiguous,True,no,4523,likely_non_responsive,,False,False,0,0,0,0,0,0,1.126,True,False,False,stage1_nr,False,,,0,False,,False,,4523
CNG_Data2k_variance/files/Q00897.01-0000736546.MSG,Q00897.01-0000736546.MSG,.msg,290816,ok,True,False,text,False,0,0,1,False,0,False,0-10,Name | Address | Email | Phone | Money/Amount | Health,True,Contact Information | Financial Account Information | Health-Related Information,False,,ambiguous,True,yes,4567,standard,,False,False,0,0,0,0,0,0,4.514,False,False,True,,True,likely_yes,yes,4640,False,standard,False,,9207
CNG_Data2k_variance/files/Q00897.01-0000646611.MSG,Q00897.01-0000646611.MSG,.msg,110080,ok,True,False,text,False,0,0,3,False,0,False,0-10,Name | Phone,True,Contact Information,False,,ambiguous,True,no,6003,likely_non_responsive,,False,False,0,0,0,0,0,0,1.359,True,False,False,stage1_nr,False,,,0,False,,False,,6003
CNG_Data2k_variance/files/Q00897.01-0000846307.MSG,Q00897.01-0000846307.MSG,.msg,200192,ok,True,False,text,False,0,3,6,False,0,False,0-10,Name | Address | Email | Phone,True,Contact Information,False,,ambiguous,True,yes,4976,standard,,False,False,0,0,0,0,0,0,3.821,False,False,True,,True,likely_no,no,5012,False,likely_non_responsive,True,,9988
CNG_Data2k_variance/files/Q00897.01-0000044990.PDF,Q00897.01-0000044990.PDF,.pdf,91342,ok,True,False,text,False,2,0,2,False,0,False,0-10,Name | Phone | Bank/Account Number | Money/Amount,True,Contact Information | Financial Account Information,False,,ambiguous,True,no,4164,likely_non_responsive,"img_ocr:p1,p1(2/2,+339chars)",False,False,0,2,2,2,0,2,10.31,True,False,False,stage1_nr,False,,,0,False,,False,,4164
CNG_Data2k_variance/files/Q00897.01-0000404227.0001.XLSX,Q00897.01-0000404227.0001.XLSX,.xlsx,11404,ok,True,True,text,True,1,0,0,False,0,False,0-10,Money/Amount,False,Financial Account Information,False,,ambiguous,True,no,7711,structured_unreadable,bde_llm_count,False,False,0,0,0,0,0,0,4.249,False,False,True,,True,clear_no,no,4319,False,likely_non_responsive,True,,12030
CNG_Data2k_variance/files/Q00897.01-0000812503.MSG,Q00897.01-0000812503.MSG,.msg,119296,ok,True,False,text,False,0,0,2,False,0,False,0-10,Name | Email | Phone | Card/Transaction | Money/Amount,True,Contact Information | Financial Account Information,False,,ambiguous,True,yes,3965,standard,,False,False,0,0,0,0,0,0,2.85,False,False,True,,True,likely_yes,yes,3999,False,standard,False,,7964
CNG_Data2k_variance/files/Q00897.01-0000907336.PDF,Q00897.01-0000907336.PDF,.pdf,24276,ok,True,False,text,False,6,0,1,False,0,False,0-10,Name | Address | Phone,True,Contact Information,False,,ambiguous,True,yes,6523,standard,,False,False,0,0,0,0,0,0,3.208,False,False,True,,True,likely_no,no,6616,False,likely_non_responsive,True,,13139
CNG_Data2k_variance/files/Q00897.01-0000835633.MSG,Q00897.01-0000835633.MSG,.msg,990208,ok,True,False,text,False,0,3,10,False,4,False,0-10,Name | Address | Email | Phone | Money/Amount | Health,True,Contact Information | Financial Account Information | Health-Related Information,False,,ambiguous,True,no,8942,likely_non_responsive,bde_llm_count,False,False,0,0,0,0,0,0,5.141,True,False,False,stage1_nr,False,,,0,False,,False,,8942
CNG_Data2k_variance/files/Q00897.01-0000004333.PDF,Q00897.01-0000004333.PDF,.pdf,187489,ok,True,True,text,True,2,0,10,False,2,False,0-10,Name | Address | Phone | Money/Amount,True,Contact Information | Financial Account Information,False,,ambiguous,True,yes,10344,standard,bde_llm_count,True,True,2,0,0,0,0,1,10.458,False,False,True,,True,clear_yes,yes,5595,False,standard,False,,15939
CNG_Data2k_variance/files/Q00897.01-0000901445.PDF,Q00897.01-0000901445.PDF,.pdf,18941,ok,True,False,text,False,3,0,1,False,0,False,0-10,Name | Address | Phone | Money/Amount,True,Contact Information | Financial Account Information,False,,ambiguous,True,yes,5703,standard,,False,False,0,0,0,0,0,0,3.429,False,False,True,,True,likely_yes,yes,5791,False,standard,False,,11494
CNG_Data2k_variance\files\Q00897.01-0000851670.XLS,Q00897.01-0000851670.XLS,.xls,22499,ok,True,True,text,True,1,0,66,False,0,False,50-100,Money/Amount,False,Financial Account Information,False,,ambiguous,True,no,7266,likely_non_responsive,roster_by_rowcount bde_llm_count,False,False,0,0,0,0,0,0,2.662,True,False,False,stage1_nr,False,,,0,False,,False,,7266
CNG_Data2k_variance/files/Q00897.01-0000527375.0001.PDF,Q00897.01-0000527375.0001.PDF,.pdf,22579,ok,True,False,text,False,1,0,1,False,0,False,0-10,Money/Amount,False,Financial Account Information,False,,clear_non_responsive,False,,0,likely_non_responsive,,False,False,0,0,0,0,0,0,0.035,True,False,False,stage1_nr,False,,,0,False,,False,,0
CNG_Data2k_variance/files/Q00897.01-0000775040.MSG,Q00897.01-0000775040.MSG,.msg,77824,ok,True,False,text,False,0,2,8,False,4,False,0-10,Name | Address | Email | Phone,True,Contact Information,False,,ambiguous,True,yes,10436,standard,bde_llm_count,False,False,0,0,0,0,0,0,5.282,False,False,True,,True,likely_no,no,5691,False,likely_non_responsive,True,,16127
CNG_Data2k_variance/files/Q00897.01-0000521747.MSG,Q00897.01-0000521747.MSG,.msg,128512,ok,True,False,text,False,0,0,1,False,0,False,0-10,Name | Address,True,Contact Information,False,,ambiguous,True,yes,4983,standard,,False,False,0,0,0,0,0,0,2.749,False,False,True,,True,borderline,no,5051,False,likely_non_responsive,True,,10034
CNG_Data2k_variance/files/Q00897.01-0000092479.PDF,Q00897.01-0000092479.PDF,.pdf,110057,ok,True,True,text,True,2,0,16,False,1,False,10-20,Name | Address | Phone | Money/Amount,True,Contact Information | Financial Account Information,False,,ambiguous,True,no,7756,likely_non_responsive,bde_llm_count,True,True,2,0,0,0,0,1,9.481,True,False,False,stage1_nr,False,,,0,False,,False,,7756
CNG_Data2k_variance/files/Q00897.01-0000843049.MSG,Q00897.01-0000843049.MSG,.msg,475648,ok,True,False,text,False,0,1,1,False,0,False,0-10,Name | Address | Email | Phone,True,Contact Information,False,,ambiguous,True,no,3776,likely_non_responsive,,False,False,0,0,0,0,0,0,1.649,True,False,False,stage1_nr,False,,,0,False,,False,,3776
CNG_Data2k_variance/files/Q00897.01-0000640174.0002.PDF,Q00897.01-0000640174.0002.PDF,.pdf,2908290,ok,True,True,text,True,15,0,112,False,0,False,100+,Email | Phone | Money/Amount | Health,True,Contact Information | Financial Account Information | Health-Related Information,False,,ambiguous,True,no,19854,likely_non_responsive,bde_llm_count,True,True,15,0,0,0,0,1,12.484,True,False,False,stage1_nr,False,,,0,False,,False,,19854
CNG_Data2k_variance/files/Q00897.01-0000530717.0001.PDF,Q00897.01-0000530717.0001.PDF,.pdf,22566,ok,True,False,text,False,1,0,1,False,0,False,0-10,Money/Amount,False,Financial Account Information,False,,clear_non_responsive,False,,0,likely_non_responsive,,False,False,0,0,0,0,0,0,0.022,True,False,False,stage1_nr,False,,,0,False,,False,,0
CNG_Data2k_variance/files/Q00897.01-0000466099.0002.PDF,Q00897.01-0000466099.0002.PDF,.pdf,10660812,ok,True,False,text,False,15,0,1,False,0,False,0-10,Address | Money/Amount | Work-Related,True,Contact Information | Financial Account Information | Work-Related Information,False,,ambiguous,True,no,8753,likely_non_responsive,,True,True,15,0,0,0,0,1,9.831,True,False,False,stage1_nr,False,,,0,False,,False,,8753
CNG_Data2k_variance/files/Q00897.01-0000672520.MSG,Q00897.01-0000672520.MSG,.msg,130048,ok,True,False,text,False,0,1,1,False,0,False,0-10,Name | Money/Amount,True,Financial Account Information,False,,ambiguous,True,no,3831,likely_non_responsive,,False,False,0,0,0,0,0,0,1.189,True,False,False,stage1_nr,False,,,0,False,,False,,3831
CNG_Data2k_variance/files/Q00897.01-0000892153.PDF,Q00897.01-0000892153.PDF,.pdf,42518,ok,True,False,text,False,6,0,6,False,0,False,0-10,Name | Address,True,Contact Information,False,,ambiguous,True,yes,8684,standard,,False,False,0,0,0,0,0,0,4.462,False,False,True,,True,likely_yes,yes,8741,False,standard,False,,17425
